# Pathway	14_S52_L002_R1_001_Abundance
UNMAPPED	1173853.8256125145
UNINTEGRATED	1427051.0809778010
UNINTEGRATED|unclassified	322023.1475428882
UNINTEGRATED|g__Prevotella.s__Prevotella_copri	159992.6154519673
UNINTEGRATED|g__Faecalibacterium.s__Faecalibacterium_prausnitzii	72443.1090162709
UNINTEGRATED|g__Prevotella.s__Prevotella_sp_CAG_520	56841.7543815996
UNINTEGRATED|g__Prevotella.s__Prevotella_sp_AM42_24	56765.5930869891
UNINTEGRATED|g__Coprococcus.s__Coprococcus_comes	44371.0030451254
UNINTEGRATED|g__Dorea.s__Dorea_longicatena	40937.5554860034
UNINTEGRATED|g__Blautia.s__Blautia_obeum	35470.2028692901
UNINTEGRATED|g__Collinsella.s__Collinsella_aerofaciens	29383.5876882112
UNINTEGRATED|g__Lachnospiraceae_unclassified.s__Eubacterium_rectale	26508.8947586122
UNINTEGRATED|g__Prevotella.s__Prevotella_sp_CAG_5226	25746.8172248452
UNINTEGRATED|g__Catenibacterium.s__Catenibacterium_mitsuokai	24165.4832701276
UNINTEGRATED|g__Blautia.s__Ruminococcus_torques	22284.3675936248
UNINTEGRATED|g__Dialister.s__Dialister_sp_CAG_486	21919.6036610207
UNINTEGRATED|g__Clostridium.s__Clostridium_sp_CAG_628	21684.7780346564
UNINTEGRATED|g__Gemmiger.s__Gemmiger_formicilis	21535.7232291153
UNINTEGRATED|g__Eubacterium.s__Eubacterium_hallii	21019.3621449959
UNINTEGRATED|g__Roseburia.s__Roseburia_intestinalis	20356.4849118376
UNINTEGRATED|g__Ruminococcus.s__Ruminococcus_bromii	18939.4616347767
UNINTEGRATED|g__Alistipes.s__Alistipes_sp_CAG_435	18329.9571317288
UNINTEGRATED|g__Blautia.s__Blautia_wexlerae	17836.5812357215
UNINTEGRATED|g__Dorea.s__Dorea_formicigenerans	17245.6256848810
UNINTEGRATED|g__Holdemanella.s__Holdemanella_biformis	15319.1081513629
UNINTEGRATED|g__Clostridium.s__Clostridium_sp_CAG_632	14874.1341800286
UNINTEGRATED|g__Clostridium.s__Clostridium_sp_CAG_510	14668.3576593373
UNINTEGRATED|g__Prevotella.s__Prevotella_sp_CAG_386	14195.6142657615
UNINTEGRATED|g__Bifidobacterium.s__Bifidobacterium_pseudocatenulatum	13776.1591430828
UNINTEGRATED|g__Prevotella.s__Prevotella_sp_CAG_1092	12542.5551725944
UNINTEGRATED|g__Prevotella.s__Prevotella_sp_CAG_279	11771.8996371465
UNINTEGRATED|g__Prevotella.s__Prevotella_sp_885	10897.4757567054
UNINTEGRATED|g__Roseburia.s__Roseburia_hominis	9797.6194280187
UNINTEGRATED|g__Sutterella.s__Sutterella_sp_CAG_397	8679.9693223270
UNINTEGRATED|g__Roseburia.s__Roseburia_faecis	8617.5178198944
UNINTEGRATED|g__Fusicatenibacter.s__Fusicatenibacter_saccharivorans	8210.9904113453
UNINTEGRATED|g__Agathobaculum.s__Agathobaculum_butyriciproducens	7855.3595298232
UNINTEGRATED|g__Bacteroides.s__Bacteroides_sp_CAG_545	7789.3113740486
UNINTEGRATED|g__Firmicutes_unclassified.s__Firmicutes_bacterium_CAG_129	6839.0695549934
UNINTEGRATED|g__Firmicutes_unclassified.s__Firmicutes_bacterium_CAG_65_45_313	6479.4395238682
UNINTEGRATED|g__Ruminococcus.s__Ruminococcus_bicirculans	6311.1541830385
UNINTEGRATED|g__Alistipes.s__Alistipes_sp_CAG_514	6041.8764149034
UNINTEGRATED|g__Oscillibacter.s__Oscillibacter_sp_CAG_241	5722.8194708257
UNINTEGRATED|g__Coprococcus.s__Coprococcus_catus	5713.3834418527
UNINTEGRATED|g__Roseburia.s__Roseburia_sp_CAG_471	5652.7347986382
UNINTEGRATED|g__Phascolarctobacterium.s__Phascolarctobacterium_succinatutens	5338.1979866977
UNINTEGRATED|g__Eubacterium.s__Eubacterium_eligens	5123.4933644858
UNINTEGRATED|g__Oscillibacter.s__Oscillibacter_sp_57_20	5081.4872684470
UNINTEGRATED|g__Eggerthella.s__Eggerthella_sp_CAG_209	4896.3123299492
UNINTEGRATED|g__Blautia.s__Blautia_sp	4072.8691059118
UNINTEGRATED|g__Prevotella.s__Prevotella_stercorea	3934.6601473602
UNINTEGRATED|g__Firmicutes_unclassified.s__Firmicutes_bacterium_CAG_194	3845.1549515316
UNINTEGRATED|g__Bacteroides.s__Bacteroides_sp_CAG_770	3807.3502109678
UNINTEGRATED|g__Firmicutes_unclassified.s__Firmicutes_bacterium_CAG_124	3484.8386360245
UNINTEGRATED|g__Bacteroides.s__Bacteroides_sp_CAG_709	3089.6536410653
UNINTEGRATED|g__Firmicutes_unclassified.s__Firmicutes_bacterium_CAG_102	2935.1442222445
UNINTEGRATED|g__Subdoligranulum.s__Subdoligranulum_sp_APC924_74	2894.4666050604
UNINTEGRATED|g__Desulfovibrio.s__Desulfovibrio_piger	2680.0463568115
UNINTEGRATED|g__Ruminococcus.s__Ruminococcus_sp_CAG_488	2514.9200363394
UNINTEGRATED|g__Anaerostipes.s__Anaerostipes_hadrus	2396.3767886408
UNINTEGRATED|g__Clostridium.s__Clostridium_sp_CAG_269	2386.8326947459
UNINTEGRATED|g__Firmicutes_unclassified.s__Firmicutes_bacterium_AM10_47	2345.8225362566
UNINTEGRATED|g__Firmicutes_unclassified.s__Firmicutes_bacterium_CAG_83	1779.7858145076
UNINTEGRATED|g__Eubacterium.s__Eubacterium_sp_CAG_251	1764.9404753572
UNINTEGRATED|g__Firmicutes_unclassified.s__Firmicutes_bacterium_CAG_95	1450.1469644918
UNINTEGRATED|g__Bilophila.s__Bilophila_wadsworthia	1160.5753623490
UNINTEGRATED|g__Roseburia.s__Roseburia_sp_CAG_197	604.1323098689
PWY-1042: glycolysis IV	1643.8409271620
PWY-1042: glycolysis IV|unclassified	287.0263880740
PWY-1042: glycolysis IV|g__Prevotella.s__Prevotella_copri	131.0704768414
PWY-1042: glycolysis IV|g__Faecalibacterium.s__Faecalibacterium_prausnitzii	77.4458223625
PWY-1042: glycolysis IV|g__Prevotella.s__Prevotella_sp_AM42_24	65.3334816863
PWY-1042: glycolysis IV|g__Collinsella.s__Collinsella_aerofaciens	48.2080231665
PWY-1042: glycolysis IV|g__Dorea.s__Dorea_longicatena	48.1122406194
PWY-1042: glycolysis IV|g__Coprococcus.s__Coprococcus_comes	34.8757773540
PWY-1042: glycolysis IV|g__Blautia.s__Blautia_wexlerae	34.7669525120
PWY-1042: glycolysis IV|g__Blautia.s__Ruminococcus_torques	30.5860758507
PWY-1042: glycolysis IV|g__Catenibacterium.s__Catenibacterium_mitsuokai	25.3863252795
PWY-1042: glycolysis IV|g__Roseburia.s__Roseburia_hominis	25.3185007779
PWY-1042: glycolysis IV|g__Clostridium.s__Clostridium_sp_CAG_632	22.3208280048
PWY-1042: glycolysis IV|g__Blautia.s__Blautia_obeum	22.1605169533
PWY-1042: glycolysis IV|g__Eubacterium.s__Eubacterium_hallii	21.1842985151
PWY-1042: glycolysis IV|g__Lachnospiraceae_unclassified.s__Eubacterium_rectale	18.6376513769
PWY-1042: glycolysis IV|g__Blautia.s__Blautia_sp	12.8521519141
PWY-1042: glycolysis IV|g__Ruminococcus.s__Ruminococcus_bicirculans	12.0143155293
PWY-1042: glycolysis IV|g__Roseburia.s__Roseburia_faecis	11.5674747723
PWY-6122: 5-aminoimidazole ribonucleotide biosynthesis II	1505.8825691065
PWY-6122: 5-aminoimidazole ribonucleotide biosynthesis II|unclassified	255.2266990016
PWY-6122: 5-aminoimidazole ribonucleotide biosynthesis II|g__Prevotella.s__Prevotella_copri	137.1775295183
PWY-6122: 5-aminoimidazole ribonucleotide biosynthesis II|g__Prevotella.s__Prevotella_sp_AM42_24	67.4585094133
PWY-6122: 5-aminoimidazole ribonucleotide biosynthesis II|g__Prevotella.s__Prevotella_sp_CAG_520	65.9822191859
PWY-6122: 5-aminoimidazole ribonucleotide biosynthesis II|g__Faecalibacterium.s__Faecalibacterium_prausnitzii	64.1885235310
PWY-6122: 5-aminoimidazole ribonucleotide biosynthesis II|g__Collinsella.s__Collinsella_aerofaciens	62.4233268668
PWY-6122: 5-aminoimidazole ribonucleotide biosynthesis II|g__Dorea.s__Dorea_longicatena	47.4177919802
PWY-6122: 5-aminoimidazole ribonucleotide biosynthesis II|g__Alistipes.s__Alistipes_sp_CAG_435	41.5399251870
PWY-6122: 5-aminoimidazole ribonucleotide biosynthesis II|g__Dialister.s__Dialister_sp_CAG_486	39.6256794177
PWY-6122: 5-aminoimidazole ribonucleotide biosynthesis II|g__Holdemanella.s__Holdemanella_biformis	36.3845533019
PWY-6122: 5-aminoimidazole ribonucleotide biosynthesis II|g__Gemmiger.s__Gemmiger_formicilis	35.1717991371
PWY-6122: 5-aminoimidazole ribonucleotide biosynthesis II|g__Coprococcus.s__Coprococcus_comes	35.0377516978
PWY-6122: 5-aminoimidazole ribonucleotide biosynthesis II|g__Prevotella.s__Prevotella_sp_CAG_5226	33.7365108491
PWY-6122: 5-aminoimidazole ribonucleotide biosynthesis II|g__Ruminococcus.s__Ruminococcus_bromii	32.9111711017
PWY-6122: 5-aminoimidazole ribonucleotide biosynthesis II|g__Blautia.s__Blautia_obeum	30.0626968550
PWY-6122: 5-aminoimidazole ribonucleotide biosynthesis II|g__Catenibacterium.s__Catenibacterium_mitsuokai	21.9296263830
PWY-6122: 5-aminoimidazole ribonucleotide biosynthesis II|g__Blautia.s__Ruminococcus_torques	21.2526493697
PWY-6122: 5-aminoimidazole ribonucleotide biosynthesis II|g__Clostridium.s__Clostridium_sp_CAG_510	20.7353217327
PWY-6122: 5-aminoimidazole ribonucleotide biosynthesis II|g__Prevotella.s__Prevotella_sp_CAG_1092	20.1162405102
PWY-6122: 5-aminoimidazole ribonucleotide biosynthesis II|g__Clostridium.s__Clostridium_sp_CAG_632	19.6679346884
PWY-6122: 5-aminoimidazole ribonucleotide biosynthesis II|g__Roseburia.s__Roseburia_hominis	17.3672295258
PWY-6122: 5-aminoimidazole ribonucleotide biosynthesis II|g__Blautia.s__Blautia_wexlerae	16.7626006341
PWY-6122: 5-aminoimidazole ribonucleotide biosynthesis II|g__Prevotella.s__Prevotella_sp_CAG_279	15.4784321177
PWY-6122: 5-aminoimidazole ribonucleotide biosynthesis II|g__Bifidobacterium.s__Bifidobacterium_pseudocatenulatum	14.9622603700
PWY-6122: 5-aminoimidazole ribonucleotide biosynthesis II|g__Sutterella.s__Sutterella_sp_CAG_397	13.6219325498
PWY-6122: 5-aminoimidazole ribonucleotide biosynthesis II|g__Eubacterium.s__Eubacterium_hallii	13.0955873253
PWY-6122: 5-aminoimidazole ribonucleotide biosynthesis II|g__Lachnospiraceae_unclassified.s__Eubacterium_rectale	12.2162606073
PWY-6122: 5-aminoimidazole ribonucleotide biosynthesis II|g__Firmicutes_unclassified.s__Firmicutes_bacterium_CAG_65_45_313	11.9626843564
PWY-6122: 5-aminoimidazole ribonucleotide biosynthesis II|g__Agathobaculum.s__Agathobaculum_butyriciproducens	10.5834105040
PWY-6122: 5-aminoimidazole ribonucleotide biosynthesis II|g__Dorea.s__Dorea_formicigenerans	10.3768625300
PWY-6122: 5-aminoimidazole ribonucleotide biosynthesis II|g__Phascolarctobacterium.s__Phascolarctobacterium_succinatutens	9.3278231475
PWY-6122: 5-aminoimidazole ribonucleotide biosynthesis II|g__Roseburia.s__Roseburia_intestinalis	9.2559072465
PWY-6122: 5-aminoimidazole ribonucleotide biosynthesis II|g__Roseburia.s__Roseburia_sp_CAG_471	8.8336498980
PWY-6122: 5-aminoimidazole ribonucleotide biosynthesis II|g__Eggerthella.s__Eggerthella_sp_CAG_209	7.8126467219
PWY-6122: 5-aminoimidazole ribonucleotide biosynthesis II|g__Roseburia.s__Roseburia_faecis	7.7422922715
PWY-6122: 5-aminoimidazole ribonucleotide biosynthesis II|g__Blautia.s__Blautia_sp	7.3398156392
PWY-6122: 5-aminoimidazole ribonucleotide biosynthesis II|g__Fusicatenibacter.s__Fusicatenibacter_saccharivorans	7.1313354275
PWY-6122: 5-aminoimidazole ribonucleotide biosynthesis II|g__Oscillibacter.s__Oscillibacter_sp_57_20	7.0590516823
PWY-6122: 5-aminoimidazole ribonucleotide biosynthesis II|g__Eubacterium.s__Eubacterium_eligens	5.2720451715
PWY-6277: superpathway of 5-aminoimidazole ribonucleotide biosynthesis	1505.8825691065
PWY-6277: superpathway of 5-aminoimidazole ribonucleotide biosynthesis|unclassified	255.2266990016
PWY-6277: superpathway of 5-aminoimidazole ribonucleotide biosynthesis|g__Prevotella.s__Prevotella_copri	137.1775295183
PWY-6277: superpathway of 5-aminoimidazole ribonucleotide biosynthesis|g__Prevotella.s__Prevotella_sp_AM42_24	67.4585094133
PWY-6277: superpathway of 5-aminoimidazole ribonucleotide biosynthesis|g__Prevotella.s__Prevotella_sp_CAG_520	65.9822191859
PWY-6277: superpathway of 5-aminoimidazole ribonucleotide biosynthesis|g__Faecalibacterium.s__Faecalibacterium_prausnitzii	64.1885235310
PWY-6277: superpathway of 5-aminoimidazole ribonucleotide biosynthesis|g__Collinsella.s__Collinsella_aerofaciens	62.4233268668
PWY-6277: superpathway of 5-aminoimidazole ribonucleotide biosynthesis|g__Dorea.s__Dorea_longicatena	47.4177919802
PWY-6277: superpathway of 5-aminoimidazole ribonucleotide biosynthesis|g__Alistipes.s__Alistipes_sp_CAG_435	41.5399251870
PWY-6277: superpathway of 5-aminoimidazole ribonucleotide biosynthesis|g__Dialister.s__Dialister_sp_CAG_486	39.6256794177
PWY-6277: superpathway of 5-aminoimidazole ribonucleotide biosynthesis|g__Holdemanella.s__Holdemanella_biformis	36.3845533019
PWY-6277: superpathway of 5-aminoimidazole ribonucleotide biosynthesis|g__Gemmiger.s__Gemmiger_formicilis	35.1717991371
PWY-6277: superpathway of 5-aminoimidazole ribonucleotide biosynthesis|g__Coprococcus.s__Coprococcus_comes	35.0377516978
PWY-6277: superpathway of 5-aminoimidazole ribonucleotide biosynthesis|g__Prevotella.s__Prevotella_sp_CAG_5226	33.7365108491
PWY-6277: superpathway of 5-aminoimidazole ribonucleotide biosynthesis|g__Ruminococcus.s__Ruminococcus_bromii	32.9111711017
PWY-6277: superpathway of 5-aminoimidazole ribonucleotide biosynthesis|g__Blautia.s__Blautia_obeum	30.0626968550
PWY-6277: superpathway of 5-aminoimidazole ribonucleotide biosynthesis|g__Catenibacterium.s__Catenibacterium_mitsuokai	21.9296263830
PWY-6277: superpathway of 5-aminoimidazole ribonucleotide biosynthesis|g__Blautia.s__Ruminococcus_torques	21.2526493697
PWY-6277: superpathway of 5-aminoimidazole ribonucleotide biosynthesis|g__Clostridium.s__Clostridium_sp_CAG_510	20.7353217327
PWY-6277: superpathway of 5-aminoimidazole ribonucleotide biosynthesis|g__Prevotella.s__Prevotella_sp_CAG_1092	20.1162405102
PWY-6277: superpathway of 5-aminoimidazole ribonucleotide biosynthesis|g__Clostridium.s__Clostridium_sp_CAG_632	19.6679346884
PWY-6277: superpathway of 5-aminoimidazole ribonucleotide biosynthesis|g__Roseburia.s__Roseburia_hominis	17.3672295258
PWY-6277: superpathway of 5-aminoimidazole ribonucleotide biosynthesis|g__Blautia.s__Blautia_wexlerae	16.7626006341
PWY-6277: superpathway of 5-aminoimidazole ribonucleotide biosynthesis|g__Prevotella.s__Prevotella_sp_CAG_279	15.4784321177
PWY-6277: superpathway of 5-aminoimidazole ribonucleotide biosynthesis|g__Bifidobacterium.s__Bifidobacterium_pseudocatenulatum	14.9622603700
PWY-6277: superpathway of 5-aminoimidazole ribonucleotide biosynthesis|g__Sutterella.s__Sutterella_sp_CAG_397	13.6219325498
PWY-6277: superpathway of 5-aminoimidazole ribonucleotide biosynthesis|g__Eubacterium.s__Eubacterium_hallii	13.0955873253
PWY-6277: superpathway of 5-aminoimidazole ribonucleotide biosynthesis|g__Lachnospiraceae_unclassified.s__Eubacterium_rectale	12.2162606073
PWY-6277: superpathway of 5-aminoimidazole ribonucleotide biosynthesis|g__Firmicutes_unclassified.s__Firmicutes_bacterium_CAG_65_45_313	11.9626843564
PWY-6277: superpathway of 5-aminoimidazole ribonucleotide biosynthesis|g__Agathobaculum.s__Agathobaculum_butyriciproducens	10.5834105040
PWY-6277: superpathway of 5-aminoimidazole ribonucleotide biosynthesis|g__Dorea.s__Dorea_formicigenerans	10.3768625300
PWY-6277: superpathway of 5-aminoimidazole ribonucleotide biosynthesis|g__Phascolarctobacterium.s__Phascolarctobacterium_succinatutens	9.3278231475
PWY-6277: superpathway of 5-aminoimidazole ribonucleotide biosynthesis|g__Roseburia.s__Roseburia_intestinalis	9.2559072465
PWY-6277: superpathway of 5-aminoimidazole ribonucleotide biosynthesis|g__Roseburia.s__Roseburia_sp_CAG_471	8.8336498980
PWY-6277: superpathway of 5-aminoimidazole ribonucleotide biosynthesis|g__Eggerthella.s__Eggerthella_sp_CAG_209	7.8126467219
PWY-6277: superpathway of 5-aminoimidazole ribonucleotide biosynthesis|g__Roseburia.s__Roseburia_faecis	7.7422922715
PWY-6277: superpathway of 5-aminoimidazole ribonucleotide biosynthesis|g__Blautia.s__Blautia_sp	7.3398156392
PWY-6277: superpathway of 5-aminoimidazole ribonucleotide biosynthesis|g__Fusicatenibacter.s__Fusicatenibacter_saccharivorans	7.1313354275
PWY-6277: superpathway of 5-aminoimidazole ribonucleotide biosynthesis|g__Oscillibacter.s__Oscillibacter_sp_57_20	7.0590516823
PWY-6277: superpathway of 5-aminoimidazole ribonucleotide biosynthesis|g__Eubacterium.s__Eubacterium_eligens	5.2720451715
PWY-7221: guanosine ribonucleotides de novo biosynthesis	1485.0562270344
PWY-7221: guanosine ribonucleotides de novo biosynthesis|unclassified	287.6697269265
PWY-7221: guanosine ribonucleotides de novo biosynthesis|g__Prevotella.s__Prevotella_copri	171.4401239351
PWY-7221: guanosine ribonucleotides de novo biosynthesis|g__Prevotella.s__Prevotella_sp_CAG_520	84.6834803745
PWY-7221: guanosine ribonucleotides de novo biosynthesis|g__Collinsella.s__Collinsella_aerofaciens	56.5308690629
PWY-7221: guanosine ribonucleotides de novo biosynthesis|g__Prevotella.s__Prevotella_sp_AM42_24	54.4101596189
PWY-7221: guanosine ribonucleotides de novo biosynthesis|g__Faecalibacterium.s__Faecalibacterium_prausnitzii	41.4201412253
PWY-7221: guanosine ribonucleotides de novo biosynthesis|g__Coprococcus.s__Coprococcus_comes	38.6144452588
PWY-7221: guanosine ribonucleotides de novo biosynthesis|g__Blautia.s__Ruminococcus_torques	35.0900950004
PWY-7221: guanosine ribonucleotides de novo biosynthesis|g__Dialister.s__Dialister_sp_CAG_486	34.1398890379
PWY-7221: guanosine ribonucleotides de novo biosynthesis|g__Ruminococcus.s__Ruminococcus_bromii	32.3979290776
PWY-7221: guanosine ribonucleotides de novo biosynthesis|g__Dorea.s__Dorea_longicatena	30.8272753735
PWY-7221: guanosine ribonucleotides de novo biosynthesis|g__Blautia.s__Blautia_wexlerae	30.1617085932
PWY-7221: guanosine ribonucleotides de novo biosynthesis|g__Prevotella.s__Prevotella_sp_CAG_5226	29.0803508326
PWY-7221: guanosine ribonucleotides de novo biosynthesis|g__Holdemanella.s__Holdemanella_biformis	21.7277322204
PWY-7221: guanosine ribonucleotides de novo biosynthesis|g__Prevotella.s__Prevotella_sp_CAG_1092	20.1644092049
PWY-7221: guanosine ribonucleotides de novo biosynthesis|g__Alistipes.s__Alistipes_sp_CAG_435	18.9015630139
PWY-7221: guanosine ribonucleotides de novo biosynthesis|g__Prevotella.s__Prevotella_sp_CAG_386	17.0921441876
PWY-7221: guanosine ribonucleotides de novo biosynthesis|g__Sutterella.s__Sutterella_sp_CAG_397	16.5778567200
PWY-7221: guanosine ribonucleotides de novo biosynthesis|g__Prevotella.s__Prevotella_sp_CAG_279	16.1482704835
PWY-7221: guanosine ribonucleotides de novo biosynthesis|g__Eubacterium.s__Eubacterium_hallii	15.8201261696
PWY-7221: guanosine ribonucleotides de novo biosynthesis|g__Clostridium.s__Clostridium_sp_CAG_510	15.4539563043
PWY-7221: guanosine ribonucleotides de novo biosynthesis|g__Roseburia.s__Roseburia_hominis	15.4536021633
PWY-7221: guanosine ribonucleotides de novo biosynthesis|g__Catenibacterium.s__Catenibacterium_mitsuokai	15.2709917552
PWY-7221: guanosine ribonucleotides de novo biosynthesis|g__Clostridium.s__Clostridium_sp_CAG_632	15.1254896630
PWY-7221: guanosine ribonucleotides de novo biosynthesis|g__Dorea.s__Dorea_formicigenerans	14.2701181845
PWY-7221: guanosine ribonucleotides de novo biosynthesis|g__Bacteroides.s__Bacteroides_sp_CAG_545	13.6055005095
PWY-7221: guanosine ribonucleotides de novo biosynthesis|g__Roseburia.s__Roseburia_intestinalis	12.8450417185
PWY-7221: guanosine ribonucleotides de novo biosynthesis|g__Bifidobacterium.s__Bifidobacterium_pseudocatenulatum	11.6782335319
PWY-7221: guanosine ribonucleotides de novo biosynthesis|g__Firmicutes_unclassified.s__Firmicutes_bacterium_CAG_65_45_313	10.4343216645
PWY-7221: guanosine ribonucleotides de novo biosynthesis|g__Fusicatenibacter.s__Fusicatenibacter_saccharivorans	8.3134157747
PWY-7221: guanosine ribonucleotides de novo biosynthesis|g__Bacteroides.s__Bacteroides_sp_CAG_770	8.0126016371
PWY-7221: guanosine ribonucleotides de novo biosynthesis|g__Blautia.s__Blautia_obeum	7.6812072498
PWY-7221: guanosine ribonucleotides de novo biosynthesis|g__Ruminococcus.s__Ruminococcus_bicirculans	7.1255884973
PWY-7221: guanosine ribonucleotides de novo biosynthesis|g__Prevotella.s__Prevotella_sp_885	6.9493278180
PWY-7221: guanosine ribonucleotides de novo biosynthesis|g__Alistipes.s__Alistipes_sp_CAG_514	6.4608758076
PWY-7221: guanosine ribonucleotides de novo biosynthesis|g__Blautia.s__Blautia_sp	6.1481063044
PWY-7221: guanosine ribonucleotides de novo biosynthesis|g__Prevotella.s__Prevotella_stercorea	4.0868770996
PWY-7221: guanosine ribonucleotides de novo biosynthesis|g__Lachnospiraceae_unclassified.s__Eubacterium_rectale	3.0058537322
PWY-5686: UMP biosynthesis I	1481.8969982684
PWY-5686: UMP biosynthesis I|unclassified	241.1526416165
PWY-5686: UMP biosynthesis I|g__Prevotella.s__Prevotella_copri	135.7960808783
PWY-5686: UMP biosynthesis I|g__Faecalibacterium.s__Faecalibacterium_prausnitzii	85.0213996778
PWY-5686: UMP biosynthesis I|g__Prevotella.s__Prevotella_sp_CAG_520	77.4021529552
PWY-5686: UMP biosynthesis I|g__Prevotella.s__Prevotella_sp_AM42_24	61.0517085545
PWY-5686: UMP biosynthesis I|g__Gemmiger.s__Gemmiger_formicilis	46.9858419547
PWY-5686: UMP biosynthesis I|g__Collinsella.s__Collinsella_aerofaciens	42.5451330707
PWY-5686: UMP biosynthesis I|g__Holdemanella.s__Holdemanella_biformis	36.1146020475
PWY-5686: UMP biosynthesis I|g__Dorea.s__Dorea_longicatena	33.6974519354
PWY-5686: UMP biosynthesis I|g__Dialister.s__Dialister_sp_CAG_486	33.0476621831
PWY-5686: UMP biosynthesis I|g__Coprococcus.s__Coprococcus_comes	30.5385701118
PWY-5686: UMP biosynthesis I|g__Prevotella.s__Prevotella_sp_CAG_5226	29.3066810985
PWY-5686: UMP biosynthesis I|g__Alistipes.s__Alistipes_sp_CAG_435	26.5227126828
PWY-5686: UMP biosynthesis I|g__Blautia.s__Blautia_wexlerae	23.8235093982
PWY-5686: UMP biosynthesis I|g__Catenibacterium.s__Catenibacterium_mitsuokai	23.0863279078
PWY-5686: UMP biosynthesis I|g__Clostridium.s__Clostridium_sp_CAG_510	20.7402427877
PWY-5686: UMP biosynthesis I|g__Lachnospiraceae_unclassified.s__Eubacterium_rectale	20.4684236203
PWY-5686: UMP biosynthesis I|g__Prevotella.s__Prevotella_sp_CAG_279	16.6733361539
PWY-5686: UMP biosynthesis I|g__Prevotella.s__Prevotella_sp_CAG_386	16.2144786028
PWY-5686: UMP biosynthesis I|g__Blautia.s__Ruminococcus_torques	16.0966799378
PWY-5686: UMP biosynthesis I|g__Prevotella.s__Prevotella_sp_CAG_1092	15.0564894331
PWY-5686: UMP biosynthesis I|g__Bifidobacterium.s__Bifidobacterium_pseudocatenulatum	14.4433445704
PWY-5686: UMP biosynthesis I|g__Bacteroides.s__Bacteroides_sp_CAG_545	10.7795469835
PWY-5686: UMP biosynthesis I|g__Roseburia.s__Roseburia_intestinalis	9.8466113918
PWY-5686: UMP biosynthesis I|g__Alistipes.s__Alistipes_sp_CAG_514	7.9552893402
PWY-5686: UMP biosynthesis I|g__Eggerthella.s__Eggerthella_sp_CAG_209	5.9820538385
PWY-5686: UMP biosynthesis I|g__Blautia.s__Blautia_obeum	4.6842691306
PWY-7790: UMP biosynthesis II	1481.8969982684
PWY-7790: UMP biosynthesis II|unclassified	241.1526416165
PWY-7790: UMP biosynthesis II|g__Prevotella.s__Prevotella_copri	135.7960808783
PWY-7790: UMP biosynthesis II|g__Faecalibacterium.s__Faecalibacterium_prausnitzii	85.0213996778
PWY-7790: UMP biosynthesis II|g__Prevotella.s__Prevotella_sp_CAG_520	77.4021529552
PWY-7790: UMP biosynthesis II|g__Prevotella.s__Prevotella_sp_AM42_24	61.0517085545
PWY-7790: UMP biosynthesis II|g__Gemmiger.s__Gemmiger_formicilis	46.9858419547
PWY-7790: UMP biosynthesis II|g__Collinsella.s__Collinsella_aerofaciens	42.5451330707
PWY-7790: UMP biosynthesis II|g__Holdemanella.s__Holdemanella_biformis	36.1146020475
PWY-7790: UMP biosynthesis II|g__Dorea.s__Dorea_longicatena	33.6974519354
PWY-7790: UMP biosynthesis II|g__Dialister.s__Dialister_sp_CAG_486	33.0476621831
PWY-7790: UMP biosynthesis II|g__Coprococcus.s__Coprococcus_comes	30.5385701118
PWY-7790: UMP biosynthesis II|g__Prevotella.s__Prevotella_sp_CAG_5226	29.3066810985
PWY-7790: UMP biosynthesis II|g__Alistipes.s__Alistipes_sp_CAG_435	26.2740548585
PWY-7790: UMP biosynthesis II|g__Blautia.s__Blautia_wexlerae	23.8235093982
PWY-7790: UMP biosynthesis II|g__Catenibacterium.s__Catenibacterium_mitsuokai	23.0863279078
PWY-7790: UMP biosynthesis II|g__Clostridium.s__Clostridium_sp_CAG_510	20.7402427877
PWY-7790: UMP biosynthesis II|g__Lachnospiraceae_unclassified.s__Eubacterium_rectale	20.4684236203
PWY-7790: UMP biosynthesis II|g__Prevotella.s__Prevotella_sp_CAG_279	16.6733361539
PWY-7790: UMP biosynthesis II|g__Prevotella.s__Prevotella_sp_CAG_386	16.2144786028
PWY-7790: UMP biosynthesis II|g__Blautia.s__Ruminococcus_torques	16.0966799378
PWY-7790: UMP biosynthesis II|g__Prevotella.s__Prevotella_sp_CAG_1092	15.0564894331
PWY-7790: UMP biosynthesis II|g__Bifidobacterium.s__Bifidobacterium_pseudocatenulatum	13.3957886201
PWY-7790: UMP biosynthesis II|g__Roseburia.s__Roseburia_intestinalis	9.8466113918
PWY-7790: UMP biosynthesis II|g__Bacteroides.s__Bacteroides_sp_CAG_545	9.4190094131
PWY-7790: UMP biosynthesis II|g__Alistipes.s__Alistipes_sp_CAG_514	7.9552893402
PWY-7790: UMP biosynthesis II|g__Eggerthella.s__Eggerthella_sp_CAG_209	5.9820538385
PWY-7790: UMP biosynthesis II|g__Blautia.s__Blautia_obeum	4.6842691306
PWY-7791: UMP biosynthesis III	1481.8969982684
PWY-7791: UMP biosynthesis III|unclassified	241.1526416165
PWY-7791: UMP biosynthesis III|g__Prevotella.s__Prevotella_copri	135.7960808783
PWY-7791: UMP biosynthesis III|g__Faecalibacterium.s__Faecalibacterium_prausnitzii	85.0213996778
PWY-7791: UMP biosynthesis III|g__Prevotella.s__Prevotella_sp_CAG_520	77.4021529552
PWY-7791: UMP biosynthesis III|g__Prevotella.s__Prevotella_sp_AM42_24	61.0517085545
PWY-7791: UMP biosynthesis III|g__Gemmiger.s__Gemmiger_formicilis	46.9858419547
PWY-7791: UMP biosynthesis III|g__Collinsella.s__Collinsella_aerofaciens	42.5451330707
PWY-7791: UMP biosynthesis III|g__Holdemanella.s__Holdemanella_biformis	36.1146020475
PWY-7791: UMP biosynthesis III|g__Dorea.s__Dorea_longicatena	33.6974519354
PWY-7791: UMP biosynthesis III|g__Dialister.s__Dialister_sp_CAG_486	33.0476621831
PWY-7791: UMP biosynthesis III|g__Coprococcus.s__Coprococcus_comes	30.5385701118
PWY-7791: UMP biosynthesis III|g__Prevotella.s__Prevotella_sp_CAG_5226	29.3066810985
PWY-7791: UMP biosynthesis III|g__Alistipes.s__Alistipes_sp_CAG_435	26.2740548585
PWY-7791: UMP biosynthesis III|g__Blautia.s__Blautia_wexlerae	23.8235093982
PWY-7791: UMP biosynthesis III|g__Catenibacterium.s__Catenibacterium_mitsuokai	23.0863279078
PWY-7791: UMP biosynthesis III|g__Clostridium.s__Clostridium_sp_CAG_510	20.7402427877
PWY-7791: UMP biosynthesis III|g__Lachnospiraceae_unclassified.s__Eubacterium_rectale	20.4684236203
PWY-7791: UMP biosynthesis III|g__Prevotella.s__Prevotella_sp_CAG_279	16.6733361539
PWY-7791: UMP biosynthesis III|g__Prevotella.s__Prevotella_sp_CAG_386	16.2144786028
PWY-7791: UMP biosynthesis III|g__Blautia.s__Ruminococcus_torques	16.0966799378
PWY-7791: UMP biosynthesis III|g__Prevotella.s__Prevotella_sp_CAG_1092	15.0564894331
PWY-7791: UMP biosynthesis III|g__Bifidobacterium.s__Bifidobacterium_pseudocatenulatum	13.3957886201
PWY-7791: UMP biosynthesis III|g__Roseburia.s__Roseburia_intestinalis	9.8466113918
PWY-7791: UMP biosynthesis III|g__Bacteroides.s__Bacteroides_sp_CAG_545	9.4190094131
PWY-7791: UMP biosynthesis III|g__Alistipes.s__Alistipes_sp_CAG_514	7.9552893402
PWY-7791: UMP biosynthesis III|g__Eggerthella.s__Eggerthella_sp_CAG_209	5.9820538385
PWY-7791: UMP biosynthesis III|g__Blautia.s__Blautia_obeum	4.6842691306
PWY-6386: UDP-N-acetylmuramoyl-pentapeptide biosynthesis II (lysine-containing)	1445.4036920068
PWY-6386: UDP-N-acetylmuramoyl-pentapeptide biosynthesis II (lysine-containing)|unclassified	334.0308712158
PWY-6386: UDP-N-acetylmuramoyl-pentapeptide biosynthesis II (lysine-containing)|g__Prevotella.s__Prevotella_copri	99.0624085608
PWY-6386: UDP-N-acetylmuramoyl-pentapeptide biosynthesis II (lysine-containing)|g__Prevotella.s__Prevotella_sp_AM42_24	61.4206114148
PWY-6386: UDP-N-acetylmuramoyl-pentapeptide biosynthesis II (lysine-containing)|g__Faecalibacterium.s__Faecalibacterium_prausnitzii	58.4975137384
PWY-6386: UDP-N-acetylmuramoyl-pentapeptide biosynthesis II (lysine-containing)|g__Collinsella.s__Collinsella_aerofaciens	41.3779057140
PWY-6386: UDP-N-acetylmuramoyl-pentapeptide biosynthesis II (lysine-containing)|g__Dorea.s__Dorea_longicatena	34.1072956578
PWY-6386: UDP-N-acetylmuramoyl-pentapeptide biosynthesis II (lysine-containing)|g__Prevotella.s__Prevotella_sp_CAG_5226	31.4436683998
PWY-6386: UDP-N-acetylmuramoyl-pentapeptide biosynthesis II (lysine-containing)|g__Coprococcus.s__Coprococcus_comes	31.0457202818
PWY-6386: UDP-N-acetylmuramoyl-pentapeptide biosynthesis II (lysine-containing)|g__Gemmiger.s__Gemmiger_formicilis	24.1954950590
PWY-6386: UDP-N-acetylmuramoyl-pentapeptide biosynthesis II (lysine-containing)|g__Blautia.s__Blautia_obeum	24.1741822987
PWY-6386: UDP-N-acetylmuramoyl-pentapeptide biosynthesis II (lysine-containing)|g__Blautia.s__Blautia_wexlerae	19.5139521498
PWY-6386: UDP-N-acetylmuramoyl-pentapeptide biosynthesis II (lysine-containing)|g__Prevotella.s__Prevotella_sp_CAG_386	18.5298374551
PWY-6386: UDP-N-acetylmuramoyl-pentapeptide biosynthesis II (lysine-containing)|g__Blautia.s__Ruminococcus_torques	18.3944211293
PWY-6386: UDP-N-acetylmuramoyl-pentapeptide biosynthesis II (lysine-containing)|g__Prevotella.s__Prevotella_sp_CAG_1092	16.4720780004
PWY-6386: UDP-N-acetylmuramoyl-pentapeptide biosynthesis II (lysine-containing)|g__Clostridium.s__Clostridium_sp_CAG_510	16.0073273860
PWY-6386: UDP-N-acetylmuramoyl-pentapeptide biosynthesis II (lysine-containing)|g__Sutterella.s__Sutterella_sp_CAG_397	13.5874830459
PWY-6386: UDP-N-acetylmuramoyl-pentapeptide biosynthesis II (lysine-containing)|g__Holdemanella.s__Holdemanella_biformis	13.3703856689
PWY-6386: UDP-N-acetylmuramoyl-pentapeptide biosynthesis II (lysine-containing)|g__Lachnospiraceae_unclassified.s__Eubacterium_rectale	11.6705678869
PWY-6386: UDP-N-acetylmuramoyl-pentapeptide biosynthesis II (lysine-containing)|g__Fusicatenibacter.s__Fusicatenibacter_saccharivorans	11.5321516834
PWY-6386: UDP-N-acetylmuramoyl-pentapeptide biosynthesis II (lysine-containing)|g__Bifidobacterium.s__Bifidobacterium_pseudocatenulatum	11.1561083697
PWY-6386: UDP-N-acetylmuramoyl-pentapeptide biosynthesis II (lysine-containing)|g__Bacteroides.s__Bacteroides_sp_CAG_545	8.2660829555
DTDPRHAMSYN-PWY: dTDP-&beta;-L-rhamnose biosynthesis	1442.1839493308
DTDPRHAMSYN-PWY: dTDP-&beta;-L-rhamnose biosynthesis|unclassified	392.9910393113
DTDPRHAMSYN-PWY: dTDP-&beta;-L-rhamnose biosynthesis|g__Prevotella.s__Prevotella_copri	257.1128438068
DTDPRHAMSYN-PWY: dTDP-&beta;-L-rhamnose biosynthesis|g__Prevotella.s__Prevotella_sp_AM42_24	82.4068237196
DTDPRHAMSYN-PWY: dTDP-&beta;-L-rhamnose biosynthesis|g__Faecalibacterium.s__Faecalibacterium_prausnitzii	68.2372118656
DTDPRHAMSYN-PWY: dTDP-&beta;-L-rhamnose biosynthesis|g__Prevotella.s__Prevotella_sp_CAG_520	61.8342850279
DTDPRHAMSYN-PWY: dTDP-&beta;-L-rhamnose biosynthesis|g__Gemmiger.s__Gemmiger_formicilis	42.9865750213
DTDPRHAMSYN-PWY: dTDP-&beta;-L-rhamnose biosynthesis|g__Dorea.s__Dorea_longicatena	37.9878683904
DTDPRHAMSYN-PWY: dTDP-&beta;-L-rhamnose biosynthesis|g__Blautia.s__Blautia_obeum	35.0976637282
DTDPRHAMSYN-PWY: dTDP-&beta;-L-rhamnose biosynthesis|g__Coprococcus.s__Coprococcus_comes	31.8145185366
DTDPRHAMSYN-PWY: dTDP-&beta;-L-rhamnose biosynthesis|g__Alistipes.s__Alistipes_sp_CAG_435	30.0942211599
DTDPRHAMSYN-PWY: dTDP-&beta;-L-rhamnose biosynthesis|g__Blautia.s__Blautia_wexlerae	28.7739842445
DTDPRHAMSYN-PWY: dTDP-&beta;-L-rhamnose biosynthesis|g__Dialister.s__Dialister_sp_CAG_486	26.7829759539
DTDPRHAMSYN-PWY: dTDP-&beta;-L-rhamnose biosynthesis|g__Prevotella.s__Prevotella_sp_CAG_1092	25.6263064894
DTDPRHAMSYN-PWY: dTDP-&beta;-L-rhamnose biosynthesis|g__Roseburia.s__Roseburia_intestinalis	25.2113352406
DTDPRHAMSYN-PWY: dTDP-&beta;-L-rhamnose biosynthesis|g__Prevotella.s__Prevotella_sp_CAG_5226	24.7402411132
DTDPRHAMSYN-PWY: dTDP-&beta;-L-rhamnose biosynthesis|g__Blautia.s__Ruminococcus_torques	21.2358266581
DTDPRHAMSYN-PWY: dTDP-&beta;-L-rhamnose biosynthesis|g__Prevotella.s__Prevotella_sp_CAG_386	21.2334313182
DTDPRHAMSYN-PWY: dTDP-&beta;-L-rhamnose biosynthesis|g__Clostridium.s__Clostridium_sp_CAG_510	20.5280039477
DTDPRHAMSYN-PWY: dTDP-&beta;-L-rhamnose biosynthesis|g__Prevotella.s__Prevotella_sp_CAG_279	18.3908045977
DTDPRHAMSYN-PWY: dTDP-&beta;-L-rhamnose biosynthesis|g__Holdemanella.s__Holdemanella_biformis	16.8099331423
DTDPRHAMSYN-PWY: dTDP-&beta;-L-rhamnose biosynthesis|g__Lachnospiraceae_unclassified.s__Eubacterium_rectale	16.1424636474
DTDPRHAMSYN-PWY: dTDP-&beta;-L-rhamnose biosynthesis|g__Collinsella.s__Collinsella_aerofaciens	15.9157230553
DTDPRHAMSYN-PWY: dTDP-&beta;-L-rhamnose biosynthesis|g__Bacteroides.s__Bacteroides_sp_CAG_545	15.7755024649
DTDPRHAMSYN-PWY: dTDP-&beta;-L-rhamnose biosynthesis|g__Firmicutes_unclassified.s__Firmicutes_bacterium_CAG_65_45_313	13.4638007522
DTDPRHAMSYN-PWY: dTDP-&beta;-L-rhamnose biosynthesis|g__Eubacterium.s__Eubacterium_hallii	13.2545189055
DTDPRHAMSYN-PWY: dTDP-&beta;-L-rhamnose biosynthesis|g__Dorea.s__Dorea_formicigenerans	12.9502225820
DTDPRHAMSYN-PWY: dTDP-&beta;-L-rhamnose biosynthesis|g__Firmicutes_unclassified.s__Firmicutes_bacterium_AM10_47	10.4707147198
DTDPRHAMSYN-PWY: dTDP-&beta;-L-rhamnose biosynthesis|g__Roseburia.s__Roseburia_sp_CAG_471	10.2749779822
DTDPRHAMSYN-PWY: dTDP-&beta;-L-rhamnose biosynthesis|g__Ruminococcus.s__Ruminococcus_sp_CAG_488	10.0869398146
DTDPRHAMSYN-PWY: dTDP-&beta;-L-rhamnose biosynthesis|g__Fusicatenibacter.s__Fusicatenibacter_saccharivorans	9.6208910778
DTDPRHAMSYN-PWY: dTDP-&beta;-L-rhamnose biosynthesis|g__Clostridium.s__Clostridium_sp_CAG_269	9.0514802942
DTDPRHAMSYN-PWY: dTDP-&beta;-L-rhamnose biosynthesis|g__Eubacterium.s__Eubacterium_eligens	7.8491905563
DTDPRHAMSYN-PWY: dTDP-&beta;-L-rhamnose biosynthesis|g__Firmicutes_unclassified.s__Firmicutes_bacterium_CAG_95	5.7845263919
DTDPRHAMSYN-PWY: dTDP-&beta;-L-rhamnose biosynthesis|g__Alistipes.s__Alistipes_sp_CAG_514	5.7512580877
DTDPRHAMSYN-PWY: dTDP-&beta;-L-rhamnose biosynthesis|g__Roseburia.s__Roseburia_hominis	4.0609137056
DTDPRHAMSYN-PWY: dTDP-&beta;-L-rhamnose biosynthesis|g__Blautia.s__Blautia_sp	2.9728725381
TRNA-CHARGING-PWY: tRNA charging	1438.9331705834
TRNA-CHARGING-PWY: tRNA charging|unclassified	336.5968919688
TRNA-CHARGING-PWY: tRNA charging|g__Prevotella.s__Prevotella_copri	127.9149536337
TRNA-CHARGING-PWY: tRNA charging|g__Faecalibacterium.s__Faecalibacterium_prausnitzii	54.5782908685
TRNA-CHARGING-PWY: tRNA charging|g__Gemmiger.s__Gemmiger_formicilis	48.9448726716
TRNA-CHARGING-PWY: tRNA charging|g__Holdemanella.s__Holdemanella_biformis	23.2742760268
TRNA-CHARGING-PWY: tRNA charging|g__Blautia.s__Ruminococcus_torques	20.7987597513
TRNA-CHARGING-PWY: tRNA charging|g__Lachnospiraceae_unclassified.s__Eubacterium_rectale	10.3981224089
TRNA-CHARGING-PWY: tRNA charging|g__Roseburia.s__Roseburia_hominis	7.0215105117
PWY-7238: sucrose biosynthesis II	1428.2552699113
PWY-7238: sucrose biosynthesis II|unclassified	358.6086586977
PWY-7238: sucrose biosynthesis II|g__Faecalibacterium.s__Faecalibacterium_prausnitzii	132.7204125668
PWY-7238: sucrose biosynthesis II|g__Dorea.s__Dorea_longicatena	83.7433810365
PWY-7238: sucrose biosynthesis II|g__Collinsella.s__Collinsella_aerofaciens	72.7395653717
PWY-7238: sucrose biosynthesis II|g__Blautia.s__Blautia_obeum	72.1813342767
PWY-7238: sucrose biosynthesis II|g__Gemmiger.s__Gemmiger_formicilis	49.2397680315
PWY-7238: sucrose biosynthesis II|g__Ruminococcus.s__Ruminococcus_bromii	47.4463784988
PWY-7238: sucrose biosynthesis II|g__Blautia.s__Ruminococcus_torques	44.8083887341
PWY-7238: sucrose biosynthesis II|g__Clostridium.s__Clostridium_sp_CAG_510	43.2891671075
PWY-7238: sucrose biosynthesis II|g__Roseburia.s__Roseburia_hominis	42.6922521239
PWY-7238: sucrose biosynthesis II|g__Coprococcus.s__Coprococcus_comes	39.8299196271
PWY-7238: sucrose biosynthesis II|g__Catenibacterium.s__Catenibacterium_mitsuokai	32.1376397943
PWY-7238: sucrose biosynthesis II|g__Blautia.s__Blautia_wexlerae	30.2377870745
PWY-7238: sucrose biosynthesis II|g__Firmicutes_unclassified.s__Firmicutes_bacterium_CAG_65_45_313	28.4342038185
PWY-7238: sucrose biosynthesis II|g__Holdemanella.s__Holdemanella_biformis	27.1897335539
PWY-7238: sucrose biosynthesis II|g__Roseburia.s__Roseburia_intestinalis	25.0796428029
PWY-7238: sucrose biosynthesis II|g__Dorea.s__Dorea_formicigenerans	24.4943914212
PWY-7238: sucrose biosynthesis II|g__Bifidobacterium.s__Bifidobacterium_pseudocatenulatum	24.2289130062
PWY-7238: sucrose biosynthesis II|g__Clostridium.s__Clostridium_sp_CAG_632	22.9105284316
PWY-7238: sucrose biosynthesis II|g__Eubacterium.s__Eubacterium_hallii	22.7820395956
PWY-7238: sucrose biosynthesis II|g__Lachnospiraceae_unclassified.s__Eubacterium_rectale	20.1085279224
PWY-7238: sucrose biosynthesis II|g__Roseburia.s__Roseburia_sp_CAG_471	17.7841207261
PWY-7238: sucrose biosynthesis II|g__Firmicutes_unclassified.s__Firmicutes_bacterium_CAG_129	11.2269446672
PWY-7238: sucrose biosynthesis II|g__Roseburia.s__Roseburia_faecis	10.8983096954
PWY-7238: sucrose biosynthesis II|g__Blautia.s__Blautia_sp	9.8038125571
PWY-7238: sucrose biosynthesis II|g__Eubacterium.s__Eubacterium_eligens	8.3857442348
PWY-7238: sucrose biosynthesis II|g__Coprococcus.s__Coprococcus_catus	6.6679091342
PWY-7238: sucrose biosynthesis II|g__Firmicutes_unclassified.s__Firmicutes_bacterium_CAG_102	6.6511473229
PWY-7238: sucrose biosynthesis II|g__Firmicutes_unclassified.s__Firmicutes_bacterium_AM10_47	1.2818047811
PWY-6387: UDP-N-acetylmuramoyl-pentapeptide biosynthesis I (meso-diaminopimelate containing)	1423.9642395744
PWY-6387: UDP-N-acetylmuramoyl-pentapeptide biosynthesis I (meso-diaminopimelate containing)|unclassified	336.0697516197
PWY-6387: UDP-N-acetylmuramoyl-pentapeptide biosynthesis I (meso-diaminopimelate containing)|g__Prevotella.s__Prevotella_copri	130.6385264283
PWY-6387: UDP-N-acetylmuramoyl-pentapeptide biosynthesis I (meso-diaminopimelate containing)|g__Prevotella.s__Prevotella_sp_CAG_520	80.0100394146
PWY-6387: UDP-N-acetylmuramoyl-pentapeptide biosynthesis I (meso-diaminopimelate containing)|g__Prevotella.s__Prevotella_sp_AM42_24	66.1956335096
PWY-6387: UDP-N-acetylmuramoyl-pentapeptide biosynthesis I (meso-diaminopimelate containing)|g__Faecalibacterium.s__Faecalibacterium_prausnitzii	53.1377219025
PWY-6387: UDP-N-acetylmuramoyl-pentapeptide biosynthesis I (meso-diaminopimelate containing)|g__Collinsella.s__Collinsella_aerofaciens	40.9933345185
PWY-6387: UDP-N-acetylmuramoyl-pentapeptide biosynthesis I (meso-diaminopimelate containing)|g__Prevotella.s__Prevotella_sp_CAG_5226	33.7351279487
PWY-6387: UDP-N-acetylmuramoyl-pentapeptide biosynthesis I (meso-diaminopimelate containing)|g__Dialister.s__Dialister_sp_CAG_486	33.3732044804
PWY-6387: UDP-N-acetylmuramoyl-pentapeptide biosynthesis I (meso-diaminopimelate containing)|g__Dorea.s__Dorea_longicatena	33.1419234690
PWY-6387: UDP-N-acetylmuramoyl-pentapeptide biosynthesis I (meso-diaminopimelate containing)|g__Coprococcus.s__Coprococcus_comes	28.4288571986
PWY-6387: UDP-N-acetylmuramoyl-pentapeptide biosynthesis I (meso-diaminopimelate containing)|g__Blautia.s__Blautia_obeum	24.7648619322
PWY-6387: UDP-N-acetylmuramoyl-pentapeptide biosynthesis I (meso-diaminopimelate containing)|g__Gemmiger.s__Gemmiger_formicilis	23.7643057900
PWY-6387: UDP-N-acetylmuramoyl-pentapeptide biosynthesis I (meso-diaminopimelate containing)|g__Blautia.s__Ruminococcus_torques	21.9488793479
PWY-6387: UDP-N-acetylmuramoyl-pentapeptide biosynthesis I (meso-diaminopimelate containing)|g__Prevotella.s__Prevotella_sp_CAG_386	18.9934249871
PWY-6387: UDP-N-acetylmuramoyl-pentapeptide biosynthesis I (meso-diaminopimelate containing)|g__Clostridium.s__Clostridium_sp_CAG_632	18.8781068253
PWY-6387: UDP-N-acetylmuramoyl-pentapeptide biosynthesis I (meso-diaminopimelate containing)|g__Blautia.s__Blautia_wexlerae	18.6819290427
PWY-6387: UDP-N-acetylmuramoyl-pentapeptide biosynthesis I (meso-diaminopimelate containing)|g__Clostridium.s__Clostridium_sp_CAG_510	17.4702100528
PWY-6387: UDP-N-acetylmuramoyl-pentapeptide biosynthesis I (meso-diaminopimelate containing)|g__Prevotella.s__Prevotella_sp_CAG_1092	16.3693579219
PWY-6387: UDP-N-acetylmuramoyl-pentapeptide biosynthesis I (meso-diaminopimelate containing)|g__Eubacterium.s__Eubacterium_hallii	15.1525228287
PWY-6387: UDP-N-acetylmuramoyl-pentapeptide biosynthesis I (meso-diaminopimelate containing)|g__Roseburia.s__Roseburia_hominis	13.7762329775
PWY-6387: UDP-N-acetylmuramoyl-pentapeptide biosynthesis I (meso-diaminopimelate containing)|g__Bifidobacterium.s__Bifidobacterium_pseudocatenulatum	13.3075197271
PWY-6387: UDP-N-acetylmuramoyl-pentapeptide biosynthesis I (meso-diaminopimelate containing)|g__Holdemanella.s__Holdemanella_biformis	13.1404059127
PWY-6387: UDP-N-acetylmuramoyl-pentapeptide biosynthesis I (meso-diaminopimelate containing)|g__Sutterella.s__Sutterella_sp_CAG_397	13.0938512290
PWY-6387: UDP-N-acetylmuramoyl-pentapeptide biosynthesis I (meso-diaminopimelate containing)|g__Catenibacterium.s__Catenibacterium_mitsuokai	12.9966565125
PWY-6387: UDP-N-acetylmuramoyl-pentapeptide biosynthesis I (meso-diaminopimelate containing)|g__Lachnospiraceae_unclassified.s__Eubacterium_rectale	12.8297995511
PWY-6387: UDP-N-acetylmuramoyl-pentapeptide biosynthesis I (meso-diaminopimelate containing)|g__Dorea.s__Dorea_formicigenerans	12.8006449736
PWY-6387: UDP-N-acetylmuramoyl-pentapeptide biosynthesis I (meso-diaminopimelate containing)|g__Firmicutes_unclassified.s__Firmicutes_bacterium_CAG_129	12.3121202430
PWY-6387: UDP-N-acetylmuramoyl-pentapeptide biosynthesis I (meso-diaminopimelate containing)|g__Phascolarctobacterium.s__Phascolarctobacterium_succinatutens	11.0366657086
PWY-6387: UDP-N-acetylmuramoyl-pentapeptide biosynthesis I (meso-diaminopimelate containing)|g__Roseburia.s__Roseburia_faecis	9.2776199051
PWY-6387: UDP-N-acetylmuramoyl-pentapeptide biosynthesis I (meso-diaminopimelate containing)|g__Eggerthella.s__Eggerthella_sp_CAG_209	9.1941529785
PWY-6387: UDP-N-acetylmuramoyl-pentapeptide biosynthesis I (meso-diaminopimelate containing)|g__Ruminococcus.s__Ruminococcus_bicirculans	8.4940562290
PWY-6387: UDP-N-acetylmuramoyl-pentapeptide biosynthesis I (meso-diaminopimelate containing)|g__Bacteroides.s__Bacteroides_sp_CAG_545	7.7627359753
PWY-6387: UDP-N-acetylmuramoyl-pentapeptide biosynthesis I (meso-diaminopimelate containing)|g__Ruminococcus.s__Ruminococcus_sp_CAG_488	7.6345621254
PWY-6387: UDP-N-acetylmuramoyl-pentapeptide biosynthesis I (meso-diaminopimelate containing)|g__Agathobaculum.s__Agathobaculum_butyriciproducens	6.9794433582
PWY-6387: UDP-N-acetylmuramoyl-pentapeptide biosynthesis I (meso-diaminopimelate containing)|g__Blautia.s__Blautia_sp	6.1642327732
PEPTIDOGLYCANSYN-PWY: peptidoglycan biosynthesis I (meso-diaminopimelate containing)	1421.2038277622
PEPTIDOGLYCANSYN-PWY: peptidoglycan biosynthesis I (meso-diaminopimelate containing)|unclassified	344.3735643132
PEPTIDOGLYCANSYN-PWY: peptidoglycan biosynthesis I (meso-diaminopimelate containing)|g__Prevotella.s__Prevotella_copri	127.9594091253
PEPTIDOGLYCANSYN-PWY: peptidoglycan biosynthesis I (meso-diaminopimelate containing)|g__Prevotella.s__Prevotella_sp_CAG_520	80.6758458964
PEPTIDOGLYCANSYN-PWY: peptidoglycan biosynthesis I (meso-diaminopimelate containing)|g__Prevotella.s__Prevotella_sp_AM42_24	64.5255911906
PEPTIDOGLYCANSYN-PWY: peptidoglycan biosynthesis I (meso-diaminopimelate containing)|g__Faecalibacterium.s__Faecalibacterium_prausnitzii	48.6577649199
PEPTIDOGLYCANSYN-PWY: peptidoglycan biosynthesis I (meso-diaminopimelate containing)|g__Prevotella.s__Prevotella_sp_CAG_5226	36.2267666284
PEPTIDOGLYCANSYN-PWY: peptidoglycan biosynthesis I (meso-diaminopimelate containing)|g__Dialister.s__Dialister_sp_CAG_486	33.2316917910
PEPTIDOGLYCANSYN-PWY: peptidoglycan biosynthesis I (meso-diaminopimelate containing)|g__Collinsella.s__Collinsella_aerofaciens	32.8711884798
PEPTIDOGLYCANSYN-PWY: peptidoglycan biosynthesis I (meso-diaminopimelate containing)|g__Dorea.s__Dorea_longicatena	31.8046830888
PEPTIDOGLYCANSYN-PWY: peptidoglycan biosynthesis I (meso-diaminopimelate containing)|g__Coprococcus.s__Coprococcus_comes	28.6927350716
PEPTIDOGLYCANSYN-PWY: peptidoglycan biosynthesis I (meso-diaminopimelate containing)|g__Blautia.s__Blautia_obeum	23.0979443259
PEPTIDOGLYCANSYN-PWY: peptidoglycan biosynthesis I (meso-diaminopimelate containing)|g__Gemmiger.s__Gemmiger_formicilis	23.0970821914
PEPTIDOGLYCANSYN-PWY: peptidoglycan biosynthesis I (meso-diaminopimelate containing)|g__Blautia.s__Ruminococcus_torques	19.7077258729
PEPTIDOGLYCANSYN-PWY: peptidoglycan biosynthesis I (meso-diaminopimelate containing)|g__Clostridium.s__Clostridium_sp_CAG_632	18.9000644274
PEPTIDOGLYCANSYN-PWY: peptidoglycan biosynthesis I (meso-diaminopimelate containing)|g__Prevotella.s__Prevotella_sp_CAG_386	17.5670586187
PEPTIDOGLYCANSYN-PWY: peptidoglycan biosynthesis I (meso-diaminopimelate containing)|g__Prevotella.s__Prevotella_sp_CAG_1092	17.0053901861
PEPTIDOGLYCANSYN-PWY: peptidoglycan biosynthesis I (meso-diaminopimelate containing)|g__Blautia.s__Blautia_wexlerae	16.2909822059
PEPTIDOGLYCANSYN-PWY: peptidoglycan biosynthesis I (meso-diaminopimelate containing)|g__Clostridium.s__Clostridium_sp_CAG_510	16.0264494286
PEPTIDOGLYCANSYN-PWY: peptidoglycan biosynthesis I (meso-diaminopimelate containing)|g__Eubacterium.s__Eubacterium_hallii	15.1044671190
PEPTIDOGLYCANSYN-PWY: peptidoglycan biosynthesis I (meso-diaminopimelate containing)|g__Roseburia.s__Roseburia_hominis	14.6206537701
PEPTIDOGLYCANSYN-PWY: peptidoglycan biosynthesis I (meso-diaminopimelate containing)|g__Bifidobacterium.s__Bifidobacterium_pseudocatenulatum	13.5040824316
PEPTIDOGLYCANSYN-PWY: peptidoglycan biosynthesis I (meso-diaminopimelate containing)|g__Sutterella.s__Sutterella_sp_CAG_397	13.4304695311
PEPTIDOGLYCANSYN-PWY: peptidoglycan biosynthesis I (meso-diaminopimelate containing)|g__Catenibacterium.s__Catenibacterium_mitsuokai	13.3110202757
PEPTIDOGLYCANSYN-PWY: peptidoglycan biosynthesis I (meso-diaminopimelate containing)|g__Holdemanella.s__Holdemanella_biformis	13.1807047238
PEPTIDOGLYCANSYN-PWY: peptidoglycan biosynthesis I (meso-diaminopimelate containing)|g__Dorea.s__Dorea_formicigenerans	13.1086337205
PEPTIDOGLYCANSYN-PWY: peptidoglycan biosynthesis I (meso-diaminopimelate containing)|g__Phascolarctobacterium.s__Phascolarctobacterium_succinatutens	11.2349249558
PEPTIDOGLYCANSYN-PWY: peptidoglycan biosynthesis I (meso-diaminopimelate containing)|g__Lachnospiraceae_unclassified.s__Eubacterium_rectale	11.1053147291
PEPTIDOGLYCANSYN-PWY: peptidoglycan biosynthesis I (meso-diaminopimelate containing)|g__Eggerthella.s__Eggerthella_sp_CAG_209	9.0468565528
PEPTIDOGLYCANSYN-PWY: peptidoglycan biosynthesis I (meso-diaminopimelate containing)|g__Bacteroides.s__Bacteroides_sp_CAG_545	8.5392153722
PEPTIDOGLYCANSYN-PWY: peptidoglycan biosynthesis I (meso-diaminopimelate containing)|g__Ruminococcus.s__Ruminococcus_sp_CAG_488	7.8857123582
PEPTIDOGLYCANSYN-PWY: peptidoglycan biosynthesis I (meso-diaminopimelate containing)|g__Blautia.s__Blautia_sp	6.0038596240
PWY-6163: chorismate biosynthesis from 3-dehydroquinate	1402.5274722227
PWY-6163: chorismate biosynthesis from 3-dehydroquinate|unclassified	311.6182489607
PWY-6163: chorismate biosynthesis from 3-dehydroquinate|g__Faecalibacterium.s__Faecalibacterium_prausnitzii	91.7520830221
PWY-6163: chorismate biosynthesis from 3-dehydroquinate|g__Prevotella.s__Prevotella_sp_AM42_24	66.9553001447
PWY-6163: chorismate biosynthesis from 3-dehydroquinate|g__Prevotella.s__Prevotella_sp_CAG_520	62.2466636429
PWY-6163: chorismate biosynthesis from 3-dehydroquinate|g__Dialister.s__Dialister_sp_CAG_486	57.1662025715
PWY-6163: chorismate biosynthesis from 3-dehydroquinate|g__Prevotella.s__Prevotella_copri	53.7530896898
PWY-6163: chorismate biosynthesis from 3-dehydroquinate|g__Ruminococcus.s__Ruminococcus_bromii	44.6687949421
PWY-6163: chorismate biosynthesis from 3-dehydroquinate|g__Prevotella.s__Prevotella_sp_CAG_5226	42.4839670122
PWY-6163: chorismate biosynthesis from 3-dehydroquinate|g__Coprococcus.s__Coprococcus_comes	41.9413511921
PWY-6163: chorismate biosynthesis from 3-dehydroquinate|g__Blautia.s__Blautia_obeum	39.5153751657
PWY-6163: chorismate biosynthesis from 3-dehydroquinate|g__Collinsella.s__Collinsella_aerofaciens	34.9054618942
PWY-6163: chorismate biosynthesis from 3-dehydroquinate|g__Dorea.s__Dorea_longicatena	29.1372044585
PWY-6163: chorismate biosynthesis from 3-dehydroquinate|g__Blautia.s__Ruminococcus_torques	26.4543397782
PWY-6163: chorismate biosynthesis from 3-dehydroquinate|g__Clostridium.s__Clostridium_sp_CAG_632	26.3925769687
PWY-6163: chorismate biosynthesis from 3-dehydroquinate|g__Holdemanella.s__Holdemanella_biformis	24.3023166104
PWY-6163: chorismate biosynthesis from 3-dehydroquinate|g__Eubacterium.s__Eubacterium_hallii	21.4804722612
PWY-6163: chorismate biosynthesis from 3-dehydroquinate|g__Lachnospiraceae_unclassified.s__Eubacterium_rectale	21.1380917679
PWY-6163: chorismate biosynthesis from 3-dehydroquinate|g__Catenibacterium.s__Catenibacterium_mitsuokai	20.9615654606
PWY-6163: chorismate biosynthesis from 3-dehydroquinate|g__Clostridium.s__Clostridium_sp_CAG_510	18.6175491572
PWY-6163: chorismate biosynthesis from 3-dehydroquinate|g__Roseburia.s__Roseburia_hominis	17.1027630774
PWY-6163: chorismate biosynthesis from 3-dehydroquinate|g__Prevotella.s__Prevotella_sp_CAG_1092	16.2790115241
PWY-6163: chorismate biosynthesis from 3-dehydroquinate|g__Prevotella.s__Prevotella_sp_CAG_386	16.2538068126
PWY-6163: chorismate biosynthesis from 3-dehydroquinate|g__Roseburia.s__Roseburia_intestinalis	15.7036937527
PWY-6163: chorismate biosynthesis from 3-dehydroquinate|g__Prevotella.s__Prevotella_sp_CAG_279	15.4798761610
PWY-6163: chorismate biosynthesis from 3-dehydroquinate|g__Bifidobacterium.s__Bifidobacterium_pseudocatenulatum	12.4571000479
PWY-6163: chorismate biosynthesis from 3-dehydroquinate|g__Oscillibacter.s__Oscillibacter_sp_57_20	12.4124768860
PWY-6163: chorismate biosynthesis from 3-dehydroquinate|g__Phascolarctobacterium.s__Phascolarctobacterium_succinatutens	10.8022767876
PWY-6163: chorismate biosynthesis from 3-dehydroquinate|g__Sutterella.s__Sutterella_sp_CAG_397	10.7399025737
PWY-6163: chorismate biosynthesis from 3-dehydroquinate|g__Blautia.s__Blautia_wexlerae	10.2777871861
PWY-6163: chorismate biosynthesis from 3-dehydroquinate|g__Fusicatenibacter.s__Fusicatenibacter_saccharivorans	9.9627425341
PWY-6163: chorismate biosynthesis from 3-dehydroquinate|g__Roseburia.s__Roseburia_sp_CAG_471	9.2629446005
PWY-6163: chorismate biosynthesis from 3-dehydroquinate|g__Roseburia.s__Roseburia_faecis	8.7671683805
PWY-6163: chorismate biosynthesis from 3-dehydroquinate|g__Coprococcus.s__Coprococcus_catus	7.2147097625
PWY-6163: chorismate biosynthesis from 3-dehydroquinate|g__Agathobaculum.s__Agathobaculum_butyriciproducens	5.5560703536
PWY-6385: peptidoglycan biosynthesis III (mycobacteria)	1384.0305182989
PWY-6385: peptidoglycan biosynthesis III (mycobacteria)|unclassified	321.1250629558
PWY-6385: peptidoglycan biosynthesis III (mycobacteria)|g__Prevotella.s__Prevotella_copri	122.7451926388
PWY-6385: peptidoglycan biosynthesis III (mycobacteria)|g__Prevotella.s__Prevotella_sp_CAG_520	79.3079472234
PWY-6385: peptidoglycan biosynthesis III (mycobacteria)|g__Prevotella.s__Prevotella_sp_AM42_24	63.3910625350
PWY-6385: peptidoglycan biosynthesis III (mycobacteria)|g__Faecalibacterium.s__Faecalibacterium_prausnitzii	35.2132457348
PWY-6385: peptidoglycan biosynthesis III (mycobacteria)|g__Prevotella.s__Prevotella_sp_CAG_5226	34.9701846747
PWY-6385: peptidoglycan biosynthesis III (mycobacteria)|g__Dialister.s__Dialister_sp_CAG_486	32.4951655330
PWY-6385: peptidoglycan biosynthesis III (mycobacteria)|g__Collinsella.s__Collinsella_aerofaciens	32.2816680384
PWY-6385: peptidoglycan biosynthesis III (mycobacteria)|g__Dorea.s__Dorea_longicatena	31.8046830888
PWY-6385: peptidoglycan biosynthesis III (mycobacteria)|g__Coprococcus.s__Coprococcus_comes	28.1653680731
PWY-6385: peptidoglycan biosynthesis III (mycobacteria)|g__Blautia.s__Blautia_obeum	23.0979443259
PWY-6385: peptidoglycan biosynthesis III (mycobacteria)|g__Prevotella.s__Prevotella_sp_CAG_386	17.6633704864
PWY-6385: peptidoglycan biosynthesis III (mycobacteria)|g__Prevotella.s__Prevotella_sp_CAG_1092	16.6607007609
PWY-6385: peptidoglycan biosynthesis III (mycobacteria)|g__Blautia.s__Ruminococcus_torques	16.5324135536
PWY-6385: peptidoglycan biosynthesis III (mycobacteria)|g__Blautia.s__Blautia_wexlerae	16.2909822059
PWY-6385: peptidoglycan biosynthesis III (mycobacteria)|g__Bifidobacterium.s__Bifidobacterium_pseudocatenulatum	14.5527125474
PWY-6385: peptidoglycan biosynthesis III (mycobacteria)|g__Clostridium.s__Clostridium_sp_CAG_510	14.5413554898
PWY-6385: peptidoglycan biosynthesis III (mycobacteria)|g__Sutterella.s__Sutterella_sp_CAG_397	13.4295776136
PWY-6385: peptidoglycan biosynthesis III (mycobacteria)|g__Phascolarctobacterium.s__Phascolarctobacterium_succinatutens	11.5179958089
PWY-6385: peptidoglycan biosynthesis III (mycobacteria)|g__Lachnospiraceae_unclassified.s__Eubacterium_rectale	11.1053147291
PWY-6385: peptidoglycan biosynthesis III (mycobacteria)|g__Ruminococcus.s__Ruminococcus_bicirculans	9.2606735276
PWY-6385: peptidoglycan biosynthesis III (mycobacteria)|g__Bacteroides.s__Bacteroides_sp_CAG_545	8.3523093371
VALSYN-PWY: L-valine biosynthesis	1381.6128482583
VALSYN-PWY: L-valine biosynthesis|unclassified	253.8495572943
VALSYN-PWY: L-valine biosynthesis|g__Prevotella.s__Prevotella_copri	121.5369254097
VALSYN-PWY: L-valine biosynthesis|g__Prevotella.s__Prevotella_sp_AM42_24	110.5246323907
VALSYN-PWY: L-valine biosynthesis|g__Gemmiger.s__Gemmiger_formicilis	61.8060433314
VALSYN-PWY: L-valine biosynthesis|g__Faecalibacterium.s__Faecalibacterium_prausnitzii	60.8448225182
VALSYN-PWY: L-valine biosynthesis|g__Ruminococcus.s__Ruminococcus_bromii	50.5267277246
VALSYN-PWY: L-valine biosynthesis|g__Dorea.s__Dorea_longicatena	46.4035484680
VALSYN-PWY: L-valine biosynthesis|g__Blautia.s__Blautia_obeum	43.7310208736
VALSYN-PWY: L-valine biosynthesis|g__Coprococcus.s__Coprococcus_comes	34.6955868238
VALSYN-PWY: L-valine biosynthesis|g__Blautia.s__Ruminococcus_torques	28.5530488513
VALSYN-PWY: L-valine biosynthesis|g__Roseburia.s__Roseburia_hominis	26.3371604700
VALSYN-PWY: L-valine biosynthesis|g__Blautia.s__Blautia_wexlerae	26.1390455970
VALSYN-PWY: L-valine biosynthesis|g__Catenibacterium.s__Catenibacterium_mitsuokai	24.6101664089
VALSYN-PWY: L-valine biosynthesis|g__Prevotella.s__Prevotella_sp_CAG_1092	23.0376955376
VALSYN-PWY: L-valine biosynthesis|g__Bifidobacterium.s__Bifidobacterium_pseudocatenulatum	22.1711881421
VALSYN-PWY: L-valine biosynthesis|g__Prevotella.s__Prevotella_sp_CAG_386	21.3793656904
VALSYN-PWY: L-valine biosynthesis|g__Roseburia.s__Roseburia_intestinalis	19.6706182472
VALSYN-PWY: L-valine biosynthesis|g__Lachnospiraceae_unclassified.s__Eubacterium_rectale	19.5517076774
VALSYN-PWY: L-valine biosynthesis|g__Clostridium.s__Clostridium_sp_CAG_632	19.2598609060
VALSYN-PWY: L-valine biosynthesis|g__Prevotella.s__Prevotella_sp_CAG_279	17.6680391292
VALSYN-PWY: L-valine biosynthesis|g__Clostridium.s__Clostridium_sp_CAG_510	16.6857549781
VALSYN-PWY: L-valine biosynthesis|g__Dorea.s__Dorea_formicigenerans	16.5971788576
VALSYN-PWY: L-valine biosynthesis|g__Eubacterium.s__Eubacterium_hallii	13.8679575206
VALSYN-PWY: L-valine biosynthesis|g__Sutterella.s__Sutterella_sp_CAG_397	12.3996019232
VALSYN-PWY: L-valine biosynthesis|g__Ruminococcus.s__Ruminococcus_bicirculans	11.5831125912
VALSYN-PWY: L-valine biosynthesis|g__Blautia.s__Blautia_sp	10.8937755096
VALSYN-PWY: L-valine biosynthesis|g__Agathobaculum.s__Agathobaculum_butyriciproducens	10.8549263889
VALSYN-PWY: L-valine biosynthesis|g__Firmicutes_unclassified.s__Firmicutes_bacterium_CAG_65_45_313	9.0386018341
VALSYN-PWY: L-valine biosynthesis|g__Roseburia.s__Roseburia_faecis	9.0095069126
VALSYN-PWY: L-valine biosynthesis|g__Eggerthella.s__Eggerthella_sp_CAG_209	8.9962121212
VALSYN-PWY: L-valine biosynthesis|g__Firmicutes_unclassified.s__Firmicutes_bacterium_CAG_194	8.6883310766
VALSYN-PWY: L-valine biosynthesis|g__Fusicatenibacter.s__Fusicatenibacter_saccharivorans	8.2019191568
VALSYN-PWY: L-valine biosynthesis|g__Subdoligranulum.s__Subdoligranulum_sp_APC924_74	7.8983830764
VALSYN-PWY: L-valine biosynthesis|g__Coprococcus.s__Coprococcus_catus	7.6258555507
VALSYN-PWY: L-valine biosynthesis|g__Eubacterium.s__Eubacterium_eligens	6.3505809338
PWY-6151: S-adenosyl-L-methionine salvage I	1369.7491872799
PWY-6151: S-adenosyl-L-methionine salvage I|unclassified	375.6765811016
PWY-6151: S-adenosyl-L-methionine salvage I|g__Prevotella.s__Prevotella_copri	135.5312154811
PWY-6151: S-adenosyl-L-methionine salvage I|g__Prevotella.s__Prevotella_sp_CAG_520	60.7568885583
PWY-6151: S-adenosyl-L-methionine salvage I|g__Dorea.s__Dorea_longicatena	51.8804687328
PWY-6151: S-adenosyl-L-methionine salvage I|g__Prevotella.s__Prevotella_sp_AM42_24	50.1656127365
PWY-6151: S-adenosyl-L-methionine salvage I|g__Faecalibacterium.s__Faecalibacterium_prausnitzii	50.1055366482
PWY-6151: S-adenosyl-L-methionine salvage I|g__Collinsella.s__Collinsella_aerofaciens	39.8790734895
PWY-6151: S-adenosyl-L-methionine salvage I|g__Prevotella.s__Prevotella_sp_CAG_5226	38.9025743208
PWY-6151: S-adenosyl-L-methionine salvage I|g__Ruminococcus.s__Ruminococcus_bromii	38.1263115647
PWY-6151: S-adenosyl-L-methionine salvage I|g__Coprococcus.s__Coprococcus_comes	34.9447556065
PWY-6151: S-adenosyl-L-methionine salvage I|g__Holdemanella.s__Holdemanella_biformis	31.6170167121
PWY-6151: S-adenosyl-L-methionine salvage I|g__Gemmiger.s__Gemmiger_formicilis	25.5801560002
PWY-6151: S-adenosyl-L-methionine salvage I|g__Clostridium.s__Clostridium_sp_CAG_632	23.8617721627
PWY-6151: S-adenosyl-L-methionine salvage I|g__Eubacterium.s__Eubacterium_hallii	21.0599634302
PWY-6151: S-adenosyl-L-methionine salvage I|g__Clostridium.s__Clostridium_sp_CAG_510	18.8137905084
PWY-6151: S-adenosyl-L-methionine salvage I|g__Catenibacterium.s__Catenibacterium_mitsuokai	18.6791253041
PWY-6151: S-adenosyl-L-methionine salvage I|g__Prevotella.s__Prevotella_sp_CAG_1092	18.0985725828
PWY-6151: S-adenosyl-L-methionine salvage I|g__Blautia.s__Ruminococcus_torques	17.9398339197
PWY-6151: S-adenosyl-L-methionine salvage I|g__Fusicatenibacter.s__Fusicatenibacter_saccharivorans	15.2657189200
PWY-6151: S-adenosyl-L-methionine salvage I|g__Blautia.s__Blautia_wexlerae	14.4899171465
PWY-6151: S-adenosyl-L-methionine salvage I|g__Prevotella.s__Prevotella_sp_CAG_386	13.4701888082
PWY-6151: S-adenosyl-L-methionine salvage I|g__Prevotella.s__Prevotella_sp_CAG_279	13.2625994695
PWY-6151: S-adenosyl-L-methionine salvage I|g__Bifidobacterium.s__Bifidobacterium_pseudocatenulatum	12.2563011182
PWY-6151: S-adenosyl-L-methionine salvage I|g__Roseburia.s__Roseburia_sp_CAG_471	11.7829000663
PWY-6151: S-adenosyl-L-methionine salvage I|g__Blautia.s__Blautia_obeum	11.1544537156
PWY-6151: S-adenosyl-L-methionine salvage I|g__Dorea.s__Dorea_formicigenerans	10.6578216751
PWY-6151: S-adenosyl-L-methionine salvage I|g__Roseburia.s__Roseburia_hominis	10.1453167428
PWY-6151: S-adenosyl-L-methionine salvage I|g__Firmicutes_unclassified.s__Firmicutes_bacterium_CAG_65_45_313	8.9931274112
PWY-6151: S-adenosyl-L-methionine salvage I|g__Roseburia.s__Roseburia_intestinalis	8.2958625257
PWY-6151: S-adenosyl-L-methionine salvage I|g__Lachnospiraceae_unclassified.s__Eubacterium_rectale	5.8536096251
PWY-6151: S-adenosyl-L-methionine salvage I|g__Eubacterium.s__Eubacterium_eligens	5.6610248722
PWY-6151: S-adenosyl-L-methionine salvage I|g__Anaerostipes.s__Anaerostipes_hadrus	3.7097148157
NONMEVIPP-PWY: methylerythritol phosphate pathway I	1355.6206986322
NONMEVIPP-PWY: methylerythritol phosphate pathway I|unclassified	334.9444905350
NONMEVIPP-PWY: methylerythritol phosphate pathway I|g__Ruminococcus.s__Ruminococcus_bromii	37.1921487277
NONMEVIPP-PWY: methylerythritol phosphate pathway I|g__Gemmiger.s__Gemmiger_formicilis	31.3180130629
NONMEVIPP-PWY: methylerythritol phosphate pathway I|g__Collinsella.s__Collinsella_aerofaciens	29.3468544964
NONMEVIPP-PWY: methylerythritol phosphate pathway I|g__Dorea.s__Dorea_longicatena	28.3039872131
NONMEVIPP-PWY: methylerythritol phosphate pathway I|g__Coprococcus.s__Coprococcus_comes	26.2698659945
NONMEVIPP-PWY: methylerythritol phosphate pathway I|g__Prevotella.s__Prevotella_sp_CAG_279	20.9246040643
NONMEVIPP-PWY: methylerythritol phosphate pathway I|g__Blautia.s__Blautia_obeum	20.2633825711
NONMEVIPP-PWY: methylerythritol phosphate pathway I|g__Blautia.s__Ruminococcus_torques	17.3780597758
NONMEVIPP-PWY: methylerythritol phosphate pathway I|g__Clostridium.s__Clostridium_sp_CAG_510	16.0136865950
NONMEVIPP-PWY: methylerythritol phosphate pathway I|g__Blautia.s__Blautia_wexlerae	15.7860147166
NONMEVIPP-PWY: methylerythritol phosphate pathway I|g__Eubacterium.s__Eubacterium_hallii	14.6165845348
NONMEVIPP-PWY: methylerythritol phosphate pathway I|g__Bifidobacterium.s__Bifidobacterium_pseudocatenulatum	14.4452581693
NONMEVIPP-PWY: methylerythritol phosphate pathway I|g__Catenibacterium.s__Catenibacterium_mitsuokai	13.8026091182
NONMEVIPP-PWY: methylerythritol phosphate pathway I|g__Firmicutes_unclassified.s__Firmicutes_bacterium_CAG_65_45_313	9.9015815468
NONMEVIPP-PWY: methylerythritol phosphate pathway I|g__Eubacterium.s__Eubacterium_eligens	6.0418447545
PWY-7953: UDP-N-acetylmuramoyl-pentapeptide biosynthesis III (meso-diaminopimelate containing)	1339.1704772670
PWY-7953: UDP-N-acetylmuramoyl-pentapeptide biosynthesis III (meso-diaminopimelate containing)|unclassified	292.9150886237
PWY-7953: UDP-N-acetylmuramoyl-pentapeptide biosynthesis III (meso-diaminopimelate containing)|g__Prevotella.s__Prevotella_copri	124.4445592375
PWY-7953: UDP-N-acetylmuramoyl-pentapeptide biosynthesis III (meso-diaminopimelate containing)|g__Prevotella.s__Prevotella_sp_AM42_24	57.2838881981
PWY-7953: UDP-N-acetylmuramoyl-pentapeptide biosynthesis III (meso-diaminopimelate containing)|g__Dialister.s__Dialister_sp_CAG_486	35.5032237974
PWY-7953: UDP-N-acetylmuramoyl-pentapeptide biosynthesis III (meso-diaminopimelate containing)|g__Prevotella.s__Prevotella_sp_CAG_5226	31.6600193241
PWY-7953: UDP-N-acetylmuramoyl-pentapeptide biosynthesis III (meso-diaminopimelate containing)|g__Dorea.s__Dorea_longicatena	31.5099429555
PWY-7953: UDP-N-acetylmuramoyl-pentapeptide biosynthesis III (meso-diaminopimelate containing)|g__Coprococcus.s__Coprococcus_comes	28.9445526291
PWY-7953: UDP-N-acetylmuramoyl-pentapeptide biosynthesis III (meso-diaminopimelate containing)|g__Blautia.s__Blautia_obeum	21.7355608464
PWY-7953: UDP-N-acetylmuramoyl-pentapeptide biosynthesis III (meso-diaminopimelate containing)|g__Prevotella.s__Prevotella_sp_CAG_386	19.5125299912
PWY-7953: UDP-N-acetylmuramoyl-pentapeptide biosynthesis III (meso-diaminopimelate containing)|g__Blautia.s__Blautia_wexlerae	18.4521566216
PWY-7953: UDP-N-acetylmuramoyl-pentapeptide biosynthesis III (meso-diaminopimelate containing)|g__Clostridium.s__Clostridium_sp_CAG_510	16.0222003960
PWY-7953: UDP-N-acetylmuramoyl-pentapeptide biosynthesis III (meso-diaminopimelate containing)|g__Eubacterium.s__Eubacterium_hallii	15.2841882564
PWY-7953: UDP-N-acetylmuramoyl-pentapeptide biosynthesis III (meso-diaminopimelate containing)|g__Prevotella.s__Prevotella_sp_CAG_1092	15.1677078843
PWY-7953: UDP-N-acetylmuramoyl-pentapeptide biosynthesis III (meso-diaminopimelate containing)|g__Blautia.s__Ruminococcus_torques	15.1643863274
PWY-7953: UDP-N-acetylmuramoyl-pentapeptide biosynthesis III (meso-diaminopimelate containing)|g__Roseburia.s__Roseburia_hominis	13.7079803073
PWY-7953: UDP-N-acetylmuramoyl-pentapeptide biosynthesis III (meso-diaminopimelate containing)|g__Lachnospiraceae_unclassified.s__Eubacterium_rectale	13.1091814411
PWY-7953: UDP-N-acetylmuramoyl-pentapeptide biosynthesis III (meso-diaminopimelate containing)|g__Bifidobacterium.s__Bifidobacterium_pseudocatenulatum	10.6114649682
PWY-7953: UDP-N-acetylmuramoyl-pentapeptide biosynthesis III (meso-diaminopimelate containing)|g__Eggerthella.s__Eggerthella_sp_CAG_209	9.6085448970
PWY-6609: adenine and adenosine salvage III	1326.1579434697
PWY-6609: adenine and adenosine salvage III|unclassified	424.7919168866
PWY-6609: adenine and adenosine salvage III|g__Prevotella.s__Prevotella_sp_AM42_24	63.7564750341
PWY-6609: adenine and adenosine salvage III|g__Prevotella.s__Prevotella_copri	53.1044349070
PWY-6609: adenine and adenosine salvage III|g__Faecalibacterium.s__Faecalibacterium_prausnitzii	53.0454507786
PWY-6609: adenine and adenosine salvage III|g__Dorea.s__Dorea_longicatena	46.1967343688
PWY-6609: adenine and adenosine salvage III|g__Clostridium.s__Clostridium_sp_CAG_632	29.7397769517
PWY-6609: adenine and adenosine salvage III|g__Firmicutes_unclassified.s__Firmicutes_bacterium_CAG_129	28.8718902901
PWY-6609: adenine and adenosine salvage III|g__Blautia.s__Ruminococcus_torques	27.2273142202
PWY-6609: adenine and adenosine salvage III|g__Roseburia.s__Roseburia_hominis	22.5892743408
PWY-6609: adenine and adenosine salvage III|g__Clostridium.s__Clostridium_sp_CAG_510	22.5294418843
PWY-6609: adenine and adenosine salvage III|g__Prevotella.s__Prevotella_sp_CAG_279	22.3232081639
PWY-6609: adenine and adenosine salvage III|g__Blautia.s__Blautia_wexlerae	20.1765447667
PWY-6609: adenine and adenosine salvage III|g__Catenibacterium.s__Catenibacterium_mitsuokai	19.9233589757
PWY-6609: adenine and adenosine salvage III|g__Gemmiger.s__Gemmiger_formicilis	19.6340919232
PWY-6609: adenine and adenosine salvage III|g__Coprococcus.s__Coprococcus_comes	18.1949251396
PWY-6609: adenine and adenosine salvage III|g__Firmicutes_unclassified.s__Firmicutes_bacterium_CAG_124	17.2509827013
PWY-6609: adenine and adenosine salvage III|g__Roseburia.s__Roseburia_intestinalis	17.1303432814
PWY-6609: adenine and adenosine salvage III|g__Oscillibacter.s__Oscillibacter_sp_57_20	13.4463197703
PWY-6609: adenine and adenosine salvage III|g__Dorea.s__Dorea_formicigenerans	13.4127190119
PWY-6609: adenine and adenosine salvage III|g__Oscillibacter.s__Oscillibacter_sp_CAG_241	13.0660727543
PWY-6609: adenine and adenosine salvage III|g__Firmicutes_unclassified.s__Firmicutes_bacterium_CAG_65_45_313	13.0462108088
PWY-6609: adenine and adenosine salvage III|g__Lachnospiraceae_unclassified.s__Eubacterium_rectale	12.4083474337
PWY-6609: adenine and adenosine salvage III|g__Blautia.s__Blautia_obeum	12.0979712149
PWY-6609: adenine and adenosine salvage III|g__Fusicatenibacter.s__Fusicatenibacter_saccharivorans	8.1989127529
PWY-6609: adenine and adenosine salvage III|g__Roseburia.s__Roseburia_faecis	8.1499592502
PWY-6609: adenine and adenosine salvage III|g__Eubacterium.s__Eubacterium_eligens	7.7160493827
PWY-6609: adenine and adenosine salvage III|g__Prevotella.s__Prevotella_sp_CAG_386	6.5520065520
PWY-6609: adenine and adenosine salvage III|g__Firmicutes_unclassified.s__Firmicutes_bacterium_CAG_194	5.4982817869
PWY-6609: adenine and adenosine salvage III|g__Eubacterium.s__Eubacterium_sp_CAG_251	5.3547523427
PWY-6609: adenine and adenosine salvage III|g__Bacteroides.s__Bacteroides_sp_CAG_709	4.5662100457
PWY-6609: adenine and adenosine salvage III|g__Firmicutes_unclassified.s__Firmicutes_bacterium_CAG_83	2.1893814997
COMPLETE-ARO-PWY: superpathway of aromatic amino acid biosynthesis	1314.6635728765
COMPLETE-ARO-PWY: superpathway of aromatic amino acid biosynthesis|unclassified	278.6388268240
COMPLETE-ARO-PWY: superpathway of aromatic amino acid biosynthesis|g__Dialister.s__Dialister_sp_CAG_486	49.6165284789
COMPLETE-ARO-PWY: superpathway of aromatic amino acid biosynthesis|g__Blautia.s__Blautia_obeum	36.6670845495
COMPLETE-ARO-PWY: superpathway of aromatic amino acid biosynthesis|g__Dorea.s__Dorea_longicatena	35.4379202576
COMPLETE-ARO-PWY: superpathway of aromatic amino acid biosynthesis|g__Coprococcus.s__Coprococcus_comes	34.6724182618
COMPLETE-ARO-PWY: superpathway of aromatic amino acid biosynthesis|g__Blautia.s__Ruminococcus_torques	23.1740440021
COMPLETE-ARO-PWY: superpathway of aromatic amino acid biosynthesis|g__Catenibacterium.s__Catenibacterium_mitsuokai	21.1349824953
COMPLETE-ARO-PWY: superpathway of aromatic amino acid biosynthesis|g__Bifidobacterium.s__Bifidobacterium_pseudocatenulatum	14.1078272811
COMPLETE-ARO-PWY: superpathway of aromatic amino acid biosynthesis|g__Sutterella.s__Sutterella_sp_CAG_397	11.7182398990
COMPLETE-ARO-PWY: superpathway of aromatic amino acid biosynthesis|g__Blautia.s__Blautia_wexlerae	11.4889256332
PWY-3841: folate transformations II (plants)	1287.4230779968
PWY-3841: folate transformations II (plants)|unclassified	350.9871017172
PWY-3841: folate transformations II (plants)|g__Prevotella.s__Prevotella_copri	81.7186811458
PWY-3841: folate transformations II (plants)|g__Prevotella.s__Prevotella_sp_CAG_520	65.9272897596
PWY-3841: folate transformations II (plants)|g__Prevotella.s__Prevotella_sp_AM42_24	51.1225307278
PWY-3841: folate transformations II (plants)|g__Dialister.s__Dialister_sp_CAG_486	43.3323230747
PWY-3841: folate transformations II (plants)|g__Dorea.s__Dorea_longicatena	36.4047628943
PWY-3841: folate transformations II (plants)|g__Prevotella.s__Prevotella_sp_CAG_5226	36.2666920169
PWY-3841: folate transformations II (plants)|g__Alistipes.s__Alistipes_sp_CAG_435	34.0661119026
PWY-3841: folate transformations II (plants)|g__Catenibacterium.s__Catenibacterium_mitsuokai	29.3324626454
PWY-3841: folate transformations II (plants)|g__Coprococcus.s__Coprococcus_comes	27.6413696606
PWY-3841: folate transformations II (plants)|g__Firmicutes_unclassified.s__Firmicutes_bacterium_CAG_129	25.7633867143
PWY-3841: folate transformations II (plants)|g__Roseburia.s__Roseburia_hominis	25.5902243811
PWY-3841: folate transformations II (plants)|g__Clostridium.s__Clostridium_sp_CAG_632	18.5797279184
PWY-3841: folate transformations II (plants)|g__Lachnospiraceae_unclassified.s__Eubacterium_rectale	17.9610164302
PWY-3841: folate transformations II (plants)|g__Prevotella.s__Prevotella_sp_CAG_279	16.7108808723
PWY-3841: folate transformations II (plants)|g__Sutterella.s__Sutterella_sp_CAG_397	16.2549459951
PWY-3841: folate transformations II (plants)|g__Blautia.s__Blautia_wexlerae	13.0334166435
PWY-3841: folate transformations II (plants)|g__Clostridium.s__Clostridium_sp_CAG_510	12.9586073678
PWY-3841: folate transformations II (plants)|g__Eubacterium.s__Eubacterium_hallii	11.8202925948
PWY-3841: folate transformations II (plants)|g__Blautia.s__Ruminococcus_torques	9.7180607491
PWY-3841: folate transformations II (plants)|g__Roseburia.s__Roseburia_intestinalis	9.5022022440
PWY-3841: folate transformations II (plants)|g__Ruminococcus.s__Ruminococcus_sp_CAG_488	8.1895291021
PWY-3841: folate transformations II (plants)|g__Dorea.s__Dorea_formicigenerans	7.4228717235
PWY-3841: folate transformations II (plants)|g__Bacteroides.s__Bacteroides_sp_CAG_545	7.1708683473
PWY-3841: folate transformations II (plants)|g__Blautia.s__Blautia_obeum	7.1635494286
PWY-3841: folate transformations II (plants)|g__Bifidobacterium.s__Bifidobacterium_pseudocatenulatum	6.9346410085
PWY-3841: folate transformations II (plants)|g__Bacteroides.s__Bacteroides_sp_CAG_770	1.8713450292
ILEUSYN-PWY: L-isoleucine biosynthesis I (from threonine)	1267.1968888682
ILEUSYN-PWY: L-isoleucine biosynthesis I (from threonine)|unclassified	178.6352805682
ILEUSYN-PWY: L-isoleucine biosynthesis I (from threonine)|g__Prevotella.s__Prevotella_copri	117.2406022009
ILEUSYN-PWY: L-isoleucine biosynthesis I (from threonine)|g__Prevotella.s__Prevotella_sp_AM42_24	91.9451570808
ILEUSYN-PWY: L-isoleucine biosynthesis I (from threonine)|g__Gemmiger.s__Gemmiger_formicilis	53.7957257025
ILEUSYN-PWY: L-isoleucine biosynthesis I (from threonine)|g__Dorea.s__Dorea_longicatena	44.7152950295
ILEUSYN-PWY: L-isoleucine biosynthesis I (from threonine)|g__Coprococcus.s__Coprococcus_comes	32.9877981163
ILEUSYN-PWY: L-isoleucine biosynthesis I (from threonine)|g__Catenibacterium.s__Catenibacterium_mitsuokai	24.1012506530
ILEUSYN-PWY: L-isoleucine biosynthesis I (from threonine)|g__Blautia.s__Ruminococcus_torques	23.4367470234
ILEUSYN-PWY: L-isoleucine biosynthesis I (from threonine)|g__Blautia.s__Blautia_obeum	20.0193377657
ILEUSYN-PWY: L-isoleucine biosynthesis I (from threonine)|g__Prevotella.s__Prevotella_sp_CAG_1092	19.4747629477
ILEUSYN-PWY: L-isoleucine biosynthesis I (from threonine)|g__Bifidobacterium.s__Bifidobacterium_pseudocatenulatum	18.0385217313
ILEUSYN-PWY: L-isoleucine biosynthesis I (from threonine)|g__Blautia.s__Blautia_wexlerae	17.6215985677
ILEUSYN-PWY: L-isoleucine biosynthesis I (from threonine)|g__Lachnospiraceae_unclassified.s__Eubacterium_rectale	17.2143293430
ILEUSYN-PWY: L-isoleucine biosynthesis I (from threonine)|g__Dorea.s__Dorea_formicigenerans	16.5516998596
ILEUSYN-PWY: L-isoleucine biosynthesis I (from threonine)|g__Roseburia.s__Roseburia_intestinalis	16.3349332991
ILEUSYN-PWY: L-isoleucine biosynthesis I (from threonine)|g__Roseburia.s__Roseburia_hominis	13.7905356753
ILEUSYN-PWY: L-isoleucine biosynthesis I (from threonine)|g__Eubacterium.s__Eubacterium_hallii	12.5995997478
ILEUSYN-PWY: L-isoleucine biosynthesis I (from threonine)|g__Blautia.s__Blautia_sp	10.8389539843
ILEUSYN-PWY: L-isoleucine biosynthesis I (from threonine)|g__Agathobaculum.s__Agathobaculum_butyriciproducens	9.0070558461
ILEUSYN-PWY: L-isoleucine biosynthesis I (from threonine)|g__Firmicutes_unclassified.s__Firmicutes_bacterium_CAG_194	6.3669453133
GLYCOGENSYNTH-PWY: glycogen biosynthesis I (from ADP-D-Glucose)	1262.6059845767
GLYCOGENSYNTH-PWY: glycogen biosynthesis I (from ADP-D-Glucose)|unclassified	341.9634359937
GLYCOGENSYNTH-PWY: glycogen biosynthesis I (from ADP-D-Glucose)|g__Faecalibacterium.s__Faecalibacterium_prausnitzii	92.2989378571
GLYCOGENSYNTH-PWY: glycogen biosynthesis I (from ADP-D-Glucose)|g__Dorea.s__Dorea_longicatena	66.7719710688
GLYCOGENSYNTH-PWY: glycogen biosynthesis I (from ADP-D-Glucose)|g__Coprococcus.s__Coprococcus_comes	54.6415649593
GLYCOGENSYNTH-PWY: glycogen biosynthesis I (from ADP-D-Glucose)|g__Blautia.s__Blautia_obeum	48.2849627739
GLYCOGENSYNTH-PWY: glycogen biosynthesis I (from ADP-D-Glucose)|g__Collinsella.s__Collinsella_aerofaciens	44.5801139440
GLYCOGENSYNTH-PWY: glycogen biosynthesis I (from ADP-D-Glucose)|g__Blautia.s__Blautia_wexlerae	39.1942454457
GLYCOGENSYNTH-PWY: glycogen biosynthesis I (from ADP-D-Glucose)|g__Gemmiger.s__Gemmiger_formicilis	38.1971588784
GLYCOGENSYNTH-PWY: glycogen biosynthesis I (from ADP-D-Glucose)|g__Ruminococcus.s__Ruminococcus_bromii	37.4652723760
GLYCOGENSYNTH-PWY: glycogen biosynthesis I (from ADP-D-Glucose)|g__Blautia.s__Ruminococcus_torques	36.5625551840
GLYCOGENSYNTH-PWY: glycogen biosynthesis I (from ADP-D-Glucose)|g__Catenibacterium.s__Catenibacterium_mitsuokai	34.9189402522
GLYCOGENSYNTH-PWY: glycogen biosynthesis I (from ADP-D-Glucose)|g__Roseburia.s__Roseburia_hominis	31.1496334369
GLYCOGENSYNTH-PWY: glycogen biosynthesis I (from ADP-D-Glucose)|g__Eubacterium.s__Eubacterium_hallii	29.1441253941
GLYCOGENSYNTH-PWY: glycogen biosynthesis I (from ADP-D-Glucose)|g__Holdemanella.s__Holdemanella_biformis	27.3511985182
GLYCOGENSYNTH-PWY: glycogen biosynthesis I (from ADP-D-Glucose)|g__Roseburia.s__Roseburia_intestinalis	21.2042617827
GLYCOGENSYNTH-PWY: glycogen biosynthesis I (from ADP-D-Glucose)|g__Dorea.s__Dorea_formicigenerans	19.5012187554
GLYCOGENSYNTH-PWY: glycogen biosynthesis I (from ADP-D-Glucose)|g__Clostridium.s__Clostridium_sp_CAG_632	18.0504218402
GLYCOGENSYNTH-PWY: glycogen biosynthesis I (from ADP-D-Glucose)|g__Clostridium.s__Clostridium_sp_CAG_510	17.0854808676
GLYCOGENSYNTH-PWY: glycogen biosynthesis I (from ADP-D-Glucose)|g__Roseburia.s__Roseburia_sp_CAG_471	16.5789135211
GLYCOGENSYNTH-PWY: glycogen biosynthesis I (from ADP-D-Glucose)|g__Bifidobacterium.s__Bifidobacterium_pseudocatenulatum	13.5118585648
GLYCOGENSYNTH-PWY: glycogen biosynthesis I (from ADP-D-Glucose)|g__Fusicatenibacter.s__Fusicatenibacter_saccharivorans	13.1494953521
GLYCOGENSYNTH-PWY: glycogen biosynthesis I (from ADP-D-Glucose)|g__Coprococcus.s__Coprococcus_catus	12.4608095781
GLYCOGENSYNTH-PWY: glycogen biosynthesis I (from ADP-D-Glucose)|g__Agathobaculum.s__Agathobaculum_butyriciproducens	12.2384613009
GLYCOGENSYNTH-PWY: glycogen biosynthesis I (from ADP-D-Glucose)|g__Firmicutes_unclassified.s__Firmicutes_bacterium_CAG_65_45_313	10.8960009290
GLYCOGENSYNTH-PWY: glycogen biosynthesis I (from ADP-D-Glucose)|g__Roseburia.s__Roseburia_faecis	10.8218093725
GLYCOGENSYNTH-PWY: glycogen biosynthesis I (from ADP-D-Glucose)|g__Firmicutes_unclassified.s__Firmicutes_bacterium_CAG_102	9.9375881936
GLYCOGENSYNTH-PWY: glycogen biosynthesis I (from ADP-D-Glucose)|g__Ruminococcus.s__Ruminococcus_bicirculans	8.6232580728
GLYCOGENSYNTH-PWY: glycogen biosynthesis I (from ADP-D-Glucose)|g__Eubacterium.s__Eubacterium_eligens	7.3904097001
GLYCOGENSYNTH-PWY: glycogen biosynthesis I (from ADP-D-Glucose)|g__Lachnospiraceae_unclassified.s__Eubacterium_rectale	7.3694952199
GLYCOGENSYNTH-PWY: glycogen biosynthesis I (from ADP-D-Glucose)|g__Blautia.s__Blautia_sp	5.0983669314
GLYCOGENSYNTH-PWY: glycogen biosynthesis I (from ADP-D-Glucose)|g__Roseburia.s__Roseburia_sp_CAG_197	2.7102027997
ARO-PWY: chorismate biosynthesis I	1256.9387623992
ARO-PWY: chorismate biosynthesis I|unclassified	288.1867586896
ARO-PWY: chorismate biosynthesis I|g__Faecalibacterium.s__Faecalibacterium_prausnitzii	89.3526346417
ARO-PWY: chorismate biosynthesis I|g__Prevotella.s__Prevotella_sp_AM42_24	55.5760897593
ARO-PWY: chorismate biosynthesis I|g__Dialister.s__Dialister_sp_CAG_486	51.2877207201
ARO-PWY: chorismate biosynthesis I|g__Ruminococcus.s__Ruminococcus_bromii	42.3600861227
ARO-PWY: chorismate biosynthesis I|g__Collinsella.s__Collinsella_aerofaciens	40.0060516129
ARO-PWY: chorismate biosynthesis I|g__Blautia.s__Blautia_obeum	37.5377194277
ARO-PWY: chorismate biosynthesis I|g__Coprococcus.s__Coprococcus_comes	36.7484773558
ARO-PWY: chorismate biosynthesis I|g__Dorea.s__Dorea_longicatena	34.4408727640
ARO-PWY: chorismate biosynthesis I|g__Holdemanella.s__Holdemanella_biformis	28.1484592778
ARO-PWY: chorismate biosynthesis I|g__Clostridium.s__Clostridium_sp_CAG_632	23.3121808478
ARO-PWY: chorismate biosynthesis I|g__Blautia.s__Ruminococcus_torques	22.9747755265
ARO-PWY: chorismate biosynthesis I|g__Catenibacterium.s__Catenibacterium_mitsuokai	21.6198918120
ARO-PWY: chorismate biosynthesis I|g__Roseburia.s__Roseburia_hominis	18.5188656424
ARO-PWY: chorismate biosynthesis I|g__Eubacterium.s__Eubacterium_hallii	17.7359833029
ARO-PWY: chorismate biosynthesis I|g__Clostridium.s__Clostridium_sp_CAG_510	17.3495544050
ARO-PWY: chorismate biosynthesis I|g__Lachnospiraceae_unclassified.s__Eubacterium_rectale	15.1764873703
ARO-PWY: chorismate biosynthesis I|g__Bifidobacterium.s__Bifidobacterium_pseudocatenulatum	13.0181488374
ARO-PWY: chorismate biosynthesis I|g__Sutterella.s__Sutterella_sp_CAG_397	11.4975955433
ARO-PWY: chorismate biosynthesis I|g__Roseburia.s__Roseburia_intestinalis	10.9884017613
ARO-PWY: chorismate biosynthesis I|g__Blautia.s__Blautia_wexlerae	10.3670660129
ARO-PWY: chorismate biosynthesis I|g__Phascolarctobacterium.s__Phascolarctobacterium_succinatutens	9.9116393688
ARO-PWY: chorismate biosynthesis I|g__Roseburia.s__Roseburia_faecis	6.2115407647
ARO-PWY: chorismate biosynthesis I|g__Agathobaculum.s__Agathobaculum_butyriciproducens	5.7965590642
BRANCHED-CHAIN-AA-SYN-PWY: superpathway of branched chain amino acid biosynthesis	1252.0426966617
BRANCHED-CHAIN-AA-SYN-PWY: superpathway of branched chain amino acid biosynthesis|unclassified	179.6858341171
BRANCHED-CHAIN-AA-SYN-PWY: superpathway of branched chain amino acid biosynthesis|g__Prevotella.s__Prevotella_copri	134.6082715903
BRANCHED-CHAIN-AA-SYN-PWY: superpathway of branched chain amino acid biosynthesis|g__Prevotella.s__Prevotella_sp_AM42_24	75.2096968800
BRANCHED-CHAIN-AA-SYN-PWY: superpathway of branched chain amino acid biosynthesis|g__Gemmiger.s__Gemmiger_formicilis	50.7115815700
BRANCHED-CHAIN-AA-SYN-PWY: superpathway of branched chain amino acid biosynthesis|g__Dorea.s__Dorea_longicatena	42.0690606976
BRANCHED-CHAIN-AA-SYN-PWY: superpathway of branched chain amino acid biosynthesis|g__Coprococcus.s__Coprococcus_comes	34.4432210428
BRANCHED-CHAIN-AA-SYN-PWY: superpathway of branched chain amino acid biosynthesis|g__Catenibacterium.s__Catenibacterium_mitsuokai	25.3618910374
BRANCHED-CHAIN-AA-SYN-PWY: superpathway of branched chain amino acid biosynthesis|g__Blautia.s__Blautia_obeum	19.5240401508
BRANCHED-CHAIN-AA-SYN-PWY: superpathway of branched chain amino acid biosynthesis|g__Bifidobacterium.s__Bifidobacterium_pseudocatenulatum	18.2829152063
BRANCHED-CHAIN-AA-SYN-PWY: superpathway of branched chain amino acid biosynthesis|g__Blautia.s__Blautia_wexlerae	18.2154177265
BRANCHED-CHAIN-AA-SYN-PWY: superpathway of branched chain amino acid biosynthesis|g__Blautia.s__Ruminococcus_torques	18.1273293082
BRANCHED-CHAIN-AA-SYN-PWY: superpathway of branched chain amino acid biosynthesis|g__Prevotella.s__Prevotella_sp_CAG_1092	16.9946098308
BRANCHED-CHAIN-AA-SYN-PWY: superpathway of branched chain amino acid biosynthesis|g__Roseburia.s__Roseburia_intestinalis	15.7582210104
BRANCHED-CHAIN-AA-SYN-PWY: superpathway of branched chain amino acid biosynthesis|g__Lachnospiraceae_unclassified.s__Eubacterium_rectale	14.5466611426
BRANCHED-CHAIN-AA-SYN-PWY: superpathway of branched chain amino acid biosynthesis|g__Roseburia.s__Roseburia_hominis	13.6982443256
BRANCHED-CHAIN-AA-SYN-PWY: superpathway of branched chain amino acid biosynthesis|g__Eubacterium.s__Eubacterium_hallii	12.1300025691
BRANCHED-CHAIN-AA-SYN-PWY: superpathway of branched chain amino acid biosynthesis|g__Blautia.s__Blautia_sp	10.2284339875
PWY-6121: 5-aminoimidazole ribonucleotide biosynthesis I	1246.7984988004
PWY-6121: 5-aminoimidazole ribonucleotide biosynthesis I|unclassified	257.3394777804
PWY-6121: 5-aminoimidazole ribonucleotide biosynthesis I|g__Collinsella.s__Collinsella_aerofaciens	63.2931192389
PWY-6121: 5-aminoimidazole ribonucleotide biosynthesis I|g__Faecalibacterium.s__Faecalibacterium_prausnitzii	62.6409361987
PWY-6121: 5-aminoimidazole ribonucleotide biosynthesis I|g__Dorea.s__Dorea_longicatena	43.5610185703
PWY-6121: 5-aminoimidazole ribonucleotide biosynthesis I|g__Dialister.s__Dialister_sp_CAG_486	41.7924037055
PWY-6121: 5-aminoimidazole ribonucleotide biosynthesis I|g__Alistipes.s__Alistipes_sp_CAG_435	41.0830585306
PWY-6121: 5-aminoimidazole ribonucleotide biosynthesis I|g__Gemmiger.s__Gemmiger_formicilis	35.7538384744
PWY-6121: 5-aminoimidazole ribonucleotide biosynthesis I|g__Holdemanella.s__Holdemanella_biformis	35.2167245355
PWY-6121: 5-aminoimidazole ribonucleotide biosynthesis I|g__Coprococcus.s__Coprococcus_comes	34.2553559158
PWY-6121: 5-aminoimidazole ribonucleotide biosynthesis I|g__Blautia.s__Blautia_obeum	31.2074581898
PWY-6121: 5-aminoimidazole ribonucleotide biosynthesis I|g__Ruminococcus.s__Ruminococcus_bromii	31.0002006169
PWY-6121: 5-aminoimidazole ribonucleotide biosynthesis I|g__Blautia.s__Ruminococcus_torques	22.4938219105
PWY-6121: 5-aminoimidazole ribonucleotide biosynthesis I|g__Catenibacterium.s__Catenibacterium_mitsuokai	21.0502696632
PWY-6121: 5-aminoimidazole ribonucleotide biosynthesis I|g__Clostridium.s__Clostridium_sp_CAG_510	20.2504950183
PWY-6121: 5-aminoimidazole ribonucleotide biosynthesis I|g__Clostridium.s__Clostridium_sp_CAG_632	19.0355674420
PWY-6121: 5-aminoimidazole ribonucleotide biosynthesis I|g__Roseburia.s__Roseburia_hominis	17.9006907063
PWY-6121: 5-aminoimidazole ribonucleotide biosynthesis I|g__Bifidobacterium.s__Bifidobacterium_pseudocatenulatum	14.1384559854
PWY-6121: 5-aminoimidazole ribonucleotide biosynthesis I|g__Eubacterium.s__Eubacterium_hallii	13.6959509964
PWY-6121: 5-aminoimidazole ribonucleotide biosynthesis I|g__Blautia.s__Blautia_wexlerae	12.9284453133
PWY-6121: 5-aminoimidazole ribonucleotide biosynthesis I|g__Lachnospiraceae_unclassified.s__Eubacterium_rectale	12.2870519205
PWY-6121: 5-aminoimidazole ribonucleotide biosynthesis I|g__Sutterella.s__Sutterella_sp_CAG_397	10.6961803454
PWY-6121: 5-aminoimidazole ribonucleotide biosynthesis I|g__Firmicutes_unclassified.s__Firmicutes_bacterium_CAG_65_45_313	10.6365101539
PWY-6121: 5-aminoimidazole ribonucleotide biosynthesis I|g__Dorea.s__Dorea_formicigenerans	10.4107462445
PWY-6121: 5-aminoimidazole ribonucleotide biosynthesis I|g__Agathobaculum.s__Agathobaculum_butyriciproducens	10.2112528006
PWY-6121: 5-aminoimidazole ribonucleotide biosynthesis I|g__Roseburia.s__Roseburia_intestinalis	9.0554045268
PWY-6121: 5-aminoimidazole ribonucleotide biosynthesis I|g__Phascolarctobacterium.s__Phascolarctobacterium_succinatutens	8.8920866405
PWY-6121: 5-aminoimidazole ribonucleotide biosynthesis I|g__Eggerthella.s__Eggerthella_sp_CAG_209	8.4389555170
PWY-6121: 5-aminoimidazole ribonucleotide biosynthesis I|g__Roseburia.s__Roseburia_faecis	8.3872513779
PWY-6121: 5-aminoimidazole ribonucleotide biosynthesis I|g__Blautia.s__Blautia_sp	7.8152742233
PWY-6121: 5-aminoimidazole ribonucleotide biosynthesis I|g__Oscillibacter.s__Oscillibacter_sp_57_20	7.5729079634
PWY-6121: 5-aminoimidazole ribonucleotide biosynthesis I|g__Fusicatenibacter.s__Fusicatenibacter_saccharivorans	7.3512680937
ANAGLYCOLYSIS-PWY: glycolysis III (from glucose)	1202.3101902881
ANAGLYCOLYSIS-PWY: glycolysis III (from glucose)|unclassified	230.1977271820
ANAGLYCOLYSIS-PWY: glycolysis III (from glucose)|g__Faecalibacterium.s__Faecalibacterium_prausnitzii	55.3979612923
ANAGLYCOLYSIS-PWY: glycolysis III (from glucose)|g__Collinsella.s__Collinsella_aerofaciens	46.5075776993
ANAGLYCOLYSIS-PWY: glycolysis III (from glucose)|g__Prevotella.s__Prevotella_copri	43.2515482534
ANAGLYCOLYSIS-PWY: glycolysis III (from glucose)|g__Dorea.s__Dorea_longicatena	30.5464486967
ANAGLYCOLYSIS-PWY: glycolysis III (from glucose)|g__Coprococcus.s__Coprococcus_comes	27.6368819155
ANAGLYCOLYSIS-PWY: glycolysis III (from glucose)|g__Blautia.s__Blautia_wexlerae	22.8426512933
ANAGLYCOLYSIS-PWY: glycolysis III (from glucose)|g__Blautia.s__Ruminococcus_torques	20.6236624495
ANAGLYCOLYSIS-PWY: glycolysis III (from glucose)|g__Catenibacterium.s__Catenibacterium_mitsuokai	19.3274596911
ANAGLYCOLYSIS-PWY: glycolysis III (from glucose)|g__Blautia.s__Blautia_obeum	15.8858995412
ANAGLYCOLYSIS-PWY: glycolysis III (from glucose)|g__Lachnospiraceae_unclassified.s__Eubacterium_rectale	14.1529201014
ANAGLYCOLYSIS-PWY: glycolysis III (from glucose)|g__Roseburia.s__Roseburia_hominis	12.9395863289
ANAGLYCOLYSIS-PWY: glycolysis III (from glucose)|g__Roseburia.s__Roseburia_faecis	10.5488803908
ANAGLYCOLYSIS-PWY: glycolysis III (from glucose)|g__Ruminococcus.s__Ruminococcus_bicirculans	9.8440886117
PWY-5941: glycogen degradation II	1188.6617353432
PWY-5941: glycogen degradation II|unclassified	106.0240020448
PWY-5941: glycogen degradation II|g__Faecalibacterium.s__Faecalibacterium_prausnitzii	102.1635778081
PWY-5941: glycogen degradation II|g__Dorea.s__Dorea_longicatena	77.6064505851
PWY-5941: glycogen degradation II|g__Collinsella.s__Collinsella_aerofaciens	70.1572647701
PWY-5941: glycogen degradation II|g__Blautia.s__Blautia_obeum	54.7140266265
PWY-5941: glycogen degradation II|g__Coprococcus.s__Coprococcus_comes	41.3524524361
PWY-5941: glycogen degradation II|g__Roseburia.s__Roseburia_hominis	36.2728362776
PWY-5941: glycogen degradation II|g__Blautia.s__Blautia_wexlerae	33.0708740783
PWY-5941: glycogen degradation II|g__Catenibacterium.s__Catenibacterium_mitsuokai	32.4160200026
PWY-5941: glycogen degradation II|g__Blautia.s__Ruminococcus_torques	31.3011460209
PWY-5941: glycogen degradation II|g__Roseburia.s__Roseburia_intestinalis	25.3469624387
PWY-5941: glycogen degradation II|g__Holdemanella.s__Holdemanella_biformis	24.9670014897
PWY-5941: glycogen degradation II|g__Bifidobacterium.s__Bifidobacterium_pseudocatenulatum	22.8974845449
PWY-5941: glycogen degradation II|g__Eubacterium.s__Eubacterium_hallii	22.8806692684
PWY-5941: glycogen degradation II|g__Dorea.s__Dorea_formicigenerans	22.4175692304
PWY-5941: glycogen degradation II|g__Roseburia.s__Roseburia_faecis	11.6267308216
PWY-5941: glycogen degradation II|g__Roseburia.s__Roseburia_sp_CAG_471	11.2509314795
PWY-5941: glycogen degradation II|g__Blautia.s__Blautia_sp	10.2129798101
PWY-5941: glycogen degradation II|g__Coprococcus.s__Coprococcus_catus	7.7635854526
PWY-5941: glycogen degradation II|g__Firmicutes_unclassified.s__Firmicutes_bacterium_AM10_47	1.7117425539
PWY-5103: L-isoleucine biosynthesis III	1174.4456464354
PWY-5103: L-isoleucine biosynthesis III|unclassified	145.7889141760
PWY-5103: L-isoleucine biosynthesis III|g__Prevotella.s__Prevotella_copri	106.6350624047
PWY-5103: L-isoleucine biosynthesis III|g__Prevotella.s__Prevotella_sp_AM42_24	80.5449971966
PWY-5103: L-isoleucine biosynthesis III|g__Gemmiger.s__Gemmiger_formicilis	48.8229254959
PWY-5103: L-isoleucine biosynthesis III|g__Dorea.s__Dorea_longicatena	41.0140661442
PWY-5103: L-isoleucine biosynthesis III|g__Coprococcus.s__Coprococcus_comes	29.9322948771
PWY-5103: L-isoleucine biosynthesis III|g__Catenibacterium.s__Catenibacterium_mitsuokai	22.6865336479
PWY-5103: L-isoleucine biosynthesis III|g__Blautia.s__Ruminococcus_torques	20.5615651425
PWY-5103: L-isoleucine biosynthesis III|g__Prevotella.s__Prevotella_sp_CAG_1092	17.5924884043
PWY-5103: L-isoleucine biosynthesis III|g__Dorea.s__Dorea_formicigenerans	16.2027233902
PWY-5103: L-isoleucine biosynthesis III|g__Bifidobacterium.s__Bifidobacterium_pseudocatenulatum	15.7522820042
PWY-5103: L-isoleucine biosynthesis III|g__Lachnospiraceae_unclassified.s__Eubacterium_rectale	15.2443878281
PWY-5103: L-isoleucine biosynthesis III|g__Blautia.s__Blautia_obeum	14.7774982960
PWY-5103: L-isoleucine biosynthesis III|g__Blautia.s__Blautia_wexlerae	14.1990183598
PWY-5103: L-isoleucine biosynthesis III|g__Roseburia.s__Roseburia_intestinalis	14.1243348000
PWY-5103: L-isoleucine biosynthesis III|g__Eubacterium.s__Eubacterium_hallii	11.3184624116
PWY-5103: L-isoleucine biosynthesis III|g__Roseburia.s__Roseburia_hominis	10.5696179012
PWY-5103: L-isoleucine biosynthesis III|g__Blautia.s__Blautia_sp	10.0798464794
PWY-5103: L-isoleucine biosynthesis III|g__Agathobaculum.s__Agathobaculum_butyriciproducens	7.9656358575
PWY-5103: L-isoleucine biosynthesis III|g__Firmicutes_unclassified.s__Firmicutes_bacterium_CAG_194	5.4274393114
PWY-6700: queuosine biosynthesis I (de novo)	1165.2073955494
PWY-6700: queuosine biosynthesis I (de novo)|unclassified	344.7682890111
PWY-6700: queuosine biosynthesis I (de novo)|g__Prevotella.s__Prevotella_copri	96.3649842843
PWY-6700: queuosine biosynthesis I (de novo)|g__Prevotella.s__Prevotella_sp_CAG_520	68.1912030071
PWY-6700: queuosine biosynthesis I (de novo)|g__Clostridium.s__Clostridium_sp_CAG_628	54.9532582153
PWY-6700: queuosine biosynthesis I (de novo)|g__Prevotella.s__Prevotella_sp_AM42_24	52.7013142283
PWY-6700: queuosine biosynthesis I (de novo)|g__Faecalibacterium.s__Faecalibacterium_prausnitzii	43.1282891601
PWY-6700: queuosine biosynthesis I (de novo)|g__Collinsella.s__Collinsella_aerofaciens	42.0088991908
PWY-6700: queuosine biosynthesis I (de novo)|g__Gemmiger.s__Gemmiger_formicilis	38.2593678388
PWY-6700: queuosine biosynthesis I (de novo)|g__Alistipes.s__Alistipes_sp_CAG_435	35.3461293594
PWY-6700: queuosine biosynthesis I (de novo)|g__Ruminococcus.s__Ruminococcus_bromii	34.6362297791
PWY-6700: queuosine biosynthesis I (de novo)|g__Roseburia.s__Roseburia_hominis	28.0626206896
PWY-6700: queuosine biosynthesis I (de novo)|g__Coprococcus.s__Coprococcus_comes	26.1659674290
PWY-6700: queuosine biosynthesis I (de novo)|g__Prevotella.s__Prevotella_sp_CAG_1092	26.1268857279
PWY-6700: queuosine biosynthesis I (de novo)|g__Prevotella.s__Prevotella_sp_CAG_5226	25.6769189198
PWY-6700: queuosine biosynthesis I (de novo)|g__Catenibacterium.s__Catenibacterium_mitsuokai	20.3291943402
PWY-6700: queuosine biosynthesis I (de novo)|g__Prevotella.s__Prevotella_sp_CAG_279	18.2422947928
PWY-6700: queuosine biosynthesis I (de novo)|g__Clostridium.s__Clostridium_sp_CAG_632	17.8810907465
PWY-6700: queuosine biosynthesis I (de novo)|g__Blautia.s__Blautia_obeum	17.2513368750
PWY-6700: queuosine biosynthesis I (de novo)|g__Blautia.s__Ruminococcus_torques	16.4397075408
PWY-6700: queuosine biosynthesis I (de novo)|g__Prevotella.s__Prevotella_sp_CAG_386	16.3494556093
PWY-6700: queuosine biosynthesis I (de novo)|g__Eubacterium.s__Eubacterium_hallii	15.9572464478
PWY-6700: queuosine biosynthesis I (de novo)|g__Firmicutes_unclassified.s__Firmicutes_bacterium_CAG_129	14.2937362806
PWY-6700: queuosine biosynthesis I (de novo)|g__Oscillibacter.s__Oscillibacter_sp_57_20	14.1669825205
PWY-6700: queuosine biosynthesis I (de novo)|g__Dorea.s__Dorea_longicatena	13.7569688197
PWY-6700: queuosine biosynthesis I (de novo)|g__Roseburia.s__Roseburia_sp_CAG_471	13.6525249111
PWY-6700: queuosine biosynthesis I (de novo)|g__Bacteroides.s__Bacteroides_sp_CAG_545	13.3603334351
PWY-6700: queuosine biosynthesis I (de novo)|g__Clostridium.s__Clostridium_sp_CAG_510	12.9351341069
PWY-6700: queuosine biosynthesis I (de novo)|g__Sutterella.s__Sutterella_sp_CAG_397	12.0845921450
PWY-6700: queuosine biosynthesis I (de novo)|g__Ruminococcus.s__Ruminococcus_bicirculans	9.8231827112
PWY-6700: queuosine biosynthesis I (de novo)|g__Oscillibacter.s__Oscillibacter_sp_CAG_241	9.7566205640
PWY-6700: queuosine biosynthesis I (de novo)|g__Roseburia.s__Roseburia_faecis	9.6899224806
PWY-6700: queuosine biosynthesis I (de novo)|g__Phascolarctobacterium.s__Phascolarctobacterium_succinatutens	8.4299262381
PWY-6700: queuosine biosynthesis I (de novo)|g__Bacteroides.s__Bacteroides_sp_CAG_770	8.0686826718
PWY-6700: queuosine biosynthesis I (de novo)|g__Lachnospiraceae_unclassified.s__Eubacterium_rectale	7.8508341511
PWY-6700: queuosine biosynthesis I (de novo)|g__Prevotella.s__Prevotella_sp_885	6.7358291986
PWY-6700: queuosine biosynthesis I (de novo)|g__Eggerthella.s__Eggerthella_sp_CAG_209	6.0763888889
PWY-6700: queuosine biosynthesis I (de novo)|g__Blautia.s__Blautia_wexlerae	5.9236150559
CALVIN-PWY: Calvin-Benson-Bassham cycle	1121.5119535773
CALVIN-PWY: Calvin-Benson-Bassham cycle|unclassified	194.1003314779
CALVIN-PWY: Calvin-Benson-Bassham cycle|g__Prevotella.s__Prevotella_copri	81.5925450569
CALVIN-PWY: Calvin-Benson-Bassham cycle|g__Collinsella.s__Collinsella_aerofaciens	64.2540937047
CALVIN-PWY: Calvin-Benson-Bassham cycle|g__Blautia.s__Blautia_wexlerae	32.8550933058
CALVIN-PWY: Calvin-Benson-Bassham cycle|g__Eubacterium.s__Eubacterium_hallii	26.4129862353
CALVIN-PWY: Calvin-Benson-Bassham cycle|g__Blautia.s__Ruminococcus_torques	25.6592274445
CALVIN-PWY: Calvin-Benson-Bassham cycle|g__Blautia.s__Blautia_obeum	16.8698617474
CALVIN-PWY: Calvin-Benson-Bassham cycle|g__Blautia.s__Blautia_sp	13.0215691301
CALVIN-PWY: Calvin-Benson-Bassham cycle|g__Lachnospiraceae_unclassified.s__Eubacterium_rectale	12.3673196574
CALVIN-PWY: Calvin-Benson-Bassham cycle|g__Fusicatenibacter.s__Fusicatenibacter_saccharivorans	8.2280340876
CALVIN-PWY: Calvin-Benson-Bassham cycle|g__Roseburia.s__Roseburia_faecis	8.0167653574
CALVIN-PWY: Calvin-Benson-Bassham cycle|g__Eubacterium.s__Eubacterium_eligens	7.4739395529
CALVIN-PWY: Calvin-Benson-Bassham cycle|g__Firmicutes_unclassified.s__Firmicutes_bacterium_CAG_102	6.9538539060
COA-PWY-1: superpathway of coenzyme A biosynthesis III (mammals)	1117.6863029312
COA-PWY-1: superpathway of coenzyme A biosynthesis III (mammals)|unclassified	256.8252272510
COA-PWY-1: superpathway of coenzyme A biosynthesis III (mammals)|g__Faecalibacterium.s__Faecalibacterium_prausnitzii	46.5764537929
COA-PWY-1: superpathway of coenzyme A biosynthesis III (mammals)|g__Prevotella.s__Prevotella_sp_CAG_5226	41.1088816656
COA-PWY-1: superpathway of coenzyme A biosynthesis III (mammals)|g__Collinsella.s__Collinsella_aerofaciens	24.5979335603
COA-PWY-1: superpathway of coenzyme A biosynthesis III (mammals)|g__Gemmiger.s__Gemmiger_formicilis	23.3756440870
COA-PWY-1: superpathway of coenzyme A biosynthesis III (mammals)|g__Clostridium.s__Clostridium_sp_CAG_632	22.2278353119
COA-PWY-1: superpathway of coenzyme A biosynthesis III (mammals)|g__Coprococcus.s__Coprococcus_comes	19.0026488541
COA-PWY-1: superpathway of coenzyme A biosynthesis III (mammals)|g__Blautia.s__Blautia_obeum	15.9596250033
COA-PWY-1: superpathway of coenzyme A biosynthesis III (mammals)|g__Catenibacterium.s__Catenibacterium_mitsuokai	14.3410707559
COA-PWY-1: superpathway of coenzyme A biosynthesis III (mammals)|g__Dorea.s__Dorea_longicatena	13.9727941479
COA-PWY-1: superpathway of coenzyme A biosynthesis III (mammals)|g__Bifidobacterium.s__Bifidobacterium_pseudocatenulatum	13.3868808568
COA-PWY-1: superpathway of coenzyme A biosynthesis III (mammals)|g__Blautia.s__Ruminococcus_torques	12.9990252965
COA-PWY-1: superpathway of coenzyme A biosynthesis III (mammals)|g__Dorea.s__Dorea_formicigenerans	11.2502311018
COA-PWY-1: superpathway of coenzyme A biosynthesis III (mammals)|g__Fusicatenibacter.s__Fusicatenibacter_saccharivorans	10.0244231400
COA-PWY-1: superpathway of coenzyme A biosynthesis III (mammals)|g__Blautia.s__Blautia_wexlerae	9.8052032945
COA-PWY-1: superpathway of coenzyme A biosynthesis III (mammals)|g__Roseburia.s__Roseburia_intestinalis	8.6740594598
COA-PWY-1: superpathway of coenzyme A biosynthesis III (mammals)|g__Prevotella.s__Prevotella_sp_CAG_279	8.6339996750
COA-PWY-1: superpathway of coenzyme A biosynthesis III (mammals)|g__Eubacterium.s__Eubacterium_hallii	7.0871722183
PWY-7977: L-methionine biosynthesis IV	1091.5867465394
PWY-7977: L-methionine biosynthesis IV|unclassified	207.3208777263
PWY-7977: L-methionine biosynthesis IV|g__Prevotella.s__Prevotella_copri	105.2748564451
PWY-7977: L-methionine biosynthesis IV|g__Prevotella.s__Prevotella_sp_AM42_24	58.9700961767
PWY-7977: L-methionine biosynthesis IV|g__Collinsella.s__Collinsella_aerofaciens	56.5394709038
PWY-7977: L-methionine biosynthesis IV|g__Prevotella.s__Prevotella_sp_CAG_520	49.4255136095
PWY-7977: L-methionine biosynthesis IV|g__Dorea.s__Dorea_longicatena	34.3121183385
PWY-7977: L-methionine biosynthesis IV|g__Prevotella.s__Prevotella_sp_CAG_5226	31.3183799116
PWY-7977: L-methionine biosynthesis IV|g__Coprococcus.s__Coprococcus_comes	28.7059682891
PWY-7977: L-methionine biosynthesis IV|g__Faecalibacterium.s__Faecalibacterium_prausnitzii	27.0672616296
PWY-7977: L-methionine biosynthesis IV|g__Catenibacterium.s__Catenibacterium_mitsuokai	21.8102236286
PWY-7977: L-methionine biosynthesis IV|g__Prevotella.s__Prevotella_sp_CAG_386	15.6635476861
PWY-7977: L-methionine biosynthesis IV|g__Roseburia.s__Roseburia_hominis	14.2018673536
PWY-7977: L-methionine biosynthesis IV|g__Bacteroides.s__Bacteroides_sp_CAG_545	12.2576978597
PWY-7977: L-methionine biosynthesis IV|g__Eubacterium.s__Eubacterium_hallii	10.5185341034
PWY-7977: L-methionine biosynthesis IV|g__Fusicatenibacter.s__Fusicatenibacter_saccharivorans	8.9095565228
PWY-7977: L-methionine biosynthesis IV|g__Blautia.s__Ruminococcus_torques	8.4835772709
PWY-7977: L-methionine biosynthesis IV|g__Eubacterium.s__Eubacterium_eligens	8.1512290053
PWY-7977: L-methionine biosynthesis IV|g__Prevotella.s__Prevotella_sp_885	1.5092346294
ARGSYN-PWY: L-arginine biosynthesis I (via L-ornithine)	1088.5859581282
ARGSYN-PWY: L-arginine biosynthesis I (via L-ornithine)|unclassified	213.1511873407
ARGSYN-PWY: L-arginine biosynthesis I (via L-ornithine)|g__Faecalibacterium.s__Faecalibacterium_prausnitzii	89.6286669609
ARGSYN-PWY: L-arginine biosynthesis I (via L-ornithine)|g__Gemmiger.s__Gemmiger_formicilis	49.0010625090
ARGSYN-PWY: L-arginine biosynthesis I (via L-ornithine)|g__Collinsella.s__Collinsella_aerofaciens	42.2157830150
ARGSYN-PWY: L-arginine biosynthesis I (via L-ornithine)|g__Blautia.s__Blautia_wexlerae	34.5009434532
ARGSYN-PWY: L-arginine biosynthesis I (via L-ornithine)|g__Dorea.s__Dorea_longicatena	28.2338886955
ARGSYN-PWY: L-arginine biosynthesis I (via L-ornithine)|g__Coprococcus.s__Coprococcus_comes	26.8724668607
ARGSYN-PWY: L-arginine biosynthesis I (via L-ornithine)|g__Roseburia.s__Roseburia_hominis	21.9448957519
ARGSYN-PWY: L-arginine biosynthesis I (via L-ornithine)|g__Blautia.s__Ruminococcus_torques	21.4134851949
ARGSYN-PWY: L-arginine biosynthesis I (via L-ornithine)|g__Catenibacterium.s__Catenibacterium_mitsuokai	18.4649361732
ARGSYN-PWY: L-arginine biosynthesis I (via L-ornithine)|g__Clostridium.s__Clostridium_sp_CAG_632	17.0324693608
ARGSYN-PWY: L-arginine biosynthesis I (via L-ornithine)|g__Clostridium.s__Clostridium_sp_CAG_510	16.0099155159
ARGSYN-PWY: L-arginine biosynthesis I (via L-ornithine)|g__Sutterella.s__Sutterella_sp_CAG_397	15.5729046054
ARGSYN-PWY: L-arginine biosynthesis I (via L-ornithine)|g__Ruminococcus.s__Ruminococcus_bicirculans	12.4751143251
ARGSYN-PWY: L-arginine biosynthesis I (via L-ornithine)|g__Dorea.s__Dorea_formicigenerans	11.9765428638
ARGSYN-PWY: L-arginine biosynthesis I (via L-ornithine)|g__Firmicutes_unclassified.s__Firmicutes_bacterium_CAG_65_45_313	10.6217906409
ARGSYN-PWY: L-arginine biosynthesis I (via L-ornithine)|g__Blautia.s__Blautia_obeum	9.4132473387
ARGSYN-PWY: L-arginine biosynthesis I (via L-ornithine)|g__Roseburia.s__Roseburia_intestinalis	9.1079353794
ARGSYN-PWY: L-arginine biosynthesis I (via L-ornithine)|g__Lachnospiraceae_unclassified.s__Eubacterium_rectale	8.2772350370
ARGSYN-PWY: L-arginine biosynthesis I (via L-ornithine)|g__Bifidobacterium.s__Bifidobacterium_pseudocatenulatum	8.1021111641
ARGSYN-PWY: L-arginine biosynthesis I (via L-ornithine)|g__Roseburia.s__Roseburia_faecis	7.0508088366
PWY-5097: L-lysine biosynthesis VI	1087.6927728315
PWY-5097: L-lysine biosynthesis VI|unclassified	237.6173422377
PWY-5097: L-lysine biosynthesis VI|g__Prevotella.s__Prevotella_copri	91.5163532902
PWY-5097: L-lysine biosynthesis VI|g__Prevotella.s__Prevotella_sp_AM42_24	48.7750839748
PWY-5097: L-lysine biosynthesis VI|g__Dorea.s__Dorea_longicatena	41.5981741272
PWY-5097: L-lysine biosynthesis VI|g__Faecalibacterium.s__Faecalibacterium_prausnitzii	38.8639753192
PWY-5097: L-lysine biosynthesis VI|g__Blautia.s__Blautia_obeum	36.4393848265
PWY-5097: L-lysine biosynthesis VI|g__Prevotella.s__Prevotella_sp_CAG_5226	31.7087098959
PWY-5097: L-lysine biosynthesis VI|g__Coprococcus.s__Coprococcus_comes	30.9154145511
PWY-5097: L-lysine biosynthesis VI|g__Ruminococcus.s__Ruminococcus_bromii	30.7769794338
PWY-5097: L-lysine biosynthesis VI|g__Gemmiger.s__Gemmiger_formicilis	24.5137675183
PWY-5097: L-lysine biosynthesis VI|g__Blautia.s__Blautia_wexlerae	24.0855815374
PWY-5097: L-lysine biosynthesis VI|g__Roseburia.s__Roseburia_hominis	22.8360511141
PWY-5097: L-lysine biosynthesis VI|g__Catenibacterium.s__Catenibacterium_mitsuokai	20.8675218467
PWY-5097: L-lysine biosynthesis VI|g__Bifidobacterium.s__Bifidobacterium_pseudocatenulatum	17.8224385901
PWY-5097: L-lysine biosynthesis VI|g__Prevotella.s__Prevotella_sp_CAG_386	15.6811377923
PWY-5097: L-lysine biosynthesis VI|g__Prevotella.s__Prevotella_sp_CAG_1092	15.4034171889
PWY-5097: L-lysine biosynthesis VI|g__Roseburia.s__Roseburia_intestinalis	10.7570479159
PWY-5097: L-lysine biosynthesis VI|g__Dorea.s__Dorea_formicigenerans	10.0027987912
PWY-5097: L-lysine biosynthesis VI|g__Eubacterium.s__Eubacterium_hallii	9.8476659692
PWY-5097: L-lysine biosynthesis VI|g__Fusicatenibacter.s__Fusicatenibacter_saccharivorans	7.7221184017
1CMET2-PWY: folate transformations III (E. coli)	1086.6003037191
1CMET2-PWY: folate transformations III (E. coli)|unclassified	224.6624953737
1CMET2-PWY: folate transformations III (E. coli)|g__Prevotella.s__Prevotella_sp_CAG_520	55.1810704211
1CMET2-PWY: folate transformations III (E. coli)|g__Prevotella.s__Prevotella_sp_CAG_5226	36.1316432867
1CMET2-PWY: folate transformations III (E. coli)|g__Dorea.s__Dorea_longicatena	32.2168120468
1CMET2-PWY: folate transformations III (E. coli)|g__Coprococcus.s__Coprococcus_comes	25.8389034448
1CMET2-PWY: folate transformations III (E. coli)|g__Blautia.s__Blautia_obeum	8.0589641246
1CMET2-PWY: folate transformations III (E. coli)|g__Blautia.s__Ruminococcus_torques	7.6811365989
COA-PWY: coenzyme A biosynthesis I (prokaryotic)	1077.0415799982
COA-PWY: coenzyme A biosynthesis I (prokaryotic)|unclassified	237.6031813133
COA-PWY: coenzyme A biosynthesis I (prokaryotic)|g__Prevotella.s__Prevotella_sp_CAG_520	85.8301545859
COA-PWY: coenzyme A biosynthesis I (prokaryotic)|g__Prevotella.s__Prevotella_sp_AM42_24	69.8338089642
COA-PWY: coenzyme A biosynthesis I (prokaryotic)|g__Prevotella.s__Prevotella_copri	52.9738806320
COA-PWY: coenzyme A biosynthesis I (prokaryotic)|g__Faecalibacterium.s__Faecalibacterium_prausnitzii	45.5357380895
COA-PWY: coenzyme A biosynthesis I (prokaryotic)|g__Dialister.s__Dialister_sp_CAG_486	41.3060314958
COA-PWY: coenzyme A biosynthesis I (prokaryotic)|g__Prevotella.s__Prevotella_sp_CAG_5226	39.2260523063
COA-PWY: coenzyme A biosynthesis I (prokaryotic)|g__Coprococcus.s__Coprococcus_comes	31.2722103767
COA-PWY: coenzyme A biosynthesis I (prokaryotic)|g__Collinsella.s__Collinsella_aerofaciens	27.8158889117
COA-PWY: coenzyme A biosynthesis I (prokaryotic)|g__Gemmiger.s__Gemmiger_formicilis	25.9740259740
COA-PWY: coenzyme A biosynthesis I (prokaryotic)|g__Clostridium.s__Clostridium_sp_CAG_632	22.9930106473
COA-PWY: coenzyme A biosynthesis I (prokaryotic)|g__Catenibacterium.s__Catenibacterium_mitsuokai	21.3184006287
COA-PWY: coenzyme A biosynthesis I (prokaryotic)|g__Holdemanella.s__Holdemanella_biformis	19.1470844212
COA-PWY: coenzyme A biosynthesis I (prokaryotic)|g__Blautia.s__Ruminococcus_torques	18.0746999127
COA-PWY: coenzyme A biosynthesis I (prokaryotic)|g__Dorea.s__Dorea_longicatena	17.5812811066
COA-PWY: coenzyme A biosynthesis I (prokaryotic)|g__Blautia.s__Blautia_obeum	17.3938942536
COA-PWY: coenzyme A biosynthesis I (prokaryotic)|g__Bifidobacterium.s__Bifidobacterium_pseudocatenulatum	16.2601626016
COA-PWY: coenzyme A biosynthesis I (prokaryotic)|g__Prevotella.s__Prevotella_sp_CAG_386	14.4800955465
COA-PWY: coenzyme A biosynthesis I (prokaryotic)|g__Sutterella.s__Sutterella_sp_CAG_397	13.0240130240
COA-PWY: coenzyme A biosynthesis I (prokaryotic)|g__Roseburia.s__Roseburia_faecis	12.9449838188
COA-PWY: coenzyme A biosynthesis I (prokaryotic)|g__Dorea.s__Dorea_formicigenerans	11.9416695373
COA-PWY: coenzyme A biosynthesis I (prokaryotic)|g__Lachnospiraceae_unclassified.s__Eubacterium_rectale	11.2834978843
COA-PWY: coenzyme A biosynthesis I (prokaryotic)|g__Fusicatenibacter.s__Fusicatenibacter_saccharivorans	11.1686465631
COA-PWY: coenzyme A biosynthesis I (prokaryotic)|g__Roseburia.s__Roseburia_intestinalis	10.0502512563
COA-PWY: coenzyme A biosynthesis I (prokaryotic)|g__Blautia.s__Blautia_wexlerae	9.0579710145
COA-PWY: coenzyme A biosynthesis I (prokaryotic)|g__Phascolarctobacterium.s__Phascolarctobacterium_succinatutens	9.0334236676
COA-PWY: coenzyme A biosynthesis I (prokaryotic)|g__Prevotella.s__Prevotella_sp_CAG_279	7.3340667400
COA-PWY: coenzyme A biosynthesis I (prokaryotic)|g__Ruminococcus.s__Ruminococcus_bicirculans	7.0742799394
COA-PWY: coenzyme A biosynthesis I (prokaryotic)|g__Firmicutes_unclassified.s__Firmicutes_bacterium_CAG_194	6.6945606695
COA-PWY: coenzyme A biosynthesis I (prokaryotic)|g__Eubacterium.s__Eubacterium_hallii	6.3745019920
ARGSYNBSUB-PWY: L-arginine biosynthesis II (acetyl cycle)	1064.6336055960
ARGSYNBSUB-PWY: L-arginine biosynthesis II (acetyl cycle)|unclassified	221.1629215863
ARGSYNBSUB-PWY: L-arginine biosynthesis II (acetyl cycle)|g__Faecalibacterium.s__Faecalibacterium_prausnitzii	83.0687075058
ARGSYNBSUB-PWY: L-arginine biosynthesis II (acetyl cycle)|g__Gemmiger.s__Gemmiger_formicilis	54.8140799440
ARGSYNBSUB-PWY: L-arginine biosynthesis II (acetyl cycle)|g__Ruminococcus.s__Ruminococcus_bromii	48.1115589509
ARGSYNBSUB-PWY: L-arginine biosynthesis II (acetyl cycle)|g__Collinsella.s__Collinsella_aerofaciens	38.7970787126
ARGSYNBSUB-PWY: L-arginine biosynthesis II (acetyl cycle)|g__Dorea.s__Dorea_longicatena	32.0225288975
ARGSYNBSUB-PWY: L-arginine biosynthesis II (acetyl cycle)|g__Blautia.s__Blautia_wexlerae	29.0716759982
ARGSYNBSUB-PWY: L-arginine biosynthesis II (acetyl cycle)|g__Coprococcus.s__Coprococcus_comes	28.9197655940
ARGSYNBSUB-PWY: L-arginine biosynthesis II (acetyl cycle)|g__Roseburia.s__Roseburia_hominis	24.2906575910
ARGSYNBSUB-PWY: L-arginine biosynthesis II (acetyl cycle)|g__Clostridium.s__Clostridium_sp_CAG_632	20.9705908318
ARGSYNBSUB-PWY: L-arginine biosynthesis II (acetyl cycle)|g__Blautia.s__Ruminococcus_torques	20.2259175878
ARGSYNBSUB-PWY: L-arginine biosynthesis II (acetyl cycle)|g__Catenibacterium.s__Catenibacterium_mitsuokai	18.9072560156
ARGSYNBSUB-PWY: L-arginine biosynthesis II (acetyl cycle)|g__Sutterella.s__Sutterella_sp_CAG_397	17.3016083939
ARGSYNBSUB-PWY: L-arginine biosynthesis II (acetyl cycle)|g__Clostridium.s__Clostridium_sp_CAG_510	16.8314636690
ARGSYNBSUB-PWY: L-arginine biosynthesis II (acetyl cycle)|g__Ruminococcus.s__Ruminococcus_bicirculans	13.7719014569
ARGSYNBSUB-PWY: L-arginine biosynthesis II (acetyl cycle)|g__Firmicutes_unclassified.s__Firmicutes_bacterium_CAG_65_45_313	13.2417476395
ARGSYNBSUB-PWY: L-arginine biosynthesis II (acetyl cycle)|g__Dorea.s__Dorea_formicigenerans	12.5478832946
ARGSYNBSUB-PWY: L-arginine biosynthesis II (acetyl cycle)|g__Blautia.s__Blautia_obeum	12.4619372640
ARGSYNBSUB-PWY: L-arginine biosynthesis II (acetyl cycle)|g__Roseburia.s__Roseburia_intestinalis	10.9753403591
ARGSYNBSUB-PWY: L-arginine biosynthesis II (acetyl cycle)|g__Lachnospiraceae_unclassified.s__Eubacterium_rectale	10.2463117732
ARGSYNBSUB-PWY: L-arginine biosynthesis II (acetyl cycle)|g__Roseburia.s__Roseburia_faecis	9.0580096069
ARGSYNBSUB-PWY: L-arginine biosynthesis II (acetyl cycle)|g__Bifidobacterium.s__Bifidobacterium_pseudocatenulatum	8.7215363436
ARGSYNBSUB-PWY: L-arginine biosynthesis II (acetyl cycle)|g__Firmicutes_unclassified.s__Firmicutes_bacterium_CAG_102	8.5490532622
ARGSYNBSUB-PWY: L-arginine biosynthesis II (acetyl cycle)|g__Blautia.s__Blautia_sp	6.1023858443
PWY-7851: coenzyme A biosynthesis II (eukaryotic)	1059.7819641097
PWY-7851: coenzyme A biosynthesis II (eukaryotic)|unclassified	237.6031813133
PWY-7851: coenzyme A biosynthesis II (eukaryotic)|g__Prevotella.s__Prevotella_sp_CAG_520	85.8301545859
PWY-7851: coenzyme A biosynthesis II (eukaryotic)|g__Prevotella.s__Prevotella_sp_AM42_24	60.4723077533
PWY-7851: coenzyme A biosynthesis II (eukaryotic)|g__Prevotella.s__Prevotella_copri	52.9738806320
PWY-7851: coenzyme A biosynthesis II (eukaryotic)|g__Faecalibacterium.s__Faecalibacterium_prausnitzii	39.6425397104
PWY-7851: coenzyme A biosynthesis II (eukaryotic)|g__Prevotella.s__Prevotella_sp_CAG_5226	39.2260523063
PWY-7851: coenzyme A biosynthesis II (eukaryotic)|g__Collinsella.s__Collinsella_aerofaciens	20.5232030131
PWY-7851: coenzyme A biosynthesis II (eukaryotic)|g__Clostridium.s__Clostridium_sp_CAG_632	20.3338917451
PWY-7851: coenzyme A biosynthesis II (eukaryotic)|g__Gemmiger.s__Gemmiger_formicilis	20.1850294365
PWY-7851: coenzyme A biosynthesis II (eukaryotic)|g__Coprococcus.s__Coprococcus_comes	17.4707166964
PWY-7851: coenzyme A biosynthesis II (eukaryotic)|g__Blautia.s__Blautia_obeum	15.0385620614
PWY-7851: coenzyme A biosynthesis II (eukaryotic)|g__Prevotella.s__Prevotella_sp_CAG_386	13.6610787352
PWY-7851: coenzyme A biosynthesis II (eukaryotic)|g__Bifidobacterium.s__Bifidobacterium_pseudocatenulatum	13.5363790186
PWY-7851: coenzyme A biosynthesis II (eukaryotic)|g__Catenibacterium.s__Catenibacterium_mitsuokai	12.7463361626
PWY-7851: coenzyme A biosynthesis II (eukaryotic)|g__Dorea.s__Dorea_longicatena	12.3138213590
PWY-7851: coenzyme A biosynthesis II (eukaryotic)|g__Blautia.s__Ruminococcus_torques	12.0224195472
PWY-7851: coenzyme A biosynthesis II (eukaryotic)|g__Dorea.s__Dorea_formicigenerans	10.3097893432
PWY-7851: coenzyme A biosynthesis II (eukaryotic)|g__Fusicatenibacter.s__Fusicatenibacter_saccharivorans	10.1837707726
PWY-7851: coenzyme A biosynthesis II (eukaryotic)|g__Blautia.s__Blautia_wexlerae	9.0579710145
PWY-7851: coenzyme A biosynthesis II (eukaryotic)|g__Roseburia.s__Roseburia_intestinalis	7.4257425743
PWY-7851: coenzyme A biosynthesis II (eukaryotic)|g__Prevotella.s__Prevotella_sp_CAG_279	7.3340667400
PWY-7851: coenzyme A biosynthesis II (eukaryotic)|g__Firmicutes_unclassified.s__Firmicutes_bacterium_CAG_194	6.6945606695
PWY-7851: coenzyme A biosynthesis II (eukaryotic)|g__Eubacterium.s__Eubacterium_hallii	6.3745019920
HISTSYN-PWY: L-histidine biosynthesis	1044.5761799507
HISTSYN-PWY: L-histidine biosynthesis|unclassified	261.9170729904
HISTSYN-PWY: L-histidine biosynthesis|g__Faecalibacterium.s__Faecalibacterium_prausnitzii	65.8417006131
HISTSYN-PWY: L-histidine biosynthesis|g__Prevotella.s__Prevotella_copri	58.8008315864
HISTSYN-PWY: L-histidine biosynthesis|g__Prevotella.s__Prevotella_sp_CAG_5226	50.8580526370
HISTSYN-PWY: L-histidine biosynthesis|g__Collinsella.s__Collinsella_aerofaciens	49.4196045466
HISTSYN-PWY: L-histidine biosynthesis|g__Prevotella.s__Prevotella_sp_AM42_24	46.7950186240
HISTSYN-PWY: L-histidine biosynthesis|g__Dialister.s__Dialister_sp_CAG_486	38.5706504173
HISTSYN-PWY: L-histidine biosynthesis|g__Ruminococcus.s__Ruminococcus_bromii	30.1107727153
HISTSYN-PWY: L-histidine biosynthesis|g__Roseburia.s__Roseburia_hominis	23.6367591787
HISTSYN-PWY: L-histidine biosynthesis|g__Catenibacterium.s__Catenibacterium_mitsuokai	18.5061956323
HISTSYN-PWY: L-histidine biosynthesis|g__Prevotella.s__Prevotella_sp_CAG_1092	17.0761665504
HISTSYN-PWY: L-histidine biosynthesis|g__Blautia.s__Blautia_obeum	14.5120357727
HISTSYN-PWY: L-histidine biosynthesis|g__Prevotella.s__Prevotella_sp_CAG_386	14.2459497752
HISTSYN-PWY: L-histidine biosynthesis|g__Alistipes.s__Alistipes_sp_CAG_435	5.8213789849
PWY-7111: pyruvate fermentation to isobutanol (engineered)	999.3788766537
PWY-7111: pyruvate fermentation to isobutanol (engineered)|unclassified	98.1047991082
PWY-7111: pyruvate fermentation to isobutanol (engineered)|g__Prevotella.s__Prevotella_copri	97.5002564413
PWY-7111: pyruvate fermentation to isobutanol (engineered)|g__Faecalibacterium.s__Faecalibacterium_prausnitzii	47.8643465998
PWY-7111: pyruvate fermentation to isobutanol (engineered)|g__Dorea.s__Dorea_longicatena	47.7548971526
PWY-7111: pyruvate fermentation to isobutanol (engineered)|g__Coprococcus.s__Coprococcus_comes	34.4583069509
PWY-7111: pyruvate fermentation to isobutanol (engineered)|g__Roseburia.s__Roseburia_hominis	26.3274023885
PWY-7111: pyruvate fermentation to isobutanol (engineered)|g__Catenibacterium.s__Catenibacterium_mitsuokai	21.8422021057
PWY-7111: pyruvate fermentation to isobutanol (engineered)|g__Blautia.s__Ruminococcus_torques	20.5600399985
PWY-7111: pyruvate fermentation to isobutanol (engineered)|g__Blautia.s__Blautia_wexlerae	18.5923212241
PWY-7111: pyruvate fermentation to isobutanol (engineered)|g__Bifidobacterium.s__Bifidobacterium_pseudocatenulatum	15.2580264011
PWY-7111: pyruvate fermentation to isobutanol (engineered)|g__Roseburia.s__Roseburia_intestinalis	14.0443186210
PWY-7111: pyruvate fermentation to isobutanol (engineered)|g__Blautia.s__Blautia_obeum	12.5424761261
PWY-7111: pyruvate fermentation to isobutanol (engineered)|g__Agathobaculum.s__Agathobaculum_butyriciproducens	10.8987309838
PWY-7111: pyruvate fermentation to isobutanol (engineered)|g__Eubacterium.s__Eubacterium_hallii	10.7623791425
PWY-7111: pyruvate fermentation to isobutanol (engineered)|g__Dorea.s__Dorea_formicigenerans	10.3783066291
PWY-7111: pyruvate fermentation to isobutanol (engineered)|g__Roseburia.s__Roseburia_faecis	9.6105575842
PWY-7111: pyruvate fermentation to isobutanol (engineered)|g__Eubacterium.s__Eubacterium_eligens	6.5435293418
PWY-7111: pyruvate fermentation to isobutanol (engineered)|g__Lachnospiraceae_unclassified.s__Eubacterium_rectale	2.1734231705
PWY0-1296: purine ribonucleosides degradation	996.7968285678
PWY0-1296: purine ribonucleosides degradation|unclassified	296.1161741229
PWY0-1296: purine ribonucleosides degradation|g__Faecalibacterium.s__Faecalibacterium_prausnitzii	62.8580412965
PWY0-1296: purine ribonucleosides degradation|g__Dorea.s__Dorea_longicatena	54.8932079576
PWY0-1296: purine ribonucleosides degradation|g__Clostridium.s__Clostridium_sp_CAG_628	52.9701681099
PWY0-1296: purine ribonucleosides degradation|g__Catenibacterium.s__Catenibacterium_mitsuokai	27.3986718775
PWY0-1296: purine ribonucleosides degradation|g__Roseburia.s__Roseburia_hominis	26.8240597936
PWY0-1296: purine ribonucleosides degradation|g__Coprococcus.s__Coprococcus_comes	26.5671237733
PWY0-1296: purine ribonucleosides degradation|g__Blautia.s__Ruminococcus_torques	26.1918740629
PWY0-1296: purine ribonucleosides degradation|g__Clostridium.s__Clostridium_sp_CAG_632	23.8636363636
PWY0-1296: purine ribonucleosides degradation|g__Gemmiger.s__Gemmiger_formicilis	19.3954659950
PWY0-1296: purine ribonucleosides degradation|g__Blautia.s__Blautia_wexlerae	18.0952380952
PWY0-1296: purine ribonucleosides degradation|g__Blautia.s__Blautia_obeum	17.8934677479
PWY0-1296: purine ribonucleosides degradation|g__Lachnospiraceae_unclassified.s__Eubacterium_rectale	16.7602245389
PWY0-1296: purine ribonucleosides degradation|g__Clostridium.s__Clostridium_sp_CAG_510	14.9355057705
PWY0-1296: purine ribonucleosides degradation|g__Dorea.s__Dorea_formicigenerans	13.0989813965
PWY0-1296: purine ribonucleosides degradation|g__Roseburia.s__Roseburia_sp_CAG_471	9.3395597065
PWY0-1296: purine ribonucleosides degradation|g__Roseburia.s__Roseburia_faecis	7.6831142223
PWY0-1296: purine ribonucleosides degradation|g__Eubacterium.s__Eubacterium_eligens	7.1047957371
GLUTORN-PWY: L-ornithine biosynthesis I	981.1879407629
GLUTORN-PWY: L-ornithine biosynthesis I|unclassified	170.9051946116
GLUTORN-PWY: L-ornithine biosynthesis I|g__Faecalibacterium.s__Faecalibacterium_prausnitzii	66.5173740616
GLUTORN-PWY: L-ornithine biosynthesis I|g__Ruminococcus.s__Ruminococcus_bromii	47.4567036074
GLUTORN-PWY: L-ornithine biosynthesis I|g__Collinsella.s__Collinsella_aerofaciens	33.8797403208
GLUTORN-PWY: L-ornithine biosynthesis I|g__Gemmiger.s__Gemmiger_formicilis	30.8537626223
GLUTORN-PWY: L-ornithine biosynthesis I|g__Dorea.s__Dorea_longicatena	29.1996158138
GLUTORN-PWY: L-ornithine biosynthesis I|g__Coprococcus.s__Coprococcus_comes	22.5684669016
GLUTORN-PWY: L-ornithine biosynthesis I|g__Roseburia.s__Roseburia_hominis	22.4612427423
GLUTORN-PWY: L-ornithine biosynthesis I|g__Clostridium.s__Clostridium_sp_CAG_632	19.7446642032
GLUTORN-PWY: L-ornithine biosynthesis I|g__Blautia.s__Blautia_wexlerae	18.7896024059
GLUTORN-PWY: L-ornithine biosynthesis I|g__Clostridium.s__Clostridium_sp_CAG_510	17.1455200254
GLUTORN-PWY: L-ornithine biosynthesis I|g__Blautia.s__Ruminococcus_torques	16.5342952797
GLUTORN-PWY: L-ornithine biosynthesis I|g__Sutterella.s__Sutterella_sp_CAG_397	14.2398520033
GLUTORN-PWY: L-ornithine biosynthesis I|g__Firmicutes_unclassified.s__Firmicutes_bacterium_CAG_65_45_313	14.1165062568
GLUTORN-PWY: L-ornithine biosynthesis I|g__Catenibacterium.s__Catenibacterium_mitsuokai	13.2492873489
GLUTORN-PWY: L-ornithine biosynthesis I|g__Blautia.s__Blautia_obeum	12.5674318311
GLUTORN-PWY: L-ornithine biosynthesis I|g__Roseburia.s__Roseburia_intestinalis	12.2825742618
GLUTORN-PWY: L-ornithine biosynthesis I|g__Ruminococcus.s__Ruminococcus_bicirculans	11.7780040382
GLUTORN-PWY: L-ornithine biosynthesis I|g__Dorea.s__Dorea_formicigenerans	11.7463460474
GLUTORN-PWY: L-ornithine biosynthesis I|g__Roseburia.s__Roseburia_faecis	9.8237244502
GLUTORN-PWY: L-ornithine biosynthesis I|g__Bifidobacterium.s__Bifidobacterium_pseudocatenulatum	7.0290016847
GLUTORN-PWY: L-ornithine biosynthesis I|g__Blautia.s__Blautia_sp	4.7662819596
GLUTORN-PWY: L-ornithine biosynthesis I|g__Lachnospiraceae_unclassified.s__Eubacterium_rectale	4.6934034215
PWY-7199: pyrimidine deoxyribonucleosides salvage	976.9229251254
PWY-7199: pyrimidine deoxyribonucleosides salvage|unclassified	299.5824490315
PWY-7199: pyrimidine deoxyribonucleosides salvage|g__Clostridium.s__Clostridium_sp_CAG_628	56.8167036084
PWY-7199: pyrimidine deoxyribonucleosides salvage|g__Alistipes.s__Alistipes_sp_CAG_435	18.1818181818
PWY-7199: pyrimidine deoxyribonucleosides salvage|g__Roseburia.s__Roseburia_hominis	14.5726922824
PWY-7199: pyrimidine deoxyribonucleosides salvage|g__Firmicutes_unclassified.s__Firmicutes_bacterium_CAG_129	13.9936392549
PWY-7199: pyrimidine deoxyribonucleosides salvage|g__Prevotella.s__Prevotella_sp_CAG_279	12.9166186138
PWY-7199: pyrimidine deoxyribonucleosides salvage|g__Alistipes.s__Alistipes_sp_CAG_514	11.9255269488
PWY-7199: pyrimidine deoxyribonucleosides salvage|g__Oscillibacter.s__Oscillibacter_sp_57_20	9.7386787859
PWY-7199: pyrimidine deoxyribonucleosides salvage|g__Firmicutes_unclassified.s__Firmicutes_bacterium_CAG_102	7.0567480153
PWY-5695: inosine 5'-phosphate degradation	948.1250873209
PWY-5695: inosine 5'-phosphate degradation|unclassified	258.0418042198
PWY-5695: inosine 5'-phosphate degradation|g__Prevotella.s__Prevotella_sp_AM42_24	63.3964256674
PWY-5695: inosine 5'-phosphate degradation|g__Prevotella.s__Prevotella_copri	59.1492104058
PWY-5695: inosine 5'-phosphate degradation|g__Coprococcus.s__Coprococcus_comes	30.2517889809
PWY-5695: inosine 5'-phosphate degradation|g__Dorea.s__Dorea_longicatena	26.4603182959
PWY-5695: inosine 5'-phosphate degradation|g__Faecalibacterium.s__Faecalibacterium_prausnitzii	22.8183053274
PWY-5695: inosine 5'-phosphate degradation|g__Blautia.s__Blautia_wexlerae	14.3636973474
PWY-5695: inosine 5'-phosphate degradation|g__Prevotella.s__Prevotella_sp_CAG_279	14.2500890631
PWY-5695: inosine 5'-phosphate degradation|g__Roseburia.s__Roseburia_intestinalis	14.0809301997
PWY-5695: inosine 5'-phosphate degradation|g__Blautia.s__Ruminococcus_torques	13.1359072329
PWY-5695: inosine 5'-phosphate degradation|g__Bacteroides.s__Bacteroides_sp_CAG_545	11.0481977627
PWY-5695: inosine 5'-phosphate degradation|g__Prevotella.s__Prevotella_sp_CAG_386	10.9177755032
PWY-5695: inosine 5'-phosphate degradation|g__Ruminococcus.s__Ruminococcus_bicirculans	7.9461057954
PWY-5695: inosine 5'-phosphate degradation|g__Blautia.s__Blautia_obeum	6.9328916503
PWY-2942: L-lysine biosynthesis III	938.2420556956
PWY-2942: L-lysine biosynthesis III|unclassified	190.8616634108
PWY-2942: L-lysine biosynthesis III|g__Dorea.s__Dorea_longicatena	37.2985732116
PWY-2942: L-lysine biosynthesis III|g__Eubacterium.s__Eubacterium_hallii	11.4762416898
PWY-8178: pentose phosphate pathway (non-oxidative branch) II	916.8974004833
PWY-8178: pentose phosphate pathway (non-oxidative branch) II|unclassified	140.8813469421
PWY-8178: pentose phosphate pathway (non-oxidative branch) II|g__Collinsella.s__Collinsella_aerofaciens	67.2291803166
PWY-8178: pentose phosphate pathway (non-oxidative branch) II|g__Prevotella.s__Prevotella_copri	61.9029696775
PWY-8178: pentose phosphate pathway (non-oxidative branch) II|g__Eubacterium.s__Eubacterium_hallii	28.4298496780
PWY-8178: pentose phosphate pathway (non-oxidative branch) II|g__Catenibacterium.s__Catenibacterium_mitsuokai	27.8385341481
PWY-8178: pentose phosphate pathway (non-oxidative branch) II|g__Blautia.s__Blautia_wexlerae	25.4640682494
PWY-8178: pentose phosphate pathway (non-oxidative branch) II|g__Roseburia.s__Roseburia_hominis	24.5937542712
PWY-8178: pentose phosphate pathway (non-oxidative branch) II|g__Lachnospiraceae_unclassified.s__Eubacterium_rectale	20.4271462378
PWY-8178: pentose phosphate pathway (non-oxidative branch) II|g__Blautia.s__Blautia_obeum	19.2041287874
PWY-8178: pentose phosphate pathway (non-oxidative branch) II|g__Blautia.s__Ruminococcus_torques	17.5724551414
PWY-8178: pentose phosphate pathway (non-oxidative branch) II|g__Roseburia.s__Roseburia_intestinalis	16.4169127377
PWY-8178: pentose phosphate pathway (non-oxidative branch) II|g__Roseburia.s__Roseburia_faecis	13.1028440580
PWY-8178: pentose phosphate pathway (non-oxidative branch) II|g__Blautia.s__Blautia_sp	11.1571140048
PWY-8178: pentose phosphate pathway (non-oxidative branch) II|g__Eubacterium.s__Eubacterium_eligens	6.7674662962
PWY-5667: CDP-diacylglycerol biosynthesis I	901.9108464349
PWY-5667: CDP-diacylglycerol biosynthesis I|unclassified	119.8208097044
PWY-5667: CDP-diacylglycerol biosynthesis I|g__Faecalibacterium.s__Faecalibacterium_prausnitzii	57.4050230593
PWY-5667: CDP-diacylglycerol biosynthesis I|g__Dorea.s__Dorea_longicatena	30.7105144568
PWY-5667: CDP-diacylglycerol biosynthesis I|g__Dialister.s__Dialister_sp_CAG_486	27.2235001752
PWY-5667: CDP-diacylglycerol biosynthesis I|g__Coprococcus.s__Coprococcus_comes	26.6395257890
PWY-5667: CDP-diacylglycerol biosynthesis I|g__Blautia.s__Blautia_obeum	25.7904303346
PWY-5667: CDP-diacylglycerol biosynthesis I|g__Blautia.s__Ruminococcus_torques	16.2953935473
PWY-5667: CDP-diacylglycerol biosynthesis I|g__Blautia.s__Blautia_wexlerae	14.7622590922
PWY-5667: CDP-diacylglycerol biosynthesis I|g__Prevotella.s__Prevotella_sp_CAG_279	14.4953795978
PWY-5667: CDP-diacylglycerol biosynthesis I|g__Clostridium.s__Clostridium_sp_CAG_510	13.8280709841
PWY-5667: CDP-diacylglycerol biosynthesis I|g__Eubacterium.s__Eubacterium_hallii	11.9381580159
PWY-5667: CDP-diacylglycerol biosynthesis I|g__Lachnospiraceae_unclassified.s__Eubacterium_rectale	10.3049624835
PWY-5667: CDP-diacylglycerol biosynthesis I|g__Fusicatenibacter.s__Fusicatenibacter_saccharivorans	9.3467850806
PWY-5667: CDP-diacylglycerol biosynthesis I|g__Roseburia.s__Roseburia_intestinalis	9.1031074699
PWY-5667: CDP-diacylglycerol biosynthesis I|g__Eubacterium.s__Eubacterium_eligens	8.4034660998
PWY0-1319: CDP-diacylglycerol biosynthesis II	901.9108464349
PWY0-1319: CDP-diacylglycerol biosynthesis II|unclassified	119.8208097044
PWY0-1319: CDP-diacylglycerol biosynthesis II|g__Faecalibacterium.s__Faecalibacterium_prausnitzii	57.4050230593
PWY0-1319: CDP-diacylglycerol biosynthesis II|g__Dorea.s__Dorea_longicatena	30.7105144568
PWY0-1319: CDP-diacylglycerol biosynthesis II|g__Dialister.s__Dialister_sp_CAG_486	27.2235001752
PWY0-1319: CDP-diacylglycerol biosynthesis II|g__Coprococcus.s__Coprococcus_comes	26.6395257890
PWY0-1319: CDP-diacylglycerol biosynthesis II|g__Blautia.s__Blautia_obeum	25.7904303346
PWY0-1319: CDP-diacylglycerol biosynthesis II|g__Blautia.s__Ruminococcus_torques	16.2953935473
PWY0-1319: CDP-diacylglycerol biosynthesis II|g__Blautia.s__Blautia_wexlerae	14.7622590922
PWY0-1319: CDP-diacylglycerol biosynthesis II|g__Prevotella.s__Prevotella_sp_CAG_279	14.4953795978
PWY0-1319: CDP-diacylglycerol biosynthesis II|g__Clostridium.s__Clostridium_sp_CAG_510	13.8280709841
PWY0-1319: CDP-diacylglycerol biosynthesis II|g__Eubacterium.s__Eubacterium_hallii	11.9381580159
PWY0-1319: CDP-diacylglycerol biosynthesis II|g__Lachnospiraceae_unclassified.s__Eubacterium_rectale	10.3049624835
PWY0-1319: CDP-diacylglycerol biosynthesis II|g__Fusicatenibacter.s__Fusicatenibacter_saccharivorans	9.3467850806
PWY0-1319: CDP-diacylglycerol biosynthesis II|g__Roseburia.s__Roseburia_intestinalis	9.1031074699
PWY0-1319: CDP-diacylglycerol biosynthesis II|g__Eubacterium.s__Eubacterium_eligens	8.4034660998
PWY-6629: superpathway of L-tryptophan biosynthesis	870.5810259071
PWY-6629: superpathway of L-tryptophan biosynthesis|unclassified	176.3242283879
PWY-6629: superpathway of L-tryptophan biosynthesis|g__Blautia.s__Blautia_obeum	26.2849931468
PWY-6629: superpathway of L-tryptophan biosynthesis|g__Blautia.s__Blautia_wexlerae	13.7409334392
PWY-6629: superpathway of L-tryptophan biosynthesis|g__Bifidobacterium.s__Bifidobacterium_pseudocatenulatum	13.6210582281
PWY-6629: superpathway of L-tryptophan biosynthesis|g__Sutterella.s__Sutterella_sp_CAG_397	11.4034327997
PANTOSYN-PWY: superpathway of coenzyme A biosynthesis I (bacteria)	851.5530135693
PANTOSYN-PWY: superpathway of coenzyme A biosynthesis I (bacteria)|unclassified	166.2756870731
PANTOSYN-PWY: superpathway of coenzyme A biosynthesis I (bacteria)|g__Prevotella.s__Prevotella_sp_CAG_5226	38.1419556726
PANTOSYN-PWY: superpathway of coenzyme A biosynthesis I (bacteria)|g__Clostridium.s__Clostridium_sp_CAG_632	27.6533679224
PANTOSYN-PWY: superpathway of coenzyme A biosynthesis I (bacteria)|g__Coprococcus.s__Coprococcus_comes	24.9076809860
PANTOSYN-PWY: superpathway of coenzyme A biosynthesis I (bacteria)|g__Dorea.s__Dorea_longicatena	16.3830593757
PANTOSYN-PWY: superpathway of coenzyme A biosynthesis I (bacteria)|g__Blautia.s__Ruminococcus_torques	13.8853617955
PANTOSYN-PWY: superpathway of coenzyme A biosynthesis I (bacteria)|g__Blautia.s__Blautia_obeum	13.1894240245
PANTOSYN-PWY: superpathway of coenzyme A biosynthesis I (bacteria)|g__Roseburia.s__Roseburia_faecis	11.0631448013
PANTOSYN-PWY: superpathway of coenzyme A biosynthesis I (bacteria)|g__Eubacterium.s__Eubacterium_hallii	10.3810791927
PANTOSYN-PWY: superpathway of coenzyme A biosynthesis I (bacteria)|g__Roseburia.s__Roseburia_intestinalis	9.8706068810
PANTOSYN-PWY: superpathway of coenzyme A biosynthesis I (bacteria)|g__Prevotella.s__Prevotella_sp_CAG_279	9.4761038047
PWY-724: superpathway of L-lysine, L-threonine and L-methionine biosynthesis II	827.2609096605
PWY-724: superpathway of L-lysine, L-threonine and L-methionine biosynthesis II|unclassified	196.8650265837
PWY-724: superpathway of L-lysine, L-threonine and L-methionine biosynthesis II|g__Dorea.s__Dorea_longicatena	33.3666387789
PWY-724: superpathway of L-lysine, L-threonine and L-methionine biosynthesis II|g__Blautia.s__Blautia_obeum	30.7582539578
PWY-724: superpathway of L-lysine, L-threonine and L-methionine biosynthesis II|g__Coprococcus.s__Coprococcus_comes	30.1130928407
PWY-724: superpathway of L-lysine, L-threonine and L-methionine biosynthesis II|g__Faecalibacterium.s__Faecalibacterium_prausnitzii	29.2964326507
PWY-724: superpathway of L-lysine, L-threonine and L-methionine biosynthesis II|g__Catenibacterium.s__Catenibacterium_mitsuokai	20.0554817300
PWY-724: superpathway of L-lysine, L-threonine and L-methionine biosynthesis II|g__Bifidobacterium.s__Bifidobacterium_pseudocatenulatum	14.5459366187
PWY-724: superpathway of L-lysine, L-threonine and L-methionine biosynthesis II|g__Roseburia.s__Roseburia_hominis	13.5181134401
PWY-724: superpathway of L-lysine, L-threonine and L-methionine biosynthesis II|g__Roseburia.s__Roseburia_intestinalis	11.0669661984
PWY-724: superpathway of L-lysine, L-threonine and L-methionine biosynthesis II|g__Eubacterium.s__Eubacterium_hallii	8.4521374053
PWY-3001: superpathway of L-isoleucine biosynthesis I	821.9684392479
PWY-3001: superpathway of L-isoleucine biosynthesis I|unclassified	154.2204729909
PWY-3001: superpathway of L-isoleucine biosynthesis I|g__Blautia.s__Ruminococcus_torques	11.4735395901
PWY-3001: superpathway of L-isoleucine biosynthesis I|g__Eubacterium.s__Eubacterium_hallii	9.8429582299
PWY-6317: D-galactose degradation I (Leloir pathway)	784.1447845903
PWY-6317: D-galactose degradation I (Leloir pathway)|unclassified	125.5966306873
PWY-6317: D-galactose degradation I (Leloir pathway)|g__Faecalibacterium.s__Faecalibacterium_prausnitzii	51.9136111827
PWY-6317: D-galactose degradation I (Leloir pathway)|g__Catenibacterium.s__Catenibacterium_mitsuokai	47.8956751399
PWY-6317: D-galactose degradation I (Leloir pathway)|g__Coprococcus.s__Coprococcus_comes	37.3552798024
PWY-6317: D-galactose degradation I (Leloir pathway)|g__Collinsella.s__Collinsella_aerofaciens	37.2752228688
PWY-6317: D-galactose degradation I (Leloir pathway)|g__Dorea.s__Dorea_longicatena	36.3089000753
PWY-6317: D-galactose degradation I (Leloir pathway)|g__Roseburia.s__Roseburia_hominis	33.2204830734
PWY-6317: D-galactose degradation I (Leloir pathway)|g__Holdemanella.s__Holdemanella_biformis	28.9279182159
PWY-6317: D-galactose degradation I (Leloir pathway)|g__Blautia.s__Blautia_obeum	25.9556594883
PWY-6317: D-galactose degradation I (Leloir pathway)|g__Blautia.s__Blautia_wexlerae	23.9267330728
PWY-6317: D-galactose degradation I (Leloir pathway)|g__Roseburia.s__Roseburia_intestinalis	19.4456474095
PWY-6317: D-galactose degradation I (Leloir pathway)|g__Dorea.s__Dorea_formicigenerans	18.9121087224
PWY-6317: D-galactose degradation I (Leloir pathway)|g__Eubacterium.s__Eubacterium_hallii	14.8529303557
PWY-6317: D-galactose degradation I (Leloir pathway)|g__Blautia.s__Ruminococcus_torques	14.4213767585
PWY-6317: D-galactose degradation I (Leloir pathway)|g__Roseburia.s__Roseburia_faecis	9.8562628337
PWY-6317: D-galactose degradation I (Leloir pathway)|g__Eubacterium.s__Eubacterium_eligens	8.1216219894
PWY-6317: D-galactose degradation I (Leloir pathway)|g__Coprococcus.s__Coprococcus_catus	7.1255060729
PWY-6317: D-galactose degradation I (Leloir pathway)|g__Blautia.s__Blautia_sp	6.4401755103
PWY-5973: cis-vaccenate biosynthesis	762.9714590457
PWY-5973: cis-vaccenate biosynthesis|unclassified	100.4967020028
PWY-5973: cis-vaccenate biosynthesis|g__Blautia.s__Ruminococcus_torques	11.0357544905
OANTIGEN-PWY: O-antigen building blocks biosynthesis (E. coli)	761.3305521742
OANTIGEN-PWY: O-antigen building blocks biosynthesis (E. coli)|unclassified	183.2127148716
OANTIGEN-PWY: O-antigen building blocks biosynthesis (E. coli)|g__Collinsella.s__Collinsella_aerofaciens	27.8409308587
OANTIGEN-PWY: O-antigen building blocks biosynthesis (E. coli)|g__Roseburia.s__Roseburia_hominis	7.8660507401
PWY66-429: fatty acid biosynthesis initiation (mitochondria)	757.3308422130
PWY66-429: fatty acid biosynthesis initiation (mitochondria)|unclassified	154.4817502151
PWY66-429: fatty acid biosynthesis initiation (mitochondria)|g__Blautia.s__Blautia_obeum	31.4889114704
PWY66-429: fatty acid biosynthesis initiation (mitochondria)|g__Dorea.s__Dorea_longicatena	29.0103536162
PWY66-429: fatty acid biosynthesis initiation (mitochondria)|g__Coprococcus.s__Coprococcus_comes	27.2632431353
PWY66-429: fatty acid biosynthesis initiation (mitochondria)|g__Roseburia.s__Roseburia_hominis	25.7301768815
PWY66-429: fatty acid biosynthesis initiation (mitochondria)|g__Catenibacterium.s__Catenibacterium_mitsuokai	18.8106768678
PWY66-429: fatty acid biosynthesis initiation (mitochondria)|g__Blautia.s__Blautia_wexlerae	16.7536946988
PWY66-429: fatty acid biosynthesis initiation (mitochondria)|g__Dorea.s__Dorea_formicigenerans	13.4350531774
PWY66-429: fatty acid biosynthesis initiation (mitochondria)|g__Agathobaculum.s__Agathobaculum_butyriciproducens	11.8465206351
PWY66-429: fatty acid biosynthesis initiation (mitochondria)|g__Ruminococcus.s__Ruminococcus_bicirculans	10.7095302867
PWY66-429: fatty acid biosynthesis initiation (mitochondria)|g__Eubacterium.s__Eubacterium_eligens	10.3536832929
PWY66-429: fatty acid biosynthesis initiation (mitochondria)|g__Roseburia.s__Roseburia_sp_CAG_471	8.8725845668
PWY66-429: fatty acid biosynthesis initiation (mitochondria)|g__Fusicatenibacter.s__Fusicatenibacter_saccharivorans	7.8095568695
PWY66-429: fatty acid biosynthesis initiation (mitochondria)|g__Blautia.s__Ruminococcus_torques	7.4517052748
PWY-6527: stachyose degradation	746.1058075625
PWY-6527: stachyose degradation|unclassified	118.7272875984
PWY-6527: stachyose degradation|g__Blautia.s__Blautia_obeum	40.7313220773
PWY-6527: stachyose degradation|g__Dorea.s__Dorea_longicatena	30.4772058245
PWY-6527: stachyose degradation|g__Faecalibacterium.s__Faecalibacterium_prausnitzii	27.7813086836
PWY-6527: stachyose degradation|g__Blautia.s__Blautia_wexlerae	26.4771529626
PWY-6527: stachyose degradation|g__Blautia.s__Ruminococcus_torques	19.6957315922
PWY-6527: stachyose degradation|g__Roseburia.s__Roseburia_intestinalis	15.9677741685
PWY-6527: stachyose degradation|g__Roseburia.s__Roseburia_faecis	14.2631050356
PWY-6527: stachyose degradation|g__Firmicutes_unclassified.s__Firmicutes_bacterium_CAG_65_45_313	11.6338498664
PWY-6527: stachyose degradation|g__Lachnospiraceae_unclassified.s__Eubacterium_rectale	10.6638712963
PWY0-1586: peptidoglycan maturation (meso-diaminopimelate containing)	745.6601004037
PWY0-1586: peptidoglycan maturation (meso-diaminopimelate containing)|unclassified	71.7712510171
PWY0-1586: peptidoglycan maturation (meso-diaminopimelate containing)|g__Prevotella.s__Prevotella_copri	70.8829276959
PWY0-1586: peptidoglycan maturation (meso-diaminopimelate containing)|g__Collinsella.s__Collinsella_aerofaciens	28.3464566929
PWY0-1586: peptidoglycan maturation (meso-diaminopimelate containing)|g__Bifidobacterium.s__Bifidobacterium_pseudocatenulatum	26.4953358736
PWY0-1586: peptidoglycan maturation (meso-diaminopimelate containing)|g__Faecalibacterium.s__Faecalibacterium_prausnitzii	23.9312093031
PWY0-1586: peptidoglycan maturation (meso-diaminopimelate containing)|g__Ruminococcus.s__Ruminococcus_bicirculans	13.9824860151
PWY0-1586: peptidoglycan maturation (meso-diaminopimelate containing)|g__Eubacterium.s__Eubacterium_hallii	13.4994072999
PWY0-1586: peptidoglycan maturation (meso-diaminopimelate containing)|g__Sutterella.s__Sutterella_sp_CAG_397	12.4063981568
PWY-6123: inosine-5'-phosphate biosynthesis I	730.7971155930
PWY-6123: inosine-5'-phosphate biosynthesis I|unclassified	113.3975769484
PWY-6123: inosine-5'-phosphate biosynthesis I|g__Faecalibacterium.s__Faecalibacterium_prausnitzii	43.8913977460
PWY-6123: inosine-5'-phosphate biosynthesis I|g__Dialister.s__Dialister_sp_CAG_486	36.3880884856
PWY-6123: inosine-5'-phosphate biosynthesis I|g__Collinsella.s__Collinsella_aerofaciens	35.3886925085
PWY-6123: inosine-5'-phosphate biosynthesis I|g__Holdemanella.s__Holdemanella_biformis	29.7147632091
PWY-6123: inosine-5'-phosphate biosynthesis I|g__Blautia.s__Blautia_wexlerae	27.0594883923
PWY-6123: inosine-5'-phosphate biosynthesis I|g__Coprococcus.s__Coprococcus_comes	23.9935822442
PWY-6123: inosine-5'-phosphate biosynthesis I|g__Catenibacterium.s__Catenibacterium_mitsuokai	21.0867658605
PWY-6123: inosine-5'-phosphate biosynthesis I|g__Prevotella.s__Prevotella_sp_CAG_279	16.4343706383
PWY-6123: inosine-5'-phosphate biosynthesis I|g__Blautia.s__Ruminococcus_torques	16.1329320353
PWY-6123: inosine-5'-phosphate biosynthesis I|g__Sutterella.s__Sutterella_sp_CAG_397	13.1116119669
PWY-6123: inosine-5'-phosphate biosynthesis I|g__Bacteroides.s__Bacteroides_sp_CAG_545	12.8186003772
PWY-6123: inosine-5'-phosphate biosynthesis I|g__Eubacterium.s__Eubacterium_hallii	12.3968775579
PWY-6123: inosine-5'-phosphate biosynthesis I|g__Eggerthella.s__Eggerthella_sp_CAG_209	10.1626910454
PWY-6123: inosine-5'-phosphate biosynthesis I|g__Bacteroides.s__Bacteroides_sp_CAG_770	8.1564052498
PWY-6123: inosine-5'-phosphate biosynthesis I|g__Blautia.s__Blautia_sp	5.7326336389
PWY-6123: inosine-5'-phosphate biosynthesis I|g__Blautia.s__Blautia_obeum	4.0743626481
PWY-6123: inosine-5'-phosphate biosynthesis I|g__Roseburia.s__Roseburia_hominis	3.9191753194
PWY-6270: isoprene biosynthesis I	727.7560080978
PWY-6270: isoprene biosynthesis I|unclassified	96.7542231903
PWY-6270: isoprene biosynthesis I|g__Dorea.s__Dorea_longicatena	24.2281736884
PWY-6270: isoprene biosynthesis I|g__Coprococcus.s__Coprococcus_comes	22.5374328867
PWY-6270: isoprene biosynthesis I|g__Collinsella.s__Collinsella_aerofaciens	21.1667841791
PWY-6270: isoprene biosynthesis I|g__Blautia.s__Blautia_obeum	17.3522975728
PWY-6270: isoprene biosynthesis I|g__Blautia.s__Ruminococcus_torques	13.7620969057
PWY-6270: isoprene biosynthesis I|g__Eubacterium.s__Eubacterium_hallii	12.1137227169
PWY-7229: superpathway of adenosine nucleotides de novo biosynthesis I	726.3204218781
PWY-7229: superpathway of adenosine nucleotides de novo biosynthesis I|unclassified	158.4262726454
PWY-7229: superpathway of adenosine nucleotides de novo biosynthesis I|g__Prevotella.s__Prevotella_sp_CAG_520	72.3677353287
PWY-7229: superpathway of adenosine nucleotides de novo biosynthesis I|g__Prevotella.s__Prevotella_sp_CAG_279	16.7158832275
PWY-7229: superpathway of adenosine nucleotides de novo biosynthesis I|g__Sutterella.s__Sutterella_sp_CAG_397	13.0464574483
PANTO-PWY: phosphopantothenate biosynthesis I	721.7967824698
PANTO-PWY: phosphopantothenate biosynthesis I|unclassified	140.8737969084
PANTO-PWY: phosphopantothenate biosynthesis I|g__Prevotella.s__Prevotella_sp_CAG_5226	41.0066423691
PANTO-PWY: phosphopantothenate biosynthesis I|g__Clostridium.s__Clostridium_sp_CAG_632	36.3457159775
PANTO-PWY: phosphopantothenate biosynthesis I|g__Coprococcus.s__Coprococcus_comes	32.3206913148
PANTO-PWY: phosphopantothenate biosynthesis I|g__Eubacterium.s__Eubacterium_hallii	21.9912580755
PANTO-PWY: phosphopantothenate biosynthesis I|g__Lachnospiraceae_unclassified.s__Eubacterium_rectale	21.8599143820
PANTO-PWY: phosphopantothenate biosynthesis I|g__Dorea.s__Dorea_longicatena	17.1016299991
PANTO-PWY: phosphopantothenate biosynthesis I|g__Prevotella.s__Prevotella_sp_CAG_279	14.5458990343
PANTO-PWY: phosphopantothenate biosynthesis I|g__Roseburia.s__Roseburia_intestinalis	13.4560205798
PANTO-PWY: phosphopantothenate biosynthesis I|g__Blautia.s__Ruminococcus_torques	11.9249031127
PANTO-PWY: phosphopantothenate biosynthesis I|g__Blautia.s__Blautia_obeum	10.9619330274
PANTO-PWY: phosphopantothenate biosynthesis I|g__Roseburia.s__Roseburia_faecis	10.0770776475
PANTO-PWY: phosphopantothenate biosynthesis I|g__Sutterella.s__Sutterella_sp_CAG_397	8.0673043679
PANTO-PWY: phosphopantothenate biosynthesis I|g__Blautia.s__Blautia_wexlerae	4.3690380834
NONOXIPENT-PWY: pentose phosphate pathway (non-oxidative branch) I	713.8039803642
NONOXIPENT-PWY: pentose phosphate pathway (non-oxidative branch) I|unclassified	102.2434165683
NONOXIPENT-PWY: pentose phosphate pathway (non-oxidative branch) I|g__Collinsella.s__Collinsella_aerofaciens	89.0279891151
NONOXIPENT-PWY: pentose phosphate pathway (non-oxidative branch) I|g__Prevotella.s__Prevotella_copri	39.4703858162
NONOXIPENT-PWY: pentose phosphate pathway (non-oxidative branch) I|g__Eubacterium.s__Eubacterium_hallii	38.2309144599
NONOXIPENT-PWY: pentose phosphate pathway (non-oxidative branch) I|g__Catenibacterium.s__Catenibacterium_mitsuokai	30.0969725827
NONOXIPENT-PWY: pentose phosphate pathway (non-oxidative branch) I|g__Roseburia.s__Roseburia_hominis	24.8435277753
NONOXIPENT-PWY: pentose phosphate pathway (non-oxidative branch) I|g__Clostridium.s__Clostridium_sp_CAG_632	24.0965289863
NONOXIPENT-PWY: pentose phosphate pathway (non-oxidative branch) I|g__Blautia.s__Blautia_wexlerae	23.1532796374
NONOXIPENT-PWY: pentose phosphate pathway (non-oxidative branch) I|g__Roseburia.s__Roseburia_intestinalis	18.6424595640
NONOXIPENT-PWY: pentose phosphate pathway (non-oxidative branch) I|g__Lachnospiraceae_unclassified.s__Eubacterium_rectale	18.0180474887
NONOXIPENT-PWY: pentose phosphate pathway (non-oxidative branch) I|g__Blautia.s__Blautia_obeum	17.1886541968
NONOXIPENT-PWY: pentose phosphate pathway (non-oxidative branch) I|g__Blautia.s__Ruminococcus_torques	17.1760380184
NONOXIPENT-PWY: pentose phosphate pathway (non-oxidative branch) I|g__Roseburia.s__Roseburia_faecis	12.2528543581
NONOXIPENT-PWY: pentose phosphate pathway (non-oxidative branch) I|g__Blautia.s__Blautia_sp	8.8041085840
NONOXIPENT-PWY: pentose phosphate pathway (non-oxidative branch) I|g__Phascolarctobacterium.s__Phascolarctobacterium_succinatutens	5.9468140873
PWY-7560: methylerythritol phosphate pathway II	701.6657271689
PWY-7560: methylerythritol phosphate pathway II|g__Prevotella.s__Prevotella_copri	99.7885188585
PWY-7560: methylerythritol phosphate pathway II|unclassified	88.6028752532
PWY-7560: methylerythritol phosphate pathway II|g__Collinsella.s__Collinsella_aerofaciens	29.3468544964
PWY-7560: methylerythritol phosphate pathway II|g__Dorea.s__Dorea_longicatena	28.3039872131
PWY-7560: methylerythritol phosphate pathway II|g__Coprococcus.s__Coprococcus_comes	21.9625064494
PWY-7560: methylerythritol phosphate pathway II|g__Blautia.s__Blautia_obeum	20.2633825711
PWY-7560: methylerythritol phosphate pathway II|g__Blautia.s__Ruminococcus_torques	13.8232262095
PWY-7560: methylerythritol phosphate pathway II|g__Eubacterium.s__Eubacterium_hallii	11.9933238267
PYRIDNUCSYN-PWY: NAD de novo biosynthesis I (from aspartate)	692.4607512965
PYRIDNUCSYN-PWY: NAD de novo biosynthesis I (from aspartate)|unclassified	114.0492008297
PYRIDNUCSYN-PWY: NAD de novo biosynthesis I (from aspartate)|g__Coprococcus.s__Coprococcus_comes	21.8572939719
PYRIDNUCSYN-PWY: NAD de novo biosynthesis I (from aspartate)|g__Dorea.s__Dorea_longicatena	17.4711687402
PYRIDNUCSYN-PWY: NAD de novo biosynthesis I (from aspartate)|g__Blautia.s__Blautia_obeum	16.2704276283
PYRIDNUCSYN-PWY: NAD de novo biosynthesis I (from aspartate)|g__Roseburia.s__Roseburia_intestinalis	10.4398663697
PWY-7663: gondoate biosynthesis (anaerobic)	681.3222369048
PWY-7663: gondoate biosynthesis (anaerobic)|unclassified	87.5051942155
THRESYN-PWY: superpathway of L-threonine biosynthesis	673.5827450596
THRESYN-PWY: superpathway of L-threonine biosynthesis|unclassified	171.8361162107
THRESYN-PWY: superpathway of L-threonine biosynthesis|g__Collinsella.s__Collinsella_aerofaciens	49.8686415897
THRESYN-PWY: superpathway of L-threonine biosynthesis|g__Faecalibacterium.s__Faecalibacterium_prausnitzii	24.3773068064
THRESYN-PWY: superpathway of L-threonine biosynthesis|g__Blautia.s__Blautia_obeum	20.6504385547
THRESYN-PWY: superpathway of L-threonine biosynthesis|g__Catenibacterium.s__Catenibacterium_mitsuokai	19.0064423829
THRESYN-PWY: superpathway of L-threonine biosynthesis|g__Bifidobacterium.s__Bifidobacterium_pseudocatenulatum	12.9797889054
THRESYN-PWY: superpathway of L-threonine biosynthesis|g__Eubacterium.s__Eubacterium_hallii	10.3880934452
THRESYN-PWY: superpathway of L-threonine biosynthesis|g__Roseburia.s__Roseburia_hominis	10.2284405291
THRESYN-PWY: superpathway of L-threonine biosynthesis|g__Blautia.s__Ruminococcus_torques	9.0895529721
PWY-7237: myo-, chiro- and scyllo-inositol degradation	667.6157017187
PWY-7237: myo-, chiro- and scyllo-inositol degradation|unclassified	124.5962284760
PWY-7237: myo-, chiro- and scyllo-inositol degradation|g__Agathobaculum.s__Agathobaculum_butyriciproducens	30.0238383198
PWY-6124: inosine-5'-phosphate biosynthesis II	662.9917740471
PWY-6124: inosine-5'-phosphate biosynthesis II|unclassified	100.1641219475
PWY-6124: inosine-5'-phosphate biosynthesis II|g__Faecalibacterium.s__Faecalibacterium_prausnitzii	66.9334666742
PWY-6124: inosine-5'-phosphate biosynthesis II|g__Dialister.s__Dialister_sp_CAG_486	40.5586033935
PWY-6124: inosine-5'-phosphate biosynthesis II|g__Collinsella.s__Collinsella_aerofaciens	33.3648783092
PWY-6124: inosine-5'-phosphate biosynthesis II|g__Blautia.s__Blautia_wexlerae	28.0163815410
PWY-6124: inosine-5'-phosphate biosynthesis II|g__Holdemanella.s__Holdemanella_biformis	27.6652214914
PWY-6124: inosine-5'-phosphate biosynthesis II|g__Coprococcus.s__Coprococcus_comes	22.7462069280
PWY-6124: inosine-5'-phosphate biosynthesis II|g__Catenibacterium.s__Catenibacterium_mitsuokai	20.2534116169
PWY-6124: inosine-5'-phosphate biosynthesis II|g__Prevotella.s__Prevotella_sp_CAG_279	16.3618713597
PWY-6124: inosine-5'-phosphate biosynthesis II|g__Blautia.s__Ruminococcus_torques	16.0559993552
PWY-6124: inosine-5'-phosphate biosynthesis II|g__Eubacterium.s__Eubacterium_hallii	12.7147896088
PWY-6124: inosine-5'-phosphate biosynthesis II|g__Bacteroides.s__Bacteroides_sp_CAG_545	12.5527270318
PWY-6124: inosine-5'-phosphate biosynthesis II|g__Sutterella.s__Sutterella_sp_CAG_397	12.0946226359
PWY-6124: inosine-5'-phosphate biosynthesis II|g__Eggerthella.s__Eggerthella_sp_CAG_209	9.1893336898
PWY-6124: inosine-5'-phosphate biosynthesis II|g__Bacteroides.s__Bacteroides_sp_CAG_770	8.0435227705
PWY-6124: inosine-5'-phosphate biosynthesis II|g__Blautia.s__Blautia_sp	5.7495097772
PWY-6124: inosine-5'-phosphate biosynthesis II|g__Blautia.s__Blautia_obeum	3.4873583261
PWY-6124: inosine-5'-phosphate biosynthesis II|g__Roseburia.s__Roseburia_hominis	3.3737553515
HSERMETANA-PWY: L-methionine biosynthesis III	658.7508446121
HSERMETANA-PWY: L-methionine biosynthesis III|unclassified	148.2137115052
HSERMETANA-PWY: L-methionine biosynthesis III|g__Dorea.s__Dorea_longicatena	41.3606724319
HSERMETANA-PWY: L-methionine biosynthesis III|g__Coprococcus.s__Coprococcus_comes	25.6433327335
HSERMETANA-PWY: L-methionine biosynthesis III|g__Blautia.s__Blautia_wexlerae	21.6683841195
HSERMETANA-PWY: L-methionine biosynthesis III|g__Catenibacterium.s__Catenibacterium_mitsuokai	18.3917555201
HSERMETANA-PWY: L-methionine biosynthesis III|g__Blautia.s__Blautia_obeum	11.8614730207
HSERMETANA-PWY: L-methionine biosynthesis III|g__Roseburia.s__Roseburia_faecis	11.4839983993
HSERMETANA-PWY: L-methionine biosynthesis III|g__Ruminococcus.s__Ruminococcus_bicirculans	11.2635958844
HSERMETANA-PWY: L-methionine biosynthesis III|g__Roseburia.s__Roseburia_intestinalis	10.7148539792
HSERMETANA-PWY: L-methionine biosynthesis III|g__Blautia.s__Ruminococcus_torques	10.4066924921
HSERMETANA-PWY: L-methionine biosynthesis III|g__Roseburia.s__Roseburia_hominis	6.5757655666
P41-PWY: pyruvate fermentation to acetate and (S)-lactate I	631.1391739296
P41-PWY: pyruvate fermentation to acetate and (S)-lactate I|g__Collinsella.s__Collinsella_aerofaciens	65.4337437180
P41-PWY: pyruvate fermentation to acetate and (S)-lactate I|unclassified	53.9625809638
P41-PWY: pyruvate fermentation to acetate and (S)-lactate I|g__Coprococcus.s__Coprococcus_comes	29.5749031303
P41-PWY: pyruvate fermentation to acetate and (S)-lactate I|g__Blautia.s__Ruminococcus_torques	28.8946154570
P41-PWY: pyruvate fermentation to acetate and (S)-lactate I|g__Holdemanella.s__Holdemanella_biformis	28.0174220524
P41-PWY: pyruvate fermentation to acetate and (S)-lactate I|g__Blautia.s__Blautia_obeum	18.6434276299
P41-PWY: pyruvate fermentation to acetate and (S)-lactate I|g__Eubacterium.s__Eubacterium_hallii	17.7400385818
P41-PWY: pyruvate fermentation to acetate and (S)-lactate I|g__Blautia.s__Blautia_wexlerae	17.3962494940
P41-PWY: pyruvate fermentation to acetate and (S)-lactate I|g__Bifidobacterium.s__Bifidobacterium_pseudocatenulatum	11.8200134318
P41-PWY: pyruvate fermentation to acetate and (S)-lactate I|g__Dorea.s__Dorea_formicigenerans	8.9779559118
P41-PWY: pyruvate fermentation to acetate and (S)-lactate I|g__Roseburia.s__Roseburia_intestinalis	7.5221010493
P41-PWY: pyruvate fermentation to acetate and (S)-lactate I|g__Blautia.s__Blautia_sp	6.8221549482
P41-PWY: pyruvate fermentation to acetate and (S)-lactate I|g__Roseburia.s__Roseburia_hominis	6.5766549721
P41-PWY: pyruvate fermentation to acetate and (S)-lactate I|g__Lachnospiraceae_unclassified.s__Eubacterium_rectale	3.6852773171
PWY-5100: pyruvate fermentation to acetate and lactate II	631.1391739296
PWY-5100: pyruvate fermentation to acetate and lactate II|g__Collinsella.s__Collinsella_aerofaciens	65.4337437180
PWY-5100: pyruvate fermentation to acetate and lactate II|unclassified	53.9625809638
PWY-5100: pyruvate fermentation to acetate and lactate II|g__Coprococcus.s__Coprococcus_comes	29.5749031303
PWY-5100: pyruvate fermentation to acetate and lactate II|g__Blautia.s__Ruminococcus_torques	28.8946154570
PWY-5100: pyruvate fermentation to acetate and lactate II|g__Holdemanella.s__Holdemanella_biformis	28.0174220524
PWY-5100: pyruvate fermentation to acetate and lactate II|g__Eubacterium.s__Eubacterium_hallii	26.4775321621
PWY-5100: pyruvate fermentation to acetate and lactate II|g__Roseburia.s__Roseburia_intestinalis	19.0019534037
PWY-5100: pyruvate fermentation to acetate and lactate II|g__Blautia.s__Blautia_obeum	18.6434276299
PWY-5100: pyruvate fermentation to acetate and lactate II|g__Blautia.s__Blautia_wexlerae	17.3962494940
PWY-5100: pyruvate fermentation to acetate and lactate II|g__Bifidobacterium.s__Bifidobacterium_pseudocatenulatum	11.8200134318
PWY-5100: pyruvate fermentation to acetate and lactate II|g__Dorea.s__Dorea_formicigenerans	8.9779559118
PWY-5100: pyruvate fermentation to acetate and lactate II|g__Anaerostipes.s__Anaerostipes_hadrus	6.9392812887
PWY-5100: pyruvate fermentation to acetate and lactate II|g__Blautia.s__Blautia_sp	6.8221549482
PWY-5100: pyruvate fermentation to acetate and lactate II|g__Roseburia.s__Roseburia_hominis	6.5766549721
PWY-5100: pyruvate fermentation to acetate and lactate II|g__Lachnospiraceae_unclassified.s__Eubacterium_rectale	3.6852773171
PWY-7357: thiamine phosphate formation from pyrithiamine and oxythiamine (yeast)	611.0907019856
PWY-7357: thiamine phosphate formation from pyrithiamine and oxythiamine (yeast)|unclassified	78.2913895258
PWY-7357: thiamine phosphate formation from pyrithiamine and oxythiamine (yeast)|g__Prevotella.s__Prevotella_copri	68.4462696783
PWY-7357: thiamine phosphate formation from pyrithiamine and oxythiamine (yeast)|g__Faecalibacterium.s__Faecalibacterium_prausnitzii	54.8703502830
PWY-7357: thiamine phosphate formation from pyrithiamine and oxythiamine (yeast)|g__Collinsella.s__Collinsella_aerofaciens	41.5495298159
PWY-7357: thiamine phosphate formation from pyrithiamine and oxythiamine (yeast)|g__Blautia.s__Blautia_obeum	36.4804664199
PWY-7357: thiamine phosphate formation from pyrithiamine and oxythiamine (yeast)|g__Dorea.s__Dorea_longicatena	31.8317559346
PWY-7357: thiamine phosphate formation from pyrithiamine and oxythiamine (yeast)|g__Coprococcus.s__Coprococcus_comes	24.0811289371
PWY-7357: thiamine phosphate formation from pyrithiamine and oxythiamine (yeast)|g__Lachnospiraceae_unclassified.s__Eubacterium_rectale	23.7413715997
PWY-7357: thiamine phosphate formation from pyrithiamine and oxythiamine (yeast)|g__Holdemanella.s__Holdemanella_biformis	17.8749012723
PWY-7357: thiamine phosphate formation from pyrithiamine and oxythiamine (yeast)|g__Roseburia.s__Roseburia_faecis	15.1796110225
PWY-7357: thiamine phosphate formation from pyrithiamine and oxythiamine (yeast)|g__Blautia.s__Blautia_wexlerae	13.9373646506
PWY-7357: thiamine phosphate formation from pyrithiamine and oxythiamine (yeast)|g__Dorea.s__Dorea_formicigenerans	12.4037140588
PWY-7357: thiamine phosphate formation from pyrithiamine and oxythiamine (yeast)|g__Roseburia.s__Roseburia_intestinalis	9.5057034221
PWY-7357: thiamine phosphate formation from pyrithiamine and oxythiamine (yeast)|g__Eubacterium.s__Eubacterium_hallii	8.8948187681
PWY-7357: thiamine phosphate formation from pyrithiamine and oxythiamine (yeast)|g__Coprococcus.s__Coprococcus_catus	8.8071085948
PWY-7357: thiamine phosphate formation from pyrithiamine and oxythiamine (yeast)|g__Blautia.s__Ruminococcus_torques	7.7860793938
PWY-7357: thiamine phosphate formation from pyrithiamine and oxythiamine (yeast)|g__Roseburia.s__Roseburia_hominis	4.7551194929
TRPSYN-PWY: L-tryptophan biosynthesis	609.8765914392
TRPSYN-PWY: L-tryptophan biosynthesis|unclassified	122.3049143719
TRPSYN-PWY: L-tryptophan biosynthesis|g__Prevotella.s__Prevotella_copri	68.3262832022
TRPSYN-PWY: L-tryptophan biosynthesis|g__Ruminococcus.s__Ruminococcus_bromii	37.7790564855
TRPSYN-PWY: L-tryptophan biosynthesis|g__Blautia.s__Blautia_wexlerae	25.4339062604
TRPSYN-PWY: L-tryptophan biosynthesis|g__Blautia.s__Blautia_obeum	19.3864097678
TRPSYN-PWY: L-tryptophan biosynthesis|g__Lachnospiraceae_unclassified.s__Eubacterium_rectale	16.3607854363
TRPSYN-PWY: L-tryptophan biosynthesis|g__Bifidobacterium.s__Bifidobacterium_pseudocatenulatum	14.9652866338
TRPSYN-PWY: L-tryptophan biosynthesis|g__Roseburia.s__Roseburia_sp_CAG_471	13.4623733324
TRPSYN-PWY: L-tryptophan biosynthesis|g__Sutterella.s__Sutterella_sp_CAG_397	11.9090463528
TRPSYN-PWY: L-tryptophan biosynthesis|g__Blautia.s__Blautia_sp	5.9866338646
PWY-841: superpathway of purine nucleotides de novo biosynthesis I	605.9909732128
PWY-841: superpathway of purine nucleotides de novo biosynthesis I|unclassified	124.9992407341
PWY-5154: L-arginine biosynthesis III (via N-acetyl-L-citrulline)	593.9133795439
PWY-5154: L-arginine biosynthesis III (via N-acetyl-L-citrulline)|unclassified	27.0252679417
RIBOSYN2-PWY: flavin biosynthesis I (bacteria and plants)	593.4500047373
RIBOSYN2-PWY: flavin biosynthesis I (bacteria and plants)|unclassified	100.4577956969
RIBOSYN2-PWY: flavin biosynthesis I (bacteria and plants)|g__Faecalibacterium.s__Faecalibacterium_prausnitzii	46.7574463249
RIBOSYN2-PWY: flavin biosynthesis I (bacteria and plants)|g__Dorea.s__Dorea_longicatena	26.4289245910
RIBOSYN2-PWY: flavin biosynthesis I (bacteria and plants)|g__Coprococcus.s__Coprococcus_comes	22.7352547080
RIBOSYN2-PWY: flavin biosynthesis I (bacteria and plants)|g__Blautia.s__Blautia_obeum	17.8670018413
RIBOSYN2-PWY: flavin biosynthesis I (bacteria and plants)|g__Blautia.s__Blautia_wexlerae	13.2277840155
RIBOSYN2-PWY: flavin biosynthesis I (bacteria and plants)|g__Eubacterium.s__Eubacterium_hallii	11.7025579230
RIBOSYN2-PWY: flavin biosynthesis I (bacteria and plants)|g__Blautia.s__Ruminococcus_torques	11.5741571100
RIBOSYN2-PWY: flavin biosynthesis I (bacteria and plants)|g__Lachnospiraceae_unclassified.s__Eubacterium_rectale	8.5387162507
SER-GLYSYN-PWY: superpathway of L-serine and glycine biosynthesis I	585.3912093089
SER-GLYSYN-PWY: superpathway of L-serine and glycine biosynthesis I|unclassified	99.9866114737
SER-GLYSYN-PWY: superpathway of L-serine and glycine biosynthesis I|g__Collinsella.s__Collinsella_aerofaciens	51.3577816924
SER-GLYSYN-PWY: superpathway of L-serine and glycine biosynthesis I|g__Dorea.s__Dorea_longicatena	43.0273447244
SER-GLYSYN-PWY: superpathway of L-serine and glycine biosynthesis I|g__Dialister.s__Dialister_sp_CAG_486	37.8723126043
SER-GLYSYN-PWY: superpathway of L-serine and glycine biosynthesis I|g__Coprococcus.s__Coprococcus_comes	32.1411916634
SER-GLYSYN-PWY: superpathway of L-serine and glycine biosynthesis I|g__Blautia.s__Blautia_wexlerae	17.1594037107
SER-GLYSYN-PWY: superpathway of L-serine and glycine biosynthesis I|g__Bifidobacterium.s__Bifidobacterium_pseudocatenulatum	14.9956333738
SER-GLYSYN-PWY: superpathway of L-serine and glycine biosynthesis I|g__Eubacterium.s__Eubacterium_hallii	12.1366835025
SER-GLYSYN-PWY: superpathway of L-serine and glycine biosynthesis I|g__Blautia.s__Ruminococcus_torques	11.3516447430
SER-GLYSYN-PWY: superpathway of L-serine and glycine biosynthesis I|g__Roseburia.s__Roseburia_intestinalis	11.2422709387
SER-GLYSYN-PWY: superpathway of L-serine and glycine biosynthesis I|g__Dorea.s__Dorea_formicigenerans	10.8196879679
SER-GLYSYN-PWY: superpathway of L-serine and glycine biosynthesis I|g__Clostridium.s__Clostridium_sp_CAG_510	9.5246001863
SER-GLYSYN-PWY: superpathway of L-serine and glycine biosynthesis I|g__Phascolarctobacterium.s__Phascolarctobacterium_succinatutens	9.2317251786
SER-GLYSYN-PWY: superpathway of L-serine and glycine biosynthesis I|g__Blautia.s__Blautia_obeum	8.1086194939
SER-GLYSYN-PWY: superpathway of L-serine and glycine biosynthesis I|g__Roseburia.s__Roseburia_faecis	7.9220993563
SER-GLYSYN-PWY: superpathway of L-serine and glycine biosynthesis I|g__Roseburia.s__Roseburia_sp_CAG_197	4.1511000415
SER-GLYSYN-PWY: superpathway of L-serine and glycine biosynthesis I|g__Coprococcus.s__Coprococcus_catus	3.4161755914
UDPNAGSYN-PWY: UDP-N-acetyl-D-glucosamine biosynthesis I	582.4727283194
UDPNAGSYN-PWY: UDP-N-acetyl-D-glucosamine biosynthesis I|unclassified	140.4967968469
UDPNAGSYN-PWY: UDP-N-acetyl-D-glucosamine biosynthesis I|g__Collinsella.s__Collinsella_aerofaciens	62.4842377461
UDPNAGSYN-PWY: UDP-N-acetyl-D-glucosamine biosynthesis I|g__Dialister.s__Dialister_sp_CAG_486	38.1570491287
UDPNAGSYN-PWY: UDP-N-acetyl-D-glucosamine biosynthesis I|g__Catenibacterium.s__Catenibacterium_mitsuokai	24.0707812205
UDPNAGSYN-PWY: UDP-N-acetyl-D-glucosamine biosynthesis I|g__Roseburia.s__Roseburia_hominis	20.4131588118
UDPNAGSYN-PWY: UDP-N-acetyl-D-glucosamine biosynthesis I|g__Sutterella.s__Sutterella_sp_CAG_397	17.5895448425
UDPNAGSYN-PWY: UDP-N-acetyl-D-glucosamine biosynthesis I|g__Firmicutes_unclassified.s__Firmicutes_bacterium_CAG_129	15.7586677341
UDPNAGSYN-PWY: UDP-N-acetyl-D-glucosamine biosynthesis I|g__Bifidobacterium.s__Bifidobacterium_pseudocatenulatum	12.5622194355
UDPNAGSYN-PWY: UDP-N-acetyl-D-glucosamine biosynthesis I|g__Ruminococcus.s__Ruminococcus_bicirculans	11.9491249270
UDPNAGSYN-PWY: UDP-N-acetyl-D-glucosamine biosynthesis I|g__Phascolarctobacterium.s__Phascolarctobacterium_succinatutens	10.1232734753
UDPNAGSYN-PWY: UDP-N-acetyl-D-glucosamine biosynthesis I|g__Agathobaculum.s__Agathobaculum_butyriciproducens	8.3927608623
UDPNAGSYN-PWY: UDP-N-acetyl-D-glucosamine biosynthesis I|g__Firmicutes_unclassified.s__Firmicutes_bacterium_CAG_102	7.6246334311
UDPNAGSYN-PWY: UDP-N-acetyl-D-glucosamine biosynthesis I|g__Oscillibacter.s__Oscillibacter_sp_CAG_241	7.5893099149
UDPNAGSYN-PWY: UDP-N-acetyl-D-glucosamine biosynthesis I|g__Firmicutes_unclassified.s__Firmicutes_bacterium_CAG_124	6.2777923097
THISYN-PWY: superpathway of thiamine diphosphate biosynthesis I	569.3398871814
THISYN-PWY: superpathway of thiamine diphosphate biosynthesis I|unclassified	61.3896211629
THISYN-PWY: superpathway of thiamine diphosphate biosynthesis I|g__Blautia.s__Blautia_obeum	13.9676090595
PWY-6936: seleno-amino acid biosynthesis (plants)	559.2929118543
PWY-6936: seleno-amino acid biosynthesis (plants)|unclassified	89.5873632917
PWY-6936: seleno-amino acid biosynthesis (plants)|g__Coprococcus.s__Coprococcus_comes	32.3930354974
PWY-6936: seleno-amino acid biosynthesis (plants)|g__Holdemanella.s__Holdemanella_biformis	29.8253390501
PWY-6936: seleno-amino acid biosynthesis (plants)|g__Catenibacterium.s__Catenibacterium_mitsuokai	29.2051766545
PWY-6936: seleno-amino acid biosynthesis (plants)|g__Agathobaculum.s__Agathobaculum_butyriciproducens	9.0774991490
PWY-6936: seleno-amino acid biosynthesis (plants)|g__Dorea.s__Dorea_formicigenerans	8.1327710062
PWY-6936: seleno-amino acid biosynthesis (plants)|g__Roseburia.s__Roseburia_hominis	5.5698670194
PWY-6936: seleno-amino acid biosynthesis (plants)|g__Anaerostipes.s__Anaerostipes_hadrus	5.3785128412
PWY-6897: thiamine diphosphate salvage II	553.4484638213
PWY-6897: thiamine diphosphate salvage II|unclassified	86.9340709505
PWY-6897: thiamine diphosphate salvage II|g__Prevotella.s__Prevotella_copri	77.2900680081
PWY-6897: thiamine diphosphate salvage II|g__Faecalibacterium.s__Faecalibacterium_prausnitzii	36.5945241862
PWY-6897: thiamine diphosphate salvage II|g__Dorea.s__Dorea_longicatena	23.9144932807
PWY-6897: thiamine diphosphate salvage II|g__Lachnospiraceae_unclassified.s__Eubacterium_rectale	18.6225062876
PWY-6897: thiamine diphosphate salvage II|g__Blautia.s__Blautia_obeum	14.0800157359
PWY-6897: thiamine diphosphate salvage II|g__Blautia.s__Ruminococcus_torques	4.8963442173
ASPASN-PWY: superpathway of L-aspartate and L-asparagine biosynthesis	552.9794348526
ASPASN-PWY: superpathway of L-aspartate and L-asparagine biosynthesis|unclassified	119.7964021112
ASPASN-PWY: superpathway of L-aspartate and L-asparagine biosynthesis|g__Prevotella.s__Prevotella_copri	87.4913059869
ASPASN-PWY: superpathway of L-aspartate and L-asparagine biosynthesis|g__Prevotella.s__Prevotella_sp_AM42_24	55.8589394280
ASPASN-PWY: superpathway of L-aspartate and L-asparagine biosynthesis|g__Coprococcus.s__Coprococcus_comes	27.4791947828
ASPASN-PWY: superpathway of L-aspartate and L-asparagine biosynthesis|g__Blautia.s__Blautia_obeum	15.5059652387
ASPASN-PWY: superpathway of L-aspartate and L-asparagine biosynthesis|g__Blautia.s__Blautia_wexlerae	4.3682263794
PWY-6126: superpathway of adenosine nucleotides de novo biosynthesis II	547.3380381586
PWY-6126: superpathway of adenosine nucleotides de novo biosynthesis II|unclassified	128.5410967115
PWY-6126: superpathway of adenosine nucleotides de novo biosynthesis II|g__Prevotella.s__Prevotella_sp_CAG_520	71.0624821363
PWY-6126: superpathway of adenosine nucleotides de novo biosynthesis II|g__Prevotella.s__Prevotella_sp_CAG_279	16.3574312858
PWY-6126: superpathway of adenosine nucleotides de novo biosynthesis II|g__Sutterella.s__Sutterella_sp_CAG_397	11.7667832044
PWY-6823: molybdopterin biosynthesis	482.2404560849
PWY-6823: molybdopterin biosynthesis|unclassified	87.2383402660
PWY-6823: molybdopterin biosynthesis|g__Faecalibacterium.s__Faecalibacterium_prausnitzii	58.1578011964
PWY-6823: molybdopterin biosynthesis|g__Blautia.s__Blautia_obeum	35.6916777662
PWY-6823: molybdopterin biosynthesis|g__Holdemanella.s__Holdemanella_biformis	24.0000000000
PWY-6823: molybdopterin biosynthesis|g__Coprococcus.s__Coprococcus_comes	21.4097496706
PWY-6823: molybdopterin biosynthesis|g__Catenibacterium.s__Catenibacterium_mitsuokai	19.4331983806
PWY-6823: molybdopterin biosynthesis|g__Dorea.s__Dorea_longicatena	18.9538910151
PWY-6823: molybdopterin biosynthesis|g__Roseburia.s__Roseburia_faecis	17.8457616316
PWY-6823: molybdopterin biosynthesis|g__Blautia.s__Blautia_wexlerae	16.0864069861
PWY-6823: molybdopterin biosynthesis|g__Roseburia.s__Roseburia_sp_CAG_471	15.4046687996
PWY-6823: molybdopterin biosynthesis|g__Dorea.s__Dorea_formicigenerans	9.9502487562
PWY-6823: molybdopterin biosynthesis|g__Blautia.s__Ruminococcus_torques	9.5238095238
PWY-6823: molybdopterin biosynthesis|g__Sutterella.s__Sutterella_sp_CAG_397	8.4790673026
PWY-6823: molybdopterin biosynthesis|g__Lachnospiraceae_unclassified.s__Eubacterium_rectale	8.0726538850
PWY-6823: molybdopterin biosynthesis|g__Desulfovibrio.s__Desulfovibrio_piger	6.9120442371
PWY-6823: molybdopterin biosynthesis|g__Bilophila.s__Bilophila_wadsworthia	6.1500615006
PWY-7228: superpathway of guanosine nucleotides de novo biosynthesis I	472.8676549035
PWY-7228: superpathway of guanosine nucleotides de novo biosynthesis I|unclassified	108.1391567212
PWY-7228: superpathway of guanosine nucleotides de novo biosynthesis I|g__Prevotella.s__Prevotella_sp_CAG_520	75.9808892980
PWY-7228: superpathway of guanosine nucleotides de novo biosynthesis I|g__Collinsella.s__Collinsella_aerofaciens	40.5292169954
PWY-7228: superpathway of guanosine nucleotides de novo biosynthesis I|g__Dialister.s__Dialister_sp_CAG_486	27.2402175500
PWY-7228: superpathway of guanosine nucleotides de novo biosynthesis I|g__Sutterella.s__Sutterella_sp_CAG_397	16.4872626599
PWY-7228: superpathway of guanosine nucleotides de novo biosynthesis I|g__Prevotella.s__Prevotella_sp_CAG_279	15.6540931742
PWY-7228: superpathway of guanosine nucleotides de novo biosynthesis I|g__Prevotella.s__Prevotella_sp_885	6.0835767569
GLUCONEO-PWY: gluconeogenesis I	453.5515971556
GLUCONEO-PWY: gluconeogenesis I|unclassified	79.8918856420
GLYCOLYSIS: glycolysis I (from glucose 6-phosphate)	425.5811752702
GLYCOLYSIS: glycolysis I (from glucose 6-phosphate)|unclassified	160.2518560119
PHOSLIPSYN-PWY: superpathway of phospholipid biosynthesis I (bacteria)	416.3926858718
PHOSLIPSYN-PWY: superpathway of phospholipid biosynthesis I (bacteria)|unclassified	56.0823015286
PWY-6125: superpathway of guanosine nucleotides de novo biosynthesis II	406.5773947454
PWY-6125: superpathway of guanosine nucleotides de novo biosynthesis II|unclassified	97.1293416714
PWY-6125: superpathway of guanosine nucleotides de novo biosynthesis II|g__Prevotella.s__Prevotella_sp_CAG_520	74.0253420660
PWY-6125: superpathway of guanosine nucleotides de novo biosynthesis II|g__Prevotella.s__Prevotella_sp_CAG_279	14.5141993302
PWY-6125: superpathway of guanosine nucleotides de novo biosynthesis II|g__Sutterella.s__Sutterella_sp_CAG_397	12.3981249667
PWY-6703: preQ0 biosynthesis	404.4294406289
PWY-6703: preQ0 biosynthesis|unclassified	70.8854983801
PWY-6703: preQ0 biosynthesis|g__Prevotella.s__Prevotella_copri	61.2786947448
PWY-6703: preQ0 biosynthesis|g__Dialister.s__Dialister_sp_CAG_486	46.7205584307
PWY-6703: preQ0 biosynthesis|g__Prevotella.s__Prevotella_sp_CAG_5226	26.2984878369
PWY-6703: preQ0 biosynthesis|g__Prevotella.s__Prevotella_sp_CAG_279	20.8374677515
PWY-6703: preQ0 biosynthesis|g__Prevotella.s__Prevotella_sp_CAG_1092	19.3657709998
PWY-6703: preQ0 biosynthesis|g__Prevotella.s__Prevotella_sp_CAG_386	15.9132007233
PWY-6703: preQ0 biosynthesis|g__Blautia.s__Blautia_sp	14.5435657707
PWY-6703: preQ0 biosynthesis|g__Clostridium.s__Clostridium_sp_CAG_632	12.8068303095
PWY-6703: preQ0 biosynthesis|g__Phascolarctobacterium.s__Phascolarctobacterium_succinatutens	8.4477296727
PWY-6703: preQ0 biosynthesis|g__Eggerthella.s__Eggerthella_sp_CAG_209	7.9378579123
PWY-6703: preQ0 biosynthesis|g__Blautia.s__Blautia_obeum	7.2308956450
PWY-6703: preQ0 biosynthesis|g__Roseburia.s__Roseburia_sp_CAG_471	3.3890099250
PWY-6703: preQ0 biosynthesis|g__Blautia.s__Ruminococcus_torques	3.2451069871
ANAEROFRUCAT-PWY: homolactic fermentation	390.7335959373
ANAEROFRUCAT-PWY: homolactic fermentation|unclassified	122.1442398894
PWY-7208: superpathway of pyrimidine nucleobases salvage	388.8711938223
PWY-7208: superpathway of pyrimidine nucleobases salvage|unclassified	103.8546956137
PWY-7208: superpathway of pyrimidine nucleobases salvage|g__Collinsella.s__Collinsella_aerofaciens	27.8215234012
PWY-7208: superpathway of pyrimidine nucleobases salvage|g__Blautia.s__Blautia_obeum	18.2180451691
PWY-7208: superpathway of pyrimidine nucleobases salvage|g__Roseburia.s__Roseburia_intestinalis	9.8570355226
PWY-7208: superpathway of pyrimidine nucleobases salvage|g__Sutterella.s__Sutterella_sp_CAG_397	9.7987751531
THISYNARA-PWY: superpathway of thiamine diphosphate biosynthesis III (eukaryotes)	387.1357060461
THISYNARA-PWY: superpathway of thiamine diphosphate biosynthesis III (eukaryotes)|unclassified	52.0740328764
THISYNARA-PWY: superpathway of thiamine diphosphate biosynthesis III (eukaryotes)|g__Faecalibacterium.s__Faecalibacterium_prausnitzii	38.9061490362
THISYNARA-PWY: superpathway of thiamine diphosphate biosynthesis III (eukaryotes)|g__Holdemanella.s__Holdemanella_biformis	16.3523023372
THISYNARA-PWY: superpathway of thiamine diphosphate biosynthesis III (eukaryotes)|g__Blautia.s__Blautia_obeum	14.6511726284
THISYNARA-PWY: superpathway of thiamine diphosphate biosynthesis III (eukaryotes)|g__Lachnospiraceae_unclassified.s__Eubacterium_rectale	14.1912884249
THISYNARA-PWY: superpathway of thiamine diphosphate biosynthesis III (eukaryotes)|g__Roseburia.s__Roseburia_faecis	14.1405214317
THISYNARA-PWY: superpathway of thiamine diphosphate biosynthesis III (eukaryotes)|g__Dorea.s__Dorea_longicatena	11.5914223476
THISYNARA-PWY: superpathway of thiamine diphosphate biosynthesis III (eukaryotes)|g__Roseburia.s__Roseburia_intestinalis	7.4603668014
THISYNARA-PWY: superpathway of thiamine diphosphate biosynthesis III (eukaryotes)|g__Blautia.s__Ruminococcus_torques	6.4976458991
PWY-6892: thiazole component of thiamine diphosphate biosynthesis I	380.7876114435
PWY-6892: thiazole component of thiamine diphosphate biosynthesis I|g__Coprococcus.s__Coprococcus_comes	39.6208721073
PWY-6892: thiazole component of thiamine diphosphate biosynthesis I|g__Blautia.s__Blautia_wexlerae	33.5798817544
PWY-6892: thiazole component of thiamine diphosphate biosynthesis I|unclassified	25.8008732204
PWY-6892: thiazole component of thiamine diphosphate biosynthesis I|g__Blautia.s__Blautia_obeum	18.2177436082
PWY-6892: thiazole component of thiamine diphosphate biosynthesis I|g__Eubacterium.s__Eubacterium_hallii	17.1734657435
PWY-6892: thiazole component of thiamine diphosphate biosynthesis I|g__Roseburia.s__Roseburia_intestinalis	11.9887432960
PWY-6892: thiazole component of thiamine diphosphate biosynthesis I|g__Eubacterium.s__Eubacterium_eligens	6.0303838571
PWY-6892: thiazole component of thiamine diphosphate biosynthesis I|g__Blautia.s__Blautia_sp	2.6353260695
PWY-6892: thiazole component of thiamine diphosphate biosynthesis I|g__Dorea.s__Dorea_formicigenerans	2.5079155607
PWY-8187: L-arginine degradation XIII (reductive Stickland reaction)	380.2365629186
PWY-8187: L-arginine degradation XIII (reductive Stickland reaction)|unclassified	170.0667708976
PWY-6628: superpathway of L-phenylalanine biosynthesis	365.1760235336
PWY-6628: superpathway of L-phenylalanine biosynthesis|unclassified	30.3467846142
PWY-6628: superpathway of L-phenylalanine biosynthesis|g__Bifidobacterium.s__Bifidobacterium_pseudocatenulatum	13.6505721840
PWY-5484: glycolysis II (from fructose 6-phosphate)	337.2167697927
PWY-5484: glycolysis II (from fructose 6-phosphate)|unclassified	114.8923536679
PWY-7400: L-arginine biosynthesis IV (archaebacteria)	324.6226471203
PWY-7761: NAD salvage pathway II (PNC IV cycle)	318.8055895881
PWY-7761: NAD salvage pathway II (PNC IV cycle)|unclassified	94.1126708405
PWY-6895: superpathway of thiamine diphosphate biosynthesis II	312.5152680017
PWY-6895: superpathway of thiamine diphosphate biosynthesis II|unclassified	50.8255249261
COBALSYN-PWY: superpathway of adenosylcobalamin salvage from cobinamide I	311.3373214722
COBALSYN-PWY: superpathway of adenosylcobalamin salvage from cobinamide I|g__Dorea.s__Dorea_longicatena	29.9617495347
COBALSYN-PWY: superpathway of adenosylcobalamin salvage from cobinamide I|g__Blautia.s__Blautia_obeum	23.1797318608
COBALSYN-PWY: superpathway of adenosylcobalamin salvage from cobinamide I|g__Collinsella.s__Collinsella_aerofaciens	17.4435942073
COBALSYN-PWY: superpathway of adenosylcobalamin salvage from cobinamide I|unclassified	12.8949423765
COBALSYN-PWY: superpathway of adenosylcobalamin salvage from cobinamide I|g__Blautia.s__Blautia_wexlerae	10.0274427604
PWY4FS-7: phosphatidylglycerol biosynthesis I (plastidic)	304.4386387485
PWY4FS-7: phosphatidylglycerol biosynthesis I (plastidic)|unclassified	78.4158565172
PWY4FS-7: phosphatidylglycerol biosynthesis I (plastidic)|g__Roseburia.s__Roseburia_intestinalis	10.9974064836
PWY4FS-8: phosphatidylglycerol biosynthesis II (non-plastidic)	304.4386387485
PWY4FS-8: phosphatidylglycerol biosynthesis II (non-plastidic)|unclassified	78.4158565172
PWY4FS-8: phosphatidylglycerol biosynthesis II (non-plastidic)|g__Roseburia.s__Roseburia_intestinalis	10.9974064836
PWY-2941: L-lysine biosynthesis II	298.1136081179
PWY-2941: L-lysine biosynthesis II|unclassified	35.3984562609
PWY-2941: L-lysine biosynthesis II|g__Catenibacterium.s__Catenibacterium_mitsuokai	21.0113632485
PWY-2941: L-lysine biosynthesis II|g__Roseburia.s__Roseburia_hominis	19.1903985375
PWY-1269: CMP-3-deoxy-D-manno-octulosonate biosynthesis	289.8374650867
PWY-1269: CMP-3-deoxy-D-manno-octulosonate biosynthesis|unclassified	83.8680971227
PWY-1269: CMP-3-deoxy-D-manno-octulosonate biosynthesis|g__Prevotella.s__Prevotella_sp_AM42_24	43.9954959485
PWY-1269: CMP-3-deoxy-D-manno-octulosonate biosynthesis|g__Prevotella.s__Prevotella_copri	41.2686568541
PWY-1269: CMP-3-deoxy-D-manno-octulosonate biosynthesis|g__Ruminococcus.s__Ruminococcus_bromii	33.0614464383
PWY-7220: adenosine deoxyribonucleotides de novo biosynthesis II	280.2714432166
PWY-7220: adenosine deoxyribonucleotides de novo biosynthesis II|g__Prevotella.s__Prevotella_sp_CAG_520	66.3950021148
PWY-7220: adenosine deoxyribonucleotides de novo biosynthesis II|unclassified	65.4946607381
PWY-7220: adenosine deoxyribonucleotides de novo biosynthesis II|g__Prevotella.s__Prevotella_sp_CAG_279	14.6640617775
PWY-7220: adenosine deoxyribonucleotides de novo biosynthesis II|g__Sutterella.s__Sutterella_sp_CAG_397	9.3333333333
PWY-7222: guanosine deoxyribonucleotides de novo biosynthesis II	280.2714432166
PWY-7222: guanosine deoxyribonucleotides de novo biosynthesis II|g__Prevotella.s__Prevotella_sp_CAG_520	66.3950021148
PWY-7222: guanosine deoxyribonucleotides de novo biosynthesis II|unclassified	65.4946607381
PWY-7222: guanosine deoxyribonucleotides de novo biosynthesis II|g__Prevotella.s__Prevotella_sp_CAG_279	14.6640617775
PWY-7222: guanosine deoxyribonucleotides de novo biosynthesis II|g__Sutterella.s__Sutterella_sp_CAG_397	9.3333333333
PWY-7197: pyrimidine deoxyribonucleotide phosphorylation	264.5902924442
PWY-7197: pyrimidine deoxyribonucleotide phosphorylation|unclassified	72.7035801775
PWY-7197: pyrimidine deoxyribonucleotide phosphorylation|g__Collinsella.s__Collinsella_aerofaciens	35.2655940048
PWY-7197: pyrimidine deoxyribonucleotide phosphorylation|g__Dialister.s__Dialister_sp_CAG_486	22.3152022315
PWY-7197: pyrimidine deoxyribonucleotide phosphorylation|g__Sutterella.s__Sutterella_sp_CAG_397	13.4563629373
HISDEG-PWY: L-histidine degradation I	258.4862018749
HISDEG-PWY: L-histidine degradation I|g__Prevotella.s__Prevotella_sp_CAG_520	83.4701376005
HISDEG-PWY: L-histidine degradation I|unclassified	41.3801771429
HISDEG-PWY: L-histidine degradation I|g__Firmicutes_unclassified.s__Firmicutes_bacterium_CAG_129	31.2306956499
HISDEG-PWY: L-histidine degradation I|g__Alistipes.s__Alistipes_sp_CAG_514	18.2741235373
HISDEG-PWY: L-histidine degradation I|g__Alistipes.s__Alistipes_sp_CAG_435	13.3391303833
HISDEG-PWY: L-histidine degradation I|g__Prevotella.s__Prevotella_sp_CAG_1092	12.3606470119
HISDEG-PWY: L-histidine degradation I|g__Bacteroides.s__Bacteroides_sp_CAG_770	5.6448133189
HISDEG-PWY: L-histidine degradation I|g__Prevotella.s__Prevotella_sp_885	4.6631692897
HISDEG-PWY: L-histidine degradation I|g__Prevotella.s__Prevotella_stercorea	1.3996131296
PWY-5188: tetrapyrrole biosynthesis I (from glutamate)	252.5974154578
PWY-5188: tetrapyrrole biosynthesis I (from glutamate)|g__Ruminococcus.s__Ruminococcus_bromii	38.3974928621
PWY-5188: tetrapyrrole biosynthesis I (from glutamate)|g__Dialister.s__Dialister_sp_CAG_486	26.9110607860
PWY-5188: tetrapyrrole biosynthesis I (from glutamate)|g__Blautia.s__Blautia_wexlerae	14.4826642840
PWY-5188: tetrapyrrole biosynthesis I (from glutamate)|g__Blautia.s__Blautia_obeum	12.3286795794
PWY-5188: tetrapyrrole biosynthesis I (from glutamate)|g__Ruminococcus.s__Ruminococcus_bicirculans	10.7143147032
PWY-5188: tetrapyrrole biosynthesis I (from glutamate)|g__Sutterella.s__Sutterella_sp_CAG_397	10.6592339956
PWY-5188: tetrapyrrole biosynthesis I (from glutamate)|g__Roseburia.s__Roseburia_sp_CAG_471	8.8960243183
PWY-5188: tetrapyrrole biosynthesis I (from glutamate)|g__Roseburia.s__Roseburia_faecis	6.9500385175
PWY-5188: tetrapyrrole biosynthesis I (from glutamate)|g__Blautia.s__Blautia_sp	3.4989474564
PWY-6147: 6-hydroxymethyl-dihydropterin diphosphate biosynthesis I	241.8146203023
PWY-6147: 6-hydroxymethyl-dihydropterin diphosphate biosynthesis I|g__Prevotella.s__Prevotella_copri	73.2031737568
PWY-6147: 6-hydroxymethyl-dihydropterin diphosphate biosynthesis I|unclassified	39.1606834534
PWY-6147: 6-hydroxymethyl-dihydropterin diphosphate biosynthesis I|g__Dialister.s__Dialister_sp_CAG_486	27.2811821846
FERMENTATION-PWY: mixed acid fermentation	240.4278918357
FERMENTATION-PWY: mixed acid fermentation|unclassified	59.6285745961
FERMENTATION-PWY: mixed acid fermentation|g__Faecalibacterium.s__Faecalibacterium_prausnitzii	19.2585010342
PWY0-162: superpathway of pyrimidine ribonucleotides de novo biosynthesis	239.5333849247
PWY0-162: superpathway of pyrimidine ribonucleotides de novo biosynthesis|unclassified	45.6740513884
PWY-7328: superpathway of UDP-glucose-derived O-antigen building blocks biosynthesis	235.0549762374
PWY-7328: superpathway of UDP-glucose-derived O-antigen building blocks biosynthesis|unclassified	37.1107411160
PWY66-409: superpathway of purine nucleotide salvage	226.6182607517
PWY66-409: superpathway of purine nucleotide salvage|unclassified	65.8235453769
COLANSYN-PWY: colanic acid building blocks biosynthesis	221.7254607364
COLANSYN-PWY: colanic acid building blocks biosynthesis|unclassified	43.2224629045
LACTOSECAT-PWY: lactose and galactose degradation I	216.0848598898
LACTOSECAT-PWY: lactose and galactose degradation I|g__Collinsella.s__Collinsella_aerofaciens	139.1563426288
LACTOSECAT-PWY: lactose and galactose degradation I|unclassified	27.9840742629
P441-PWY: superpathway of N-acetylneuraminate degradation	215.9808632208
RHAMCAT-PWY: L-rhamnose degradation I	210.0074753637
RHAMCAT-PWY: L-rhamnose degradation I|g__Prevotella.s__Prevotella_sp_AM42_24	57.4523667236
RHAMCAT-PWY: L-rhamnose degradation I|g__Prevotella.s__Prevotella_copri	52.5165299463
RHAMCAT-PWY: L-rhamnose degradation I|unclassified	45.7083457318
RHAMCAT-PWY: L-rhamnose degradation I|g__Roseburia.s__Roseburia_faecis	8.4253526521
RHAMCAT-PWY: L-rhamnose degradation I|g__Blautia.s__Ruminococcus_torques	5.7657657658
PWY-7383: anaerobic energy metabolism (invertebrates, cytosol)	209.9846532520
PWY-7383: anaerobic energy metabolism (invertebrates, cytosol)|unclassified	39.8816032094
PWY-7198: pyrimidine deoxyribonucleotides de novo biosynthesis IV	208.7945378333
PWY-7198: pyrimidine deoxyribonucleotides de novo biosynthesis IV|unclassified	27.9488739607
PWY-6630: superpathway of L-tyrosine biosynthesis	196.3859983755
PWY-6630: superpathway of L-tyrosine biosynthesis|unclassified	26.9870443240
PWY66-399: gluconeogenesis III	191.4640564362
PWY66-399: gluconeogenesis III|unclassified	46.6254359139
PWY-6292: superpathway of L-cysteine biosynthesis (mammalian)	187.4382426899
PWY-6292: superpathway of L-cysteine biosynthesis (mammalian)|unclassified	46.8004534932
DAPLYSINESYN-PWY: L-lysine biosynthesis I	172.3766223204
DAPLYSINESYN-PWY: L-lysine biosynthesis I|unclassified	34.8144818721
DAPLYSINESYN-PWY: L-lysine biosynthesis I|g__Bifidobacterium.s__Bifidobacterium_pseudocatenulatum	18.3870907498
METH-ACETATE-PWY: methanogenesis from acetate	168.4618993488
METH-ACETATE-PWY: methanogenesis from acetate|g__Blautia.s__Blautia_wexlerae	26.3366562193
METH-ACETATE-PWY: methanogenesis from acetate|g__Blautia.s__Blautia_obeum	16.8186206846
METH-ACETATE-PWY: methanogenesis from acetate|g__Blautia.s__Blautia_sp	1.8027813536
PWY-6353: purine nucleotides degradation II (aerobic)	166.7044812153
PWY-6353: purine nucleotides degradation II (aerobic)|unclassified	36.3112115575
PWY-6353: purine nucleotides degradation II (aerobic)|g__Roseburia.s__Roseburia_intestinalis	14.3853045599
PWY-5659: GDP-mannose biosynthesis	165.7040661041
PWY-5659: GDP-mannose biosynthesis|unclassified	43.0134999322
PWY-5659: GDP-mannose biosynthesis|g__Roseburia.s__Roseburia_intestinalis	14.7904682043
PWY-5659: GDP-mannose biosynthesis|g__Blautia.s__Blautia_obeum	9.0345302441
PWY-5659: GDP-mannose biosynthesis|g__Ruminococcus.s__Ruminococcus_bicirculans	6.4334539606
PWY-5659: GDP-mannose biosynthesis|g__Roseburia.s__Roseburia_hominis	5.9813855674
PWY-I9: L-cysteine biosynthesis VI (from L-methionine)	165.3772331233
PWY-I9: L-cysteine biosynthesis VI (from L-methionine)|g__Coprococcus.s__Coprococcus_comes	37.4856935702
PWY-I9: L-cysteine biosynthesis VI (from L-methionine)|g__Bifidobacterium.s__Bifidobacterium_pseudocatenulatum	9.1819699499
PWY-I9: L-cysteine biosynthesis VI (from L-methionine)|g__Roseburia.s__Roseburia_intestinalis	7.9946523166
GLCMANNANAUT-PWY: superpathway of N-acetylglucosamine, N-acetylmannosamine and N-acetylneuraminate degradation	164.3156338995
GLCMANNANAUT-PWY: superpathway of N-acetylglucosamine, N-acetylmannosamine and N-acetylneuraminate degradation|g__Faecalibacterium.s__Faecalibacterium_prausnitzii	45.4837404996
GLCMANNANAUT-PWY: superpathway of N-acetylglucosamine, N-acetylmannosamine and N-acetylneuraminate degradation|unclassified	14.0503234926
PWY-702: L-methionine biosynthesis II	158.4220225178
PWY-702: L-methionine biosynthesis II|g__Bifidobacterium.s__Bifidobacterium_pseudocatenulatum	16.7175333886
PWY-702: L-methionine biosynthesis II|unclassified	16.1357312465
PWY-6731: starch degradation III	158.3005748525
PWY-6731: starch degradation III|g__Coprococcus.s__Coprococcus_comes	29.1834564231
PWY-6731: starch degradation III|g__Blautia.s__Blautia_obeum	19.5024678703
PWY-6731: starch degradation III|g__Eubacterium.s__Eubacterium_hallii	18.4060495943
PWY-6731: starch degradation III|g__Blautia.s__Blautia_wexlerae	16.8590450731
PWY-6731: starch degradation III|g__Fusicatenibacter.s__Fusicatenibacter_saccharivorans	10.9330710015
PWY-6731: starch degradation III|unclassified	9.8698799873
PWY-6731: starch degradation III|g__Blautia.s__Blautia_sp	7.7098551028
PWY-6731: starch degradation III|g__Agathobaculum.s__Agathobaculum_butyriciproducens	7.5944772515
PWY-7234: inosine-5'-phosphate biosynthesis III	154.0754315465
PWY-7234: inosine-5'-phosphate biosynthesis III|unclassified	13.1673563242
PWY-7234: inosine-5'-phosphate biosynthesis III|g__Bacteroides.s__Bacteroides_sp_CAG_545	12.0381612779
PWY-7234: inosine-5'-phosphate biosynthesis III|g__Bacteroides.s__Bacteroides_sp_CAG_770	5.6849503859
PWY-7456: &beta;-(1,4)-mannan degradation	137.4411046930
PWY-7456: &beta;-(1,4)-mannan degradation|unclassified	30.1931377985
PWY-6590: superpathway of Clostridium acetobutylicum acidogenic fermentation	136.3804163376
PWY-6590: superpathway of Clostridium acetobutylicum acidogenic fermentation|unclassified	9.4901004524
PWY-6969: TCA cycle V (2-oxoglutarate synthase)	133.9738782963
PWY-6969: TCA cycle V (2-oxoglutarate synthase)|unclassified	26.1850803966
PWY-7356: thiamine diphosphate salvage IV (yeast)	133.7527551387
PWY-7356: thiamine diphosphate salvage IV (yeast)|unclassified	58.0232154182
P164-PWY: purine nucleobases degradation I (anaerobic)	132.3504573868
PWY-6608: guanosine nucleotides degradation III	131.1378661237
PWY-6608: guanosine nucleotides degradation III|unclassified	38.0403799226
PWY-6608: guanosine nucleotides degradation III|g__Blautia.s__Blautia_obeum	16.6175835116
PWY-6608: guanosine nucleotides degradation III|g__Roseburia.s__Roseburia_intestinalis	16.2641742466
PWY-6608: guanosine nucleotides degradation III|g__Blautia.s__Ruminococcus_torques	10.7388144089
PWY-6608: guanosine nucleotides degradation III|g__Blautia.s__Blautia_wexlerae	9.8578821983
PWY-6901: superpathway of glucose and xylose degradation	129.1779807412
PWY-6901: superpathway of glucose and xylose degradation|unclassified	46.5018480670
PWY-7345: superpathway of anaerobic sucrose degradation	128.1771169832
PWY-7242: D-fructuronate degradation	122.3437376095
PWY-7242: D-fructuronate degradation|unclassified	49.9723925736
PWY-7242: D-fructuronate degradation|g__Faecalibacterium.s__Faecalibacterium_prausnitzii	35.1270725123
PWY-6470: peptidoglycan biosynthesis V (&beta;-lactam resistance)	115.2634931412
GLUCUROCAT-PWY: superpathway of &beta;-D-glucuronosides degradation	113.9982313092
GLUCUROCAT-PWY: superpathway of &beta;-D-glucuronosides degradation|unclassified	44.2178497393
GLUCUROCAT-PWY: superpathway of &beta;-D-glucuronosides degradation|g__Faecalibacterium.s__Faecalibacterium_prausnitzii	33.9119167643
PWY-6549: L-glutamine biosynthesis III	113.8416876783
PWY-6549: L-glutamine biosynthesis III|unclassified	37.5511410824
PWY0-1061: superpathway of L-alanine biosynthesis	113.5484694261
PWY0-1061: superpathway of L-alanine biosynthesis|unclassified	42.2572846106
PWY0-1061: superpathway of L-alanine biosynthesis|g__Blautia.s__Ruminococcus_torques	19.1019162030
PWY0-1061: superpathway of L-alanine biosynthesis|g__Lachnospiraceae_unclassified.s__Eubacterium_rectale	10.6739390207
GALACTUROCAT-PWY: D-galacturonate degradation I	108.2265261519
GALACTUROCAT-PWY: D-galacturonate degradation I|unclassified	49.8845556207
GALACTUROCAT-PWY: D-galacturonate degradation I|g__Faecalibacterium.s__Faecalibacterium_prausnitzii	41.4065629904
CENTFERM-PWY: pyruvate fermentation to butanoate	107.7282984087
CENTFERM-PWY: pyruvate fermentation to butanoate|unclassified	7.4368149335
SALVADEHYPOX-PWY: adenosine nucleotides degradation II	106.8208160743
SALVADEHYPOX-PWY: adenosine nucleotides degradation II|unclassified	32.4028771426
SALVADEHYPOX-PWY: adenosine nucleotides degradation II|g__Roseburia.s__Roseburia_intestinalis	13.3753446927
SALVADEHYPOX-PWY: adenosine nucleotides degradation II|g__Blautia.s__Ruminococcus_torques	10.3955051339
PPGPPMET-PWY: ppGpp metabolism	103.9804422985
PPGPPMET-PWY: ppGpp metabolism|unclassified	17.1055643253
PWY0-1297: superpathway of purine deoxyribonucleosides degradation	100.5080842951
PWY0-1297: superpathway of purine deoxyribonucleosides degradation|unclassified	31.0836100791
PWY0-1297: superpathway of purine deoxyribonucleosides degradation|g__Blautia.s__Ruminococcus_torques	18.2733959452
ARG+POLYAMINE-SYN: superpathway of arginine and polyamine biosynthesis	97.1558052416
ARG+POLYAMINE-SYN: superpathway of arginine and polyamine biosynthesis|unclassified	23.1701593745
PWY-6507: 4-deoxy-L-threo-hex-4-enopyranuronate degradation	96.6686982528
PWY-6507: 4-deoxy-L-threo-hex-4-enopyranuronate degradation|unclassified	44.2464688497
PWY-6507: 4-deoxy-L-threo-hex-4-enopyranuronate degradation|g__Faecalibacterium.s__Faecalibacterium_prausnitzii	35.8214206232
PWY-5121: superpathway of geranylgeranyl diphosphate biosynthesis II (via MEP)	95.3587999078
PWY-5121: superpathway of geranylgeranyl diphosphate biosynthesis II (via MEP)|unclassified	39.4739399689
PWY-7323: superpathway of GDP-mannose-derived O-antigen building blocks biosynthesis	94.1530981929
PWY-7323: superpathway of GDP-mannose-derived O-antigen building blocks biosynthesis|unclassified	23.0038075088
PWY-4041: &gamma;-glutamyl cycle	89.1029103693
PWY-4041: &gamma;-glutamyl cycle|unclassified	10.3889833288
PWY-8131: 5'-deoxyadenosine degradation II	88.3494365577
PWY-8131: 5'-deoxyadenosine degradation II|unclassified	16.7142288719
PWY-8131: 5'-deoxyadenosine degradation II|g__Blautia.s__Blautia_obeum	13.9580560796
PWY-6606: guanosine nucleotides degradation II	88.2757191772
PWY-6606: guanosine nucleotides degradation II|g__Roseburia.s__Roseburia_intestinalis	13.2692851488
PWY-6606: guanosine nucleotides degradation II|g__Blautia.s__Blautia_obeum	11.8682117813
PWY0-1479: tRNA processing	85.7292320771
PWY0-1479: tRNA processing|unclassified	41.2527893302
PWY-7115: C4 photosynthetic carbon assimilation cycle, NAD-ME type	83.9067457982
PWY-7115: C4 photosynthetic carbon assimilation cycle, NAD-ME type|unclassified	21.3526615231
P42-PWY: incomplete reductive TCA cycle	81.1035473687
P42-PWY: incomplete reductive TCA cycle|unclassified	10.6971516196
PENTOSE-P-PWY: pentose phosphate pathway	75.4512039952
PENTOSE-P-PWY: pentose phosphate pathway|unclassified	27.8587098042
GLYCOLYSIS-E-D: superpathway of glycolysis and the Entner-Doudoroff pathway	74.7454379354
PWY0-1298: superpathway of pyrimidine deoxyribonucleosides degradation	72.6418773687
PWY0-1298: superpathway of pyrimidine deoxyribonucleosides degradation|unclassified	18.1197950671
P124-PWY: Bifidobacterium shunt	69.3476638368
P124-PWY: Bifidobacterium shunt|g__Collinsella.s__Collinsella_aerofaciens	38.2313823383
PWY-7117: C4 photosynthetic carbon assimilation cycle, PEPCK type	67.6149598124
PWY-7117: C4 photosynthetic carbon assimilation cycle, PEPCK type|unclassified	11.0150967427
PWY-6902: chitin degradation II (Vibrio)	67.2372472179
PWY-6902: chitin degradation II (Vibrio)|unclassified	15.6038057952
PWY-6902: chitin degradation II (Vibrio)|g__Bifidobacterium.s__Bifidobacterium_pseudocatenulatum	13.9595173995
PWY-6902: chitin degradation II (Vibrio)|g__Fusicatenibacter.s__Fusicatenibacter_saccharivorans	13.9051109750
PWY-7196: superpathway of pyrimidine ribonucleosides salvage	66.5406448885
PWY-5676: acetyl-CoA fermentation to butanoate II	66.5201754891
PWY-5676: acetyl-CoA fermentation to butanoate II|unclassified	16.9855359944
GALACT-GLUCUROCAT-PWY: superpathway of hexuronide and hexuronate degradation	64.6066498935
GALACT-GLUCUROCAT-PWY: superpathway of hexuronide and hexuronate degradation|unclassified	30.1184111537
PWY-7013: (S)-propane-1,2-diol degradation	62.1476634870
PWY-7013: (S)-propane-1,2-diol degradation|g__Eubacterium.s__Eubacterium_hallii	16.3838525413
PWY-241: C4 photosynthetic carbon assimilation cycle, NADP-ME type	61.2982445886
PWY-241: C4 photosynthetic carbon assimilation cycle, NADP-ME type|unclassified	9.9418621269
POLYAMSYN-PWY: superpathway of polyamine biosynthesis I	56.6547962450
POLYAMSYN-PWY: superpathway of polyamine biosynthesis I|unclassified	15.1592031155
PWY0-1261: anhydromuropeptides recycling I	56.3840529601
PWY-5971: palmitate biosynthesis (type II fatty acid synthase)	54.3868764338
PWY-1861: formaldehyde assimilation II (assimilatory RuMP Cycle)	52.9189313917
PWY-1861: formaldehyde assimilation II (assimilatory RuMP Cycle)|unclassified	41.1256265334
CITRULBIO-PWY: L-citrulline biosynthesis	52.4847844046
CITRULBIO-PWY: L-citrulline biosynthesis|unclassified	26.2213276321
PWY-7392: taxadiene biosynthesis (engineered)	51.6228935271
PWY-7392: taxadiene biosynthesis (engineered)|unclassified	33.1340814299
PWY-8004: Entner-Doudoroff pathway I	50.7717008579
PWY0-1477: ethanolamine utilization	48.9500108312
PWY0-1477: ethanolamine utilization|unclassified	13.4892173385
PWY-5136: fatty acid &beta;-oxidation II (plant peroxisome)	47.8913499991
PWY-5136: fatty acid &beta;-oxidation II (plant peroxisome)|g__Coprococcus.s__Coprococcus_catus	12.0660564438
PWY-5913: partial TCA cycle (obligate autotrophs)	46.2928055154
PWY-5913: partial TCA cycle (obligate autotrophs)|unclassified	8.9078381726
FASYN-ELONG-PWY: fatty acid elongation -- saturated	46.2141468749
FASYN-ELONG-PWY: fatty acid elongation -- saturated|unclassified	35.8074756416
PWY-4984: urea cycle	44.0116275008
PWY-4984: urea cycle|unclassified	22.1470972989
POLYISOPRENSYN-PWY: polyisoprenoid biosynthesis (E. coli)	42.3351634683
POLYISOPRENSYN-PWY: polyisoprenoid biosynthesis (E. coli)|unclassified	22.6589501691
PWY-5384: sucrose degradation IV (sucrose phosphorylase)	41.5098302469
PWY-5384: sucrose degradation IV (sucrose phosphorylase)|g__Bifidobacterium.s__Bifidobacterium_pseudocatenulatum	18.6995801706
PWY-5384: sucrose degradation IV (sucrose phosphorylase)|g__Faecalibacterium.s__Faecalibacterium_prausnitzii	16.1276923999
PWY-5384: sucrose degradation IV (sucrose phosphorylase)|g__Roseburia.s__Roseburia_intestinalis	12.3762135746
PWY-5345: superpathway of L-methionine biosynthesis (by sulfhydrylation)	40.8218533056
PWY-5345: superpathway of L-methionine biosynthesis (by sulfhydrylation)|unclassified	32.5737663662
PWY-7664: oleate biosynthesis IV (anaerobic)	40.7535291970
PWY-7664: oleate biosynthesis IV (anaerobic)|unclassified	32.9787049507
PWY-6284: superpathway of unsaturated fatty acids biosynthesis (E. coli)	39.3267842841
PWY-621: sucrose degradation III (sucrose invertase)	38.2496998557
PWY-621: sucrose degradation III (sucrose invertase)|g__Faecalibacterium.s__Faecalibacterium_prausnitzii	14.7572203974
PWY-621: sucrose degradation III (sucrose invertase)|g__Roseburia.s__Roseburia_intestinalis	12.3766181562
GOLPDLCAT-PWY: superpathway of glycerol degradation to 1,3-propanediol	38.2352038815
GOLPDLCAT-PWY: superpathway of glycerol degradation to 1,3-propanediol|unclassified	16.8019411366
GOLPDLCAT-PWY: superpathway of glycerol degradation to 1,3-propanediol|g__Eubacterium.s__Eubacterium_hallii	8.4262838148
PWY-5690: TCA cycle II (plants and fungi)	37.4134558517
PWY-6992: 1,5-anhydrofructose degradation	36.9780535460
PWY-6992: 1,5-anhydrofructose degradation|unclassified	27.6286223071
FOLSYN-PWY: superpathway of tetrahydrofolate biosynthesis and salvage	36.8639349368
POLYAMINSYN3-PWY: superpathway of polyamine biosynthesis II	35.9650170137
POLYAMINSYN3-PWY: superpathway of polyamine biosynthesis II|unclassified	9.2529719330
PWY-5989: stearate biosynthesis II (bacteria and plants)	35.8219449000
PWY-5989: stearate biosynthesis II (bacteria and plants)|unclassified	26.5136217718
PWY-6282: palmitoleate biosynthesis I (from (5Z)-dodec-5-enoate)	35.5380026591
PWY-6282: palmitoleate biosynthesis I (from (5Z)-dodec-5-enoate)|unclassified	29.4206103320
PWY0-862: (5Z)-dodecenoate biosynthesis I	35.2068534350
PWY0-862: (5Z)-dodecenoate biosynthesis I|unclassified	29.8360015460
PWY-7211: superpathway of pyrimidine deoxyribonucleotides de novo biosynthesis	34.7105047353
PWY-7211: superpathway of pyrimidine deoxyribonucleotides de novo biosynthesis|unclassified	24.3491007981
PWY-6305: superpathway of putrescine biosynthesis	33.5783959307
PWY-6305: superpathway of putrescine biosynthesis|unclassified	15.8553904786
SULFATE-CYS-PWY: superpathway of sulfate assimilation and cysteine biosynthesis	33.5000211500
SULFATE-CYS-PWY: superpathway of sulfate assimilation and cysteine biosynthesis|unclassified	23.1942818886
TCA: TCA cycle I (prokaryotic)	32.1976444835
HEMESYN2-PWY: heme b biosynthesis II (oxygen-independent)	31.9227395770
HEMESYN2-PWY: heme b biosynthesis II (oxygen-independent)|g__Sutterella.s__Sutterella_sp_CAG_397	14.1078854586
BIOTIN-BIOSYNTHESIS-PWY: biotin biosynthesis I	28.5453930829
NAGLIPASYN-PWY: lipid IVA biosynthesis (E. coli)	27.1325801430
PWY-8073: lipid IVA biosynthesis (P. putida)	27.1325801430
PWY-6588: pyruvate fermentation to acetone	26.7601926479
PWY-6588: pyruvate fermentation to acetone|unclassified	6.3183521213
P185-PWY: formaldehyde assimilation III (dihydroxyacetone cycle)	26.4543557121
P185-PWY: formaldehyde assimilation III (dihydroxyacetone cycle)|unclassified	16.0331700771
PWY-6612: superpathway of tetrahydrofolate biosynthesis	24.8461272323
PWY-5367: petroselinate biosynthesis	24.7149156046
PWY-5367: petroselinate biosynthesis|g__Blautia.s__Ruminococcus_torques	9.8383368657
PWY-5265: peptidoglycan biosynthesis II (staphylococci)	23.8238307512
PWY-7209: superpathway of pyrimidine ribonucleosides degradation	23.2416748046
ORNDEG-PWY: superpathway of ornithine degradation	23.1356601605
ORNDEG-PWY: superpathway of ornithine degradation|unclassified	6.0562735936
PWY-6519: 8-amino-7-oxononanoate biosynthesis I	22.9667154678
PWY-6859: all-trans-farnesol biosynthesis	22.5488645651
PWY-6859: all-trans-farnesol biosynthesis|unclassified	15.5179578668
PWY0-166: superpathway of pyrimidine deoxyribonucleotides de novo biosynthesis (E. coli)	21.3527337370
PWY0-166: superpathway of pyrimidine deoxyribonucleotides de novo biosynthesis (E. coli)|unclassified	18.9273823565
PWY-5030: L-histidine degradation III	20.6130725838
PWY-7254: TCA cycle VII (acetate-producers)	19.6642026190
PWY-7184: pyrimidine deoxyribonucleotides de novo biosynthesis I	19.2544099435
PWY-7184: pyrimidine deoxyribonucleotides de novo biosynthesis I|unclassified	16.9173488585
PWY-6545: pyrimidine deoxyribonucleotides de novo biosynthesis III	19.2450520314
PWY-6545: pyrimidine deoxyribonucleotides de novo biosynthesis III|unclassified	16.9258205882
PWY-5497: purine nucleobases degradation II (anaerobic)	19.1899580161
PWY-5497: purine nucleobases degradation II (anaerobic)|g__Roseburia.s__Roseburia_intestinalis	9.2297052136
GLYCOCAT-PWY: glycogen degradation I	18.9379267347
GLYCOCAT-PWY: glycogen degradation I|unclassified	17.9969397011
P105-PWY: TCA cycle IV (2-oxoglutarate decarboxylase)	18.5271228200
PWY-7883: anhydromuropeptides recycling II	18.1975586750
PWY0-1241: ADP-L-glycero-&beta;-D-manno-heptose biosynthesis	17.1198186440
FUCCAT-PWY: fucose degradation	17.1081179132
PWY1ZNC-1: assimilatory sulfate reduction IV	16.1712189447
PWY1ZNC-1: assimilatory sulfate reduction IV|g__Eubacterium.s__Eubacterium_hallii	8.4037664074
PWY-6607: guanosine nucleotides degradation I	15.7146587669
PWY-6595: superpathway of guanosine nucleotides degradation (plants)	15.4696359789
SO4ASSIM-PWY: assimilatory sulfate reduction I	15.4036281157
SO4ASSIM-PWY: assimilatory sulfate reduction I|unclassified	13.3070124550
PWY-5130: 2-oxobutanoate degradation I	15.4005059512
REDCITCYC: TCA cycle VI (Helicobacter)	15.0914073904
REDCITCYC: TCA cycle VI (Helicobacter)|unclassified	12.0465582286
RUMP-PWY: formaldehyde oxidation I	14.8392457122
PWY-5005: biotin biosynthesis II	14.5367690227
PWY-5494: pyruvate fermentation to propanoate II (acrylate pathway)	12.3515776647
PWY-6435: 4-hydroxybenzoate biosynthesis III (plants)	10.9468278681
PWY-6961: L-ascorbate degradation II (bacterial, aerobic)	9.5550342061
PWY0-301: L-ascorbate degradation I (bacterial, anaerobic)	9.1306614122
GALACTARDEG-PWY: D-galactarate degradation I	2.4303795736
GALACTARDEG-PWY: D-galactarate degradation I|unclassified	2.3677500888
GLUCARGALACTSUPER-PWY: superpathway of D-glucarate and D-galactarate degradation	2.4303795736
GLUCARGALACTSUPER-PWY: superpathway of D-glucarate and D-galactarate degradation|unclassified	2.3677500888
GLUCARDEG-PWY: D-glucarate degradation I	2.3966813751
GLUCARDEG-PWY: D-glucarate degradation I|unclassified	2.3556592853