# Pathway	1_S1_L002_R1_001_Abundance
UNMAPPED	760531.3050392574
UNINTEGRATED	1192076.4339435811
UNINTEGRATED|unclassified	215686.5023612217
UNINTEGRATED|g__Faecalibacterium.s__Faecalibacterium_prausnitzii	127244.6664562709
UNINTEGRATED|g__Prevotella.s__Prevotella_copri	56060.0097895580
UNINTEGRATED|g__Blautia.s__Blautia_obeum	37919.7862252111
UNINTEGRATED|g__Bifidobacterium.s__Bifidobacterium_adolescentis	37895.4564812015
UNINTEGRATED|g__Succinatimonas.s__Succinatimonas_sp_CAG_777	37666.5648775992
UNINTEGRATED|g__Collinsella.s__Collinsella_aerofaciens	35362.8931382593
UNINTEGRATED|g__Lactobacillus.s__Lactobacillus_ruminis	35023.1458878574
UNINTEGRATED|g__Blautia.s__Ruminococcus_torques	29268.0935515819
UNINTEGRATED|g__Catenibacterium.s__Catenibacterium_mitsuokai	28426.9872563055
UNINTEGRATED|g__Dorea.s__Dorea_longicatena	27741.6611288006
UNINTEGRATED|g__Dialister.s__Dialister_sp_CAG_486	23755.7505271126
UNINTEGRATED|g__Blautia.s__Blautia_wexlerae	21107.0635165508
UNINTEGRATED|g__Ruminococcus.s__Ruminococcus_sp_CAG_254	16605.2105690539
UNINTEGRATED|g__Bacteroides.s__Bacteroides_sp_CAG_770	16493.7498048502
UNINTEGRATED|g__Mitsuokella.s__Mitsuokella_jalaludinii	16449.7333132105
UNINTEGRATED|g__Eubacterium.s__Eubacterium_hallii	16226.6411742081
UNINTEGRATED|g__Lachnospiraceae_unclassified.s__Eubacterium_rectale	16183.4597091732
UNINTEGRATED|g__Blautia.s__Blautia_sp	16105.9986789904
UNINTEGRATED|g__Roseburia.s__Roseburia_inulinivorans	15249.1754635049
UNINTEGRATED|g__Dorea.s__Dorea_formicigenerans	14151.4053961804
UNINTEGRATED|g__Lachnospira.s__Lachnospira_pectinoschiza	13526.1550872776
UNINTEGRATED|g__Roseburia.s__Roseburia_hominis	12638.6275990524
UNINTEGRATED|g__Roseburia.s__Roseburia_intestinalis	10942.5934949317
UNINTEGRATED|g__Firmicutes_unclassified.s__Firmicutes_bacterium_CAG_124	9491.5376010287
UNINTEGRATED|g__Gemmiger.s__Gemmiger_formicilis	8915.7347925902
UNINTEGRATED|g__Alistipes.s__Alistipes_indistinctus	8855.2767845401
UNINTEGRATED|g__Prevotella.s__Prevotella_sp_CAG_604	8627.7522863822
UNINTEGRATED|g__Holdemanella.s__Holdemanella_biformis	8580.7727054995
UNINTEGRATED|g__Ruminococcus.s__Ruminococcus_lactaris	8573.7903637096
UNINTEGRATED|g__Ruminococcus.s__Ruminococcus_callidus	8385.6996782747
UNINTEGRATED|g__Fusicatenibacter.s__Fusicatenibacter_saccharivorans	8240.5850680244
UNINTEGRATED|g__Eubacterium.s__Eubacterium_sp_CAG_180	8131.9002370953
UNINTEGRATED|g__Firmicutes_unclassified.s__Firmicutes_bacterium_CAG_65_45_313	7880.8334779525
UNINTEGRATED|g__Roseburia.s__Roseburia_faecis	7663.6521453808
UNINTEGRATED|g__Clostridiales_unclassified.s__Clostridiales_bacterium_KLE1615	7442.3043437618
UNINTEGRATED|g__Bacteroides.s__Bacteroides_uniformis	6615.7122154760
UNINTEGRATED|g__Clostridium.s__Clostridium_sp_CAG_217	5916.9215961933
UNINTEGRATED|g__Eubacterium.s__Eubacterium_eligens	5345.1946031285
UNINTEGRATED|g__Clostridium.s__Clostridium_sp_CAG_245	4880.7703629605
UNINTEGRATED|g__Streptococcus.s__Streptococcus_thermophilus	4566.3799790810
UNINTEGRATED|g__Methanobrevibacter.s__Methanobrevibacter_smithii	4535.9256234747
UNINTEGRATED|g__Firmicutes_unclassified.s__Firmicutes_bacterium_CAG_83	4504.9422076780
UNINTEGRATED|g__Bifidobacterium.s__Bifidobacterium_pseudocatenulatum	3884.5918834600
UNINTEGRATED|g__Roseburia.s__Roseburia_sp_CAG_471	3456.5450147232
UNINTEGRATED|g__Coprococcus.s__Coprococcus_catus	3243.1118440186
UNINTEGRATED|g__Coprococcus.s__Coprococcus_eutactus	2907.7810012762
UNINTEGRATED|g__Prevotella.s__Prevotella_sp_CAG_386	2464.6202193715
UNINTEGRATED|g__Bifidobacterium.s__Bifidobacterium_longum	2379.6286978291
UNINTEGRATED|g__Eggerthella.s__Eggerthella_sp_CAG_209	2269.1971530893
UNINTEGRATED|g__Blautia.s__Blautia_sp_CAG_52	2249.8185978667
UNINTEGRATED|g__Firmicutes_unclassified.s__Firmicutes_bacterium_CAG_129	2181.1634752291
UNINTEGRATED|g__Bacteroides.s__Bacteroides_dorei	2049.3915256557
UNINTEGRATED|g__Bacteroides.s__Bacteroides_ovatus	1938.4549151154
UNINTEGRATED|g__Bifidobacterium.s__Bifidobacterium_catenulatum	1712.9258936014
UNINTEGRATED|g__Firmicutes_unclassified.s__Firmicutes_bacterium_CAG_56	1376.3064935848
UNINTEGRATED|g__Prevotella.s__Prevotella_sp_885	1189.6455260604
UNINTEGRATED|g__Senegalimassilia.s__Senegalimassilia_anaerobia	1044.3539755161
UNINTEGRATED|g__Firmicutes_unclassified.s__Firmicutes_bacterium_CAG_194	963.3854246592
UNINTEGRATED|g__Bacteroides.s__Bacteroides_faecis	887.7860104839
PWY-7238: sucrose biosynthesis II	1475.2768654915
PWY-7238: sucrose biosynthesis II|unclassified	278.3874402091
PWY-7238: sucrose biosynthesis II|g__Faecalibacterium.s__Faecalibacterium_prausnitzii	228.8996148482
PWY-7238: sucrose biosynthesis II|g__Collinsella.s__Collinsella_aerofaciens	89.0994482395
PWY-7238: sucrose biosynthesis II|g__Blautia.s__Blautia_obeum	78.6128343648
PWY-7238: sucrose biosynthesis II|g__Succinatimonas.s__Succinatimonas_sp_CAG_777	75.5658798803
PWY-7238: sucrose biosynthesis II|g__Bifidobacterium.s__Bifidobacterium_adolescentis	53.4210698335
PWY-7238: sucrose biosynthesis II|g__Roseburia.s__Roseburia_hominis	53.1944218939
PWY-7238: sucrose biosynthesis II|g__Blautia.s__Blautia_wexlerae	44.4167732487
PWY-7238: sucrose biosynthesis II|g__Catenibacterium.s__Catenibacterium_mitsuokai	42.5635084888
PWY-7238: sucrose biosynthesis II|g__Dorea.s__Dorea_longicatena	41.4621410604
PWY-7238: sucrose biosynthesis II|g__Blautia.s__Ruminococcus_torques	35.9860785186
PWY-7238: sucrose biosynthesis II|g__Blautia.s__Blautia_sp	34.1427009627
PWY-7238: sucrose biosynthesis II|g__Ruminococcus.s__Ruminococcus_sp_CAG_254	32.9188572035
PWY-7238: sucrose biosynthesis II|g__Eubacterium.s__Eubacterium_hallii	25.2457147298
PWY-7238: sucrose biosynthesis II|g__Gemmiger.s__Gemmiger_formicilis	22.1320412549
PWY-7238: sucrose biosynthesis II|g__Mitsuokella.s__Mitsuokella_jalaludinii	20.2604920405
PWY-7238: sucrose biosynthesis II|g__Firmicutes_unclassified.s__Firmicutes_bacterium_CAG_65_45_313	18.4168905673
PWY-7238: sucrose biosynthesis II|g__Lachnospira.s__Lachnospira_pectinoschiza	16.1176150286
PWY-7238: sucrose biosynthesis II|g__Eubacterium.s__Eubacterium_sp_CAG_180	15.5250881244
PWY-7238: sucrose biosynthesis II|g__Firmicutes_unclassified.s__Firmicutes_bacterium_CAG_124	15.4734322649
PWY-7238: sucrose biosynthesis II|g__Clostridium.s__Clostridium_sp_CAG_217	15.2165471574
PWY-7238: sucrose biosynthesis II|g__Dorea.s__Dorea_formicigenerans	14.1591735981
PWY-7238: sucrose biosynthesis II|g__Bifidobacterium.s__Bifidobacterium_pseudocatenulatum	13.5394336004
PWY-7238: sucrose biosynthesis II|g__Roseburia.s__Roseburia_sp_CAG_471	12.9495800178
PWY-7238: sucrose biosynthesis II|g__Lachnospiraceae_unclassified.s__Eubacterium_rectale	12.3185266083
PWY-7238: sucrose biosynthesis II|g__Holdemanella.s__Holdemanella_biformis	12.2758070945
PWY-7238: sucrose biosynthesis II|g__Clostridiales_unclassified.s__Clostridiales_bacterium_KLE1615	10.5879051905
PWY-7238: sucrose biosynthesis II|g__Ruminococcus.s__Ruminococcus_callidus	9.9281866308
PWY-7238: sucrose biosynthesis II|g__Firmicutes_unclassified.s__Firmicutes_bacterium_CAG_83	9.2862345229
PWY-7238: sucrose biosynthesis II|g__Streptococcus.s__Streptococcus_thermophilus	8.2962962963
PWY-7238: sucrose biosynthesis II|g__Roseburia.s__Roseburia_faecis	8.2643667797
PWY-7238: sucrose biosynthesis II|g__Blautia.s__Blautia_sp_CAG_52	7.6343637886
PWY-7238: sucrose biosynthesis II|g__Bifidobacterium.s__Bifidobacterium_catenulatum	4.5627376426
GLYCOGENSYNTH-PWY: glycogen biosynthesis I (from ADP-D-Glucose)	1267.0476706377
GLYCOGENSYNTH-PWY: glycogen biosynthesis I (from ADP-D-Glucose)|unclassified	319.2710177938
GLYCOGENSYNTH-PWY: glycogen biosynthesis I (from ADP-D-Glucose)|g__Faecalibacterium.s__Faecalibacterium_prausnitzii	147.7349154066
GLYCOGENSYNTH-PWY: glycogen biosynthesis I (from ADP-D-Glucose)|g__Collinsella.s__Collinsella_aerofaciens	67.6325054192
GLYCOGENSYNTH-PWY: glycogen biosynthesis I (from ADP-D-Glucose)|g__Blautia.s__Blautia_obeum	55.8617181346
GLYCOGENSYNTH-PWY: glycogen biosynthesis I (from ADP-D-Glucose)|g__Blautia.s__Blautia_wexlerae	45.0806331033
GLYCOGENSYNTH-PWY: glycogen biosynthesis I (from ADP-D-Glucose)|g__Catenibacterium.s__Catenibacterium_mitsuokai	43.0510523510
GLYCOGENSYNTH-PWY: glycogen biosynthesis I (from ADP-D-Glucose)|g__Blautia.s__Ruminococcus_torques	42.6683321320
GLYCOGENSYNTH-PWY: glycogen biosynthesis I (from ADP-D-Glucose)|g__Roseburia.s__Roseburia_hominis	41.4249517482
GLYCOGENSYNTH-PWY: glycogen biosynthesis I (from ADP-D-Glucose)|g__Mitsuokella.s__Mitsuokella_jalaludinii	38.1710697930
GLYCOGENSYNTH-PWY: glycogen biosynthesis I (from ADP-D-Glucose)|g__Lactobacillus.s__Lactobacillus_ruminis	37.1640176342
GLYCOGENSYNTH-PWY: glycogen biosynthesis I (from ADP-D-Glucose)|g__Dorea.s__Dorea_longicatena	32.7002053531
GLYCOGENSYNTH-PWY: glycogen biosynthesis I (from ADP-D-Glucose)|g__Bifidobacterium.s__Bifidobacterium_adolescentis	32.2363521689
GLYCOGENSYNTH-PWY: glycogen biosynthesis I (from ADP-D-Glucose)|g__Blautia.s__Blautia_sp	32.1557319290
GLYCOGENSYNTH-PWY: glycogen biosynthesis I (from ADP-D-Glucose)|g__Eubacterium.s__Eubacterium_hallii	25.2092648323
GLYCOGENSYNTH-PWY: glycogen biosynthesis I (from ADP-D-Glucose)|g__Ruminococcus.s__Ruminococcus_sp_CAG_254	22.8897939960
GLYCOGENSYNTH-PWY: glycogen biosynthesis I (from ADP-D-Glucose)|g__Holdemanella.s__Holdemanella_biformis	18.9169405769
GLYCOGENSYNTH-PWY: glycogen biosynthesis I (from ADP-D-Glucose)|g__Gemmiger.s__Gemmiger_formicilis	17.6335929366
GLYCOGENSYNTH-PWY: glycogen biosynthesis I (from ADP-D-Glucose)|g__Eubacterium.s__Eubacterium_sp_CAG_180	15.9635655093
GLYCOGENSYNTH-PWY: glycogen biosynthesis I (from ADP-D-Glucose)|g__Dorea.s__Dorea_formicigenerans	15.8183437476
GLYCOGENSYNTH-PWY: glycogen biosynthesis I (from ADP-D-Glucose)|g__Lachnospira.s__Lachnospira_pectinoschiza	13.8215095183
GLYCOGENSYNTH-PWY: glycogen biosynthesis I (from ADP-D-Glucose)|g__Firmicutes_unclassified.s__Firmicutes_bacterium_CAG_65_45_313	11.2079642652
GLYCOGENSYNTH-PWY: glycogen biosynthesis I (from ADP-D-Glucose)|g__Fusicatenibacter.s__Fusicatenibacter_saccharivorans	10.1476200140
GLYCOGENSYNTH-PWY: glycogen biosynthesis I (from ADP-D-Glucose)|g__Ruminococcus.s__Ruminococcus_lactaris	9.2468427214
GLYCOGENSYNTH-PWY: glycogen biosynthesis I (from ADP-D-Glucose)|g__Firmicutes_unclassified.s__Firmicutes_bacterium_CAG_124	8.8698819989
GLYCOGENSYNTH-PWY: glycogen biosynthesis I (from ADP-D-Glucose)|g__Clostridium.s__Clostridium_sp_CAG_217	8.8623317332
GLYCOGENSYNTH-PWY: glycogen biosynthesis I (from ADP-D-Glucose)|g__Eubacterium.s__Eubacterium_eligens	8.7520512620
GLYCOGENSYNTH-PWY: glycogen biosynthesis I (from ADP-D-Glucose)|g__Roseburia.s__Roseburia_sp_CAG_471	5.4945054945
GLYCOGENSYNTH-PWY: glycogen biosynthesis I (from ADP-D-Glucose)|g__Bifidobacterium.s__Bifidobacterium_pseudocatenulatum	2.9140106674
GLYCOGENSYNTH-PWY: glycogen biosynthesis I (from ADP-D-Glucose)|g__Blautia.s__Blautia_sp_CAG_52	2.4560326301
GLYCOGENSYNTH-PWY: glycogen biosynthesis I (from ADP-D-Glucose)|g__Bifidobacterium.s__Bifidobacterium_catenulatum	2.2838871760
PWY-5941: glycogen degradation II	1240.1506621212
PWY-5941: glycogen degradation II|g__Faecalibacterium.s__Faecalibacterium_prausnitzii	164.5407859279
PWY-5941: glycogen degradation II|unclassified	133.0475052418
PWY-5941: glycogen degradation II|g__Collinsella.s__Collinsella_aerofaciens	85.3360746122
PWY-5941: glycogen degradation II|g__Blautia.s__Blautia_obeum	62.6917268912
PWY-5941: glycogen degradation II|g__Blautia.s__Blautia_wexlerae	45.4229997499
PWY-5941: glycogen degradation II|g__Bifidobacterium.s__Bifidobacterium_adolescentis	42.9839896890
PWY-5941: glycogen degradation II|g__Catenibacterium.s__Catenibacterium_mitsuokai	40.9708262193
PWY-5941: glycogen degradation II|g__Blautia.s__Blautia_sp	36.9058340311
PWY-5941: glycogen degradation II|g__Blautia.s__Ruminococcus_torques	36.7885163924
PWY-5941: glycogen degradation II|g__Dorea.s__Dorea_longicatena	29.6330124348
PWY-5941: glycogen degradation II|g__Roseburia.s__Roseburia_hominis	24.3718344986
PWY-5941: glycogen degradation II|g__Eubacterium.s__Eubacterium_hallii	23.9052277869
PWY-5941: glycogen degradation II|g__Mitsuokella.s__Mitsuokella_jalaludinii	22.3373281211
PWY-5941: glycogen degradation II|g__Lachnospira.s__Lachnospira_pectinoschiza	16.9087399486
PWY-5941: glycogen degradation II|g__Dorea.s__Dorea_formicigenerans	14.2210745268
PWY-5941: glycogen degradation II|g__Bifidobacterium.s__Bifidobacterium_pseudocatenulatum	11.7351015910
PWY-5941: glycogen degradation II|g__Clostridiales_unclassified.s__Clostridiales_bacterium_KLE1615	10.9444100909
PWY-5941: glycogen degradation II|g__Holdemanella.s__Holdemanella_biformis	10.6104450875
PWY-5941: glycogen degradation II|g__Roseburia.s__Roseburia_sp_CAG_471	9.4684835311
PWY-5941: glycogen degradation II|g__Roseburia.s__Roseburia_faecis	8.3286412547
PWY-5941: glycogen degradation II|g__Blautia.s__Blautia_sp_CAG_52	6.7378187479
PWY-5941: glycogen degradation II|g__Bifidobacterium.s__Bifidobacterium_catenulatum	4.1742034228
PWY-6163: chorismate biosynthesis from 3-dehydroquinate	1195.7330306150
PWY-6163: chorismate biosynthesis from 3-dehydroquinate|unclassified	208.3298556069
PWY-6163: chorismate biosynthesis from 3-dehydroquinate|g__Faecalibacterium.s__Faecalibacterium_prausnitzii	172.4094724985
PWY-6163: chorismate biosynthesis from 3-dehydroquinate|g__Succinatimonas.s__Succinatimonas_sp_CAG_777	82.1388887468
PWY-6163: chorismate biosynthesis from 3-dehydroquinate|g__Dialister.s__Dialister_sp_CAG_486	68.3293102955
PWY-6163: chorismate biosynthesis from 3-dehydroquinate|g__Collinsella.s__Collinsella_aerofaciens	44.6864355799
PWY-6163: chorismate biosynthesis from 3-dehydroquinate|g__Blautia.s__Blautia_obeum	42.4817301122
PWY-6163: chorismate biosynthesis from 3-dehydroquinate|g__Lactobacillus.s__Lactobacillus_ruminis	40.0892037344
PWY-6163: chorismate biosynthesis from 3-dehydroquinate|g__Bifidobacterium.s__Bifidobacterium_adolescentis	32.4382230865
PWY-6163: chorismate biosynthesis from 3-dehydroquinate|g__Ruminococcus.s__Ruminococcus_sp_CAG_254	31.8934359216
PWY-6163: chorismate biosynthesis from 3-dehydroquinate|g__Blautia.s__Blautia_wexlerae	25.8550360023
PWY-6163: chorismate biosynthesis from 3-dehydroquinate|g__Blautia.s__Ruminococcus_torques	25.5156346521
PWY-6163: chorismate biosynthesis from 3-dehydroquinate|g__Mitsuokella.s__Mitsuokella_jalaludinii	25.4416961131
PWY-6163: chorismate biosynthesis from 3-dehydroquinate|g__Blautia.s__Blautia_sp	25.3171414985
PWY-6163: chorismate biosynthesis from 3-dehydroquinate|g__Roseburia.s__Roseburia_hominis	19.9973993530
PWY-6163: chorismate biosynthesis from 3-dehydroquinate|g__Prevotella.s__Prevotella_sp_CAG_604	19.6379993220
PWY-6163: chorismate biosynthesis from 3-dehydroquinate|g__Eubacterium.s__Eubacterium_hallii	18.4479635223
PWY-6163: chorismate biosynthesis from 3-dehydroquinate|g__Clostridium.s__Clostridium_sp_CAG_217	18.3785540416
PWY-6163: chorismate biosynthesis from 3-dehydroquinate|g__Catenibacterium.s__Catenibacterium_mitsuokai	18.3765181510
PWY-6163: chorismate biosynthesis from 3-dehydroquinate|g__Eubacterium.s__Eubacterium_sp_CAG_180	17.6875647090
PWY-6163: chorismate biosynthesis from 3-dehydroquinate|g__Lachnospira.s__Lachnospira_pectinoschiza	15.9936506409
PWY-6163: chorismate biosynthesis from 3-dehydroquinate|g__Alistipes.s__Alistipes_indistinctus	12.0185085031
PWY-6163: chorismate biosynthesis from 3-dehydroquinate|g__Firmicutes_unclassified.s__Firmicutes_bacterium_CAG_124	11.8870034347
PWY-6163: chorismate biosynthesis from 3-dehydroquinate|g__Dorea.s__Dorea_longicatena	10.8413646614
PWY-6163: chorismate biosynthesis from 3-dehydroquinate|g__Firmicutes_unclassified.s__Firmicutes_bacterium_CAG_65_45_313	10.6133639942
PWY-6163: chorismate biosynthesis from 3-dehydroquinate|g__Roseburia.s__Roseburia_faecis	8.4902829882
PWY-6163: chorismate biosynthesis from 3-dehydroquinate|g__Methanobrevibacter.s__Methanobrevibacter_smithii	6.5053343742
PWY-6163: chorismate biosynthesis from 3-dehydroquinate|g__Eggerthella.s__Eggerthella_sp_CAG_209	6.3107408810
PWY-6163: chorismate biosynthesis from 3-dehydroquinate|g__Roseburia.s__Roseburia_sp_CAG_471	5.8580066166
PWY-6163: chorismate biosynthesis from 3-dehydroquinate|g__Ruminococcus.s__Ruminococcus_lactaris	5.6872989015
PWY-6163: chorismate biosynthesis from 3-dehydroquinate|g__Blautia.s__Blautia_sp_CAG_52	5.5485247092
PWY-6163: chorismate biosynthesis from 3-dehydroquinate|g__Firmicutes_unclassified.s__Firmicutes_bacterium_CAG_194	5.0761421320
PWY-6163: chorismate biosynthesis from 3-dehydroquinate|g__Lachnospiraceae_unclassified.s__Eubacterium_rectale	4.1055937407
PWY-6163: chorismate biosynthesis from 3-dehydroquinate|g__Bifidobacterium.s__Bifidobacterium_pseudocatenulatum	1.5857913099
PWY-7221: guanosine ribonucleotides de novo biosynthesis	1136.6360877201
PWY-7221: guanosine ribonucleotides de novo biosynthesis|unclassified	151.3230611920
PWY-7221: guanosine ribonucleotides de novo biosynthesis|g__Faecalibacterium.s__Faecalibacterium_prausnitzii	87.4492713521
PWY-7221: guanosine ribonucleotides de novo biosynthesis|g__Succinatimonas.s__Succinatimonas_sp_CAG_777	68.6266110570
PWY-7221: guanosine ribonucleotides de novo biosynthesis|g__Lactobacillus.s__Lactobacillus_ruminis	67.0366588716
PWY-7221: guanosine ribonucleotides de novo biosynthesis|g__Prevotella.s__Prevotella_copri	61.4309742831
PWY-7221: guanosine ribonucleotides de novo biosynthesis|g__Collinsella.s__Collinsella_aerofaciens	55.4422972799
PWY-7221: guanosine ribonucleotides de novo biosynthesis|g__Bifidobacterium.s__Bifidobacterium_adolescentis	49.8808438751
PWY-7221: guanosine ribonucleotides de novo biosynthesis|g__Blautia.s__Ruminococcus_torques	43.4095369876
PWY-7221: guanosine ribonucleotides de novo biosynthesis|g__Blautia.s__Blautia_wexlerae	39.4482908136
PWY-7221: guanosine ribonucleotides de novo biosynthesis|g__Dialister.s__Dialister_sp_CAG_486	39.0468979696
PWY-7221: guanosine ribonucleotides de novo biosynthesis|g__Mitsuokella.s__Mitsuokella_jalaludinii	28.4778117489
PWY-7221: guanosine ribonucleotides de novo biosynthesis|g__Bacteroides.s__Bacteroides_sp_CAG_770	24.8256842056
PWY-7221: guanosine ribonucleotides de novo biosynthesis|g__Dorea.s__Dorea_longicatena	21.4842748947
PWY-7221: guanosine ribonucleotides de novo biosynthesis|g__Catenibacterium.s__Catenibacterium_mitsuokai	21.1147237958
PWY-7221: guanosine ribonucleotides de novo biosynthesis|g__Roseburia.s__Roseburia_hominis	18.2981845655
PWY-7221: guanosine ribonucleotides de novo biosynthesis|g__Eubacterium.s__Eubacterium_sp_CAG_180	16.0803721451
PWY-7221: guanosine ribonucleotides de novo biosynthesis|g__Prevotella.s__Prevotella_sp_CAG_604	13.2387706856
PWY-7221: guanosine ribonucleotides de novo biosynthesis|g__Alistipes.s__Alistipes_indistinctus	11.6516166618
PWY-7221: guanosine ribonucleotides de novo biosynthesis|g__Dorea.s__Dorea_formicigenerans	11.3662195954
PWY-7221: guanosine ribonucleotides de novo biosynthesis|g__Clostridium.s__Clostridium_sp_CAG_217	10.7616298978
PWY-7221: guanosine ribonucleotides de novo biosynthesis|g__Blautia.s__Blautia_sp	9.6820236054
PWY-7221: guanosine ribonucleotides de novo biosynthesis|g__Firmicutes_unclassified.s__Firmicutes_bacterium_CAG_65_45_313	7.6814397213
PWY-7221: guanosine ribonucleotides de novo biosynthesis|g__Eubacterium.s__Eubacterium_hallii	7.5111945688
PWY-7221: guanosine ribonucleotides de novo biosynthesis|g__Blautia.s__Blautia_obeum	6.5439374367
PWY-7221: guanosine ribonucleotides de novo biosynthesis|g__Prevotella.s__Prevotella_sp_CAG_386	5.2272939419
PWY-7221: guanosine ribonucleotides de novo biosynthesis|g__Lachnospira.s__Lachnospira_pectinoschiza	2.8986002070
PWY-7221: guanosine ribonucleotides de novo biosynthesis|g__Bifidobacterium.s__Bifidobacterium_longum	2.7714265918
PWY-7221: guanosine ribonucleotides de novo biosynthesis|g__Lachnospiraceae_unclassified.s__Eubacterium_rectale	1.2418503570
COMPLETE-ARO-PWY: superpathway of aromatic amino acid biosynthesis	1134.2204327150
COMPLETE-ARO-PWY: superpathway of aromatic amino acid biosynthesis|unclassified	180.2718487964
COMPLETE-ARO-PWY: superpathway of aromatic amino acid biosynthesis|g__Succinatimonas.s__Succinatimonas_sp_CAG_777	82.0774722362
COMPLETE-ARO-PWY: superpathway of aromatic amino acid biosynthesis|g__Dialister.s__Dialister_sp_CAG_486	56.7467003953
COMPLETE-ARO-PWY: superpathway of aromatic amino acid biosynthesis|g__Blautia.s__Blautia_obeum	40.1819356812
COMPLETE-ARO-PWY: superpathway of aromatic amino acid biosynthesis|g__Ruminococcus.s__Ruminococcus_sp_CAG_254	32.0038289143
COMPLETE-ARO-PWY: superpathway of aromatic amino acid biosynthesis|g__Blautia.s__Blautia_sp	21.9263195583
COMPLETE-ARO-PWY: superpathway of aromatic amino acid biosynthesis|g__Blautia.s__Ruminococcus_torques	21.8935614887
COMPLETE-ARO-PWY: superpathway of aromatic amino acid biosynthesis|g__Mitsuokella.s__Mitsuokella_jalaludinii	21.8667907934
COMPLETE-ARO-PWY: superpathway of aromatic amino acid biosynthesis|g__Blautia.s__Blautia_wexlerae	21.5846617785
COMPLETE-ARO-PWY: superpathway of aromatic amino acid biosynthesis|g__Catenibacterium.s__Catenibacterium_mitsuokai	20.4954884848
COMPLETE-ARO-PWY: superpathway of aromatic amino acid biosynthesis|g__Clostridium.s__Clostridium_sp_CAG_217	15.7031776451
COMPLETE-ARO-PWY: superpathway of aromatic amino acid biosynthesis|g__Roseburia.s__Roseburia_hominis	15.3339385707
COMPLETE-ARO-PWY: superpathway of aromatic amino acid biosynthesis|g__Eubacterium.s__Eubacterium_hallii	14.0619764259
PWY-5686: UMP biosynthesis I	1129.9875601621
PWY-5686: UMP biosynthesis I|unclassified	156.3115970547
PWY-5686: UMP biosynthesis I|g__Faecalibacterium.s__Faecalibacterium_prausnitzii	114.4389726594
PWY-5686: UMP biosynthesis I|g__Succinatimonas.s__Succinatimonas_sp_CAG_777	76.8175108157
PWY-5686: UMP biosynthesis I|g__Collinsella.s__Collinsella_aerofaciens	53.3212636237
PWY-5686: UMP biosynthesis I|g__Bifidobacterium.s__Bifidobacterium_adolescentis	50.6795373315
PWY-5686: UMP biosynthesis I|g__Prevotella.s__Prevotella_copri	44.4064662790
PWY-5686: UMP biosynthesis I|g__Catenibacterium.s__Catenibacterium_mitsuokai	37.2735802266
PWY-5686: UMP biosynthesis I|g__Dialister.s__Dialister_sp_CAG_486	36.1837006457
PWY-5686: UMP biosynthesis I|g__Blautia.s__Ruminococcus_torques	29.1500468955
PWY-5686: UMP biosynthesis I|g__Bacteroides.s__Bacteroides_sp_CAG_770	23.9111063846
PWY-5686: UMP biosynthesis I|g__Lactobacillus.s__Lactobacillus_ruminis	23.4594343753
PWY-5686: UMP biosynthesis I|g__Blautia.s__Blautia_wexlerae	23.2175786993
PWY-5686: UMP biosynthesis I|g__Blautia.s__Blautia_sp	22.6906658256
PWY-5686: UMP biosynthesis I|g__Holdemanella.s__Holdemanella_biformis	21.9161798543
PWY-5686: UMP biosynthesis I|g__Alistipes.s__Alistipes_indistinctus	15.4962732289
PWY-5686: UMP biosynthesis I|g__Mitsuokella.s__Mitsuokella_jalaludinii	15.0583119867
PWY-5686: UMP biosynthesis I|g__Gemmiger.s__Gemmiger_formicilis	12.3626887647
PWY-5686: UMP biosynthesis I|g__Clostridium.s__Clostridium_sp_CAG_217	10.9046142448
PWY-5686: UMP biosynthesis I|g__Blautia.s__Blautia_obeum	10.4583184617
PWY-5686: UMP biosynthesis I|g__Firmicutes_unclassified.s__Firmicutes_bacterium_CAG_65_45_313	10.4471140348
PWY-5686: UMP biosynthesis I|g__Lachnospira.s__Lachnospira_pectinoschiza	10.2009663633
PWY-5686: UMP biosynthesis I|g__Eubacterium.s__Eubacterium_sp_CAG_180	8.9216873596
PWY-5686: UMP biosynthesis I|g__Dorea.s__Dorea_formicigenerans	8.8669222749
PWY-5686: UMP biosynthesis I|g__Bifidobacterium.s__Bifidobacterium_catenulatum	3.5096766793
PWY-5686: UMP biosynthesis I|g__Roseburia.s__Roseburia_sp_CAG_471	2.2933700735
PWY-5686: UMP biosynthesis I|g__Bifidobacterium.s__Bifidobacterium_pseudocatenulatum	1.8903473424
PWY-7790: UMP biosynthesis II	1129.9875601621
PWY-7790: UMP biosynthesis II|unclassified	156.3115970547
PWY-7790: UMP biosynthesis II|g__Faecalibacterium.s__Faecalibacterium_prausnitzii	114.4389726594
PWY-7790: UMP biosynthesis II|g__Succinatimonas.s__Succinatimonas_sp_CAG_777	76.0439328203
PWY-7790: UMP biosynthesis II|g__Collinsella.s__Collinsella_aerofaciens	53.3212636237
PWY-7790: UMP biosynthesis II|g__Prevotella.s__Prevotella_copri	44.4064662790
PWY-7790: UMP biosynthesis II|g__Catenibacterium.s__Catenibacterium_mitsuokai	37.2735802266
PWY-7790: UMP biosynthesis II|g__Bifidobacterium.s__Bifidobacterium_adolescentis	36.3968248314
PWY-7790: UMP biosynthesis II|g__Dialister.s__Dialister_sp_CAG_486	36.1837006457
PWY-7790: UMP biosynthesis II|g__Blautia.s__Ruminococcus_torques	29.1500468955
PWY-7790: UMP biosynthesis II|g__Lactobacillus.s__Lactobacillus_ruminis	23.4594343753
PWY-7790: UMP biosynthesis II|g__Blautia.s__Blautia_wexlerae	23.2175786993
PWY-7790: UMP biosynthesis II|g__Blautia.s__Blautia_sp	22.6906658256
PWY-7790: UMP biosynthesis II|g__Holdemanella.s__Holdemanella_biformis	21.9161798543
PWY-7790: UMP biosynthesis II|g__Bacteroides.s__Bacteroides_sp_CAG_770	20.1196683403
PWY-7790: UMP biosynthesis II|g__Mitsuokella.s__Mitsuokella_jalaludinii	15.0583119867
PWY-7790: UMP biosynthesis II|g__Alistipes.s__Alistipes_indistinctus	12.8800981892
PWY-7790: UMP biosynthesis II|g__Gemmiger.s__Gemmiger_formicilis	12.3626887647
PWY-7790: UMP biosynthesis II|g__Clostridium.s__Clostridium_sp_CAG_217	10.9046142448
PWY-7790: UMP biosynthesis II|g__Blautia.s__Blautia_obeum	10.4583184617
PWY-7790: UMP biosynthesis II|g__Firmicutes_unclassified.s__Firmicutes_bacterium_CAG_65_45_313	10.4471140348
PWY-7790: UMP biosynthesis II|g__Lachnospira.s__Lachnospira_pectinoschiza	10.2009663633
PWY-7790: UMP biosynthesis II|g__Eubacterium.s__Eubacterium_sp_CAG_180	8.9216873596
PWY-7790: UMP biosynthesis II|g__Dorea.s__Dorea_formicigenerans	8.8669222749
PWY-7790: UMP biosynthesis II|g__Roseburia.s__Roseburia_sp_CAG_471	2.2933700735
PWY-7791: UMP biosynthesis III	1129.9875601621
PWY-7791: UMP biosynthesis III|unclassified	156.3115970547
PWY-7791: UMP biosynthesis III|g__Faecalibacterium.s__Faecalibacterium_prausnitzii	114.4389726594
PWY-7791: UMP biosynthesis III|g__Succinatimonas.s__Succinatimonas_sp_CAG_777	76.0439328203
PWY-7791: UMP biosynthesis III|g__Collinsella.s__Collinsella_aerofaciens	53.3212636237
PWY-7791: UMP biosynthesis III|g__Prevotella.s__Prevotella_copri	44.4064662790
PWY-7791: UMP biosynthesis III|g__Catenibacterium.s__Catenibacterium_mitsuokai	37.2735802266
PWY-7791: UMP biosynthesis III|g__Bifidobacterium.s__Bifidobacterium_adolescentis	36.3968248314
PWY-7791: UMP biosynthesis III|g__Dialister.s__Dialister_sp_CAG_486	36.1837006457
PWY-7791: UMP biosynthesis III|g__Blautia.s__Ruminococcus_torques	29.1500468955
PWY-7791: UMP biosynthesis III|g__Lactobacillus.s__Lactobacillus_ruminis	23.4594343753
PWY-7791: UMP biosynthesis III|g__Blautia.s__Blautia_wexlerae	23.2175786993
PWY-7791: UMP biosynthesis III|g__Blautia.s__Blautia_sp	22.6906658256
PWY-7791: UMP biosynthesis III|g__Holdemanella.s__Holdemanella_biformis	21.9161798543
PWY-7791: UMP biosynthesis III|g__Bacteroides.s__Bacteroides_sp_CAG_770	20.1196683403
PWY-7791: UMP biosynthesis III|g__Mitsuokella.s__Mitsuokella_jalaludinii	15.0583119867
PWY-7791: UMP biosynthesis III|g__Alistipes.s__Alistipes_indistinctus	12.8800981892
PWY-7791: UMP biosynthesis III|g__Gemmiger.s__Gemmiger_formicilis	12.3626887647
PWY-7791: UMP biosynthesis III|g__Clostridium.s__Clostridium_sp_CAG_217	10.9046142448
PWY-7791: UMP biosynthesis III|g__Blautia.s__Blautia_obeum	10.4583184617
PWY-7791: UMP biosynthesis III|g__Firmicutes_unclassified.s__Firmicutes_bacterium_CAG_65_45_313	10.4471140348
PWY-7791: UMP biosynthesis III|g__Lachnospira.s__Lachnospira_pectinoschiza	10.2009663633
PWY-7791: UMP biosynthesis III|g__Eubacterium.s__Eubacterium_sp_CAG_180	8.9216873596
PWY-7791: UMP biosynthesis III|g__Dorea.s__Dorea_formicigenerans	8.8669222749
PWY-7791: UMP biosynthesis III|g__Roseburia.s__Roseburia_sp_CAG_471	2.2933700735
ARO-PWY: chorismate biosynthesis I	1128.5081332284
ARO-PWY: chorismate biosynthesis I|unclassified	192.7711241000
ARO-PWY: chorismate biosynthesis I|g__Faecalibacterium.s__Faecalibacterium_prausnitzii	168.2347191916
ARO-PWY: chorismate biosynthesis I|g__Succinatimonas.s__Succinatimonas_sp_CAG_777	78.1992462124
ARO-PWY: chorismate biosynthesis I|g__Dialister.s__Dialister_sp_CAG_486	59.4864845938
ARO-PWY: chorismate biosynthesis I|g__Collinsella.s__Collinsella_aerofaciens	51.1271745162
ARO-PWY: chorismate biosynthesis I|g__Blautia.s__Blautia_obeum	43.4111406304
ARO-PWY: chorismate biosynthesis I|g__Bifidobacterium.s__Bifidobacterium_adolescentis	38.5023928205
ARO-PWY: chorismate biosynthesis I|g__Lactobacillus.s__Lactobacillus_ruminis	34.6923981870
ARO-PWY: chorismate biosynthesis I|g__Ruminococcus.s__Ruminococcus_sp_CAG_254	30.4582089754
ARO-PWY: chorismate biosynthesis I|g__Blautia.s__Blautia_sp	25.4359382084
ARO-PWY: chorismate biosynthesis I|g__Blautia.s__Ruminococcus_torques	23.1538289328
ARO-PWY: chorismate biosynthesis I|g__Blautia.s__Blautia_wexlerae	22.9343715710
ARO-PWY: chorismate biosynthesis I|g__Roseburia.s__Roseburia_hominis	21.8396104700
ARO-PWY: chorismate biosynthesis I|g__Catenibacterium.s__Catenibacterium_mitsuokai	20.8941602488
ARO-PWY: chorismate biosynthesis I|g__Mitsuokella.s__Mitsuokella_jalaludinii	20.5227421069
ARO-PWY: chorismate biosynthesis I|g__Prevotella.s__Prevotella_sp_CAG_604	16.3930615971
ARO-PWY: chorismate biosynthesis I|g__Clostridium.s__Clostridium_sp_CAG_217	16.3411923651
ARO-PWY: chorismate biosynthesis I|g__Lachnospira.s__Lachnospira_pectinoschiza	15.2489786662
ARO-PWY: chorismate biosynthesis I|g__Eubacterium.s__Eubacterium_hallii	15.0559308791
ARO-PWY: chorismate biosynthesis I|g__Dorea.s__Dorea_longicatena	13.4121169815
ARO-PWY: chorismate biosynthesis I|g__Roseburia.s__Roseburia_faecis	7.5534410007
ARO-PWY: chorismate biosynthesis I|g__Ruminococcus.s__Ruminococcus_lactaris	6.3865605746
ARO-PWY: chorismate biosynthesis I|g__Blautia.s__Blautia_sp_CAG_52	5.4885153427
ARO-PWY: chorismate biosynthesis I|g__Bifidobacterium.s__Bifidobacterium_pseudocatenulatum	2.0080321285
PWY-6386: UDP-N-acetylmuramoyl-pentapeptide biosynthesis II (lysine-containing)	1119.2148440149
PWY-6386: UDP-N-acetylmuramoyl-pentapeptide biosynthesis II (lysine-containing)|unclassified	232.2219714400
PWY-6386: UDP-N-acetylmuramoyl-pentapeptide biosynthesis II (lysine-containing)|g__Faecalibacterium.s__Faecalibacterium_prausnitzii	94.8698089690
PWY-6386: UDP-N-acetylmuramoyl-pentapeptide biosynthesis II (lysine-containing)|g__Succinatimonas.s__Succinatimonas_sp_CAG_777	76.7948963105
PWY-6386: UDP-N-acetylmuramoyl-pentapeptide biosynthesis II (lysine-containing)|g__Bifidobacterium.s__Bifidobacterium_adolescentis	45.3004722633
PWY-6386: UDP-N-acetylmuramoyl-pentapeptide biosynthesis II (lysine-containing)|g__Collinsella.s__Collinsella_aerofaciens	44.3079335903
PWY-6386: UDP-N-acetylmuramoyl-pentapeptide biosynthesis II (lysine-containing)|g__Prevotella.s__Prevotella_copri	35.7614997404
PWY-6386: UDP-N-acetylmuramoyl-pentapeptide biosynthesis II (lysine-containing)|g__Lactobacillus.s__Lactobacillus_ruminis	29.8395351803
PWY-6386: UDP-N-acetylmuramoyl-pentapeptide biosynthesis II (lysine-containing)|g__Ruminococcus.s__Ruminococcus_sp_CAG_254	26.7961137843
PWY-6386: UDP-N-acetylmuramoyl-pentapeptide biosynthesis II (lysine-containing)|g__Blautia.s__Blautia_sp	25.4700593503
PWY-6386: UDP-N-acetylmuramoyl-pentapeptide biosynthesis II (lysine-containing)|g__Blautia.s__Blautia_wexlerae	24.2800562057
PWY-6386: UDP-N-acetylmuramoyl-pentapeptide biosynthesis II (lysine-containing)|g__Blautia.s__Ruminococcus_torques	24.0687632956
PWY-6386: UDP-N-acetylmuramoyl-pentapeptide biosynthesis II (lysine-containing)|g__Blautia.s__Blautia_obeum	22.3948744402
PWY-6386: UDP-N-acetylmuramoyl-pentapeptide biosynthesis II (lysine-containing)|g__Mitsuokella.s__Mitsuokella_jalaludinii	18.4338037806
PWY-6386: UDP-N-acetylmuramoyl-pentapeptide biosynthesis II (lysine-containing)|g__Bacteroides.s__Bacteroides_sp_CAG_770	18.2490424981
PWY-6386: UDP-N-acetylmuramoyl-pentapeptide biosynthesis II (lysine-containing)|g__Dorea.s__Dorea_longicatena	16.9632784981
PWY-6386: UDP-N-acetylmuramoyl-pentapeptide biosynthesis II (lysine-containing)|g__Lachnospira.s__Lachnospira_pectinoschiza	16.7639943915
PWY-6386: UDP-N-acetylmuramoyl-pentapeptide biosynthesis II (lysine-containing)|g__Alistipes.s__Alistipes_indistinctus	9.7324323802
PWY-6386: UDP-N-acetylmuramoyl-pentapeptide biosynthesis II (lysine-containing)|g__Catenibacterium.s__Catenibacterium_mitsuokai	9.1132210460
PWY-6386: UDP-N-acetylmuramoyl-pentapeptide biosynthesis II (lysine-containing)|g__Gemmiger.s__Gemmiger_formicilis	8.1457197477
PWY-6386: UDP-N-acetylmuramoyl-pentapeptide biosynthesis II (lysine-containing)|g__Roseburia.s__Roseburia_sp_CAG_471	6.2531172534
PWY-6387: UDP-N-acetylmuramoyl-pentapeptide biosynthesis I (meso-diaminopimelate containing)	1065.0315177734
PWY-6387: UDP-N-acetylmuramoyl-pentapeptide biosynthesis I (meso-diaminopimelate containing)|unclassified	225.8217028621
PWY-6387: UDP-N-acetylmuramoyl-pentapeptide biosynthesis I (meso-diaminopimelate containing)|g__Faecalibacterium.s__Faecalibacterium_prausnitzii	82.3541974865
PWY-6387: UDP-N-acetylmuramoyl-pentapeptide biosynthesis I (meso-diaminopimelate containing)|g__Succinatimonas.s__Succinatimonas_sp_CAG_777	79.4492857032
PWY-6387: UDP-N-acetylmuramoyl-pentapeptide biosynthesis I (meso-diaminopimelate containing)|g__Bifidobacterium.s__Bifidobacterium_adolescentis	43.3267156014
PWY-6387: UDP-N-acetylmuramoyl-pentapeptide biosynthesis I (meso-diaminopimelate containing)|g__Prevotella.s__Prevotella_copri	38.4527894088
PWY-6387: UDP-N-acetylmuramoyl-pentapeptide biosynthesis I (meso-diaminopimelate containing)|g__Collinsella.s__Collinsella_aerofaciens	38.0033408408
PWY-6387: UDP-N-acetylmuramoyl-pentapeptide biosynthesis I (meso-diaminopimelate containing)|g__Dialister.s__Dialister_sp_CAG_486	36.6235566553
PWY-6387: UDP-N-acetylmuramoyl-pentapeptide biosynthesis I (meso-diaminopimelate containing)|g__Lactobacillus.s__Lactobacillus_ruminis	33.5032230749
PWY-6387: UDP-N-acetylmuramoyl-pentapeptide biosynthesis I (meso-diaminopimelate containing)|g__Ruminococcus.s__Ruminococcus_sp_CAG_254	24.8749475454
PWY-6387: UDP-N-acetylmuramoyl-pentapeptide biosynthesis I (meso-diaminopimelate containing)|g__Blautia.s__Ruminococcus_torques	24.8560290067
PWY-6387: UDP-N-acetylmuramoyl-pentapeptide biosynthesis I (meso-diaminopimelate containing)|g__Blautia.s__Blautia_sp	23.2885031623
PWY-6387: UDP-N-acetylmuramoyl-pentapeptide biosynthesis I (meso-diaminopimelate containing)|g__Blautia.s__Blautia_obeum	23.1500653293
PWY-6387: UDP-N-acetylmuramoyl-pentapeptide biosynthesis I (meso-diaminopimelate containing)|g__Blautia.s__Blautia_wexlerae	22.5146462857
PWY-6387: UDP-N-acetylmuramoyl-pentapeptide biosynthesis I (meso-diaminopimelate containing)|g__Mitsuokella.s__Mitsuokella_jalaludinii	22.2021944666
PWY-6387: UDP-N-acetylmuramoyl-pentapeptide biosynthesis I (meso-diaminopimelate containing)|g__Catenibacterium.s__Catenibacterium_mitsuokai	20.7312070987
PWY-6387: UDP-N-acetylmuramoyl-pentapeptide biosynthesis I (meso-diaminopimelate containing)|g__Dorea.s__Dorea_longicatena	18.2978660003
PWY-6387: UDP-N-acetylmuramoyl-pentapeptide biosynthesis I (meso-diaminopimelate containing)|g__Lachnospira.s__Lachnospira_pectinoschiza	17.9195421580
PWY-6387: UDP-N-acetylmuramoyl-pentapeptide biosynthesis I (meso-diaminopimelate containing)|g__Bacteroides.s__Bacteroides_sp_CAG_770	17.6323206205
PWY-6387: UDP-N-acetylmuramoyl-pentapeptide biosynthesis I (meso-diaminopimelate containing)|g__Prevotella.s__Prevotella_sp_CAG_604	17.4207356161
PWY-6387: UDP-N-acetylmuramoyl-pentapeptide biosynthesis I (meso-diaminopimelate containing)|g__Clostridium.s__Clostridium_sp_CAG_245	11.3082576446
PWY-6387: UDP-N-acetylmuramoyl-pentapeptide biosynthesis I (meso-diaminopimelate containing)|g__Firmicutes_unclassified.s__Firmicutes_bacterium_CAG_124	10.5833077117
PWY-6387: UDP-N-acetylmuramoyl-pentapeptide biosynthesis I (meso-diaminopimelate containing)|g__Dorea.s__Dorea_formicigenerans	10.0610851599
PWY-6387: UDP-N-acetylmuramoyl-pentapeptide biosynthesis I (meso-diaminopimelate containing)|g__Alistipes.s__Alistipes_indistinctus	9.5354835470
PWY-6387: UDP-N-acetylmuramoyl-pentapeptide biosynthesis I (meso-diaminopimelate containing)|g__Gemmiger.s__Gemmiger_formicilis	8.3442535898
PWY-6387: UDP-N-acetylmuramoyl-pentapeptide biosynthesis I (meso-diaminopimelate containing)|g__Roseburia.s__Roseburia_sp_CAG_471	6.2961141171
PWY-6387: UDP-N-acetylmuramoyl-pentapeptide biosynthesis I (meso-diaminopimelate containing)|g__Bifidobacterium.s__Bifidobacterium_pseudocatenulatum	5.9115692577
PWY-6387: UDP-N-acetylmuramoyl-pentapeptide biosynthesis I (meso-diaminopimelate containing)|g__Blautia.s__Blautia_sp_CAG_52	2.6212319790
PWY-1042: glycolysis IV	1065.0192031873
PWY-1042: glycolysis IV|unclassified	141.3128548557
PWY-1042: glycolysis IV|g__Faecalibacterium.s__Faecalibacterium_prausnitzii	111.5206971369
PWY-1042: glycolysis IV|g__Collinsella.s__Collinsella_aerofaciens	47.2426226824
PWY-1042: glycolysis IV|g__Blautia.s__Ruminococcus_torques	44.3632529061
PWY-1042: glycolysis IV|g__Prevotella.s__Prevotella_copri	35.4929597123
PWY-1042: glycolysis IV|g__Catenibacterium.s__Catenibacterium_mitsuokai	32.7952340621
PWY-1042: glycolysis IV|g__Blautia.s__Blautia_sp	27.2063859311
PWY-1042: glycolysis IV|g__Roseburia.s__Roseburia_hominis	24.8986128546
PWY-1042: glycolysis IV|g__Mitsuokella.s__Mitsuokella_jalaludinii	24.6700706862
PWY-1042: glycolysis IV|g__Eubacterium.s__Eubacterium_hallii	20.4352458799
PWY-1042: glycolysis IV|g__Blautia.s__Blautia_obeum	17.3159488791
PWY-1042: glycolysis IV|g__Blautia.s__Blautia_wexlerae	15.6170001562
PWY-1042: glycolysis IV|g__Dorea.s__Dorea_longicatena	11.0369849422
PWY-1042: glycolysis IV|g__Lachnospiraceae_unclassified.s__Eubacterium_rectale	6.6594566252
ARGSYNBSUB-PWY: L-arginine biosynthesis II (acetyl cycle)	1052.3881655161
ARGSYNBSUB-PWY: L-arginine biosynthesis II (acetyl cycle)|unclassified	195.2165470125
ARGSYNBSUB-PWY: L-arginine biosynthesis II (acetyl cycle)|g__Faecalibacterium.s__Faecalibacterium_prausnitzii	125.7870448737
ARGSYNBSUB-PWY: L-arginine biosynthesis II (acetyl cycle)|g__Collinsella.s__Collinsella_aerofaciens	53.5122641139
ARGSYNBSUB-PWY: L-arginine biosynthesis II (acetyl cycle)|g__Blautia.s__Blautia_wexlerae	40.1001502112
ARGSYNBSUB-PWY: L-arginine biosynthesis II (acetyl cycle)|g__Lactobacillus.s__Lactobacillus_ruminis	38.9462910010
ARGSYNBSUB-PWY: L-arginine biosynthesis II (acetyl cycle)|g__Bifidobacterium.s__Bifidobacterium_adolescentis	36.2981230659
ARGSYNBSUB-PWY: L-arginine biosynthesis II (acetyl cycle)|g__Ruminococcus.s__Ruminococcus_sp_CAG_254	31.4664777810
ARGSYNBSUB-PWY: L-arginine biosynthesis II (acetyl cycle)|g__Blautia.s__Ruminococcus_torques	30.1835567912
ARGSYNBSUB-PWY: L-arginine biosynthesis II (acetyl cycle)|g__Roseburia.s__Roseburia_hominis	25.8561977954
ARGSYNBSUB-PWY: L-arginine biosynthesis II (acetyl cycle)|g__Blautia.s__Blautia_sp	25.4168075702
ARGSYNBSUB-PWY: L-arginine biosynthesis II (acetyl cycle)|g__Catenibacterium.s__Catenibacterium_mitsuokai	25.1744572358
ARGSYNBSUB-PWY: L-arginine biosynthesis II (acetyl cycle)|g__Dorea.s__Dorea_longicatena	24.4269483488
ARGSYNBSUB-PWY: L-arginine biosynthesis II (acetyl cycle)|g__Gemmiger.s__Gemmiger_formicilis	21.5094721881
ARGSYNBSUB-PWY: L-arginine biosynthesis II (acetyl cycle)|g__Mitsuokella.s__Mitsuokella_jalaludinii	20.9590486343
ARGSYNBSUB-PWY: L-arginine biosynthesis II (acetyl cycle)|g__Lachnospira.s__Lachnospira_pectinoschiza	16.6769360144
ARGSYNBSUB-PWY: L-arginine biosynthesis II (acetyl cycle)|g__Clostridium.s__Clostridium_sp_CAG_217	11.8845065688
ARGSYNBSUB-PWY: L-arginine biosynthesis II (acetyl cycle)|g__Blautia.s__Blautia_obeum	9.6601926813
ARGSYNBSUB-PWY: L-arginine biosynthesis II (acetyl cycle)|g__Ruminococcus.s__Ruminococcus_callidus	8.1113764465
ARGSYNBSUB-PWY: L-arginine biosynthesis II (acetyl cycle)|g__Dorea.s__Dorea_formicigenerans	6.9571125115
ARGSYNBSUB-PWY: L-arginine biosynthesis II (acetyl cycle)|g__Roseburia.s__Roseburia_sp_CAG_471	4.8955514979
ARGSYNBSUB-PWY: L-arginine biosynthesis II (acetyl cycle)|g__Lachnospiraceae_unclassified.s__Eubacterium_rectale	3.9806329134
ARGSYNBSUB-PWY: L-arginine biosynthesis II (acetyl cycle)|g__Blautia.s__Blautia_sp_CAG_52	3.2758346342
ARGSYNBSUB-PWY: L-arginine biosynthesis II (acetyl cycle)|g__Bifidobacterium.s__Bifidobacterium_pseudocatenulatum	2.5135278946
TRNA-CHARGING-PWY: tRNA charging	1044.8522467530
TRNA-CHARGING-PWY: tRNA charging|unclassified	171.7572240750
TRNA-CHARGING-PWY: tRNA charging|g__Faecalibacterium.s__Faecalibacterium_prausnitzii	89.1195616415
TRNA-CHARGING-PWY: tRNA charging|g__Succinatimonas.s__Succinatimonas_sp_CAG_777	75.1973621026
TRNA-CHARGING-PWY: tRNA charging|g__Lactobacillus.s__Lactobacillus_ruminis	34.0417593158
TRNA-CHARGING-PWY: tRNA charging|g__Prevotella.s__Prevotella_copri	21.3432473973
TRNA-CHARGING-PWY: tRNA charging|g__Blautia.s__Ruminococcus_torques	18.0835785522
TRNA-CHARGING-PWY: tRNA charging|g__Gemmiger.s__Gemmiger_formicilis	16.4050031732
TRNA-CHARGING-PWY: tRNA charging|g__Holdemanella.s__Holdemanella_biformis	12.5689586103
TRNA-CHARGING-PWY: tRNA charging|g__Eubacterium.s__Eubacterium_hallii	11.7860356720
PWY-6609: adenine and adenosine salvage III	1039.4404453911
PWY-6609: adenine and adenosine salvage III|unclassified	290.9323070798
PWY-6609: adenine and adenosine salvage III|g__Faecalibacterium.s__Faecalibacterium_prausnitzii	69.0679459809
PWY-6609: adenine and adenosine salvage III|g__Catenibacterium.s__Catenibacterium_mitsuokai	41.5346272501
PWY-6609: adenine and adenosine salvage III|g__Blautia.s__Blautia_wexlerae	26.3349476150
PWY-6609: adenine and adenosine salvage III|g__Blautia.s__Ruminococcus_torques	25.9070133221
PWY-6609: adenine and adenosine salvage III|g__Mitsuokella.s__Mitsuokella_jalaludinii	23.5269164566
PWY-6609: adenine and adenosine salvage III|g__Bacteroides.s__Bacteroides_sp_CAG_770	18.1069958848
PWY-6609: adenine and adenosine salvage III|g__Blautia.s__Blautia_obeum	17.2160150716
PWY-6609: adenine and adenosine salvage III|g__Firmicutes_unclassified.s__Firmicutes_bacterium_CAG_124	16.2238669278
PWY-6609: adenine and adenosine salvage III|g__Gemmiger.s__Gemmiger_formicilis	14.9355057705
PWY-6609: adenine and adenosine salvage III|g__Eubacterium.s__Eubacterium_sp_CAG_180	13.8061955302
PWY-6609: adenine and adenosine salvage III|g__Clostridiales_unclassified.s__Clostridiales_bacterium_KLE1615	13.6542072026
PWY-6609: adenine and adenosine salvage III|g__Clostridium.s__Clostridium_sp_CAG_217	12.8253175099
PWY-6609: adenine and adenosine salvage III|g__Lachnospira.s__Lachnospira_pectinoschiza	11.9504908237
PWY-6609: adenine and adenosine salvage III|g__Blautia.s__Blautia_sp	11.7508813161
PWY-6609: adenine and adenosine salvage III|g__Roseburia.s__Roseburia_hominis	11.4589727849
PWY-6609: adenine and adenosine salvage III|g__Firmicutes_unclassified.s__Firmicutes_bacterium_CAG_83	11.4449213162
PWY-6609: adenine and adenosine salvage III|g__Roseburia.s__Roseburia_faecis	10.7230392157
PWY-6609: adenine and adenosine salvage III|g__Fusicatenibacter.s__Fusicatenibacter_saccharivorans	8.1669755414
PWY-6609: adenine and adenosine salvage III|g__Lachnospiraceae_unclassified.s__Eubacterium_rectale	7.2992700730
PWY-6609: adenine and adenosine salvage III|g__Coprococcus.s__Coprococcus_catus	7.2267389341
PWY-6609: adenine and adenosine salvage III|g__Holdemanella.s__Holdemanella_biformis	6.5890104718
PWY-6609: adenine and adenosine salvage III|g__Roseburia.s__Roseburia_sp_CAG_471	6.4829821718
PWY-6609: adenine and adenosine salvage III|g__Bacteroides.s__Bacteroides_dorei	4.6865846514
PWY-6609: adenine and adenosine salvage III|g__Blautia.s__Blautia_sp_CAG_52	1.7671747294
PEPTIDOGLYCANSYN-PWY: peptidoglycan biosynthesis I (meso-diaminopimelate containing)	1038.8867017194
PEPTIDOGLYCANSYN-PWY: peptidoglycan biosynthesis I (meso-diaminopimelate containing)|unclassified	220.5546029986
PEPTIDOGLYCANSYN-PWY: peptidoglycan biosynthesis I (meso-diaminopimelate containing)|g__Faecalibacterium.s__Faecalibacterium_prausnitzii	81.7286574501
PEPTIDOGLYCANSYN-PWY: peptidoglycan biosynthesis I (meso-diaminopimelate containing)|g__Succinatimonas.s__Succinatimonas_sp_CAG_777	78.5787088591
PEPTIDOGLYCANSYN-PWY: peptidoglycan biosynthesis I (meso-diaminopimelate containing)|g__Bifidobacterium.s__Bifidobacterium_adolescentis	38.3729188661
PEPTIDOGLYCANSYN-PWY: peptidoglycan biosynthesis I (meso-diaminopimelate containing)|g__Collinsella.s__Collinsella_aerofaciens	38.2449648200
PEPTIDOGLYCANSYN-PWY: peptidoglycan biosynthesis I (meso-diaminopimelate containing)|g__Prevotella.s__Prevotella_copri	38.2074012699
PEPTIDOGLYCANSYN-PWY: peptidoglycan biosynthesis I (meso-diaminopimelate containing)|g__Dialister.s__Dialister_sp_CAG_486	34.3823507620
PEPTIDOGLYCANSYN-PWY: peptidoglycan biosynthesis I (meso-diaminopimelate containing)|g__Lactobacillus.s__Lactobacillus_ruminis	32.4444252751
PEPTIDOGLYCANSYN-PWY: peptidoglycan biosynthesis I (meso-diaminopimelate containing)|g__Ruminococcus.s__Ruminococcus_sp_CAG_254	25.5922220357
PEPTIDOGLYCANSYN-PWY: peptidoglycan biosynthesis I (meso-diaminopimelate containing)|g__Blautia.s__Ruminococcus_torques	25.0294602656
PEPTIDOGLYCANSYN-PWY: peptidoglycan biosynthesis I (meso-diaminopimelate containing)|g__Blautia.s__Blautia_obeum	23.8032183289
PEPTIDOGLYCANSYN-PWY: peptidoglycan biosynthesis I (meso-diaminopimelate containing)|g__Blautia.s__Blautia_sp	23.7984342277
PEPTIDOGLYCANSYN-PWY: peptidoglycan biosynthesis I (meso-diaminopimelate containing)|g__Mitsuokella.s__Mitsuokella_jalaludinii	22.3037639156
PEPTIDOGLYCANSYN-PWY: peptidoglycan biosynthesis I (meso-diaminopimelate containing)|g__Blautia.s__Blautia_wexlerae	21.6975053966
PEPTIDOGLYCANSYN-PWY: peptidoglycan biosynthesis I (meso-diaminopimelate containing)|g__Catenibacterium.s__Catenibacterium_mitsuokai	19.8775873053
PEPTIDOGLYCANSYN-PWY: peptidoglycan biosynthesis I (meso-diaminopimelate containing)|g__Bacteroides.s__Bacteroides_sp_CAG_770	17.7837133377
PEPTIDOGLYCANSYN-PWY: peptidoglycan biosynthesis I (meso-diaminopimelate containing)|g__Dorea.s__Dorea_longicatena	17.7346477606
PEPTIDOGLYCANSYN-PWY: peptidoglycan biosynthesis I (meso-diaminopimelate containing)|g__Prevotella.s__Prevotella_sp_CAG_604	16.5899177608
PEPTIDOGLYCANSYN-PWY: peptidoglycan biosynthesis I (meso-diaminopimelate containing)|g__Lachnospira.s__Lachnospira_pectinoschiza	14.8017044001
PEPTIDOGLYCANSYN-PWY: peptidoglycan biosynthesis I (meso-diaminopimelate containing)|g__Clostridium.s__Clostridium_sp_CAG_245	12.1597530288
PEPTIDOGLYCANSYN-PWY: peptidoglycan biosynthesis I (meso-diaminopimelate containing)|g__Alistipes.s__Alistipes_indistinctus	10.0687533574
PEPTIDOGLYCANSYN-PWY: peptidoglycan biosynthesis I (meso-diaminopimelate containing)|g__Dorea.s__Dorea_formicigenerans	9.9809549250
PEPTIDOGLYCANSYN-PWY: peptidoglycan biosynthesis I (meso-diaminopimelate containing)|g__Gemmiger.s__Gemmiger_formicilis	8.9520917842
PEPTIDOGLYCANSYN-PWY: peptidoglycan biosynthesis I (meso-diaminopimelate containing)|g__Roseburia.s__Roseburia_sp_CAG_471	5.9271929026
PEPTIDOGLYCANSYN-PWY: peptidoglycan biosynthesis I (meso-diaminopimelate containing)|g__Bifidobacterium.s__Bifidobacterium_pseudocatenulatum	4.9680095670
PEPTIDOGLYCANSYN-PWY: peptidoglycan biosynthesis I (meso-diaminopimelate containing)|g__Blautia.s__Blautia_sp_CAG_52	2.9051610185
ARGSYN-PWY: L-arginine biosynthesis I (via L-ornithine)	1035.7399522001
ARGSYN-PWY: L-arginine biosynthesis I (via L-ornithine)|unclassified	170.8972367370
ARGSYN-PWY: L-arginine biosynthesis I (via L-ornithine)|g__Faecalibacterium.s__Faecalibacterium_prausnitzii	127.2256073958
ARGSYN-PWY: L-arginine biosynthesis I (via L-ornithine)|g__Collinsella.s__Collinsella_aerofaciens	56.4781690338
ARGSYN-PWY: L-arginine biosynthesis I (via L-ornithine)|g__Blautia.s__Blautia_wexlerae	41.1234279267
ARGSYN-PWY: L-arginine biosynthesis I (via L-ornithine)|g__Bifidobacterium.s__Bifidobacterium_adolescentis	31.8353949169
ARGSYN-PWY: L-arginine biosynthesis I (via L-ornithine)|g__Ruminococcus.s__Ruminococcus_sp_CAG_254	31.5633034852
ARGSYN-PWY: L-arginine biosynthesis I (via L-ornithine)|g__Blautia.s__Ruminococcus_torques	25.9925825917
ARGSYN-PWY: L-arginine biosynthesis I (via L-ornithine)|g__Roseburia.s__Roseburia_hominis	23.9966507306
ARGSYN-PWY: L-arginine biosynthesis I (via L-ornithine)|g__Catenibacterium.s__Catenibacterium_mitsuokai	22.6340507046
ARGSYN-PWY: L-arginine biosynthesis I (via L-ornithine)|g__Dorea.s__Dorea_longicatena	21.8804949312
ARGSYN-PWY: L-arginine biosynthesis I (via L-ornithine)|g__Gemmiger.s__Gemmiger_formicilis	20.5244871321
ARGSYN-PWY: L-arginine biosynthesis I (via L-ornithine)|g__Mitsuokella.s__Mitsuokella_jalaludinii	19.8643225994
ARGSYN-PWY: L-arginine biosynthesis I (via L-ornithine)|g__Lachnospira.s__Lachnospira_pectinoschiza	16.0395744675
ARGSYN-PWY: L-arginine biosynthesis I (via L-ornithine)|g__Clostridium.s__Clostridium_sp_CAG_217	10.0923245417
ARGSYN-PWY: L-arginine biosynthesis I (via L-ornithine)|g__Ruminococcus.s__Ruminococcus_callidus	7.7053891134
ARGSYN-PWY: L-arginine biosynthesis I (via L-ornithine)|g__Blautia.s__Blautia_obeum	5.3252120820
ARGSYN-PWY: L-arginine biosynthesis I (via L-ornithine)|g__Lachnospiraceae_unclassified.s__Eubacterium_rectale	3.0535416306
VALSYN-PWY: L-valine biosynthesis	1027.0252396471
VALSYN-PWY: L-valine biosynthesis|unclassified	95.4258399221
VALSYN-PWY: L-valine biosynthesis|g__Succinatimonas.s__Succinatimonas_sp_CAG_777	89.6961803698
VALSYN-PWY: L-valine biosynthesis|g__Faecalibacterium.s__Faecalibacterium_prausnitzii	77.0865445422
VALSYN-PWY: L-valine biosynthesis|g__Bifidobacterium.s__Bifidobacterium_adolescentis	58.6111719562
VALSYN-PWY: L-valine biosynthesis|g__Prevotella.s__Prevotella_copri	54.2943505875
VALSYN-PWY: L-valine biosynthesis|g__Blautia.s__Blautia_obeum	41.6505876173
VALSYN-PWY: L-valine biosynthesis|g__Catenibacterium.s__Catenibacterium_mitsuokai	34.2325784258
VALSYN-PWY: L-valine biosynthesis|g__Blautia.s__Blautia_wexlerae	31.0018219006
VALSYN-PWY: L-valine biosynthesis|g__Blautia.s__Ruminococcus_torques	30.5838662384
VALSYN-PWY: L-valine biosynthesis|g__Ruminococcus.s__Ruminococcus_sp_CAG_254	27.1201137205
VALSYN-PWY: L-valine biosynthesis|g__Roseburia.s__Roseburia_hominis	26.5762947003
VALSYN-PWY: L-valine biosynthesis|g__Dorea.s__Dorea_longicatena	25.3893940758
VALSYN-PWY: L-valine biosynthesis|g__Blautia.s__Blautia_sp	23.5378586365
VALSYN-PWY: L-valine biosynthesis|g__Mitsuokella.s__Mitsuokella_jalaludinii	22.6488952955
VALSYN-PWY: L-valine biosynthesis|g__Eubacterium.s__Eubacterium_hallii	19.1597086282
VALSYN-PWY: L-valine biosynthesis|g__Eubacterium.s__Eubacterium_sp_CAG_180	17.5933409205
VALSYN-PWY: L-valine biosynthesis|g__Gemmiger.s__Gemmiger_formicilis	16.1695433808
VALSYN-PWY: L-valine biosynthesis|g__Clostridium.s__Clostridium_sp_CAG_217	10.6630107773
VALSYN-PWY: L-valine biosynthesis|g__Methanobrevibacter.s__Methanobrevibacter_smithii	9.6409619358
VALSYN-PWY: L-valine biosynthesis|g__Dorea.s__Dorea_formicigenerans	9.5883464712
VALSYN-PWY: L-valine biosynthesis|g__Bifidobacterium.s__Bifidobacterium_pseudocatenulatum	8.3116011651
VALSYN-PWY: L-valine biosynthesis|g__Alistipes.s__Alistipes_indistinctus	8.0765756534
VALSYN-PWY: L-valine biosynthesis|g__Eggerthella.s__Eggerthella_sp_CAG_209	7.5250887191
VALSYN-PWY: L-valine biosynthesis|g__Prevotella.s__Prevotella_sp_CAG_386	7.2922812623
VALSYN-PWY: L-valine biosynthesis|g__Lachnospiraceae_unclassified.s__Eubacterium_rectale	7.1859854151
VALSYN-PWY: L-valine biosynthesis|g__Ruminococcus.s__Ruminococcus_lactaris	6.7853078027
VALSYN-PWY: L-valine biosynthesis|g__Ruminococcus.s__Ruminococcus_callidus	6.7132867133
VALSYN-PWY: L-valine biosynthesis|g__Eubacterium.s__Eubacterium_eligens	6.6077972007
VALSYN-PWY: L-valine biosynthesis|g__Roseburia.s__Roseburia_faecis	6.1335535426
VALSYN-PWY: L-valine biosynthesis|g__Firmicutes_unclassified.s__Firmicutes_bacterium_CAG_194	5.3349407441
VALSYN-PWY: L-valine biosynthesis|g__Roseburia.s__Roseburia_intestinalis	2.8880866426
VALSYN-PWY: L-valine biosynthesis|g__Bifidobacterium.s__Bifidobacterium_longum	2.8271048679
VALSYN-PWY: L-valine biosynthesis|g__Roseburia.s__Roseburia_inulinivorans	2.4140012070
VALSYN-PWY: L-valine biosynthesis|g__Coprococcus.s__Coprococcus_catus	1.9487479295
VALSYN-PWY: L-valine biosynthesis|g__Bacteroides.s__Bacteroides_faecis	1.5378700500
VALSYN-PWY: L-valine biosynthesis|g__Bacteroides.s__Bacteroides_ovatus	1.2919896641
ILEUSYN-PWY: L-isoleucine biosynthesis I (from threonine)	1001.5766835866
ILEUSYN-PWY: L-isoleucine biosynthesis I (from threonine)|unclassified	93.7917583678
ILEUSYN-PWY: L-isoleucine biosynthesis I (from threonine)|g__Succinatimonas.s__Succinatimonas_sp_CAG_777	86.9390937948
ILEUSYN-PWY: L-isoleucine biosynthesis I (from threonine)|g__Bifidobacterium.s__Bifidobacterium_adolescentis	56.4820890968
ILEUSYN-PWY: L-isoleucine biosynthesis I (from threonine)|g__Prevotella.s__Prevotella_copri	54.1817087799
ILEUSYN-PWY: L-isoleucine biosynthesis I (from threonine)|g__Catenibacterium.s__Catenibacterium_mitsuokai	30.2880493496
ILEUSYN-PWY: L-isoleucine biosynthesis I (from threonine)|g__Ruminococcus.s__Ruminococcus_sp_CAG_254	26.9284095689
ILEUSYN-PWY: L-isoleucine biosynthesis I (from threonine)|g__Blautia.s__Ruminococcus_torques	24.6553938322
ILEUSYN-PWY: L-isoleucine biosynthesis I (from threonine)|g__Dorea.s__Dorea_longicatena	23.2721270889
ILEUSYN-PWY: L-isoleucine biosynthesis I (from threonine)|g__Mitsuokella.s__Mitsuokella_jalaludinii	22.5319461169
ILEUSYN-PWY: L-isoleucine biosynthesis I (from threonine)|g__Blautia.s__Blautia_sp	22.4548265530
ILEUSYN-PWY: L-isoleucine biosynthesis I (from threonine)|g__Blautia.s__Blautia_wexlerae	20.2946680545
ILEUSYN-PWY: L-isoleucine biosynthesis I (from threonine)|g__Blautia.s__Blautia_obeum	19.6548255572
ILEUSYN-PWY: L-isoleucine biosynthesis I (from threonine)|g__Eubacterium.s__Eubacterium_hallii	19.0991276277
ILEUSYN-PWY: L-isoleucine biosynthesis I (from threonine)|g__Gemmiger.s__Gemmiger_formicilis	15.6002270002
ILEUSYN-PWY: L-isoleucine biosynthesis I (from threonine)|g__Bifidobacterium.s__Bifidobacterium_pseudocatenulatum	8.0151478942
ILEUSYN-PWY: L-isoleucine biosynthesis I (from threonine)|g__Dorea.s__Dorea_formicigenerans	6.7600507004
ILEUSYN-PWY: L-isoleucine biosynthesis I (from threonine)|g__Eubacterium.s__Eubacterium_eligens	6.5269310074
ILEUSYN-PWY: L-isoleucine biosynthesis I (from threonine)|g__Lachnospiraceae_unclassified.s__Eubacterium_rectale	4.9603848978
ILEUSYN-PWY: L-isoleucine biosynthesis I (from threonine)|g__Roseburia.s__Roseburia_hominis	3.9132814065
ILEUSYN-PWY: L-isoleucine biosynthesis I (from threonine)|g__Roseburia.s__Roseburia_intestinalis	2.3364485981
ILEUSYN-PWY: L-isoleucine biosynthesis I (from threonine)|g__Roseburia.s__Roseburia_inulinivorans	1.9389238972
PWY-6151: S-adenosyl-L-methionine salvage I	1000.7368526295
PWY-6151: S-adenosyl-L-methionine salvage I|unclassified	227.9920321264
PWY-6151: S-adenosyl-L-methionine salvage I|g__Succinatimonas.s__Succinatimonas_sp_CAG_777	86.6712224526
PWY-6151: S-adenosyl-L-methionine salvage I|g__Faecalibacterium.s__Faecalibacterium_prausnitzii	82.2647377463
PWY-6151: S-adenosyl-L-methionine salvage I|g__Collinsella.s__Collinsella_aerofaciens	44.5913898458
PWY-6151: S-adenosyl-L-methionine salvage I|g__Lactobacillus.s__Lactobacillus_ruminis	42.5859278975
PWY-6151: S-adenosyl-L-methionine salvage I|g__Bifidobacterium.s__Bifidobacterium_adolescentis	40.9570577787
PWY-6151: S-adenosyl-L-methionine salvage I|g__Catenibacterium.s__Catenibacterium_mitsuokai	33.3537259097
PWY-6151: S-adenosyl-L-methionine salvage I|g__Blautia.s__Ruminococcus_torques	29.2728448200
PWY-6151: S-adenosyl-L-methionine salvage I|g__Ruminococcus.s__Ruminococcus_sp_CAG_254	24.2777404105
PWY-6151: S-adenosyl-L-methionine salvage I|g__Roseburia.s__Roseburia_hominis	21.5903570155
PWY-6151: S-adenosyl-L-methionine salvage I|g__Holdemanella.s__Holdemanella_biformis	20.7109385777
PWY-6151: S-adenosyl-L-methionine salvage I|g__Dorea.s__Dorea_longicatena	20.3803907862
PWY-6151: S-adenosyl-L-methionine salvage I|g__Blautia.s__Blautia_wexlerae	19.7097397385
PWY-6151: S-adenosyl-L-methionine salvage I|g__Prevotella.s__Prevotella_copri	17.6366843034
PWY-6151: S-adenosyl-L-methionine salvage I|g__Lachnospira.s__Lachnospira_pectinoschiza	17.2456678551
PWY-6151: S-adenosyl-L-methionine salvage I|g__Gemmiger.s__Gemmiger_formicilis	14.7760254927
PWY-6151: S-adenosyl-L-methionine salvage I|g__Prevotella.s__Prevotella_sp_CAG_604	11.7737626228
PWY-6151: S-adenosyl-L-methionine salvage I|g__Dorea.s__Dorea_formicigenerans	9.8261008491
PWY-6151: S-adenosyl-L-methionine salvage I|g__Ruminococcus.s__Ruminococcus_callidus	9.1033227128
PWY-6151: S-adenosyl-L-methionine salvage I|g__Roseburia.s__Roseburia_faecis	7.7441229979
PWY-6151: S-adenosyl-L-methionine salvage I|g__Ruminococcus.s__Ruminococcus_lactaris	7.1492403932
PWY-6151: S-adenosyl-L-methionine salvage I|g__Roseburia.s__Roseburia_sp_CAG_471	5.2438384898
PWY-6151: S-adenosyl-L-methionine salvage I|g__Blautia.s__Blautia_sp_CAG_52	4.3887147335
PWY-6151: S-adenosyl-L-methionine salvage I|g__Bifidobacterium.s__Bifidobacterium_pseudocatenulatum	2.3308161223
PWY-6122: 5-aminoimidazole ribonucleotide biosynthesis II	1000.4669376652
PWY-6122: 5-aminoimidazole ribonucleotide biosynthesis II|unclassified	203.4213897798
PWY-6122: 5-aminoimidazole ribonucleotide biosynthesis II|g__Faecalibacterium.s__Faecalibacterium_prausnitzii	93.1128707829
PWY-6122: 5-aminoimidazole ribonucleotide biosynthesis II|g__Collinsella.s__Collinsella_aerofaciens	72.2138228614
PWY-6122: 5-aminoimidazole ribonucleotide biosynthesis II|g__Succinatimonas.s__Succinatimonas_sp_CAG_777	71.8294051627
PWY-6122: 5-aminoimidazole ribonucleotide biosynthesis II|g__Prevotella.s__Prevotella_copri	38.1119045998
PWY-6122: 5-aminoimidazole ribonucleotide biosynthesis II|g__Blautia.s__Blautia_obeum	34.4431568045
PWY-6122: 5-aminoimidazole ribonucleotide biosynthesis II|g__Lactobacillus.s__Lactobacillus_ruminis	32.9238209389
PWY-6122: 5-aminoimidazole ribonucleotide biosynthesis II|g__Dialister.s__Dialister_sp_CAG_486	31.6939599633
PWY-6122: 5-aminoimidazole ribonucleotide biosynthesis II|g__Bifidobacterium.s__Bifidobacterium_adolescentis	27.5150972870
PWY-6122: 5-aminoimidazole ribonucleotide biosynthesis II|g__Blautia.s__Blautia_sp	25.6195116484
PWY-6122: 5-aminoimidazole ribonucleotide biosynthesis II|g__Blautia.s__Blautia_wexlerae	25.1868603943
PWY-6122: 5-aminoimidazole ribonucleotide biosynthesis II|g__Catenibacterium.s__Catenibacterium_mitsuokai	25.1337664105
PWY-6122: 5-aminoimidazole ribonucleotide biosynthesis II|g__Blautia.s__Ruminococcus_torques	23.1364000017
PWY-6122: 5-aminoimidazole ribonucleotide biosynthesis II|g__Mitsuokella.s__Mitsuokella_jalaludinii	22.1156252270
PWY-6122: 5-aminoimidazole ribonucleotide biosynthesis II|g__Holdemanella.s__Holdemanella_biformis	20.1347249981
PWY-6122: 5-aminoimidazole ribonucleotide biosynthesis II|g__Roseburia.s__Roseburia_hominis	17.3888982621
PWY-6122: 5-aminoimidazole ribonucleotide biosynthesis II|g__Lachnospira.s__Lachnospira_pectinoschiza	17.2076890439
PWY-6122: 5-aminoimidazole ribonucleotide biosynthesis II|g__Bacteroides.s__Bacteroides_sp_CAG_770	15.9151193634
PWY-6122: 5-aminoimidazole ribonucleotide biosynthesis II|g__Firmicutes_unclassified.s__Firmicutes_bacterium_CAG_65_45_313	15.2807212174
PWY-6122: 5-aminoimidazole ribonucleotide biosynthesis II|g__Eubacterium.s__Eubacterium_sp_CAG_180	14.9531955897
PWY-6122: 5-aminoimidazole ribonucleotide biosynthesis II|g__Dorea.s__Dorea_longicatena	12.5746288371
PWY-6122: 5-aminoimidazole ribonucleotide biosynthesis II|g__Gemmiger.s__Gemmiger_formicilis	12.4109724279
PWY-6122: 5-aminoimidazole ribonucleotide biosynthesis II|g__Alistipes.s__Alistipes_indistinctus	10.9559515991
PWY-6122: 5-aminoimidazole ribonucleotide biosynthesis II|g__Eubacterium.s__Eubacterium_hallii	9.8649564628
PWY-6122: 5-aminoimidazole ribonucleotide biosynthesis II|g__Methanobrevibacter.s__Methanobrevibacter_smithii	8.5412452236
PWY-6122: 5-aminoimidazole ribonucleotide biosynthesis II|g__Dorea.s__Dorea_formicigenerans	7.9580394285
PWY-6122: 5-aminoimidazole ribonucleotide biosynthesis II|g__Bifidobacterium.s__Bifidobacterium_pseudocatenulatum	7.8222222222
PWY-6122: 5-aminoimidazole ribonucleotide biosynthesis II|g__Ruminococcus.s__Ruminococcus_lactaris	6.0110956691
PWY-6122: 5-aminoimidazole ribonucleotide biosynthesis II|g__Lachnospiraceae_unclassified.s__Eubacterium_rectale	5.9932789657
PWY-6122: 5-aminoimidazole ribonucleotide biosynthesis II|g__Roseburia.s__Roseburia_faecis	5.3200740718
PWY-6122: 5-aminoimidazole ribonucleotide biosynthesis II|g__Bifidobacterium.s__Bifidobacterium_catenulatum	4.6817446384
PWY-6122: 5-aminoimidazole ribonucleotide biosynthesis II|g__Blautia.s__Blautia_sp_CAG_52	3.8444112543
PWY-6122: 5-aminoimidazole ribonucleotide biosynthesis II|g__Eubacterium.s__Eubacterium_eligens	2.9001268806
PWY-6122: 5-aminoimidazole ribonucleotide biosynthesis II|g__Roseburia.s__Roseburia_sp_CAG_471	1.9298179994
PWY-6277: superpathway of 5-aminoimidazole ribonucleotide biosynthesis	1000.4669376652
PWY-6277: superpathway of 5-aminoimidazole ribonucleotide biosynthesis|unclassified	203.4213897798
PWY-6277: superpathway of 5-aminoimidazole ribonucleotide biosynthesis|g__Faecalibacterium.s__Faecalibacterium_prausnitzii	93.1128707829
PWY-6277: superpathway of 5-aminoimidazole ribonucleotide biosynthesis|g__Collinsella.s__Collinsella_aerofaciens	72.2138228614
PWY-6277: superpathway of 5-aminoimidazole ribonucleotide biosynthesis|g__Succinatimonas.s__Succinatimonas_sp_CAG_777	71.8294051627
PWY-6277: superpathway of 5-aminoimidazole ribonucleotide biosynthesis|g__Prevotella.s__Prevotella_copri	38.1119045998
PWY-6277: superpathway of 5-aminoimidazole ribonucleotide biosynthesis|g__Blautia.s__Blautia_obeum	34.4431568045
PWY-6277: superpathway of 5-aminoimidazole ribonucleotide biosynthesis|g__Lactobacillus.s__Lactobacillus_ruminis	32.9238209389
PWY-6277: superpathway of 5-aminoimidazole ribonucleotide biosynthesis|g__Dialister.s__Dialister_sp_CAG_486	31.6939599633
PWY-6277: superpathway of 5-aminoimidazole ribonucleotide biosynthesis|g__Bifidobacterium.s__Bifidobacterium_adolescentis	27.5150972870
PWY-6277: superpathway of 5-aminoimidazole ribonucleotide biosynthesis|g__Blautia.s__Blautia_sp	25.6195116484
PWY-6277: superpathway of 5-aminoimidazole ribonucleotide biosynthesis|g__Blautia.s__Blautia_wexlerae	25.1868603943
PWY-6277: superpathway of 5-aminoimidazole ribonucleotide biosynthesis|g__Catenibacterium.s__Catenibacterium_mitsuokai	25.1337664105
PWY-6277: superpathway of 5-aminoimidazole ribonucleotide biosynthesis|g__Blautia.s__Ruminococcus_torques	23.1364000017
PWY-6277: superpathway of 5-aminoimidazole ribonucleotide biosynthesis|g__Mitsuokella.s__Mitsuokella_jalaludinii	22.1156252270
PWY-6277: superpathway of 5-aminoimidazole ribonucleotide biosynthesis|g__Holdemanella.s__Holdemanella_biformis	20.1347249981
PWY-6277: superpathway of 5-aminoimidazole ribonucleotide biosynthesis|g__Roseburia.s__Roseburia_hominis	17.3888982621
PWY-6277: superpathway of 5-aminoimidazole ribonucleotide biosynthesis|g__Lachnospira.s__Lachnospira_pectinoschiza	17.2076890439
PWY-6277: superpathway of 5-aminoimidazole ribonucleotide biosynthesis|g__Bacteroides.s__Bacteroides_sp_CAG_770	15.9151193634
PWY-6277: superpathway of 5-aminoimidazole ribonucleotide biosynthesis|g__Firmicutes_unclassified.s__Firmicutes_bacterium_CAG_65_45_313	15.2807212174
PWY-6277: superpathway of 5-aminoimidazole ribonucleotide biosynthesis|g__Eubacterium.s__Eubacterium_sp_CAG_180	14.9531955897
PWY-6277: superpathway of 5-aminoimidazole ribonucleotide biosynthesis|g__Dorea.s__Dorea_longicatena	12.5746288371
PWY-6277: superpathway of 5-aminoimidazole ribonucleotide biosynthesis|g__Gemmiger.s__Gemmiger_formicilis	12.4109724279
PWY-6277: superpathway of 5-aminoimidazole ribonucleotide biosynthesis|g__Alistipes.s__Alistipes_indistinctus	10.9559515991
PWY-6277: superpathway of 5-aminoimidazole ribonucleotide biosynthesis|g__Eubacterium.s__Eubacterium_hallii	9.8649564628
PWY-6277: superpathway of 5-aminoimidazole ribonucleotide biosynthesis|g__Methanobrevibacter.s__Methanobrevibacter_smithii	8.5412452236
PWY-6277: superpathway of 5-aminoimidazole ribonucleotide biosynthesis|g__Dorea.s__Dorea_formicigenerans	7.9580394285
PWY-6277: superpathway of 5-aminoimidazole ribonucleotide biosynthesis|g__Bifidobacterium.s__Bifidobacterium_pseudocatenulatum	7.8222222222
PWY-6277: superpathway of 5-aminoimidazole ribonucleotide biosynthesis|g__Ruminococcus.s__Ruminococcus_lactaris	6.0110956691
PWY-6277: superpathway of 5-aminoimidazole ribonucleotide biosynthesis|g__Lachnospiraceae_unclassified.s__Eubacterium_rectale	5.9932789657
PWY-6277: superpathway of 5-aminoimidazole ribonucleotide biosynthesis|g__Roseburia.s__Roseburia_faecis	5.3200740718
PWY-6277: superpathway of 5-aminoimidazole ribonucleotide biosynthesis|g__Bifidobacterium.s__Bifidobacterium_catenulatum	4.6817446384
PWY-6277: superpathway of 5-aminoimidazole ribonucleotide biosynthesis|g__Blautia.s__Blautia_sp_CAG_52	3.8444112543
PWY-6277: superpathway of 5-aminoimidazole ribonucleotide biosynthesis|g__Eubacterium.s__Eubacterium_eligens	2.9001268806
PWY-6277: superpathway of 5-aminoimidazole ribonucleotide biosynthesis|g__Roseburia.s__Roseburia_sp_CAG_471	1.9298179994
PWY-6385: peptidoglycan biosynthesis III (mycobacteria)	996.4451265460
PWY-6385: peptidoglycan biosynthesis III (mycobacteria)|unclassified	220.5546029986
PWY-6385: peptidoglycan biosynthesis III (mycobacteria)|g__Succinatimonas.s__Succinatimonas_sp_CAG_777	76.1483865523
PWY-6385: peptidoglycan biosynthesis III (mycobacteria)|g__Bifidobacterium.s__Bifidobacterium_adolescentis	42.5289025400
PWY-6385: peptidoglycan biosynthesis III (mycobacteria)|g__Collinsella.s__Collinsella_aerofaciens	36.7416422525
PWY-6385: peptidoglycan biosynthesis III (mycobacteria)|g__Prevotella.s__Prevotella_copri	36.5567456253
PWY-6385: peptidoglycan biosynthesis III (mycobacteria)|g__Lactobacillus.s__Lactobacillus_ruminis	35.0464886157
PWY-6385: peptidoglycan biosynthesis III (mycobacteria)|g__Dialister.s__Dialister_sp_CAG_486	32.6455375268
PWY-6385: peptidoglycan biosynthesis III (mycobacteria)|g__Blautia.s__Ruminococcus_torques	23.4789380512
PWY-6385: peptidoglycan biosynthesis III (mycobacteria)|g__Mitsuokella.s__Mitsuokella_jalaludinii	22.4258475209
PWY-6385: peptidoglycan biosynthesis III (mycobacteria)|g__Blautia.s__Blautia_obeum	21.5145425730
PWY-6385: peptidoglycan biosynthesis III (mycobacteria)|g__Blautia.s__Blautia_sp	20.6337814558
PWY-6385: peptidoglycan biosynthesis III (mycobacteria)|g__Blautia.s__Blautia_wexlerae	18.5879437478
PWY-6385: peptidoglycan biosynthesis III (mycobacteria)|g__Bacteroides.s__Bacteroides_sp_CAG_770	18.2327951591
PWY-6385: peptidoglycan biosynthesis III (mycobacteria)|g__Lachnospira.s__Lachnospira_pectinoschiza	18.1940868728
PWY-6385: peptidoglycan biosynthesis III (mycobacteria)|g__Dorea.s__Dorea_longicatena	17.7346477606
PWY-6385: peptidoglycan biosynthesis III (mycobacteria)|g__Prevotella.s__Prevotella_sp_CAG_604	14.9720043867
PWY-6385: peptidoglycan biosynthesis III (mycobacteria)|g__Alistipes.s__Alistipes_indistinctus	9.8573482830
PWY-6385: peptidoglycan biosynthesis III (mycobacteria)|g__Catenibacterium.s__Catenibacterium_mitsuokai	8.8443129784
PWY-6385: peptidoglycan biosynthesis III (mycobacteria)|g__Roseburia.s__Roseburia_sp_CAG_471	5.9271929026
PWY-6385: peptidoglycan biosynthesis III (mycobacteria)|g__Bifidobacterium.s__Bifidobacterium_pseudocatenulatum	4.9758997291
PWY-7953: UDP-N-acetylmuramoyl-pentapeptide biosynthesis III (meso-diaminopimelate containing)	985.4126169157
PWY-7953: UDP-N-acetylmuramoyl-pentapeptide biosynthesis III (meso-diaminopimelate containing)|unclassified	207.1092682028
PWY-7953: UDP-N-acetylmuramoyl-pentapeptide biosynthesis III (meso-diaminopimelate containing)|g__Succinatimonas.s__Succinatimonas_sp_CAG_777	74.9536583851
PWY-7953: UDP-N-acetylmuramoyl-pentapeptide biosynthesis III (meso-diaminopimelate containing)|g__Dialister.s__Dialister_sp_CAG_486	35.1701545232
PWY-7953: UDP-N-acetylmuramoyl-pentapeptide biosynthesis III (meso-diaminopimelate containing)|g__Lactobacillus.s__Lactobacillus_ruminis	33.2719153240
PWY-7953: UDP-N-acetylmuramoyl-pentapeptide biosynthesis III (meso-diaminopimelate containing)|g__Prevotella.s__Prevotella_copri	32.7479897168
PWY-7953: UDP-N-acetylmuramoyl-pentapeptide biosynthesis III (meso-diaminopimelate containing)|g__Blautia.s__Ruminococcus_torques	24.2841801868
PWY-7953: UDP-N-acetylmuramoyl-pentapeptide biosynthesis III (meso-diaminopimelate containing)|g__Blautia.s__Blautia_obeum	21.0784807137
PWY-7953: UDP-N-acetylmuramoyl-pentapeptide biosynthesis III (meso-diaminopimelate containing)|g__Blautia.s__Blautia_sp	19.7966517644
PWY-7953: UDP-N-acetylmuramoyl-pentapeptide biosynthesis III (meso-diaminopimelate containing)|g__Mitsuokella.s__Mitsuokella_jalaludinii	17.8365782690
PWY-7953: UDP-N-acetylmuramoyl-pentapeptide biosynthesis III (meso-diaminopimelate containing)|g__Dorea.s__Dorea_longicatena	17.3186123118
PWY-7953: UDP-N-acetylmuramoyl-pentapeptide biosynthesis III (meso-diaminopimelate containing)|g__Blautia.s__Blautia_wexlerae	17.0583462000
PWY-7953: UDP-N-acetylmuramoyl-pentapeptide biosynthesis III (meso-diaminopimelate containing)|g__Lachnospira.s__Lachnospira_pectinoschiza	14.4129223935
PWY-7953: UDP-N-acetylmuramoyl-pentapeptide biosynthesis III (meso-diaminopimelate containing)|g__Dorea.s__Dorea_formicigenerans	10.2392644447
PWY-7953: UDP-N-acetylmuramoyl-pentapeptide biosynthesis III (meso-diaminopimelate containing)|g__Firmicutes_unclassified.s__Firmicutes_bacterium_CAG_124	10.2104220892
PWY-7953: UDP-N-acetylmuramoyl-pentapeptide biosynthesis III (meso-diaminopimelate containing)|g__Alistipes.s__Alistipes_indistinctus	8.6923593888
PWY-7953: UDP-N-acetylmuramoyl-pentapeptide biosynthesis III (meso-diaminopimelate containing)|g__Catenibacterium.s__Catenibacterium_mitsuokai	7.1098182421
PWY-7953: UDP-N-acetylmuramoyl-pentapeptide biosynthesis III (meso-diaminopimelate containing)|g__Roseburia.s__Roseburia_sp_CAG_471	6.0390380675
BRANCHED-CHAIN-AA-SYN-PWY: superpathway of branched chain amino acid biosynthesis	977.7634463716
BRANCHED-CHAIN-AA-SYN-PWY: superpathway of branched chain amino acid biosynthesis|unclassified	101.9839261556
BRANCHED-CHAIN-AA-SYN-PWY: superpathway of branched chain amino acid biosynthesis|g__Succinatimonas.s__Succinatimonas_sp_CAG_777	88.6364272068
BRANCHED-CHAIN-AA-SYN-PWY: superpathway of branched chain amino acid biosynthesis|g__Bifidobacterium.s__Bifidobacterium_adolescentis	54.9505856173
BRANCHED-CHAIN-AA-SYN-PWY: superpathway of branched chain amino acid biosynthesis|g__Prevotella.s__Prevotella_copri	36.0545491897
BRANCHED-CHAIN-AA-SYN-PWY: superpathway of branched chain amino acid biosynthesis|g__Catenibacterium.s__Catenibacterium_mitsuokai	30.7535198928
BRANCHED-CHAIN-AA-SYN-PWY: superpathway of branched chain amino acid biosynthesis|g__Ruminococcus.s__Ruminococcus_sp_CAG_254	29.1828415865
BRANCHED-CHAIN-AA-SYN-PWY: superpathway of branched chain amino acid biosynthesis|g__Mitsuokella.s__Mitsuokella_jalaludinii	22.8946845137
BRANCHED-CHAIN-AA-SYN-PWY: superpathway of branched chain amino acid biosynthesis|g__Blautia.s__Blautia_sp	22.8560859762
BRANCHED-CHAIN-AA-SYN-PWY: superpathway of branched chain amino acid biosynthesis|g__Blautia.s__Ruminococcus_torques	22.7230929292
BRANCHED-CHAIN-AA-SYN-PWY: superpathway of branched chain amino acid biosynthesis|g__Dorea.s__Dorea_longicatena	21.4002477310
BRANCHED-CHAIN-AA-SYN-PWY: superpathway of branched chain amino acid biosynthesis|g__Blautia.s__Blautia_wexlerae	20.6752738466
BRANCHED-CHAIN-AA-SYN-PWY: superpathway of branched chain amino acid biosynthesis|g__Eubacterium.s__Eubacterium_hallii	16.2373624682
BRANCHED-CHAIN-AA-SYN-PWY: superpathway of branched chain amino acid biosynthesis|g__Gemmiger.s__Gemmiger_formicilis	16.1736054431
BRANCHED-CHAIN-AA-SYN-PWY: superpathway of branched chain amino acid biosynthesis|g__Blautia.s__Blautia_obeum	14.9743521687
BRANCHED-CHAIN-AA-SYN-PWY: superpathway of branched chain amino acid biosynthesis|g__Bifidobacterium.s__Bifidobacterium_pseudocatenulatum	7.2178436119
BRANCHED-CHAIN-AA-SYN-PWY: superpathway of branched chain amino acid biosynthesis|g__Lachnospiraceae_unclassified.s__Eubacterium_rectale	4.7746747119
BRANCHED-CHAIN-AA-SYN-PWY: superpathway of branched chain amino acid biosynthesis|g__Roseburia.s__Roseburia_hominis	3.9223192376
NONMEVIPP-PWY: methylerythritol phosphate pathway I	971.6910818903
NONMEVIPP-PWY: methylerythritol phosphate pathway I|unclassified	207.1788075558
NONMEVIPP-PWY: methylerythritol phosphate pathway I|g__Succinatimonas.s__Succinatimonas_sp_CAG_777	72.4100258597
NONMEVIPP-PWY: methylerythritol phosphate pathway I|g__Collinsella.s__Collinsella_aerofaciens	41.9550082807
NONMEVIPP-PWY: methylerythritol phosphate pathway I|g__Bifidobacterium.s__Bifidobacterium_adolescentis	35.3314716224
NONMEVIPP-PWY: methylerythritol phosphate pathway I|g__Blautia.s__Blautia_obeum	24.9634561201
NONMEVIPP-PWY: methylerythritol phosphate pathway I|g__Blautia.s__Ruminococcus_torques	23.1438619526
NONMEVIPP-PWY: methylerythritol phosphate pathway I|g__Dorea.s__Dorea_longicatena	21.3259403784
NONMEVIPP-PWY: methylerythritol phosphate pathway I|g__Catenibacterium.s__Catenibacterium_mitsuokai	19.5493019990
NONMEVIPP-PWY: methylerythritol phosphate pathway I|g__Mitsuokella.s__Mitsuokella_jalaludinii	19.0545067802
NONMEVIPP-PWY: methylerythritol phosphate pathway I|g__Blautia.s__Blautia_wexlerae	17.3200906394
NONMEVIPP-PWY: methylerythritol phosphate pathway I|g__Lachnospira.s__Lachnospira_pectinoschiza	15.4089703881
NONMEVIPP-PWY: methylerythritol phosphate pathway I|g__Eubacterium.s__Eubacterium_hallii	13.2903163492
NONMEVIPP-PWY: methylerythritol phosphate pathway I|g__Alistipes.s__Alistipes_indistinctus	13.0330829824
NONMEVIPP-PWY: methylerythritol phosphate pathway I|g__Eubacterium.s__Eubacterium_sp_CAG_180	12.7851935283
NONMEVIPP-PWY: methylerythritol phosphate pathway I|g__Gemmiger.s__Gemmiger_formicilis	11.1174710289
PWY-5103: L-isoleucine biosynthesis III	958.6671906345
PWY-5103: L-isoleucine biosynthesis III|unclassified	83.6957287028
PWY-5103: L-isoleucine biosynthesis III|g__Succinatimonas.s__Succinatimonas_sp_CAG_777	82.3553390659
PWY-5103: L-isoleucine biosynthesis III|g__Bifidobacterium.s__Bifidobacterium_adolescentis	53.2328193311
PWY-5103: L-isoleucine biosynthesis III|g__Prevotella.s__Prevotella_copri	52.8449892109
PWY-5103: L-isoleucine biosynthesis III|g__Catenibacterium.s__Catenibacterium_mitsuokai	28.0509460734
PWY-5103: L-isoleucine biosynthesis III|g__Ruminococcus.s__Ruminococcus_sp_CAG_254	25.9346851583
PWY-5103: L-isoleucine biosynthesis III|g__Mitsuokella.s__Mitsuokella_jalaludinii	21.4415231601
PWY-5103: L-isoleucine biosynthesis III|g__Dorea.s__Dorea_longicatena	21.2875173622
PWY-5103: L-isoleucine biosynthesis III|g__Blautia.s__Blautia_sp	20.7721549752
PWY-5103: L-isoleucine biosynthesis III|g__Blautia.s__Ruminococcus_torques	20.7187573664
PWY-5103: L-isoleucine biosynthesis III|g__Eubacterium.s__Eubacterium_hallii	18.0925576373
PWY-5103: L-isoleucine biosynthesis III|g__Blautia.s__Blautia_wexlerae	16.3081002635
PWY-5103: L-isoleucine biosynthesis III|g__Blautia.s__Blautia_obeum	14.6174118488
PWY-5103: L-isoleucine biosynthesis III|g__Gemmiger.s__Gemmiger_formicilis	14.4855641125
PWY-5103: L-isoleucine biosynthesis III|g__Bifidobacterium.s__Bifidobacterium_pseudocatenulatum	7.2563143249
PWY-5103: L-isoleucine biosynthesis III|g__Eubacterium.s__Eubacterium_eligens	6.0107318886
PWY-5103: L-isoleucine biosynthesis III|g__Dorea.s__Dorea_formicigenerans	5.6579548669
PWY-5103: L-isoleucine biosynthesis III|g__Lachnospiraceae_unclassified.s__Eubacterium_rectale	4.0083725706
PWY-5103: L-isoleucine biosynthesis III|g__Roseburia.s__Roseburia_hominis	2.5810980079
PWY-5103: L-isoleucine biosynthesis III|g__Roseburia.s__Roseburia_intestinalis	2.0197939810
PWY-5103: L-isoleucine biosynthesis III|g__Roseburia.s__Roseburia_inulinivorans	1.6789791807
DTDPRHAMSYN-PWY: dTDP-&beta;-L-rhamnose biosynthesis	954.7074902825
DTDPRHAMSYN-PWY: dTDP-&beta;-L-rhamnose biosynthesis|unclassified	213.0899742506
DTDPRHAMSYN-PWY: dTDP-&beta;-L-rhamnose biosynthesis|g__Prevotella.s__Prevotella_copri	115.0963739418
DTDPRHAMSYN-PWY: dTDP-&beta;-L-rhamnose biosynthesis|g__Faecalibacterium.s__Faecalibacterium_prausnitzii	110.7729714227
DTDPRHAMSYN-PWY: dTDP-&beta;-L-rhamnose biosynthesis|g__Succinatimonas.s__Succinatimonas_sp_CAG_777	68.2711116776
DTDPRHAMSYN-PWY: dTDP-&beta;-L-rhamnose biosynthesis|g__Lactobacillus.s__Lactobacillus_ruminis	57.8167964841
DTDPRHAMSYN-PWY: dTDP-&beta;-L-rhamnose biosynthesis|g__Collinsella.s__Collinsella_aerofaciens	54.8618082803
DTDPRHAMSYN-PWY: dTDP-&beta;-L-rhamnose biosynthesis|g__Blautia.s__Blautia_obeum	44.7396365022
DTDPRHAMSYN-PWY: dTDP-&beta;-L-rhamnose biosynthesis|g__Bacteroides.s__Bacteroides_sp_CAG_770	20.6518573433
DTDPRHAMSYN-PWY: dTDP-&beta;-L-rhamnose biosynthesis|g__Prevotella.s__Prevotella_sp_CAG_604	20.2752538330
DTDPRHAMSYN-PWY: dTDP-&beta;-L-rhamnose biosynthesis|g__Blautia.s__Blautia_wexlerae	19.6509409988
DTDPRHAMSYN-PWY: dTDP-&beta;-L-rhamnose biosynthesis|g__Lachnospira.s__Lachnospira_pectinoschiza	17.2506226426
DTDPRHAMSYN-PWY: dTDP-&beta;-L-rhamnose biosynthesis|g__Dorea.s__Dorea_longicatena	16.8917351153
DTDPRHAMSYN-PWY: dTDP-&beta;-L-rhamnose biosynthesis|g__Bifidobacterium.s__Bifidobacterium_adolescentis	15.7112406147
DTDPRHAMSYN-PWY: dTDP-&beta;-L-rhamnose biosynthesis|g__Blautia.s__Ruminococcus_torques	14.5175551602
DTDPRHAMSYN-PWY: dTDP-&beta;-L-rhamnose biosynthesis|g__Gemmiger.s__Gemmiger_formicilis	14.3429151975
DTDPRHAMSYN-PWY: dTDP-&beta;-L-rhamnose biosynthesis|g__Alistipes.s__Alistipes_indistinctus	12.2919334187
DTDPRHAMSYN-PWY: dTDP-&beta;-L-rhamnose biosynthesis|g__Bifidobacterium.s__Bifidobacterium_pseudocatenulatum	7.9631448890
DTDPRHAMSYN-PWY: dTDP-&beta;-L-rhamnose biosynthesis|g__Firmicutes_unclassified.s__Firmicutes_bacterium_CAG_65_45_313	7.7057793345
DTDPRHAMSYN-PWY: dTDP-&beta;-L-rhamnose biosynthesis|g__Bifidobacterium.s__Bifidobacterium_catenulatum	5.3006209299
DTDPRHAMSYN-PWY: dTDP-&beta;-L-rhamnose biosynthesis|g__Eubacterium.s__Eubacterium_hallii	5.1203875873
DTDPRHAMSYN-PWY: dTDP-&beta;-L-rhamnose biosynthesis|g__Clostridiales_unclassified.s__Clostridiales_bacterium_KLE1615	5.0838205328
DTDPRHAMSYN-PWY: dTDP-&beta;-L-rhamnose biosynthesis|g__Bifidobacterium.s__Bifidobacterium_longum	4.3788701937
DTDPRHAMSYN-PWY: dTDP-&beta;-L-rhamnose biosynthesis|g__Blautia.s__Blautia_sp	4.1356784510
DTDPRHAMSYN-PWY: dTDP-&beta;-L-rhamnose biosynthesis|g__Dorea.s__Dorea_formicigenerans	4.0404040404
DTDPRHAMSYN-PWY: dTDP-&beta;-L-rhamnose biosynthesis|g__Firmicutes_unclassified.s__Firmicutes_bacterium_CAG_194	4.0393839939
DTDPRHAMSYN-PWY: dTDP-&beta;-L-rhamnose biosynthesis|g__Lachnospiraceae_unclassified.s__Eubacterium_rectale	3.9757667550
DTDPRHAMSYN-PWY: dTDP-&beta;-L-rhamnose biosynthesis|g__Coprococcus.s__Coprococcus_eutactus	2.3048112936
DTDPRHAMSYN-PWY: dTDP-&beta;-L-rhamnose biosynthesis|g__Blautia.s__Blautia_sp_CAG_52	2.0553475740
DTDPRHAMSYN-PWY: dTDP-&beta;-L-rhamnose biosynthesis|g__Coprococcus.s__Coprococcus_catus	1.5462778882
PWY-3841: folate transformations II (plants)	929.4771604253
PWY-3841: folate transformations II (plants)|unclassified	244.5091171581
PWY-3841: folate transformations II (plants)|g__Succinatimonas.s__Succinatimonas_sp_CAG_777	79.1863837380
PWY-3841: folate transformations II (plants)|g__Catenibacterium.s__Catenibacterium_mitsuokai	37.6651317940
PWY-3841: folate transformations II (plants)|g__Dialister.s__Dialister_sp_CAG_486	32.0449165508
PWY-3841: folate transformations II (plants)|g__Bifidobacterium.s__Bifidobacterium_adolescentis	31.2478203250
PWY-3841: folate transformations II (plants)|g__Bacteroides.s__Bacteroides_sp_CAG_770	28.9765083307
PWY-3841: folate transformations II (plants)|g__Roseburia.s__Roseburia_hominis	26.0937735607
PWY-3841: folate transformations II (plants)|g__Prevotella.s__Prevotella_copri	21.4833241103
PWY-3841: folate transformations II (plants)|g__Blautia.s__Ruminococcus_torques	19.3418655505
PWY-3841: folate transformations II (plants)|g__Blautia.s__Blautia_wexlerae	15.9327652213
PWY-3841: folate transformations II (plants)|g__Eubacterium.s__Eubacterium_hallii	15.7686644173
PWY-3841: folate transformations II (plants)|g__Dorea.s__Dorea_longicatena	13.7923340783
PWY-3841: folate transformations II (plants)|g__Ruminococcus.s__Ruminococcus_lactaris	7.2346747626
PWY-3841: folate transformations II (plants)|g__Lachnospiraceae_unclassified.s__Eubacterium_rectale	6.9919883467
PWY-3841: folate transformations II (plants)|g__Alistipes.s__Alistipes_indistinctus	6.3134160090
PWY-3841: folate transformations II (plants)|g__Bifidobacterium.s__Bifidobacterium_pseudocatenulatum	4.0424456796
PWY-3841: folate transformations II (plants)|g__Blautia.s__Blautia_obeum	4.0064675834
PWY-6121: 5-aminoimidazole ribonucleotide biosynthesis I	920.9944920261
PWY-6121: 5-aminoimidazole ribonucleotide biosynthesis I|unclassified	207.8705651465
PWY-6121: 5-aminoimidazole ribonucleotide biosynthesis I|g__Faecalibacterium.s__Faecalibacterium_prausnitzii	82.5151319862
PWY-6121: 5-aminoimidazole ribonucleotide biosynthesis I|g__Collinsella.s__Collinsella_aerofaciens	70.6969682622
PWY-6121: 5-aminoimidazole ribonucleotide biosynthesis I|g__Dialister.s__Dialister_sp_CAG_486	34.1169220312
PWY-6121: 5-aminoimidazole ribonucleotide biosynthesis I|g__Lactobacillus.s__Lactobacillus_ruminis	32.9614009417
PWY-6121: 5-aminoimidazole ribonucleotide biosynthesis I|g__Blautia.s__Blautia_obeum	28.0846219816
PWY-6121: 5-aminoimidazole ribonucleotide biosynthesis I|g__Blautia.s__Blautia_sp	26.3174316947
PWY-6121: 5-aminoimidazole ribonucleotide biosynthesis I|g__Blautia.s__Ruminococcus_torques	25.0767670085
PWY-6121: 5-aminoimidazole ribonucleotide biosynthesis I|g__Mitsuokella.s__Mitsuokella_jalaludinii	23.3088872543
PWY-6121: 5-aminoimidazole ribonucleotide biosynthesis I|g__Blautia.s__Blautia_wexlerae	22.3529828148
PWY-6121: 5-aminoimidazole ribonucleotide biosynthesis I|g__Catenibacterium.s__Catenibacterium_mitsuokai	20.1538843393
PWY-6121: 5-aminoimidazole ribonucleotide biosynthesis I|g__Bifidobacterium.s__Bifidobacterium_adolescentis	19.9825363942
PWY-6121: 5-aminoimidazole ribonucleotide biosynthesis I|g__Holdemanella.s__Holdemanella_biformis	19.4147037830
PWY-6121: 5-aminoimidazole ribonucleotide biosynthesis I|g__Lachnospira.s__Lachnospira_pectinoschiza	18.7379019313
PWY-6121: 5-aminoimidazole ribonucleotide biosynthesis I|g__Roseburia.s__Roseburia_hominis	17.9191029626
PWY-6121: 5-aminoimidazole ribonucleotide biosynthesis I|g__Bacteroides.s__Bacteroides_sp_CAG_770	17.1731890092
PWY-6121: 5-aminoimidazole ribonucleotide biosynthesis I|g__Eubacterium.s__Eubacterium_sp_CAG_180	13.8814215625
PWY-6121: 5-aminoimidazole ribonucleotide biosynthesis I|g__Firmicutes_unclassified.s__Firmicutes_bacterium_CAG_65_45_313	13.1175840817
PWY-6121: 5-aminoimidazole ribonucleotide biosynthesis I|g__Dorea.s__Dorea_longicatena	12.0918738543
PWY-6121: 5-aminoimidazole ribonucleotide biosynthesis I|g__Gemmiger.s__Gemmiger_formicilis	11.2096198920
PWY-6121: 5-aminoimidazole ribonucleotide biosynthesis I|g__Alistipes.s__Alistipes_indistinctus	10.6360719110
PWY-6121: 5-aminoimidazole ribonucleotide biosynthesis I|g__Eubacterium.s__Eubacterium_hallii	10.3103867551
PWY-6121: 5-aminoimidazole ribonucleotide biosynthesis I|g__Methanobrevibacter.s__Methanobrevibacter_smithii	7.9451367400
PWY-6121: 5-aminoimidazole ribonucleotide biosynthesis I|g__Lachnospiraceae_unclassified.s__Eubacterium_rectale	6.0502342305
PWY-6121: 5-aminoimidazole ribonucleotide biosynthesis I|g__Roseburia.s__Roseburia_faecis	5.4892621587
PWY-6121: 5-aminoimidazole ribonucleotide biosynthesis I|g__Blautia.s__Blautia_sp_CAG_52	3.9139819171
PWY-6121: 5-aminoimidazole ribonucleotide biosynthesis I|g__Roseburia.s__Roseburia_sp_CAG_471	2.2414143871
PWY-6121: 5-aminoimidazole ribonucleotide biosynthesis I|g__Bifidobacterium.s__Bifidobacterium_pseudocatenulatum	1.9421932659
PWY-6700: queuosine biosynthesis I (de novo)	904.5348450294
PWY-6700: queuosine biosynthesis I (de novo)|unclassified	244.4737132023
PWY-6700: queuosine biosynthesis I (de novo)|g__Faecalibacterium.s__Faecalibacterium_prausnitzii	80.2775244753
PWY-6700: queuosine biosynthesis I (de novo)|g__Collinsella.s__Collinsella_aerofaciens	47.5080979712
PWY-6700: queuosine biosynthesis I (de novo)|g__Lactobacillus.s__Lactobacillus_ruminis	44.0197148124
PWY-6700: queuosine biosynthesis I (de novo)|g__Bacteroides.s__Bacteroides_sp_CAG_770	30.1221926095
PWY-6700: queuosine biosynthesis I (de novo)|g__Catenibacterium.s__Catenibacterium_mitsuokai	25.6489809242
PWY-6700: queuosine biosynthesis I (de novo)|g__Ruminococcus.s__Ruminococcus_sp_CAG_254	25.2645516049
PWY-6700: queuosine biosynthesis I (de novo)|g__Roseburia.s__Roseburia_hominis	23.3333333333
PWY-6700: queuosine biosynthesis I (de novo)|g__Blautia.s__Ruminococcus_torques	21.6284395426
PWY-6700: queuosine biosynthesis I (de novo)|g__Mitsuokella.s__Mitsuokella_jalaludinii	21.4633559791
PWY-6700: queuosine biosynthesis I (de novo)|g__Prevotella.s__Prevotella_copri	21.1545985618
PWY-6700: queuosine biosynthesis I (de novo)|g__Clostridium.s__Clostridium_sp_CAG_245	18.1342400453
PWY-6700: queuosine biosynthesis I (de novo)|g__Lachnospira.s__Lachnospira_pectinoschiza	17.4863387978
PWY-6700: queuosine biosynthesis I (de novo)|g__Blautia.s__Blautia_obeum	16.9334620347
PWY-6700: queuosine biosynthesis I (de novo)|g__Eubacterium.s__Eubacterium_sp_CAG_180	16.8276037423
PWY-6700: queuosine biosynthesis I (de novo)|g__Blautia.s__Blautia_sp	13.0754562789
PWY-6700: queuosine biosynthesis I (de novo)|g__Prevotella.s__Prevotella_sp_CAG_604	11.9228410267
PWY-6700: queuosine biosynthesis I (de novo)|g__Firmicutes_unclassified.s__Firmicutes_bacterium_CAG_124	11.7667221411
PWY-6700: queuosine biosynthesis I (de novo)|g__Blautia.s__Blautia_wexlerae	10.9664153530
PWY-6700: queuosine biosynthesis I (de novo)|g__Firmicutes_unclassified.s__Firmicutes_bacterium_CAG_65_45_313	10.3475036647
PWY-6700: queuosine biosynthesis I (de novo)|g__Clostridium.s__Clostridium_sp_CAG_217	8.9940821616
PWY-6700: queuosine biosynthesis I (de novo)|g__Eubacterium.s__Eubacterium_hallii	8.4855275990
PWY-6700: queuosine biosynthesis I (de novo)|g__Ruminococcus.s__Ruminococcus_lactaris	6.7415730337
PWY-6700: queuosine biosynthesis I (de novo)|g__Senegalimassilia.s__Senegalimassilia_anaerobia	6.3458487573
PWY-6700: queuosine biosynthesis I (de novo)|g__Dorea.s__Dorea_longicatena	4.6052631579
PWY-6700: queuosine biosynthesis I (de novo)|g__Prevotella.s__Prevotella_sp_885	4.5286009453
PWY-6700: queuosine biosynthesis I (de novo)|g__Lachnospiraceae_unclassified.s__Eubacterium_rectale	3.0769230769
COA-PWY-1: superpathway of coenzyme A biosynthesis III (mammals)	903.7141785012
COA-PWY-1: superpathway of coenzyme A biosynthesis III (mammals)|unclassified	163.7734446719
COA-PWY-1: superpathway of coenzyme A biosynthesis III (mammals)|g__Faecalibacterium.s__Faecalibacterium_prausnitzii	87.5543691696
COA-PWY-1: superpathway of coenzyme A biosynthesis III (mammals)|g__Succinatimonas.s__Succinatimonas_sp_CAG_777	71.1867452959
COA-PWY-1: superpathway of coenzyme A biosynthesis III (mammals)|g__Collinsella.s__Collinsella_aerofaciens	46.6466407892
COA-PWY-1: superpathway of coenzyme A biosynthesis III (mammals)|g__Bifidobacterium.s__Bifidobacterium_adolescentis	33.5858307307
COA-PWY-1: superpathway of coenzyme A biosynthesis III (mammals)|g__Ruminococcus.s__Ruminococcus_sp_CAG_254	29.4513370851
COA-PWY-1: superpathway of coenzyme A biosynthesis III (mammals)|g__Blautia.s__Blautia_obeum	26.3561986367
COA-PWY-1: superpathway of coenzyme A biosynthesis III (mammals)|g__Lactobacillus.s__Lactobacillus_ruminis	25.4483039061
COA-PWY-1: superpathway of coenzyme A biosynthesis III (mammals)|g__Blautia.s__Ruminococcus_torques	18.1185948096
COA-PWY-1: superpathway of coenzyme A biosynthesis III (mammals)|g__Catenibacterium.s__Catenibacterium_mitsuokai	17.1668152256
COA-PWY-1: superpathway of coenzyme A biosynthesis III (mammals)|g__Blautia.s__Blautia_wexlerae	14.5209520564
COA-PWY-1: superpathway of coenzyme A biosynthesis III (mammals)|g__Alistipes.s__Alistipes_indistinctus	9.4793536804
COA-PWY-1: superpathway of coenzyme A biosynthesis III (mammals)|g__Lachnospira.s__Lachnospira_pectinoschiza	9.0626149010
COA-PWY-1: superpathway of coenzyme A biosynthesis III (mammals)|g__Gemmiger.s__Gemmiger_formicilis	7.9620931920
ANAGLYCOLYSIS-PWY: glycolysis III (from glucose)	878.5600986822
ANAGLYCOLYSIS-PWY: glycolysis III (from glucose)|unclassified	104.7514280353
ANAGLYCOLYSIS-PWY: glycolysis III (from glucose)|g__Collinsella.s__Collinsella_aerofaciens	49.1613366723
ANAGLYCOLYSIS-PWY: glycolysis III (from glucose)|g__Blautia.s__Ruminococcus_torques	31.5768854075
ANAGLYCOLYSIS-PWY: glycolysis III (from glucose)|g__Catenibacterium.s__Catenibacterium_mitsuokai	26.7789671928
ANAGLYCOLYSIS-PWY: glycolysis III (from glucose)|g__Prevotella.s__Prevotella_copri	25.9749886314
ANAGLYCOLYSIS-PWY: glycolysis III (from glucose)|g__Roseburia.s__Roseburia_hominis	22.2833762644
ANAGLYCOLYSIS-PWY: glycolysis III (from glucose)|g__Blautia.s__Blautia_obeum	15.4719060834
ANAGLYCOLYSIS-PWY: glycolysis III (from glucose)|g__Dorea.s__Dorea_longicatena	10.3003559269
ANAGLYCOLYSIS-PWY: glycolysis III (from glucose)|g__Blautia.s__Blautia_wexlerae	10.1387753384
ANAGLYCOLYSIS-PWY: glycolysis III (from glucose)|g__Blautia.s__Blautia_sp	7.2496307589
ANAGLYCOLYSIS-PWY: glycolysis III (from glucose)|g__Lachnospiraceae_unclassified.s__Eubacterium_rectale	5.5344295060
CALVIN-PWY: Calvin-Benson-Bassham cycle	871.2850620316
CALVIN-PWY: Calvin-Benson-Bassham cycle|unclassified	114.6220605130
CALVIN-PWY: Calvin-Benson-Bassham cycle|g__Collinsella.s__Collinsella_aerofaciens	61.3653932964
CALVIN-PWY: Calvin-Benson-Bassham cycle|g__Blautia.s__Blautia_wexlerae	42.7899288971
CALVIN-PWY: Calvin-Benson-Bassham cycle|g__Blautia.s__Blautia_sp	25.4673415295
CALVIN-PWY: Calvin-Benson-Bassham cycle|g__Prevotella.s__Prevotella_copri	25.3353256801
CALVIN-PWY: Calvin-Benson-Bassham cycle|g__Blautia.s__Ruminococcus_torques	25.1196406552
CALVIN-PWY: Calvin-Benson-Bassham cycle|g__Mitsuokella.s__Mitsuokella_jalaludinii	21.7526080248
CALVIN-PWY: Calvin-Benson-Bassham cycle|g__Eubacterium.s__Eubacterium_hallii	17.8473437433
CALVIN-PWY: Calvin-Benson-Bassham cycle|g__Faecalibacterium.s__Faecalibacterium_prausnitzii	16.1587573129
CALVIN-PWY: Calvin-Benson-Bassham cycle|g__Blautia.s__Blautia_obeum	15.9193682369
CALVIN-PWY: Calvin-Benson-Bassham cycle|g__Roseburia.s__Roseburia_faecis	11.5016570975
CALVIN-PWY: Calvin-Benson-Bassham cycle|g__Lachnospiraceae_unclassified.s__Eubacterium_rectale	4.0756241821
CALVIN-PWY: Calvin-Benson-Bassham cycle|g__Fusicatenibacter.s__Fusicatenibacter_saccharivorans	2.6305405761
PWY-5097: L-lysine biosynthesis VI	870.8008872620
PWY-5097: L-lysine biosynthesis VI|unclassified	131.6338654073
PWY-5097: L-lysine biosynthesis VI|g__Faecalibacterium.s__Faecalibacterium_prausnitzii	57.9041127584
PWY-5097: L-lysine biosynthesis VI|g__Bifidobacterium.s__Bifidobacterium_adolescentis	50.2612477187
PWY-5097: L-lysine biosynthesis VI|g__Blautia.s__Blautia_obeum	35.4417160509
PWY-5097: L-lysine biosynthesis VI|g__Lactobacillus.s__Lactobacillus_ruminis	32.1416043138
PWY-5097: L-lysine biosynthesis VI|g__Catenibacterium.s__Catenibacterium_mitsuokai	27.7951416282
PWY-5097: L-lysine biosynthesis VI|g__Roseburia.s__Roseburia_hominis	25.9984431235
PWY-5097: L-lysine biosynthesis VI|g__Dorea.s__Dorea_longicatena	23.5525192888
PWY-5097: L-lysine biosynthesis VI|g__Ruminococcus.s__Ruminococcus_sp_CAG_254	20.9992943188
PWY-5097: L-lysine biosynthesis VI|g__Blautia.s__Blautia_wexlerae	19.4521569819
PWY-5097: L-lysine biosynthesis VI|g__Blautia.s__Ruminococcus_torques	19.1595562222
PWY-5097: L-lysine biosynthesis VI|g__Mitsuokella.s__Mitsuokella_jalaludinii	18.6123898495
PWY-5097: L-lysine biosynthesis VI|g__Lachnospira.s__Lachnospira_pectinoschiza	16.9986812339
PWY-5097: L-lysine biosynthesis VI|g__Prevotella.s__Prevotella_copri	16.2505008512
PWY-5097: L-lysine biosynthesis VI|g__Eubacterium.s__Eubacterium_sp_CAG_180	13.5467543791
PWY-5097: L-lysine biosynthesis VI|g__Prevotella.s__Prevotella_sp_CAG_604	12.2436099201
PWY-5097: L-lysine biosynthesis VI|g__Bifidobacterium.s__Bifidobacterium_pseudocatenulatum	6.9197151648
PWY-5097: L-lysine biosynthesis VI|g__Dorea.s__Dorea_formicigenerans	6.7066162193
PWY-5097: L-lysine biosynthesis VI|g__Coprococcus.s__Coprococcus_catus	5.7569086337
COA-PWY: coenzyme A biosynthesis I (prokaryotic)	848.1192359357
COA-PWY: coenzyme A biosynthesis I (prokaryotic)|unclassified	148.0752002179
COA-PWY: coenzyme A biosynthesis I (prokaryotic)|g__Succinatimonas.s__Succinatimonas_sp_CAG_777	80.1254071508
COA-PWY: coenzyme A biosynthesis I (prokaryotic)|g__Faecalibacterium.s__Faecalibacterium_prausnitzii	74.4800211366
COA-PWY: coenzyme A biosynthesis I (prokaryotic)|g__Bifidobacterium.s__Bifidobacterium_adolescentis	41.2530617507
COA-PWY: coenzyme A biosynthesis I (prokaryotic)|g__Collinsella.s__Collinsella_aerofaciens	39.6742455513
COA-PWY: coenzyme A biosynthesis I (prokaryotic)|g__Catenibacterium.s__Catenibacterium_mitsuokai	38.8313264258
COA-PWY: coenzyme A biosynthesis I (prokaryotic)|g__Dialister.s__Dialister_sp_CAG_486	37.5263666893
COA-PWY: coenzyme A biosynthesis I (prokaryotic)|g__Ruminococcus.s__Ruminococcus_sp_CAG_254	32.8907914263
COA-PWY: coenzyme A biosynthesis I (prokaryotic)|g__Blautia.s__Blautia_obeum	26.0531628673
COA-PWY: coenzyme A biosynthesis I (prokaryotic)|g__Lactobacillus.s__Lactobacillus_ruminis	24.3380435106
COA-PWY: coenzyme A biosynthesis I (prokaryotic)|g__Blautia.s__Ruminococcus_torques	23.4183387791
COA-PWY: coenzyme A biosynthesis I (prokaryotic)|g__Lachnospira.s__Lachnospira_pectinoschiza	23.2937339856
COA-PWY: coenzyme A biosynthesis I (prokaryotic)|g__Mitsuokella.s__Mitsuokella_jalaludinii	23.2115338536
COA-PWY: coenzyme A biosynthesis I (prokaryotic)|g__Blautia.s__Blautia_sp	18.0831826401
COA-PWY: coenzyme A biosynthesis I (prokaryotic)|g__Blautia.s__Blautia_wexlerae	14.4890038810
COA-PWY: coenzyme A biosynthesis I (prokaryotic)|g__Dorea.s__Dorea_longicatena	14.3121845250
COA-PWY: coenzyme A biosynthesis I (prokaryotic)|g__Alistipes.s__Alistipes_indistinctus	10.8141321045
COA-PWY: coenzyme A biosynthesis I (prokaryotic)|g__Prevotella.s__Prevotella_sp_CAG_604	9.1292936209
COA-PWY: coenzyme A biosynthesis I (prokaryotic)|g__Gemmiger.s__Gemmiger_formicilis	8.0321285141
COA-PWY: coenzyme A biosynthesis I (prokaryotic)|g__Eubacterium.s__Eubacterium_hallii	6.2597809077
COA-PWY: coenzyme A biosynthesis I (prokaryotic)|g__Ruminococcus.s__Ruminococcus_callidus	6.1892130858
COA-PWY: coenzyme A biosynthesis I (prokaryotic)|g__Roseburia.s__Roseburia_sp_CAG_471	5.6497175141
COA-PWY: coenzyme A biosynthesis I (prokaryotic)|g__Dorea.s__Dorea_formicigenerans	5.3774282449
COA-PWY: coenzyme A biosynthesis I (prokaryotic)|g__Blautia.s__Blautia_sp_CAG_52	3.6670333700
GLUTORN-PWY: L-ornithine biosynthesis I	842.4036719446
GLUTORN-PWY: L-ornithine biosynthesis I|unclassified	115.7815955360
GLUTORN-PWY: L-ornithine biosynthesis I|g__Faecalibacterium.s__Faecalibacterium_prausnitzii	103.7397201666
GLUTORN-PWY: L-ornithine biosynthesis I|g__Collinsella.s__Collinsella_aerofaciens	41.8628421064
GLUTORN-PWY: L-ornithine biosynthesis I|g__Blautia.s__Blautia_wexlerae	32.7027927543
GLUTORN-PWY: L-ornithine biosynthesis I|g__Ruminococcus.s__Ruminococcus_sp_CAG_254	30.3168379131
GLUTORN-PWY: L-ornithine biosynthesis I|g__Blautia.s__Blautia_sp	27.0110248195
GLUTORN-PWY: L-ornithine biosynthesis I|g__Bifidobacterium.s__Bifidobacterium_adolescentis	25.7898150144
GLUTORN-PWY: L-ornithine biosynthesis I|g__Roseburia.s__Roseburia_hominis	24.3339652282
GLUTORN-PWY: L-ornithine biosynthesis I|g__Blautia.s__Ruminococcus_torques	21.9922014404
GLUTORN-PWY: L-ornithine biosynthesis I|g__Lachnospira.s__Lachnospira_pectinoschiza	20.8131808883
GLUTORN-PWY: L-ornithine biosynthesis I|g__Catenibacterium.s__Catenibacterium_mitsuokai	20.7019209861
GLUTORN-PWY: L-ornithine biosynthesis I|g__Mitsuokella.s__Mitsuokella_jalaludinii	16.1499066661
GLUTORN-PWY: L-ornithine biosynthesis I|g__Dorea.s__Dorea_longicatena	15.1019711811
GLUTORN-PWY: L-ornithine biosynthesis I|g__Gemmiger.s__Gemmiger_formicilis	12.4292385665
GLUTORN-PWY: L-ornithine biosynthesis I|g__Clostridium.s__Clostridium_sp_CAG_217	10.0727357550
GLUTORN-PWY: L-ornithine biosynthesis I|g__Ruminococcus.s__Ruminococcus_callidus	7.7273916716
GLUTORN-PWY: L-ornithine biosynthesis I|g__Roseburia.s__Roseburia_sp_CAG_471	4.0016006403
GLUTORN-PWY: L-ornithine biosynthesis I|g__Blautia.s__Blautia_obeum	2.6391285552
GLUTORN-PWY: L-ornithine biosynthesis I|g__Blautia.s__Blautia_sp_CAG_52	2.5610818010
GLUTORN-PWY: L-ornithine biosynthesis I|g__Lachnospiraceae_unclassified.s__Eubacterium_rectale	1.5449980688
PWY-7851: coenzyme A biosynthesis II (eukaryotic)	827.8865176900
PWY-7851: coenzyme A biosynthesis II (eukaryotic)|unclassified	148.0752002179
PWY-7851: coenzyme A biosynthesis II (eukaryotic)|g__Faecalibacterium.s__Faecalibacterium_prausnitzii	74.4800211366
PWY-7851: coenzyme A biosynthesis II (eukaryotic)|g__Succinatimonas.s__Succinatimonas_sp_CAG_777	69.7339473450
PWY-7851: coenzyme A biosynthesis II (eukaryotic)|g__Collinsella.s__Collinsella_aerofaciens	39.5048051901
PWY-7851: coenzyme A biosynthesis II (eukaryotic)|g__Bifidobacterium.s__Bifidobacterium_adolescentis	38.1202422691
PWY-7851: coenzyme A biosynthesis II (eukaryotic)|g__Ruminococcus.s__Ruminococcus_sp_CAG_254	27.0622640576
PWY-7851: coenzyme A biosynthesis II (eukaryotic)|g__Blautia.s__Blautia_obeum	26.0531628673
PWY-7851: coenzyme A biosynthesis II (eukaryotic)|g__Lactobacillus.s__Lactobacillus_ruminis	24.3380435106
PWY-7851: coenzyme A biosynthesis II (eukaryotic)|g__Blautia.s__Ruminococcus_torques	16.2353019658
PWY-7851: coenzyme A biosynthesis II (eukaryotic)|g__Catenibacterium.s__Catenibacterium_mitsuokai	15.2230394848
PWY-7851: coenzyme A biosynthesis II (eukaryotic)|g__Blautia.s__Blautia_wexlerae	14.4890038810
PWY-7851: coenzyme A biosynthesis II (eukaryotic)|g__Prevotella.s__Prevotella_sp_CAG_604	9.1292936209
PWY-7851: coenzyme A biosynthesis II (eukaryotic)|g__Lachnospira.s__Lachnospira_pectinoschiza	8.7939146111
PWY-7851: coenzyme A biosynthesis II (eukaryotic)|g__Alistipes.s__Alistipes_indistinctus	8.6431272406
PWY-7851: coenzyme A biosynthesis II (eukaryotic)|g__Gemmiger.s__Gemmiger_formicilis	6.7681895093
PWY-5667: CDP-diacylglycerol biosynthesis I	826.1004170058
PWY-5667: CDP-diacylglycerol biosynthesis I|unclassified	176.6942410192
PWY-5667: CDP-diacylglycerol biosynthesis I|g__Faecalibacterium.s__Faecalibacterium_prausnitzii	116.3066466457
PWY-5667: CDP-diacylglycerol biosynthesis I|g__Succinatimonas.s__Succinatimonas_sp_CAG_777	59.1955242409
PWY-5667: CDP-diacylglycerol biosynthesis I|g__Dialister.s__Dialister_sp_CAG_486	35.2579299948
PWY-5667: CDP-diacylglycerol biosynthesis I|g__Blautia.s__Blautia_obeum	32.9835566241
PWY-5667: CDP-diacylglycerol biosynthesis I|g__Mitsuokella.s__Mitsuokella_jalaludinii	28.5529466505
PWY-5667: CDP-diacylglycerol biosynthesis I|g__Blautia.s__Blautia_wexlerae	23.4529971346
PWY-5667: CDP-diacylglycerol biosynthesis I|g__Blautia.s__Ruminococcus_torques	22.7392851098
PWY-5667: CDP-diacylglycerol biosynthesis I|g__Blautia.s__Blautia_sp	21.6894031848
PWY-5667: CDP-diacylglycerol biosynthesis I|g__Lachnospira.s__Lachnospira_pectinoschiza	17.5828139265
PWY-5667: CDP-diacylglycerol biosynthesis I|g__Dorea.s__Dorea_longicatena	15.3501758874
PWY-5667: CDP-diacylglycerol biosynthesis I|g__Firmicutes_unclassified.s__Firmicutes_bacterium_CAG_65_45_313	10.1391325162
PWY-5667: CDP-diacylglycerol biosynthesis I|g__Alistipes.s__Alistipes_indistinctus	9.1386794608
PWY-5667: CDP-diacylglycerol biosynthesis I|g__Eubacterium.s__Eubacterium_hallii	8.6265327500
PWY-5667: CDP-diacylglycerol biosynthesis I|g__Clostridiales_unclassified.s__Clostridiales_bacterium_KLE1615	8.0738177624
PWY-5667: CDP-diacylglycerol biosynthesis I|g__Catenibacterium.s__Catenibacterium_mitsuokai	7.9351083164
PWY-5667: CDP-diacylglycerol biosynthesis I|g__Roseburia.s__Roseburia_sp_CAG_471	6.8339570502
PWY-5667: CDP-diacylglycerol biosynthesis I|g__Bacteroides.s__Bacteroides_uniformis	1.6166515106
PWY0-1319: CDP-diacylglycerol biosynthesis II	826.1004170058
PWY0-1319: CDP-diacylglycerol biosynthesis II|unclassified	176.6942410192
PWY0-1319: CDP-diacylglycerol biosynthesis II|g__Faecalibacterium.s__Faecalibacterium_prausnitzii	116.3066466457
PWY0-1319: CDP-diacylglycerol biosynthesis II|g__Succinatimonas.s__Succinatimonas_sp_CAG_777	59.1955242409
PWY0-1319: CDP-diacylglycerol biosynthesis II|g__Dialister.s__Dialister_sp_CAG_486	35.2579299948
PWY0-1319: CDP-diacylglycerol biosynthesis II|g__Blautia.s__Blautia_obeum	32.9835566241
PWY0-1319: CDP-diacylglycerol biosynthesis II|g__Mitsuokella.s__Mitsuokella_jalaludinii	28.5529466505
PWY0-1319: CDP-diacylglycerol biosynthesis II|g__Blautia.s__Blautia_wexlerae	23.4529971346
PWY0-1319: CDP-diacylglycerol biosynthesis II|g__Blautia.s__Ruminococcus_torques	22.7392851098
PWY0-1319: CDP-diacylglycerol biosynthesis II|g__Blautia.s__Blautia_sp	21.6894031848
PWY0-1319: CDP-diacylglycerol biosynthesis II|g__Lachnospira.s__Lachnospira_pectinoschiza	17.5828139265
PWY0-1319: CDP-diacylglycerol biosynthesis II|g__Dorea.s__Dorea_longicatena	15.3501758874
PWY0-1319: CDP-diacylglycerol biosynthesis II|g__Firmicutes_unclassified.s__Firmicutes_bacterium_CAG_65_45_313	10.1391325162
PWY0-1319: CDP-diacylglycerol biosynthesis II|g__Alistipes.s__Alistipes_indistinctus	9.1386794608
PWY0-1319: CDP-diacylglycerol biosynthesis II|g__Eubacterium.s__Eubacterium_hallii	8.6265327500
PWY0-1319: CDP-diacylglycerol biosynthesis II|g__Clostridiales_unclassified.s__Clostridiales_bacterium_KLE1615	8.0738177624
PWY0-1319: CDP-diacylglycerol biosynthesis II|g__Catenibacterium.s__Catenibacterium_mitsuokai	7.9351083164
PWY0-1319: CDP-diacylglycerol biosynthesis II|g__Roseburia.s__Roseburia_sp_CAG_471	6.8339570502
PWY0-1319: CDP-diacylglycerol biosynthesis II|g__Bacteroides.s__Bacteroides_uniformis	1.6166515106
PWY-8178: pentose phosphate pathway (non-oxidative branch) II	812.0053862106
PWY-8178: pentose phosphate pathway (non-oxidative branch) II|unclassified	107.7782903904
PWY-8178: pentose phosphate pathway (non-oxidative branch) II|g__Collinsella.s__Collinsella_aerofaciens	61.3373759027
PWY-8178: pentose phosphate pathway (non-oxidative branch) II|g__Catenibacterium.s__Catenibacterium_mitsuokai	39.1756985587
PWY-8178: pentose phosphate pathway (non-oxidative branch) II|g__Prevotella.s__Prevotella_copri	38.1440446128
PWY-8178: pentose phosphate pathway (non-oxidative branch) II|g__Lactobacillus.s__Lactobacillus_ruminis	33.8574241794
PWY-8178: pentose phosphate pathway (non-oxidative branch) II|g__Blautia.s__Blautia_wexlerae	30.7011652228
PWY-8178: pentose phosphate pathway (non-oxidative branch) II|g__Blautia.s__Blautia_sp	30.3178823016
PWY-8178: pentose phosphate pathway (non-oxidative branch) II|g__Eubacterium.s__Eubacterium_hallii	28.7778638110
PWY-8178: pentose phosphate pathway (non-oxidative branch) II|g__Roseburia.s__Roseburia_hominis	27.3126212264
PWY-8178: pentose phosphate pathway (non-oxidative branch) II|g__Blautia.s__Ruminococcus_torques	25.2204360739
PWY-8178: pentose phosphate pathway (non-oxidative branch) II|g__Mitsuokella.s__Mitsuokella_jalaludinii	22.5010313689
PWY-8178: pentose phosphate pathway (non-oxidative branch) II|g__Lachnospira.s__Lachnospira_pectinoschiza	21.8253802592
PWY-8178: pentose phosphate pathway (non-oxidative branch) II|g__Blautia.s__Blautia_obeum	17.3805569722
PWY-8178: pentose phosphate pathway (non-oxidative branch) II|g__Roseburia.s__Roseburia_faecis	10.2420856611
PWY-8178: pentose phosphate pathway (non-oxidative branch) II|g__Fusicatenibacter.s__Fusicatenibacter_saccharivorans	8.8136788295
PWY-8178: pentose phosphate pathway (non-oxidative branch) II|g__Faecalibacterium.s__Faecalibacterium_prausnitzii	7.5918108442
PWY-8178: pentose phosphate pathway (non-oxidative branch) II|g__Lachnospiraceae_unclassified.s__Eubacterium_rectale	4.8524844720
OANTIGEN-PWY: O-antigen building blocks biosynthesis (E. coli)	801.9638548211
OANTIGEN-PWY: O-antigen building blocks biosynthesis (E. coli)|unclassified	119.5195104331
OANTIGEN-PWY: O-antigen building blocks biosynthesis (E. coli)|g__Succinatimonas.s__Succinatimonas_sp_CAG_777	64.8269358129
OANTIGEN-PWY: O-antigen building blocks biosynthesis (E. coli)|g__Collinsella.s__Collinsella_aerofaciens	63.8492829912
OANTIGEN-PWY: O-antigen building blocks biosynthesis (E. coli)|g__Lactobacillus.s__Lactobacillus_ruminis	43.7137514652
OANTIGEN-PWY: O-antigen building blocks biosynthesis (E. coli)|g__Bifidobacterium.s__Bifidobacterium_adolescentis	25.2768426374
OANTIGEN-PWY: O-antigen building blocks biosynthesis (E. coli)|g__Bifidobacterium.s__Bifidobacterium_pseudocatenulatum	7.2463233374
HISTSYN-PWY: L-histidine biosynthesis	790.3953661239
HISTSYN-PWY: L-histidine biosynthesis|g__Faecalibacterium.s__Faecalibacterium_prausnitzii	101.6729024704
HISTSYN-PWY: L-histidine biosynthesis|unclassified	94.0326317816
HISTSYN-PWY: L-histidine biosynthesis|g__Succinatimonas.s__Succinatimonas_sp_CAG_777	85.2274919875
HISTSYN-PWY: L-histidine biosynthesis|g__Collinsella.s__Collinsella_aerofaciens	42.9305290516
HISTSYN-PWY: L-histidine biosynthesis|g__Dialister.s__Dialister_sp_CAG_486	37.6277017895
HISTSYN-PWY: L-histidine biosynthesis|g__Lactobacillus.s__Lactobacillus_ruminis	37.5275675936
HISTSYN-PWY: L-histidine biosynthesis|g__Bifidobacterium.s__Bifidobacterium_adolescentis	37.1584706887
HISTSYN-PWY: L-histidine biosynthesis|g__Catenibacterium.s__Catenibacterium_mitsuokai	25.3347014340
HISTSYN-PWY: L-histidine biosynthesis|g__Roseburia.s__Roseburia_hominis	21.8269367635
HISTSYN-PWY: L-histidine biosynthesis|g__Blautia.s__Ruminococcus_torques	19.8352595576
HISTSYN-PWY: L-histidine biosynthesis|g__Mitsuokella.s__Mitsuokella_jalaludinii	18.0806215236
HISTSYN-PWY: L-histidine biosynthesis|g__Blautia.s__Blautia_sp	15.1545724412
HISTSYN-PWY: L-histidine biosynthesis|g__Prevotella.s__Prevotella_copri	12.5670750457
HISTSYN-PWY: L-histidine biosynthesis|g__Blautia.s__Blautia_obeum	11.2951879791
HISTSYN-PWY: L-histidine biosynthesis|g__Prevotella.s__Prevotella_sp_CAG_604	11.1757221251
HISTSYN-PWY: L-histidine biosynthesis|g__Bifidobacterium.s__Bifidobacterium_pseudocatenulatum	3.8604373299
PWY-6629: superpathway of L-tryptophan biosynthesis	787.7390440893
PWY-6629: superpathway of L-tryptophan biosynthesis|unclassified	123.7016507667
PWY-6629: superpathway of L-tryptophan biosynthesis|g__Ruminococcus.s__Ruminococcus_sp_CAG_254	29.4952368737
PWY-6629: superpathway of L-tryptophan biosynthesis|g__Blautia.s__Blautia_sp	23.2441614887
PWY-6629: superpathway of L-tryptophan biosynthesis|g__Blautia.s__Blautia_wexlerae	21.0048162541
PWY-6629: superpathway of L-tryptophan biosynthesis|g__Blautia.s__Blautia_obeum	20.7854392433
PWY-6629: superpathway of L-tryptophan biosynthesis|g__Blautia.s__Ruminococcus_torques	18.5806388517
PWY-724: superpathway of L-lysine, L-threonine and L-methionine biosynthesis II	785.5818897759
PWY-724: superpathway of L-lysine, L-threonine and L-methionine biosynthesis II|unclassified	92.0160868894
PWY-724: superpathway of L-lysine, L-threonine and L-methionine biosynthesis II|g__Faecalibacterium.s__Faecalibacterium_prausnitzii	56.9623337905
PWY-724: superpathway of L-lysine, L-threonine and L-methionine biosynthesis II|g__Bifidobacterium.s__Bifidobacterium_adolescentis	46.3661839132
PWY-724: superpathway of L-lysine, L-threonine and L-methionine biosynthesis II|g__Lactobacillus.s__Lactobacillus_ruminis	35.9259682213
PWY-724: superpathway of L-lysine, L-threonine and L-methionine biosynthesis II|g__Blautia.s__Blautia_obeum	31.6974706561
PWY-724: superpathway of L-lysine, L-threonine and L-methionine biosynthesis II|g__Catenibacterium.s__Catenibacterium_mitsuokai	27.1899492659
PWY-724: superpathway of L-lysine, L-threonine and L-methionine biosynthesis II|g__Roseburia.s__Roseburia_hominis	23.1469908361
PWY-724: superpathway of L-lysine, L-threonine and L-methionine biosynthesis II|g__Mitsuokella.s__Mitsuokella_jalaludinii	20.5721637489
PWY-724: superpathway of L-lysine, L-threonine and L-methionine biosynthesis II|g__Lachnospira.s__Lachnospira_pectinoschiza	17.9472238672
PWY-724: superpathway of L-lysine, L-threonine and L-methionine biosynthesis II|g__Dorea.s__Dorea_longicatena	17.6109036216
PWY-724: superpathway of L-lysine, L-threonine and L-methionine biosynthesis II|g__Blautia.s__Ruminococcus_torques	13.3701008403
PWY-724: superpathway of L-lysine, L-threonine and L-methionine biosynthesis II|g__Bifidobacterium.s__Bifidobacterium_pseudocatenulatum	4.1872686950
NONOXIPENT-PWY: pentose phosphate pathway (non-oxidative branch) I	775.8008581809
NONOXIPENT-PWY: pentose phosphate pathway (non-oxidative branch) I|g__Collinsella.s__Collinsella_aerofaciens	95.5709444467
NONOXIPENT-PWY: pentose phosphate pathway (non-oxidative branch) I|unclassified	80.4168154959
NONOXIPENT-PWY: pentose phosphate pathway (non-oxidative branch) I|g__Succinatimonas.s__Succinatimonas_sp_CAG_777	77.8715638971
NONOXIPENT-PWY: pentose phosphate pathway (non-oxidative branch) I|g__Catenibacterium.s__Catenibacterium_mitsuokai	50.2301621835
NONOXIPENT-PWY: pentose phosphate pathway (non-oxidative branch) I|g__Prevotella.s__Prevotella_copri	33.8983050847
NONOXIPENT-PWY: pentose phosphate pathway (non-oxidative branch) I|g__Lactobacillus.s__Lactobacillus_ruminis	33.0244059043
NONOXIPENT-PWY: pentose phosphate pathway (non-oxidative branch) I|g__Roseburia.s__Roseburia_hominis	32.3299718836
NONOXIPENT-PWY: pentose phosphate pathway (non-oxidative branch) I|g__Eubacterium.s__Eubacterium_hallii	29.3560488001
NONOXIPENT-PWY: pentose phosphate pathway (non-oxidative branch) I|g__Mitsuokella.s__Mitsuokella_jalaludinii	27.9597714874
NONOXIPENT-PWY: pentose phosphate pathway (non-oxidative branch) I|g__Blautia.s__Blautia_sp	23.6019847124
NONOXIPENT-PWY: pentose phosphate pathway (non-oxidative branch) I|g__Blautia.s__Ruminococcus_torques	23.0682551376
NONOXIPENT-PWY: pentose phosphate pathway (non-oxidative branch) I|g__Lachnospira.s__Lachnospira_pectinoschiza	21.5037247523
NONOXIPENT-PWY: pentose phosphate pathway (non-oxidative branch) I|g__Blautia.s__Blautia_obeum	15.7556347501
NONOXIPENT-PWY: pentose phosphate pathway (non-oxidative branch) I|g__Roseburia.s__Roseburia_faecis	12.8824476651
NONOXIPENT-PWY: pentose phosphate pathway (non-oxidative branch) I|g__Blautia.s__Blautia_wexlerae	12.0277455140
NONOXIPENT-PWY: pentose phosphate pathway (non-oxidative branch) I|g__Fusicatenibacter.s__Fusicatenibacter_saccharivorans	10.5736188210
NONOXIPENT-PWY: pentose phosphate pathway (non-oxidative branch) I|g__Clostridiales_unclassified.s__Clostridiales_bacterium_KLE1615	9.3945545136
NONOXIPENT-PWY: pentose phosphate pathway (non-oxidative branch) I|g__Faecalibacterium.s__Faecalibacterium_prausnitzii	4.8804785587
NONOXIPENT-PWY: pentose phosphate pathway (non-oxidative branch) I|g__Lachnospiraceae_unclassified.s__Eubacterium_rectale	3.5304501324
PWY0-1296: purine ribonucleosides degradation	772.1459239110
PWY0-1296: purine ribonucleosides degradation|unclassified	249.3734077805
PWY0-1296: purine ribonucleosides degradation|g__Faecalibacterium.s__Faecalibacterium_prausnitzii	138.4968424521
PWY0-1296: purine ribonucleosides degradation|g__Blautia.s__Blautia_obeum	40.5651506637
PWY0-1296: purine ribonucleosides degradation|g__Catenibacterium.s__Catenibacterium_mitsuokai	27.8947953660
PWY0-1296: purine ribonucleosides degradation|g__Mitsuokella.s__Mitsuokella_jalaludinii	26.2139558108
PWY0-1296: purine ribonucleosides degradation|g__Blautia.s__Ruminococcus_torques	23.8314812851
PWY0-1296: purine ribonucleosides degradation|g__Blautia.s__Blautia_sp	22.4448637044
PWY0-1296: purine ribonucleosides degradation|g__Blautia.s__Blautia_wexlerae	20.9470951571
PWY0-1296: purine ribonucleosides degradation|g__Dorea.s__Dorea_longicatena	14.6383770863
PWY0-1296: purine ribonucleosides degradation|g__Clostridium.s__Clostridium_sp_CAG_245	14.4546649146
PWY0-1296: purine ribonucleosides degradation|g__Firmicutes_unclassified.s__Firmicutes_bacterium_CAG_124	14.4251166737
PWY0-1296: purine ribonucleosides degradation|g__Roseburia.s__Roseburia_hominis	14.3835616438
PWY0-1296: purine ribonucleosides degradation|g__Gemmiger.s__Gemmiger_formicilis	13.6476426799
PWY0-1296: purine ribonucleosides degradation|g__Lachnospiraceae_unclassified.s__Eubacterium_rectale	8.3426028921
PWY0-1296: purine ribonucleosides degradation|g__Firmicutes_unclassified.s__Firmicutes_bacterium_CAG_65_45_313	8.2791247782
PWY0-1296: purine ribonucleosides degradation|g__Roseburia.s__Roseburia_faecis	8.1128066448
UDPNAGSYN-PWY: UDP-N-acetyl-D-glucosamine biosynthesis I	766.0730230137
UDPNAGSYN-PWY: UDP-N-acetyl-D-glucosamine biosynthesis I|unclassified	93.0538587167
UDPNAGSYN-PWY: UDP-N-acetyl-D-glucosamine biosynthesis I|g__Collinsella.s__Collinsella_aerofaciens	74.6564450993
UDPNAGSYN-PWY: UDP-N-acetyl-D-glucosamine biosynthesis I|g__Succinatimonas.s__Succinatimonas_sp_CAG_777	73.1013387023
UDPNAGSYN-PWY: UDP-N-acetyl-D-glucosamine biosynthesis I|g__Dialister.s__Dialister_sp_CAG_486	47.6766527281
UDPNAGSYN-PWY: UDP-N-acetyl-D-glucosamine biosynthesis I|g__Bifidobacterium.s__Bifidobacterium_adolescentis	40.6784251462
UDPNAGSYN-PWY: UDP-N-acetyl-D-glucosamine biosynthesis I|g__Lactobacillus.s__Lactobacillus_ruminis	36.4336647062
UDPNAGSYN-PWY: UDP-N-acetyl-D-glucosamine biosynthesis I|g__Ruminococcus.s__Ruminococcus_sp_CAG_254	26.9139487656
UDPNAGSYN-PWY: UDP-N-acetyl-D-glucosamine biosynthesis I|g__Roseburia.s__Roseburia_hominis	25.7749317645
UDPNAGSYN-PWY: UDP-N-acetyl-D-glucosamine biosynthesis I|g__Catenibacterium.s__Catenibacterium_mitsuokai	25.1361907765
UDPNAGSYN-PWY: UDP-N-acetyl-D-glucosamine biosynthesis I|g__Mitsuokella.s__Mitsuokella_jalaludinii	20.4883687151
UDPNAGSYN-PWY: UDP-N-acetyl-D-glucosamine biosynthesis I|g__Firmicutes_unclassified.s__Firmicutes_bacterium_CAG_124	18.3034087127
UDPNAGSYN-PWY: UDP-N-acetyl-D-glucosamine biosynthesis I|g__Clostridium.s__Clostridium_sp_CAG_217	14.2685536931
UDPNAGSYN-PWY: UDP-N-acetyl-D-glucosamine biosynthesis I|g__Eubacterium.s__Eubacterium_sp_CAG_180	11.1940298507
UDPNAGSYN-PWY: UDP-N-acetyl-D-glucosamine biosynthesis I|g__Firmicutes_unclassified.s__Firmicutes_bacterium_CAG_129	8.3700739048
UDPNAGSYN-PWY: UDP-N-acetyl-D-glucosamine biosynthesis I|g__Bifidobacterium.s__Bifidobacterium_pseudocatenulatum	8.1072832017
UDPNAGSYN-PWY: UDP-N-acetyl-D-glucosamine biosynthesis I|g__Bifidobacterium.s__Bifidobacterium_longum	3.6789438278
UDPNAGSYN-PWY: UDP-N-acetyl-D-glucosamine biosynthesis I|g__Bifidobacterium.s__Bifidobacterium_catenulatum	2.0220402386
PWY-6123: inosine-5'-phosphate biosynthesis I	745.8786674997
PWY-6123: inosine-5'-phosphate biosynthesis I|unclassified	107.2866977466
PWY-6123: inosine-5'-phosphate biosynthesis I|g__Faecalibacterium.s__Faecalibacterium_prausnitzii	89.4628239626
PWY-6123: inosine-5'-phosphate biosynthesis I|g__Succinatimonas.s__Succinatimonas_sp_CAG_777	72.8513778417
PWY-6123: inosine-5'-phosphate biosynthesis I|g__Collinsella.s__Collinsella_aerofaciens	42.0629348302
PWY-6123: inosine-5'-phosphate biosynthesis I|g__Dialister.s__Dialister_sp_CAG_486	40.1965718936
PWY-6123: inosine-5'-phosphate biosynthesis I|g__Blautia.s__Blautia_wexlerae	36.6624972287
PWY-6123: inosine-5'-phosphate biosynthesis I|g__Bifidobacterium.s__Bifidobacterium_adolescentis	25.6526150607
PWY-6123: inosine-5'-phosphate biosynthesis I|g__Lactobacillus.s__Lactobacillus_ruminis	25.3302138693
PWY-6123: inosine-5'-phosphate biosynthesis I|g__Blautia.s__Ruminococcus_torques	23.5081142981
PWY-6123: inosine-5'-phosphate biosynthesis I|g__Bacteroides.s__Bacteroides_sp_CAG_770	23.1344329984
PWY-6123: inosine-5'-phosphate biosynthesis I|g__Holdemanella.s__Holdemanella_biformis	15.5491755380
PWY-6123: inosine-5'-phosphate biosynthesis I|g__Eubacterium.s__Eubacterium_hallii	14.4382431449
PWY-6123: inosine-5'-phosphate biosynthesis I|g__Catenibacterium.s__Catenibacterium_mitsuokai	13.7442386685
PWY-6123: inosine-5'-phosphate biosynthesis I|g__Blautia.s__Blautia_sp	13.2999682713
PWY-6123: inosine-5'-phosphate biosynthesis I|g__Alistipes.s__Alistipes_indistinctus	8.1989614649
PWY-6123: inosine-5'-phosphate biosynthesis I|g__Ruminococcus.s__Ruminococcus_lactaris	6.1093130659
PWY-6123: inosine-5'-phosphate biosynthesis I|g__Roseburia.s__Roseburia_hominis	5.6746524217
PWY-6123: inosine-5'-phosphate biosynthesis I|g__Blautia.s__Blautia_obeum	3.9776223254
PWY-6123: inosine-5'-phosphate biosynthesis I|g__Bifidobacterium.s__Bifidobacterium_catenulatum	3.0800821355
PWY-6123: inosine-5'-phosphate biosynthesis I|g__Bifidobacterium.s__Bifidobacterium_pseudocatenulatum	2.8295213393
PWY-7111: pyruvate fermentation to isobutanol (engineered)	739.3023447507
PWY-7111: pyruvate fermentation to isobutanol (engineered)|unclassified	63.1282381739
PWY-7111: pyruvate fermentation to isobutanol (engineered)|g__Faecalibacterium.s__Faecalibacterium_prausnitzii	41.8387361437
PWY-7111: pyruvate fermentation to isobutanol (engineered)|g__Bifidobacterium.s__Bifidobacterium_adolescentis	37.8787664763
PWY-7111: pyruvate fermentation to isobutanol (engineered)|g__Prevotella.s__Prevotella_copri	36.8282575047
PWY-7111: pyruvate fermentation to isobutanol (engineered)|g__Roseburia.s__Roseburia_hominis	27.2046238701
PWY-7111: pyruvate fermentation to isobutanol (engineered)|g__Blautia.s__Blautia_wexlerae	25.4847058885
PWY-7111: pyruvate fermentation to isobutanol (engineered)|g__Catenibacterium.s__Catenibacterium_mitsuokai	24.9352978677
PWY-7111: pyruvate fermentation to isobutanol (engineered)|g__Mitsuokella.s__Mitsuokella_jalaludinii	24.3283743631
PWY-7111: pyruvate fermentation to isobutanol (engineered)|g__Dorea.s__Dorea_longicatena	23.8164009858
PWY-7111: pyruvate fermentation to isobutanol (engineered)|g__Blautia.s__Ruminococcus_torques	17.9840675709
PWY-7111: pyruvate fermentation to isobutanol (engineered)|g__Eubacterium.s__Eubacterium_hallii	14.4815803362
PWY-7111: pyruvate fermentation to isobutanol (engineered)|g__Blautia.s__Blautia_obeum	12.7755957281
PWY-7111: pyruvate fermentation to isobutanol (engineered)|g__Dorea.s__Dorea_formicigenerans	9.5424750244
PWY-7111: pyruvate fermentation to isobutanol (engineered)|g__Ruminococcus.s__Ruminococcus_lactaris	7.7351945029
PWY-7111: pyruvate fermentation to isobutanol (engineered)|g__Bifidobacterium.s__Bifidobacterium_pseudocatenulatum	7.1812765015
PWY-7111: pyruvate fermentation to isobutanol (engineered)|g__Roseburia.s__Roseburia_faecis	6.5880449519
PWY-7111: pyruvate fermentation to isobutanol (engineered)|g__Roseburia.s__Roseburia_inulinivorans	2.2563176895
PWY-7111: pyruvate fermentation to isobutanol (engineered)|g__Roseburia.s__Roseburia_intestinalis	2.0794343938
1CMET2-PWY: folate transformations III (E. coli)	735.8642618895
1CMET2-PWY: folate transformations III (E. coli)|unclassified	62.8926996102
1CMET2-PWY: folate transformations III (E. coli)|g__Catenibacterium.s__Catenibacterium_mitsuokai	12.9308105397
1CMET2-PWY: folate transformations III (E. coli)|g__Blautia.s__Blautia_wexlerae	12.3871741558
1CMET2-PWY: folate transformations III (E. coli)|g__Eubacterium.s__Eubacterium_hallii	11.2529451067
1CMET2-PWY: folate transformations III (E. coli)|g__Blautia.s__Blautia_obeum	4.1538265548
THRESYN-PWY: superpathway of L-threonine biosynthesis	732.2950294615
THRESYN-PWY: superpathway of L-threonine biosynthesis|unclassified	91.5756037879
THRESYN-PWY: superpathway of L-threonine biosynthesis|g__Collinsella.s__Collinsella_aerofaciens	61.0439375071
THRESYN-PWY: superpathway of L-threonine biosynthesis|g__Faecalibacterium.s__Faecalibacterium_prausnitzii	51.7272303397
THRESYN-PWY: superpathway of L-threonine biosynthesis|g__Bifidobacterium.s__Bifidobacterium_adolescentis	47.3982834630
THRESYN-PWY: superpathway of L-threonine biosynthesis|g__Lactobacillus.s__Lactobacillus_ruminis	45.3045467633
THRESYN-PWY: superpathway of L-threonine biosynthesis|g__Catenibacterium.s__Catenibacterium_mitsuokai	24.0791383587
THRESYN-PWY: superpathway of L-threonine biosynthesis|g__Blautia.s__Blautia_obeum	23.3646529488
THRESYN-PWY: superpathway of L-threonine biosynthesis|g__Mitsuokella.s__Mitsuokella_jalaludinii	22.5056114673
THRESYN-PWY: superpathway of L-threonine biosynthesis|g__Roseburia.s__Roseburia_hominis	19.3927829053
THRESYN-PWY: superpathway of L-threonine biosynthesis|g__Blautia.s__Ruminococcus_torques	14.5782164783
THRESYN-PWY: superpathway of L-threonine biosynthesis|g__Bifidobacterium.s__Bifidobacterium_pseudocatenulatum	3.2990749726
PWY-7199: pyrimidine deoxyribonucleosides salvage	731.7655828516
PWY-7199: pyrimidine deoxyribonucleosides salvage|unclassified	182.6449800711
PWY-7199: pyrimidine deoxyribonucleosides salvage|g__Bacteroides.s__Bacteroides_sp_CAG_770	39.4667293123
PWY-7199: pyrimidine deoxyribonucleosides salvage|g__Blautia.s__Blautia_sp	28.6209887251
PWY-7199: pyrimidine deoxyribonucleosides salvage|g__Roseburia.s__Roseburia_hominis	26.3429081442
PWY-7199: pyrimidine deoxyribonucleosides salvage|g__Catenibacterium.s__Catenibacterium_mitsuokai	17.2245550803
PWY-7199: pyrimidine deoxyribonucleosides salvage|g__Blautia.s__Ruminococcus_torques	13.0278153868
PWY-7199: pyrimidine deoxyribonucleosides salvage|g__Firmicutes_unclassified.s__Firmicutes_bacterium_CAG_83	11.8628835537
PWY-7199: pyrimidine deoxyribonucleosides salvage|g__Firmicutes_unclassified.s__Firmicutes_bacterium_CAG_129	8.6268871316
PWY-7199: pyrimidine deoxyribonucleosides salvage|g__Blautia.s__Blautia_sp_CAG_52	7.2341451652
PWY-7977: L-methionine biosynthesis IV	730.4466638893
PWY-7977: L-methionine biosynthesis IV|g__Collinsella.s__Collinsella_aerofaciens	62.0902483874
PWY-7977: L-methionine biosynthesis IV|unclassified	43.6835165592
PWY-7977: L-methionine biosynthesis IV|g__Blautia.s__Ruminococcus_torques	29.2958986014
PWY-7977: L-methionine biosynthesis IV|g__Dorea.s__Dorea_longicatena	25.8488956156
PWY-7977: L-methionine biosynthesis IV|g__Prevotella.s__Prevotella_copri	24.4214330220
PWY-7977: L-methionine biosynthesis IV|g__Catenibacterium.s__Catenibacterium_mitsuokai	23.9575772526
PWY-7977: L-methionine biosynthesis IV|g__Mitsuokella.s__Mitsuokella_jalaludinii	21.1887512659
PWY-7977: L-methionine biosynthesis IV|g__Roseburia.s__Roseburia_hominis	20.0381986200
PWY-7977: L-methionine biosynthesis IV|g__Faecalibacterium.s__Faecalibacterium_prausnitzii	19.0632351543
PWY-7977: L-methionine biosynthesis IV|g__Alistipes.s__Alistipes_indistinctus	15.0622851763
PWY-7977: L-methionine biosynthesis IV|g__Prevotella.s__Prevotella_sp_CAG_604	13.9625240900
PWY-7977: L-methionine biosynthesis IV|g__Lachnospira.s__Lachnospira_pectinoschiza	12.3368671328
PWY-7977: L-methionine biosynthesis IV|g__Roseburia.s__Roseburia_sp_CAG_471	5.7514608588
PWY-3001: superpathway of L-isoleucine biosynthesis I	730.2502911478
PWY-3001: superpathway of L-isoleucine biosynthesis I|unclassified	88.2971949346
PWY-3001: superpathway of L-isoleucine biosynthesis I|g__Blautia.s__Ruminococcus_torques	14.4871311628
PWY-3001: superpathway of L-isoleucine biosynthesis I|g__Catenibacterium.s__Catenibacterium_mitsuokai	7.2291896342
PWY-2942: L-lysine biosynthesis III	724.3780342351
PWY-2942: L-lysine biosynthesis III|unclassified	57.0511216404
PWY-2942: L-lysine biosynthesis III|g__Mitsuokella.s__Mitsuokella_jalaludinii	20.4840208611
PWY-2942: L-lysine biosynthesis III|g__Blautia.s__Ruminococcus_torques	20.1779667714
PWY-2942: L-lysine biosynthesis III|g__Dorea.s__Dorea_longicatena	18.6081666194
PWY-2942: L-lysine biosynthesis III|g__Lachnospira.s__Lachnospira_pectinoschiza	15.2500145988
PWY-6317: D-galactose degradation I (Leloir pathway)	699.2975833284
PWY-6317: D-galactose degradation I (Leloir pathway)|g__Faecalibacterium.s__Faecalibacterium_prausnitzii	82.7301164817
PWY-6317: D-galactose degradation I (Leloir pathway)|unclassified	61.0175295773
PWY-6317: D-galactose degradation I (Leloir pathway)|g__Catenibacterium.s__Catenibacterium_mitsuokai	46.7929116842
PWY-6317: D-galactose degradation I (Leloir pathway)|g__Collinsella.s__Collinsella_aerofaciens	45.6753225014
PWY-6317: D-galactose degradation I (Leloir pathway)|g__Lactobacillus.s__Lactobacillus_ruminis	35.6589586970
PWY-6317: D-galactose degradation I (Leloir pathway)|g__Roseburia.s__Roseburia_hominis	35.0606793002
PWY-6317: D-galactose degradation I (Leloir pathway)|g__Blautia.s__Blautia_wexlerae	34.8395295180
PWY-6317: D-galactose degradation I (Leloir pathway)|g__Mitsuokella.s__Mitsuokella_jalaludinii	29.9108986862
PWY-6317: D-galactose degradation I (Leloir pathway)|g__Blautia.s__Blautia_obeum	27.1008431390
PWY-6317: D-galactose degradation I (Leloir pathway)|g__Blautia.s__Ruminococcus_torques	24.4799924040
PWY-6317: D-galactose degradation I (Leloir pathway)|g__Blautia.s__Blautia_sp	17.1617550398
PWY-6317: D-galactose degradation I (Leloir pathway)|g__Dorea.s__Dorea_longicatena	17.1466720855
PWY-6317: D-galactose degradation I (Leloir pathway)|g__Lachnospira.s__Lachnospira_pectinoschiza	14.7529770290
PWY-6317: D-galactose degradation I (Leloir pathway)|g__Holdemanella.s__Holdemanella_biformis	10.8503236602
PWY-6317: D-galactose degradation I (Leloir pathway)|g__Eubacterium.s__Eubacterium_hallii	9.8434384149
PWY-6317: D-galactose degradation I (Leloir pathway)|g__Dorea.s__Dorea_formicigenerans	8.5406489599
PWY-6124: inosine-5'-phosphate biosynthesis II	694.2069962541
PWY-6124: inosine-5'-phosphate biosynthesis II|unclassified	98.2145592863
PWY-6124: inosine-5'-phosphate biosynthesis II|g__Faecalibacterium.s__Faecalibacterium_prausnitzii	86.8349866157
PWY-6124: inosine-5'-phosphate biosynthesis II|g__Succinatimonas.s__Succinatimonas_sp_CAG_777	70.3141344970
PWY-6124: inosine-5'-phosphate biosynthesis II|g__Dialister.s__Dialister_sp_CAG_486	40.0519429473
PWY-6124: inosine-5'-phosphate biosynthesis II|g__Blautia.s__Blautia_wexlerae	38.3355575024
PWY-6124: inosine-5'-phosphate biosynthesis II|g__Collinsella.s__Collinsella_aerofaciens	37.4872468732
PWY-6124: inosine-5'-phosphate biosynthesis II|g__Lactobacillus.s__Lactobacillus_ruminis	23.1820870650
PWY-6124: inosine-5'-phosphate biosynthesis II|g__Bacteroides.s__Bacteroides_sp_CAG_770	22.2410895735
PWY-6124: inosine-5'-phosphate biosynthesis II|g__Blautia.s__Ruminococcus_torques	22.2157532311
PWY-6124: inosine-5'-phosphate biosynthesis II|g__Bifidobacterium.s__Bifidobacterium_adolescentis	20.8586999575
PWY-6124: inosine-5'-phosphate biosynthesis II|g__Blautia.s__Blautia_sp	18.3399488373
PWY-6124: inosine-5'-phosphate biosynthesis II|g__Catenibacterium.s__Catenibacterium_mitsuokai	17.4960217643
PWY-6124: inosine-5'-phosphate biosynthesis II|g__Holdemanella.s__Holdemanella_biformis	14.3593208886
PWY-6124: inosine-5'-phosphate biosynthesis II|g__Eubacterium.s__Eubacterium_hallii	13.7473718260
PWY-6124: inosine-5'-phosphate biosynthesis II|g__Alistipes.s__Alistipes_indistinctus	7.4482347684
PWY-6124: inosine-5'-phosphate biosynthesis II|g__Ruminococcus.s__Ruminococcus_lactaris	6.2452602935
PWY-6124: inosine-5'-phosphate biosynthesis II|g__Roseburia.s__Roseburia_hominis	4.8855153672
PWY-6124: inosine-5'-phosphate biosynthesis II|g__Clostridiales_unclassified.s__Clostridiales_bacterium_KLE1615	4.7357026881
PWY-6124: inosine-5'-phosphate biosynthesis II|g__Blautia.s__Blautia_obeum	3.4259984338
PWY-6124: inosine-5'-phosphate biosynthesis II|g__Bifidobacterium.s__Bifidobacterium_catenulatum	2.8534741047
PWY-6527: stachyose degradation	694.1965192800
PWY-6527: stachyose degradation|unclassified	70.7773270957
PWY-6527: stachyose degradation|g__Blautia.s__Blautia_obeum	46.3708277522
PWY-6527: stachyose degradation|g__Lactobacillus.s__Lactobacillus_ruminis	34.4320922625
PWY-6527: stachyose degradation|g__Blautia.s__Blautia_wexlerae	34.2839622760
PWY-6527: stachyose degradation|g__Faecalibacterium.s__Faecalibacterium_prausnitzii	31.1403233760
PWY-6527: stachyose degradation|g__Mitsuokella.s__Mitsuokella_jalaludinii	29.8044486512
PWY-6527: stachyose degradation|g__Blautia.s__Ruminococcus_torques	29.4494189287
PWY-6527: stachyose degradation|g__Dorea.s__Dorea_longicatena	26.5409542736
PWY-6527: stachyose degradation|g__Catenibacterium.s__Catenibacterium_mitsuokai	13.5130816772
PWY-6527: stachyose degradation|g__Clostridiales_unclassified.s__Clostridiales_bacterium_KLE1615	10.4201118707
PWY-6527: stachyose degradation|g__Firmicutes_unclassified.s__Firmicutes_bacterium_CAG_65_45_313	7.7206784264
PWY66-429: fatty acid biosynthesis initiation (mitochondria)	687.3714186065
PWY66-429: fatty acid biosynthesis initiation (mitochondria)|g__Succinatimonas.s__Succinatimonas_sp_CAG_777	63.7490055332
PWY66-429: fatty acid biosynthesis initiation (mitochondria)|unclassified	61.0664259572
PWY66-429: fatty acid biosynthesis initiation (mitochondria)|g__Lactobacillus.s__Lactobacillus_ruminis	33.7697038279
PWY66-429: fatty acid biosynthesis initiation (mitochondria)|g__Ruminococcus.s__Ruminococcus_sp_CAG_254	31.8279466852
PWY66-429: fatty acid biosynthesis initiation (mitochondria)|g__Blautia.s__Blautia_sp	25.1119475432
PWY66-429: fatty acid biosynthesis initiation (mitochondria)|g__Blautia.s__Ruminococcus_torques	22.5510984184
PWY66-429: fatty acid biosynthesis initiation (mitochondria)|g__Blautia.s__Blautia_obeum	21.4817458722
PWY66-429: fatty acid biosynthesis initiation (mitochondria)|g__Catenibacterium.s__Catenibacterium_mitsuokai	20.6131418064
PWY66-429: fatty acid biosynthesis initiation (mitochondria)|g__Roseburia.s__Roseburia_hominis	20.1264023480
PWY66-429: fatty acid biosynthesis initiation (mitochondria)|g__Blautia.s__Blautia_wexlerae	19.7134299342
PWY66-429: fatty acid biosynthesis initiation (mitochondria)|g__Dorea.s__Dorea_longicatena	18.5861267839
PWY66-429: fatty acid biosynthesis initiation (mitochondria)|g__Mitsuokella.s__Mitsuokella_jalaludinii	18.3210529174
PWY66-429: fatty acid biosynthesis initiation (mitochondria)|g__Lachnospira.s__Lachnospira_pectinoschiza	15.2033447358
PWY66-429: fatty acid biosynthesis initiation (mitochondria)|g__Clostridium.s__Clostridium_sp_CAG_245	13.3851210039
PWY66-429: fatty acid biosynthesis initiation (mitochondria)|g__Roseburia.s__Roseburia_sp_CAG_471	7.9230503744
PWY66-429: fatty acid biosynthesis initiation (mitochondria)|g__Ruminococcus.s__Ruminococcus_callidus	7.8385263570
PWY66-429: fatty acid biosynthesis initiation (mitochondria)|g__Faecalibacterium.s__Faecalibacterium_prausnitzii	6.2291831820
PWY66-429: fatty acid biosynthesis initiation (mitochondria)|g__Eggerthella.s__Eggerthella_sp_CAG_209	4.7968820267
PWY66-429: fatty acid biosynthesis initiation (mitochondria)|g__Bacteroides.s__Bacteroides_ovatus	1.1333050007
PWY-7357: thiamine phosphate formation from pyrithiamine and oxythiamine (yeast)	654.7700625017
PWY-7357: thiamine phosphate formation from pyrithiamine and oxythiamine (yeast)|g__Faecalibacterium.s__Faecalibacterium_prausnitzii	131.2052497603
PWY-7357: thiamine phosphate formation from pyrithiamine and oxythiamine (yeast)|unclassified	70.1706290852
PWY-7357: thiamine phosphate formation from pyrithiamine and oxythiamine (yeast)|g__Collinsella.s__Collinsella_aerofaciens	49.2942911312
PWY-7357: thiamine phosphate formation from pyrithiamine and oxythiamine (yeast)|g__Blautia.s__Blautia_obeum	44.3576557615
PWY-7357: thiamine phosphate formation from pyrithiamine and oxythiamine (yeast)|g__Bifidobacterium.s__Bifidobacterium_adolescentis	36.5377659796
PWY-7357: thiamine phosphate formation from pyrithiamine and oxythiamine (yeast)|g__Blautia.s__Ruminococcus_torques	30.1858859386
PWY-7357: thiamine phosphate formation from pyrithiamine and oxythiamine (yeast)|g__Dorea.s__Dorea_longicatena	26.5349930220
PWY-7357: thiamine phosphate formation from pyrithiamine and oxythiamine (yeast)|g__Prevotella.s__Prevotella_copri	26.5251989390
PWY-7357: thiamine phosphate formation from pyrithiamine and oxythiamine (yeast)|g__Mitsuokella.s__Mitsuokella_jalaludinii	20.1598196227
PWY-7357: thiamine phosphate formation from pyrithiamine and oxythiamine (yeast)|g__Lachnospira.s__Lachnospira_pectinoschiza	15.8285243199
PWY-7357: thiamine phosphate formation from pyrithiamine and oxythiamine (yeast)|g__Blautia.s__Blautia_wexlerae	12.1765915453
PWY-7357: thiamine phosphate formation from pyrithiamine and oxythiamine (yeast)|g__Roseburia.s__Roseburia_faecis	9.3998462760
PWY-7357: thiamine phosphate formation from pyrithiamine and oxythiamine (yeast)|g__Dorea.s__Dorea_formicigenerans	7.8234143616
PWY-7357: thiamine phosphate formation from pyrithiamine and oxythiamine (yeast)|g__Lachnospiraceae_unclassified.s__Eubacterium_rectale	6.8351031368
PWY-7357: thiamine phosphate formation from pyrithiamine and oxythiamine (yeast)|g__Roseburia.s__Roseburia_hominis	5.1156308984
PWY-6936: seleno-amino acid biosynthesis (plants)	642.5396550218
PWY-6936: seleno-amino acid biosynthesis (plants)|unclassified	80.3025830713
PWY-6936: seleno-amino acid biosynthesis (plants)|g__Lactobacillus.s__Lactobacillus_ruminis	48.2409330517
PWY-6936: seleno-amino acid biosynthesis (plants)|g__Catenibacterium.s__Catenibacterium_mitsuokai	28.8676132920
PWY-6936: seleno-amino acid biosynthesis (plants)|g__Ruminococcus.s__Ruminococcus_sp_CAG_254	25.5079637016
PWY-6936: seleno-amino acid biosynthesis (plants)|g__Mitsuokella.s__Mitsuokella_jalaludinii	22.5542293817
PWY-6936: seleno-amino acid biosynthesis (plants)|g__Lachnospira.s__Lachnospira_pectinoschiza	14.1881383525
PWY-6936: seleno-amino acid biosynthesis (plants)|g__Roseburia.s__Roseburia_faecis	9.8517232027
PWY-6936: seleno-amino acid biosynthesis (plants)|g__Roseburia.s__Roseburia_hominis	9.1893665901
PWY-6936: seleno-amino acid biosynthesis (plants)|g__Ruminococcus.s__Ruminococcus_callidus	9.0330770026
PWY-6936: seleno-amino acid biosynthesis (plants)|g__Blautia.s__Ruminococcus_torques	8.0060955819
PWY-6936: seleno-amino acid biosynthesis (plants)|g__Ruminococcus.s__Ruminococcus_lactaris	7.3193046661
PWY0-1586: peptidoglycan maturation (meso-diaminopimelate containing)	637.0565052140
PWY0-1586: peptidoglycan maturation (meso-diaminopimelate containing)|g__Succinatimonas.s__Succinatimonas_sp_CAG_777	76.6753779570
PWY0-1586: peptidoglycan maturation (meso-diaminopimelate containing)|unclassified	60.1047017580
PWY0-1586: peptidoglycan maturation (meso-diaminopimelate containing)|g__Lactobacillus.s__Lactobacillus_ruminis	51.3928357598
PWY0-1586: peptidoglycan maturation (meso-diaminopimelate containing)|g__Collinsella.s__Collinsella_aerofaciens	33.7102473498
PWY0-1586: peptidoglycan maturation (meso-diaminopimelate containing)|g__Prevotella.s__Prevotella_copri	32.9082682024
PWY0-1586: peptidoglycan maturation (meso-diaminopimelate containing)|g__Mitsuokella.s__Mitsuokella_jalaludinii	30.2453746228
PWY0-1586: peptidoglycan maturation (meso-diaminopimelate containing)|g__Lachnospira.s__Lachnospira_pectinoschiza	29.1799122160
PWY0-1586: peptidoglycan maturation (meso-diaminopimelate containing)|g__Blautia.s__Ruminococcus_torques	21.3979745319
PWY0-1586: peptidoglycan maturation (meso-diaminopimelate containing)|g__Eubacterium.s__Eubacterium_hallii	10.8291991495
PWY0-1586: peptidoglycan maturation (meso-diaminopimelate containing)|g__Bifidobacterium.s__Bifidobacterium_pseudocatenulatum	5.7403925629
PWY0-1586: peptidoglycan maturation (meso-diaminopimelate containing)|g__Catenibacterium.s__Catenibacterium_mitsuokai	4.3431053203
PWY-6270: isoprene biosynthesis I	624.9336083476
PWY-6270: isoprene biosynthesis I|g__Collinsella.s__Collinsella_aerofaciens	28.1471706217
PWY-6270: isoprene biosynthesis I|unclassified	23.7618006228
PWY-6270: isoprene biosynthesis I|g__Dorea.s__Dorea_longicatena	19.1966790013
PWY-6270: isoprene biosynthesis I|g__Blautia.s__Blautia_obeum	17.6177125576
PWY-6270: isoprene biosynthesis I|g__Blautia.s__Ruminococcus_torques	16.8945052910
PWY-6270: isoprene biosynthesis I|g__Blautia.s__Blautia_wexlerae	15.3253160868
PWY-6270: isoprene biosynthesis I|g__Eubacterium.s__Eubacterium_hallii	12.1520659205
PWY-7560: methylerythritol phosphate pathway II	617.9233848344
PWY-7560: methylerythritol phosphate pathway II|g__Collinsella.s__Collinsella_aerofaciens	27.2607728688
PWY-7560: methylerythritol phosphate pathway II|g__Blautia.s__Blautia_obeum	24.9634561201
PWY-7560: methylerythritol phosphate pathway II|g__Blautia.s__Ruminococcus_torques	23.1438619526
PWY-7560: methylerythritol phosphate pathway II|unclassified	21.1792576668
PWY-7560: methylerythritol phosphate pathway II|g__Dorea.s__Dorea_longicatena	19.2788768823
PWY-7560: methylerythritol phosphate pathway II|g__Blautia.s__Blautia_wexlerae	14.1068716365
PWY-7560: methylerythritol phosphate pathway II|g__Prevotella.s__Prevotella_copri	13.7089243797
PWY-7560: methylerythritol phosphate pathway II|g__Eubacterium.s__Eubacterium_hallii	12.8866151121
HSERMETANA-PWY: L-methionine biosynthesis III	616.4662994741
HSERMETANA-PWY: L-methionine biosynthesis III|unclassified	117.4909398173
HSERMETANA-PWY: L-methionine biosynthesis III|g__Lactobacillus.s__Lactobacillus_ruminis	41.8520417889
HSERMETANA-PWY: L-methionine biosynthesis III|g__Bifidobacterium.s__Bifidobacterium_adolescentis	36.7730868652
HSERMETANA-PWY: L-methionine biosynthesis III|g__Blautia.s__Blautia_wexlerae	30.9919913822
HSERMETANA-PWY: L-methionine biosynthesis III|g__Dorea.s__Dorea_longicatena	25.8639955356
HSERMETANA-PWY: L-methionine biosynthesis III|g__Mitsuokella.s__Mitsuokella_jalaludinii	25.0370393859
HSERMETANA-PWY: L-methionine biosynthesis III|g__Blautia.s__Blautia_sp	19.9825958037
HSERMETANA-PWY: L-methionine biosynthesis III|g__Catenibacterium.s__Catenibacterium_mitsuokai	17.6319354773
HSERMETANA-PWY: L-methionine biosynthesis III|g__Blautia.s__Ruminococcus_torques	16.2072674301
HSERMETANA-PWY: L-methionine biosynthesis III|g__Lachnospira.s__Lachnospira_pectinoschiza	14.3875022690
HSERMETANA-PWY: L-methionine biosynthesis III|g__Roseburia.s__Roseburia_hominis	12.1308016878
HSERMETANA-PWY: L-methionine biosynthesis III|g__Roseburia.s__Roseburia_faecis	9.3523497779
HSERMETANA-PWY: L-methionine biosynthesis III|g__Blautia.s__Blautia_obeum	6.4604713643
HSERMETANA-PWY: L-methionine biosynthesis III|g__Ruminococcus.s__Ruminococcus_lactaris	2.5906290862
PWY-5695: inosine 5'-phosphate degradation	591.8679977839
PWY-5695: inosine 5'-phosphate degradation|unclassified	106.9356460542
PWY-5695: inosine 5'-phosphate degradation|g__Faecalibacterium.s__Faecalibacterium_prausnitzii	27.9845178468
PWY-5695: inosine 5'-phosphate degradation|g__Blautia.s__Ruminococcus_torques	27.2942870672
PWY-5695: inosine 5'-phosphate degradation|g__Blautia.s__Blautia_wexlerae	23.8238150620
PWY-5695: inosine 5'-phosphate degradation|g__Mitsuokella.s__Mitsuokella_jalaludinii	19.6846144594
PWY-5695: inosine 5'-phosphate degradation|g__Bacteroides.s__Bacteroides_sp_CAG_770	19.6720974349
PWY-5695: inosine 5'-phosphate degradation|g__Catenibacterium.s__Catenibacterium_mitsuokai	14.9508517486
PWY-5695: inosine 5'-phosphate degradation|g__Dorea.s__Dorea_longicatena	11.8888393521
PWY-5695: inosine 5'-phosphate degradation|g__Alistipes.s__Alistipes_indistinctus	11.2145789526
PWY-5695: inosine 5'-phosphate degradation|g__Roseburia.s__Roseburia_faecis	6.6229081663
PWY-5695: inosine 5'-phosphate degradation|g__Blautia.s__Blautia_obeum	6.3829355841
PWY-5695: inosine 5'-phosphate degradation|g__Lachnospira.s__Lachnospira_pectinoschiza	2.7860774243
SER-GLYSYN-PWY: superpathway of L-serine and glycine biosynthesis I	581.9921541548
SER-GLYSYN-PWY: superpathway of L-serine and glycine biosynthesis I|g__Collinsella.s__Collinsella_aerofaciens	66.0029788568
SER-GLYSYN-PWY: superpathway of L-serine and glycine biosynthesis I|unclassified	39.9071325745
SER-GLYSYN-PWY: superpathway of L-serine and glycine biosynthesis I|g__Bifidobacterium.s__Bifidobacterium_adolescentis	38.3392000233
SER-GLYSYN-PWY: superpathway of L-serine and glycine biosynthesis I|g__Dialister.s__Dialister_sp_CAG_486	33.3919068767
SER-GLYSYN-PWY: superpathway of L-serine and glycine biosynthesis I|g__Mitsuokella.s__Mitsuokella_jalaludinii	27.3677596401
SER-GLYSYN-PWY: superpathway of L-serine and glycine biosynthesis I|g__Blautia.s__Blautia_wexlerae	21.0460591120
SER-GLYSYN-PWY: superpathway of L-serine and glycine biosynthesis I|g__Blautia.s__Ruminococcus_torques	20.5057665015
SER-GLYSYN-PWY: superpathway of L-serine and glycine biosynthesis I|g__Dorea.s__Dorea_longicatena	16.8517369204
SER-GLYSYN-PWY: superpathway of L-serine and glycine biosynthesis I|g__Blautia.s__Blautia_sp	13.5534149765
SER-GLYSYN-PWY: superpathway of L-serine and glycine biosynthesis I|g__Eubacterium.s__Eubacterium_hallii	13.3277800916
SER-GLYSYN-PWY: superpathway of L-serine and glycine biosynthesis I|g__Blautia.s__Blautia_obeum	9.8394517460
SER-GLYSYN-PWY: superpathway of L-serine and glycine biosynthesis I|g__Roseburia.s__Roseburia_faecis	8.7145969499
SER-GLYSYN-PWY: superpathway of L-serine and glycine biosynthesis I|g__Streptococcus.s__Streptococcus_thermophilus	6.6380025647
SER-GLYSYN-PWY: superpathway of L-serine and glycine biosynthesis I|g__Bifidobacterium.s__Bifidobacterium_pseudocatenulatum	5.8055152395
SER-GLYSYN-PWY: superpathway of L-serine and glycine biosynthesis I|g__Ruminococcus.s__Ruminococcus_lactaris	5.2579691094
SER-GLYSYN-PWY: superpathway of L-serine and glycine biosynthesis I|g__Bifidobacterium.s__Bifidobacterium_catenulatum	1.3237362456
PANTOSYN-PWY: superpathway of coenzyme A biosynthesis I (bacteria)	571.4637154331
PANTOSYN-PWY: superpathway of coenzyme A biosynthesis I (bacteria)|unclassified	109.6765888670
PANTOSYN-PWY: superpathway of coenzyme A biosynthesis I (bacteria)|g__Succinatimonas.s__Succinatimonas_sp_CAG_777	73.4000909221
PANTOSYN-PWY: superpathway of coenzyme A biosynthesis I (bacteria)|g__Blautia.s__Ruminococcus_torques	20.7722333476
PANTOSYN-PWY: superpathway of coenzyme A biosynthesis I (bacteria)|g__Alistipes.s__Alistipes_indistinctus	11.2522848931
PANTOSYN-PWY: superpathway of coenzyme A biosynthesis I (bacteria)|g__Eubacterium.s__Eubacterium_hallii	9.3032377474
PANTOSYN-PWY: superpathway of coenzyme A biosynthesis I (bacteria)|g__Blautia.s__Blautia_wexlerae	7.7072608334
TRPSYN-PWY: L-tryptophan biosynthesis	559.3865456371
TRPSYN-PWY: L-tryptophan biosynthesis|unclassified	89.2593550850
TRPSYN-PWY: L-tryptophan biosynthesis|g__Ruminococcus.s__Ruminococcus_sp_CAG_254	29.2385521239
TRPSYN-PWY: L-tryptophan biosynthesis|g__Blautia.s__Blautia_sp	28.2075507268
TRPSYN-PWY: L-tryptophan biosynthesis|g__Blautia.s__Blautia_wexlerae	22.6631292401
TRPSYN-PWY: L-tryptophan biosynthesis|g__Blautia.s__Ruminococcus_torques	15.7548995136
TRPSYN-PWY: L-tryptophan biosynthesis|g__Lachnospira.s__Lachnospira_pectinoschiza	13.3012839852
TRPSYN-PWY: L-tryptophan biosynthesis|g__Blautia.s__Blautia_obeum	12.6737637505
TRPSYN-PWY: L-tryptophan biosynthesis|g__Roseburia.s__Roseburia_sp_CAG_471	5.0165546303
TRPSYN-PWY: L-tryptophan biosynthesis|g__Lachnospiraceae_unclassified.s__Eubacterium_rectale	3.3510941322
TRPSYN-PWY: L-tryptophan biosynthesis|g__Blautia.s__Blautia_sp_CAG_52	2.7277686852
TRPSYN-PWY: L-tryptophan biosynthesis|g__Bifidobacterium.s__Bifidobacterium_pseudocatenulatum	2.5822142444
PWY-7229: superpathway of adenosine nucleotides de novo biosynthesis I	524.6464616328
PWY-7229: superpathway of adenosine nucleotides de novo biosynthesis I|unclassified	60.7941351768
PWY-7229: superpathway of adenosine nucleotides de novo biosynthesis I|g__Mitsuokella.s__Mitsuokella_jalaludinii	33.9862098516
P41-PWY: pyruvate fermentation to acetate and (S)-lactate I	524.5547807852
P41-PWY: pyruvate fermentation to acetate and (S)-lactate I|g__Collinsella.s__Collinsella_aerofaciens	71.8598620617
P41-PWY: pyruvate fermentation to acetate and (S)-lactate I|g__Bifidobacterium.s__Bifidobacterium_adolescentis	41.2332966814
P41-PWY: pyruvate fermentation to acetate and (S)-lactate I|g__Lactobacillus.s__Lactobacillus_ruminis	39.6664868507
P41-PWY: pyruvate fermentation to acetate and (S)-lactate I|g__Blautia.s__Ruminococcus_torques	28.3686035209
P41-PWY: pyruvate fermentation to acetate and (S)-lactate I|g__Eubacterium.s__Eubacterium_hallii	21.7597878697
P41-PWY: pyruvate fermentation to acetate and (S)-lactate I|unclassified	20.2297729992
P41-PWY: pyruvate fermentation to acetate and (S)-lactate I|g__Holdemanella.s__Holdemanella_biformis	20.0208008320
P41-PWY: pyruvate fermentation to acetate and (S)-lactate I|g__Blautia.s__Blautia_obeum	19.7214708158
P41-PWY: pyruvate fermentation to acetate and (S)-lactate I|g__Blautia.s__Blautia_sp	8.0951894540
P41-PWY: pyruvate fermentation to acetate and (S)-lactate I|g__Blautia.s__Blautia_wexlerae	6.5581280402
P41-PWY: pyruvate fermentation to acetate and (S)-lactate I|g__Roseburia.s__Roseburia_hominis	2.3048299375
P41-PWY: pyruvate fermentation to acetate and (S)-lactate I|g__Lachnospiraceae_unclassified.s__Eubacterium_rectale	1.7484045808
PWY-5100: pyruvate fermentation to acetate and lactate II	524.5547807852
PWY-5100: pyruvate fermentation to acetate and lactate II|g__Collinsella.s__Collinsella_aerofaciens	71.8598620617
PWY-5100: pyruvate fermentation to acetate and lactate II|g__Bifidobacterium.s__Bifidobacterium_adolescentis	41.2332966814
PWY-5100: pyruvate fermentation to acetate and lactate II|g__Lactobacillus.s__Lactobacillus_ruminis	39.6664868507
PWY-5100: pyruvate fermentation to acetate and lactate II|g__Blautia.s__Ruminococcus_torques	28.3686035209
PWY-5100: pyruvate fermentation to acetate and lactate II|g__Eubacterium.s__Eubacterium_hallii	21.7597878697
PWY-5100: pyruvate fermentation to acetate and lactate II|unclassified	20.2297729992
PWY-5100: pyruvate fermentation to acetate and lactate II|g__Holdemanella.s__Holdemanella_biformis	20.0208008320
PWY-5100: pyruvate fermentation to acetate and lactate II|g__Blautia.s__Blautia_obeum	19.7214708158
PWY-5100: pyruvate fermentation to acetate and lactate II|g__Blautia.s__Blautia_sp	8.0951894540
PWY-5100: pyruvate fermentation to acetate and lactate II|g__Coprococcus.s__Coprococcus_catus	7.2124053372
PWY-5100: pyruvate fermentation to acetate and lactate II|g__Blautia.s__Blautia_wexlerae	6.5581280402
PWY-5100: pyruvate fermentation to acetate and lactate II|g__Roseburia.s__Roseburia_hominis	2.3048299375
PWY-5100: pyruvate fermentation to acetate and lactate II|g__Lachnospiraceae_unclassified.s__Eubacterium_rectale	1.7484045808
RIBOSYN2-PWY: flavin biosynthesis I (bacteria and plants)	511.5712780459
RIBOSYN2-PWY: flavin biosynthesis I (bacteria and plants)|g__Faecalibacterium.s__Faecalibacterium_prausnitzii	131.5887382359
RIBOSYN2-PWY: flavin biosynthesis I (bacteria and plants)|unclassified	53.1246653046
RIBOSYN2-PWY: flavin biosynthesis I (bacteria and plants)|g__Blautia.s__Blautia_obeum	20.1659107364
RIBOSYN2-PWY: flavin biosynthesis I (bacteria and plants)|g__Blautia.s__Blautia_wexlerae	15.9075070856
RIBOSYN2-PWY: flavin biosynthesis I (bacteria and plants)|g__Mitsuokella.s__Mitsuokella_jalaludinii	13.0909634949
PYRIDNUCSYN-PWY: NAD de novo biosynthesis I (from aspartate)	491.8432055376
PYRIDNUCSYN-PWY: NAD de novo biosynthesis I (from aspartate)|g__Lactobacillus.s__Lactobacillus_ruminis	35.5784482215
PYRIDNUCSYN-PWY: NAD de novo biosynthesis I (from aspartate)|g__Blautia.s__Blautia_obeum	20.9036370425
PYRIDNUCSYN-PWY: NAD de novo biosynthesis I (from aspartate)|unclassified	16.6292689500
PYRIDNUCSYN-PWY: NAD de novo biosynthesis I (from aspartate)|g__Dorea.s__Dorea_longicatena	14.0365453683
PYRIDNUCSYN-PWY: NAD de novo biosynthesis I (from aspartate)|g__Eubacterium.s__Eubacterium_hallii	9.0286404768
PYRIDNUCSYN-PWY: NAD de novo biosynthesis I (from aspartate)|g__Catenibacterium.s__Catenibacterium_mitsuokai	5.9696970101
PWY-6823: molybdopterin biosynthesis	491.7791880067
PWY-6823: molybdopterin biosynthesis|g__Faecalibacterium.s__Faecalibacterium_prausnitzii	103.7030844344
PWY-6823: molybdopterin biosynthesis|unclassified	68.7136851538
PWY-6823: molybdopterin biosynthesis|g__Blautia.s__Blautia_obeum	42.5651078129
PWY-6823: molybdopterin biosynthesis|g__Catenibacterium.s__Catenibacterium_mitsuokai	26.6244057052
PWY-6823: molybdopterin biosynthesis|g__Blautia.s__Ruminococcus_torques	26.2256245053
PWY-6823: molybdopterin biosynthesis|g__Blautia.s__Blautia_sp	25.9032038173
PWY-6823: molybdopterin biosynthesis|g__Mitsuokella.s__Mitsuokella_jalaludinii	23.8826339133
PWY-6823: molybdopterin biosynthesis|g__Holdemanella.s__Holdemanella_biformis	17.0268500327
PWY-6823: molybdopterin biosynthesis|g__Firmicutes_unclassified.s__Firmicutes_bacterium_CAG_65_45_313	8.4477296727
PWY-6823: molybdopterin biosynthesis|g__Eubacterium.s__Eubacterium_hallii	7.6775431862
PWY-6823: molybdopterin biosynthesis|g__Firmicutes_unclassified.s__Firmicutes_bacterium_CAG_56	6.0114217012
PWY-6823: molybdopterin biosynthesis|g__Dorea.s__Dorea_formicigenerans	5.9630292188
PWY-6823: molybdopterin biosynthesis|g__Blautia.s__Blautia_wexlerae	4.7770700637
PWY-6823: molybdopterin biosynthesis|g__Lachnospiraceae_unclassified.s__Eubacterium_rectale	3.3003300330
PANTO-PWY: phosphopantothenate biosynthesis I	477.4703155358
PANTO-PWY: phosphopantothenate biosynthesis I|unclassified	113.7052059591
PANTO-PWY: phosphopantothenate biosynthesis I|g__Succinatimonas.s__Succinatimonas_sp_CAG_777	70.0362425311
PANTO-PWY: phosphopantothenate biosynthesis I|g__Blautia.s__Ruminococcus_torques	26.5949796595
PANTO-PWY: phosphopantothenate biosynthesis I|g__Alistipes.s__Alistipes_indistinctus	15.6203249734
PANTO-PWY: phosphopantothenate biosynthesis I|g__Eubacterium.s__Eubacterium_hallii	14.4977365194
PANTO-PWY: phosphopantothenate biosynthesis I|g__Dorea.s__Dorea_longicatena	12.4127230411
PANTO-PWY: phosphopantothenate biosynthesis I|g__Roseburia.s__Roseburia_faecis	11.0101844206
PANTO-PWY: phosphopantothenate biosynthesis I|g__Eggerthella.s__Eggerthella_sp_CAG_209	8.3612040134
PANTO-PWY: phosphopantothenate biosynthesis I|g__Blautia.s__Blautia_wexlerae	4.9342595569
PANTO-PWY: phosphopantothenate biosynthesis I|g__Blautia.s__Blautia_obeum	2.6412639225
PWY-5973: cis-vaccenate biosynthesis	467.6085123993
PWY-5973: cis-vaccenate biosynthesis|g__Lactobacillus.s__Lactobacillus_ruminis	48.0690300023
PWY-5973: cis-vaccenate biosynthesis|unclassified	44.6422191327
PWY-5973: cis-vaccenate biosynthesis|g__Blautia.s__Ruminococcus_torques	21.0405419256
PWY-5973: cis-vaccenate biosynthesis|g__Catenibacterium.s__Catenibacterium_mitsuokai	3.3199214528
PWY-7237: myo-, chiro- and scyllo-inositol degradation	452.7542313512
PWY-7237: myo-, chiro- and scyllo-inositol degradation|g__Mitsuokella.s__Mitsuokella_jalaludinii	66.8291728318
PWY-7237: myo-, chiro- and scyllo-inositol degradation|unclassified	39.4140319107
PWY-6897: thiamine diphosphate salvage II	446.5440015201
PWY-6897: thiamine diphosphate salvage II|g__Faecalibacterium.s__Faecalibacterium_prausnitzii	109.4788539782
PWY-6897: thiamine diphosphate salvage II|unclassified	35.3774701344
PWY-6897: thiamine diphosphate salvage II|g__Bifidobacterium.s__Bifidobacterium_adolescentis	33.8882168677
PWY-6897: thiamine diphosphate salvage II|g__Prevotella.s__Prevotella_copri	27.1444082519
PWY-6897: thiamine diphosphate salvage II|g__Lachnospiraceae_unclassified.s__Eubacterium_rectale	6.3082006609
PWY-6897: thiamine diphosphate salvage II|g__Blautia.s__Ruminococcus_torques	6.2585861853
PWY-841: superpathway of purine nucleotides de novo biosynthesis I	441.6504680566
PWY-841: superpathway of purine nucleotides de novo biosynthesis I|unclassified	49.2701363892
PWY-7663: gondoate biosynthesis (anaerobic)	419.4636871439
PWY-7663: gondoate biosynthesis (anaerobic)|g__Lactobacillus.s__Lactobacillus_ruminis	50.7414398874
PWY-7663: gondoate biosynthesis (anaerobic)|unclassified	37.8634082450
PWY-7663: gondoate biosynthesis (anaerobic)|g__Catenibacterium.s__Catenibacterium_mitsuokai	2.7328569231
PWY-2941: L-lysine biosynthesis II	418.2547031243
PWY-2941: L-lysine biosynthesis II|g__Lactobacillus.s__Lactobacillus_ruminis	32.5629272672
PWY-2941: L-lysine biosynthesis II|g__Catenibacterium.s__Catenibacterium_mitsuokai	29.8357108032
PWY-2941: L-lysine biosynthesis II|unclassified	28.0978834369
PWY-2941: L-lysine biosynthesis II|g__Roseburia.s__Roseburia_hominis	26.4993716706
PWY-2941: L-lysine biosynthesis II|g__Lachnospira.s__Lachnospira_pectinoschiza	15.8495311522
PWY-6703: preQ0 biosynthesis	415.7509023995
PWY-6703: preQ0 biosynthesis|unclassified	67.9953777998
PWY-6703: preQ0 biosynthesis|g__Succinatimonas.s__Succinatimonas_sp_CAG_777	53.5544199750
PWY-6703: preQ0 biosynthesis|g__Dialister.s__Dialister_sp_CAG_486	43.8172092089
PWY-6703: preQ0 biosynthesis|g__Mitsuokella.s__Mitsuokella_jalaludinii	31.0323052216
PWY-6703: preQ0 biosynthesis|g__Ruminococcus.s__Ruminococcus_sp_CAG_254	30.9785036986
PWY-6703: preQ0 biosynthesis|g__Blautia.s__Blautia_sp	20.1077199282
PWY-6703: preQ0 biosynthesis|g__Lachnospira.s__Lachnospira_pectinoschiza	17.6841630774
PWY-6703: preQ0 biosynthesis|g__Eggerthella.s__Eggerthella_sp_CAG_209	10.2840982131
PWY-6703: preQ0 biosynthesis|g__Ruminococcus.s__Ruminococcus_lactaris	6.8728522337
PWY-6703: preQ0 biosynthesis|g__Eubacterium.s__Eubacterium_eligens	4.2976094547
PWY-6703: preQ0 biosynthesis|g__Blautia.s__Blautia_sp_CAG_52	3.1491103763
PWY-6628: superpathway of L-phenylalanine biosynthesis	401.3960911993
PWY-6628: superpathway of L-phenylalanine biosynthesis|g__Mitsuokella.s__Mitsuokella_jalaludinii	19.2696639583
COBALSYN-PWY: superpathway of adenosylcobalamin salvage from cobinamide I	394.1237076226
COBALSYN-PWY: superpathway of adenosylcobalamin salvage from cobinamide I|g__Faecalibacterium.s__Faecalibacterium_prausnitzii	31.6589121145
COBALSYN-PWY: superpathway of adenosylcobalamin salvage from cobinamide I|g__Blautia.s__Blautia_obeum	22.4937569996
COBALSYN-PWY: superpathway of adenosylcobalamin salvage from cobinamide I|unclassified	20.3756327557
COBALSYN-PWY: superpathway of adenosylcobalamin salvage from cobinamide I|g__Blautia.s__Blautia_wexlerae	18.2804927658
COBALSYN-PWY: superpathway of adenosylcobalamin salvage from cobinamide I|g__Dorea.s__Dorea_longicatena	16.9907670775
COBALSYN-PWY: superpathway of adenosylcobalamin salvage from cobinamide I|g__Collinsella.s__Collinsella_aerofaciens	13.7006639438
COBALSYN-PWY: superpathway of adenosylcobalamin salvage from cobinamide I|g__Blautia.s__Ruminococcus_torques	12.4731449788
PWY-6126: superpathway of adenosine nucleotides de novo biosynthesis II	380.2172116150
PWY-6126: superpathway of adenosine nucleotides de novo biosynthesis II|unclassified	42.8440833197
PWY-6126: superpathway of adenosine nucleotides de novo biosynthesis II|g__Mitsuokella.s__Mitsuokella_jalaludinii	34.4370463816
PHOSLIPSYN-PWY: superpathway of phospholipid biosynthesis I (bacteria)	373.9150421293
THISYNARA-PWY: superpathway of thiamine diphosphate biosynthesis III (eukaryotes)	368.0822247805
THISYNARA-PWY: superpathway of thiamine diphosphate biosynthesis III (eukaryotes)|g__Faecalibacterium.s__Faecalibacterium_prausnitzii	67.1185356369
THISYNARA-PWY: superpathway of thiamine diphosphate biosynthesis III (eukaryotes)|unclassified	28.6629891724
THISYNARA-PWY: superpathway of thiamine diphosphate biosynthesis III (eukaryotes)|g__Roseburia.s__Roseburia_faecis	9.0371087794
THISYNARA-PWY: superpathway of thiamine diphosphate biosynthesis III (eukaryotes)|g__Blautia.s__Ruminococcus_torques	6.5020538693
THISYNARA-PWY: superpathway of thiamine diphosphate biosynthesis III (eukaryotes)|g__Lachnospiraceae_unclassified.s__Eubacterium_rectale	5.0832131773
DAPLYSINESYN-PWY: L-lysine biosynthesis I	362.8858581488
DAPLYSINESYN-PWY: L-lysine biosynthesis I|g__Bifidobacterium.s__Bifidobacterium_adolescentis	42.1613930195
DAPLYSINESYN-PWY: L-lysine biosynthesis I|unclassified	16.8794361263
DAPLYSINESYN-PWY: L-lysine biosynthesis I|g__Bifidobacterium.s__Bifidobacterium_pseudocatenulatum	6.2879796927
PWY0-162: superpathway of pyrimidine ribonucleotides de novo biosynthesis	358.4742684228
PWY0-162: superpathway of pyrimidine ribonucleotides de novo biosynthesis|unclassified	18.7946067210
THISYN-PWY: superpathway of thiamine diphosphate biosynthesis I	346.4515002332
ASPASN-PWY: superpathway of L-aspartate and L-asparagine biosynthesis	332.8139580089
ASPASN-PWY: superpathway of L-aspartate and L-asparagine biosynthesis|unclassified	64.4621361153
ASPASN-PWY: superpathway of L-aspartate and L-asparagine biosynthesis|g__Prevotella.s__Prevotella_sp_CAG_604	19.5928849989
ASPASN-PWY: superpathway of L-aspartate and L-asparagine biosynthesis|g__Blautia.s__Blautia_wexlerae	11.4510645912
ASPASN-PWY: superpathway of L-aspartate and L-asparagine biosynthesis|g__Blautia.s__Blautia_obeum	10.8982545764
ASPASN-PWY: superpathway of L-aspartate and L-asparagine biosynthesis|g__Prevotella.s__Prevotella_copri	9.1064993756
ASPASN-PWY: superpathway of L-aspartate and L-asparagine biosynthesis|g__Catenibacterium.s__Catenibacterium_mitsuokai	1.8246349730
PWY-7228: superpathway of guanosine nucleotides de novo biosynthesis I	327.3727406011
PWY-7228: superpathway of guanosine nucleotides de novo biosynthesis I|g__Collinsella.s__Collinsella_aerofaciens	50.1702279030
PWY-7228: superpathway of guanosine nucleotides de novo biosynthesis I|unclassified	35.4100325209
PWY-7228: superpathway of guanosine nucleotides de novo biosynthesis I|g__Dialister.s__Dialister_sp_CAG_486	34.4391499691
PWY-7228: superpathway of guanosine nucleotides de novo biosynthesis I|g__Mitsuokella.s__Mitsuokella_jalaludinii	32.6695142375
PWY-7328: superpathway of UDP-glucose-derived O-antigen building blocks biosynthesis	322.6536048290
PWY-7328: superpathway of UDP-glucose-derived O-antigen building blocks biosynthesis|g__Lactobacillus.s__Lactobacillus_ruminis	35.9077279338
PWY-7328: superpathway of UDP-glucose-derived O-antigen building blocks biosynthesis|unclassified	29.5642773605
GLUCONEO-PWY: gluconeogenesis I	316.7622853674
GLUCONEO-PWY: gluconeogenesis I|unclassified	51.8565049743
PWY-7282: 4-amino-2-methyl-5-diphosphomethylpyrimidine biosynthesis II	307.2347536334
PWY-6892: thiazole component of thiamine diphosphate biosynthesis I	296.4375942227
PWY-6892: thiazole component of thiamine diphosphate biosynthesis I|g__Blautia.s__Blautia_wexlerae	41.9046036219
PWY-6892: thiazole component of thiamine diphosphate biosynthesis I|g__Blautia.s__Blautia_sp	30.3120542888
PWY-6892: thiazole component of thiamine diphosphate biosynthesis I|g__Blautia.s__Blautia_obeum	18.9163576295
PWY-6892: thiazole component of thiamine diphosphate biosynthesis I|g__Dorea.s__Dorea_formicigenerans	7.9345614942
PWY-6892: thiazole component of thiamine diphosphate biosynthesis I|g__Eubacterium.s__Eubacterium_hallii	5.3845355514
PWY-6892: thiazole component of thiamine diphosphate biosynthesis I|g__Blautia.s__Blautia_sp_CAG_52	2.8855224460
ANAEROFRUCAT-PWY: homolactic fermentation	294.1144982406
ANAEROFRUCAT-PWY: homolactic fermentation|unclassified	54.1456910856
PWY-6470: peptidoglycan biosynthesis V (&beta;-lactam resistance)	284.4741423949
PWY-7234: inosine-5'-phosphate biosynthesis III	282.2082207237
PWY-7234: inosine-5'-phosphate biosynthesis III|g__Bifidobacterium.s__Bifidobacterium_adolescentis	25.6526150607
PWY-7234: inosine-5'-phosphate biosynthesis III|g__Lactobacillus.s__Lactobacillus_ruminis	24.0888232604
PWY-7234: inosine-5'-phosphate biosynthesis III|g__Bacteroides.s__Bacteroides_sp_CAG_770	17.0656019021
PWY-7234: inosine-5'-phosphate biosynthesis III|unclassified	15.4085577949
PWY-7234: inosine-5'-phosphate biosynthesis III|g__Bifidobacterium.s__Bifidobacterium_catenulatum	2.8978507607
PWY-7400: L-arginine biosynthesis IV (archaebacteria)	280.1257440378
PWY-7400: L-arginine biosynthesis IV (archaebacteria)|g__Blautia.s__Ruminococcus_torques	25.4303260578
PWY-6125: superpathway of guanosine nucleotides de novo biosynthesis II	276.6580946402
PWY-6125: superpathway of guanosine nucleotides de novo biosynthesis II|unclassified	29.8975504563
PWY-6125: superpathway of guanosine nucleotides de novo biosynthesis II|g__Mitsuokella.s__Mitsuokella_jalaludinii	28.3874052933
PWY4FS-7: phosphatidylglycerol biosynthesis I (plastidic)	276.1281105896
PWY4FS-8: phosphatidylglycerol biosynthesis II (non-plastidic)	276.1281105896
GLYCOLYSIS: glycolysis I (from glucose 6-phosphate)	275.7500753933
GLYCOLYSIS: glycolysis I (from glucose 6-phosphate)|unclassified	77.0426343997
PWY-8187: L-arginine degradation XIII (reductive Stickland reaction)	267.6410590088
PWY-8187: L-arginine degradation XIII (reductive Stickland reaction)|unclassified	144.0473419952
PWY-8187: L-arginine degradation XIII (reductive Stickland reaction)|g__Collinsella.s__Collinsella_aerofaciens	17.7693820878
PWY-7761: NAD salvage pathway II (PNC IV cycle)	264.8222747162
PWY-7761: NAD salvage pathway II (PNC IV cycle)|unclassified	19.1290093159
PWY-7208: superpathway of pyrimidine nucleobases salvage	261.1247394152
PWY-7208: superpathway of pyrimidine nucleobases salvage|unclassified	29.2268367566
PWY-7208: superpathway of pyrimidine nucleobases salvage|g__Collinsella.s__Collinsella_aerofaciens	25.7449943061
PWY-7208: superpathway of pyrimidine nucleobases salvage|g__Mitsuokella.s__Mitsuokella_jalaludinii	23.0596735160
PWY-7208: superpathway of pyrimidine nucleobases salvage|g__Blautia.s__Blautia_obeum	21.7925156475
FERMENTATION-PWY: mixed acid fermentation	261.1141239478
FERMENTATION-PWY: mixed acid fermentation|unclassified	47.4904101197
PWY-5188: tetrapyrrole biosynthesis I (from glutamate)	253.1957294991
PWY-5188: tetrapyrrole biosynthesis I (from glutamate)|g__Dialister.s__Dialister_sp_CAG_486	33.8977300079
PWY-5188: tetrapyrrole biosynthesis I (from glutamate)|g__Mitsuokella.s__Mitsuokella_jalaludinii	31.0267991478
PWY-5188: tetrapyrrole biosynthesis I (from glutamate)|unclassified	24.5106634451
PWY-5188: tetrapyrrole biosynthesis I (from glutamate)|g__Blautia.s__Blautia_wexlerae	20.8007836062
PWY-5188: tetrapyrrole biosynthesis I (from glutamate)|g__Ruminococcus.s__Ruminococcus_sp_CAG_254	19.5030164459
PWY-5188: tetrapyrrole biosynthesis I (from glutamate)|g__Blautia.s__Blautia_sp	11.2947472571
PWY-5188: tetrapyrrole biosynthesis I (from glutamate)|g__Blautia.s__Blautia_obeum	7.2771042195
PWY-5484: glycolysis II (from fructose 6-phosphate)	250.8210732825
PWY-5484: glycolysis II (from fructose 6-phosphate)|unclassified	67.3100219428
LACTOSECAT-PWY: lactose and galactose degradation I	246.6881746637
LACTOSECAT-PWY: lactose and galactose degradation I|g__Collinsella.s__Collinsella_aerofaciens	169.5162205283
LACTOSECAT-PWY: lactose and galactose degradation I|g__Lactobacillus.s__Lactobacillus_ruminis	51.0637421561
LACTOSECAT-PWY: lactose and galactose degradation I|unclassified	17.9881076956
PWY-6901: superpathway of glucose and xylose degradation	244.0363182377
PWY-7383: anaerobic energy metabolism (invertebrates, cytosol)	240.8338445688
PWY-7383: anaerobic energy metabolism (invertebrates, cytosol)|unclassified	45.3830719393
PWY-5154: L-arginine biosynthesis III (via N-acetyl-L-citrulline)	239.5323994092
PWY-5154: L-arginine biosynthesis III (via N-acetyl-L-citrulline)|g__Blautia.s__Ruminococcus_torques	21.0216149955
PWY-5154: L-arginine biosynthesis III (via N-acetyl-L-citrulline)|g__Catenibacterium.s__Catenibacterium_mitsuokai	5.5012165193
GLCMANNANAUT-PWY: superpathway of N-acetylglucosamine, N-acetylmannosamine and N-acetylneuraminate degradation	235.9840002661
GLCMANNANAUT-PWY: superpathway of N-acetylglucosamine, N-acetylmannosamine and N-acetylneuraminate degradation|unclassified	53.8653815754
GLCMANNANAUT-PWY: superpathway of N-acetylglucosamine, N-acetylmannosamine and N-acetylneuraminate degradation|g__Faecalibacterium.s__Faecalibacterium_prausnitzii	49.2032983681
GLCMANNANAUT-PWY: superpathway of N-acetylglucosamine, N-acetylmannosamine and N-acetylneuraminate degradation|g__Blautia.s__Blautia_obeum	3.6952817430
PWY0-1479: tRNA processing	235.7828728716
PWY-6895: superpathway of thiamine diphosphate biosynthesis II	235.2056443552
PWY-1861: formaldehyde assimilation II (assimilatory RuMP Cycle)	231.7696500452
PWY-1861: formaldehyde assimilation II (assimilatory RuMP Cycle)|unclassified	57.0683886424
PWY-1861: formaldehyde assimilation II (assimilatory RuMP Cycle)|g__Blautia.s__Blautia_obeum	10.2221962448
RHAMCAT-PWY: L-rhamnose degradation I	231.1274198592
RHAMCAT-PWY: L-rhamnose degradation I|unclassified	21.7863168163
RHAMCAT-PWY: L-rhamnose degradation I|g__Blautia.s__Ruminococcus_torques	16.8895213894
RHAMCAT-PWY: L-rhamnose degradation I|g__Prevotella.s__Prevotella_sp_CAG_604	15.5224562004
RHAMCAT-PWY: L-rhamnose degradation I|g__Prevotella.s__Prevotella_copri	8.5462511692
RHAMCAT-PWY: L-rhamnose degradation I|g__Roseburia.s__Roseburia_faecis	7.7439339184
PWY66-399: gluconeogenesis III	214.4047890262
PWY66-399: gluconeogenesis III|unclassified	28.4533071580
METH-ACETATE-PWY: methanogenesis from acetate	206.0719419297
METH-ACETATE-PWY: methanogenesis from acetate|g__Blautia.s__Blautia_wexlerae	27.4988246249
METH-ACETATE-PWY: methanogenesis from acetate|g__Blautia.s__Blautia_obeum	12.7094678196
METH-ACETATE-PWY: methanogenesis from acetate|g__Blautia.s__Blautia_sp	1.8984536368
PENTOSE-P-PWY: pentose phosphate pathway	203.1442662036
PENTOSE-P-PWY: pentose phosphate pathway|unclassified	15.9808404877
PWY66-409: superpathway of purine nucleotide salvage	199.9619093065
PWY66-409: superpathway of purine nucleotide salvage|unclassified	37.0775811204
PWY-7198: pyrimidine deoxyribonucleotides de novo biosynthesis IV	198.1727882720
PWY-7198: pyrimidine deoxyribonucleotides de novo biosynthesis IV|unclassified	17.3251345905
PWY-6549: L-glutamine biosynthesis III	194.6790373002
PWY-6549: L-glutamine biosynthesis III|unclassified	24.3434644734
PWY-7220: adenosine deoxyribonucleotides de novo biosynthesis II	190.1224478225
PWY-7220: adenosine deoxyribonucleotides de novo biosynthesis II|g__Mitsuokella.s__Mitsuokella_jalaludinii	42.9034159201
PWY-7220: adenosine deoxyribonucleotides de novo biosynthesis II|unclassified	19.7444922013
PWY-7222: guanosine deoxyribonucleotides de novo biosynthesis II	190.1224478225
PWY-7222: guanosine deoxyribonucleotides de novo biosynthesis II|g__Mitsuokella.s__Mitsuokella_jalaludinii	42.9034159201
PWY-7222: guanosine deoxyribonucleotides de novo biosynthesis II|unclassified	19.7444922013
COLANSYN-PWY: colanic acid building blocks biosynthesis	185.7533793485
COLANSYN-PWY: colanic acid building blocks biosynthesis|unclassified	23.7049651382
PWY-6292: superpathway of L-cysteine biosynthesis (mammalian)	183.7856181031
PWY-6292: superpathway of L-cysteine biosynthesis (mammalian)|unclassified	57.5898786287
PWY0-845: superpathway of pyridoxal 5'-phosphate biosynthesis and salvage	181.6158001368
PWY-6147: 6-hydroxymethyl-dihydropterin diphosphate biosynthesis I	178.9506703615
PWY-6147: 6-hydroxymethyl-dihydropterin diphosphate biosynthesis I|g__Dialister.s__Dialister_sp_CAG_486	39.9334442596
PWY-6147: 6-hydroxymethyl-dihydropterin diphosphate biosynthesis I|g__Mitsuokella.s__Mitsuokella_jalaludinii	32.7006548931
PWY-6147: 6-hydroxymethyl-dihydropterin diphosphate biosynthesis I|g__Prevotella.s__Prevotella_copri	30.5928486971
PWY-7197: pyrimidine deoxyribonucleotide phosphorylation	178.0274606631
PWY-7197: pyrimidine deoxyribonucleotide phosphorylation|g__Collinsella.s__Collinsella_aerofaciens	46.6595970308
PWY-7197: pyrimidine deoxyribonucleotide phosphorylation|g__Mitsuokella.s__Mitsuokella_jalaludinii	36.3717997540
PWY-7197: pyrimidine deoxyribonucleotide phosphorylation|g__Dialister.s__Dialister_sp_CAG_486	31.6116285634
PWY-7197: pyrimidine deoxyribonucleotide phosphorylation|unclassified	19.9116855388
PWY-7197: pyrimidine deoxyribonucleotide phosphorylation|g__Methanobrevibacter.s__Methanobrevibacter_smithii	9.6038415366
PWY-7356: thiamine diphosphate salvage IV (yeast)	177.1584145696
PWY-7356: thiamine diphosphate salvage IV (yeast)|unclassified	47.7520132602
PWY-7356: thiamine diphosphate salvage IV (yeast)|g__Bifidobacterium.s__Bifidobacterium_adolescentis	26.6698181961
PWY-6353: purine nucleotides degradation II (aerobic)	176.9965601861
PWY-6353: purine nucleotides degradation II (aerobic)|unclassified	29.9466456708
PWY-6353: purine nucleotides degradation II (aerobic)|g__Blautia.s__Ruminococcus_torques	24.5235590930
PWY-1269: CMP-3-deoxy-D-manno-octulosonate biosynthesis	173.9785189722
PWY-1269: CMP-3-deoxy-D-manno-octulosonate biosynthesis|g__Succinatimonas.s__Succinatimonas_sp_CAG_777	80.9764192179
PWY-1269: CMP-3-deoxy-D-manno-octulosonate biosynthesis|g__Mitsuokella.s__Mitsuokella_jalaludinii	28.8076228695
PWY-1269: CMP-3-deoxy-D-manno-octulosonate biosynthesis|g__Prevotella.s__Prevotella_copri	18.6503899627
PWY-1269: CMP-3-deoxy-D-manno-octulosonate biosynthesis|unclassified	17.4763229317
PWY-1269: CMP-3-deoxy-D-manno-octulosonate biosynthesis|g__Prevotella.s__Prevotella_sp_CAG_604	10.1912008246
PWY0-862: (5Z)-dodecenoate biosynthesis I	169.1174589196
PWY0-1061: superpathway of L-alanine biosynthesis	162.3464524120
PWY0-1061: superpathway of L-alanine biosynthesis|unclassified	47.9000255000
PWY0-1061: superpathway of L-alanine biosynthesis|g__Bifidobacterium.s__Bifidobacterium_adolescentis	39.2702450529
PWY0-1061: superpathway of L-alanine biosynthesis|g__Blautia.s__Ruminococcus_torques	6.4228397549
PWY0-1061: superpathway of L-alanine biosynthesis|g__Lachnospiraceae_unclassified.s__Eubacterium_rectale	3.3162781884
GLYCOLYSIS-E-D: superpathway of glycolysis and the Entner-Doudoroff pathway	161.3248695990
PWY0-1261: anhydromuropeptides recycling I	160.9664069369
PWY-6969: TCA cycle V (2-oxoglutarate synthase)	159.1449492366
PWY-6969: TCA cycle V (2-oxoglutarate synthase)|unclassified	10.8973110390
PWY-5659: GDP-mannose biosynthesis	158.3725105488
PWY-5659: GDP-mannose biosynthesis|g__Faecalibacterium.s__Faecalibacterium_prausnitzii	22.8231373396
PWY-5659: GDP-mannose biosynthesis|unclassified	19.1400153976
PWY-5659: GDP-mannose biosynthesis|g__Blautia.s__Blautia_obeum	12.4283040728
PWY-5659: GDP-mannose biosynthesis|g__Lachnospiraceae_unclassified.s__Eubacterium_rectale	3.1151434913
PWY-241: C4 photosynthetic carbon assimilation cycle, NADP-ME type	150.1802004640
PWY-6608: guanosine nucleotides degradation III	148.0820138864
PWY-6608: guanosine nucleotides degradation III|unclassified	57.1869738347
PWY-6608: guanosine nucleotides degradation III|g__Blautia.s__Ruminococcus_torques	23.7487583078
PWY-6608: guanosine nucleotides degradation III|g__Blautia.s__Blautia_obeum	18.7419112039
PWY-6608: guanosine nucleotides degradation III|g__Faecalibacterium.s__Faecalibacterium_prausnitzii	15.1697434368
PWY-6608: guanosine nucleotides degradation III|g__Blautia.s__Blautia_wexlerae	15.0369893013
P42-PWY: incomplete reductive TCA cycle	147.1813094081
PWY-7117: C4 photosynthetic carbon assimilation cycle, PEPCK type	146.1864057914
PWY-6731: starch degradation III	144.7808440474
PWY-6731: starch degradation III|g__Blautia.s__Blautia_wexlerae	22.0897961611
PWY-6731: starch degradation III|g__Blautia.s__Blautia_obeum	18.9070788225
PWY-6731: starch degradation III|g__Blautia.s__Blautia_sp	18.5971049604
PWY-6731: starch degradation III|g__Eubacterium.s__Eubacterium_hallii	18.4895971463
PWY-6731: starch degradation III|g__Lachnospira.s__Lachnospira_pectinoschiza	16.4677657557
PWY-6731: starch degradation III|unclassified	7.7710914673
PWY-6731: starch degradation III|g__Catenibacterium.s__Catenibacterium_mitsuokai	3.3713496486
PYRIDOXSYN-PWY: pyridoxal 5'-phosphate biosynthesis I	144.5377830708
PYRIDOXSYN-PWY: pyridoxal 5'-phosphate biosynthesis I|g__Succinatimonas.s__Succinatimonas_sp_CAG_777	79.7156668414
PWY-8004: Entner-Doudoroff pathway I	141.7393291795
PWY-7242: D-fructuronate degradation	130.8859992664
PWY-7242: D-fructuronate degradation|g__Faecalibacterium.s__Faecalibacterium_prausnitzii	64.3697186818
PWY-7242: D-fructuronate degradation|unclassified	17.8742634017
GLUCUROCAT-PWY: superpathway of &beta;-D-glucuronosides degradation	129.3233821552
GLUCUROCAT-PWY: superpathway of &beta;-D-glucuronosides degradation|g__Faecalibacterium.s__Faecalibacterium_prausnitzii	59.7561457374
GLUCUROCAT-PWY: superpathway of &beta;-D-glucuronosides degradation|unclassified	20.6041507820
SALVADEHYPOX-PWY: adenosine nucleotides degradation II	128.7718250473
SALVADEHYPOX-PWY: adenosine nucleotides degradation II|unclassified	51.5289822109
SALVADEHYPOX-PWY: adenosine nucleotides degradation II|g__Blautia.s__Ruminococcus_torques	22.3362321309
SALVADEHYPOX-PWY: adenosine nucleotides degradation II|g__Faecalibacterium.s__Faecalibacterium_prausnitzii	13.8381821133
PWY-6305: superpathway of putrescine biosynthesis	123.3613549456
PWY-6305: superpathway of putrescine biosynthesis|g__Mitsuokella.s__Mitsuokella_jalaludinii	23.8854873857
PWY-6305: superpathway of putrescine biosynthesis|unclassified	10.3642928040
P108-PWY: pyruvate fermentation to propanoate I	121.6221440440
PWY-4041: &gamma;-glutamyl cycle	119.3886034171
PWY-4041: &gamma;-glutamyl cycle|unclassified	21.5866117450
PWY-5913: partial TCA cycle (obligate autotrophs)	119.3294758661
PWY-5913: partial TCA cycle (obligate autotrophs)|unclassified	11.1514273311
PWY-7115: C4 photosynthetic carbon assimilation cycle, NAD-ME type	119.1852766229
ARG+POLYAMINE-SYN: superpathway of arginine and polyamine biosynthesis	117.1948596050
PWY-5384: sucrose degradation IV (sucrose phosphorylase)	113.5032239367
PWY-5384: sucrose degradation IV (sucrose phosphorylase)|g__Bifidobacterium.s__Bifidobacterium_adolescentis	40.4058513111
PWY-5384: sucrose degradation IV (sucrose phosphorylase)|g__Bifidobacterium.s__Bifidobacterium_pseudocatenulatum	8.7345780107
PWY-5384: sucrose degradation IV (sucrose phosphorylase)|g__Roseburia.s__Roseburia_faecis	6.7796610169
PWY-5384: sucrose degradation IV (sucrose phosphorylase)|g__Bifidobacterium.s__Bifidobacterium_catenulatum	2.2702764062
PWY-5384: sucrose degradation IV (sucrose phosphorylase)|g__Bifidobacterium.s__Bifidobacterium_longum	2.0606872392
P164-PWY: purine nucleobases degradation I (anaerobic)	109.3265161259
PWY0-1241: ADP-L-glycero-&beta;-D-manno-heptose biosynthesis	106.7577939206
PWY0-1241: ADP-L-glycero-&beta;-D-manno-heptose biosynthesis|g__Succinatimonas.s__Succinatimonas_sp_CAG_777	64.6628625396
PWY0-1241: ADP-L-glycero-&beta;-D-manno-heptose biosynthesis|unclassified	11.0829061301
PWY-7456: &beta;-(1,4)-mannan degradation	106.2902671806
PWY-7456: &beta;-(1,4)-mannan degradation|unclassified	13.3548024356
PWY-5121: superpathway of geranylgeranyl diphosphate biosynthesis II (via MEP)	105.3307490465
P124-PWY: Bifidobacterium shunt	105.2405279224
P124-PWY: Bifidobacterium shunt|g__Collinsella.s__Collinsella_aerofaciens	21.2954192589
P124-PWY: Bifidobacterium shunt|g__Bifidobacterium.s__Bifidobacterium_pseudocatenulatum	4.9354083560
P441-PWY: superpathway of N-acetylneuraminate degradation	99.8897361817
P441-PWY: superpathway of N-acetylneuraminate degradation|unclassified	23.4367944429
GLYCOCAT-PWY: glycogen degradation I	97.3990282238
PWY-6606: guanosine nucleotides degradation II	96.0825882659
PWY-6606: guanosine nucleotides degradation II|g__Blautia.s__Ruminococcus_torques	22.6850306588
PWY-6606: guanosine nucleotides degradation II|g__Blautia.s__Blautia_obeum	9.0425212534
PWY0-1297: superpathway of purine deoxyribonucleosides degradation	94.5769870276
PWY0-1297: superpathway of purine deoxyribonucleosides degradation|unclassified	21.9323228859
PWY0-1297: superpathway of purine deoxyribonucleosides degradation|g__Blautia.s__Ruminococcus_torques	21.0708827436
PYRIDNUCSAL-PWY: NAD salvage pathway I (PNC VI cycle)	93.8218860068
PWY-7345: superpathway of anaerobic sucrose degradation	92.9221578012
PWY-6630: superpathway of L-tyrosine biosynthesis	89.1681081808
GALACTUROCAT-PWY: D-galacturonate degradation I	87.7422979916
GALACTUROCAT-PWY: D-galacturonate degradation I|g__Faecalibacterium.s__Faecalibacterium_prausnitzii	69.9180196880
PWY-5345: superpathway of L-methionine biosynthesis (by sulfhydrylation)	85.9951427982
POLYAMSYN-PWY: superpathway of polyamine biosynthesis I	85.7033615006
ORNDEG-PWY: superpathway of ornithine degradation	85.2669916877
PWY-5971: palmitate biosynthesis (type II fatty acid synthase)	82.4778079714
HISDEG-PWY: L-histidine degradation I	78.7396309333
HISDEG-PWY: L-histidine degradation I|g__Bacteroides.s__Bacteroides_sp_CAG_770	26.2255396409
HISDEG-PWY: L-histidine degradation I|g__Firmicutes_unclassified.s__Firmicutes_bacterium_CAG_129	18.2206589556
HISDEG-PWY: L-histidine degradation I|g__Firmicutes_unclassified.s__Firmicutes_bacterium_CAG_124	10.8119598303
PWY-6507: 4-deoxy-L-threo-hex-4-enopyranuronate degradation	77.5792818492
PWY-6507: 4-deoxy-L-threo-hex-4-enopyranuronate degradation|g__Faecalibacterium.s__Faecalibacterium_prausnitzii	66.2238762167
PWY-6507: 4-deoxy-L-threo-hex-4-enopyranuronate degradation|unclassified	9.0781167674
PWY-7664: oleate biosynthesis IV (anaerobic)	76.8950841106
PWY3O-4107: NAD salvage pathway V (PNC V cycle)	76.7570770445
PWY-7211: superpathway of pyrimidine deoxyribonucleotides de novo biosynthesis	74.9878923779
PWY-5505: L-glutamate and L-glutamine biosynthesis	73.6014874465
SULFATE-CYS-PWY: superpathway of sulfate assimilation and cysteine biosynthesis	72.4423564350
FASYN-ELONG-PWY: fatty acid elongation -- saturated	72.0477138329
PWY-6607: guanosine nucleotides degradation I	71.1912572674
PWY-6285: superpathway of fatty acids biosynthesis (E. coli)	70.7442299566
RUMP-PWY: formaldehyde oxidation I	69.9946440456
PWY-5265: peptidoglycan biosynthesis II (staphylococci)	66.7861306766
PWY-5265: peptidoglycan biosynthesis II (staphylococci)|unclassified	46.3503694480
PWY-6595: superpathway of guanosine nucleotides degradation (plants)	66.0276457236
PWY-8131: 5'-deoxyadenosine degradation II	64.9361066496
PWY-8131: 5'-deoxyadenosine degradation II|g__Blautia.s__Blautia_obeum	6.9826045591
FOLSYN-PWY: superpathway of tetrahydrofolate biosynthesis and salvage	59.7493816906
PWY-6284: superpathway of unsaturated fatty acids biosynthesis (E. coli)	57.2465693566
PWY-6282: palmitoleate biosynthesis I (from (5Z)-dodec-5-enoate)	56.0053037697
PWY-5989: stearate biosynthesis II (bacteria and plants)	55.5161578746
PWY-7858: (5Z)-dodecenoate biosynthesis II	50.2969982079
PWY-7210: pyrimidine deoxyribonucleotides biosynthesis from CTP	49.9524204754
PWY-5690: TCA cycle II (plants and fungi)	49.7875697205
PWY-5690: TCA cycle II (plants and fungi)|unclassified	10.1649687195
PWY-7883: anhydromuropeptides recycling II	49.7487014235
PPGPPMET-PWY: ppGpp metabolism	49.2824096513
PPGPPMET-PWY: ppGpp metabolism|unclassified	7.0612246766
BIOTIN-BIOSYNTHESIS-PWY: biotin biosynthesis I	48.0918569836
PWY-6590: superpathway of Clostridium acetobutylicum acidogenic fermentation	47.2875717301
PWY-7184: pyrimidine deoxyribonucleotides de novo biosynthesis I	46.6123922343
PWY-6545: pyrimidine deoxyribonucleotides de novo biosynthesis III	46.4248808350
PWY0-1477: ethanolamine utilization	45.4985613228
PWY0-1477: ethanolamine utilization|unclassified	8.6523576098
PWY-7013: (S)-propane-1,2-diol degradation	43.5274014919
PWY-7013: (S)-propane-1,2-diol degradation|g__Eubacterium.s__Eubacterium_hallii	14.7802122728
PWY-7371: 1,4-dihydroxy-6-naphthoate biosynthesis II	41.7573773270
PWY-7371: 1,4-dihydroxy-6-naphthoate biosynthesis II|g__Mitsuokella.s__Mitsuokella_jalaludinii	34.9415956529
GOLPDLCAT-PWY: superpathway of glycerol degradation to 1,3-propanediol	41.3413006053
GOLPDLCAT-PWY: superpathway of glycerol degradation to 1,3-propanediol|g__Blautia.s__Ruminococcus_torques	17.2085767704
GOLPDLCAT-PWY: superpathway of glycerol degradation to 1,3-propanediol|unclassified	10.7896557397
FUC-RHAMCAT-PWY: superpathway of fucose and rhamnose degradation	40.7307445765
PWY-6612: superpathway of tetrahydrofolate biosynthesis	40.6960887440
PWY-6519: 8-amino-7-oxononanoate biosynthesis I	39.6887136137
P461-PWY: hexitol fermentation to lactate, formate, ethanol and acetate	38.1596666280
P461-PWY: hexitol fermentation to lactate, formate, ethanol and acetate|unclassified	14.3252925116
PWY-702: L-methionine biosynthesis II	37.5424972340
PWY-702: L-methionine biosynthesis II|g__Blautia.s__Ruminococcus_torques	6.2159961413
PWY-7323: superpathway of GDP-mannose-derived O-antigen building blocks biosynthesis	37.4940643752
PWY-7196: superpathway of pyrimidine ribonucleosides salvage	36.5963436178
CENTFERM-PWY: pyruvate fermentation to butanoate	36.2471190409
PWY0-1298: superpathway of pyrimidine deoxyribonucleosides degradation	35.1554797489
PWY-7185: UTP and CTP dephosphorylation I	34.9754674975
PWY-7185: UTP and CTP dephosphorylation I|g__Faecalibacterium.s__Faecalibacterium_prausnitzii	14.9150816169
PWY1ZNC-1: assimilatory sulfate reduction IV	34.6280715179
PWY1ZNC-1: assimilatory sulfate reduction IV|unclassified	8.6245903221
SO4ASSIM-PWY: assimilatory sulfate reduction I	34.6280715179
ARGININE-SYN4-PWY: L-ornithine biosynthesis II	33.1260804767
ARGININE-SYN4-PWY: L-ornithine biosynthesis II|g__Catenibacterium.s__Catenibacterium_mitsuokai	5.7161982769
PWY-I9: L-cysteine biosynthesis VI (from L-methionine)	32.2833121713
PWY-I9: L-cysteine biosynthesis VI (from L-methionine)|g__Blautia.s__Ruminococcus_torques	13.1181727323
PWY-5840: superpathway of menaquinol-7 biosynthesis	32.1109597517
PWY-7209: superpathway of pyrimidine ribonucleosides degradation	30.8642196552
PWY-5897: superpathway of menaquinol-11 biosynthesis	30.3071986572
PWY-5898: superpathway of menaquinol-12 biosynthesis	30.3071986572
PWY-5899: superpathway of menaquinol-13 biosynthesis	30.3071986572
FUCCAT-PWY: fucose degradation	30.1813403328
FUCCAT-PWY: fucose degradation|g__Blautia.s__Ruminococcus_torques	8.4393041410
FUCCAT-PWY: fucose degradation|g__Blautia.s__Blautia_sp	1.2635466783
PWY4LZ-257: superpathway of fermentation (Chlamydomonas reinhardtii)	28.2542942883
PWY-5981: CDP-diacylglycerol biosynthesis III	27.4861323864
PWY-5981: CDP-diacylglycerol biosynthesis III|g__Streptococcus.s__Streptococcus_thermophilus	7.1974808817
PWY-5005: biotin biosynthesis II	24.9326705435
PWY-5005: biotin biosynthesis II|g__Blautia.s__Ruminococcus_torques	13.5531624516
PWY-5676: acetyl-CoA fermentation to butanoate II	24.7436664779
PWY-5676: acetyl-CoA fermentation to butanoate II|unclassified	7.1929101125
PWY-621: sucrose degradation III (sucrose invertase)	24.7206914761
PWY-621: sucrose degradation III (sucrose invertase)|g__Roseburia.s__Roseburia_faecis	7.8709169618
PWY-5367: petroselinate biosynthesis	24.6575612685
PWY-5367: petroselinate biosynthesis|g__Blautia.s__Ruminococcus_torques	18.6741827496
PWY-6902: chitin degradation II (Vibrio)	24.5181799331
PWY-6902: chitin degradation II (Vibrio)|unclassified	6.9025002913
POLYAMINSYN3-PWY: superpathway of polyamine biosynthesis II	24.2252369236
GLUDEG-I-PWY: GABA shunt	24.1343186792
CITRULBIO-PWY: L-citrulline biosynthesis	23.7426076873
P161-PWY: acetylene degradation (anaerobic)	23.0483297439
P161-PWY: acetylene degradation (anaerobic)|unclassified	8.6523576098
PWY-5497: purine nucleobases degradation II (anaerobic)	22.2036046708
PWY-6588: pyruvate fermentation to acetone	22.0778248120
PWY-6588: pyruvate fermentation to acetone|g__Coprococcus.s__Coprococcus_catus	6.4935064935
PWY-5030: L-histidine degradation III	21.6324590822
PWY-922: mevalonate pathway I (eukaryotes and bacteria)	21.5002912547
P185-PWY: formaldehyde assimilation III (dihydroxyacetone cycle)	20.2536776380
P185-PWY: formaldehyde assimilation III (dihydroxyacetone cycle)|unclassified	18.8809856465
PWY-4984: urea cycle	19.8572135063
PWY-5136: fatty acid &beta;-oxidation II (plant peroxisome)	16.6248371888
PWY-5136: fatty acid &beta;-oxidation II (plant peroxisome)|unclassified	5.6548614281
PWY-6293: superpathway of L-cysteine biosynthesis (fungi)	15.9163924540
PWY-6349: CDP-archaeol biosynthesis	14.5871721298
PWY-6349: CDP-archaeol biosynthesis|g__Methanobrevibacter.s__Methanobrevibacter_smithii	9.0566037736
PWY-5837: 2-carboxy-1,4-naphthoquinol biosynthesis	11.6846039914
PWY-6350: archaetidylinositol biosynthesis	11.2053974946
PWY-8112: factor 420 biosynthesis I (archaea)	10.5894811154
PWY-8112: factor 420 biosynthesis I (archaea)|g__Methanobrevibacter.s__Methanobrevibacter_smithii	10.5894811154
PWY-5209: methyl-coenzyme M oxidation to CO2	10.3942830478
PWY-5209: methyl-coenzyme M oxidation to CO2|g__Methanobrevibacter.s__Methanobrevibacter_smithii	10.3942830478
PWY-801: homocysteine and cysteine interconversion	9.6874621305
PWY-5198: factor 420 biosynthesis II (mycobacteria)	9.1102338293
PWY-5198: factor 420 biosynthesis II (mycobacteria)|g__Methanobrevibacter.s__Methanobrevibacter_smithii	9.1102338293
METHANOGENESIS-PWY: methanogenesis from H2 and CO2	8.8095361115
METHANOGENESIS-PWY: methanogenesis from H2 and CO2|g__Methanobrevibacter.s__Methanobrevibacter_smithii	8.8095361115
PWY-6435: 4-hydroxybenzoate biosynthesis III (plants)	8.6270512657
PWY-6435: 4-hydroxybenzoate biosynthesis III (plants)|unclassified	5.3419785277
HEMESYN2-PWY: heme b biosynthesis II (oxygen-independent)	7.8454166729
PWY-8113: 3PG-factor 420 biosynthesis	7.7792013393
PWY-7315: dTDP-N-acetylthomosamine biosynthesis	5.5586639050
PWY-7315: dTDP-N-acetylthomosamine biosynthesis|unclassified	5.4805864839