# Pathway	23_S63_L001_R2_001_Abundance
UNMAPPED	928503.7263186423
UNINTEGRATED	1138432.4421126659
UNINTEGRATED|unclassified	265623.0256517542
UNINTEGRATED|g__Clostridium.s__Clostridium_sp_CAG_510	67821.5746434322
UNINTEGRATED|g__Clostridium.s__Clostridium_sp_CAG_138	52346.4091947690
UNINTEGRATED|g__Clostridium.s__Clostridium_sp_CAG_349	51485.7149249939
UNINTEGRATED|g__Faecalibacterium.s__Faecalibacterium_prausnitzii	45811.7609598936
UNINTEGRATED|g__Firmicutes_unclassified.s__Firmicutes_bacterium_CAG_124	42391.7660486925
UNINTEGRATED|g__Methanosphaera.s__Methanosphaera_stadtmanae	40660.4356636100
UNINTEGRATED|g__Firmicutes_unclassified.s__Firmicutes_bacterium_CAG_313	38759.0578049731
UNINTEGRATED|g__Ruminococcus.s__Ruminococcus_bromii	38509.8111585021
UNINTEGRATED|g__Dorea.s__Dorea_longicatena	33974.2726509917
UNINTEGRATED|g__Methanobrevibacter.s__Methanobrevibacter_smithii	32935.2156315781
UNINTEGRATED|g__Clostridium.s__Clostridium_sp_CAG_226	32431.0075437202
UNINTEGRATED|g__Dorea.s__Dorea_formicigenerans	18428.3602470244
UNINTEGRATED|g__Ruminococcus.s__Ruminococcus_sp_CAG_177	17388.4072447500
UNINTEGRATED|g__Catenibacterium.s__Catenibacterium_mitsuokai	14769.8001966330
UNINTEGRATED|g__Blautia.s__Ruminococcus_torques	14670.6159186387
UNINTEGRATED|g__Roseburia.s__Roseburia_intestinalis	13787.1189659702
UNINTEGRATED|g__Clostridium.s__Clostridium_sp_CAG_413	13721.2690879961
UNINTEGRATED|g__Bacteroides.s__Bacteroides_uniformis	13234.3725085790
UNINTEGRATED|g__Prevotella.s__Prevotella_copri	12635.8626834001
UNINTEGRATED|g__Anaerostipes.s__Anaerostipes_hadrus	12517.0458987603
UNINTEGRATED|g__Blautia.s__Blautia_obeum	12111.9312817506
UNINTEGRATED|g__Roseburia.s__Roseburia_hominis	11351.0097727604
UNINTEGRATED|g__Acetobacter.s__Acetobacter_sp_CAG_977	11192.6462926263
UNINTEGRATED|g__Bacteroides.s__Bacteroides_vulgatus	10352.7871673315
UNINTEGRATED|g__Firmicutes_unclassified.s__Firmicutes_bacterium_CAG_65_45_313	9800.8049005757
UNINTEGRATED|g__Firmicutes_unclassified.s__Firmicutes_bacterium_CAG_460	9477.1352322729
UNINTEGRATED|g__Lachnospiraceae_unclassified.s__Eubacterium_rectale	9402.3983538379
UNINTEGRATED|g__Firmicutes_unclassified.s__Firmicutes_bacterium_CAG_129	9133.8850944950
UNINTEGRATED|g__Parabacteroides.s__Parabacteroides_johnsonii	8830.6255848080
UNINTEGRATED|g__Gemmiger.s__Gemmiger_formicilis	8646.4405319050
UNINTEGRATED|g__Clostridiales_unclassified.s__Clostridiales_bacterium_KLE1615	8634.5384281228
UNINTEGRATED|g__Firmicutes_unclassified.s__Firmicutes_bacterium_CAG_176	8360.5644274735
UNINTEGRATED|g__Desulfovibrio.s__Desulfovibrio_piger	6753.8586081499
UNINTEGRATED|g__Clostridium.s__Clostridium_sp_CAG_628	6458.2950195834
UNINTEGRATED|g__Clostridium.s__Clostridium_sp_CAG_217	6353.8456236908
UNINTEGRATED|g__Collinsella.s__Collinsella_aerofaciens	5435.0042688570
UNINTEGRATED|g__Blautia.s__Blautia_wexlerae	5368.2288583922
UNINTEGRATED|g__Roseburia.s__Roseburia_faecis	5176.4928140038
UNINTEGRATED|g__Coprococcus.s__Coprococcus_catus	5107.3816772612
UNINTEGRATED|g__Oscillibacter.s__Oscillibacter_sp_CAG_241	4849.7845537616
UNINTEGRATED|g__Oscillibacter.s__Oscillibacter_sp_57_20	4730.1332704171
UNINTEGRATED|g__Eubacterium.s__Eubacterium_sp_CAG_180	4357.3940004870
UNINTEGRATED|g__Blautia.s__Blautia_sp_CAG_52	3766.2139154457
UNINTEGRATED|g__Alistipes.s__Alistipes_shahii	3637.7493443815
UNINTEGRATED|g__Firmicutes_unclassified.s__Firmicutes_bacterium_CAG_83	3500.0576492111
UNINTEGRATED|g__Coprococcus.s__Coprococcus_comes	3199.0608067109
UNINTEGRATED|g__Eubacterium.s__Eubacterium_hallii	3161.8798474849
UNINTEGRATED|g__Firmicutes_unclassified.s__Firmicutes_bacterium_CAG_449	3070.9694742269
UNINTEGRATED|g__Butyrivibrio.s__Butyrivibrio_sp_CAG_318	2599.1785738995
UNINTEGRATED|g__Bacteroides.s__Bacteroides_dorei	2572.9095229934
UNINTEGRATED|g__Coraliomargarita.s__Coraliomargarita_sp_CAG_312	2505.6788213006
UNINTEGRATED|g__Coprococcus.s__Coprococcus_eutactus	2088.3805268982
UNINTEGRATED|g__Sutterella.s__Sutterella_sp_CAG_521	1980.2458333240
UNINTEGRATED|g__Bilophila.s__Bilophila_wadsworthia	1839.9263495307
UNINTEGRATED|g__Phascolarctobacterium.s__Phascolarctobacterium_succinatutens	1768.2286788018
UNINTEGRATED|g__Firmicutes_unclassified.s__Firmicutes_bacterium_CAG_95	1610.4563062961
UNINTEGRATED|g__Roseburia.s__Roseburia_sp_CAG_471	1373.3874888017
UNINTEGRATED|g__Firmicutes_unclassified.s__Firmicutes_bacterium_CAG_194	921.2930637464
TRNA-CHARGING-PWY: tRNA charging	1557.9963819388
TRNA-CHARGING-PWY: tRNA charging|unclassified	353.5596459344
TRNA-CHARGING-PWY: tRNA charging|g__Clostridium.s__Clostridium_sp_CAG_349	171.9018996256
TRNA-CHARGING-PWY: tRNA charging|g__Clostridium.s__Clostridium_sp_CAG_138	118.0468220169
TRNA-CHARGING-PWY: tRNA charging|g__Ruminococcus.s__Ruminococcus_sp_CAG_177	34.2060395935
TRNA-CHARGING-PWY: tRNA charging|g__Faecalibacterium.s__Faecalibacterium_prausnitzii	25.3480473435
TRNA-CHARGING-PWY: tRNA charging|g__Catenibacterium.s__Catenibacterium_mitsuokai	13.1239654565
TRNA-CHARGING-PWY: tRNA charging|g__Anaerostipes.s__Anaerostipes_hadrus	12.8241444628
TRNA-CHARGING-PWY: tRNA charging|g__Desulfovibrio.s__Desulfovibrio_piger	11.1307149146
TRNA-CHARGING-PWY: tRNA charging|g__Alistipes.s__Alistipes_shahii	9.2760550280
TRNA-CHARGING-PWY: tRNA charging|g__Bacteroides.s__Bacteroides_uniformis	3.5147107623
PWY-6609: adenine and adenosine salvage III	1531.2000043525
PWY-6609: adenine and adenosine salvage III|unclassified	260.0313072941
PWY-6609: adenine and adenosine salvage III|g__Clostridium.s__Clostridium_sp_CAG_349	161.9986850756
PWY-6609: adenine and adenosine salvage III|g__Clostridium.s__Clostridium_sp_CAG_138	131.8501554065
PWY-6609: adenine and adenosine salvage III|g__Firmicutes_unclassified.s__Firmicutes_bacterium_CAG_124	107.6525433902
PWY-6609: adenine and adenosine salvage III|g__Firmicutes_unclassified.s__Firmicutes_bacterium_CAG_313	78.3246389960
PWY-6609: adenine and adenosine salvage III|g__Clostridium.s__Clostridium_sp_CAG_510	73.1862344502
PWY-6609: adenine and adenosine salvage III|g__Clostridium.s__Clostridium_sp_CAG_226	65.5430711610
PWY-6609: adenine and adenosine salvage III|g__Firmicutes_unclassified.s__Firmicutes_bacterium_CAG_129	29.3511802188
PWY-6609: adenine and adenosine salvage III|g__Dorea.s__Dorea_longicatena	28.6877162785
PWY-6609: adenine and adenosine salvage III|g__Clostridium.s__Clostridium_sp_CAG_413	22.8571428571
PWY-6609: adenine and adenosine salvage III|g__Ruminococcus.s__Ruminococcus_sp_CAG_177	22.4655995507
PWY-6609: adenine and adenosine salvage III|g__Catenibacterium.s__Catenibacterium_mitsuokai	17.2022373775
PWY-6609: adenine and adenosine salvage III|g__Alistipes.s__Alistipes_shahii	14.5379023884
PWY-6609: adenine and adenosine salvage III|g__Faecalibacterium.s__Faecalibacterium_prausnitzii	13.1566756231
PWY-6609: adenine and adenosine salvage III|g__Anaerostipes.s__Anaerostipes_hadrus	13.1406044678
PWY-6609: adenine and adenosine salvage III|g__Clostridium.s__Clostridium_sp_CAG_217	11.3590263692
PWY-6609: adenine and adenosine salvage III|g__Desulfovibrio.s__Desulfovibrio_piger	10.8621860149
PWY-6609: adenine and adenosine salvage III|g__Firmicutes_unclassified.s__Firmicutes_bacterium_CAG_65_45_313	10.2283105023
PWY-6609: adenine and adenosine salvage III|g__Roseburia.s__Roseburia_hominis	9.8909347816
PWY-6609: adenine and adenosine salvage III|g__Firmicutes_unclassified.s__Firmicutes_bacterium_CAG_83	9.7323600973
PWY-6609: adenine and adenosine salvage III|g__Parabacteroides.s__Parabacteroides_johnsonii	9.5034449988
PWY-6609: adenine and adenosine salvage III|g__Firmicutes_unclassified.s__Firmicutes_bacterium_CAG_176	9.4462156099
PWY-6609: adenine and adenosine salvage III|g__Dorea.s__Dorea_formicigenerans	8.5383936592
PWY-6609: adenine and adenosine salvage III|g__Bilophila.s__Bilophila_wadsworthia	6.7739204064
PWY-6609: adenine and adenosine salvage III|g__Blautia.s__Blautia_wexlerae	6.3371356147
PWY-6609: adenine and adenosine salvage III|g__Blautia.s__Blautia_sp_CAG_52	3.2560032560
PWY-6609: adenine and adenosine salvage III|g__Bacteroides.s__Bacteroides_vulgatus	1.9260864331
PWY-7238: sucrose biosynthesis II	1492.2020465384
PWY-7238: sucrose biosynthesis II|g__Clostridium.s__Clostridium_sp_CAG_510	200.7874617960
PWY-7238: sucrose biosynthesis II|unclassified	178.3502214241
PWY-7238: sucrose biosynthesis II|g__Clostridium.s__Clostridium_sp_CAG_349	111.6770071303
PWY-7238: sucrose biosynthesis II|g__Clostridium.s__Clostridium_sp_CAG_138	110.7602695706
PWY-7238: sucrose biosynthesis II|g__Ruminococcus.s__Ruminococcus_bromii	102.0164489859
PWY-7238: sucrose biosynthesis II|g__Firmicutes_unclassified.s__Firmicutes_bacterium_CAG_313	77.8316690442
PWY-7238: sucrose biosynthesis II|g__Firmicutes_unclassified.s__Firmicutes_bacterium_CAG_124	70.2394103890
PWY-7238: sucrose biosynthesis II|g__Faecalibacterium.s__Faecalibacterium_prausnitzii	58.2115039840
PWY-7238: sucrose biosynthesis II|g__Clostridium.s__Clostridium_sp_CAG_226	56.0391265290
PWY-7238: sucrose biosynthesis II|g__Dorea.s__Dorea_longicatena	54.5850477646
PWY-7238: sucrose biosynthesis II|g__Acetobacter.s__Acetobacter_sp_CAG_977	40.9937907268
PWY-7238: sucrose biosynthesis II|g__Firmicutes_unclassified.s__Firmicutes_bacterium_CAG_65_45_313	36.8769537317
PWY-7238: sucrose biosynthesis II|g__Clostridium.s__Clostridium_sp_CAG_413	28.7358650011
PWY-7238: sucrose biosynthesis II|g__Roseburia.s__Roseburia_hominis	27.5012821275
PWY-7238: sucrose biosynthesis II|g__Firmicutes_unclassified.s__Firmicutes_bacterium_CAG_129	22.6219330697
PWY-7238: sucrose biosynthesis II|g__Dorea.s__Dorea_formicigenerans	21.8035656316
PWY-7238: sucrose biosynthesis II|g__Firmicutes_unclassified.s__Firmicutes_bacterium_CAG_176	18.3997769724
PWY-7238: sucrose biosynthesis II|g__Catenibacterium.s__Catenibacterium_mitsuokai	17.7629717175
PWY-7238: sucrose biosynthesis II|g__Gemmiger.s__Gemmiger_formicilis	17.5714026931
PWY-7238: sucrose biosynthesis II|g__Blautia.s__Ruminococcus_torques	17.2079774451
PWY-7238: sucrose biosynthesis II|g__Anaerostipes.s__Anaerostipes_hadrus	16.4261233713
PWY-7238: sucrose biosynthesis II|g__Clostridium.s__Clostridium_sp_CAG_217	16.3012803375
PWY-7238: sucrose biosynthesis II|g__Collinsella.s__Collinsella_aerofaciens	15.2091946686
PWY-7238: sucrose biosynthesis II|g__Blautia.s__Blautia_sp_CAG_52	11.5102195870
PWY-7238: sucrose biosynthesis II|g__Roseburia.s__Roseburia_intestinalis	11.4414157789
PWY-7238: sucrose biosynthesis II|g__Eubacterium.s__Eubacterium_sp_CAG_180	9.6165404496
PWY-7238: sucrose biosynthesis II|g__Oscillibacter.s__Oscillibacter_sp_CAG_241	7.6511094109
PWY-7238: sucrose biosynthesis II|g__Firmicutes_unclassified.s__Firmicutes_bacterium_CAG_83	7.5227932458
PWY-7238: sucrose biosynthesis II|g__Roseburia.s__Roseburia_sp_CAG_471	6.5639408377
PWY-7238: sucrose biosynthesis II|g__Bacteroides.s__Bacteroides_uniformis	6.4529138939
PWY-7238: sucrose biosynthesis II|g__Clostridiales_unclassified.s__Clostridiales_bacterium_KLE1615	6.3378886908
PWY-7238: sucrose biosynthesis II|g__Blautia.s__Blautia_obeum	4.7930988381
PWY-7238: sucrose biosynthesis II|g__Blautia.s__Blautia_wexlerae	3.8474831966
PWY-7238: sucrose biosynthesis II|g__Lachnospiraceae_unclassified.s__Eubacterium_rectale	2.8320589068
PWY-3841: folate transformations II (plants)	1455.8233418399
PWY-3841: folate transformations II (plants)|unclassified	380.1010621658
PWY-3841: folate transformations II (plants)|g__Firmicutes_unclassified.s__Firmicutes_bacterium_CAG_313	114.2708263496
PWY-3841: folate transformations II (plants)|g__Clostridium.s__Clostridium_sp_CAG_510	76.2540805901
PWY-3841: folate transformations II (plants)|g__Ruminococcus.s__Ruminococcus_sp_CAG_177	37.7794876827
PWY-3841: folate transformations II (plants)|g__Firmicutes_unclassified.s__Firmicutes_bacterium_CAG_129	35.2207587494
PWY-3841: folate transformations II (plants)|g__Firmicutes_unclassified.s__Firmicutes_bacterium_CAG_460	34.9866055484
PWY-3841: folate transformations II (plants)|g__Catenibacterium.s__Catenibacterium_mitsuokai	24.6303487159
PWY-3841: folate transformations II (plants)|g__Clostridium.s__Clostridium_sp_CAG_413	23.3545884781
PWY-3841: folate transformations II (plants)|g__Roseburia.s__Roseburia_hominis	21.6048600916
PWY-3841: folate transformations II (plants)|g__Firmicutes_unclassified.s__Firmicutes_bacterium_CAG_176	20.0577855250
PWY-3841: folate transformations II (plants)|g__Anaerostipes.s__Anaerostipes_hadrus	13.6152385940
PWY-3841: folate transformations II (plants)|g__Blautia.s__Ruminococcus_torques	8.0748110237
PWY-3841: folate transformations II (plants)|g__Parabacteroides.s__Parabacteroides_johnsonii	6.6304001582
PWY-3841: folate transformations II (plants)|g__Bacteroides.s__Bacteroides_vulgatus	4.8748790043
GLYCOGENSYNTH-PWY: glycogen biosynthesis I (from ADP-D-Glucose)	1406.1725771279
GLYCOGENSYNTH-PWY: glycogen biosynthesis I (from ADP-D-Glucose)|unclassified	186.1152623006
GLYCOGENSYNTH-PWY: glycogen biosynthesis I (from ADP-D-Glucose)|g__Clostridium.s__Clostridium_sp_CAG_349	176.0576547547
GLYCOGENSYNTH-PWY: glycogen biosynthesis I (from ADP-D-Glucose)|g__Clostridium.s__Clostridium_sp_CAG_138	121.4473830921
GLYCOGENSYNTH-PWY: glycogen biosynthesis I (from ADP-D-Glucose)|g__Clostridium.s__Clostridium_sp_CAG_510	101.4723044850
GLYCOGENSYNTH-PWY: glycogen biosynthesis I (from ADP-D-Glucose)|g__Ruminococcus.s__Ruminococcus_bromii	93.5178330078
GLYCOGENSYNTH-PWY: glycogen biosynthesis I (from ADP-D-Glucose)|g__Firmicutes_unclassified.s__Firmicutes_bacterium_CAG_313	81.1179331521
GLYCOGENSYNTH-PWY: glycogen biosynthesis I (from ADP-D-Glucose)|g__Clostridium.s__Clostridium_sp_CAG_226	57.1546831174
GLYCOGENSYNTH-PWY: glycogen biosynthesis I (from ADP-D-Glucose)|g__Dorea.s__Dorea_longicatena	54.7595006632
GLYCOGENSYNTH-PWY: glycogen biosynthesis I (from ADP-D-Glucose)|g__Faecalibacterium.s__Faecalibacterium_prausnitzii	43.6048789767
GLYCOGENSYNTH-PWY: glycogen biosynthesis I (from ADP-D-Glucose)|g__Firmicutes_unclassified.s__Firmicutes_bacterium_CAG_124	43.1448482542
GLYCOGENSYNTH-PWY: glycogen biosynthesis I (from ADP-D-Glucose)|g__Ruminococcus.s__Ruminococcus_sp_CAG_177	35.9066289586
GLYCOGENSYNTH-PWY: glycogen biosynthesis I (from ADP-D-Glucose)|g__Anaerostipes.s__Anaerostipes_hadrus	24.2735966490
GLYCOGENSYNTH-PWY: glycogen biosynthesis I (from ADP-D-Glucose)|g__Blautia.s__Ruminococcus_torques	23.5152869103
GLYCOGENSYNTH-PWY: glycogen biosynthesis I (from ADP-D-Glucose)|g__Clostridium.s__Clostridium_sp_CAG_413	22.4229664154
GLYCOGENSYNTH-PWY: glycogen biosynthesis I (from ADP-D-Glucose)|g__Catenibacterium.s__Catenibacterium_mitsuokai	20.5050832382
GLYCOGENSYNTH-PWY: glycogen biosynthesis I (from ADP-D-Glucose)|g__Roseburia.s__Roseburia_hominis	20.4191974776
GLYCOGENSYNTH-PWY: glycogen biosynthesis I (from ADP-D-Glucose)|g__Firmicutes_unclassified.s__Firmicutes_bacterium_CAG_176	18.7155072283
GLYCOGENSYNTH-PWY: glycogen biosynthesis I (from ADP-D-Glucose)|g__Clostridium.s__Clostridium_sp_CAG_217	17.6086017775
GLYCOGENSYNTH-PWY: glycogen biosynthesis I (from ADP-D-Glucose)|g__Firmicutes_unclassified.s__Firmicutes_bacterium_CAG_65_45_313	17.4747303708
GLYCOGENSYNTH-PWY: glycogen biosynthesis I (from ADP-D-Glucose)|g__Dorea.s__Dorea_formicigenerans	16.3515226166
GLYCOGENSYNTH-PWY: glycogen biosynthesis I (from ADP-D-Glucose)|g__Eubacterium.s__Eubacterium_sp_CAG_180	10.1758514326
GLYCOGENSYNTH-PWY: glycogen biosynthesis I (from ADP-D-Glucose)|g__Blautia.s__Blautia_sp_CAG_52	9.3916129161
GLYCOGENSYNTH-PWY: glycogen biosynthesis I (from ADP-D-Glucose)|g__Blautia.s__Blautia_obeum	8.0449314938
GLYCOGENSYNTH-PWY: glycogen biosynthesis I (from ADP-D-Glucose)|g__Coprococcus.s__Coprococcus_catus	7.7346504409
GLYCOGENSYNTH-PWY: glycogen biosynthesis I (from ADP-D-Glucose)|g__Roseburia.s__Roseburia_faecis	6.2454141324
GLYCOGENSYNTH-PWY: glycogen biosynthesis I (from ADP-D-Glucose)|g__Coprococcus.s__Coprococcus_comes	5.4536672703
GLYCOGENSYNTH-PWY: glycogen biosynthesis I (from ADP-D-Glucose)|g__Blautia.s__Blautia_wexlerae	4.6742656076
GLYCOGENSYNTH-PWY: glycogen biosynthesis I (from ADP-D-Glucose)|g__Roseburia.s__Roseburia_sp_CAG_471	3.4046282114
PWY-6163: chorismate biosynthesis from 3-dehydroquinate	1359.8512536319
PWY-6163: chorismate biosynthesis from 3-dehydroquinate|unclassified	251.0629811995
PWY-6163: chorismate biosynthesis from 3-dehydroquinate|g__Clostridium.s__Clostridium_sp_CAG_349	143.1925887204
PWY-6163: chorismate biosynthesis from 3-dehydroquinate|g__Clostridium.s__Clostridium_sp_CAG_138	106.1095969268
PWY-6163: chorismate biosynthesis from 3-dehydroquinate|g__Ruminococcus.s__Ruminococcus_bromii	102.4395253953
PWY-6163: chorismate biosynthesis from 3-dehydroquinate|g__Clostridium.s__Clostridium_sp_CAG_510	95.5570892383
PWY-6163: chorismate biosynthesis from 3-dehydroquinate|g__Clostridium.s__Clostridium_sp_CAG_226	65.7280238641
PWY-6163: chorismate biosynthesis from 3-dehydroquinate|g__Faecalibacterium.s__Faecalibacterium_prausnitzii	48.7711896145
PWY-6163: chorismate biosynthesis from 3-dehydroquinate|g__Methanobrevibacter.s__Methanobrevibacter_smithii	45.7196805957
PWY-6163: chorismate biosynthesis from 3-dehydroquinate|g__Ruminococcus.s__Ruminococcus_sp_CAG_177	35.5410327621
PWY-6163: chorismate biosynthesis from 3-dehydroquinate|g__Firmicutes_unclassified.s__Firmicutes_bacterium_CAG_124	34.1741408220
PWY-6163: chorismate biosynthesis from 3-dehydroquinate|g__Acetobacter.s__Acetobacter_sp_CAG_977	24.3942522006
PWY-6163: chorismate biosynthesis from 3-dehydroquinate|g__Clostridium.s__Clostridium_sp_CAG_413	21.2318467546
PWY-6163: chorismate biosynthesis from 3-dehydroquinate|g__Anaerostipes.s__Anaerostipes_hadrus	18.2621906458
PWY-6163: chorismate biosynthesis from 3-dehydroquinate|g__Desulfovibrio.s__Desulfovibrio_piger	18.2479804888
PWY-6163: chorismate biosynthesis from 3-dehydroquinate|g__Firmicutes_unclassified.s__Firmicutes_bacterium_CAG_176	16.4478886604
PWY-6163: chorismate biosynthesis from 3-dehydroquinate|g__Clostridium.s__Clostridium_sp_CAG_217	15.6430831127
PWY-6163: chorismate biosynthesis from 3-dehydroquinate|g__Bacteroides.s__Bacteroides_uniformis	13.3390500691
PWY-6163: chorismate biosynthesis from 3-dehydroquinate|g__Catenibacterium.s__Catenibacterium_mitsuokai	13.2725381300
PWY-6163: chorismate biosynthesis from 3-dehydroquinate|g__Roseburia.s__Roseburia_hominis	12.2133471761
PWY-6163: chorismate biosynthesis from 3-dehydroquinate|g__Alistipes.s__Alistipes_shahii	10.3932097696
PWY-6163: chorismate biosynthesis from 3-dehydroquinate|g__Parabacteroides.s__Parabacteroides_johnsonii	10.1750101750
PWY-6163: chorismate biosynthesis from 3-dehydroquinate|g__Blautia.s__Ruminococcus_torques	8.9963270391
PWY-6163: chorismate biosynthesis from 3-dehydroquinate|g__Firmicutes_unclassified.s__Firmicutes_bacterium_CAG_65_45_313	8.5107145417
PWY-6163: chorismate biosynthesis from 3-dehydroquinate|g__Dorea.s__Dorea_formicigenerans	8.3435900904
PWY-6163: chorismate biosynthesis from 3-dehydroquinate|g__Coprococcus.s__Coprococcus_catus	7.1381954642
PWY-6163: chorismate biosynthesis from 3-dehydroquinate|g__Blautia.s__Blautia_sp_CAG_52	6.2875569248
PWY-6163: chorismate biosynthesis from 3-dehydroquinate|g__Firmicutes_unclassified.s__Firmicutes_bacterium_CAG_194	5.6689342404
PWY-6163: chorismate biosynthesis from 3-dehydroquinate|g__Blautia.s__Blautia_obeum	3.5828765541
PWY-6163: chorismate biosynthesis from 3-dehydroquinate|g__Roseburia.s__Roseburia_sp_CAG_471	2.8336639275
PWY-6700: queuosine biosynthesis I (de novo)	1294.0037977808
PWY-6700: queuosine biosynthesis I (de novo)|unclassified	274.5547949551
PWY-6700: queuosine biosynthesis I (de novo)|g__Clostridium.s__Clostridium_sp_CAG_349	136.5087895691
PWY-6700: queuosine biosynthesis I (de novo)|g__Firmicutes_unclassified.s__Firmicutes_bacterium_CAG_313	95.5931244767
PWY-6700: queuosine biosynthesis I (de novo)|g__Clostridium.s__Clostridium_sp_CAG_510	73.4706907027
PWY-6700: queuosine biosynthesis I (de novo)|g__Ruminococcus.s__Ruminococcus_bromii	65.5071348376
PWY-6700: queuosine biosynthesis I (de novo)|g__Firmicutes_unclassified.s__Firmicutes_bacterium_CAG_124	58.6048082431
PWY-6700: queuosine biosynthesis I (de novo)|g__Ruminococcus.s__Ruminococcus_sp_CAG_177	39.9475646253
PWY-6700: queuosine biosynthesis I (de novo)|g__Firmicutes_unclassified.s__Firmicutes_bacterium_CAG_460	30.1789657047
PWY-6700: queuosine biosynthesis I (de novo)|g__Acetobacter.s__Acetobacter_sp_CAG_977	24.0264216764
PWY-6700: queuosine biosynthesis I (de novo)|g__Dorea.s__Dorea_longicatena	23.1205947706
PWY-6700: queuosine biosynthesis I (de novo)|g__Firmicutes_unclassified.s__Firmicutes_bacterium_CAG_129	18.0290396317
PWY-6700: queuosine biosynthesis I (de novo)|g__Firmicutes_unclassified.s__Firmicutes_bacterium_CAG_176	16.5798860800
PWY-6700: queuosine biosynthesis I (de novo)|g__Firmicutes_unclassified.s__Firmicutes_bacterium_CAG_65_45_313	16.5265378059
PWY-6700: queuosine biosynthesis I (de novo)|g__Catenibacterium.s__Catenibacterium_mitsuokai	15.6190840186
PWY-6700: queuosine biosynthesis I (de novo)|g__Clostridium.s__Clostridium_sp_CAG_413	15.4637642371
PWY-6700: queuosine biosynthesis I (de novo)|g__Clostridium.s__Clostridium_sp_CAG_628	15.2550452884
PWY-6700: queuosine biosynthesis I (de novo)|g__Roseburia.s__Roseburia_hominis	12.5405938695
PWY-6700: queuosine biosynthesis I (de novo)|g__Coprococcus.s__Coprococcus_catus	12.2505231994
PWY-6700: queuosine biosynthesis I (de novo)|g__Anaerostipes.s__Anaerostipes_hadrus	12.1615752136
PWY-6700: queuosine biosynthesis I (de novo)|g__Desulfovibrio.s__Desulfovibrio_piger	11.3464447806
PWY-6700: queuosine biosynthesis I (de novo)|g__Clostridium.s__Clostridium_sp_CAG_217	9.6269554753
PWY-6700: queuosine biosynthesis I (de novo)|g__Blautia.s__Ruminococcus_torques	8.7869520594
PWY-6700: queuosine biosynthesis I (de novo)|g__Faecalibacterium.s__Faecalibacterium_prausnitzii	8.7306373441
PWY-6700: queuosine biosynthesis I (de novo)|g__Collinsella.s__Collinsella_aerofaciens	8.4647225710
PWY-6700: queuosine biosynthesis I (de novo)|g__Parabacteroides.s__Parabacteroides_johnsonii	7.6609002214
PWY-6700: queuosine biosynthesis I (de novo)|g__Bilophila.s__Bilophila_wadsworthia	6.9816731081
PWY-6700: queuosine biosynthesis I (de novo)|g__Coraliomargarita.s__Coraliomargarita_sp_CAG_312	6.1871616396
PWY-6700: queuosine biosynthesis I (de novo)|g__Bacteroides.s__Bacteroides_vulgatus	5.9127864006
PWY-6700: queuosine biosynthesis I (de novo)|g__Bacteroides.s__Bacteroides_uniformis	4.8917885464
PWY-6700: queuosine biosynthesis I (de novo)|g__Blautia.s__Blautia_obeum	3.5078657404
PWY-6700: queuosine biosynthesis I (de novo)|g__Blautia.s__Blautia_sp_CAG_52	3.1829394446
PWY0-1296: purine ribonucleosides degradation	1243.2908538141
PWY0-1296: purine ribonucleosides degradation|unclassified	228.4091957800
PWY0-1296: purine ribonucleosides degradation|g__Clostridium.s__Clostridium_sp_CAG_349	147.0606430606
PWY0-1296: purine ribonucleosides degradation|g__Clostridium.s__Clostridium_sp_CAG_138	122.4998721162
PWY0-1296: purine ribonucleosides degradation|g__Firmicutes_unclassified.s__Firmicutes_bacterium_CAG_313	78.5238172655
PWY0-1296: purine ribonucleosides degradation|g__Clostridium.s__Clostridium_sp_CAG_510	75.7579064539
PWY0-1296: purine ribonucleosides degradation|g__Firmicutes_unclassified.s__Firmicutes_bacterium_CAG_124	73.7723639132
PWY0-1296: purine ribonucleosides degradation|g__Clostridium.s__Clostridium_sp_CAG_226	57.0568101035
PWY0-1296: purine ribonucleosides degradation|g__Acetobacter.s__Acetobacter_sp_CAG_977	31.8908841134
PWY0-1296: purine ribonucleosides degradation|g__Dorea.s__Dorea_longicatena	29.6578984892
PWY0-1296: purine ribonucleosides degradation|g__Faecalibacterium.s__Faecalibacterium_prausnitzii	29.3138595722
PWY0-1296: purine ribonucleosides degradation|g__Ruminococcus.s__Ruminococcus_sp_CAG_177	23.2108317215
PWY0-1296: purine ribonucleosides degradation|g__Clostridium.s__Clostridium_sp_CAG_628	12.4113475177
PWY0-1296: purine ribonucleosides degradation|g__Anaerostipes.s__Anaerostipes_hadrus	12.0982524746
PWY0-1296: purine ribonucleosides degradation|g__Blautia.s__Blautia_obeum	10.5863810721
PWY0-1296: purine ribonucleosides degradation|g__Catenibacterium.s__Catenibacterium_mitsuokai	10.5809695681
PWY0-1296: purine ribonucleosides degradation|g__Roseburia.s__Roseburia_hominis	10.1596993894
PWY0-1296: purine ribonucleosides degradation|g__Dorea.s__Dorea_formicigenerans	8.1229887046
PWY0-1296: purine ribonucleosides degradation|g__Firmicutes_unclassified.s__Firmicutes_bacterium_CAG_65_45_313	8.1018518519
PWY0-1296: purine ribonucleosides degradation|g__Gemmiger.s__Gemmiger_formicilis	7.9078174424
PWY0-1296: purine ribonucleosides degradation|g__Firmicutes_unclassified.s__Firmicutes_bacterium_CAG_449	7.6465590484
PWY0-1296: purine ribonucleosides degradation|g__Blautia.s__Blautia_sp_CAG_52	3.3400133601
NONMEVIPP-PWY: methylerythritol phosphate pathway I	1230.5652110410
NONMEVIPP-PWY: methylerythritol phosphate pathway I|unclassified	250.9980349796
NONMEVIPP-PWY: methylerythritol phosphate pathway I|g__Firmicutes_unclassified.s__Firmicutes_bacterium_CAG_313	97.5449150682
NONMEVIPP-PWY: methylerythritol phosphate pathway I|g__Clostridium.s__Clostridium_sp_CAG_510	82.1698932185
NONMEVIPP-PWY: methylerythritol phosphate pathway I|g__Ruminococcus.s__Ruminococcus_bromii	74.2830714836
NONMEVIPP-PWY: methylerythritol phosphate pathway I|g__Clostridium.s__Clostridium_sp_CAG_226	56.6106565964
NONMEVIPP-PWY: methylerythritol phosphate pathway I|g__Dorea.s__Dorea_longicatena	27.4013644121
NONMEVIPP-PWY: methylerythritol phosphate pathway I|g__Firmicutes_unclassified.s__Firmicutes_bacterium_CAG_129	23.9672866808
NONMEVIPP-PWY: methylerythritol phosphate pathway I|g__Acetobacter.s__Acetobacter_sp_CAG_977	22.9500313546
NONMEVIPP-PWY: methylerythritol phosphate pathway I|g__Catenibacterium.s__Catenibacterium_mitsuokai	13.4932287702
NONMEVIPP-PWY: methylerythritol phosphate pathway I|g__Clostridium.s__Clostridium_sp_CAG_217	11.2573440163
NONMEVIPP-PWY: methylerythritol phosphate pathway I|g__Anaerostipes.s__Anaerostipes_hadrus	10.5473336116
NONMEVIPP-PWY: methylerythritol phosphate pathway I|g__Blautia.s__Blautia_sp_CAG_52	8.6201588572
NONMEVIPP-PWY: methylerythritol phosphate pathway I|g__Coprococcus.s__Coprococcus_catus	7.7344237101
NONMEVIPP-PWY: methylerythritol phosphate pathway I|g__Eubacterium.s__Eubacterium_sp_CAG_180	7.0950172363
NONMEVIPP-PWY: methylerythritol phosphate pathway I|g__Blautia.s__Ruminococcus_torques	3.1872685394
PEPTIDOGLYCANSYN-PWY: peptidoglycan biosynthesis I (meso-diaminopimelate containing)	1216.3370075283
PEPTIDOGLYCANSYN-PWY: peptidoglycan biosynthesis I (meso-diaminopimelate containing)|unclassified	301.9623195798
PEPTIDOGLYCANSYN-PWY: peptidoglycan biosynthesis I (meso-diaminopimelate containing)|g__Clostridium.s__Clostridium_sp_CAG_510	88.5656903450
PEPTIDOGLYCANSYN-PWY: peptidoglycan biosynthesis I (meso-diaminopimelate containing)|g__Clostridium.s__Clostridium_sp_CAG_226	59.0575325896
PEPTIDOGLYCANSYN-PWY: peptidoglycan biosynthesis I (meso-diaminopimelate containing)|g__Dorea.s__Dorea_longicatena	27.8383476353
PEPTIDOGLYCANSYN-PWY: peptidoglycan biosynthesis I (meso-diaminopimelate containing)|g__Firmicutes_unclassified.s__Firmicutes_bacterium_CAG_176	23.3320369804
PEPTIDOGLYCANSYN-PWY: peptidoglycan biosynthesis I (meso-diaminopimelate containing)|g__Catenibacterium.s__Catenibacterium_mitsuokai	12.3739565284
PEPTIDOGLYCANSYN-PWY: peptidoglycan biosynthesis I (meso-diaminopimelate containing)|g__Anaerostipes.s__Anaerostipes_hadrus	11.9733012056
PEPTIDOGLYCANSYN-PWY: peptidoglycan biosynthesis I (meso-diaminopimelate containing)|g__Blautia.s__Ruminococcus_torques	10.9134411293
PEPTIDOGLYCANSYN-PWY: peptidoglycan biosynthesis I (meso-diaminopimelate containing)|g__Dorea.s__Dorea_formicigenerans	10.5467706579
PEPTIDOGLYCANSYN-PWY: peptidoglycan biosynthesis I (meso-diaminopimelate containing)|g__Desulfovibrio.s__Desulfovibrio_piger	8.7943142664
PEPTIDOGLYCANSYN-PWY: peptidoglycan biosynthesis I (meso-diaminopimelate containing)|g__Roseburia.s__Roseburia_hominis	3.5490302671
PWY-6386: UDP-N-acetylmuramoyl-pentapeptide biosynthesis II (lysine-containing)	1211.1638850014
PWY-6386: UDP-N-acetylmuramoyl-pentapeptide biosynthesis II (lysine-containing)|unclassified	290.5490373914
PWY-6386: UDP-N-acetylmuramoyl-pentapeptide biosynthesis II (lysine-containing)|g__Clostridium.s__Clostridium_sp_CAG_510	93.3432213479
PWY-6386: UDP-N-acetylmuramoyl-pentapeptide biosynthesis II (lysine-containing)|g__Dorea.s__Dorea_longicatena	28.4662931947
PWY-6386: UDP-N-acetylmuramoyl-pentapeptide biosynthesis II (lysine-containing)|g__Anaerostipes.s__Anaerostipes_hadrus	13.5610687169
PWY-6386: UDP-N-acetylmuramoyl-pentapeptide biosynthesis II (lysine-containing)|g__Dorea.s__Dorea_formicigenerans	11.9696533980
PWY-6386: UDP-N-acetylmuramoyl-pentapeptide biosynthesis II (lysine-containing)|g__Collinsella.s__Collinsella_aerofaciens	9.2684262633
PWY-6386: UDP-N-acetylmuramoyl-pentapeptide biosynthesis II (lysine-containing)|g__Catenibacterium.s__Catenibacterium_mitsuokai	5.9892559313
PWY-7221: guanosine ribonucleotides de novo biosynthesis	1206.4679165737
PWY-7221: guanosine ribonucleotides de novo biosynthesis|unclassified	280.8332613782
PWY-7221: guanosine ribonucleotides de novo biosynthesis|g__Clostridium.s__Clostridium_sp_CAG_349	164.8780704502
PWY-7221: guanosine ribonucleotides de novo biosynthesis|g__Clostridium.s__Clostridium_sp_CAG_510	90.4226274981
PWY-7221: guanosine ribonucleotides de novo biosynthesis|g__Firmicutes_unclassified.s__Firmicutes_bacterium_CAG_313	88.8207186700
PWY-7221: guanosine ribonucleotides de novo biosynthesis|g__Ruminococcus.s__Ruminococcus_bromii	57.4835643593
PWY-7221: guanosine ribonucleotides de novo biosynthesis|g__Methanobrevibacter.s__Methanobrevibacter_smithii	49.0284008812
PWY-7221: guanosine ribonucleotides de novo biosynthesis|g__Dorea.s__Dorea_longicatena	28.0248212562
PWY-7221: guanosine ribonucleotides de novo biosynthesis|g__Faecalibacterium.s__Faecalibacterium_prausnitzii	24.7441232707
PWY-7221: guanosine ribonucleotides de novo biosynthesis|g__Catenibacterium.s__Catenibacterium_mitsuokai	18.5919076592
PWY-7221: guanosine ribonucleotides de novo biosynthesis|g__Clostridium.s__Clostridium_sp_CAG_217	14.1762945499
PWY-7221: guanosine ribonucleotides de novo biosynthesis|g__Blautia.s__Ruminococcus_torques	13.6983679504
PWY-7221: guanosine ribonucleotides de novo biosynthesis|g__Firmicutes_unclassified.s__Firmicutes_bacterium_CAG_65_45_313	13.4719014627
PWY-7221: guanosine ribonucleotides de novo biosynthesis|g__Alistipes.s__Alistipes_shahii	12.4641916343
PWY-7221: guanosine ribonucleotides de novo biosynthesis|g__Anaerostipes.s__Anaerostipes_hadrus	10.4144314264
PWY-7221: guanosine ribonucleotides de novo biosynthesis|g__Collinsella.s__Collinsella_aerofaciens	10.1626016260
PWY-7221: guanosine ribonucleotides de novo biosynthesis|g__Roseburia.s__Roseburia_hominis	8.1727870842
PWY-7221: guanosine ribonucleotides de novo biosynthesis|g__Dorea.s__Dorea_formicigenerans	7.1384819620
PWY-7221: guanosine ribonucleotides de novo biosynthesis|g__Bacteroides.s__Bacteroides_vulgatus	5.8811174123
PWY-7221: guanosine ribonucleotides de novo biosynthesis|g__Butyrivibrio.s__Butyrivibrio_sp_CAG_318	5.3015241882
PWY-7221: guanosine ribonucleotides de novo biosynthesis|g__Roseburia.s__Roseburia_intestinalis	4.0976109465
PWY-7221: guanosine ribonucleotides de novo biosynthesis|g__Blautia.s__Blautia_wexlerae	3.5564177174
PWY-7221: guanosine ribonucleotides de novo biosynthesis|g__Blautia.s__Blautia_obeum	3.4813754781
PWY-7221: guanosine ribonucleotides de novo biosynthesis|g__Bacteroides.s__Bacteroides_dorei	1.4330753798
PWY-6387: UDP-N-acetylmuramoyl-pentapeptide biosynthesis I (meso-diaminopimelate containing)	1183.5489457601
PWY-6387: UDP-N-acetylmuramoyl-pentapeptide biosynthesis I (meso-diaminopimelate containing)|unclassified	285.1932963579
PWY-6387: UDP-N-acetylmuramoyl-pentapeptide biosynthesis I (meso-diaminopimelate containing)|g__Clostridium.s__Clostridium_sp_CAG_510	92.8372358074
PWY-6387: UDP-N-acetylmuramoyl-pentapeptide biosynthesis I (meso-diaminopimelate containing)|g__Clostridium.s__Clostridium_sp_CAG_226	59.3606302701
PWY-6387: UDP-N-acetylmuramoyl-pentapeptide biosynthesis I (meso-diaminopimelate containing)|g__Firmicutes_unclassified.s__Firmicutes_bacterium_CAG_124	55.9343317986
PWY-6387: UDP-N-acetylmuramoyl-pentapeptide biosynthesis I (meso-diaminopimelate containing)|g__Dorea.s__Dorea_longicatena	29.4654605645
PWY-6387: UDP-N-acetylmuramoyl-pentapeptide biosynthesis I (meso-diaminopimelate containing)|g__Acetobacter.s__Acetobacter_sp_CAG_977	25.6216307199
PWY-6387: UDP-N-acetylmuramoyl-pentapeptide biosynthesis I (meso-diaminopimelate containing)|g__Firmicutes_unclassified.s__Firmicutes_bacterium_CAG_129	22.3937824322
PWY-6387: UDP-N-acetylmuramoyl-pentapeptide biosynthesis I (meso-diaminopimelate containing)|g__Firmicutes_unclassified.s__Firmicutes_bacterium_CAG_176	22.0274026670
PWY-6387: UDP-N-acetylmuramoyl-pentapeptide biosynthesis I (meso-diaminopimelate containing)|g__Catenibacterium.s__Catenibacterium_mitsuokai	14.1205246367
PWY-6387: UDP-N-acetylmuramoyl-pentapeptide biosynthesis I (meso-diaminopimelate containing)|g__Clostridium.s__Clostridium_sp_CAG_217	13.7641636221
PWY-6387: UDP-N-acetylmuramoyl-pentapeptide biosynthesis I (meso-diaminopimelate containing)|g__Anaerostipes.s__Anaerostipes_hadrus	12.6031294549
PWY-6387: UDP-N-acetylmuramoyl-pentapeptide biosynthesis I (meso-diaminopimelate containing)|g__Dorea.s__Dorea_formicigenerans	11.3557186248
PWY-6387: UDP-N-acetylmuramoyl-pentapeptide biosynthesis I (meso-diaminopimelate containing)|g__Blautia.s__Ruminococcus_torques	10.7971300202
PWY-6387: UDP-N-acetylmuramoyl-pentapeptide biosynthesis I (meso-diaminopimelate containing)|g__Desulfovibrio.s__Desulfovibrio_piger	9.5481319432
PWY-6387: UDP-N-acetylmuramoyl-pentapeptide biosynthesis I (meso-diaminopimelate containing)|g__Roseburia.s__Roseburia_hominis	7.5409727304
PWY-6387: UDP-N-acetylmuramoyl-pentapeptide biosynthesis I (meso-diaminopimelate containing)|g__Butyrivibrio.s__Butyrivibrio_sp_CAG_318	6.8061056369
PWY-6385: peptidoglycan biosynthesis III (mycobacteria)	1155.1918558307
PWY-6385: peptidoglycan biosynthesis III (mycobacteria)|unclassified	282.6367089829
PWY-6385: peptidoglycan biosynthesis III (mycobacteria)|g__Clostridium.s__Clostridium_sp_CAG_510	88.5656903450
PWY-6385: peptidoglycan biosynthesis III (mycobacteria)|g__Dorea.s__Dorea_longicatena	27.8383476353
PWY-6385: peptidoglycan biosynthesis III (mycobacteria)|g__Catenibacterium.s__Catenibacterium_mitsuokai	14.4996805001
PWY-6385: peptidoglycan biosynthesis III (mycobacteria)|g__Anaerostipes.s__Anaerostipes_hadrus	12.8834177491
PWY-6385: peptidoglycan biosynthesis III (mycobacteria)|g__Dorea.s__Dorea_formicigenerans	10.2899269748
PWY-6385: peptidoglycan biosynthesis III (mycobacteria)|g__Desulfovibrio.s__Desulfovibrio_piger	9.4658276706
PWY-7199: pyrimidine deoxyribonucleosides salvage	1150.6247806503
PWY-7199: pyrimidine deoxyribonucleosides salvage|unclassified	290.8021058859
PWY-7199: pyrimidine deoxyribonucleosides salvage|g__Clostridium.s__Clostridium_sp_CAG_349	154.6685352341
PWY-7199: pyrimidine deoxyribonucleosides salvage|g__Firmicutes_unclassified.s__Firmicutes_bacterium_CAG_313	77.9272326351
PWY-7199: pyrimidine deoxyribonucleosides salvage|g__Ruminococcus.s__Ruminococcus_sp_CAG_177	28.4807200321
PWY-7199: pyrimidine deoxyribonucleosides salvage|g__Clostridium.s__Clostridium_sp_CAG_413	21.3638531235
PWY-7199: pyrimidine deoxyribonucleosides salvage|g__Firmicutes_unclassified.s__Firmicutes_bacterium_CAG_176	20.1072386059
PWY-7199: pyrimidine deoxyribonucleosides salvage|g__Catenibacterium.s__Catenibacterium_mitsuokai	16.1835291727
PWY-7199: pyrimidine deoxyribonucleosides salvage|g__Roseburia.s__Roseburia_hominis	14.2177691132
PWY-7199: pyrimidine deoxyribonucleosides salvage|g__Clostridium.s__Clostridium_sp_CAG_628	12.2195067763
PWY-7199: pyrimidine deoxyribonucleosides salvage|g__Blautia.s__Blautia_sp_CAG_52	6.1766522545
PWY-7199: pyrimidine deoxyribonucleosides salvage|g__Roseburia.s__Roseburia_sp_CAG_471	3.7313432836
PWY-7953: UDP-N-acetylmuramoyl-pentapeptide biosynthesis III (meso-diaminopimelate containing)	1130.4837135764
PWY-7953: UDP-N-acetylmuramoyl-pentapeptide biosynthesis III (meso-diaminopimelate containing)|unclassified	278.7700346689
PWY-7953: UDP-N-acetylmuramoyl-pentapeptide biosynthesis III (meso-diaminopimelate containing)|g__Clostridium.s__Clostridium_sp_CAG_510	93.1593588238
PWY-7953: UDP-N-acetylmuramoyl-pentapeptide biosynthesis III (meso-diaminopimelate containing)|g__Firmicutes_unclassified.s__Firmicutes_bacterium_CAG_124	54.8650243322
PWY-7953: UDP-N-acetylmuramoyl-pentapeptide biosynthesis III (meso-diaminopimelate containing)|g__Dorea.s__Dorea_longicatena	29.9564652431
PWY-7953: UDP-N-acetylmuramoyl-pentapeptide biosynthesis III (meso-diaminopimelate containing)|g__Acetobacter.s__Acetobacter_sp_CAG_977	25.8498624800
PWY-7953: UDP-N-acetylmuramoyl-pentapeptide biosynthesis III (meso-diaminopimelate containing)|g__Firmicutes_unclassified.s__Firmicutes_bacterium_CAG_176	21.9446749975
PWY-7953: UDP-N-acetylmuramoyl-pentapeptide biosynthesis III (meso-diaminopimelate containing)|g__Anaerostipes.s__Anaerostipes_hadrus	13.3141601848
PWY-7953: UDP-N-acetylmuramoyl-pentapeptide biosynthesis III (meso-diaminopimelate containing)|g__Blautia.s__Ruminococcus_torques	11.1379289241
PWY-7953: UDP-N-acetylmuramoyl-pentapeptide biosynthesis III (meso-diaminopimelate containing)|g__Dorea.s__Dorea_formicigenerans	9.7432515425
PWY-7953: UDP-N-acetylmuramoyl-pentapeptide biosynthesis III (meso-diaminopimelate containing)|g__Roseburia.s__Roseburia_hominis	8.6348212495
PWY-7953: UDP-N-acetylmuramoyl-pentapeptide biosynthesis III (meso-diaminopimelate containing)|g__Catenibacterium.s__Catenibacterium_mitsuokai	3.3315156720
COMPLETE-ARO-PWY: superpathway of aromatic amino acid biosynthesis	1097.9737110792
COMPLETE-ARO-PWY: superpathway of aromatic amino acid biosynthesis|unclassified	148.7654597232
COMPLETE-ARO-PWY: superpathway of aromatic amino acid biosynthesis|g__Anaerostipes.s__Anaerostipes_hadrus	17.0853157701
COMPLETE-ARO-PWY: superpathway of aromatic amino acid biosynthesis|g__Catenibacterium.s__Catenibacterium_mitsuokai	13.9965962732
COMPLETE-ARO-PWY: superpathway of aromatic amino acid biosynthesis|g__Roseburia.s__Roseburia_hominis	12.1402556711
COMPLETE-ARO-PWY: superpathway of aromatic amino acid biosynthesis|g__Parabacteroides.s__Parabacteroides_johnsonii	9.0630673705
COMPLETE-ARO-PWY: superpathway of aromatic amino acid biosynthesis|g__Blautia.s__Ruminococcus_torques	8.1298138258
ARO-PWY: chorismate biosynthesis I	1094.6196571828
ARO-PWY: chorismate biosynthesis I|unclassified	158.2772357603
ARO-PWY: chorismate biosynthesis I|g__Clostridium.s__Clostridium_sp_CAG_349	147.1173372055
ARO-PWY: chorismate biosynthesis I|g__Clostridium.s__Clostridium_sp_CAG_138	104.6328162543
ARO-PWY: chorismate biosynthesis I|g__Clostridium.s__Clostridium_sp_CAG_510	89.7772841633
ARO-PWY: chorismate biosynthesis I|g__Ruminococcus.s__Ruminococcus_bromii	85.2075398215
ARO-PWY: chorismate biosynthesis I|g__Faecalibacterium.s__Faecalibacterium_prausnitzii	50.7200254178
ARO-PWY: chorismate biosynthesis I|g__Acetobacter.s__Acetobacter_sp_CAG_977	24.2174197903
ARO-PWY: chorismate biosynthesis I|g__Clostridium.s__Clostridium_sp_CAG_413	21.9817975813
ARO-PWY: chorismate biosynthesis I|g__Anaerostipes.s__Anaerostipes_hadrus	18.3540540938
ARO-PWY: chorismate biosynthesis I|g__Clostridium.s__Clostridium_sp_CAG_217	16.0234086365
ARO-PWY: chorismate biosynthesis I|g__Desulfovibrio.s__Desulfovibrio_piger	14.8446441472
ARO-PWY: chorismate biosynthesis I|g__Catenibacterium.s__Catenibacterium_mitsuokai	14.0599648265
ARO-PWY: chorismate biosynthesis I|g__Roseburia.s__Roseburia_hominis	12.5263231217
ARO-PWY: chorismate biosynthesis I|g__Dorea.s__Dorea_formicigenerans	9.4255475963
ARO-PWY: chorismate biosynthesis I|g__Parabacteroides.s__Parabacteroides_johnsonii	9.3771529178
ARO-PWY: chorismate biosynthesis I|g__Blautia.s__Ruminococcus_torques	8.5891428115
ARO-PWY: chorismate biosynthesis I|g__Firmicutes_unclassified.s__Firmicutes_bacterium_CAG_65_45_313	8.3632545008
ARO-PWY: chorismate biosynthesis I|g__Blautia.s__Blautia_sp_CAG_52	5.4816214869
ARO-PWY: chorismate biosynthesis I|g__Roseburia.s__Roseburia_sp_CAG_471	1.9638144442
PWY-5686: UMP biosynthesis I	1077.0755083421
PWY-5686: UMP biosynthesis I|unclassified	285.1832908301
PWY-5686: UMP biosynthesis I|g__Clostridium.s__Clostridium_sp_CAG_510	84.6259664265
PWY-5686: UMP biosynthesis I|g__Ruminococcus.s__Ruminococcus_sp_CAG_177	38.0225069987
PWY-5686: UMP biosynthesis I|g__Methanobrevibacter.s__Methanobrevibacter_smithii	36.4365216107
PWY-5686: UMP biosynthesis I|g__Faecalibacterium.s__Faecalibacterium_prausnitzii	21.4325454315
PWY-5686: UMP biosynthesis I|g__Catenibacterium.s__Catenibacterium_mitsuokai	18.5044735621
PWY-5686: UMP biosynthesis I|g__Firmicutes_unclassified.s__Firmicutes_bacterium_CAG_65_45_313	17.7902230768
PWY-5686: UMP biosynthesis I|g__Gemmiger.s__Gemmiger_formicilis	15.3222154381
PWY-5686: UMP biosynthesis I|g__Dorea.s__Dorea_longicatena	15.0889169821
PWY-5686: UMP biosynthesis I|g__Blautia.s__Ruminococcus_torques	11.4462657435
PWY-5686: UMP biosynthesis I|g__Desulfovibrio.s__Desulfovibrio_piger	11.0484931917
PWY-5686: UMP biosynthesis I|g__Oscillibacter.s__Oscillibacter_sp_57_20	10.3936842581
PWY-5686: UMP biosynthesis I|g__Eubacterium.s__Eubacterium_sp_CAG_180	10.2339610234
PWY-5686: UMP biosynthesis I|g__Anaerostipes.s__Anaerostipes_hadrus	9.6905766401
PWY-5686: UMP biosynthesis I|g__Dorea.s__Dorea_formicigenerans	8.6467344328
PWY-5686: UMP biosynthesis I|g__Clostridium.s__Clostridium_sp_CAG_217	8.2563712393
PWY-5686: UMP biosynthesis I|g__Methanosphaera.s__Methanosphaera_stadtmanae	8.0263389006
PWY-5686: UMP biosynthesis I|g__Blautia.s__Blautia_sp_CAG_52	6.5373389730
PWY-5686: UMP biosynthesis I|g__Clostridiales_unclassified.s__Clostridiales_bacterium_KLE1615	6.0688818085
PWY-5686: UMP biosynthesis I|g__Blautia.s__Blautia_wexlerae	4.6219132875
PWY-5686: UMP biosynthesis I|g__Blautia.s__Blautia_obeum	2.2143939603
PWY-5686: UMP biosynthesis I|g__Roseburia.s__Roseburia_sp_CAG_471	2.1077647145
PWY-7790: UMP biosynthesis II	1077.0755083421
PWY-7790: UMP biosynthesis II|unclassified	285.1832908301
PWY-7790: UMP biosynthesis II|g__Clostridium.s__Clostridium_sp_CAG_510	84.6259664265
PWY-7790: UMP biosynthesis II|g__Ruminococcus.s__Ruminococcus_sp_CAG_177	38.0225069987
PWY-7790: UMP biosynthesis II|g__Methanobrevibacter.s__Methanobrevibacter_smithii	36.4365216107
PWY-7790: UMP biosynthesis II|g__Faecalibacterium.s__Faecalibacterium_prausnitzii	21.4325454315
PWY-7790: UMP biosynthesis II|g__Catenibacterium.s__Catenibacterium_mitsuokai	18.5044735621
PWY-7790: UMP biosynthesis II|g__Firmicutes_unclassified.s__Firmicutes_bacterium_CAG_65_45_313	17.7902230768
PWY-7790: UMP biosynthesis II|g__Gemmiger.s__Gemmiger_formicilis	15.3222154381
PWY-7790: UMP biosynthesis II|g__Dorea.s__Dorea_longicatena	15.0889169821
PWY-7790: UMP biosynthesis II|g__Blautia.s__Ruminococcus_torques	11.4462657435
PWY-7790: UMP biosynthesis II|g__Desulfovibrio.s__Desulfovibrio_piger	11.0484931917
PWY-7790: UMP biosynthesis II|g__Oscillibacter.s__Oscillibacter_sp_57_20	10.3936842581
PWY-7790: UMP biosynthesis II|g__Eubacterium.s__Eubacterium_sp_CAG_180	10.2339610234
PWY-7790: UMP biosynthesis II|g__Anaerostipes.s__Anaerostipes_hadrus	9.6905766401
PWY-7790: UMP biosynthesis II|g__Dorea.s__Dorea_formicigenerans	8.6467344328
PWY-7790: UMP biosynthesis II|g__Clostridium.s__Clostridium_sp_CAG_217	8.2563712393
PWY-7790: UMP biosynthesis II|g__Methanosphaera.s__Methanosphaera_stadtmanae	8.0263389006
PWY-7790: UMP biosynthesis II|g__Blautia.s__Blautia_sp_CAG_52	6.5373389730
PWY-7790: UMP biosynthesis II|g__Clostridiales_unclassified.s__Clostridiales_bacterium_KLE1615	6.0688818085
PWY-7790: UMP biosynthesis II|g__Blautia.s__Blautia_wexlerae	4.6219132875
PWY-7790: UMP biosynthesis II|g__Blautia.s__Blautia_obeum	2.2143939603
PWY-7790: UMP biosynthesis II|g__Roseburia.s__Roseburia_sp_CAG_471	2.1077647145
PWY-7791: UMP biosynthesis III	1077.0755083421
PWY-7791: UMP biosynthesis III|unclassified	285.1832908301
PWY-7791: UMP biosynthesis III|g__Clostridium.s__Clostridium_sp_CAG_510	84.6259664265
PWY-7791: UMP biosynthesis III|g__Ruminococcus.s__Ruminococcus_sp_CAG_177	38.0225069987
PWY-7791: UMP biosynthesis III|g__Methanobrevibacter.s__Methanobrevibacter_smithii	36.4365216107
PWY-7791: UMP biosynthesis III|g__Faecalibacterium.s__Faecalibacterium_prausnitzii	21.4325454315
PWY-7791: UMP biosynthesis III|g__Catenibacterium.s__Catenibacterium_mitsuokai	18.5044735621
PWY-7791: UMP biosynthesis III|g__Firmicutes_unclassified.s__Firmicutes_bacterium_CAG_65_45_313	17.7902230768
PWY-7791: UMP biosynthesis III|g__Gemmiger.s__Gemmiger_formicilis	15.3222154381
PWY-7791: UMP biosynthesis III|g__Dorea.s__Dorea_longicatena	15.0889169821
PWY-7791: UMP biosynthesis III|g__Blautia.s__Ruminococcus_torques	11.4462657435
PWY-7791: UMP biosynthesis III|g__Desulfovibrio.s__Desulfovibrio_piger	11.0484931917
PWY-7791: UMP biosynthesis III|g__Oscillibacter.s__Oscillibacter_sp_57_20	10.3936842581
PWY-7791: UMP biosynthesis III|g__Eubacterium.s__Eubacterium_sp_CAG_180	10.2339610234
PWY-7791: UMP biosynthesis III|g__Anaerostipes.s__Anaerostipes_hadrus	9.6905766401
PWY-7791: UMP biosynthesis III|g__Dorea.s__Dorea_formicigenerans	8.6467344328
PWY-7791: UMP biosynthesis III|g__Clostridium.s__Clostridium_sp_CAG_217	8.2563712393
PWY-7791: UMP biosynthesis III|g__Methanosphaera.s__Methanosphaera_stadtmanae	8.0263389006
PWY-7791: UMP biosynthesis III|g__Blautia.s__Blautia_sp_CAG_52	6.5373389730
PWY-7791: UMP biosynthesis III|g__Clostridiales_unclassified.s__Clostridiales_bacterium_KLE1615	6.0688818085
PWY-7791: UMP biosynthesis III|g__Blautia.s__Blautia_wexlerae	4.6219132875
PWY-7791: UMP biosynthesis III|g__Blautia.s__Blautia_obeum	2.2143939603
PWY-7791: UMP biosynthesis III|g__Roseburia.s__Roseburia_sp_CAG_471	2.1077647145
PWY-6151: S-adenosyl-L-methionine salvage I	999.2956136336
PWY-6151: S-adenosyl-L-methionine salvage I|unclassified	98.7248737394
PWY-6151: S-adenosyl-L-methionine salvage I|g__Ruminococcus.s__Ruminococcus_bromii	88.3559482487
PWY-6151: S-adenosyl-L-methionine salvage I|g__Clostridium.s__Clostridium_sp_CAG_510	66.9124643197
PWY-6151: S-adenosyl-L-methionine salvage I|g__Dorea.s__Dorea_longicatena	51.2737614652
PWY-6151: S-adenosyl-L-methionine salvage I|g__Ruminococcus.s__Ruminococcus_sp_CAG_177	42.4549989902
PWY-6151: S-adenosyl-L-methionine salvage I|g__Faecalibacterium.s__Faecalibacterium_prausnitzii	39.8986646812
PWY-6151: S-adenosyl-L-methionine salvage I|g__Catenibacterium.s__Catenibacterium_mitsuokai	21.7552108060
PWY-6151: S-adenosyl-L-methionine salvage I|g__Anaerostipes.s__Anaerostipes_hadrus	21.5582202099
PWY-6151: S-adenosyl-L-methionine salvage I|g__Firmicutes_unclassified.s__Firmicutes_bacterium_CAG_65_45_313	19.8581048147
PWY-6151: S-adenosyl-L-methionine salvage I|g__Clostridium.s__Clostridium_sp_CAG_413	17.2876694388
PWY-6151: S-adenosyl-L-methionine salvage I|g__Blautia.s__Ruminococcus_torques	13.5547285342
PWY-6151: S-adenosyl-L-methionine salvage I|g__Dorea.s__Dorea_formicigenerans	12.3800162873
PWY-6151: S-adenosyl-L-methionine salvage I|g__Firmicutes_unclassified.s__Firmicutes_bacterium_CAG_176	12.3315534162
PWY-6151: S-adenosyl-L-methionine salvage I|g__Gemmiger.s__Gemmiger_formicilis	9.8174566651
PWY-6151: S-adenosyl-L-methionine salvage I|g__Roseburia.s__Roseburia_hominis	8.7901235206
PWY-6151: S-adenosyl-L-methionine salvage I|g__Clostridiales_unclassified.s__Clostridiales_bacterium_KLE1615	8.5522296885
PWY-6151: S-adenosyl-L-methionine salvage I|g__Blautia.s__Blautia_obeum	5.6948998644
PWY-6151: S-adenosyl-L-methionine salvage I|g__Roseburia.s__Roseburia_faecis	5.6705415367
PWY-6122: 5-aminoimidazole ribonucleotide biosynthesis II	966.4497922931
PWY-6122: 5-aminoimidazole ribonucleotide biosynthesis II|unclassified	255.8945649536
PWY-6122: 5-aminoimidazole ribonucleotide biosynthesis II|g__Clostridium.s__Clostridium_sp_CAG_138	127.0062459050
PWY-6122: 5-aminoimidazole ribonucleotide biosynthesis II|g__Clostridium.s__Clostridium_sp_CAG_510	76.7683932851
PWY-6122: 5-aminoimidazole ribonucleotide biosynthesis II|g__Methanobrevibacter.s__Methanobrevibacter_smithii	62.0339859133
PWY-6122: 5-aminoimidazole ribonucleotide biosynthesis II|g__Ruminococcus.s__Ruminococcus_bromii	58.8656077521
PWY-6122: 5-aminoimidazole ribonucleotide biosynthesis II|g__Ruminococcus.s__Ruminococcus_sp_CAG_177	37.7171970648
PWY-6122: 5-aminoimidazole ribonucleotide biosynthesis II|g__Dorea.s__Dorea_longicatena	23.2273695142
PWY-6122: 5-aminoimidazole ribonucleotide biosynthesis II|g__Firmicutes_unclassified.s__Firmicutes_bacterium_CAG_65_45_313	21.0193202374
PWY-6122: 5-aminoimidazole ribonucleotide biosynthesis II|g__Faecalibacterium.s__Faecalibacterium_prausnitzii	20.5050443173
PWY-6122: 5-aminoimidazole ribonucleotide biosynthesis II|g__Desulfovibrio.s__Desulfovibrio_piger	18.2377665989
PWY-6122: 5-aminoimidazole ribonucleotide biosynthesis II|g__Clostridium.s__Clostridium_sp_CAG_413	17.4665555159
PWY-6122: 5-aminoimidazole ribonucleotide biosynthesis II|g__Catenibacterium.s__Catenibacterium_mitsuokai	17.3575761982
PWY-6122: 5-aminoimidazole ribonucleotide biosynthesis II|g__Clostridium.s__Clostridium_sp_CAG_217	13.7514289404
PWY-6122: 5-aminoimidazole ribonucleotide biosynthesis II|g__Anaerostipes.s__Anaerostipes_hadrus	11.7674654990
PWY-6122: 5-aminoimidazole ribonucleotide biosynthesis II|g__Prevotella.s__Prevotella_copri	11.5287596680
PWY-6122: 5-aminoimidazole ribonucleotide biosynthesis II|g__Collinsella.s__Collinsella_aerofaciens	10.9794616699
PWY-6122: 5-aminoimidazole ribonucleotide biosynthesis II|g__Gemmiger.s__Gemmiger_formicilis	10.1062302613
PWY-6122: 5-aminoimidazole ribonucleotide biosynthesis II|g__Blautia.s__Blautia_obeum	9.8330072777
PWY-6122: 5-aminoimidazole ribonucleotide biosynthesis II|g__Alistipes.s__Alistipes_shahii	9.8093730841
PWY-6122: 5-aminoimidazole ribonucleotide biosynthesis II|g__Methanosphaera.s__Methanosphaera_stadtmanae	9.7624036127
PWY-6122: 5-aminoimidazole ribonucleotide biosynthesis II|g__Roseburia.s__Roseburia_hominis	9.6978837680
PWY-6122: 5-aminoimidazole ribonucleotide biosynthesis II|g__Blautia.s__Ruminococcus_torques	8.2290460461
PWY-6122: 5-aminoimidazole ribonucleotide biosynthesis II|g__Eubacterium.s__Eubacterium_sp_CAG_180	7.5750622762
PWY-6122: 5-aminoimidazole ribonucleotide biosynthesis II|g__Dorea.s__Dorea_formicigenerans	7.5626016952
PWY-6122: 5-aminoimidazole ribonucleotide biosynthesis II|g__Blautia.s__Blautia_sp_CAG_52	7.0880581462
PWY-6122: 5-aminoimidazole ribonucleotide biosynthesis II|g__Oscillibacter.s__Oscillibacter_sp_57_20	6.6792830903
PWY-6122: 5-aminoimidazole ribonucleotide biosynthesis II|g__Coprococcus.s__Coprococcus_catus	5.3657664103
PWY-6122: 5-aminoimidazole ribonucleotide biosynthesis II|g__Bacteroides.s__Bacteroides_uniformis	4.9825346017
PWY-6122: 5-aminoimidazole ribonucleotide biosynthesis II|g__Roseburia.s__Roseburia_intestinalis	4.2745807476
PWY-6122: 5-aminoimidazole ribonucleotide biosynthesis II|g__Blautia.s__Blautia_wexlerae	3.6803453302
PWY-6277: superpathway of 5-aminoimidazole ribonucleotide biosynthesis	966.4497922931
PWY-6277: superpathway of 5-aminoimidazole ribonucleotide biosynthesis|unclassified	255.8945649536
PWY-6277: superpathway of 5-aminoimidazole ribonucleotide biosynthesis|g__Clostridium.s__Clostridium_sp_CAG_138	127.0062459050
PWY-6277: superpathway of 5-aminoimidazole ribonucleotide biosynthesis|g__Clostridium.s__Clostridium_sp_CAG_510	76.7683932851
PWY-6277: superpathway of 5-aminoimidazole ribonucleotide biosynthesis|g__Methanobrevibacter.s__Methanobrevibacter_smithii	62.0339859133
PWY-6277: superpathway of 5-aminoimidazole ribonucleotide biosynthesis|g__Ruminococcus.s__Ruminococcus_bromii	58.8656077521
PWY-6277: superpathway of 5-aminoimidazole ribonucleotide biosynthesis|g__Ruminococcus.s__Ruminococcus_sp_CAG_177	37.7171970648
PWY-6277: superpathway of 5-aminoimidazole ribonucleotide biosynthesis|g__Dorea.s__Dorea_longicatena	23.2273695142
PWY-6277: superpathway of 5-aminoimidazole ribonucleotide biosynthesis|g__Firmicutes_unclassified.s__Firmicutes_bacterium_CAG_65_45_313	21.0193202374
PWY-6277: superpathway of 5-aminoimidazole ribonucleotide biosynthesis|g__Faecalibacterium.s__Faecalibacterium_prausnitzii	20.5050443173
PWY-6277: superpathway of 5-aminoimidazole ribonucleotide biosynthesis|g__Desulfovibrio.s__Desulfovibrio_piger	18.2377665989
PWY-6277: superpathway of 5-aminoimidazole ribonucleotide biosynthesis|g__Clostridium.s__Clostridium_sp_CAG_413	17.4665555159
PWY-6277: superpathway of 5-aminoimidazole ribonucleotide biosynthesis|g__Catenibacterium.s__Catenibacterium_mitsuokai	17.3575761982
PWY-6277: superpathway of 5-aminoimidazole ribonucleotide biosynthesis|g__Clostridium.s__Clostridium_sp_CAG_217	13.7514289404
PWY-6277: superpathway of 5-aminoimidazole ribonucleotide biosynthesis|g__Anaerostipes.s__Anaerostipes_hadrus	11.7674654990
PWY-6277: superpathway of 5-aminoimidazole ribonucleotide biosynthesis|g__Prevotella.s__Prevotella_copri	11.5287596680
PWY-6277: superpathway of 5-aminoimidazole ribonucleotide biosynthesis|g__Collinsella.s__Collinsella_aerofaciens	10.9794616699
PWY-6277: superpathway of 5-aminoimidazole ribonucleotide biosynthesis|g__Gemmiger.s__Gemmiger_formicilis	10.1062302613
PWY-6277: superpathway of 5-aminoimidazole ribonucleotide biosynthesis|g__Blautia.s__Blautia_obeum	9.8330072777
PWY-6277: superpathway of 5-aminoimidazole ribonucleotide biosynthesis|g__Alistipes.s__Alistipes_shahii	9.8093730841
PWY-6277: superpathway of 5-aminoimidazole ribonucleotide biosynthesis|g__Methanosphaera.s__Methanosphaera_stadtmanae	9.7624036127
PWY-6277: superpathway of 5-aminoimidazole ribonucleotide biosynthesis|g__Roseburia.s__Roseburia_hominis	9.6978837680
PWY-6277: superpathway of 5-aminoimidazole ribonucleotide biosynthesis|g__Blautia.s__Ruminococcus_torques	8.2290460461
PWY-6277: superpathway of 5-aminoimidazole ribonucleotide biosynthesis|g__Eubacterium.s__Eubacterium_sp_CAG_180	7.5750622762
PWY-6277: superpathway of 5-aminoimidazole ribonucleotide biosynthesis|g__Dorea.s__Dorea_formicigenerans	7.5626016952
PWY-6277: superpathway of 5-aminoimidazole ribonucleotide biosynthesis|g__Blautia.s__Blautia_sp_CAG_52	7.0880581462
PWY-6277: superpathway of 5-aminoimidazole ribonucleotide biosynthesis|g__Oscillibacter.s__Oscillibacter_sp_57_20	6.6792830903
PWY-6277: superpathway of 5-aminoimidazole ribonucleotide biosynthesis|g__Coprococcus.s__Coprococcus_catus	5.3657664103
PWY-6277: superpathway of 5-aminoimidazole ribonucleotide biosynthesis|g__Bacteroides.s__Bacteroides_uniformis	4.9825346017
PWY-6277: superpathway of 5-aminoimidazole ribonucleotide biosynthesis|g__Roseburia.s__Roseburia_intestinalis	4.2745807476
PWY-6277: superpathway of 5-aminoimidazole ribonucleotide biosynthesis|g__Blautia.s__Blautia_wexlerae	3.6803453302
PWY-1042: glycolysis IV	947.0889690156
PWY-1042: glycolysis IV|unclassified	162.2009793697
PWY-1042: glycolysis IV|g__Faecalibacterium.s__Faecalibacterium_prausnitzii	39.1963035986
PWY-1042: glycolysis IV|g__Acetobacter.s__Acetobacter_sp_CAG_977	27.1809620965
PWY-1042: glycolysis IV|g__Anaerostipes.s__Anaerostipes_hadrus	25.9319398937
PWY-1042: glycolysis IV|g__Dorea.s__Dorea_longicatena	23.4943915331
PWY-1042: glycolysis IV|g__Catenibacterium.s__Catenibacterium_mitsuokai	20.2639495478
PWY-1042: glycolysis IV|g__Roseburia.s__Roseburia_hominis	17.4305520074
PWY-1042: glycolysis IV|g__Alistipes.s__Alistipes_shahii	9.4057613760
PWY-1042: glycolysis IV|g__Blautia.s__Blautia_wexlerae	5.2002075061
PWY-1042: glycolysis IV|g__Blautia.s__Blautia_obeum	4.8689390629
PWY-6121: 5-aminoimidazole ribonucleotide biosynthesis I	923.0474378120
PWY-6121: 5-aminoimidazole ribonucleotide biosynthesis I|unclassified	248.9862356918
PWY-6121: 5-aminoimidazole ribonucleotide biosynthesis I|g__Clostridium.s__Clostridium_sp_CAG_138	126.8919430414
PWY-6121: 5-aminoimidazole ribonucleotide biosynthesis I|g__Clostridium.s__Clostridium_sp_CAG_510	74.8144046583
PWY-6121: 5-aminoimidazole ribonucleotide biosynthesis I|g__Ruminococcus.s__Ruminococcus_bromii	59.2419391481
PWY-6121: 5-aminoimidazole ribonucleotide biosynthesis I|g__Methanobrevibacter.s__Methanobrevibacter_smithii	55.1931790705
PWY-6121: 5-aminoimidazole ribonucleotide biosynthesis I|g__Ruminococcus.s__Ruminococcus_sp_CAG_177	37.7209259879
PWY-6121: 5-aminoimidazole ribonucleotide biosynthesis I|g__Dorea.s__Dorea_longicatena	20.6618276543
PWY-6121: 5-aminoimidazole ribonucleotide biosynthesis I|g__Clostridium.s__Clostridium_sp_CAG_413	19.2357877122
PWY-6121: 5-aminoimidazole ribonucleotide biosynthesis I|g__Desulfovibrio.s__Desulfovibrio_piger	16.1866821772
PWY-6121: 5-aminoimidazole ribonucleotide biosynthesis I|g__Catenibacterium.s__Catenibacterium_mitsuokai	15.7650940040
PWY-6121: 5-aminoimidazole ribonucleotide biosynthesis I|g__Faecalibacterium.s__Faecalibacterium_prausnitzii	15.6474925938
PWY-6121: 5-aminoimidazole ribonucleotide biosynthesis I|g__Firmicutes_unclassified.s__Firmicutes_bacterium_CAG_65_45_313	13.2872315543
PWY-6121: 5-aminoimidazole ribonucleotide biosynthesis I|g__Anaerostipes.s__Anaerostipes_hadrus	12.2658886045
PWY-6121: 5-aminoimidazole ribonucleotide biosynthesis I|g__Collinsella.s__Collinsella_aerofaciens	11.9184798833
PWY-6121: 5-aminoimidazole ribonucleotide biosynthesis I|g__Roseburia.s__Roseburia_hominis	11.1073547429
PWY-6121: 5-aminoimidazole ribonucleotide biosynthesis I|g__Clostridium.s__Clostridium_sp_CAG_217	9.7998441560
PWY-6121: 5-aminoimidazole ribonucleotide biosynthesis I|g__Blautia.s__Ruminococcus_torques	8.8404342844
PWY-6121: 5-aminoimidazole ribonucleotide biosynthesis I|g__Dorea.s__Dorea_formicigenerans	8.3803640337
PWY-6121: 5-aminoimidazole ribonucleotide biosynthesis I|g__Blautia.s__Blautia_obeum	8.2814451319
PWY-6121: 5-aminoimidazole ribonucleotide biosynthesis I|g__Eubacterium.s__Eubacterium_sp_CAG_180	8.0045021925
PWY-6121: 5-aminoimidazole ribonucleotide biosynthesis I|g__Oscillibacter.s__Oscillibacter_sp_57_20	7.5106221656
PWY-6121: 5-aminoimidazole ribonucleotide biosynthesis I|g__Gemmiger.s__Gemmiger_formicilis	7.4791772905
PWY-6121: 5-aminoimidazole ribonucleotide biosynthesis I|g__Blautia.s__Blautia_sp_CAG_52	5.7928737843
PWY-6121: 5-aminoimidazole ribonucleotide biosynthesis I|g__Coprococcus.s__Coprococcus_catus	5.7822408111
PWY-6121: 5-aminoimidazole ribonucleotide biosynthesis I|g__Blautia.s__Blautia_wexlerae	1.4974696982
PWY-5097: L-lysine biosynthesis VI	854.5419010750
PWY-5097: L-lysine biosynthesis VI|unclassified	201.5479352902
PWY-5097: L-lysine biosynthesis VI|g__Ruminococcus.s__Ruminococcus_bromii	71.1319752070
PWY-5097: L-lysine biosynthesis VI|g__Methanobrevibacter.s__Methanobrevibacter_smithii	52.3140027842
PWY-5097: L-lysine biosynthesis VI|g__Acetobacter.s__Acetobacter_sp_CAG_977	27.8109709915
PWY-5097: L-lysine biosynthesis VI|g__Dorea.s__Dorea_longicatena	25.4753522647
PWY-5097: L-lysine biosynthesis VI|g__Roseburia.s__Roseburia_hominis	17.5993682746
PWY-5097: L-lysine biosynthesis VI|g__Faecalibacterium.s__Faecalibacterium_prausnitzii	16.4034230544
PWY-5097: L-lysine biosynthesis VI|g__Clostridium.s__Clostridium_sp_CAG_413	14.3497278231
PWY-5097: L-lysine biosynthesis VI|g__Catenibacterium.s__Catenibacterium_mitsuokai	11.9191700374
PWY-5097: L-lysine biosynthesis VI|g__Blautia.s__Blautia_sp_CAG_52	8.8006672173
PWY-5097: L-lysine biosynthesis VI|g__Methanosphaera.s__Methanosphaera_stadtmanae	6.9831489964
PWY-5097: L-lysine biosynthesis VI|g__Bacteroides.s__Bacteroides_uniformis	4.7516085113
ARGSYNBSUB-PWY: L-arginine biosynthesis II (acetyl cycle)	834.1208728244
ARGSYNBSUB-PWY: L-arginine biosynthesis II (acetyl cycle)|unclassified	167.2523535773
ARGSYNBSUB-PWY: L-arginine biosynthesis II (acetyl cycle)|g__Ruminococcus.s__Ruminococcus_bromii	105.1053653583
ARGSYNBSUB-PWY: L-arginine biosynthesis II (acetyl cycle)|g__Clostridium.s__Clostridium_sp_CAG_510	77.7735780672
ARGSYNBSUB-PWY: L-arginine biosynthesis II (acetyl cycle)|g__Methanobrevibacter.s__Methanobrevibacter_smithii	44.3728796092
ARGSYNBSUB-PWY: L-arginine biosynthesis II (acetyl cycle)|g__Faecalibacterium.s__Faecalibacterium_prausnitzii	32.9116176968
ARGSYNBSUB-PWY: L-arginine biosynthesis II (acetyl cycle)|g__Dorea.s__Dorea_longicatena	21.6603215428
ARGSYNBSUB-PWY: L-arginine biosynthesis II (acetyl cycle)|g__Roseburia.s__Roseburia_hominis	19.7824696314
ARGSYNBSUB-PWY: L-arginine biosynthesis II (acetyl cycle)|g__Clostridium.s__Clostridium_sp_CAG_217	15.1722192266
ARGSYNBSUB-PWY: L-arginine biosynthesis II (acetyl cycle)|g__Blautia.s__Ruminococcus_torques	13.4565831581
ARGSYNBSUB-PWY: L-arginine biosynthesis II (acetyl cycle)|g__Gemmiger.s__Gemmiger_formicilis	12.5899832602
ARGSYNBSUB-PWY: L-arginine biosynthesis II (acetyl cycle)|g__Firmicutes_unclassified.s__Firmicutes_bacterium_CAG_65_45_313	12.4908485901
ARGSYNBSUB-PWY: L-arginine biosynthesis II (acetyl cycle)|g__Dorea.s__Dorea_formicigenerans	11.0977680635
ARGSYNBSUB-PWY: L-arginine biosynthesis II (acetyl cycle)|g__Catenibacterium.s__Catenibacterium_mitsuokai	10.5129615033
ARGSYNBSUB-PWY: L-arginine biosynthesis II (acetyl cycle)|g__Desulfovibrio.s__Desulfovibrio_piger	9.9294851518
ARGSYNBSUB-PWY: L-arginine biosynthesis II (acetyl cycle)|g__Anaerostipes.s__Anaerostipes_hadrus	9.5844411741
ARGSYNBSUB-PWY: L-arginine biosynthesis II (acetyl cycle)|g__Blautia.s__Blautia_sp_CAG_52	7.2025719311
ARGSYNBSUB-PWY: L-arginine biosynthesis II (acetyl cycle)|g__Firmicutes_unclassified.s__Firmicutes_bacterium_CAG_95	7.1672293795
ARGSYNBSUB-PWY: L-arginine biosynthesis II (acetyl cycle)|g__Blautia.s__Blautia_wexlerae	6.0871119158
ARGSYNBSUB-PWY: L-arginine biosynthesis II (acetyl cycle)|g__Blautia.s__Blautia_obeum	3.7901920792
ARGSYNBSUB-PWY: L-arginine biosynthesis II (acetyl cycle)|g__Roseburia.s__Roseburia_sp_CAG_471	2.1078184004
ARGSYN-PWY: L-arginine biosynthesis I (via L-ornithine)	815.3442602928
ARGSYN-PWY: L-arginine biosynthesis I (via L-ornithine)|unclassified	141.2793076297
ARGSYN-PWY: L-arginine biosynthesis I (via L-ornithine)|g__Clostridium.s__Clostridium_sp_CAG_510	71.8784278727
ARGSYN-PWY: L-arginine biosynthesis I (via L-ornithine)|g__Methanobrevibacter.s__Methanobrevibacter_smithii	42.3036330628
ARGSYN-PWY: L-arginine biosynthesis I (via L-ornithine)|g__Faecalibacterium.s__Faecalibacterium_prausnitzii	33.5265339840
ARGSYN-PWY: L-arginine biosynthesis I (via L-ornithine)|g__Dorea.s__Dorea_longicatena	21.6408091538
ARGSYN-PWY: L-arginine biosynthesis I (via L-ornithine)|g__Roseburia.s__Roseburia_hominis	18.9397123215
ARGSYN-PWY: L-arginine biosynthesis I (via L-ornithine)|g__Clostridium.s__Clostridium_sp_CAG_217	14.4175628124
ARGSYN-PWY: L-arginine biosynthesis I (via L-ornithine)|g__Blautia.s__Ruminococcus_torques	12.8734012707
ARGSYN-PWY: L-arginine biosynthesis I (via L-ornithine)|g__Gemmiger.s__Gemmiger_formicilis	11.6591598424
ARGSYN-PWY: L-arginine biosynthesis I (via L-ornithine)|g__Dorea.s__Dorea_formicigenerans	11.5262142147
ARGSYN-PWY: L-arginine biosynthesis I (via L-ornithine)|g__Anaerostipes.s__Anaerostipes_hadrus	11.3725436595
ARGSYN-PWY: L-arginine biosynthesis I (via L-ornithine)|g__Catenibacterium.s__Catenibacterium_mitsuokai	10.4391725656
ARGSYN-PWY: L-arginine biosynthesis I (via L-ornithine)|g__Desulfovibrio.s__Desulfovibrio_piger	8.2750529754
ARGSYN-PWY: L-arginine biosynthesis I (via L-ornithine)|g__Blautia.s__Blautia_sp_CAG_52	6.4045685320
ARGSYN-PWY: L-arginine biosynthesis I (via L-ornithine)|g__Blautia.s__Blautia_obeum	4.6155565217
ARGSYN-PWY: L-arginine biosynthesis I (via L-ornithine)|g__Roseburia.s__Roseburia_sp_CAG_471	2.5686333216
PWY-5941: glycogen degradation II	803.1535306129
PWY-5941: glycogen degradation II|g__Faecalibacterium.s__Faecalibacterium_prausnitzii	49.8544582851
PWY-5941: glycogen degradation II|unclassified	49.5913699463
PWY-5941: glycogen degradation II|g__Dorea.s__Dorea_longicatena	49.4268401146
PWY-5941: glycogen degradation II|g__Roseburia.s__Roseburia_hominis	23.8240518332
PWY-5941: glycogen degradation II|g__Dorea.s__Dorea_formicigenerans	19.7829728683
PWY-5941: glycogen degradation II|g__Anaerostipes.s__Anaerostipes_hadrus	18.5887262131
PWY-5941: glycogen degradation II|g__Blautia.s__Ruminococcus_torques	18.2324263302
PWY-5941: glycogen degradation II|g__Catenibacterium.s__Catenibacterium_mitsuokai	18.0136012820
PWY-5941: glycogen degradation II|g__Collinsella.s__Collinsella_aerofaciens	15.3873165065
PWY-5941: glycogen degradation II|g__Blautia.s__Blautia_sp_CAG_52	10.6407202756
PWY-5941: glycogen degradation II|g__Roseburia.s__Roseburia_intestinalis	9.9084214012
PWY-5941: glycogen degradation II|g__Clostridiales_unclassified.s__Clostridiales_bacterium_KLE1615	6.9837601900
PWY-5941: glycogen degradation II|g__Roseburia.s__Roseburia_sp_CAG_471	5.3128533509
PWY-5941: glycogen degradation II|g__Blautia.s__Blautia_obeum	5.1356682410
PWY-5941: glycogen degradation II|g__Blautia.s__Blautia_wexlerae	4.9863975159
PWY-5695: inosine 5'-phosphate degradation	771.0852659381
PWY-5695: inosine 5'-phosphate degradation|unclassified	135.6944843572
PWY-5695: inosine 5'-phosphate degradation|g__Firmicutes_unclassified.s__Firmicutes_bacterium_CAG_313	79.2129139190
PWY-5695: inosine 5'-phosphate degradation|g__Catenibacterium.s__Catenibacterium_mitsuokai	22.3213261976
PWY-5695: inosine 5'-phosphate degradation|g__Dorea.s__Dorea_longicatena	18.9629629630
PWY-5695: inosine 5'-phosphate degradation|g__Faecalibacterium.s__Faecalibacterium_prausnitzii	13.9609192577
PWY-5695: inosine 5'-phosphate degradation|g__Alistipes.s__Alistipes_shahii	13.2955323101
PWY-5695: inosine 5'-phosphate degradation|g__Anaerostipes.s__Anaerostipes_hadrus	11.4080522087
PWY-5695: inosine 5'-phosphate degradation|g__Desulfovibrio.s__Desulfovibrio_piger	9.1381575190
PWY-5695: inosine 5'-phosphate degradation|g__Blautia.s__Ruminococcus_torques	8.3129793267
PWY-5695: inosine 5'-phosphate degradation|g__Blautia.s__Blautia_wexlerae	6.5209336791
PWY-5695: inosine 5'-phosphate degradation|g__Blautia.s__Blautia_obeum	3.3424792484
PWY-5695: inosine 5'-phosphate degradation|g__Bacteroides.s__Bacteroides_vulgatus	2.3165384297
DTDPRHAMSYN-PWY: dTDP-&beta;-L-rhamnose biosynthesis	756.2568843278
DTDPRHAMSYN-PWY: dTDP-&beta;-L-rhamnose biosynthesis|unclassified	235.3231353856
DTDPRHAMSYN-PWY: dTDP-&beta;-L-rhamnose biosynthesis|g__Clostridium.s__Clostridium_sp_CAG_510	68.8609979401
DTDPRHAMSYN-PWY: dTDP-&beta;-L-rhamnose biosynthesis|g__Ruminococcus.s__Ruminococcus_sp_CAG_177	37.9980323831
DTDPRHAMSYN-PWY: dTDP-&beta;-L-rhamnose biosynthesis|g__Coprococcus.s__Coprococcus_comes	35.0617565029
DTDPRHAMSYN-PWY: dTDP-&beta;-L-rhamnose biosynthesis|g__Faecalibacterium.s__Faecalibacterium_prausnitzii	28.2681670540
DTDPRHAMSYN-PWY: dTDP-&beta;-L-rhamnose biosynthesis|g__Acetobacter.s__Acetobacter_sp_CAG_977	23.0523824226
DTDPRHAMSYN-PWY: dTDP-&beta;-L-rhamnose biosynthesis|g__Dorea.s__Dorea_longicatena	20.7388204796
DTDPRHAMSYN-PWY: dTDP-&beta;-L-rhamnose biosynthesis|g__Clostridium.s__Clostridium_sp_CAG_413	20.3816565091
DTDPRHAMSYN-PWY: dTDP-&beta;-L-rhamnose biosynthesis|g__Collinsella.s__Collinsella_aerofaciens	20.3733977546
DTDPRHAMSYN-PWY: dTDP-&beta;-L-rhamnose biosynthesis|g__Blautia.s__Blautia_obeum	17.2532045915
DTDPRHAMSYN-PWY: dTDP-&beta;-L-rhamnose biosynthesis|g__Anaerostipes.s__Anaerostipes_hadrus	17.1322243812
DTDPRHAMSYN-PWY: dTDP-&beta;-L-rhamnose biosynthesis|g__Blautia.s__Blautia_wexlerae	16.9280545260
DTDPRHAMSYN-PWY: dTDP-&beta;-L-rhamnose biosynthesis|g__Alistipes.s__Alistipes_shahii	14.6315111523
DTDPRHAMSYN-PWY: dTDP-&beta;-L-rhamnose biosynthesis|g__Prevotella.s__Prevotella_copri	14.4318620768
DTDPRHAMSYN-PWY: dTDP-&beta;-L-rhamnose biosynthesis|g__Firmicutes_unclassified.s__Firmicutes_bacterium_CAG_65_45_313	12.2201826111
DTDPRHAMSYN-PWY: dTDP-&beta;-L-rhamnose biosynthesis|g__Gemmiger.s__Gemmiger_formicilis	9.6574618983
DTDPRHAMSYN-PWY: dTDP-&beta;-L-rhamnose biosynthesis|g__Desulfovibrio.s__Desulfovibrio_piger	9.5265588915
DTDPRHAMSYN-PWY: dTDP-&beta;-L-rhamnose biosynthesis|g__Roseburia.s__Roseburia_hominis	8.5550080040
DTDPRHAMSYN-PWY: dTDP-&beta;-L-rhamnose biosynthesis|g__Butyrivibrio.s__Butyrivibrio_sp_CAG_318	8.2015231400
DTDPRHAMSYN-PWY: dTDP-&beta;-L-rhamnose biosynthesis|g__Catenibacterium.s__Catenibacterium_mitsuokai	7.3216492015
DTDPRHAMSYN-PWY: dTDP-&beta;-L-rhamnose biosynthesis|g__Dorea.s__Dorea_formicigenerans	7.1358487200
DTDPRHAMSYN-PWY: dTDP-&beta;-L-rhamnose biosynthesis|g__Oscillibacter.s__Oscillibacter_sp_CAG_241	6.9264069264
DTDPRHAMSYN-PWY: dTDP-&beta;-L-rhamnose biosynthesis|g__Firmicutes_unclassified.s__Firmicutes_bacterium_CAG_95	6.6666666667
DTDPRHAMSYN-PWY: dTDP-&beta;-L-rhamnose biosynthesis|g__Sutterella.s__Sutterella_sp_CAG_521	6.4119690088
DTDPRHAMSYN-PWY: dTDP-&beta;-L-rhamnose biosynthesis|g__Coprococcus.s__Coprococcus_eutactus	5.1413881748
DTDPRHAMSYN-PWY: dTDP-&beta;-L-rhamnose biosynthesis|g__Bacteroides.s__Bacteroides_uniformis	4.8026844879
DTDPRHAMSYN-PWY: dTDP-&beta;-L-rhamnose biosynthesis|g__Eubacterium.s__Eubacterium_hallii	2.8532705614
DTDPRHAMSYN-PWY: dTDP-&beta;-L-rhamnose biosynthesis|g__Roseburia.s__Roseburia_sp_CAG_471	1.8674136321
BRANCHED-CHAIN-AA-SYN-PWY: superpathway of branched chain amino acid biosynthesis	737.8366294209
BRANCHED-CHAIN-AA-SYN-PWY: superpathway of branched chain amino acid biosynthesis|unclassified	125.7926212298
BRANCHED-CHAIN-AA-SYN-PWY: superpathway of branched chain amino acid biosynthesis|g__Dorea.s__Dorea_longicatena	24.1972016820
BRANCHED-CHAIN-AA-SYN-PWY: superpathway of branched chain amino acid biosynthesis|g__Anaerostipes.s__Anaerostipes_hadrus	17.2589092488
BRANCHED-CHAIN-AA-SYN-PWY: superpathway of branched chain amino acid biosynthesis|g__Catenibacterium.s__Catenibacterium_mitsuokai	14.5419823101
BRANCHED-CHAIN-AA-SYN-PWY: superpathway of branched chain amino acid biosynthesis|g__Desulfovibrio.s__Desulfovibrio_piger	13.3330262690
BRANCHED-CHAIN-AA-SYN-PWY: superpathway of branched chain amino acid biosynthesis|g__Gemmiger.s__Gemmiger_formicilis	11.2564361275
BRANCHED-CHAIN-AA-SYN-PWY: superpathway of branched chain amino acid biosynthesis|g__Roseburia.s__Roseburia_hominis	9.0766195285
BRANCHED-CHAIN-AA-SYN-PWY: superpathway of branched chain amino acid biosynthesis|g__Bacteroides.s__Bacteroides_uniformis	8.9419316720
BRANCHED-CHAIN-AA-SYN-PWY: superpathway of branched chain amino acid biosynthesis|g__Methanosphaera.s__Methanosphaera_stadtmanae	7.9299546370
BRANCHED-CHAIN-AA-SYN-PWY: superpathway of branched chain amino acid biosynthesis|g__Blautia.s__Ruminococcus_torques	6.4808988356
BRANCHED-CHAIN-AA-SYN-PWY: superpathway of branched chain amino acid biosynthesis|g__Blautia.s__Blautia_wexlerae	5.3223226870
BRANCHED-CHAIN-AA-SYN-PWY: superpathway of branched chain amino acid biosynthesis|g__Blautia.s__Blautia_obeum	4.0714829828
ANAGLYCOLYSIS-PWY: glycolysis III (from glucose)	733.2619052877
ANAGLYCOLYSIS-PWY: glycolysis III (from glucose)|unclassified	139.1174565872
ANAGLYCOLYSIS-PWY: glycolysis III (from glucose)|g__Acetobacter.s__Acetobacter_sp_CAG_977	26.0010034575
ANAGLYCOLYSIS-PWY: glycolysis III (from glucose)|g__Anaerostipes.s__Anaerostipes_hadrus	20.2070226917
ANAGLYCOLYSIS-PWY: glycolysis III (from glucose)|g__Dorea.s__Dorea_longicatena	19.5093720671
ANAGLYCOLYSIS-PWY: glycolysis III (from glucose)|g__Catenibacterium.s__Catenibacterium_mitsuokai	16.2634715732
ANAGLYCOLYSIS-PWY: glycolysis III (from glucose)|g__Roseburia.s__Roseburia_hominis	11.6740917756
ANAGLYCOLYSIS-PWY: glycolysis III (from glucose)|g__Collinsella.s__Collinsella_aerofaciens	10.0733366170
PWY-724: superpathway of L-lysine, L-threonine and L-methionine biosynthesis II	732.2955154425
PWY-724: superpathway of L-lysine, L-threonine and L-methionine biosynthesis II|unclassified	89.1907359241
PWY-724: superpathway of L-lysine, L-threonine and L-methionine biosynthesis II|g__Dorea.s__Dorea_longicatena	21.2232272793
PWY-724: superpathway of L-lysine, L-threonine and L-methionine biosynthesis II|g__Roseburia.s__Roseburia_hominis	12.3015117901
PWY-724: superpathway of L-lysine, L-threonine and L-methionine biosynthesis II|g__Catenibacterium.s__Catenibacterium_mitsuokai	12.1795848432
PWY-724: superpathway of L-lysine, L-threonine and L-methionine biosynthesis II|g__Faecalibacterium.s__Faecalibacterium_prausnitzii	11.9626303580
PWY-724: superpathway of L-lysine, L-threonine and L-methionine biosynthesis II|g__Bacteroides.s__Bacteroides_uniformis	4.4530780308
PWY-2942: L-lysine biosynthesis III	731.5573379306
PWY-2942: L-lysine biosynthesis III|unclassified	148.4897933539
PWY-2942: L-lysine biosynthesis III|g__Dorea.s__Dorea_longicatena	24.4657664951
PWY-2942: L-lysine biosynthesis III|g__Catenibacterium.s__Catenibacterium_mitsuokai	7.5371882264
PWY-2942: L-lysine biosynthesis III|g__Bacteroides.s__Bacteroides_uniformis	4.7898697195
COA-PWY-1: superpathway of coenzyme A biosynthesis III (mammals)	726.6841725538
COA-PWY-1: superpathway of coenzyme A biosynthesis III (mammals)|unclassified	192.2702149082
COA-PWY-1: superpathway of coenzyme A biosynthesis III (mammals)|g__Clostridium.s__Clostridium_sp_CAG_349	141.7856698022
COA-PWY-1: superpathway of coenzyme A biosynthesis III (mammals)|g__Faecalibacterium.s__Faecalibacterium_prausnitzii	18.4506105630
COA-PWY-1: superpathway of coenzyme A biosynthesis III (mammals)|g__Blautia.s__Ruminococcus_torques	12.2086935289
COA-PWY-1: superpathway of coenzyme A biosynthesis III (mammals)|g__Desulfovibrio.s__Desulfovibrio_piger	9.0364522280
VALSYN-PWY: L-valine biosynthesis	718.7307032134
VALSYN-PWY: L-valine biosynthesis|unclassified	134.9099398235
VALSYN-PWY: L-valine biosynthesis|g__Ruminococcus.s__Ruminococcus_bromii	101.5945719850
VALSYN-PWY: L-valine biosynthesis|g__Clostridium.s__Clostridium_sp_CAG_510	92.9250429600
VALSYN-PWY: L-valine biosynthesis|g__Methanobrevibacter.s__Methanobrevibacter_smithii	54.3611626093
VALSYN-PWY: L-valine biosynthesis|g__Dorea.s__Dorea_longicatena	25.8891413391
VALSYN-PWY: L-valine biosynthesis|g__Faecalibacterium.s__Faecalibacterium_prausnitzii	23.0629833674
VALSYN-PWY: L-valine biosynthesis|g__Anaerostipes.s__Anaerostipes_hadrus	20.0376752223
VALSYN-PWY: L-valine biosynthesis|g__Firmicutes_unclassified.s__Firmicutes_bacterium_CAG_65_45_313	16.5905671259
VALSYN-PWY: L-valine biosynthesis|g__Desulfovibrio.s__Desulfovibrio_piger	15.9383053282
VALSYN-PWY: L-valine biosynthesis|g__Clostridium.s__Clostridium_sp_CAG_217	15.2523784018
VALSYN-PWY: L-valine biosynthesis|g__Catenibacterium.s__Catenibacterium_mitsuokai	14.5489296950
VALSYN-PWY: L-valine biosynthesis|g__Roseburia.s__Roseburia_hominis	13.8593566128
VALSYN-PWY: L-valine biosynthesis|g__Gemmiger.s__Gemmiger_formicilis	12.8646997786
VALSYN-PWY: L-valine biosynthesis|g__Bacteroides.s__Bacteroides_uniformis	12.2981149184
VALSYN-PWY: L-valine biosynthesis|g__Prevotella.s__Prevotella_copri	11.5590044673
VALSYN-PWY: L-valine biosynthesis|g__Roseburia.s__Roseburia_intestinalis	8.8288801760
VALSYN-PWY: L-valine biosynthesis|g__Methanosphaera.s__Methanosphaera_stadtmanae	7.5828450441
VALSYN-PWY: L-valine biosynthesis|g__Blautia.s__Blautia_obeum	7.3928621170
VALSYN-PWY: L-valine biosynthesis|g__Butyrivibrio.s__Butyrivibrio_sp_CAG_318	7.2399290730
VALSYN-PWY: L-valine biosynthesis|g__Blautia.s__Blautia_wexlerae	5.9480461504
VALSYN-PWY: L-valine biosynthesis|g__Blautia.s__Ruminococcus_torques	5.8733767743
VALSYN-PWY: L-valine biosynthesis|g__Dorea.s__Dorea_formicigenerans	5.5918310526
VALSYN-PWY: L-valine biosynthesis|g__Firmicutes_unclassified.s__Firmicutes_bacterium_CAG_194	4.1640641266
VALSYN-PWY: L-valine biosynthesis|g__Roseburia.s__Roseburia_faecis	2.1855534914
VALSYN-PWY: L-valine biosynthesis|g__Lachnospiraceae_unclassified.s__Eubacterium_rectale	1.0909884355
ILEUSYN-PWY: L-isoleucine biosynthesis I (from threonine)	715.8384026401
ILEUSYN-PWY: L-isoleucine biosynthesis I (from threonine)|unclassified	106.5741174821
ILEUSYN-PWY: L-isoleucine biosynthesis I (from threonine)|g__Methanobrevibacter.s__Methanobrevibacter_smithii	53.9488860661
ILEUSYN-PWY: L-isoleucine biosynthesis I (from threonine)|g__Dorea.s__Dorea_longicatena	24.1928268246
ILEUSYN-PWY: L-isoleucine biosynthesis I (from threonine)|g__Anaerostipes.s__Anaerostipes_hadrus	17.5497129284
ILEUSYN-PWY: L-isoleucine biosynthesis I (from threonine)|g__Catenibacterium.s__Catenibacterium_mitsuokai	14.3379777920
ILEUSYN-PWY: L-isoleucine biosynthesis I (from threonine)|g__Desulfovibrio.s__Desulfovibrio_piger	13.9527422391
ILEUSYN-PWY: L-isoleucine biosynthesis I (from threonine)|g__Gemmiger.s__Gemmiger_formicilis	10.8950009090
ILEUSYN-PWY: L-isoleucine biosynthesis I (from threonine)|g__Bacteroides.s__Bacteroides_uniformis	10.7065492796
ILEUSYN-PWY: L-isoleucine biosynthesis I (from threonine)|g__Roseburia.s__Roseburia_hominis	9.1262004639
ILEUSYN-PWY: L-isoleucine biosynthesis I (from threonine)|g__Roseburia.s__Roseburia_intestinalis	8.1438601228
ILEUSYN-PWY: L-isoleucine biosynthesis I (from threonine)|g__Methanosphaera.s__Methanosphaera_stadtmanae	7.4073183343
ILEUSYN-PWY: L-isoleucine biosynthesis I (from threonine)|g__Blautia.s__Ruminococcus_torques	5.7464784952
ILEUSYN-PWY: L-isoleucine biosynthesis I (from threonine)|g__Blautia.s__Blautia_obeum	5.6893951155
ILEUSYN-PWY: L-isoleucine biosynthesis I (from threonine)|g__Blautia.s__Blautia_wexlerae	5.3548259020
PWY-5103: L-isoleucine biosynthesis III	694.9452435381
PWY-5103: L-isoleucine biosynthesis III|unclassified	92.7096659181
PWY-5103: L-isoleucine biosynthesis III|g__Methanobrevibacter.s__Methanobrevibacter_smithii	52.4837717673
PWY-5103: L-isoleucine biosynthesis III|g__Dorea.s__Dorea_longicatena	22.2382075916
PWY-5103: L-isoleucine biosynthesis III|g__Anaerostipes.s__Anaerostipes_hadrus	15.8919875687
PWY-5103: L-isoleucine biosynthesis III|g__Catenibacterium.s__Catenibacterium_mitsuokai	13.6535083617
PWY-5103: L-isoleucine biosynthesis III|g__Desulfovibrio.s__Desulfovibrio_piger	12.2430105740
PWY-5103: L-isoleucine biosynthesis III|g__Bacteroides.s__Bacteroides_uniformis	9.7779792497
PWY-5103: L-isoleucine biosynthesis III|g__Gemmiger.s__Gemmiger_formicilis	9.6517483255
PWY-5103: L-isoleucine biosynthesis III|g__Roseburia.s__Roseburia_intestinalis	7.5101284792
PWY-5103: L-isoleucine biosynthesis III|g__Roseburia.s__Roseburia_hominis	7.4957068020
PWY-5103: L-isoleucine biosynthesis III|g__Methanosphaera.s__Methanosphaera_stadtmanae	7.2149396100
PWY-5103: L-isoleucine biosynthesis III|g__Blautia.s__Ruminococcus_torques	4.9944176214
PWY-5103: L-isoleucine biosynthesis III|g__Blautia.s__Blautia_wexlerae	4.8123670667
PWY-5103: L-isoleucine biosynthesis III|g__Blautia.s__Blautia_obeum	4.6122804603
CALVIN-PWY: Calvin-Benson-Bassham cycle	681.6783702345
CALVIN-PWY: Calvin-Benson-Bassham cycle|unclassified	134.0756089832
CALVIN-PWY: Calvin-Benson-Bassham cycle|g__Anaerostipes.s__Anaerostipes_hadrus	13.8701378629
CALVIN-PWY: Calvin-Benson-Bassham cycle|g__Catenibacterium.s__Catenibacterium_mitsuokai	11.6222979120
CALVIN-PWY: Calvin-Benson-Bassham cycle|g__Blautia.s__Ruminococcus_torques	11.3297929656
CALVIN-PWY: Calvin-Benson-Bassham cycle|g__Collinsella.s__Collinsella_aerofaciens	9.4375483347
GLUTORN-PWY: L-ornithine biosynthesis I	678.8963530651
GLUTORN-PWY: L-ornithine biosynthesis I|g__Ruminococcus.s__Ruminococcus_bromii	116.2315586828
GLUTORN-PWY: L-ornithine biosynthesis I|unclassified	87.2842489552
GLUTORN-PWY: L-ornithine biosynthesis I|g__Clostridium.s__Clostridium_sp_CAG_510	78.5453625298
GLUTORN-PWY: L-ornithine biosynthesis I|g__Methanobrevibacter.s__Methanobrevibacter_smithii	42.8935734787
GLUTORN-PWY: L-ornithine biosynthesis I|g__Faecalibacterium.s__Faecalibacterium_prausnitzii	25.9309806980
GLUTORN-PWY: L-ornithine biosynthesis I|g__Dorea.s__Dorea_longicatena	22.0674229736
GLUTORN-PWY: L-ornithine biosynthesis I|g__Roseburia.s__Roseburia_hominis	17.1661107283
GLUTORN-PWY: L-ornithine biosynthesis I|g__Clostridium.s__Clostridium_sp_CAG_217	14.2737951812
GLUTORN-PWY: L-ornithine biosynthesis I|g__Gemmiger.s__Gemmiger_formicilis	11.4173375180
GLUTORN-PWY: L-ornithine biosynthesis I|g__Catenibacterium.s__Catenibacterium_mitsuokai	11.1579740626
GLUTORN-PWY: L-ornithine biosynthesis I|g__Dorea.s__Dorea_formicigenerans	9.9608089600
GLUTORN-PWY: L-ornithine biosynthesis I|g__Blautia.s__Ruminococcus_torques	9.4755622194
GLUTORN-PWY: L-ornithine biosynthesis I|g__Desulfovibrio.s__Desulfovibrio_piger	8.7003336872
GLUTORN-PWY: L-ornithine biosynthesis I|g__Anaerostipes.s__Anaerostipes_hadrus	8.2085762319
GLUTORN-PWY: L-ornithine biosynthesis I|g__Blautia.s__Blautia_sp_CAG_52	6.5124356509
GLUTORN-PWY: L-ornithine biosynthesis I|g__Blautia.s__Blautia_obeum	3.7094177057
GLUTORN-PWY: L-ornithine biosynthesis I|g__Roseburia.s__Roseburia_sp_CAG_471	1.3344008540
COA-PWY: coenzyme A biosynthesis I (prokaryotic)	660.8665559360
COA-PWY: coenzyme A biosynthesis I (prokaryotic)|unclassified	176.7192729483
COA-PWY: coenzyme A biosynthesis I (prokaryotic)|g__Clostridium.s__Clostridium_sp_CAG_349	148.6237178068
COA-PWY: coenzyme A biosynthesis I (prokaryotic)|g__Catenibacterium.s__Catenibacterium_mitsuokai	23.5102055972
COA-PWY: coenzyme A biosynthesis I (prokaryotic)|g__Dorea.s__Dorea_longicatena	16.8036529680
COA-PWY: coenzyme A biosynthesis I (prokaryotic)|g__Faecalibacterium.s__Faecalibacterium_prausnitzii	15.4893720121
COA-PWY: coenzyme A biosynthesis I (prokaryotic)|g__Blautia.s__Ruminococcus_torques	14.0689785786
COA-PWY: coenzyme A biosynthesis I (prokaryotic)|g__Dorea.s__Dorea_formicigenerans	11.5790871630
COA-PWY: coenzyme A biosynthesis I (prokaryotic)|g__Anaerostipes.s__Anaerostipes_hadrus	8.9811956217
COA-PWY: coenzyme A biosynthesis I (prokaryotic)|g__Desulfovibrio.s__Desulfovibrio_piger	7.8321646245
COA-PWY: coenzyme A biosynthesis I (prokaryotic)|g__Sutterella.s__Sutterella_sp_CAG_521	6.5735414955
COA-PWY: coenzyme A biosynthesis I (prokaryotic)|g__Blautia.s__Blautia_obeum	6.2015503876
PWY-7851: coenzyme A biosynthesis II (eukaryotic)	660.8665559360
PWY-7851: coenzyme A biosynthesis II (eukaryotic)|unclassified	176.7192729483
PWY-7851: coenzyme A biosynthesis II (eukaryotic)|g__Clostridium.s__Clostridium_sp_CAG_349	137.2254586717
PWY-7851: coenzyme A biosynthesis II (eukaryotic)|g__Faecalibacterium.s__Faecalibacterium_prausnitzii	15.4893720121
PWY-7851: coenzyme A biosynthesis II (eukaryotic)|g__Blautia.s__Ruminococcus_torques	14.0689785786
PWY-7851: coenzyme A biosynthesis II (eukaryotic)|g__Desulfovibrio.s__Desulfovibrio_piger	7.8321646245
PWY-7851: coenzyme A biosynthesis II (eukaryotic)|g__Sutterella.s__Sutterella_sp_CAG_521	6.5735414955
PWY-5667: CDP-diacylglycerol biosynthesis I	645.6066499571
PWY-5667: CDP-diacylglycerol biosynthesis I|unclassified	139.1586075567
PWY-5667: CDP-diacylglycerol biosynthesis I|g__Clostridium.s__Clostridium_sp_CAG_510	68.3659137210
PWY-5667: CDP-diacylglycerol biosynthesis I|g__Faecalibacterium.s__Faecalibacterium_prausnitzii	23.8457637269
PWY-5667: CDP-diacylglycerol biosynthesis I|g__Dorea.s__Dorea_longicatena	18.3844011142
PWY-5667: CDP-diacylglycerol biosynthesis I|g__Firmicutes_unclassified.s__Firmicutes_bacterium_CAG_65_45_313	12.2852699090
PWY-5667: CDP-diacylglycerol biosynthesis I|g__Dorea.s__Dorea_formicigenerans	11.7938576159
PWY-5667: CDP-diacylglycerol biosynthesis I|g__Parabacteroides.s__Parabacteroides_johnsonii	10.1137800253
PWY0-1319: CDP-diacylglycerol biosynthesis II	645.6066499571
PWY0-1319: CDP-diacylglycerol biosynthesis II|unclassified	139.1586075567
PWY0-1319: CDP-diacylglycerol biosynthesis II|g__Clostridium.s__Clostridium_sp_CAG_510	68.3659137210
PWY0-1319: CDP-diacylglycerol biosynthesis II|g__Faecalibacterium.s__Faecalibacterium_prausnitzii	23.8457637269
PWY0-1319: CDP-diacylglycerol biosynthesis II|g__Dorea.s__Dorea_longicatena	18.3844011142
PWY0-1319: CDP-diacylglycerol biosynthesis II|g__Firmicutes_unclassified.s__Firmicutes_bacterium_CAG_65_45_313	12.2852699090
PWY0-1319: CDP-diacylglycerol biosynthesis II|g__Dorea.s__Dorea_formicigenerans	11.7938576159
PWY0-1319: CDP-diacylglycerol biosynthesis II|g__Parabacteroides.s__Parabacteroides_johnsonii	10.1137800253
PWY-6270: isoprene biosynthesis I	612.3217721569
PWY-6270: isoprene biosynthesis I|unclassified	78.5173644469
PWY-6270: isoprene biosynthesis I|g__Dorea.s__Dorea_longicatena	24.5201910797
1CMET2-PWY: folate transformations III (E. coli)	609.8462923891
1CMET2-PWY: folate transformations III (E. coli)|unclassified	171.2584294184
1CMET2-PWY: folate transformations III (E. coli)|g__Catenibacterium.s__Catenibacterium_mitsuokai	18.1323538615
1CMET2-PWY: folate transformations III (E. coli)|g__Anaerostipes.s__Anaerostipes_hadrus	10.9025830051
1CMET2-PWY: folate transformations III (E. coli)|g__Roseburia.s__Roseburia_hominis	10.4130258077
1CMET2-PWY: folate transformations III (E. coli)|g__Parabacteroides.s__Parabacteroides_johnsonii	6.5597159643
OANTIGEN-PWY: O-antigen building blocks biosynthesis (E. coli)	603.1223070703
OANTIGEN-PWY: O-antigen building blocks biosynthesis (E. coli)|unclassified	122.7401124972
OANTIGEN-PWY: O-antigen building blocks biosynthesis (E. coli)|g__Ruminococcus.s__Ruminococcus_sp_CAG_177	39.6347526524
OANTIGEN-PWY: O-antigen building blocks biosynthesis (E. coli)|g__Roseburia.s__Roseburia_hominis	11.6540119195
OANTIGEN-PWY: O-antigen building blocks biosynthesis (E. coli)|g__Catenibacterium.s__Catenibacterium_mitsuokai	8.6861326615
UDPNAGSYN-PWY: UDP-N-acetyl-D-glucosamine biosynthesis I	597.4258081173
UDPNAGSYN-PWY: UDP-N-acetyl-D-glucosamine biosynthesis I|unclassified	105.8590769465
UDPNAGSYN-PWY: UDP-N-acetyl-D-glucosamine biosynthesis I|g__Firmicutes_unclassified.s__Firmicutes_bacterium_CAG_124	67.1756821746
UDPNAGSYN-PWY: UDP-N-acetyl-D-glucosamine biosynthesis I|g__Clostridium.s__Clostridium_sp_CAG_226	48.1416181201
UDPNAGSYN-PWY: UDP-N-acetyl-D-glucosamine biosynthesis I|g__Ruminococcus.s__Ruminococcus_sp_CAG_177	45.3036343168
UDPNAGSYN-PWY: UDP-N-acetyl-D-glucosamine biosynthesis I|g__Firmicutes_unclassified.s__Firmicutes_bacterium_CAG_129	32.0156196764
UDPNAGSYN-PWY: UDP-N-acetyl-D-glucosamine biosynthesis I|g__Acetobacter.s__Acetobacter_sp_CAG_977	26.7700402065
UDPNAGSYN-PWY: UDP-N-acetyl-D-glucosamine biosynthesis I|g__Clostridium.s__Clostridium_sp_CAG_217	15.7717494062
UDPNAGSYN-PWY: UDP-N-acetyl-D-glucosamine biosynthesis I|g__Collinsella.s__Collinsella_aerofaciens	15.5300050595
UDPNAGSYN-PWY: UDP-N-acetyl-D-glucosamine biosynthesis I|g__Roseburia.s__Roseburia_hominis	14.6860742786
UDPNAGSYN-PWY: UDP-N-acetyl-D-glucosamine biosynthesis I|g__Eubacterium.s__Eubacterium_sp_CAG_180	9.5899965127
UDPNAGSYN-PWY: UDP-N-acetyl-D-glucosamine biosynthesis I|g__Catenibacterium.s__Catenibacterium_mitsuokai	9.1407223324
UDPNAGSYN-PWY: UDP-N-acetyl-D-glucosamine biosynthesis I|g__Desulfovibrio.s__Desulfovibrio_piger	7.6886873938
UDPNAGSYN-PWY: UDP-N-acetyl-D-glucosamine biosynthesis I|g__Oscillibacter.s__Oscillibacter_sp_CAG_241	7.6469303037
PWY-6629: superpathway of L-tryptophan biosynthesis	593.1285721393
PWY-6629: superpathway of L-tryptophan biosynthesis|unclassified	74.4558840160
PWY-6629: superpathway of L-tryptophan biosynthesis|g__Anaerostipes.s__Anaerostipes_hadrus	15.9475918982
HISTSYN-PWY: L-histidine biosynthesis	581.6902348383
HISTSYN-PWY: L-histidine biosynthesis|unclassified	146.3208351837
HISTSYN-PWY: L-histidine biosynthesis|g__Ruminococcus.s__Ruminococcus_bromii	69.7415403431
HISTSYN-PWY: L-histidine biosynthesis|g__Methanobrevibacter.s__Methanobrevibacter_smithii	49.0320988446
HISTSYN-PWY: L-histidine biosynthesis|g__Faecalibacterium.s__Faecalibacterium_prausnitzii	26.6104641385
HISTSYN-PWY: L-histidine biosynthesis|g__Clostridium.s__Clostridium_sp_CAG_217	12.8375253968
HISTSYN-PWY: L-histidine biosynthesis|g__Catenibacterium.s__Catenibacterium_mitsuokai	6.8123565785
PWY-7560: methylerythritol phosphate pathway II	574.5613909431
PWY-7560: methylerythritol phosphate pathway II|unclassified	71.4035127348
PWY-7560: methylerythritol phosphate pathway II|g__Dorea.s__Dorea_longicatena	25.1561720708
PWY-8187: L-arginine degradation XIII (reductive Stickland reaction)	552.6181028909
PWY-8187: L-arginine degradation XIII (reductive Stickland reaction)|unclassified	106.9244877496
PWY-8187: L-arginine degradation XIII (reductive Stickland reaction)|g__Clostridium.s__Clostridium_sp_CAG_226	50.7157532530
PWY-6123: inosine-5'-phosphate biosynthesis I	545.2337205220
PWY-6123: inosine-5'-phosphate biosynthesis I|unclassified	232.0429452746
PWY-6123: inosine-5'-phosphate biosynthesis I|g__Faecalibacterium.s__Faecalibacterium_prausnitzii	26.3641387581
PWY-6123: inosine-5'-phosphate biosynthesis I|g__Anaerostipes.s__Anaerostipes_hadrus	16.6949681478
PWY-6123: inosine-5'-phosphate biosynthesis I|g__Catenibacterium.s__Catenibacterium_mitsuokai	12.4808446649
PWY-6123: inosine-5'-phosphate biosynthesis I|g__Blautia.s__Ruminococcus_torques	7.3863531051
PWY-6123: inosine-5'-phosphate biosynthesis I|g__Blautia.s__Blautia_obeum	4.8300845265
PWY-6527: stachyose degradation	524.2709730515
PWY-6527: stachyose degradation|unclassified	53.4781782016
PWY-6527: stachyose degradation|g__Firmicutes_unclassified.s__Firmicutes_bacterium_CAG_65_45_313	15.5123642668
PWY-6527: stachyose degradation|g__Blautia.s__Blautia_obeum	10.6549177954
PWY-6527: stachyose degradation|g__Anaerostipes.s__Anaerostipes_hadrus	9.8138866496
PWY-6527: stachyose degradation|g__Butyrivibrio.s__Butyrivibrio_sp_CAG_318	7.0922488309
PWY-6527: stachyose degradation|g__Catenibacterium.s__Catenibacterium_mitsuokai	6.3356683429
PWY-7977: L-methionine biosynthesis IV	506.1242163502
PWY-7977: L-methionine biosynthesis IV|unclassified	156.0375628269
PWY-7977: L-methionine biosynthesis IV|g__Dorea.s__Dorea_longicatena	17.1062028273
PWY-7977: L-methionine biosynthesis IV|g__Prevotella.s__Prevotella_copri	16.6867228239
PWY-7977: L-methionine biosynthesis IV|g__Anaerostipes.s__Anaerostipes_hadrus	12.0366975011
PWY-7977: L-methionine biosynthesis IV|g__Alistipes.s__Alistipes_shahii	11.8319412408
PWY-7977: L-methionine biosynthesis IV|g__Roseburia.s__Roseburia_hominis	9.9764675140
PWY-7977: L-methionine biosynthesis IV|g__Bacteroides.s__Bacteroides_vulgatus	7.2767136025
PWY-7977: L-methionine biosynthesis IV|g__Bacteroides.s__Bacteroides_uniformis	6.9910473005
PWY-7977: L-methionine biosynthesis IV|g__Catenibacterium.s__Catenibacterium_mitsuokai	4.0529577199
PWY-7977: L-methionine biosynthesis IV|g__Roseburia.s__Roseburia_sp_CAG_471	3.4928687264
PWY-6124: inosine-5'-phosphate biosynthesis II	501.3061725207
PWY-6124: inosine-5'-phosphate biosynthesis II|unclassified	234.1650938766
PWY-6124: inosine-5'-phosphate biosynthesis II|g__Methanobrevibacter.s__Methanobrevibacter_smithii	53.2245464054
PWY-6124: inosine-5'-phosphate biosynthesis II|g__Faecalibacterium.s__Faecalibacterium_prausnitzii	26.5136834177
PWY-6124: inosine-5'-phosphate biosynthesis II|g__Anaerostipes.s__Anaerostipes_hadrus	16.6450434064
PWY-6124: inosine-5'-phosphate biosynthesis II|g__Catenibacterium.s__Catenibacterium_mitsuokai	12.6668071097
PWY-6124: inosine-5'-phosphate biosynthesis II|g__Blautia.s__Ruminococcus_torques	7.9286954333
PWY-6124: inosine-5'-phosphate biosynthesis II|g__Blautia.s__Blautia_obeum	5.9226668923
PWY-6124: inosine-5'-phosphate biosynthesis II|g__Blautia.s__Blautia_wexlerae	5.7086935247
PWY-6823: molybdopterin biosynthesis	486.8091271157
PWY-6823: molybdopterin biosynthesis|g__Clostridium.s__Clostridium_sp_CAG_349	153.3898895991
PWY-6823: molybdopterin biosynthesis|unclassified	72.4497048523
PWY-6823: molybdopterin biosynthesis|g__Methanobrevibacter.s__Methanobrevibacter_smithii	44.8800619035
PWY-6823: molybdopterin biosynthesis|g__Faecalibacterium.s__Faecalibacterium_prausnitzii	32.1530806979
PWY-6823: molybdopterin biosynthesis|g__Firmicutes_unclassified.s__Firmicutes_bacterium_CAG_65_45_313	13.2669983416
PWY-6823: molybdopterin biosynthesis|g__Desulfovibrio.s__Desulfovibrio_piger	12.8469832530
PWY-6823: molybdopterin biosynthesis|g__Dorea.s__Dorea_formicigenerans	11.3421550095
PWY-6823: molybdopterin biosynthesis|g__Roseburia.s__Roseburia_intestinalis	10.1781170483
PWY-6823: molybdopterin biosynthesis|g__Blautia.s__Blautia_obeum	10.0009785693
PWY-6823: molybdopterin biosynthesis|g__Roseburia.s__Roseburia_faecis	9.6406660824
PWY-6823: molybdopterin biosynthesis|g__Catenibacterium.s__Catenibacterium_mitsuokai	9.3457943925
PWY-6823: molybdopterin biosynthesis|g__Coprococcus.s__Coprococcus_catus	7.7294685990
PWY-6823: molybdopterin biosynthesis|g__Blautia.s__Ruminococcus_torques	4.5185957595
PWY-6317: D-galactose degradation I (Leloir pathway)	474.8921349606
PWY-6317: D-galactose degradation I (Leloir pathway)|unclassified	66.8530058357
PWY-6317: D-galactose degradation I (Leloir pathway)|g__Roseburia.s__Roseburia_hominis	26.0693464113
PWY-6317: D-galactose degradation I (Leloir pathway)|g__Dorea.s__Dorea_longicatena	26.0479884496
PWY-6317: D-galactose degradation I (Leloir pathway)|g__Faecalibacterium.s__Faecalibacterium_prausnitzii	25.6253324258
PWY-6317: D-galactose degradation I (Leloir pathway)|g__Anaerostipes.s__Anaerostipes_hadrus	20.3213292354
PWY-6317: D-galactose degradation I (Leloir pathway)|g__Catenibacterium.s__Catenibacterium_mitsuokai	7.4398807178
PWY-6317: D-galactose degradation I (Leloir pathway)|g__Roseburia.s__Roseburia_intestinalis	6.5440895322
PWY-6317: D-galactose degradation I (Leloir pathway)|g__Blautia.s__Blautia_obeum	6.1740304843
PWY-6317: D-galactose degradation I (Leloir pathway)|g__Blautia.s__Blautia_wexlerae	5.9708861886
PWY-6317: D-galactose degradation I (Leloir pathway)|g__Blautia.s__Ruminococcus_torques	3.3900858822
PWY-8178: pentose phosphate pathway (non-oxidative branch) II	461.1809500512
PWY-8178: pentose phosphate pathway (non-oxidative branch) II|unclassified	106.9331596093
PWY-8178: pentose phosphate pathway (non-oxidative branch) II|g__Acetobacter.s__Acetobacter_sp_CAG_977	23.2746295455
PWY-8178: pentose phosphate pathway (non-oxidative branch) II|g__Anaerostipes.s__Anaerostipes_hadrus	18.1398765273
PWY-8178: pentose phosphate pathway (non-oxidative branch) II|g__Roseburia.s__Roseburia_hominis	16.5250161268
PWY-8178: pentose phosphate pathway (non-oxidative branch) II|g__Catenibacterium.s__Catenibacterium_mitsuokai	15.6692760738
PWY-8178: pentose phosphate pathway (non-oxidative branch) II|g__Desulfovibrio.s__Desulfovibrio_piger	10.9940906763
PWY-8178: pentose phosphate pathway (non-oxidative branch) II|g__Blautia.s__Ruminococcus_torques	10.3677868726
PWY-8178: pentose phosphate pathway (non-oxidative branch) II|g__Collinsella.s__Collinsella_aerofaciens	9.7118808676
PWY-8178: pentose phosphate pathway (non-oxidative branch) II|g__Roseburia.s__Roseburia_intestinalis	5.6407658444
PWY-8178: pentose phosphate pathway (non-oxidative branch) II|g__Blautia.s__Blautia_obeum	4.7984644914
PWY-3001: superpathway of L-isoleucine biosynthesis I	451.4141827175
PWY-3001: superpathway of L-isoleucine biosynthesis I|unclassified	80.8837625705
PWY-3001: superpathway of L-isoleucine biosynthesis I|g__Catenibacterium.s__Catenibacterium_mitsuokai	7.4006117084
PWY66-429: fatty acid biosynthesis initiation (mitochondria)	442.3751426634
PWY66-429: fatty acid biosynthesis initiation (mitochondria)|unclassified	89.7093181992
PWY66-429: fatty acid biosynthesis initiation (mitochondria)|g__Dorea.s__Dorea_longicatena	22.7775691247
PWY66-429: fatty acid biosynthesis initiation (mitochondria)|g__Catenibacterium.s__Catenibacterium_mitsuokai	15.6643824411
PWY66-429: fatty acid biosynthesis initiation (mitochondria)|g__Roseburia.s__Roseburia_hominis	14.6841245695
PWY66-429: fatty acid biosynthesis initiation (mitochondria)|g__Anaerostipes.s__Anaerostipes_hadrus	13.2134876358
PWY66-429: fatty acid biosynthesis initiation (mitochondria)|g__Dorea.s__Dorea_formicigenerans	11.3347044263
PWY66-429: fatty acid biosynthesis initiation (mitochondria)|g__Bacteroides.s__Bacteroides_vulgatus	9.4833547367
PWY66-429: fatty acid biosynthesis initiation (mitochondria)|g__Blautia.s__Ruminococcus_torques	8.6884976140
PWY66-429: fatty acid biosynthesis initiation (mitochondria)|g__Desulfovibrio.s__Desulfovibrio_piger	8.5281248043
PWY66-429: fatty acid biosynthesis initiation (mitochondria)|g__Bacteroides.s__Bacteroides_dorei	1.7254394479
HISDEG-PWY: L-histidine degradation I	425.7122981132
HISDEG-PWY: L-histidine degradation I|unclassified	123.9645482704
HISDEG-PWY: L-histidine degradation I|g__Clostridium.s__Clostridium_sp_CAG_138	108.8959153755
HISDEG-PWY: L-histidine degradation I|g__Clostridium.s__Clostridium_sp_CAG_226	53.6820918167
HISDEG-PWY: L-histidine degradation I|g__Firmicutes_unclassified.s__Firmicutes_bacterium_CAG_124	45.9417633379
HISDEG-PWY: L-histidine degradation I|g__Firmicutes_unclassified.s__Firmicutes_bacterium_CAG_129	35.9950211631
HISDEG-PWY: L-histidine degradation I|g__Alistipes.s__Alistipes_shahii	9.1530188618
HISDEG-PWY: L-histidine degradation I|g__Parabacteroides.s__Parabacteroides_johnsonii	6.8205158015
HISDEG-PWY: L-histidine degradation I|g__Bacteroides.s__Bacteroides_vulgatus	6.5315008845
HISDEG-PWY: L-histidine degradation I|g__Bacteroides.s__Bacteroides_uniformis	3.5696321656
HISDEG-PWY: L-histidine degradation I|g__Catenibacterium.s__Catenibacterium_mitsuokai	1.0105056498
PWY-7400: L-arginine biosynthesis IV (archaebacteria)	421.0088977545
PWY-7400: L-arginine biosynthesis IV (archaebacteria)|unclassified	63.5440865539
PWY-7400: L-arginine biosynthesis IV (archaebacteria)|g__Catenibacterium.s__Catenibacterium_mitsuokai	10.3710824259
PWY-7111: pyruvate fermentation to isobutanol (engineered)	395.1774001920
PWY-7111: pyruvate fermentation to isobutanol (engineered)|g__Methanobrevibacter.s__Methanobrevibacter_smithii	34.9795065725
PWY-7111: pyruvate fermentation to isobutanol (engineered)|g__Dorea.s__Dorea_longicatena	26.0610486940
PWY-7111: pyruvate fermentation to isobutanol (engineered)|g__Anaerostipes.s__Anaerostipes_hadrus	16.4054207842
PWY-7111: pyruvate fermentation to isobutanol (engineered)|g__Faecalibacterium.s__Faecalibacterium_prausnitzii	16.1627317038
PWY-7111: pyruvate fermentation to isobutanol (engineered)|g__Catenibacterium.s__Catenibacterium_mitsuokai	13.7006007085
PWY-7111: pyruvate fermentation to isobutanol (engineered)|g__Roseburia.s__Roseburia_hominis	11.8279324819
PWY-7111: pyruvate fermentation to isobutanol (engineered)|g__Desulfovibrio.s__Desulfovibrio_piger	10.7948928049
PWY-7111: pyruvate fermentation to isobutanol (engineered)|g__Roseburia.s__Roseburia_intestinalis	5.4124995412
PWY-7111: pyruvate fermentation to isobutanol (engineered)|g__Blautia.s__Ruminococcus_torques	5.0620983683
PWY-7111: pyruvate fermentation to isobutanol (engineered)|g__Roseburia.s__Roseburia_faecis	2.5217228410
THRESYN-PWY: superpathway of L-threonine biosynthesis	388.0662779876
THRESYN-PWY: superpathway of L-threonine biosynthesis|unclassified	81.2736982239
THRESYN-PWY: superpathway of L-threonine biosynthesis|g__Anaerostipes.s__Anaerostipes_hadrus	12.0825708656
THRESYN-PWY: superpathway of L-threonine biosynthesis|g__Roseburia.s__Roseburia_hominis	9.7636091404
THRESYN-PWY: superpathway of L-threonine biosynthesis|g__Faecalibacterium.s__Faecalibacterium_prausnitzii	9.6060876575
THRESYN-PWY: superpathway of L-threonine biosynthesis|g__Catenibacterium.s__Catenibacterium_mitsuokai	6.0407126865
THRESYN-PWY: superpathway of L-threonine biosynthesis|g__Bacteroides.s__Bacteroides_uniformis	4.7132286281
THRESYN-PWY: superpathway of L-threonine biosynthesis|g__Bacteroides.s__Bacteroides_vulgatus	4.5610305861
PANTOSYN-PWY: superpathway of coenzyme A biosynthesis I (bacteria)	374.5181672793
PANTOSYN-PWY: superpathway of coenzyme A biosynthesis I (bacteria)|unclassified	101.7501627589
PANTOSYN-PWY: superpathway of coenzyme A biosynthesis I (bacteria)|g__Blautia.s__Ruminococcus_torques	12.3730917735
PANTOSYN-PWY: superpathway of coenzyme A biosynthesis I (bacteria)|g__Anaerostipes.s__Anaerostipes_hadrus	11.6699812334
PANTOSYN-PWY: superpathway of coenzyme A biosynthesis I (bacteria)|g__Desulfovibrio.s__Desulfovibrio_piger	9.4204178191
TRPSYN-PWY: L-tryptophan biosynthesis	365.4173931361
TRPSYN-PWY: L-tryptophan biosynthesis|g__Ruminococcus.s__Ruminococcus_bromii	99.5321867721
TRPSYN-PWY: L-tryptophan biosynthesis|unclassified	45.5769674248
TRPSYN-PWY: L-tryptophan biosynthesis|g__Firmicutes_unclassified.s__Firmicutes_bacterium_CAG_65_45_313	16.2994899837
TRPSYN-PWY: L-tryptophan biosynthesis|g__Anaerostipes.s__Anaerostipes_hadrus	15.4747776350
TRPSYN-PWY: L-tryptophan biosynthesis|g__Methanosphaera.s__Methanosphaera_stadtmanae	10.1574338338
TRPSYN-PWY: L-tryptophan biosynthesis|g__Roseburia.s__Roseburia_sp_CAG_471	7.4715281410
TRPSYN-PWY: L-tryptophan biosynthesis|g__Blautia.s__Blautia_sp_CAG_52	6.5860479646
NONOXIPENT-PWY: pentose phosphate pathway (non-oxidative branch) I	362.8357197742
NONOXIPENT-PWY: pentose phosphate pathway (non-oxidative branch) I|unclassified	89.8189399104
NONOXIPENT-PWY: pentose phosphate pathway (non-oxidative branch) I|g__Acetobacter.s__Acetobacter_sp_CAG_977	24.6000658930
NONOXIPENT-PWY: pentose phosphate pathway (non-oxidative branch) I|g__Catenibacterium.s__Catenibacterium_mitsuokai	18.3029046001
NONOXIPENT-PWY: pentose phosphate pathway (non-oxidative branch) I|g__Roseburia.s__Roseburia_hominis	17.7035936685
NONOXIPENT-PWY: pentose phosphate pathway (non-oxidative branch) I|g__Anaerostipes.s__Anaerostipes_hadrus	15.0247825968
NONOXIPENT-PWY: pentose phosphate pathway (non-oxidative branch) I|g__Collinsella.s__Collinsella_aerofaciens	10.2771150670
NONOXIPENT-PWY: pentose phosphate pathway (non-oxidative branch) I|g__Desulfovibrio.s__Desulfovibrio_piger	9.8467047108
NONOXIPENT-PWY: pentose phosphate pathway (non-oxidative branch) I|g__Blautia.s__Ruminococcus_torques	9.5927367930
NONOXIPENT-PWY: pentose phosphate pathway (non-oxidative branch) I|g__Blautia.s__Blautia_obeum	9.4161958569
NONOXIPENT-PWY: pentose phosphate pathway (non-oxidative branch) I|g__Butyrivibrio.s__Butyrivibrio_sp_CAG_318	5.9988002400
PYRIDNUCSYN-PWY: NAD de novo biosynthesis I (from aspartate)	357.6567346545
PYRIDNUCSYN-PWY: NAD de novo biosynthesis I (from aspartate)|unclassified	47.0563832233
PYRIDNUCSYN-PWY: NAD de novo biosynthesis I (from aspartate)|g__Dorea.s__Dorea_longicatena	21.1819529761
PYRIDNUCSYN-PWY: NAD de novo biosynthesis I (from aspartate)|g__Catenibacterium.s__Catenibacterium_mitsuokai	10.9848634999
PYRIDNUCSYN-PWY: NAD de novo biosynthesis I (from aspartate)|g__Alistipes.s__Alistipes_shahii	10.8919503843
PYRIDNUCSYN-PWY: NAD de novo biosynthesis I (from aspartate)|g__Desulfovibrio.s__Desulfovibrio_piger	8.1887060728
PYRIDNUCSYN-PWY: NAD de novo biosynthesis I (from aspartate)|g__Bacteroides.s__Bacteroides_uniformis	5.5098520393
SER-GLYSYN-PWY: superpathway of L-serine and glycine biosynthesis I	348.0324440690
SER-GLYSYN-PWY: superpathway of L-serine and glycine biosynthesis I|g__Clostridium.s__Clostridium_sp_CAG_510	71.3640827162
SER-GLYSYN-PWY: superpathway of L-serine and glycine biosynthesis I|unclassified	45.6376906091
SER-GLYSYN-PWY: superpathway of L-serine and glycine biosynthesis I|g__Dorea.s__Dorea_longicatena	23.4731242726
SER-GLYSYN-PWY: superpathway of L-serine and glycine biosynthesis I|g__Catenibacterium.s__Catenibacterium_mitsuokai	12.4628462305
SER-GLYSYN-PWY: superpathway of L-serine and glycine biosynthesis I|g__Anaerostipes.s__Anaerostipes_hadrus	8.8591636365
SER-GLYSYN-PWY: superpathway of L-serine and glycine biosynthesis I|g__Blautia.s__Ruminococcus_torques	8.2090249199
SER-GLYSYN-PWY: superpathway of L-serine and glycine biosynthesis I|g__Coprococcus.s__Coprococcus_catus	7.7129502981
SER-GLYSYN-PWY: superpathway of L-serine and glycine biosynthesis I|g__Butyrivibrio.s__Butyrivibrio_sp_CAG_318	7.6299475441
SER-GLYSYN-PWY: superpathway of L-serine and glycine biosynthesis I|g__Roseburia.s__Roseburia_intestinalis	5.7996230245
SER-GLYSYN-PWY: superpathway of L-serine and glycine biosynthesis I|g__Bacteroides.s__Bacteroides_uniformis	4.6677169030
SER-GLYSYN-PWY: superpathway of L-serine and glycine biosynthesis I|g__Roseburia.s__Roseburia_faecis	4.0133779264
SER-GLYSYN-PWY: superpathway of L-serine and glycine biosynthesis I|g__Blautia.s__Blautia_wexlerae	3.7119524870
SER-GLYSYN-PWY: superpathway of L-serine and glycine biosynthesis I|g__Bacteroides.s__Bacteroides_vulgatus	3.1991468942
SER-GLYSYN-PWY: superpathway of L-serine and glycine biosynthesis I|g__Blautia.s__Blautia_obeum	3.0973200010
SER-GLYSYN-PWY: superpathway of L-serine and glycine biosynthesis I|g__Bacteroides.s__Bacteroides_dorei	1.0116337886
PWY-7229: superpathway of adenosine nucleotides de novo biosynthesis I	327.0453481265
PWY-7357: thiamine phosphate formation from pyrithiamine and oxythiamine (yeast)	317.0872783520
PWY-7357: thiamine phosphate formation from pyrithiamine and oxythiamine (yeast)|g__Faecalibacterium.s__Faecalibacterium_prausnitzii	29.4100498480
PWY-7357: thiamine phosphate formation from pyrithiamine and oxythiamine (yeast)|unclassified	28.8862372773
PWY-7357: thiamine phosphate formation from pyrithiamine and oxythiamine (yeast)|g__Dorea.s__Dorea_longicatena	25.8462677345
PWY-7357: thiamine phosphate formation from pyrithiamine and oxythiamine (yeast)|g__Dorea.s__Dorea_formicigenerans	12.4193039983
PWY-7357: thiamine phosphate formation from pyrithiamine and oxythiamine (yeast)|g__Roseburia.s__Roseburia_intestinalis	8.8316931617
PWY-7357: thiamine phosphate formation from pyrithiamine and oxythiamine (yeast)|g__Roseburia.s__Roseburia_hominis	8.4247042062
RIBOSYN2-PWY: flavin biosynthesis I (bacteria and plants)	302.7895627199
RIBOSYN2-PWY: flavin biosynthesis I (bacteria and plants)|unclassified	19.2959229452
RIBOSYN2-PWY: flavin biosynthesis I (bacteria and plants)|g__Desulfovibrio.s__Desulfovibrio_piger	13.6595812091
RIBOSYN2-PWY: flavin biosynthesis I (bacteria and plants)|g__Dorea.s__Dorea_formicigenerans	10.2722890329
HSERMETANA-PWY: L-methionine biosynthesis III	279.0386870877
HSERMETANA-PWY: L-methionine biosynthesis III|unclassified	96.0896772240
HSERMETANA-PWY: L-methionine biosynthesis III|g__Dorea.s__Dorea_longicatena	37.2189424230
HSERMETANA-PWY: L-methionine biosynthesis III|g__Anaerostipes.s__Anaerostipes_hadrus	14.5260751513
HSERMETANA-PWY: L-methionine biosynthesis III|g__Blautia.s__Ruminococcus_torques	9.6490994633
HSERMETANA-PWY: L-methionine biosynthesis III|g__Catenibacterium.s__Catenibacterium_mitsuokai	8.6778563942
HSERMETANA-PWY: L-methionine biosynthesis III|g__Roseburia.s__Roseburia_hominis	7.9410477805
HSERMETANA-PWY: L-methionine biosynthesis III|g__Roseburia.s__Roseburia_faecis	6.2240853798
HSERMETANA-PWY: L-methionine biosynthesis III|g__Roseburia.s__Roseburia_intestinalis	6.1590242155
HSERMETANA-PWY: L-methionine biosynthesis III|g__Blautia.s__Blautia_obeum	6.1528941661
PANTO-PWY: phosphopantothenate biosynthesis I	275.8812708219
PANTO-PWY: phosphopantothenate biosynthesis I|unclassified	82.7576519910
PANTO-PWY: phosphopantothenate biosynthesis I|g__Anaerostipes.s__Anaerostipes_hadrus	14.9705299916
PANTO-PWY: phosphopantothenate biosynthesis I|g__Desulfovibrio.s__Desulfovibrio_piger	12.9234745684
PANTO-PWY: phosphopantothenate biosynthesis I|g__Blautia.s__Ruminococcus_torques	9.9361249113
PANTO-PWY: phosphopantothenate biosynthesis I|g__Roseburia.s__Roseburia_hominis	5.5489496631
PANTO-PWY: phosphopantothenate biosynthesis I|g__Bacteroides.s__Bacteroides_vulgatus	4.0588533739
PWY-841: superpathway of purine nucleotides de novo biosynthesis I	273.4965769668
PWY-7328: superpathway of UDP-glucose-derived O-antigen building blocks biosynthesis	266.1728392861
PWY-7328: superpathway of UDP-glucose-derived O-antigen building blocks biosynthesis|unclassified	18.8682693648
PHOSLIPSYN-PWY: superpathway of phospholipid biosynthesis I (bacteria)	265.4047984421
PWY-6936: seleno-amino acid biosynthesis (plants)	263.0009046888
PWY-6936: seleno-amino acid biosynthesis (plants)|g__Anaerostipes.s__Anaerostipes_hadrus	16.2630084902
PWY-6936: seleno-amino acid biosynthesis (plants)|g__Catenibacterium.s__Catenibacterium_mitsuokai	16.1467996385
PWY-6936: seleno-amino acid biosynthesis (plants)|g__Blautia.s__Ruminococcus_torques	15.1120268855
PWY-6936: seleno-amino acid biosynthesis (plants)|g__Roseburia.s__Roseburia_hominis	9.3873957639
PWY-6936: seleno-amino acid biosynthesis (plants)|g__Dorea.s__Dorea_formicigenerans	9.0913026538
PWY-6936: seleno-amino acid biosynthesis (plants)|unclassified	6.3873174966
PWY-7761: NAD salvage pathway II (PNC IV cycle)	248.7948994021
PWY-7761: NAD salvage pathway II (PNC IV cycle)|unclassified	39.1264993759
P41-PWY: pyruvate fermentation to acetate and (S)-lactate I	235.1855119010
P41-PWY: pyruvate fermentation to acetate and (S)-lactate I|unclassified	44.1398384966
P41-PWY: pyruvate fermentation to acetate and (S)-lactate I|g__Roseburia.s__Roseburia_hominis	11.2167911170
P41-PWY: pyruvate fermentation to acetate and (S)-lactate I|g__Collinsella.s__Collinsella_aerofaciens	10.4788881225
P41-PWY: pyruvate fermentation to acetate and (S)-lactate I|g__Blautia.s__Blautia_obeum	9.8991806083
P41-PWY: pyruvate fermentation to acetate and (S)-lactate I|g__Anaerostipes.s__Anaerostipes_hadrus	8.9220956578
P41-PWY: pyruvate fermentation to acetate and (S)-lactate I|g__Dorea.s__Dorea_formicigenerans	6.3315799727
P41-PWY: pyruvate fermentation to acetate and (S)-lactate I|g__Roseburia.s__Roseburia_faecis	4.5481125333
P41-PWY: pyruvate fermentation to acetate and (S)-lactate I|g__Blautia.s__Ruminococcus_torques	3.9402240864
P41-PWY: pyruvate fermentation to acetate and (S)-lactate I|g__Roseburia.s__Roseburia_intestinalis	3.0291556229
PWY-5100: pyruvate fermentation to acetate and lactate II	235.1855119010
PWY-5100: pyruvate fermentation to acetate and lactate II|unclassified	44.1398384966
PWY-5100: pyruvate fermentation to acetate and lactate II|g__Anaerostipes.s__Anaerostipes_hadrus	14.6004281136
PWY-5100: pyruvate fermentation to acetate and lactate II|g__Roseburia.s__Roseburia_hominis	11.2167911170
PWY-5100: pyruvate fermentation to acetate and lactate II|g__Desulfovibrio.s__Desulfovibrio_piger	10.8676895964
PWY-5100: pyruvate fermentation to acetate and lactate II|g__Collinsella.s__Collinsella_aerofaciens	10.4788881225
PWY-5100: pyruvate fermentation to acetate and lactate II|g__Blautia.s__Blautia_obeum	9.8991806083
PWY-5100: pyruvate fermentation to acetate and lactate II|g__Dorea.s__Dorea_formicigenerans	6.3315799727
PWY-5100: pyruvate fermentation to acetate and lactate II|g__Roseburia.s__Roseburia_faecis	4.5481125333
PWY-5100: pyruvate fermentation to acetate and lactate II|g__Blautia.s__Ruminococcus_torques	3.9402240864
PWY-5100: pyruvate fermentation to acetate and lactate II|g__Roseburia.s__Roseburia_intestinalis	3.8914291273
PWY-6897: thiamine diphosphate salvage II	233.0990914367
PWY-6897: thiamine diphosphate salvage II|unclassified	30.2500995813
PWY-6897: thiamine diphosphate salvage II|g__Faecalibacterium.s__Faecalibacterium_prausnitzii	18.3326062155
PWY-7237: myo-, chiro- and scyllo-inositol degradation	231.9115139593
PWY-7237: myo-, chiro- and scyllo-inositol degradation|g__Dorea.s__Dorea_longicatena	78.5533910534
PWY-7237: myo-, chiro- and scyllo-inositol degradation|unclassified	55.2965793854
PWY-5188: tetrapyrrole biosynthesis I (from glutamate)	229.9504009437
PWY-5188: tetrapyrrole biosynthesis I (from glutamate)|g__Ruminococcus.s__Ruminococcus_bromii	77.9173590404
PWY-5188: tetrapyrrole biosynthesis I (from glutamate)|unclassified	12.3704186465
PWY-5188: tetrapyrrole biosynthesis I (from glutamate)|g__Methanosphaera.s__Methanosphaera_stadtmanae	10.7166778299
PWY-5188: tetrapyrrole biosynthesis I (from glutamate)|g__Desulfovibrio.s__Desulfovibrio_piger	9.0802466800
PWY-5188: tetrapyrrole biosynthesis I (from glutamate)|g__Phascolarctobacterium.s__Phascolarctobacterium_succinatutens	7.0834768065
PWY0-1586: peptidoglycan maturation (meso-diaminopimelate containing)	226.6631202143
PWY0-1586: peptidoglycan maturation (meso-diaminopimelate containing)|unclassified	55.8339365572
PWY0-1586: peptidoglycan maturation (meso-diaminopimelate containing)|g__Catenibacterium.s__Catenibacterium_mitsuokai	20.8523771854
PWY0-1586: peptidoglycan maturation (meso-diaminopimelate containing)|g__Anaerostipes.s__Anaerostipes_hadrus	13.1512392514
PWY0-1586: peptidoglycan maturation (meso-diaminopimelate containing)|g__Collinsella.s__Collinsella_aerofaciens	8.8888888889
PWY0-1586: peptidoglycan maturation (meso-diaminopimelate containing)|g__Bacteroides.s__Bacteroides_uniformis	7.4712288376
PWY0-1586: peptidoglycan maturation (meso-diaminopimelate containing)|g__Bacteroides.s__Bacteroides_vulgatus	4.4423290497
PWY0-1586: peptidoglycan maturation (meso-diaminopimelate containing)|g__Bacteroides.s__Bacteroides_dorei	2.1929824561
ASPASN-PWY: superpathway of L-aspartate and L-asparagine biosynthesis	224.1567864666
ASPASN-PWY: superpathway of L-aspartate and L-asparagine biosynthesis|unclassified	124.6088730805
ASPASN-PWY: superpathway of L-aspartate and L-asparagine biosynthesis|g__Bacteroides.s__Bacteroides_vulgatus	6.3302059403
ASPASN-PWY: superpathway of L-aspartate and L-asparagine biosynthesis|g__Catenibacterium.s__Catenibacterium_mitsuokai	4.6737905704
ASPASN-PWY: superpathway of L-aspartate and L-asparagine biosynthesis|g__Bacteroides.s__Bacteroides_uniformis	4.2223786066
ASPASN-PWY: superpathway of L-aspartate and L-asparagine biosynthesis|g__Bacteroides.s__Bacteroides_dorei	1.0673070509
ANAEROFRUCAT-PWY: homolactic fermentation	218.4018630435
ANAEROFRUCAT-PWY: homolactic fermentation|unclassified	60.2184402950
PWY-6126: superpathway of adenosine nucleotides de novo biosynthesis II	217.7449750414
THISYN-PWY: superpathway of thiamine diphosphate biosynthesis I	212.7367702016
PWY0-162: superpathway of pyrimidine ribonucleotides de novo biosynthesis	212.5395056663
PWY0-162: superpathway of pyrimidine ribonucleotides de novo biosynthesis|unclassified	43.0022842341
GLYCOLYSIS: glycolysis I (from glucose 6-phosphate)	210.0791926331
GLYCOLYSIS: glycolysis I (from glucose 6-phosphate)|unclassified	68.9913965757
PWY-5973: cis-vaccenate biosynthesis	201.9081795811
PWY-5973: cis-vaccenate biosynthesis|unclassified	15.6576425792
PWY-5973: cis-vaccenate biosynthesis|g__Catenibacterium.s__Catenibacterium_mitsuokai	14.2519117761
PWY-6147: 6-hydroxymethyl-dihydropterin diphosphate biosynthesis I	198.0133474996
PWY4FS-7: phosphatidylglycerol biosynthesis I (plastidic)	194.7106460348
PWY4FS-8: phosphatidylglycerol biosynthesis II (non-plastidic)	194.7106460348
PWY-6703: preQ0 biosynthesis	192.2511990741
PWY-6703: preQ0 biosynthesis|unclassified	33.6268033177
PWY-6703: preQ0 biosynthesis|g__Coprococcus.s__Coprococcus_catus	7.8457744900
PWY-6703: preQ0 biosynthesis|g__Bilophila.s__Bilophila_wadsworthia	6.3212552207
PWY-6703: preQ0 biosynthesis|g__Blautia.s__Blautia_sp_CAG_52	6.0698027314
PWY-6703: preQ0 biosynthesis|g__Roseburia.s__Roseburia_sp_CAG_471	5.6457304164
PWY-6703: preQ0 biosynthesis|g__Bacteroides.s__Bacteroides_uniformis	5.3475935829
PWY-6703: preQ0 biosynthesis|g__Catenibacterium.s__Catenibacterium_mitsuokai	5.1052967454
PWY-6703: preQ0 biosynthesis|g__Blautia.s__Ruminococcus_torques	3.1494093436
PWY-6628: superpathway of L-phenylalanine biosynthesis	191.1470206306
PWY-5484: glycolysis II (from fructose 6-phosphate)	189.3875509618
PWY-5484: glycolysis II (from fructose 6-phosphate)|unclassified	66.6555632622
PWY-7228: superpathway of guanosine nucleotides de novo biosynthesis I	186.4181359954
PWY-6892: thiazole component of thiamine diphosphate biosynthesis I	180.3332832228
PWY-6892: thiazole component of thiamine diphosphate biosynthesis I|g__Anaerostipes.s__Anaerostipes_hadrus	24.1345009833
PWY-6892: thiazole component of thiamine diphosphate biosynthesis I|g__Blautia.s__Blautia_sp_CAG_52	9.8479818925
PWY-6892: thiazole component of thiamine diphosphate biosynthesis I|g__Dorea.s__Dorea_formicigenerans	7.0215770782
PWY-6892: thiazole component of thiamine diphosphate biosynthesis I|g__Catenibacterium.s__Catenibacterium_mitsuokai	5.5261188803
PWY-6892: thiazole component of thiamine diphosphate biosynthesis I|g__Bacteroides.s__Bacteroides_uniformis	2.5672110434
GLUCONEO-PWY: gluconeogenesis I	179.6702864206
GLUCONEO-PWY: gluconeogenesis I|unclassified	37.4494951013
PWY-1861: formaldehyde assimilation II (assimilatory RuMP Cycle)	177.4584030370
PWY-7663: gondoate biosynthesis (anaerobic)	172.8130456480
PWY-7663: gondoate biosynthesis (anaerobic)|g__Catenibacterium.s__Catenibacterium_mitsuokai	13.9828155477
PWY-7663: gondoate biosynthesis (anaerobic)|unclassified	12.7293320596
PWY-6165: chorismate biosynthesis II (archaea)	168.7367607386
PWY-6165: chorismate biosynthesis II (archaea)|g__Methanobrevibacter.s__Methanobrevibacter_smithii	45.1640213715
PWY-7383: anaerobic energy metabolism (invertebrates, cytosol)	162.8990431425
PWY-7383: anaerobic energy metabolism (invertebrates, cytosol)|unclassified	34.2871221009
PWY66-399: gluconeogenesis III	154.3157653372
PWY66-399: gluconeogenesis III|unclassified	37.2804150595
PWY-6125: superpathway of guanosine nucleotides de novo biosynthesis II	152.2158405352
PWY-7345: superpathway of anaerobic sucrose degradation	150.6862567478
COBALSYN-PWY: superpathway of adenosylcobalamin salvage from cobinamide I	147.9638287593
COBALSYN-PWY: superpathway of adenosylcobalamin salvage from cobinamide I|g__Dorea.s__Dorea_longicatena	17.3614222676
COBALSYN-PWY: superpathway of adenosylcobalamin salvage from cobinamide I|unclassified	9.5090664782
COBALSYN-PWY: superpathway of adenosylcobalamin salvage from cobinamide I|g__Faecalibacterium.s__Faecalibacterium_prausnitzii	7.8786685050
COBALSYN-PWY: superpathway of adenosylcobalamin salvage from cobinamide I|g__Bacteroides.s__Bacteroides_uniformis	5.8028717862
COLANSYN-PWY: colanic acid building blocks biosynthesis	146.8364877810
COLANSYN-PWY: colanic acid building blocks biosynthesis|unclassified	17.5264961406
RHAMCAT-PWY: L-rhamnose degradation I	141.9119162443
RHAMCAT-PWY: L-rhamnose degradation I|g__Catenibacterium.s__Catenibacterium_mitsuokai	8.0965806405
RHAMCAT-PWY: L-rhamnose degradation I|g__Blautia.s__Ruminococcus_torques	4.8463885326
RHAMCAT-PWY: L-rhamnose degradation I|g__Prevotella.s__Prevotella_copri	4.4408558740
PWY-7208: superpathway of pyrimidine nucleobases salvage	138.2978925779
PWY-7208: superpathway of pyrimidine nucleobases salvage|unclassified	21.7388623193
PWY-7208: superpathway of pyrimidine nucleobases salvage|g__Acetobacter.s__Acetobacter_sp_CAG_977	19.8077572705
PWY-7208: superpathway of pyrimidine nucleobases salvage|g__Anaerostipes.s__Anaerostipes_hadrus	11.8548760310
PWY-7208: superpathway of pyrimidine nucleobases salvage|g__Roseburia.s__Roseburia_intestinalis	7.0892880293
PWY-6292: superpathway of L-cysteine biosynthesis (mammalian)	133.5229516115
PWY-6292: superpathway of L-cysteine biosynthesis (mammalian)|unclassified	20.7559369309
PWY-7234: inosine-5'-phosphate biosynthesis III	131.4201147128
PWY-7234: inosine-5'-phosphate biosynthesis III|g__Methanobrevibacter.s__Methanobrevibacter_smithii	50.0265329402
GLCMANNANAUT-PWY: superpathway of N-acetylglucosamine, N-acetylmannosamine and N-acetylneuraminate degradation	129.9205739980
GLCMANNANAUT-PWY: superpathway of N-acetylglucosamine, N-acetylmannosamine and N-acetylneuraminate degradation|g__Faecalibacterium.s__Faecalibacterium_prausnitzii	16.5398059642
GLCMANNANAUT-PWY: superpathway of N-acetylglucosamine, N-acetylmannosamine and N-acetylneuraminate degradation|unclassified	8.8407350716
PWY-2941: L-lysine biosynthesis II	128.0493584192
PWY-2941: L-lysine biosynthesis II|g__Roseburia.s__Roseburia_hominis	15.8079372803
PWY-2941: L-lysine biosynthesis II|g__Catenibacterium.s__Catenibacterium_mitsuokai	15.2761469105
PWY-6630: superpathway of L-tyrosine biosynthesis	127.4237735309
PWY-6630: superpathway of L-tyrosine biosynthesis|unclassified	23.5083715158
PENTOSE-P-PWY: pentose phosphate pathway	122.4666619889
PENTOSE-P-PWY: pentose phosphate pathway|g__Catenibacterium.s__Catenibacterium_mitsuokai	9.7749342832
THISYNARA-PWY: superpathway of thiamine diphosphate biosynthesis III (eukaryotes)	119.3459032667
THISYNARA-PWY: superpathway of thiamine diphosphate biosynthesis III (eukaryotes)|g__Roseburia.s__Roseburia_hominis	7.2743152487
FERMENTATION-PWY: mixed acid fermentation	113.7164866209
FERMENTATION-PWY: mixed acid fermentation|unclassified	14.0706371057
PWY-7198: pyrimidine deoxyribonucleotides de novo biosynthesis IV	108.1235362819
P441-PWY: superpathway of N-acetylneuraminate degradation	105.1441485890
PWY66-409: superpathway of purine nucleotide salvage	103.7576023296
P461-PWY: hexitol fermentation to lactate, formate, ethanol and acetate	101.1345581996
P461-PWY: hexitol fermentation to lactate, formate, ethanol and acetate|unclassified	55.8804950756
P461-PWY: hexitol fermentation to lactate, formate, ethanol and acetate|g__Anaerostipes.s__Anaerostipes_hadrus	23.0759925067
PWY-7220: adenosine deoxyribonucleotides de novo biosynthesis II	100.4799862849
PWY-7222: guanosine deoxyribonucleotides de novo biosynthesis II	100.4799862849
PWY-6353: purine nucleotides degradation II (aerobic)	99.6197683965
PWY0-1298: superpathway of pyrimidine deoxyribonucleosides degradation	99.1304668543
PWY0-1298: superpathway of pyrimidine deoxyribonucleosides degradation|unclassified	21.6264663489
PWY-6731: starch degradation III	98.9749196289
PWY-6731: starch degradation III|unclassified	16.8820224045
PWY-6731: starch degradation III|g__Catenibacterium.s__Catenibacterium_mitsuokai	8.9105933459
PWY-6731: starch degradation III|g__Blautia.s__Blautia_wexlerae	6.4465183158
PWY-6731: starch degradation III|g__Blautia.s__Blautia_obeum	2.0857595623
PWY-6901: superpathway of glucose and xylose degradation	98.3455610671
PWY-6608: guanosine nucleotides degradation III	95.0941272159
PWY-6608: guanosine nucleotides degradation III|unclassified	28.4975849919
PWY-6608: guanosine nucleotides degradation III|g__Anaerostipes.s__Anaerostipes_hadrus	9.4490754568
PWY-6608: guanosine nucleotides degradation III|g__Blautia.s__Ruminococcus_torques	7.9015036698
PWY-6608: guanosine nucleotides degradation III|g__Blautia.s__Blautia_obeum	3.3480246413
PWY-6608: guanosine nucleotides degradation III|g__Blautia.s__Blautia_wexlerae	2.7826086957
PWY-5659: GDP-mannose biosynthesis	94.5577294985
PWY-5659: GDP-mannose biosynthesis|unclassified	18.4761898287
PWY-5659: GDP-mannose biosynthesis|g__Alistipes.s__Alistipes_shahii	9.7980324758
PWY-5659: GDP-mannose biosynthesis|g__Faecalibacterium.s__Faecalibacterium_prausnitzii	8.8679506720
PWY-5659: GDP-mannose biosynthesis|g__Roseburia.s__Roseburia_intestinalis	6.0102989898
PWY-5659: GDP-mannose biosynthesis|g__Roseburia.s__Roseburia_hominis	5.9841817958
PWY-7197: pyrimidine deoxyribonucleotide phosphorylation	94.5465014417
PWY-7197: pyrimidine deoxyribonucleotide phosphorylation|g__Methanobrevibacter.s__Methanobrevibacter_smithii	45.1593414892
PWY-7197: pyrimidine deoxyribonucleotide phosphorylation|g__Acetobacter.s__Acetobacter_sp_CAG_977	19.8367284657
PWY-5676: acetyl-CoA fermentation to butanoate II	93.6566977858
PWY0-1477: ethanolamine utilization	89.0307266306
PWY0-1477: ethanolamine utilization|g__Desulfovibrio.s__Desulfovibrio_piger	12.9682800229
PWY0-1477: ethanolamine utilization|g__Roseburia.s__Roseburia_hominis	11.9411415015
PWY-5384: sucrose degradation IV (sucrose phosphorylase)	85.8102114860
PWY-5384: sucrose degradation IV (sucrose phosphorylase)|unclassified	29.8223070056
PWY-5384: sucrose degradation IV (sucrose phosphorylase)|g__Anaerostipes.s__Anaerostipes_hadrus	18.5847618923
PWY-5154: L-arginine biosynthesis III (via N-acetyl-L-citrulline)	85.6441375020
PWY-5154: L-arginine biosynthesis III (via N-acetyl-L-citrulline)|unclassified	11.3151993853
PWY-5154: L-arginine biosynthesis III (via N-acetyl-L-citrulline)|g__Catenibacterium.s__Catenibacterium_mitsuokai	10.5903666129
PWY-621: sucrose degradation III (sucrose invertase)	83.4933618441
PWY-621: sucrose degradation III (sucrose invertase)|unclassified	31.0617198978
PWY-621: sucrose degradation III (sucrose invertase)|g__Anaerostipes.s__Anaerostipes_hadrus	19.5892328076
PWY-6590: superpathway of Clostridium acetobutylicum acidogenic fermentation	83.4426028214
PWY-6590: superpathway of Clostridium acetobutylicum acidogenic fermentation|unclassified	15.7184098839
PWY-I9: L-cysteine biosynthesis VI (from L-methionine)	83.2966706542
PWY-I9: L-cysteine biosynthesis VI (from L-methionine)|g__Anaerostipes.s__Anaerostipes_hadrus	14.1679267473
PWY-I9: L-cysteine biosynthesis VI (from L-methionine)|unclassified	10.0570485898
PWY-5121: superpathway of geranylgeranyl diphosphate biosynthesis II (via MEP)	82.6870652258
PWY-5121: superpathway of geranylgeranyl diphosphate biosynthesis II (via MEP)|unclassified	18.6815666750
ARG+POLYAMINE-SYN: superpathway of arginine and polyamine biosynthesis	82.2063270297
LACTOSECAT-PWY: lactose and galactose degradation I	81.7690084631
LACTOSECAT-PWY: lactose and galactose degradation I|g__Anaerostipes.s__Anaerostipes_hadrus	19.6927822660
LACTOSECAT-PWY: lactose and galactose degradation I|unclassified	19.0481717396
LACTOSECAT-PWY: lactose and galactose degradation I|g__Collinsella.s__Collinsella_aerofaciens	16.1226808665
SALVADEHYPOX-PWY: adenosine nucleotides degradation II	80.7939563927
SALVADEHYPOX-PWY: adenosine nucleotides degradation II|unclassified	24.5526105027
SALVADEHYPOX-PWY: adenosine nucleotides degradation II|g__Anaerostipes.s__Anaerostipes_hadrus	10.0608275320
SALVADEHYPOX-PWY: adenosine nucleotides degradation II|g__Blautia.s__Ruminococcus_torques	8.2435209174
PWY-6168: flavin biosynthesis III (fungi)	79.9679530881
GLUCUROCAT-PWY: superpathway of &beta;-D-glucuronosides degradation	78.6603910149
GLUCUROCAT-PWY: superpathway of &beta;-D-glucuronosides degradation|unclassified	18.8591909346
GLUCUROCAT-PWY: superpathway of &beta;-D-glucuronosides degradation|g__Faecalibacterium.s__Faecalibacterium_prausnitzii	14.4126102392
PWY-5030: L-histidine degradation III	78.1204054900
PWY-5030: L-histidine degradation III|g__Catenibacterium.s__Catenibacterium_mitsuokai	1.4873600021
PWY-5505: L-glutamate and L-glutamine biosynthesis	74.9571319772
PWY-5505: L-glutamate and L-glutamine biosynthesis|unclassified	14.4228457182
PWY-702: L-methionine biosynthesis II	74.0953565498
PWY-702: L-methionine biosynthesis II|unclassified	5.1615878819
PPGPPMET-PWY: ppGpp metabolism	72.3406740520
PWY-6470: peptidoglycan biosynthesis V (&beta;-lactam resistance)	71.7688286985
PWY-6160: 3-dehydroquinate biosynthesis II (archaea)	69.5313938298
PWY-6160: 3-dehydroquinate biosynthesis II (archaea)|g__Methanobrevibacter.s__Methanobrevibacter_smithii	48.5025089984
PWY-7286: 7-(3-amino-3-carboxypropyl)-wyosine biosynthesis	68.8927975803
CENTFERM-PWY: pyruvate fermentation to butanoate	68.4590648960
CENTFERM-PWY: pyruvate fermentation to butanoate|unclassified	12.5025167198
PWY-6969: TCA cycle V (2-oxoglutarate synthase)	68.1653163720
PWY-7242: D-fructuronate degradation	68.1604961647
PWY-7242: D-fructuronate degradation|g__Faecalibacterium.s__Faecalibacterium_prausnitzii	24.8090450786
PWY-7242: D-fructuronate degradation|unclassified	15.5926392765
DAPLYSINESYN-PWY: L-lysine biosynthesis I	67.5856489624
PWY-6167: flavin biosynthesis II (archaea)	66.6872362024
METHANOGENESIS-PWY: methanogenesis from H2 and CO2	66.3265894826
METHANOGENESIS-PWY: methanogenesis from H2 and CO2|g__Methanobrevibacter.s__Methanobrevibacter_smithii	62.0386440432
POLYISOPRENSYN-PWY: polyisoprenoid biosynthesis (E. coli)	65.5367403196
PWY-7456: &beta;-(1,4)-mannan degradation	64.3107373908
P164-PWY: purine nucleobases degradation I (anaerobic)	61.7770684358
PWY-4041: &gamma;-glutamyl cycle	61.4810760908
PWY-4041: &gamma;-glutamyl cycle|unclassified	7.8009924424
PWY-4041: &gamma;-glutamyl cycle|g__Bacteroides.s__Bacteroides_vulgatus	1.6176321909
PWY-4041: &gamma;-glutamyl cycle|g__Bacteroides.s__Bacteroides_dorei	1.4875245500
PWY-7282: 4-amino-2-methyl-5-diphosphomethylpyrimidine biosynthesis II	61.3118104267
PWY0-1297: superpathway of purine deoxyribonucleosides degradation	60.4519878395
PWY-5198: factor 420 biosynthesis II (mycobacteria)	60.4163705139
PWY-5198: factor 420 biosynthesis II (mycobacteria)|g__Methanobrevibacter.s__Methanobrevibacter_smithii	50.5888046459
PWY-5198: factor 420 biosynthesis II (mycobacteria)|g__Methanosphaera.s__Methanosphaera_stadtmanae	11.1410268313
PWY-8112: factor 420 biosynthesis I (archaea)	59.4848398255
PWY-8112: factor 420 biosynthesis I (archaea)|g__Methanobrevibacter.s__Methanobrevibacter_smithii	49.7067681091
PWY-8113: 3PG-factor 420 biosynthesis	59.4848398255
PWY-8113: 3PG-factor 420 biosynthesis|g__Methanobrevibacter.s__Methanobrevibacter_smithii	48.8404875356
PWY-5209: methyl-coenzyme M oxidation to CO2	58.9704190266
PWY-5209: methyl-coenzyme M oxidation to CO2|g__Methanobrevibacter.s__Methanobrevibacter_smithii	48.7942197617
PWY-5209: methyl-coenzyme M oxidation to CO2|g__Methanosphaera.s__Methanosphaera_stadtmanae	7.3363086140
PWY-7356: thiamine diphosphate salvage IV (yeast)	57.1480714550
PWY-7356: thiamine diphosphate salvage IV (yeast)|unclassified	13.2437293885
PWY-6349: CDP-archaeol biosynthesis	55.9741581598
PWY-6349: CDP-archaeol biosynthesis|g__Methanobrevibacter.s__Methanobrevibacter_smithii	46.2100217985
PWY0-1261: anhydromuropeptides recycling I	55.9400930857
PWY0-1261: anhydromuropeptides recycling I|g__Catenibacterium.s__Catenibacterium_mitsuokai	4.1599162658
PWY-7392: taxadiene biosynthesis (engineered)	55.5813043444
GLYCOLYSIS-E-D: superpathway of glycolysis and the Entner-Doudoroff pathway	55.0310893172
GLYCOCAT-PWY: glycogen degradation I	54.6888784051
GLYCOCAT-PWY: glycogen degradation I|g__Catenibacterium.s__Catenibacterium_mitsuokai	9.3860396569
PWY-7323: superpathway of GDP-mannose-derived O-antigen building blocks biosynthesis	53.5886920550
PWY-6549: L-glutamine biosynthesis III	53.5503409103
PWY-6549: L-glutamine biosynthesis III|unclassified	12.9760386606
PWY-6350: archaetidylinositol biosynthesis	53.0911025832
PWY-6350: archaetidylinositol biosynthesis|g__Methanobrevibacter.s__Methanobrevibacter_smithii	42.4325613883
NAGLIPASYN-PWY: lipid IVA biosynthesis (E. coli)	52.8436438537
PWY-8073: lipid IVA biosynthesis (P. putida)	52.8436438537
HEXITOLDEGSUPER-PWY: superpathway of hexitol degradation (bacteria)	52.1307148567
METH-ACETATE-PWY: methanogenesis from acetate	51.5781876719
METH-ACETATE-PWY: methanogenesis from acetate|g__Blautia.s__Blautia_obeum	8.7673201541
METH-ACETATE-PWY: methanogenesis from acetate|g__Blautia.s__Blautia_wexlerae	3.4508044688
PWY-5345: superpathway of L-methionine biosynthesis (by sulfhydrylation)	51.3525804929
PWY-5345: superpathway of L-methionine biosynthesis (by sulfhydrylation)|unclassified	19.1689497744
GALACTUROCAT-PWY: D-galacturonate degradation I	50.5854488045
GALACTUROCAT-PWY: D-galacturonate degradation I|g__Faecalibacterium.s__Faecalibacterium_prausnitzii	25.1643824199
GALACTUROCAT-PWY: D-galacturonate degradation I|g__Alistipes.s__Alistipes_shahii	7.9852225347
P42-PWY: incomplete reductive TCA cycle	48.9567671619
PWY-6606: guanosine nucleotides degradation II	47.5422291956
PWY-6606: guanosine nucleotides degradation II|g__Blautia.s__Ruminococcus_torques	7.9015036698
PWY-5497: purine nucleobases degradation II (anaerobic)	46.8724041039
PWY-6507: 4-deoxy-L-threo-hex-4-enopyranuronate degradation	46.4218131544
PWY-6507: 4-deoxy-L-threo-hex-4-enopyranuronate degradation|g__Faecalibacterium.s__Faecalibacterium_prausnitzii	22.6387179287
POLYAMSYN-PWY: superpathway of polyamine biosynthesis I	45.3813548200
PWY0-1479: tRNA processing	44.3180205994
ARGININE-SYN4-PWY: L-ornithine biosynthesis II	44.2809965468
ARGININE-SYN4-PWY: L-ornithine biosynthesis II|g__Catenibacterium.s__Catenibacterium_mitsuokai	4.5540486175
ARGININE-SYN4-PWY: L-ornithine biosynthesis II|g__Bacteroides.s__Bacteroides_vulgatus	2.9256291765
ARGININE-SYN4-PWY: L-ornithine biosynthesis II|g__Bacteroides.s__Bacteroides_dorei	1.5137180700
PWY-8004: Entner-Doudoroff pathway I	44.0051630015
SULFATE-CYS-PWY: superpathway of sulfate assimilation and cysteine biosynthesis	43.1686154469
SULFATE-CYS-PWY: superpathway of sulfate assimilation and cysteine biosynthesis|unclassified	14.4377351296
PWY0-1061: superpathway of L-alanine biosynthesis	42.4987408881
PWY0-1061: superpathway of L-alanine biosynthesis|unclassified	38.1726937288
P161-PWY: acetylene degradation (anaerobic)	38.2057926327
CITRULBIO-PWY: L-citrulline biosynthesis	37.8986339215
CITRULBIO-PWY: L-citrulline biosynthesis|unclassified	34.1286195553
PWY-6305: superpathway of putrescine biosynthesis	37.7275223197
PWY-6305: superpathway of putrescine biosynthesis|unclassified	15.6490224547
PWY-5136: fatty acid &beta;-oxidation II (plant peroxisome)	36.5602858821
PWY-5136: fatty acid &beta;-oxidation II (plant peroxisome)|g__Coprococcus.s__Coprococcus_catus	16.5473813664
PWY-7117: C4 photosynthetic carbon assimilation cycle, PEPCK type	36.4177700231
PWY-7117: C4 photosynthetic carbon assimilation cycle, PEPCK type|unclassified	9.9582645262
PWY-1269: CMP-3-deoxy-D-manno-octulosonate biosynthesis	33.8926807964
PWY-1269: CMP-3-deoxy-D-manno-octulosonate biosynthesis|unclassified	13.8886527072
PWY-1269: CMP-3-deoxy-D-manno-octulosonate biosynthesis|g__Catenibacterium.s__Catenibacterium_mitsuokai	4.8426150121
PWY-1269: CMP-3-deoxy-D-manno-octulosonate biosynthesis|g__Bacteroides.s__Bacteroides_uniformis	3.3467202142
POLYAMINSYN3-PWY: superpathway of polyamine biosynthesis II	32.3488629521
PWY-4984: urea cycle	31.6641553429
PWY-4984: urea cycle|unclassified	28.9522011193
PWY-6859: all-trans-farnesol biosynthesis	31.4111670887
PWY-6859: all-trans-farnesol biosynthesis|g__Methanosphaera.s__Methanosphaera_stadtmanae	9.1758151729
PWY-241: C4 photosynthetic carbon assimilation cycle, NADP-ME type	31.0173357489
PWY-241: C4 photosynthetic carbon assimilation cycle, NADP-ME type|unclassified	8.4058409228
PWY0-845: superpathway of pyridoxal 5'-phosphate biosynthesis and salvage	30.7448728627
PWY-7115: C4 photosynthetic carbon assimilation cycle, NAD-ME type	30.3827613018
PWY-7115: C4 photosynthetic carbon assimilation cycle, NAD-ME type|unclassified	11.5933435139
PWY-821: superpathway of sulfur amino acid biosynthesis (Saccharomyces cerevisiae)	29.3526216711
PWY-5189: tetrapyrrole biosynthesis II (from glycine)	29.0352108333
PWY-5189: tetrapyrrole biosynthesis II (from glycine)|g__Methanosphaera.s__Methanosphaera_stadtmanae	10.9920307777
PWY-5189: tetrapyrrole biosynthesis II (from glycine)|unclassified	9.4223865683
PWY1ZNC-1: assimilatory sulfate reduction IV	28.4429425679
PWY1ZNC-1: assimilatory sulfate reduction IV|unclassified	15.0868261128
PWY-7992: superpathway of menaquinol-8 biosynthesis III	26.4775581474
RUMP-PWY: formaldehyde oxidation I	25.4263622829
GALACT-GLUCUROCAT-PWY: superpathway of hexuronide and hexuronate degradation	24.8258617848
PYRIDOXSYN-PWY: pyridoxal 5'-phosphate biosynthesis I	24.6747774667
P185-PWY: formaldehyde assimilation III (dihydroxyacetone cycle)	24.2274459865
PWY0-1241: ADP-L-glycero-&beta;-D-manno-heptose biosynthesis	23.3569727721
PWY0-1241: ADP-L-glycero-&beta;-D-manno-heptose biosynthesis|g__Butyrivibrio.s__Butyrivibrio_sp_CAG_318	7.3833431778
PWY-5913: partial TCA cycle (obligate autotrophs)	23.1919393764
PWY-5913: partial TCA cycle (obligate autotrophs)|unclassified	10.1672348906
PWY-6902: chitin degradation II (Vibrio)	22.3078810155
PWY-6902: chitin degradation II (Vibrio)|unclassified	20.7789783181
ORNDEG-PWY: superpathway of ornithine degradation	21.7099813746
ORNDEG-PWY: superpathway of ornithine degradation|unclassified	12.3351156563
GOLPDLCAT-PWY: superpathway of glycerol degradation to 1,3-propanediol	21.4528449604
GOLPDLCAT-PWY: superpathway of glycerol degradation to 1,3-propanediol|g__Anaerostipes.s__Anaerostipes_hadrus	13.4067313055
GOLPDLCAT-PWY: superpathway of glycerol degradation to 1,3-propanediol|g__Blautia.s__Ruminococcus_torques	10.3136796315
SO4ASSIM-PWY: assimilatory sulfate reduction I	20.6420323896
SO4ASSIM-PWY: assimilatory sulfate reduction I|unclassified	13.3719588985
GALACTITOLCAT-PWY: galactitol degradation	20.1620371866
GALACTITOLCAT-PWY: galactitol degradation|g__Anaerostipes.s__Anaerostipes_hadrus	15.9763482997
PWY-6588: pyruvate fermentation to acetone	18.3614742125
PWY4LZ-257: superpathway of fermentation (Chlamydomonas reinhardtii)	18.3249234781
PWY-7883: anhydromuropeptides recycling II	15.0350695553
P261-PWY: coenzyme M biosynthesis I	13.1005259289
P261-PWY: coenzyme M biosynthesis I|g__Methanosphaera.s__Methanosphaera_stadtmanae	11.8446429241
PWY-7371: 1,4-dihydroxy-6-naphthoate biosynthesis II	11.9676827911
PWY-5918: superpathway of heme b biosynthesis from glutamate	11.6302272898
GLUDEG-I-PWY: GABA shunt	8.9868336244
PWY-5022: 4-aminobutanoate degradation V	8.3206051349
HEMESYN2-PWY: heme b biosynthesis II (oxygen-independent)	5.9236163940
HEME-BIOSYNTHESIS-II: heme b biosynthesis I (aerobic)	5.1576992808