# Pathway	28_S33_L002_R2_001_Coverage
UNMAPPED	1.0000000000
UNINTEGRATED	1.0000000000
UNINTEGRATED|g__Acidaminococcus.s__Acidaminococcus_fermentans	1.0000000000
UNINTEGRATED|g__Adlercreutzia.s__Adlercreutzia_equolifaciens	1.0000000000
UNINTEGRATED|g__Alistipes.s__Alistipes_sp_CAG_435	1.0000000000
UNINTEGRATED|g__Anaerostipes.s__Anaerostipes_hadrus	1.0000000000
UNINTEGRATED|g__Asaccharobacter.s__Asaccharobacter_celatus	1.0000000000
UNINTEGRATED|g__Bacteroides.s__Bacteroides_dorei	1.0000000000
UNINTEGRATED|g__Bacteroides.s__Bacteroides_sp_CAG_530	1.0000000000
UNINTEGRATED|g__Bacteroides.s__Bacteroides_uniformis	1.0000000000
UNINTEGRATED|g__Bacteroides.s__Bacteroides_vulgatus	1.0000000000
UNINTEGRATED|g__Bifidobacterium.s__Bifidobacterium_adolescentis	1.0000000000
UNINTEGRATED|g__Bifidobacterium.s__Bifidobacterium_dentium	1.0000000000
UNINTEGRATED|g__Bifidobacterium.s__Bifidobacterium_longum	1.0000000000
UNINTEGRATED|g__Blautia.s__Blautia_obeum	1.0000000000
UNINTEGRATED|g__Blautia.s__Blautia_sp_CAG_52	1.0000000000
UNINTEGRATED|g__Blautia.s__Blautia_wexlerae	1.0000000000
UNINTEGRATED|g__Blautia.s__Ruminococcus_torques	1.0000000000
UNINTEGRATED|g__Clostridiales_unclassified.s__Clostridiales_bacterium_KLE1615	1.0000000000
UNINTEGRATED|g__Clostridium.s__Clostridium_sp_CAG_217	1.0000000000
UNINTEGRATED|g__Coprococcus.s__Coprococcus_catus	1.0000000000
UNINTEGRATED|g__Coprococcus.s__Coprococcus_comes	1.0000000000
UNINTEGRATED|g__Dialister.s__Dialister_succinatiphilus	1.0000000000
UNINTEGRATED|g__Dorea.s__Dorea_formicigenerans	1.0000000000
UNINTEGRATED|g__Dorea.s__Dorea_longicatena	1.0000000000
UNINTEGRATED|g__Escherichia.s__Escherichia_coli	1.0000000000
UNINTEGRATED|g__Eubacterium.s__Eubacterium_eligens	1.0000000000
UNINTEGRATED|g__Eubacterium.s__Eubacterium_hallii	1.0000000000
UNINTEGRATED|g__Eubacterium.s__Eubacterium_sp_CAG_180	1.0000000000
UNINTEGRATED|g__Faecalibacterium.s__Faecalibacterium_prausnitzii	1.0000000000
UNINTEGRATED|g__Faecalibacterium.s__Faecalibacterium_sp_CAG_74	1.0000000000
UNINTEGRATED|g__Firmicutes_unclassified.s__Firmicutes_bacterium_CAG_103	1.0000000000
UNINTEGRATED|g__Firmicutes_unclassified.s__Firmicutes_bacterium_CAG_124	1.0000000000
UNINTEGRATED|g__Firmicutes_unclassified.s__Firmicutes_bacterium_CAG_129	1.0000000000
UNINTEGRATED|g__Firmicutes_unclassified.s__Firmicutes_bacterium_CAG_176	1.0000000000
UNINTEGRATED|g__Firmicutes_unclassified.s__Firmicutes_bacterium_CAG_194	1.0000000000
UNINTEGRATED|g__Firmicutes_unclassified.s__Firmicutes_bacterium_CAG_41	1.0000000000
UNINTEGRATED|g__Firmicutes_unclassified.s__Firmicutes_bacterium_CAG_65_45_313	1.0000000000
UNINTEGRATED|g__Firmicutes_unclassified.s__Firmicutes_bacterium_CAG_83	1.0000000000
UNINTEGRATED|g__Fusicatenibacter.s__Fusicatenibacter_saccharivorans	1.0000000000
UNINTEGRATED|g__Gemmiger.s__Gemmiger_formicilis	1.0000000000
UNINTEGRATED|g__Intestinibacter.s__Intestinibacter_bartlettii	1.0000000000
UNINTEGRATED|g__Lachnospiraceae_unclassified.s__Eubacterium_rectale	1.0000000000
UNINTEGRATED|g__Methanobrevibacter.s__Methanobrevibacter_smithii	1.0000000000
UNINTEGRATED|g__Oscillibacter.s__Oscillibacter_sp_57_20	1.0000000000
UNINTEGRATED|g__Prevotella.s__Prevotella_copri	1.0000000000
UNINTEGRATED|g__Prevotella.s__Prevotella_sp_CAG_520	1.0000000000
UNINTEGRATED|g__Prevotella.s__Prevotella_stercorea	1.0000000000
UNINTEGRATED|g__Roseburia.s__Roseburia_faecis	1.0000000000
UNINTEGRATED|g__Roseburia.s__Roseburia_hominis	1.0000000000
UNINTEGRATED|g__Roseburia.s__Roseburia_intestinalis	1.0000000000
UNINTEGRATED|g__Roseburia.s__Roseburia_inulinivorans	1.0000000000
UNINTEGRATED|g__Ruminococcus.s__Ruminococcus_bicirculans	1.0000000000
UNINTEGRATED|g__Ruminococcus.s__Ruminococcus_bromii	1.0000000000
UNINTEGRATED|g__Ruminococcus.s__Ruminococcus_callidus	1.0000000000
UNINTEGRATED|g__Ruminococcus.s__Ruminococcus_sp_CAG_177	1.0000000000
UNINTEGRATED|g__Subdoligranulum.s__Subdoligranulum_sp_APC924_74	1.0000000000
UNINTEGRATED|g__Sutterella.s__Sutterella_sp_CAG_397	1.0000000000
UNINTEGRATED|g__Sutterella.s__Sutterella_wadsworthensis	1.0000000000
UNINTEGRATED|unclassified	1.0000000000
PWY-7238: sucrose biosynthesis II	1.0000000000
PWY-7238: sucrose biosynthesis II|unclassified	1.0000000000
PWY-7238: sucrose biosynthesis II|g__Faecalibacterium.s__Faecalibacterium_prausnitzii	1.0000000000
PWY-7238: sucrose biosynthesis II|g__Bifidobacterium.s__Bifidobacterium_adolescentis	0.9275083476
PWY-7238: sucrose biosynthesis II|g__Blautia.s__Ruminococcus_torques	0.9999816977
PWY-7238: sucrose biosynthesis II|g__Blautia.s__Blautia_obeum	0.9999867879
PWY-7238: sucrose biosynthesis II|g__Firmicutes_unclassified.s__Firmicutes_bacterium_CAG_65_45_313	0.9978427798
PWY-7238: sucrose biosynthesis II|g__Bifidobacterium.s__Bifidobacterium_longum	0.9976595186
PWY-7238: sucrose biosynthesis II|g__Roseburia.s__Roseburia_faecis	0.9991753669
PWY-7238: sucrose biosynthesis II|g__Clostridium.s__Clostridium_sp_CAG_217	0.8755612598
PWY-7238: sucrose biosynthesis II|g__Lachnospiraceae_unclassified.s__Eubacterium_rectale	0.9972895692
PWY-7238: sucrose biosynthesis II|g__Ruminococcus.s__Ruminococcus_callidus	0.7661366397
PWY-7238: sucrose biosynthesis II|g__Eubacterium.s__Eubacterium_sp_CAG_180	0.6586525579
PWY-7238: sucrose biosynthesis II|g__Dorea.s__Dorea_longicatena	0.9264274322
PWY-7238: sucrose biosynthesis II|g__Subdoligranulum.s__Subdoligranulum_sp_APC924_74	0.7462397179
PWY-7238: sucrose biosynthesis II|g__Roseburia.s__Roseburia_inulinivorans	0.9604955153
PWY-7238: sucrose biosynthesis II|g__Blautia.s__Blautia_wexlerae	0.6526811047
PWY-7238: sucrose biosynthesis II|g__Ruminococcus.s__Ruminococcus_bromii	0.4720434306
PWY-7238: sucrose biosynthesis II|g__Fusicatenibacter.s__Fusicatenibacter_saccharivorans	0.5901477091
PWY-7238: sucrose biosynthesis II|g__Firmicutes_unclassified.s__Firmicutes_bacterium_CAG_124	0.2657206928
PWY-7238: sucrose biosynthesis II|g__Firmicutes_unclassified.s__Firmicutes_bacterium_CAG_176	0.4106768625
PWY-7238: sucrose biosynthesis II|g__Firmicutes_unclassified.s__Firmicutes_bacterium_CAG_194	0.4604573683
PWY-7238: sucrose biosynthesis II|g__Gemmiger.s__Gemmiger_formicilis	0.7271007749
PWY-7238: sucrose biosynthesis II|g__Ruminococcus.s__Ruminococcus_bicirculans	0.3931327746
PWY-7238: sucrose biosynthesis II|g__Blautia.s__Blautia_sp_CAG_52	0.8938591030
PWY-7238: sucrose biosynthesis II|g__Acidaminococcus.s__Acidaminococcus_fermentans	0.5416879426
PWY-7238: sucrose biosynthesis II|g__Firmicutes_unclassified.s__Firmicutes_bacterium_CAG_129	0.2731119844
PWY-7238: sucrose biosynthesis II|g__Dorea.s__Dorea_formicigenerans	0.7851308747
PWY-7238: sucrose biosynthesis II|g__Coprococcus.s__Coprococcus_comes	0.1610323777
PWY-7238: sucrose biosynthesis II|g__Clostridiales_unclassified.s__Clostridiales_bacterium_KLE1615	0.5641116693
PWY-7238: sucrose biosynthesis II|g__Coprococcus.s__Coprococcus_catus	0.3493361583
PWY-7238: sucrose biosynthesis II|g__Bacteroides.s__Bacteroides_uniformis	0.0136072207
PWY-7221: guanosine ribonucleotides de novo biosynthesis	1.0000000000
PWY-7221: guanosine ribonucleotides de novo biosynthesis|unclassified	0.9999999994
PWY-7221: guanosine ribonucleotides de novo biosynthesis|g__Prevotella.s__Prevotella_copri	0.9972920558
PWY-7221: guanosine ribonucleotides de novo biosynthesis|g__Prevotella.s__Prevotella_sp_CAG_520	0.7926161643
PWY-7221: guanosine ribonucleotides de novo biosynthesis|g__Bifidobacterium.s__Bifidobacterium_adolescentis	0.0081405148
PWY-7221: guanosine ribonucleotides de novo biosynthesis|g__Faecalibacterium.s__Faecalibacterium_prausnitzii	0.0000003035
PWY-7221: guanosine ribonucleotides de novo biosynthesis|g__Blautia.s__Ruminococcus_torques	0.8697256245
PWY-7221: guanosine ribonucleotides de novo biosynthesis|g__Firmicutes_unclassified.s__Firmicutes_bacterium_CAG_65_45_313	0.6129067745
PWY-7221: guanosine ribonucleotides de novo biosynthesis|g__Alistipes.s__Alistipes_sp_CAG_435	0.4412358737
PWY-7221: guanosine ribonucleotides de novo biosynthesis|g__Eubacterium.s__Eubacterium_sp_CAG_180	0.7909350281
PWY-7221: guanosine ribonucleotides de novo biosynthesis|g__Clostridium.s__Clostridium_sp_CAG_217	0.4393878572
PWY-7221: guanosine ribonucleotides de novo biosynthesis|g__Dialister.s__Dialister_succinatiphilus	0.6693464439
PWY-7221: guanosine ribonucleotides de novo biosynthesis|g__Bifidobacterium.s__Bifidobacterium_longum	0.0475880987
PWY-7221: guanosine ribonucleotides de novo biosynthesis|g__Blautia.s__Blautia_obeum	0.0061330492
PWY-7221: guanosine ribonucleotides de novo biosynthesis|g__Roseburia.s__Roseburia_faecis	0.3007842619
PWY-7221: guanosine ribonucleotides de novo biosynthesis|g__Dorea.s__Dorea_longicatena	0.4423474238
PWY-7221: guanosine ribonucleotides de novo biosynthesis|g__Blautia.s__Blautia_wexlerae	0.7837083001
PWY-7221: guanosine ribonucleotides de novo biosynthesis|g__Ruminococcus.s__Ruminococcus_callidus	0.2303245369
PWY-7221: guanosine ribonucleotides de novo biosynthesis|g__Ruminococcus.s__Ruminococcus_bicirculans	0.8296097895
PWY-7221: guanosine ribonucleotides de novo biosynthesis|g__Fusicatenibacter.s__Fusicatenibacter_saccharivorans	0.4939792958
PWY-7221: guanosine ribonucleotides de novo biosynthesis|g__Bacteroides.s__Bacteroides_dorei	0.5596131492
PWY-7221: guanosine ribonucleotides de novo biosynthesis|g__Roseburia.s__Roseburia_inulinivorans	0.5387085191
PWY-7221: guanosine ribonucleotides de novo biosynthesis|g__Sutterella.s__Sutterella_sp_CAG_397	0.6234890569
PWY-7221: guanosine ribonucleotides de novo biosynthesis|g__Ruminococcus.s__Ruminococcus_bromii	0.1750415480
PWY-7221: guanosine ribonucleotides de novo biosynthesis|g__Acidaminococcus.s__Acidaminococcus_fermentans	0.4919926356
PWY-7221: guanosine ribonucleotides de novo biosynthesis|g__Coprococcus.s__Coprococcus_comes	0.3499881168
PWY-7221: guanosine ribonucleotides de novo biosynthesis|g__Firmicutes_unclassified.s__Firmicutes_bacterium_CAG_194	0.0980455601
PWY-7221: guanosine ribonucleotides de novo biosynthesis|g__Prevotella.s__Prevotella_stercorea	0.1043136074
PWY-7221: guanosine ribonucleotides de novo biosynthesis|g__Bacteroides.s__Bacteroides_sp_CAG_530	0.3250735496
PWY-7221: guanosine ribonucleotides de novo biosynthesis|g__Dorea.s__Dorea_formicigenerans	0.4334590780
PWY-7221: guanosine ribonucleotides de novo biosynthesis|g__Sutterella.s__Sutterella_wadsworthensis	0.2616996192
PWY-7221: guanosine ribonucleotides de novo biosynthesis|g__Intestinibacter.s__Intestinibacter_bartlettii	0.1890642667
PWY-7221: guanosine ribonucleotides de novo biosynthesis|g__Roseburia.s__Roseburia_intestinalis	0.1849127484
PWY-7221: guanosine ribonucleotides de novo biosynthesis|g__Lachnospiraceae_unclassified.s__Eubacterium_rectale	0.0000000000
PWY-6163: chorismate biosynthesis from 3-dehydroquinate	1.0000000000
PWY-6163: chorismate biosynthesis from 3-dehydroquinate|unclassified	1.0000000000
PWY-6163: chorismate biosynthesis from 3-dehydroquinate|g__Faecalibacterium.s__Faecalibacterium_prausnitzii	0.9999987813
PWY-6163: chorismate biosynthesis from 3-dehydroquinate|g__Prevotella.s__Prevotella_sp_CAG_520	0.7312968525
PWY-6163: chorismate biosynthesis from 3-dehydroquinate|g__Bifidobacterium.s__Bifidobacterium_adolescentis	0.0031797605
PWY-6163: chorismate biosynthesis from 3-dehydroquinate|g__Blautia.s__Ruminococcus_torques	0.6988085859
PWY-6163: chorismate biosynthesis from 3-dehydroquinate|g__Blautia.s__Blautia_obeum	0.4311492461
PWY-6163: chorismate biosynthesis from 3-dehydroquinate|g__Bifidobacterium.s__Bifidobacterium_longum	0.7412667771
PWY-6163: chorismate biosynthesis from 3-dehydroquinate|g__Clostridium.s__Clostridium_sp_CAG_217	0.7384823295
PWY-6163: chorismate biosynthesis from 3-dehydroquinate|g__Firmicutes_unclassified.s__Firmicutes_bacterium_CAG_65_45_313	0.5438122998
PWY-6163: chorismate biosynthesis from 3-dehydroquinate|g__Dialister.s__Dialister_succinatiphilus	0.8328428675
PWY-6163: chorismate biosynthesis from 3-dehydroquinate|g__Eubacterium.s__Eubacterium_sp_CAG_180	0.7036912057
PWY-6163: chorismate biosynthesis from 3-dehydroquinate|g__Ruminococcus.s__Ruminococcus_callidus	0.7830615647
PWY-6163: chorismate biosynthesis from 3-dehydroquinate|g__Roseburia.s__Roseburia_faecis	0.1807729641
PWY-6163: chorismate biosynthesis from 3-dehydroquinate|g__Ruminococcus.s__Ruminococcus_sp_CAG_177	0.5924839481
PWY-6163: chorismate biosynthesis from 3-dehydroquinate|g__Lachnospiraceae_unclassified.s__Eubacterium_rectale	0.1806145094
PWY-6163: chorismate biosynthesis from 3-dehydroquinate|g__Subdoligranulum.s__Subdoligranulum_sp_APC924_74	0.4628499158
PWY-6163: chorismate biosynthesis from 3-dehydroquinate|g__Fusicatenibacter.s__Fusicatenibacter_saccharivorans	0.6765757685
PWY-6163: chorismate biosynthesis from 3-dehydroquinate|g__Blautia.s__Blautia_wexlerae	0.3357792944
PWY-6163: chorismate biosynthesis from 3-dehydroquinate|g__Firmicutes_unclassified.s__Firmicutes_bacterium_CAG_103	0.6668231268
PWY-6163: chorismate biosynthesis from 3-dehydroquinate|g__Roseburia.s__Roseburia_inulinivorans	0.5459201175
PWY-6163: chorismate biosynthesis from 3-dehydroquinate|g__Sutterella.s__Sutterella_sp_CAG_397	0.6398646674
PWY-6163: chorismate biosynthesis from 3-dehydroquinate|g__Bacteroides.s__Bacteroides_dorei	0.3892504258
PWY-6163: chorismate biosynthesis from 3-dehydroquinate|g__Ruminococcus.s__Ruminococcus_bromii	0.0710646716
PWY-6163: chorismate biosynthesis from 3-dehydroquinate|g__Dorea.s__Dorea_longicatena	0.0008259308
PWY-6163: chorismate biosynthesis from 3-dehydroquinate|g__Ruminococcus.s__Ruminococcus_bicirculans	0.2493391409
PWY-6163: chorismate biosynthesis from 3-dehydroquinate|g__Coprococcus.s__Coprococcus_comes	0.5733958613
PWY-6163: chorismate biosynthesis from 3-dehydroquinate|g__Acidaminococcus.s__Acidaminococcus_fermentans	0.3120691687
PWY-6163: chorismate biosynthesis from 3-dehydroquinate|g__Firmicutes_unclassified.s__Firmicutes_bacterium_CAG_176	0.0413973939
PWY-6163: chorismate biosynthesis from 3-dehydroquinate|g__Bacteroides.s__Bacteroides_sp_CAG_530	0.3974430745
PWY-6163: chorismate biosynthesis from 3-dehydroquinate|g__Firmicutes_unclassified.s__Firmicutes_bacterium_CAG_194	0.0867475313
PWY-6163: chorismate biosynthesis from 3-dehydroquinate|g__Firmicutes_unclassified.s__Firmicutes_bacterium_CAG_41	0.5517742705
PWY-6163: chorismate biosynthesis from 3-dehydroquinate|g__Roseburia.s__Roseburia_intestinalis	0.2804817969
PWY-6163: chorismate biosynthesis from 3-dehydroquinate|g__Bacteroides.s__Bacteroides_vulgatus	0.2134642759
PWY-6386: UDP-N-acetylmuramoyl-pentapeptide biosynthesis II (lysine-containing)	1.0000000000
PWY-6386: UDP-N-acetylmuramoyl-pentapeptide biosynthesis II (lysine-containing)|unclassified	0.9999999967
PWY-6386: UDP-N-acetylmuramoyl-pentapeptide biosynthesis II (lysine-containing)|g__Prevotella.s__Prevotella_copri	0.4076255676
PWY-6386: UDP-N-acetylmuramoyl-pentapeptide biosynthesis II (lysine-containing)|g__Faecalibacterium.s__Faecalibacterium_prausnitzii	0.0000000016
PWY-6386: UDP-N-acetylmuramoyl-pentapeptide biosynthesis II (lysine-containing)|g__Bifidobacterium.s__Bifidobacterium_adolescentis	0.1610619171
PWY-6386: UDP-N-acetylmuramoyl-pentapeptide biosynthesis II (lysine-containing)|g__Blautia.s__Ruminococcus_torques	0.3885935973
PWY-6386: UDP-N-acetylmuramoyl-pentapeptide biosynthesis II (lysine-containing)|g__Blautia.s__Blautia_obeum	0.8606449757
PWY-6386: UDP-N-acetylmuramoyl-pentapeptide biosynthesis II (lysine-containing)|g__Bifidobacterium.s__Bifidobacterium_longum	0.7573264001
PWY-6386: UDP-N-acetylmuramoyl-pentapeptide biosynthesis II (lysine-containing)|g__Roseburia.s__Roseburia_faecis	0.5483296592
PWY-6386: UDP-N-acetylmuramoyl-pentapeptide biosynthesis II (lysine-containing)|g__Ruminococcus.s__Ruminococcus_callidus	0.2137413098
PWY-6386: UDP-N-acetylmuramoyl-pentapeptide biosynthesis II (lysine-containing)|g__Dialister.s__Dialister_succinatiphilus	0.1733115259
PWY-6386: UDP-N-acetylmuramoyl-pentapeptide biosynthesis II (lysine-containing)|g__Lachnospiraceae_unclassified.s__Eubacterium_rectale	0.0190609203
PWY-6386: UDP-N-acetylmuramoyl-pentapeptide biosynthesis II (lysine-containing)|g__Dorea.s__Dorea_longicatena	0.2056276818
PWY-6386: UDP-N-acetylmuramoyl-pentapeptide biosynthesis II (lysine-containing)|g__Subdoligranulum.s__Subdoligranulum_sp_APC924_74	0.0356700149
PWY-6386: UDP-N-acetylmuramoyl-pentapeptide biosynthesis II (lysine-containing)|g__Firmicutes_unclassified.s__Firmicutes_bacterium_CAG_194	0.4570706299
PWY-6386: UDP-N-acetylmuramoyl-pentapeptide biosynthesis II (lysine-containing)|g__Bacteroides.s__Bacteroides_dorei	0.5282423201
PWY-6386: UDP-N-acetylmuramoyl-pentapeptide biosynthesis II (lysine-containing)|g__Fusicatenibacter.s__Fusicatenibacter_saccharivorans	0.1151396571
PWY-6386: UDP-N-acetylmuramoyl-pentapeptide biosynthesis II (lysine-containing)|g__Roseburia.s__Roseburia_inulinivorans	0.3651703415
PWY-6386: UDP-N-acetylmuramoyl-pentapeptide biosynthesis II (lysine-containing)|g__Ruminococcus.s__Ruminococcus_bicirculans	0.1413724709
PWY-6386: UDP-N-acetylmuramoyl-pentapeptide biosynthesis II (lysine-containing)|g__Blautia.s__Blautia_wexlerae	0.0224325711
PWY-6386: UDP-N-acetylmuramoyl-pentapeptide biosynthesis II (lysine-containing)|g__Sutterella.s__Sutterella_sp_CAG_397	0.2049810710
PWY-6386: UDP-N-acetylmuramoyl-pentapeptide biosynthesis II (lysine-containing)|g__Gemmiger.s__Gemmiger_formicilis	0.2872678533
PWY-6386: UDP-N-acetylmuramoyl-pentapeptide biosynthesis II (lysine-containing)|g__Coprococcus.s__Coprococcus_comes	0.3365974122
PWY-6386: UDP-N-acetylmuramoyl-pentapeptide biosynthesis II (lysine-containing)|g__Clostridiales_unclassified.s__Clostridiales_bacterium_KLE1615	0.5939051701
PWY-6386: UDP-N-acetylmuramoyl-pentapeptide biosynthesis II (lysine-containing)|g__Sutterella.s__Sutterella_wadsworthensis	0.5861898220
PWY-5686: UMP biosynthesis I	1.0000000000
PWY-5686: UMP biosynthesis I|unclassified	0.9999999977
PWY-5686: UMP biosynthesis I|g__Prevotella.s__Prevotella_copri	0.2420002204
PWY-5686: UMP biosynthesis I|g__Prevotella.s__Prevotella_sp_CAG_520	0.0011863676
PWY-5686: UMP biosynthesis I|g__Faecalibacterium.s__Faecalibacterium_prausnitzii	0.0010301242
PWY-5686: UMP biosynthesis I|g__Bifidobacterium.s__Bifidobacterium_adolescentis	0.2461593037
PWY-5686: UMP biosynthesis I|g__Blautia.s__Ruminococcus_torques	0.0420877470
PWY-5686: UMP biosynthesis I|g__Firmicutes_unclassified.s__Firmicutes_bacterium_CAG_65_45_313	0.3773382735
PWY-5686: UMP biosynthesis I|g__Clostridium.s__Clostridium_sp_CAG_217	0.4428608417
PWY-5686: UMP biosynthesis I|g__Alistipes.s__Alistipes_sp_CAG_435	0.3217876546
PWY-5686: UMP biosynthesis I|g__Roseburia.s__Roseburia_faecis	0.3292865428
PWY-5686: UMP biosynthesis I|g__Blautia.s__Blautia_obeum	0.0045309624
PWY-5686: UMP biosynthesis I|g__Bifidobacterium.s__Bifidobacterium_longum	0.0000110849
PWY-5686: UMP biosynthesis I|g__Eubacterium.s__Eubacterium_sp_CAG_180	0.1103007188
PWY-5686: UMP biosynthesis I|g__Ruminococcus.s__Ruminococcus_sp_CAG_177	0.4316761380
PWY-5686: UMP biosynthesis I|g__Dialister.s__Dialister_succinatiphilus	0.0204181927
PWY-5686: UMP biosynthesis I|g__Lachnospiraceae_unclassified.s__Eubacterium_rectale	0.0517868189
PWY-5686: UMP biosynthesis I|g__Fusicatenibacter.s__Fusicatenibacter_saccharivorans	0.3837005906
PWY-5686: UMP biosynthesis I|g__Roseburia.s__Roseburia_inulinivorans	0.5688818360
PWY-5686: UMP biosynthesis I|g__Blautia.s__Blautia_wexlerae	0.1418650388
PWY-5686: UMP biosynthesis I|g__Gemmiger.s__Gemmiger_formicilis	0.6296693014
PWY-5686: UMP biosynthesis I|g__Bacteroides.s__Bacteroides_dorei	0.3725545244
PWY-5686: UMP biosynthesis I|g__Ruminococcus.s__Ruminococcus_bicirculans	0.1498952170
PWY-5686: UMP biosynthesis I|g__Firmicutes_unclassified.s__Firmicutes_bacterium_CAG_103	0.0886545334
PWY-5686: UMP biosynthesis I|g__Firmicutes_unclassified.s__Firmicutes_bacterium_CAG_194	0.0547075836
PWY-5686: UMP biosynthesis I|g__Oscillibacter.s__Oscillibacter_sp_57_20	0.3377376461
PWY-5686: UMP biosynthesis I|g__Coprococcus.s__Coprococcus_comes	0.2326837135
PWY-5686: UMP biosynthesis I|g__Bacteroides.s__Bacteroides_vulgatus	0.6426939854
PWY-7790: UMP biosynthesis II	1.0000000000
PWY-7790: UMP biosynthesis II|unclassified	0.9999999977
PWY-7790: UMP biosynthesis II|g__Prevotella.s__Prevotella_copri	0.2420002204
PWY-7790: UMP biosynthesis II|g__Prevotella.s__Prevotella_sp_CAG_520	0.0011863676
PWY-7790: UMP biosynthesis II|g__Faecalibacterium.s__Faecalibacterium_prausnitzii	0.0010301242
PWY-7790: UMP biosynthesis II|g__Bifidobacterium.s__Bifidobacterium_adolescentis	0.0498765262
PWY-7790: UMP biosynthesis II|g__Blautia.s__Ruminococcus_torques	0.0420877470
PWY-7790: UMP biosynthesis II|g__Firmicutes_unclassified.s__Firmicutes_bacterium_CAG_65_45_313	0.3773382735
PWY-7790: UMP biosynthesis II|g__Clostridium.s__Clostridium_sp_CAG_217	0.4428608417
PWY-7790: UMP biosynthesis II|g__Alistipes.s__Alistipes_sp_CAG_435	0.3217876546
PWY-7790: UMP biosynthesis II|g__Roseburia.s__Roseburia_faecis	0.3292865428
PWY-7790: UMP biosynthesis II|g__Blautia.s__Blautia_obeum	0.0045309624
PWY-7790: UMP biosynthesis II|g__Eubacterium.s__Eubacterium_sp_CAG_180	0.1103007188
PWY-7790: UMP biosynthesis II|g__Ruminococcus.s__Ruminococcus_sp_CAG_177	0.4316761380
PWY-7790: UMP biosynthesis II|g__Dialister.s__Dialister_succinatiphilus	0.0204181927
PWY-7790: UMP biosynthesis II|g__Lachnospiraceae_unclassified.s__Eubacterium_rectale	0.0517868189
PWY-7790: UMP biosynthesis II|g__Fusicatenibacter.s__Fusicatenibacter_saccharivorans	0.3837005906
PWY-7790: UMP biosynthesis II|g__Roseburia.s__Roseburia_inulinivorans	0.5688818360
PWY-7790: UMP biosynthesis II|g__Blautia.s__Blautia_wexlerae	0.1418650388
PWY-7790: UMP biosynthesis II|g__Gemmiger.s__Gemmiger_formicilis	0.6296693014
PWY-7790: UMP biosynthesis II|g__Bacteroides.s__Bacteroides_dorei	0.3725545244
PWY-7790: UMP biosynthesis II|g__Ruminococcus.s__Ruminococcus_bicirculans	0.1498952170
PWY-7790: UMP biosynthesis II|g__Firmicutes_unclassified.s__Firmicutes_bacterium_CAG_103	0.0886545334
PWY-7790: UMP biosynthesis II|g__Firmicutes_unclassified.s__Firmicutes_bacterium_CAG_194	0.0547075836
PWY-7790: UMP biosynthesis II|g__Oscillibacter.s__Oscillibacter_sp_57_20	0.3377376461
PWY-7790: UMP biosynthesis II|g__Coprococcus.s__Coprococcus_comes	0.2326837135
PWY-7790: UMP biosynthesis II|g__Bacteroides.s__Bacteroides_vulgatus	0.6426939854
PWY-7791: UMP biosynthesis III	1.0000000000
PWY-7791: UMP biosynthesis III|unclassified	0.9999999977
PWY-7791: UMP biosynthesis III|g__Prevotella.s__Prevotella_copri	0.2420002204
PWY-7791: UMP biosynthesis III|g__Prevotella.s__Prevotella_sp_CAG_520	0.0011863676
PWY-7791: UMP biosynthesis III|g__Faecalibacterium.s__Faecalibacterium_prausnitzii	0.0010301242
PWY-7791: UMP biosynthesis III|g__Bifidobacterium.s__Bifidobacterium_adolescentis	0.0274198667
PWY-7791: UMP biosynthesis III|g__Blautia.s__Ruminococcus_torques	0.0420877470
PWY-7791: UMP biosynthesis III|g__Firmicutes_unclassified.s__Firmicutes_bacterium_CAG_65_45_313	0.3773382735
PWY-7791: UMP biosynthesis III|g__Clostridium.s__Clostridium_sp_CAG_217	0.4428608417
PWY-7791: UMP biosynthesis III|g__Alistipes.s__Alistipes_sp_CAG_435	0.3217876546
PWY-7791: UMP biosynthesis III|g__Roseburia.s__Roseburia_faecis	0.3292865428
PWY-7791: UMP biosynthesis III|g__Blautia.s__Blautia_obeum	0.0045309624
PWY-7791: UMP biosynthesis III|g__Eubacterium.s__Eubacterium_sp_CAG_180	0.1103007188
PWY-7791: UMP biosynthesis III|g__Ruminococcus.s__Ruminococcus_sp_CAG_177	0.4316761380
PWY-7791: UMP biosynthesis III|g__Dialister.s__Dialister_succinatiphilus	0.0204181927
PWY-7791: UMP biosynthesis III|g__Lachnospiraceae_unclassified.s__Eubacterium_rectale	0.0517868189
PWY-7791: UMP biosynthesis III|g__Fusicatenibacter.s__Fusicatenibacter_saccharivorans	0.3837005906
PWY-7791: UMP biosynthesis III|g__Roseburia.s__Roseburia_inulinivorans	0.5688818360
PWY-7791: UMP biosynthesis III|g__Blautia.s__Blautia_wexlerae	0.1418650388
PWY-7791: UMP biosynthesis III|g__Gemmiger.s__Gemmiger_formicilis	0.6296693014
PWY-7791: UMP biosynthesis III|g__Bacteroides.s__Bacteroides_dorei	0.5230267841
PWY-7791: UMP biosynthesis III|g__Ruminococcus.s__Ruminococcus_bicirculans	0.1498952170
PWY-7791: UMP biosynthesis III|g__Firmicutes_unclassified.s__Firmicutes_bacterium_CAG_103	0.0886545334
PWY-7791: UMP biosynthesis III|g__Firmicutes_unclassified.s__Firmicutes_bacterium_CAG_194	0.0547075836
PWY-7791: UMP biosynthesis III|g__Oscillibacter.s__Oscillibacter_sp_57_20	0.3377376461
PWY-7791: UMP biosynthesis III|g__Coprococcus.s__Coprococcus_comes	0.2326837135
PWY-7791: UMP biosynthesis III|g__Bacteroides.s__Bacteroides_vulgatus	0.6426939854
PWY-6387: UDP-N-acetylmuramoyl-pentapeptide biosynthesis I (meso-diaminopimelate containing)	1.0000000000
PWY-6387: UDP-N-acetylmuramoyl-pentapeptide biosynthesis I (meso-diaminopimelate containing)|unclassified	0.9999999961
PWY-6387: UDP-N-acetylmuramoyl-pentapeptide biosynthesis I (meso-diaminopimelate containing)|g__Prevotella.s__Prevotella_copri	0.3983436918
PWY-6387: UDP-N-acetylmuramoyl-pentapeptide biosynthesis I (meso-diaminopimelate containing)|g__Prevotella.s__Prevotella_sp_CAG_520	0.5720217921
PWY-6387: UDP-N-acetylmuramoyl-pentapeptide biosynthesis I (meso-diaminopimelate containing)|g__Faecalibacterium.s__Faecalibacterium_prausnitzii	0.0000000005
PWY-6387: UDP-N-acetylmuramoyl-pentapeptide biosynthesis I (meso-diaminopimelate containing)|g__Bifidobacterium.s__Bifidobacterium_adolescentis	0.1650088437
PWY-6387: UDP-N-acetylmuramoyl-pentapeptide biosynthesis I (meso-diaminopimelate containing)|g__Blautia.s__Ruminococcus_torques	0.6136022036
PWY-6387: UDP-N-acetylmuramoyl-pentapeptide biosynthesis I (meso-diaminopimelate containing)|g__Blautia.s__Blautia_obeum	0.8750345733
PWY-6387: UDP-N-acetylmuramoyl-pentapeptide biosynthesis I (meso-diaminopimelate containing)|g__Bifidobacterium.s__Bifidobacterium_longum	0.6899723486
PWY-6387: UDP-N-acetylmuramoyl-pentapeptide biosynthesis I (meso-diaminopimelate containing)|g__Clostridium.s__Clostridium_sp_CAG_217	0.4405830280
PWY-6387: UDP-N-acetylmuramoyl-pentapeptide biosynthesis I (meso-diaminopimelate containing)|g__Roseburia.s__Roseburia_faecis	0.3876730805
PWY-6387: UDP-N-acetylmuramoyl-pentapeptide biosynthesis I (meso-diaminopimelate containing)|g__Ruminococcus.s__Ruminococcus_callidus	0.4409990231
PWY-6387: UDP-N-acetylmuramoyl-pentapeptide biosynthesis I (meso-diaminopimelate containing)|g__Dialister.s__Dialister_succinatiphilus	0.2816698368
PWY-6387: UDP-N-acetylmuramoyl-pentapeptide biosynthesis I (meso-diaminopimelate containing)|g__Lachnospiraceae_unclassified.s__Eubacterium_rectale	0.2826466132
PWY-6387: UDP-N-acetylmuramoyl-pentapeptide biosynthesis I (meso-diaminopimelate containing)|g__Dorea.s__Dorea_longicatena	0.2027402596
PWY-6387: UDP-N-acetylmuramoyl-pentapeptide biosynthesis I (meso-diaminopimelate containing)|g__Subdoligranulum.s__Subdoligranulum_sp_APC924_74	0.0300522408
PWY-6387: UDP-N-acetylmuramoyl-pentapeptide biosynthesis I (meso-diaminopimelate containing)|g__Bacteroides.s__Bacteroides_dorei	0.5551380050
PWY-6387: UDP-N-acetylmuramoyl-pentapeptide biosynthesis I (meso-diaminopimelate containing)|g__Firmicutes_unclassified.s__Firmicutes_bacterium_CAG_194	0.3806883824
PWY-6387: UDP-N-acetylmuramoyl-pentapeptide biosynthesis I (meso-diaminopimelate containing)|g__Roseburia.s__Roseburia_inulinivorans	0.4211769916
PWY-6387: UDP-N-acetylmuramoyl-pentapeptide biosynthesis I (meso-diaminopimelate containing)|g__Ruminococcus.s__Ruminococcus_bicirculans	0.2076536314
PWY-6387: UDP-N-acetylmuramoyl-pentapeptide biosynthesis I (meso-diaminopimelate containing)|g__Firmicutes_unclassified.s__Firmicutes_bacterium_CAG_176	0.0690444659
PWY-6387: UDP-N-acetylmuramoyl-pentapeptide biosynthesis I (meso-diaminopimelate containing)|g__Fusicatenibacter.s__Fusicatenibacter_saccharivorans	0.1011389821
PWY-6387: UDP-N-acetylmuramoyl-pentapeptide biosynthesis I (meso-diaminopimelate containing)|g__Acidaminococcus.s__Acidaminococcus_fermentans	0.3129083855
PWY-6387: UDP-N-acetylmuramoyl-pentapeptide biosynthesis I (meso-diaminopimelate containing)|g__Gemmiger.s__Gemmiger_formicilis	0.2814695843
PWY-6387: UDP-N-acetylmuramoyl-pentapeptide biosynthesis I (meso-diaminopimelate containing)|g__Bacteroides.s__Bacteroides_sp_CAG_530	0.4519161005
PWY-6387: UDP-N-acetylmuramoyl-pentapeptide biosynthesis I (meso-diaminopimelate containing)|g__Blautia.s__Blautia_wexlerae	0.0155371609
PWY-6387: UDP-N-acetylmuramoyl-pentapeptide biosynthesis I (meso-diaminopimelate containing)|g__Sutterella.s__Sutterella_sp_CAG_397	0.1844319287
PWY-6387: UDP-N-acetylmuramoyl-pentapeptide biosynthesis I (meso-diaminopimelate containing)|g__Sutterella.s__Sutterella_wadsworthensis	0.6260326213
PWY-6387: UDP-N-acetylmuramoyl-pentapeptide biosynthesis I (meso-diaminopimelate containing)|g__Coprococcus.s__Coprococcus_comes	0.2977569638
PWY-6387: UDP-N-acetylmuramoyl-pentapeptide biosynthesis I (meso-diaminopimelate containing)|g__Firmicutes_unclassified.s__Firmicutes_bacterium_CAG_129	0.0680946359
PWY-6387: UDP-N-acetylmuramoyl-pentapeptide biosynthesis I (meso-diaminopimelate containing)|g__Clostridiales_unclassified.s__Clostridiales_bacterium_KLE1615	0.5580819965
PEPTIDOGLYCANSYN-PWY: peptidoglycan biosynthesis I (meso-diaminopimelate containing)	1.0000000000
PEPTIDOGLYCANSYN-PWY: peptidoglycan biosynthesis I (meso-diaminopimelate containing)|unclassified	0.9999999968
PEPTIDOGLYCANSYN-PWY: peptidoglycan biosynthesis I (meso-diaminopimelate containing)|g__Prevotella.s__Prevotella_copri	0.4506440457
PEPTIDOGLYCANSYN-PWY: peptidoglycan biosynthesis I (meso-diaminopimelate containing)|g__Prevotella.s__Prevotella_sp_CAG_520	0.5786285300
PEPTIDOGLYCANSYN-PWY: peptidoglycan biosynthesis I (meso-diaminopimelate containing)|g__Faecalibacterium.s__Faecalibacterium_prausnitzii	0.0000000006
PEPTIDOGLYCANSYN-PWY: peptidoglycan biosynthesis I (meso-diaminopimelate containing)|g__Bifidobacterium.s__Bifidobacterium_adolescentis	0.1926612678
PEPTIDOGLYCANSYN-PWY: peptidoglycan biosynthesis I (meso-diaminopimelate containing)|g__Blautia.s__Ruminococcus_torques	0.3884442583
PEPTIDOGLYCANSYN-PWY: peptidoglycan biosynthesis I (meso-diaminopimelate containing)|g__Blautia.s__Blautia_obeum	0.8943640289
PEPTIDOGLYCANSYN-PWY: peptidoglycan biosynthesis I (meso-diaminopimelate containing)|g__Bifidobacterium.s__Bifidobacterium_longum	0.3044133873
PEPTIDOGLYCANSYN-PWY: peptidoglycan biosynthesis I (meso-diaminopimelate containing)|g__Clostridium.s__Clostridium_sp_CAG_217	0.4869359386
PEPTIDOGLYCANSYN-PWY: peptidoglycan biosynthesis I (meso-diaminopimelate containing)|g__Roseburia.s__Roseburia_faecis	0.3111853732
PEPTIDOGLYCANSYN-PWY: peptidoglycan biosynthesis I (meso-diaminopimelate containing)|g__Ruminococcus.s__Ruminococcus_callidus	0.4777436808
PEPTIDOGLYCANSYN-PWY: peptidoglycan biosynthesis I (meso-diaminopimelate containing)|g__Dialister.s__Dialister_succinatiphilus	0.1340724504
PEPTIDOGLYCANSYN-PWY: peptidoglycan biosynthesis I (meso-diaminopimelate containing)|g__Dorea.s__Dorea_longicatena	0.1739532005
PEPTIDOGLYCANSYN-PWY: peptidoglycan biosynthesis I (meso-diaminopimelate containing)|g__Lachnospiraceae_unclassified.s__Eubacterium_rectale	0.0081486989
PEPTIDOGLYCANSYN-PWY: peptidoglycan biosynthesis I (meso-diaminopimelate containing)|g__Subdoligranulum.s__Subdoligranulum_sp_APC924_74	0.0294406985
PEPTIDOGLYCANSYN-PWY: peptidoglycan biosynthesis I (meso-diaminopimelate containing)|g__Firmicutes_unclassified.s__Firmicutes_bacterium_CAG_194	0.4018405189
PEPTIDOGLYCANSYN-PWY: peptidoglycan biosynthesis I (meso-diaminopimelate containing)|g__Firmicutes_unclassified.s__Firmicutes_bacterium_CAG_176	0.0835749195
PEPTIDOGLYCANSYN-PWY: peptidoglycan biosynthesis I (meso-diaminopimelate containing)|g__Bacteroides.s__Bacteroides_dorei	0.5028141744
PEPTIDOGLYCANSYN-PWY: peptidoglycan biosynthesis I (meso-diaminopimelate containing)|g__Fusicatenibacter.s__Fusicatenibacter_saccharivorans	0.1202375892
PEPTIDOGLYCANSYN-PWY: peptidoglycan biosynthesis I (meso-diaminopimelate containing)|g__Roseburia.s__Roseburia_inulinivorans	0.4058181061
PEPTIDOGLYCANSYN-PWY: peptidoglycan biosynthesis I (meso-diaminopimelate containing)|g__Ruminococcus.s__Ruminococcus_bicirculans	0.1337434462
PEPTIDOGLYCANSYN-PWY: peptidoglycan biosynthesis I (meso-diaminopimelate containing)|g__Blautia.s__Blautia_wexlerae	0.0192203789
PEPTIDOGLYCANSYN-PWY: peptidoglycan biosynthesis I (meso-diaminopimelate containing)|g__Bacteroides.s__Bacteroides_sp_CAG_530	0.4969590336
PEPTIDOGLYCANSYN-PWY: peptidoglycan biosynthesis I (meso-diaminopimelate containing)|g__Acidaminococcus.s__Acidaminococcus_fermentans	0.2911947329
PEPTIDOGLYCANSYN-PWY: peptidoglycan biosynthesis I (meso-diaminopimelate containing)|g__Coprococcus.s__Coprococcus_comes	0.3019316779
PEPTIDOGLYCANSYN-PWY: peptidoglycan biosynthesis I (meso-diaminopimelate containing)|g__Sutterella.s__Sutterella_wadsworthensis	0.5731893175
PEPTIDOGLYCANSYN-PWY: peptidoglycan biosynthesis I (meso-diaminopimelate containing)|g__Gemmiger.s__Gemmiger_formicilis	0.1810162744
PWY-1042: glycolysis IV	1.0000000000
PWY-1042: glycolysis IV|unclassified	0.9642815474
PWY-1042: glycolysis IV|g__Faecalibacterium.s__Faecalibacterium_prausnitzii	0.3128370522
PWY-1042: glycolysis IV|g__Prevotella.s__Prevotella_copri	0.0000002000
PWY-1042: glycolysis IV|g__Blautia.s__Ruminococcus_torques	0.9442778336
PWY-1042: glycolysis IV|g__Roseburia.s__Roseburia_faecis	0.6208118444
PWY-1042: glycolysis IV|g__Lachnospiraceae_unclassified.s__Eubacterium_rectale	0.0389416208
PWY-1042: glycolysis IV|g__Bacteroides.s__Bacteroides_dorei	0.6966553881
PWY-1042: glycolysis IV|g__Fusicatenibacter.s__Fusicatenibacter_saccharivorans	0.4935763783
PWY-1042: glycolysis IV|g__Roseburia.s__Roseburia_inulinivorans	0.5975312646
PWY-1042: glycolysis IV|g__Ruminococcus.s__Ruminococcus_bicirculans	0.5023296628
PWY-1042: glycolysis IV|g__Blautia.s__Blautia_wexlerae	0.0000018621
PWY-1042: glycolysis IV|g__Blautia.s__Blautia_obeum	0.0000000000
PWY-1042: glycolysis IV|g__Acidaminococcus.s__Acidaminococcus_fermentans	0.3137044472
PWY-1042: glycolysis IV|g__Bacteroides.s__Bacteroides_vulgatus	0.6138546508
VALSYN-PWY: L-valine biosynthesis	1.0000000000
VALSYN-PWY: L-valine biosynthesis|unclassified	0.9969822519
VALSYN-PWY: L-valine biosynthesis|g__Prevotella.s__Prevotella_copri	0.9999988752
VALSYN-PWY: L-valine biosynthesis|g__Bifidobacterium.s__Bifidobacterium_adolescentis	0.9534781524
VALSYN-PWY: L-valine biosynthesis|g__Faecalibacterium.s__Faecalibacterium_prausnitzii	0.0000000003
VALSYN-PWY: L-valine biosynthesis|g__Blautia.s__Ruminococcus_torques	0.8099081520
VALSYN-PWY: L-valine biosynthesis|g__Blautia.s__Blautia_obeum	0.7334473153
VALSYN-PWY: L-valine biosynthesis|g__Bifidobacterium.s__Bifidobacterium_longum	0.7956873015
VALSYN-PWY: L-valine biosynthesis|g__Ruminococcus.s__Ruminococcus_bromii	0.9962874470
VALSYN-PWY: L-valine biosynthesis|g__Firmicutes_unclassified.s__Firmicutes_bacterium_CAG_65_45_313	0.5039756947
VALSYN-PWY: L-valine biosynthesis|g__Clostridium.s__Clostridium_sp_CAG_217	0.6173221706
VALSYN-PWY: L-valine biosynthesis|g__Roseburia.s__Roseburia_faecis	0.3099908628
VALSYN-PWY: L-valine biosynthesis|g__Subdoligranulum.s__Subdoligranulum_sp_APC924_74	0.8774282920
VALSYN-PWY: L-valine biosynthesis|g__Eubacterium.s__Eubacterium_sp_CAG_180	0.2644963998
VALSYN-PWY: L-valine biosynthesis|g__Ruminococcus.s__Ruminococcus_callidus	0.6075609241
VALSYN-PWY: L-valine biosynthesis|g__Ruminococcus.s__Ruminococcus_bicirculans	0.9390813318
VALSYN-PWY: L-valine biosynthesis|g__Lachnospiraceae_unclassified.s__Eubacterium_rectale	0.2354456901
VALSYN-PWY: L-valine biosynthesis|g__Acidaminococcus.s__Acidaminococcus_fermentans	0.8810257007
VALSYN-PWY: L-valine biosynthesis|g__Blautia.s__Blautia_wexlerae	0.4497038356
VALSYN-PWY: L-valine biosynthesis|g__Roseburia.s__Roseburia_inulinivorans	0.5989001634
VALSYN-PWY: L-valine biosynthesis|g__Firmicutes_unclassified.s__Firmicutes_bacterium_CAG_194	0.6609352358
VALSYN-PWY: L-valine biosynthesis|g__Gemmiger.s__Gemmiger_formicilis	0.6567802247
VALSYN-PWY: L-valine biosynthesis|g__Dorea.s__Dorea_longicatena	0.0218519609
VALSYN-PWY: L-valine biosynthesis|g__Bacteroides.s__Bacteroides_dorei	0.6285999503
VALSYN-PWY: L-valine biosynthesis|g__Coprococcus.s__Coprococcus_comes	0.5707710250
VALSYN-PWY: L-valine biosynthesis|g__Bacteroides.s__Bacteroides_sp_CAG_530	0.3715702463
VALSYN-PWY: L-valine biosynthesis|g__Anaerostipes.s__Anaerostipes_hadrus	0.6724649778
VALSYN-PWY: L-valine biosynthesis|g__Coprococcus.s__Coprococcus_catus	0.4654121516
VALSYN-PWY: L-valine biosynthesis|g__Sutterella.s__Sutterella_sp_CAG_397	0.0292266916
VALSYN-PWY: L-valine biosynthesis|g__Dorea.s__Dorea_formicigenerans	0.3224419829
VALSYN-PWY: L-valine biosynthesis|g__Firmicutes_unclassified.s__Firmicutes_bacterium_CAG_41	0.2837945755
VALSYN-PWY: L-valine biosynthesis|g__Intestinibacter.s__Intestinibacter_bartlettii	0.1484671595
VALSYN-PWY: L-valine biosynthesis|g__Roseburia.s__Roseburia_hominis	0.8065943985
VALSYN-PWY: L-valine biosynthesis|g__Roseburia.s__Roseburia_intestinalis	0.2563501807
VALSYN-PWY: L-valine biosynthesis|g__Bacteroides.s__Bacteroides_vulgatus	0.4798336285
VALSYN-PWY: L-valine biosynthesis|g__Bifidobacterium.s__Bifidobacterium_dentium	0.7774293654
ARO-PWY: chorismate biosynthesis I	1.0000000000
ARO-PWY: chorismate biosynthesis I|unclassified	1.0000000000
ARO-PWY: chorismate biosynthesis I|g__Faecalibacterium.s__Faecalibacterium_prausnitzii	0.9999265535
ARO-PWY: chorismate biosynthesis I|g__Bifidobacterium.s__Bifidobacterium_adolescentis	0.0044460098
ARO-PWY: chorismate biosynthesis I|g__Blautia.s__Ruminococcus_torques	0.6080810484
ARO-PWY: chorismate biosynthesis I|g__Blautia.s__Blautia_obeum	0.4775780694
ARO-PWY: chorismate biosynthesis I|g__Bifidobacterium.s__Bifidobacterium_longum	0.6322267208
ARO-PWY: chorismate biosynthesis I|g__Clostridium.s__Clostridium_sp_CAG_217	0.6177555309
ARO-PWY: chorismate biosynthesis I|g__Dialister.s__Dialister_succinatiphilus	0.6980793046
ARO-PWY: chorismate biosynthesis I|g__Firmicutes_unclassified.s__Firmicutes_bacterium_CAG_65_45_313	0.0172885783
ARO-PWY: chorismate biosynthesis I|g__Ruminococcus.s__Ruminococcus_callidus	0.5592572787
ARO-PWY: chorismate biosynthesis I|g__Roseburia.s__Roseburia_faecis	0.2058050605
ARO-PWY: chorismate biosynthesis I|g__Subdoligranulum.s__Subdoligranulum_sp_APC924_74	0.5279240530
ARO-PWY: chorismate biosynthesis I|g__Fusicatenibacter.s__Fusicatenibacter_saccharivorans	0.3973161381
ARO-PWY: chorismate biosynthesis I|g__Lachnospiraceae_unclassified.s__Eubacterium_rectale	0.0004337376
ARO-PWY: chorismate biosynthesis I|g__Roseburia.s__Roseburia_inulinivorans	0.5377691224
ARO-PWY: chorismate biosynthesis I|g__Dorea.s__Dorea_longicatena	0.0011559120
ARO-PWY: chorismate biosynthesis I|g__Blautia.s__Blautia_wexlerae	0.0809560078
ARO-PWY: chorismate biosynthesis I|g__Coprococcus.s__Coprococcus_comes	0.5974382274
ARO-PWY: chorismate biosynthesis I|g__Sutterella.s__Sutterella_sp_CAG_397	0.3347948688
ARO-PWY: chorismate biosynthesis I|g__Firmicutes_unclassified.s__Firmicutes_bacterium_CAG_194	0.1082155765
ARO-PWY: chorismate biosynthesis I|g__Acidaminococcus.s__Acidaminococcus_fermentans	0.0901067546
ARO-PWY: chorismate biosynthesis I|g__Bacteroides.s__Bacteroides_dorei	0.0000455526
ARO-PWY: chorismate biosynthesis I|g__Bacteroides.s__Bacteroides_vulgatus	0.1739972494
NONMEVIPP-PWY: methylerythritol phosphate pathway I	1.0000000000
NONMEVIPP-PWY: methylerythritol phosphate pathway I|unclassified	0.9999831424
NONMEVIPP-PWY: methylerythritol phosphate pathway I|g__Bifidobacterium.s__Bifidobacterium_adolescentis	0.0999892449
NONMEVIPP-PWY: methylerythritol phosphate pathway I|g__Blautia.s__Ruminococcus_torques	0.0434708656
NONMEVIPP-PWY: methylerythritol phosphate pathway I|g__Bifidobacterium.s__Bifidobacterium_longum	0.1097001811
NONMEVIPP-PWY: methylerythritol phosphate pathway I|g__Blautia.s__Blautia_obeum	0.0174594975
NONMEVIPP-PWY: methylerythritol phosphate pathway I|g__Firmicutes_unclassified.s__Firmicutes_bacterium_CAG_65_45_313	0.2703378972
NONMEVIPP-PWY: methylerythritol phosphate pathway I|g__Eubacterium.s__Eubacterium_sp_CAG_180	0.3701085459
NONMEVIPP-PWY: methylerythritol phosphate pathway I|g__Roseburia.s__Roseburia_faecis	0.0912440862
NONMEVIPP-PWY: methylerythritol phosphate pathway I|g__Clostridium.s__Clostridium_sp_CAG_217	0.1379673562
NONMEVIPP-PWY: methylerythritol phosphate pathway I|g__Ruminococcus.s__Ruminococcus_callidus	0.1787706329
NONMEVIPP-PWY: methylerythritol phosphate pathway I|g__Fusicatenibacter.s__Fusicatenibacter_saccharivorans	0.5351255230
NONMEVIPP-PWY: methylerythritol phosphate pathway I|g__Dorea.s__Dorea_longicatena	0.0010618709
NONMEVIPP-PWY: methylerythritol phosphate pathway I|g__Acidaminococcus.s__Acidaminococcus_fermentans	0.5259401486
NONMEVIPP-PWY: methylerythritol phosphate pathway I|g__Ruminococcus.s__Ruminococcus_bicirculans	0.2637957472
NONMEVIPP-PWY: methylerythritol phosphate pathway I|g__Subdoligranulum.s__Subdoligranulum_sp_APC924_74	0.0114977017
NONMEVIPP-PWY: methylerythritol phosphate pathway I|g__Ruminococcus.s__Ruminococcus_bromii	0.0111023289
NONMEVIPP-PWY: methylerythritol phosphate pathway I|g__Bacteroides.s__Bacteroides_sp_CAG_530	0.4744453724
NONMEVIPP-PWY: methylerythritol phosphate pathway I|g__Coprococcus.s__Coprococcus_comes	0.3399531153
NONMEVIPP-PWY: methylerythritol phosphate pathway I|g__Blautia.s__Blautia_wexlerae	0.0078234103
NONMEVIPP-PWY: methylerythritol phosphate pathway I|g__Gemmiger.s__Gemmiger_formicilis	0.1055642864
NONMEVIPP-PWY: methylerythritol phosphate pathway I|g__Bacteroides.s__Bacteroides_dorei	0.0030975956
NONMEVIPP-PWY: methylerythritol phosphate pathway I|g__Bacteroides.s__Bacteroides_vulgatus	0.4931682914
PWY-5941: glycogen degradation II	1.0000000000
PWY-5941: glycogen degradation II|g__Faecalibacterium.s__Faecalibacterium_prausnitzii	0.7608795065
PWY-5941: glycogen degradation II|unclassified	0.0000000000
PWY-5941: glycogen degradation II|g__Bifidobacterium.s__Bifidobacterium_adolescentis	0.0291614605
PWY-5941: glycogen degradation II|g__Blautia.s__Blautia_obeum	0.9210378324
PWY-5941: glycogen degradation II|g__Blautia.s__Ruminococcus_torques	0.1068015236
PWY-5941: glycogen degradation II|g__Bifidobacterium.s__Bifidobacterium_longum	0.9929485320
PWY-5941: glycogen degradation II|g__Roseburia.s__Roseburia_faecis	0.8086904612
PWY-5941: glycogen degradation II|g__Dorea.s__Dorea_longicatena	0.3107666718
PWY-5941: glycogen degradation II|g__Blautia.s__Blautia_wexlerae	0.7213637827
PWY-5941: glycogen degradation II|g__Fusicatenibacter.s__Fusicatenibacter_saccharivorans	0.6797789684
PWY-5941: glycogen degradation II|g__Roseburia.s__Roseburia_inulinivorans	0.8333208231
PWY-5941: glycogen degradation II|g__Blautia.s__Blautia_sp_CAG_52	0.5212881508
PWY-5941: glycogen degradation II|g__Coprococcus.s__Coprococcus_comes	0.2196382935
PWY-5941: glycogen degradation II|g__Dorea.s__Dorea_formicigenerans	0.8063555069
PWY-6151: S-adenosyl-L-methionine salvage I	1.0000000000
PWY-6151: S-adenosyl-L-methionine salvage I|unclassified	1.0000000000
PWY-6151: S-adenosyl-L-methionine salvage I|g__Prevotella.s__Prevotella_sp_CAG_520	0.3022918598
PWY-6151: S-adenosyl-L-methionine salvage I|g__Faecalibacterium.s__Faecalibacterium_prausnitzii	0.0033008234
PWY-6151: S-adenosyl-L-methionine salvage I|g__Bifidobacterium.s__Bifidobacterium_adolescentis	0.4921439387
PWY-6151: S-adenosyl-L-methionine salvage I|g__Blautia.s__Ruminococcus_torques	0.6052458492
PWY-6151: S-adenosyl-L-methionine salvage I|g__Bifidobacterium.s__Bifidobacterium_longum	0.6705808603
PWY-6151: S-adenosyl-L-methionine salvage I|g__Firmicutes_unclassified.s__Firmicutes_bacterium_CAG_65_45_313	0.2787172532
PWY-6151: S-adenosyl-L-methionine salvage I|g__Roseburia.s__Roseburia_faecis	0.4356815203
PWY-6151: S-adenosyl-L-methionine salvage I|g__Dorea.s__Dorea_longicatena	0.4927140136
PWY-6151: S-adenosyl-L-methionine salvage I|g__Ruminococcus.s__Ruminococcus_sp_CAG_177	0.3629911862
PWY-6151: S-adenosyl-L-methionine salvage I|g__Ruminococcus.s__Ruminococcus_callidus	0.2149700202
PWY-6151: S-adenosyl-L-methionine salvage I|g__Fusicatenibacter.s__Fusicatenibacter_saccharivorans	0.4934550540
PWY-6151: S-adenosyl-L-methionine salvage I|g__Ruminococcus.s__Ruminococcus_bromii	0.2337094504
PWY-6151: S-adenosyl-L-methionine salvage I|g__Blautia.s__Blautia_obeum	0.0000000113
PWY-6151: S-adenosyl-L-methionine salvage I|g__Bacteroides.s__Bacteroides_dorei	0.3712542968
PWY-6151: S-adenosyl-L-methionine salvage I|g__Lachnospiraceae_unclassified.s__Eubacterium_rectale	0.0000811017
PWY-6151: S-adenosyl-L-methionine salvage I|g__Coprococcus.s__Coprococcus_comes	0.1753261009
PWY-6151: S-adenosyl-L-methionine salvage I|g__Blautia.s__Blautia_wexlerae	0.0036362561
PWY-6151: S-adenosyl-L-methionine salvage I|g__Gemmiger.s__Gemmiger_formicilis	0.1343257393
PWY-6151: S-adenosyl-L-methionine salvage I|g__Dorea.s__Dorea_formicigenerans	0.4017182170
PWY-6151: S-adenosyl-L-methionine salvage I|g__Coprococcus.s__Coprococcus_catus	0.3889116533
PWY-6122: 5-aminoimidazole ribonucleotide biosynthesis II	1.0000000000
PWY-6122: 5-aminoimidazole ribonucleotide biosynthesis II|unclassified	1.0000000000
PWY-6122: 5-aminoimidazole ribonucleotide biosynthesis II|g__Faecalibacterium.s__Faecalibacterium_prausnitzii	0.2898726043
PWY-6122: 5-aminoimidazole ribonucleotide biosynthesis II|g__Prevotella.s__Prevotella_copri	0.0322915217
PWY-6122: 5-aminoimidazole ribonucleotide biosynthesis II|g__Prevotella.s__Prevotella_sp_CAG_520	0.0009736076
PWY-6122: 5-aminoimidazole ribonucleotide biosynthesis II|g__Bifidobacterium.s__Bifidobacterium_adolescentis	0.5928532175
PWY-6122: 5-aminoimidazole ribonucleotide biosynthesis II|g__Blautia.s__Ruminococcus_torques	0.5417593004
PWY-6122: 5-aminoimidazole ribonucleotide biosynthesis II|g__Blautia.s__Blautia_obeum	0.7442627090
PWY-6122: 5-aminoimidazole ribonucleotide biosynthesis II|g__Alistipes.s__Alistipes_sp_CAG_435	0.6045535047
PWY-6122: 5-aminoimidazole ribonucleotide biosynthesis II|g__Firmicutes_unclassified.s__Firmicutes_bacterium_CAG_65_45_313	0.4795027897
PWY-6122: 5-aminoimidazole ribonucleotide biosynthesis II|g__Clostridium.s__Clostridium_sp_CAG_217	0.1959253519
PWY-6122: 5-aminoimidazole ribonucleotide biosynthesis II|g__Bifidobacterium.s__Bifidobacterium_longum	0.1346532462
PWY-6122: 5-aminoimidazole ribonucleotide biosynthesis II|g__Roseburia.s__Roseburia_faecis	0.3983641938
PWY-6122: 5-aminoimidazole ribonucleotide biosynthesis II|g__Eubacterium.s__Eubacterium_sp_CAG_180	0.2478754735
PWY-6122: 5-aminoimidazole ribonucleotide biosynthesis II|g__Dorea.s__Dorea_longicatena	0.2663695705
PWY-6122: 5-aminoimidazole ribonucleotide biosynthesis II|g__Ruminococcus.s__Ruminococcus_sp_CAG_177	0.6599612313
PWY-6122: 5-aminoimidazole ribonucleotide biosynthesis II|g__Ruminococcus.s__Ruminococcus_callidus	0.4326408517
PWY-6122: 5-aminoimidazole ribonucleotide biosynthesis II|g__Fusicatenibacter.s__Fusicatenibacter_saccharivorans	0.7498173392
PWY-6122: 5-aminoimidazole ribonucleotide biosynthesis II|g__Dialister.s__Dialister_succinatiphilus	0.0391578896
PWY-6122: 5-aminoimidazole ribonucleotide biosynthesis II|g__Ruminococcus.s__Ruminococcus_bromii	0.3567704208
PWY-6122: 5-aminoimidazole ribonucleotide biosynthesis II|g__Lachnospiraceae_unclassified.s__Eubacterium_rectale	0.0331193517
PWY-6122: 5-aminoimidazole ribonucleotide biosynthesis II|g__Firmicutes_unclassified.s__Firmicutes_bacterium_CAG_194	0.5985378163
PWY-6122: 5-aminoimidazole ribonucleotide biosynthesis II|g__Subdoligranulum.s__Subdoligranulum_sp_APC924_74	0.0796551739
PWY-6122: 5-aminoimidazole ribonucleotide biosynthesis II|g__Blautia.s__Blautia_wexlerae	0.2322077520
PWY-6122: 5-aminoimidazole ribonucleotide biosynthesis II|g__Roseburia.s__Roseburia_inulinivorans	0.4222733041
PWY-6122: 5-aminoimidazole ribonucleotide biosynthesis II|g__Gemmiger.s__Gemmiger_formicilis	0.5598351818
PWY-6122: 5-aminoimidazole ribonucleotide biosynthesis II|g__Ruminococcus.s__Ruminococcus_bicirculans	0.1529129231
PWY-6122: 5-aminoimidazole ribonucleotide biosynthesis II|g__Coprococcus.s__Coprococcus_comes	0.3070798972
PWY-6122: 5-aminoimidazole ribonucleotide biosynthesis II|g__Bacteroides.s__Bacteroides_dorei	0.1469747882
PWY-6122: 5-aminoimidazole ribonucleotide biosynthesis II|g__Sutterella.s__Sutterella_sp_CAG_397	0.1474247675
PWY-6122: 5-aminoimidazole ribonucleotide biosynthesis II|g__Bacteroides.s__Bacteroides_sp_CAG_530	0.2969350074
PWY-6122: 5-aminoimidazole ribonucleotide biosynthesis II|g__Dorea.s__Dorea_formicigenerans	0.4246333215
PWY-6122: 5-aminoimidazole ribonucleotide biosynthesis II|g__Coprococcus.s__Coprococcus_catus	0.3309528030
PWY-6122: 5-aminoimidazole ribonucleotide biosynthesis II|g__Sutterella.s__Sutterella_wadsworthensis	0.3344760927
PWY-6122: 5-aminoimidazole ribonucleotide biosynthesis II|g__Asaccharobacter.s__Asaccharobacter_celatus	0.2212688411
PWY-6122: 5-aminoimidazole ribonucleotide biosynthesis II|g__Adlercreutzia.s__Adlercreutzia_equolifaciens	0.4554061981
PWY-6122: 5-aminoimidazole ribonucleotide biosynthesis II|g__Bifidobacterium.s__Bifidobacterium_dentium	0.5145218189
PWY-6277: superpathway of 5-aminoimidazole ribonucleotide biosynthesis	1.0000000000
PWY-6277: superpathway of 5-aminoimidazole ribonucleotide biosynthesis|unclassified	1.0000000000
PWY-6277: superpathway of 5-aminoimidazole ribonucleotide biosynthesis|g__Faecalibacterium.s__Faecalibacterium_prausnitzii	0.2898726043
PWY-6277: superpathway of 5-aminoimidazole ribonucleotide biosynthesis|g__Prevotella.s__Prevotella_copri	0.0322915217
PWY-6277: superpathway of 5-aminoimidazole ribonucleotide biosynthesis|g__Prevotella.s__Prevotella_sp_CAG_520	0.0009736076
PWY-6277: superpathway of 5-aminoimidazole ribonucleotide biosynthesis|g__Bifidobacterium.s__Bifidobacterium_adolescentis	0.5928532175
PWY-6277: superpathway of 5-aminoimidazole ribonucleotide biosynthesis|g__Blautia.s__Ruminococcus_torques	0.5417593004
PWY-6277: superpathway of 5-aminoimidazole ribonucleotide biosynthesis|g__Blautia.s__Blautia_obeum	0.7442627090
PWY-6277: superpathway of 5-aminoimidazole ribonucleotide biosynthesis|g__Alistipes.s__Alistipes_sp_CAG_435	0.6045535047
PWY-6277: superpathway of 5-aminoimidazole ribonucleotide biosynthesis|g__Firmicutes_unclassified.s__Firmicutes_bacterium_CAG_65_45_313	0.4795027897
PWY-6277: superpathway of 5-aminoimidazole ribonucleotide biosynthesis|g__Clostridium.s__Clostridium_sp_CAG_217	0.1959253519
PWY-6277: superpathway of 5-aminoimidazole ribonucleotide biosynthesis|g__Bifidobacterium.s__Bifidobacterium_longum	0.1346532462
PWY-6277: superpathway of 5-aminoimidazole ribonucleotide biosynthesis|g__Roseburia.s__Roseburia_faecis	0.3983641938
PWY-6277: superpathway of 5-aminoimidazole ribonucleotide biosynthesis|g__Eubacterium.s__Eubacterium_sp_CAG_180	0.2478754735
PWY-6277: superpathway of 5-aminoimidazole ribonucleotide biosynthesis|g__Dorea.s__Dorea_longicatena	0.2663695705
PWY-6277: superpathway of 5-aminoimidazole ribonucleotide biosynthesis|g__Ruminococcus.s__Ruminococcus_sp_CAG_177	0.6599612313
PWY-6277: superpathway of 5-aminoimidazole ribonucleotide biosynthesis|g__Ruminococcus.s__Ruminococcus_callidus	0.4326408517
PWY-6277: superpathway of 5-aminoimidazole ribonucleotide biosynthesis|g__Fusicatenibacter.s__Fusicatenibacter_saccharivorans	0.7498173392
PWY-6277: superpathway of 5-aminoimidazole ribonucleotide biosynthesis|g__Dialister.s__Dialister_succinatiphilus	0.0391578896
PWY-6277: superpathway of 5-aminoimidazole ribonucleotide biosynthesis|g__Ruminococcus.s__Ruminococcus_bromii	0.3567704208
PWY-6277: superpathway of 5-aminoimidazole ribonucleotide biosynthesis|g__Lachnospiraceae_unclassified.s__Eubacterium_rectale	0.0331193517
PWY-6277: superpathway of 5-aminoimidazole ribonucleotide biosynthesis|g__Firmicutes_unclassified.s__Firmicutes_bacterium_CAG_194	0.5985378163
PWY-6277: superpathway of 5-aminoimidazole ribonucleotide biosynthesis|g__Subdoligranulum.s__Subdoligranulum_sp_APC924_74	0.0796551739
PWY-6277: superpathway of 5-aminoimidazole ribonucleotide biosynthesis|g__Blautia.s__Blautia_wexlerae	0.2322077520
PWY-6277: superpathway of 5-aminoimidazole ribonucleotide biosynthesis|g__Roseburia.s__Roseburia_inulinivorans	0.4222733041
PWY-6277: superpathway of 5-aminoimidazole ribonucleotide biosynthesis|g__Gemmiger.s__Gemmiger_formicilis	0.5598351818
PWY-6277: superpathway of 5-aminoimidazole ribonucleotide biosynthesis|g__Ruminococcus.s__Ruminococcus_bicirculans	0.1529129231
PWY-6277: superpathway of 5-aminoimidazole ribonucleotide biosynthesis|g__Coprococcus.s__Coprococcus_comes	0.3070798972
PWY-6277: superpathway of 5-aminoimidazole ribonucleotide biosynthesis|g__Bacteroides.s__Bacteroides_dorei	0.1469747882
PWY-6277: superpathway of 5-aminoimidazole ribonucleotide biosynthesis|g__Sutterella.s__Sutterella_sp_CAG_397	0.1474247675
PWY-6277: superpathway of 5-aminoimidazole ribonucleotide biosynthesis|g__Bacteroides.s__Bacteroides_sp_CAG_530	0.2969350074
PWY-6277: superpathway of 5-aminoimidazole ribonucleotide biosynthesis|g__Dorea.s__Dorea_formicigenerans	0.4246333215
PWY-6277: superpathway of 5-aminoimidazole ribonucleotide biosynthesis|g__Coprococcus.s__Coprococcus_catus	0.3309528030
PWY-6277: superpathway of 5-aminoimidazole ribonucleotide biosynthesis|g__Sutterella.s__Sutterella_wadsworthensis	0.3344760927
PWY-6277: superpathway of 5-aminoimidazole ribonucleotide biosynthesis|g__Asaccharobacter.s__Asaccharobacter_celatus	0.2212688411
PWY-6277: superpathway of 5-aminoimidazole ribonucleotide biosynthesis|g__Adlercreutzia.s__Adlercreutzia_equolifaciens	0.4554061981
PWY-6277: superpathway of 5-aminoimidazole ribonucleotide biosynthesis|g__Bifidobacterium.s__Bifidobacterium_dentium	0.5145218189
COMPLETE-ARO-PWY: superpathway of aromatic amino acid biosynthesis	1.0000000000
COMPLETE-ARO-PWY: superpathway of aromatic amino acid biosynthesis|unclassified	0.9786932285
COMPLETE-ARO-PWY: superpathway of aromatic amino acid biosynthesis|g__Blautia.s__Ruminococcus_torques	0.1942966305
COMPLETE-ARO-PWY: superpathway of aromatic amino acid biosynthesis|g__Blautia.s__Blautia_obeum	0.4989831079
COMPLETE-ARO-PWY: superpathway of aromatic amino acid biosynthesis|g__Bifidobacterium.s__Bifidobacterium_longum	0.4393816619
COMPLETE-ARO-PWY: superpathway of aromatic amino acid biosynthesis|g__Clostridium.s__Clostridium_sp_CAG_217	0.1013643616
COMPLETE-ARO-PWY: superpathway of aromatic amino acid biosynthesis|g__Ruminococcus.s__Ruminococcus_callidus	0.5793601763
COMPLETE-ARO-PWY: superpathway of aromatic amino acid biosynthesis|g__Roseburia.s__Roseburia_faecis	0.1280715295
COMPLETE-ARO-PWY: superpathway of aromatic amino acid biosynthesis|g__Fusicatenibacter.s__Fusicatenibacter_saccharivorans	0.3948242461
COMPLETE-ARO-PWY: superpathway of aromatic amino acid biosynthesis|g__Blautia.s__Blautia_wexlerae	0.0622133548
TRNA-CHARGING-PWY: tRNA charging	1.0000000000
TRNA-CHARGING-PWY: tRNA charging|unclassified	0.9552714088
TRNA-CHARGING-PWY: tRNA charging|g__Faecalibacterium.s__Faecalibacterium_prausnitzii	0.0000000416
TRNA-CHARGING-PWY: tRNA charging|g__Prevotella.s__Prevotella_copri	0.0000000000
TRNA-CHARGING-PWY: tRNA charging|g__Blautia.s__Ruminococcus_torques	0.0144945947
TRNA-CHARGING-PWY: tRNA charging|g__Lachnospiraceae_unclassified.s__Eubacterium_rectale	0.0304914698
TRNA-CHARGING-PWY: tRNA charging|g__Subdoligranulum.s__Subdoligranulum_sp_APC924_74	0.2650229166
TRNA-CHARGING-PWY: tRNA charging|g__Ruminococcus.s__Ruminococcus_sp_CAG_177	0.1443674729
TRNA-CHARGING-PWY: tRNA charging|g__Gemmiger.s__Gemmiger_formicilis	0.5516984401
TRNA-CHARGING-PWY: tRNA charging|g__Bacteroides.s__Bacteroides_dorei	0.2129909105
TRNA-CHARGING-PWY: tRNA charging|g__Roseburia.s__Roseburia_inulinivorans	0.0795819481
PWY-6385: peptidoglycan biosynthesis III (mycobacteria)	1.0000000000
PWY-6385: peptidoglycan biosynthesis III (mycobacteria)|unclassified	0.9775984091
PWY-6385: peptidoglycan biosynthesis III (mycobacteria)|g__Prevotella.s__Prevotella_sp_CAG_520	0.0205265448
PWY-6385: peptidoglycan biosynthesis III (mycobacteria)|g__Prevotella.s__Prevotella_copri	0.0003966379
PWY-6385: peptidoglycan biosynthesis III (mycobacteria)|g__Bifidobacterium.s__Bifidobacterium_adolescentis	0.1948755357
PWY-6385: peptidoglycan biosynthesis III (mycobacteria)|g__Blautia.s__Ruminococcus_torques	0.3884442583
PWY-6385: peptidoglycan biosynthesis III (mycobacteria)|g__Blautia.s__Blautia_obeum	0.8400807141
PWY-6385: peptidoglycan biosynthesis III (mycobacteria)|g__Roseburia.s__Roseburia_faecis	0.2960492626
PWY-6385: peptidoglycan biosynthesis III (mycobacteria)|g__Dialister.s__Dialister_succinatiphilus	0.1690391542
PWY-6385: peptidoglycan biosynthesis III (mycobacteria)|g__Ruminococcus.s__Ruminococcus_callidus	0.1572986318
PWY-6385: peptidoglycan biosynthesis III (mycobacteria)|g__Lachnospiraceae_unclassified.s__Eubacterium_rectale	0.3276553864
PWY-6385: peptidoglycan biosynthesis III (mycobacteria)|g__Dorea.s__Dorea_longicatena	0.1625840972
PWY-6385: peptidoglycan biosynthesis III (mycobacteria)|g__Bacteroides.s__Bacteroides_dorei	0.5003014775
PWY-6385: peptidoglycan biosynthesis III (mycobacteria)|g__Ruminococcus.s__Ruminococcus_bicirculans	0.2327051079
PWY-6385: peptidoglycan biosynthesis III (mycobacteria)|g__Roseburia.s__Roseburia_inulinivorans	0.4058181061
PWY-6385: peptidoglycan biosynthesis III (mycobacteria)|g__Firmicutes_unclassified.s__Firmicutes_bacterium_CAG_194	0.3155085514
PWY-6385: peptidoglycan biosynthesis III (mycobacteria)|g__Fusicatenibacter.s__Fusicatenibacter_saccharivorans	0.0705533941
PWY-6385: peptidoglycan biosynthesis III (mycobacteria)|g__Acidaminococcus.s__Acidaminococcus_fermentans	0.3483616529
PWY-6385: peptidoglycan biosynthesis III (mycobacteria)|g__Bacteroides.s__Bacteroides_sp_CAG_530	0.4980695371
PWY-6385: peptidoglycan biosynthesis III (mycobacteria)|g__Sutterella.s__Sutterella_wadsworthensis	0.6659374333
PWY-6385: peptidoglycan biosynthesis III (mycobacteria)|g__Blautia.s__Blautia_wexlerae	0.0001329817
GLYCOGENSYNTH-PWY: glycogen biosynthesis I (from ADP-D-Glucose)	1.0000000000
GLYCOGENSYNTH-PWY: glycogen biosynthesis I (from ADP-D-Glucose)|unclassified	0.9999999959
GLYCOGENSYNTH-PWY: glycogen biosynthesis I (from ADP-D-Glucose)|g__Faecalibacterium.s__Faecalibacterium_prausnitzii	0.5170304943
GLYCOGENSYNTH-PWY: glycogen biosynthesis I (from ADP-D-Glucose)|g__Bifidobacterium.s__Bifidobacterium_adolescentis	0.0097827748
GLYCOGENSYNTH-PWY: glycogen biosynthesis I (from ADP-D-Glucose)|g__Blautia.s__Ruminococcus_torques	0.9003155062
GLYCOGENSYNTH-PWY: glycogen biosynthesis I (from ADP-D-Glucose)|g__Blautia.s__Blautia_obeum	0.9049439265
GLYCOGENSYNTH-PWY: glycogen biosynthesis I (from ADP-D-Glucose)|g__Bifidobacterium.s__Bifidobacterium_longum	0.4712195598
GLYCOGENSYNTH-PWY: glycogen biosynthesis I (from ADP-D-Glucose)|g__Firmicutes_unclassified.s__Firmicutes_bacterium_CAG_65_45_313	0.2092939743
GLYCOGENSYNTH-PWY: glycogen biosynthesis I (from ADP-D-Glucose)|g__Roseburia.s__Roseburia_faecis	0.5839945036
GLYCOGENSYNTH-PWY: glycogen biosynthesis I (from ADP-D-Glucose)|g__Dorea.s__Dorea_longicatena	0.8443077150
GLYCOGENSYNTH-PWY: glycogen biosynthesis I (from ADP-D-Glucose)|g__Ruminococcus.s__Ruminococcus_bromii	0.9425368384
GLYCOGENSYNTH-PWY: glycogen biosynthesis I (from ADP-D-Glucose)|g__Eubacterium.s__Eubacterium_sp_CAG_180	0.4140387019
GLYCOGENSYNTH-PWY: glycogen biosynthesis I (from ADP-D-Glucose)|g__Ruminococcus.s__Ruminococcus_callidus	0.5135220814
GLYCOGENSYNTH-PWY: glycogen biosynthesis I (from ADP-D-Glucose)|g__Clostridium.s__Clostridium_sp_CAG_217	0.1507366135
GLYCOGENSYNTH-PWY: glycogen biosynthesis I (from ADP-D-Glucose)|g__Blautia.s__Blautia_wexlerae	0.9132264824
GLYCOGENSYNTH-PWY: glycogen biosynthesis I (from ADP-D-Glucose)|g__Fusicatenibacter.s__Fusicatenibacter_saccharivorans	0.8593115858
GLYCOGENSYNTH-PWY: glycogen biosynthesis I (from ADP-D-Glucose)|g__Coprococcus.s__Coprococcus_comes	0.9320146449
GLYCOGENSYNTH-PWY: glycogen biosynthesis I (from ADP-D-Glucose)|g__Ruminococcus.s__Ruminococcus_sp_CAG_177	0.3718704796
GLYCOGENSYNTH-PWY: glycogen biosynthesis I (from ADP-D-Glucose)|g__Roseburia.s__Roseburia_inulinivorans	0.8397447529
GLYCOGENSYNTH-PWY: glycogen biosynthesis I (from ADP-D-Glucose)|g__Subdoligranulum.s__Subdoligranulum_sp_APC924_74	0.2224607134
GLYCOGENSYNTH-PWY: glycogen biosynthesis I (from ADP-D-Glucose)|g__Lachnospiraceae_unclassified.s__Eubacterium_rectale	0.0373672396
GLYCOGENSYNTH-PWY: glycogen biosynthesis I (from ADP-D-Glucose)|g__Firmicutes_unclassified.s__Firmicutes_bacterium_CAG_176	0.4904417413
GLYCOGENSYNTH-PWY: glycogen biosynthesis I (from ADP-D-Glucose)|g__Ruminococcus.s__Ruminococcus_bicirculans	0.5357499897
GLYCOGENSYNTH-PWY: glycogen biosynthesis I (from ADP-D-Glucose)|g__Acidaminococcus.s__Acidaminococcus_fermentans	0.5843301639
GLYCOGENSYNTH-PWY: glycogen biosynthesis I (from ADP-D-Glucose)|g__Firmicutes_unclassified.s__Firmicutes_bacterium_CAG_103	0.5519248487
GLYCOGENSYNTH-PWY: glycogen biosynthesis I (from ADP-D-Glucose)|g__Firmicutes_unclassified.s__Firmicutes_bacterium_CAG_194	0.3516358543
GLYCOGENSYNTH-PWY: glycogen biosynthesis I (from ADP-D-Glucose)|g__Dorea.s__Dorea_formicigenerans	0.8228513519
GLYCOGENSYNTH-PWY: glycogen biosynthesis I (from ADP-D-Glucose)|g__Gemmiger.s__Gemmiger_formicilis	0.1454404838
GLYCOGENSYNTH-PWY: glycogen biosynthesis I (from ADP-D-Glucose)|g__Clostridiales_unclassified.s__Clostridiales_bacterium_KLE1615	0.6397157058
GLYCOGENSYNTH-PWY: glycogen biosynthesis I (from ADP-D-Glucose)|g__Blautia.s__Blautia_sp_CAG_52	0.2716578014
GLYCOGENSYNTH-PWY: glycogen biosynthesis I (from ADP-D-Glucose)|g__Eubacterium.s__Eubacterium_hallii	0.4676099289
PWY-6121: 5-aminoimidazole ribonucleotide biosynthesis I	1.0000000000
PWY-6121: 5-aminoimidazole ribonucleotide biosynthesis I|unclassified	1.0000000000
PWY-6121: 5-aminoimidazole ribonucleotide biosynthesis I|g__Faecalibacterium.s__Faecalibacterium_prausnitzii	0.0614033863
PWY-6121: 5-aminoimidazole ribonucleotide biosynthesis I|g__Bifidobacterium.s__Bifidobacterium_adolescentis	0.3618312361
PWY-6121: 5-aminoimidazole ribonucleotide biosynthesis I|g__Blautia.s__Ruminococcus_torques	0.5937555384
PWY-6121: 5-aminoimidazole ribonucleotide biosynthesis I|g__Blautia.s__Blautia_obeum	0.7831932270
PWY-6121: 5-aminoimidazole ribonucleotide biosynthesis I|g__Firmicutes_unclassified.s__Firmicutes_bacterium_CAG_65_45_313	0.4303245159
PWY-6121: 5-aminoimidazole ribonucleotide biosynthesis I|g__Alistipes.s__Alistipes_sp_CAG_435	0.4890050146
PWY-6121: 5-aminoimidazole ribonucleotide biosynthesis I|g__Clostridium.s__Clostridium_sp_CAG_217	0.2154323540
PWY-6121: 5-aminoimidazole ribonucleotide biosynthesis I|g__Eubacterium.s__Eubacterium_sp_CAG_180	0.2910146373
PWY-6121: 5-aminoimidazole ribonucleotide biosynthesis I|g__Roseburia.s__Roseburia_faecis	0.4044565380
PWY-6121: 5-aminoimidazole ribonucleotide biosynthesis I|g__Ruminococcus.s__Ruminococcus_sp_CAG_177	0.6935496565
PWY-6121: 5-aminoimidazole ribonucleotide biosynthesis I|g__Dorea.s__Dorea_longicatena	0.2374940625
PWY-6121: 5-aminoimidazole ribonucleotide biosynthesis I|g__Ruminococcus.s__Ruminococcus_callidus	0.0974352948
PWY-6121: 5-aminoimidazole ribonucleotide biosynthesis I|g__Dialister.s__Dialister_succinatiphilus	0.0482555287
PWY-6121: 5-aminoimidazole ribonucleotide biosynthesis I|g__Lachnospiraceae_unclassified.s__Eubacterium_rectale	0.0405656006
PWY-6121: 5-aminoimidazole ribonucleotide biosynthesis I|g__Subdoligranulum.s__Subdoligranulum_sp_APC924_74	0.0937957875
PWY-6121: 5-aminoimidazole ribonucleotide biosynthesis I|g__Fusicatenibacter.s__Fusicatenibacter_saccharivorans	0.3245161694
PWY-6121: 5-aminoimidazole ribonucleotide biosynthesis I|g__Firmicutes_unclassified.s__Firmicutes_bacterium_CAG_194	0.3304829809
PWY-6121: 5-aminoimidazole ribonucleotide biosynthesis I|g__Roseburia.s__Roseburia_inulinivorans	0.3519198118
PWY-6121: 5-aminoimidazole ribonucleotide biosynthesis I|g__Gemmiger.s__Gemmiger_formicilis	0.5242121938
PWY-6121: 5-aminoimidazole ribonucleotide biosynthesis I|g__Ruminococcus.s__Ruminococcus_bicirculans	0.1675350967
PWY-6121: 5-aminoimidazole ribonucleotide biosynthesis I|g__Bacteroides.s__Bacteroides_dorei	0.1739834250
PWY-6121: 5-aminoimidazole ribonucleotide biosynthesis I|g__Coprococcus.s__Coprococcus_comes	0.2814210811
PWY-6121: 5-aminoimidazole ribonucleotide biosynthesis I|g__Blautia.s__Blautia_wexlerae	0.0186332264
PWY-6121: 5-aminoimidazole ribonucleotide biosynthesis I|g__Sutterella.s__Sutterella_wadsworthensis	0.3702719119
PWY-6609: adenine and adenosine salvage III	1.0000000000
PWY-6609: adenine and adenosine salvage III|unclassified	1.0000000000
PWY-6609: adenine and adenosine salvage III|g__Faecalibacterium.s__Faecalibacterium_prausnitzii	0.0000000000
PWY-6609: adenine and adenosine salvage III|g__Blautia.s__Ruminococcus_torques	0.8710947307
PWY-6609: adenine and adenosine salvage III|g__Blautia.s__Blautia_obeum	0.2814165824
PWY-6609: adenine and adenosine salvage III|g__Clostridium.s__Clostridium_sp_CAG_217	0.3407939719
PWY-6609: adenine and adenosine salvage III|g__Firmicutes_unclassified.s__Firmicutes_bacterium_CAG_65_45_313	0.1559673652
PWY-6609: adenine and adenosine salvage III|g__Prevotella.s__Prevotella_copri	0.0000000000
PWY-6609: adenine and adenosine salvage III|g__Eubacterium.s__Eubacterium_sp_CAG_180	0.4409520494
PWY-6609: adenine and adenosine salvage III|g__Roseburia.s__Roseburia_faecis	0.3781412632
PWY-6609: adenine and adenosine salvage III|g__Ruminococcus.s__Ruminococcus_sp_CAG_177	0.6710943825
PWY-6609: adenine and adenosine salvage III|g__Firmicutes_unclassified.s__Firmicutes_bacterium_CAG_129	0.9321698250
PWY-6609: adenine and adenosine salvage III|g__Dorea.s__Dorea_longicatena	0.4072356088
PWY-6609: adenine and adenosine salvage III|g__Fusicatenibacter.s__Fusicatenibacter_saccharivorans	0.5262655009
PWY-6609: adenine and adenosine salvage III|g__Firmicutes_unclassified.s__Firmicutes_bacterium_CAG_176	0.6825298251
PWY-6609: adenine and adenosine salvage III|g__Ruminococcus.s__Ruminococcus_callidus	0.2291158335
PWY-6609: adenine and adenosine salvage III|g__Firmicutes_unclassified.s__Firmicutes_bacterium_CAG_124	0.5403997314
PWY-6609: adenine and adenosine salvage III|g__Oscillibacter.s__Oscillibacter_sp_57_20	0.9099554993
PWY-6609: adenine and adenosine salvage III|g__Subdoligranulum.s__Subdoligranulum_sp_APC924_74	0.2508780536
PWY-6609: adenine and adenosine salvage III|g__Ruminococcus.s__Ruminococcus_bicirculans	0.6359342351
PWY-6609: adenine and adenosine salvage III|g__Firmicutes_unclassified.s__Firmicutes_bacterium_CAG_194	0.6588850738
PWY-6609: adenine and adenosine salvage III|g__Lachnospiraceae_unclassified.s__Eubacterium_rectale	0.0019211271
PWY-6609: adenine and adenosine salvage III|g__Acidaminococcus.s__Acidaminococcus_fermentans	0.5792246800
PWY-6609: adenine and adenosine salvage III|g__Gemmiger.s__Gemmiger_formicilis	0.4042608876
PWY-6609: adenine and adenosine salvage III|g__Firmicutes_unclassified.s__Firmicutes_bacterium_CAG_103	0.2821633795
PWY-6609: adenine and adenosine salvage III|g__Dorea.s__Dorea_formicigenerans	0.6819563584
PWY-6609: adenine and adenosine salvage III|g__Intestinibacter.s__Intestinibacter_bartlettii	0.3404674254
PWY-6609: adenine and adenosine salvage III|g__Blautia.s__Blautia_sp_CAG_52	0.3761905860
PWY-6609: adenine and adenosine salvage III|g__Firmicutes_unclassified.s__Firmicutes_bacterium_CAG_83	0.0059754174
PWY-6609: adenine and adenosine salvage III|g__Coprococcus.s__Coprococcus_comes	0.0826316973
PWY-6609: adenine and adenosine salvage III|g__Blautia.s__Blautia_wexlerae	0.0022417174
PWY-6609: adenine and adenosine salvage III|g__Bacteroides.s__Bacteroides_uniformis	0.1197493594
PWY-7953: UDP-N-acetylmuramoyl-pentapeptide biosynthesis III (meso-diaminopimelate containing)	1.0000000000
PWY-7953: UDP-N-acetylmuramoyl-pentapeptide biosynthesis III (meso-diaminopimelate containing)|unclassified	0.9683020493
PWY-7953: UDP-N-acetylmuramoyl-pentapeptide biosynthesis III (meso-diaminopimelate containing)|g__Prevotella.s__Prevotella_copri	0.0002777149
PWY-7953: UDP-N-acetylmuramoyl-pentapeptide biosynthesis III (meso-diaminopimelate containing)|g__Blautia.s__Blautia_obeum	0.9014043194
PWY-7953: UDP-N-acetylmuramoyl-pentapeptide biosynthesis III (meso-diaminopimelate containing)|g__Blautia.s__Ruminococcus_torques	0.3233272810
PWY-7953: UDP-N-acetylmuramoyl-pentapeptide biosynthesis III (meso-diaminopimelate containing)|g__Roseburia.s__Roseburia_faecis	0.2887448136
PWY-7953: UDP-N-acetylmuramoyl-pentapeptide biosynthesis III (meso-diaminopimelate containing)|g__Dialister.s__Dialister_succinatiphilus	0.1381194337
PWY-7953: UDP-N-acetylmuramoyl-pentapeptide biosynthesis III (meso-diaminopimelate containing)|g__Ruminococcus.s__Ruminococcus_callidus	0.1208090928
PWY-7953: UDP-N-acetylmuramoyl-pentapeptide biosynthesis III (meso-diaminopimelate containing)|g__Lachnospiraceae_unclassified.s__Eubacterium_rectale	0.2597218413
PWY-7953: UDP-N-acetylmuramoyl-pentapeptide biosynthesis III (meso-diaminopimelate containing)|g__Dorea.s__Dorea_longicatena	0.1826801048
PWY-7953: UDP-N-acetylmuramoyl-pentapeptide biosynthesis III (meso-diaminopimelate containing)|g__Bacteroides.s__Bacteroides_dorei	0.4944636539
PWY-7953: UDP-N-acetylmuramoyl-pentapeptide biosynthesis III (meso-diaminopimelate containing)|g__Roseburia.s__Roseburia_inulinivorans	0.4051853272
PWY-7953: UDP-N-acetylmuramoyl-pentapeptide biosynthesis III (meso-diaminopimelate containing)|g__Firmicutes_unclassified.s__Firmicutes_bacterium_CAG_176	0.0661972042
PWY-7953: UDP-N-acetylmuramoyl-pentapeptide biosynthesis III (meso-diaminopimelate containing)|g__Firmicutes_unclassified.s__Firmicutes_bacterium_CAG_194	0.3504832148
PWY-7953: UDP-N-acetylmuramoyl-pentapeptide biosynthesis III (meso-diaminopimelate containing)|g__Ruminococcus.s__Ruminococcus_bicirculans	0.1275642428
PWY-7953: UDP-N-acetylmuramoyl-pentapeptide biosynthesis III (meso-diaminopimelate containing)|g__Fusicatenibacter.s__Fusicatenibacter_saccharivorans	0.0896536926
PWY-7953: UDP-N-acetylmuramoyl-pentapeptide biosynthesis III (meso-diaminopimelate containing)|g__Sutterella.s__Sutterella_wadsworthensis	0.6168204131
PWY-7953: UDP-N-acetylmuramoyl-pentapeptide biosynthesis III (meso-diaminopimelate containing)|g__Blautia.s__Blautia_wexlerae	0.0000932917
ILEUSYN-PWY: L-isoleucine biosynthesis I (from threonine)	1.0000000000
ILEUSYN-PWY: L-isoleucine biosynthesis I (from threonine)|g__Prevotella.s__Prevotella_copri	0.7720489362
ILEUSYN-PWY: L-isoleucine biosynthesis I (from threonine)|unclassified	0.0001101472
ILEUSYN-PWY: L-isoleucine biosynthesis I (from threonine)|g__Bifidobacterium.s__Bifidobacterium_adolescentis	0.4038753596
ILEUSYN-PWY: L-isoleucine biosynthesis I (from threonine)|g__Bifidobacterium.s__Bifidobacterium_longum	0.6967305369
ILEUSYN-PWY: L-isoleucine biosynthesis I (from threonine)|g__Blautia.s__Ruminococcus_torques	0.0013955601
ILEUSYN-PWY: L-isoleucine biosynthesis I (from threonine)|g__Blautia.s__Blautia_obeum	0.0000000069
ILEUSYN-PWY: L-isoleucine biosynthesis I (from threonine)|g__Ruminococcus.s__Ruminococcus_bicirculans	0.8063416409
ILEUSYN-PWY: L-isoleucine biosynthesis I (from threonine)|g__Acidaminococcus.s__Acidaminococcus_fermentans	0.6767813322
ILEUSYN-PWY: L-isoleucine biosynthesis I (from threonine)|g__Firmicutes_unclassified.s__Firmicutes_bacterium_CAG_194	0.5455614869
ILEUSYN-PWY: L-isoleucine biosynthesis I (from threonine)|g__Lachnospiraceae_unclassified.s__Eubacterium_rectale	0.0000741604
ILEUSYN-PWY: L-isoleucine biosynthesis I (from threonine)|g__Coprococcus.s__Coprococcus_comes	0.5306037468
ILEUSYN-PWY: L-isoleucine biosynthesis I (from threonine)|g__Gemmiger.s__Gemmiger_formicilis	0.3175464698
ILEUSYN-PWY: L-isoleucine biosynthesis I (from threonine)|g__Blautia.s__Blautia_wexlerae	0.0096026107
ILEUSYN-PWY: L-isoleucine biosynthesis I (from threonine)|g__Roseburia.s__Roseburia_inulinivorans	0.0166824028
ILEUSYN-PWY: L-isoleucine biosynthesis I (from threonine)|g__Dorea.s__Dorea_formicigenerans	0.1862651256
ILEUSYN-PWY: L-isoleucine biosynthesis I (from threonine)|g__Roseburia.s__Roseburia_hominis	0.5987356201
ILEUSYN-PWY: L-isoleucine biosynthesis I (from threonine)|g__Bifidobacterium.s__Bifidobacterium_dentium	0.7177362263
ILEUSYN-PWY: L-isoleucine biosynthesis I (from threonine)|g__Roseburia.s__Roseburia_intestinalis	0.0279340923
BRANCHED-CHAIN-AA-SYN-PWY: superpathway of branched chain amino acid biosynthesis	1.0000000000
BRANCHED-CHAIN-AA-SYN-PWY: superpathway of branched chain amino acid biosynthesis|unclassified	0.0001101472
BRANCHED-CHAIN-AA-SYN-PWY: superpathway of branched chain amino acid biosynthesis|g__Bifidobacterium.s__Bifidobacterium_adolescentis	0.5003281496
BRANCHED-CHAIN-AA-SYN-PWY: superpathway of branched chain amino acid biosynthesis|g__Prevotella.s__Prevotella_copri	0.0000000000
BRANCHED-CHAIN-AA-SYN-PWY: superpathway of branched chain amino acid biosynthesis|g__Blautia.s__Ruminococcus_torques	0.0020897935
BRANCHED-CHAIN-AA-SYN-PWY: superpathway of branched chain amino acid biosynthesis|g__Bifidobacterium.s__Bifidobacterium_longum	0.7092783850
BRANCHED-CHAIN-AA-SYN-PWY: superpathway of branched chain amino acid biosynthesis|g__Blautia.s__Blautia_obeum	0.0000000103
BRANCHED-CHAIN-AA-SYN-PWY: superpathway of branched chain amino acid biosynthesis|g__Ruminococcus.s__Ruminococcus_bicirculans	0.7112268458
BRANCHED-CHAIN-AA-SYN-PWY: superpathway of branched chain amino acid biosynthesis|g__Acidaminococcus.s__Acidaminococcus_fermentans	0.5551032381
BRANCHED-CHAIN-AA-SYN-PWY: superpathway of branched chain amino acid biosynthesis|g__Lachnospiraceae_unclassified.s__Eubacterium_rectale	0.0000741580
BRANCHED-CHAIN-AA-SYN-PWY: superpathway of branched chain amino acid biosynthesis|g__Coprococcus.s__Coprococcus_comes	0.5669416193
BRANCHED-CHAIN-AA-SYN-PWY: superpathway of branched chain amino acid biosynthesis|g__Gemmiger.s__Gemmiger_formicilis	0.3877830082
BRANCHED-CHAIN-AA-SYN-PWY: superpathway of branched chain amino acid biosynthesis|g__Blautia.s__Blautia_wexlerae	0.0096177428
BRANCHED-CHAIN-AA-SYN-PWY: superpathway of branched chain amino acid biosynthesis|g__Roseburia.s__Roseburia_inulinivorans	0.0247188668
DTDPRHAMSYN-PWY: dTDP-&beta;-L-rhamnose biosynthesis	1.0000000000
DTDPRHAMSYN-PWY: dTDP-&beta;-L-rhamnose biosynthesis|unclassified	0.9999963508
DTDPRHAMSYN-PWY: dTDP-&beta;-L-rhamnose biosynthesis|g__Faecalibacterium.s__Faecalibacterium_prausnitzii	0.4645385877
DTDPRHAMSYN-PWY: dTDP-&beta;-L-rhamnose biosynthesis|g__Prevotella.s__Prevotella_sp_CAG_520	0.0033061211
DTDPRHAMSYN-PWY: dTDP-&beta;-L-rhamnose biosynthesis|g__Prevotella.s__Prevotella_copri	0.0000005871
DTDPRHAMSYN-PWY: dTDP-&beta;-L-rhamnose biosynthesis|g__Blautia.s__Ruminococcus_torques	0.7530893549
DTDPRHAMSYN-PWY: dTDP-&beta;-L-rhamnose biosynthesis|g__Blautia.s__Blautia_obeum	0.7764754023
DTDPRHAMSYN-PWY: dTDP-&beta;-L-rhamnose biosynthesis|g__Firmicutes_unclassified.s__Firmicutes_bacterium_CAG_65_45_313	0.5404822221
DTDPRHAMSYN-PWY: dTDP-&beta;-L-rhamnose biosynthesis|g__Roseburia.s__Roseburia_faecis	0.4671936519
DTDPRHAMSYN-PWY: dTDP-&beta;-L-rhamnose biosynthesis|g__Alistipes.s__Alistipes_sp_CAG_435	0.0932926683
DTDPRHAMSYN-PWY: dTDP-&beta;-L-rhamnose biosynthesis|g__Subdoligranulum.s__Subdoligranulum_sp_APC924_74	0.7928383963
DTDPRHAMSYN-PWY: dTDP-&beta;-L-rhamnose biosynthesis|g__Lachnospiraceae_unclassified.s__Eubacterium_rectale	0.4745697330
DTDPRHAMSYN-PWY: dTDP-&beta;-L-rhamnose biosynthesis|g__Roseburia.s__Roseburia_inulinivorans	0.7742061073
DTDPRHAMSYN-PWY: dTDP-&beta;-L-rhamnose biosynthesis|g__Ruminococcus.s__Ruminococcus_sp_CAG_177	0.3981155340
DTDPRHAMSYN-PWY: dTDP-&beta;-L-rhamnose biosynthesis|g__Blautia.s__Blautia_wexlerae	0.8023670970
DTDPRHAMSYN-PWY: dTDP-&beta;-L-rhamnose biosynthesis|g__Bacteroides.s__Bacteroides_dorei	0.6924977470
DTDPRHAMSYN-PWY: dTDP-&beta;-L-rhamnose biosynthesis|g__Dorea.s__Dorea_longicatena	0.0739633970
DTDPRHAMSYN-PWY: dTDP-&beta;-L-rhamnose biosynthesis|g__Gemmiger.s__Gemmiger_formicilis	0.7405359014
DTDPRHAMSYN-PWY: dTDP-&beta;-L-rhamnose biosynthesis|g__Clostridiales_unclassified.s__Clostridiales_bacterium_KLE1615	0.9301450817
DTDPRHAMSYN-PWY: dTDP-&beta;-L-rhamnose biosynthesis|g__Fusicatenibacter.s__Fusicatenibacter_saccharivorans	0.1950736690
DTDPRHAMSYN-PWY: dTDP-&beta;-L-rhamnose biosynthesis|g__Firmicutes_unclassified.s__Firmicutes_bacterium_CAG_194	0.4205670549
DTDPRHAMSYN-PWY: dTDP-&beta;-L-rhamnose biosynthesis|g__Bacteroides.s__Bacteroides_sp_CAG_530	0.5879450902
DTDPRHAMSYN-PWY: dTDP-&beta;-L-rhamnose biosynthesis|g__Blautia.s__Blautia_sp_CAG_52	0.5591202912
DTDPRHAMSYN-PWY: dTDP-&beta;-L-rhamnose biosynthesis|g__Anaerostipes.s__Anaerostipes_hadrus	0.8093506949
DTDPRHAMSYN-PWY: dTDP-&beta;-L-rhamnose biosynthesis|g__Roseburia.s__Roseburia_intestinalis	0.8466185721
DTDPRHAMSYN-PWY: dTDP-&beta;-L-rhamnose biosynthesis|g__Coprococcus.s__Coprococcus_catus	0.4725113716
DTDPRHAMSYN-PWY: dTDP-&beta;-L-rhamnose biosynthesis|g__Coprococcus.s__Coprococcus_comes	0.1602716492
DTDPRHAMSYN-PWY: dTDP-&beta;-L-rhamnose biosynthesis|g__Ruminococcus.s__Ruminococcus_bromii	0.0062553535
DTDPRHAMSYN-PWY: dTDP-&beta;-L-rhamnose biosynthesis|g__Bacteroides.s__Bacteroides_uniformis	0.5106609525
DTDPRHAMSYN-PWY: dTDP-&beta;-L-rhamnose biosynthesis|g__Dorea.s__Dorea_formicigenerans	0.2101455570
DTDPRHAMSYN-PWY: dTDP-&beta;-L-rhamnose biosynthesis|g__Bacteroides.s__Bacteroides_vulgatus	0.5519270431
DTDPRHAMSYN-PWY: dTDP-&beta;-L-rhamnose biosynthesis|g__Eubacterium.s__Eubacterium_hallii	0.0117182865
DTDPRHAMSYN-PWY: dTDP-&beta;-L-rhamnose biosynthesis|g__Faecalibacterium.s__Faecalibacterium_sp_CAG_74	0.6919524660
PWY-3841: folate transformations II (plants)	1.0000000000
PWY-3841: folate transformations II (plants)|unclassified	0.9987330222
PWY-3841: folate transformations II (plants)|g__Prevotella.s__Prevotella_sp_CAG_520	0.2382621910
PWY-3841: folate transformations II (plants)|g__Bifidobacterium.s__Bifidobacterium_adolescentis	0.0654707002
PWY-3841: folate transformations II (plants)|g__Bifidobacterium.s__Bifidobacterium_longum	0.7947897241
PWY-3841: folate transformations II (plants)|g__Blautia.s__Ruminococcus_torques	0.0056455020
PWY-3841: folate transformations II (plants)|g__Alistipes.s__Alistipes_sp_CAG_435	0.2328995019
PWY-3841: folate transformations II (plants)|g__Firmicutes_unclassified.s__Firmicutes_bacterium_CAG_65_45_313	0.1362014854
PWY-3841: folate transformations II (plants)|g__Lachnospiraceae_unclassified.s__Eubacterium_rectale	0.8055999474
PWY-3841: folate transformations II (plants)|g__Dialister.s__Dialister_succinatiphilus	0.2176001956
PWY-3841: folate transformations II (plants)|g__Roseburia.s__Roseburia_faecis	0.1974848279
PWY-3841: folate transformations II (plants)|g__Firmicutes_unclassified.s__Firmicutes_bacterium_CAG_129	0.6922354701
PWY-3841: folate transformations II (plants)|g__Firmicutes_unclassified.s__Firmicutes_bacterium_CAG_194	0.7633369012
PWY-3841: folate transformations II (plants)|g__Ruminococcus.s__Ruminococcus_sp_CAG_177	0.0130636038
PWY-3841: folate transformations II (plants)|g__Bacteroides.s__Bacteroides_dorei	0.6289379413
PWY-3841: folate transformations II (plants)|g__Blautia.s__Blautia_obeum	0.0000000000
PWY-3841: folate transformations II (plants)|g__Roseburia.s__Roseburia_inulinivorans	0.2608443391
PWY-3841: folate transformations II (plants)|g__Sutterella.s__Sutterella_sp_CAG_397	0.3536549012
PWY-3841: folate transformations II (plants)|g__Firmicutes_unclassified.s__Firmicutes_bacterium_CAG_176	0.0259394621
PWY-3841: folate transformations II (plants)|g__Anaerostipes.s__Anaerostipes_hadrus	0.7941837454
PWY-3841: folate transformations II (plants)|g__Blautia.s__Blautia_wexlerae	0.0013511456
PWY-3841: folate transformations II (plants)|g__Sutterella.s__Sutterella_wadsworthensis	0.4840417736
COA-PWY-1: superpathway of coenzyme A biosynthesis III (mammals)	1.0000000000
COA-PWY-1: superpathway of coenzyme A biosynthesis III (mammals)|unclassified	0.9999982225
COA-PWY-1: superpathway of coenzyme A biosynthesis III (mammals)|g__Faecalibacterium.s__Faecalibacterium_prausnitzii	0.0017922820
COA-PWY-1: superpathway of coenzyme A biosynthesis III (mammals)|g__Bifidobacterium.s__Bifidobacterium_adolescentis	0.0118297596
COA-PWY-1: superpathway of coenzyme A biosynthesis III (mammals)|g__Blautia.s__Ruminococcus_torques	0.0023963432
COA-PWY-1: superpathway of coenzyme A biosynthesis III (mammals)|g__Blautia.s__Blautia_obeum	0.1101184955
COA-PWY-1: superpathway of coenzyme A biosynthesis III (mammals)|g__Dialister.s__Dialister_succinatiphilus	0.1747938597
COA-PWY-1: superpathway of coenzyme A biosynthesis III (mammals)|g__Roseburia.s__Roseburia_faecis	0.0314575658
COA-PWY-1: superpathway of coenzyme A biosynthesis III (mammals)|g__Ruminococcus.s__Ruminococcus_callidus	0.0056651405
COA-PWY-1: superpathway of coenzyme A biosynthesis III (mammals)|g__Firmicutes_unclassified.s__Firmicutes_bacterium_CAG_194	0.4988032095
COA-PWY-1: superpathway of coenzyme A biosynthesis III (mammals)|g__Acidaminococcus.s__Acidaminococcus_fermentans	0.0825212434
COA-PWY-1: superpathway of coenzyme A biosynthesis III (mammals)|g__Sutterella.s__Sutterella_sp_CAG_397	0.0636155088
COA-PWY-1: superpathway of coenzyme A biosynthesis III (mammals)|g__Ruminococcus.s__Ruminococcus_bicirculans	0.0042936084
COA-PWY-1: superpathway of coenzyme A biosynthesis III (mammals)|g__Gemmiger.s__Gemmiger_formicilis	0.0506620578
COA-PWY-1: superpathway of coenzyme A biosynthesis III (mammals)|g__Bacteroides.s__Bacteroides_sp_CAG_530	0.2279182325
COA-PWY-1: superpathway of coenzyme A biosynthesis III (mammals)|g__Bacteroides.s__Bacteroides_dorei	0.0123831350
COA-PWY-1: superpathway of coenzyme A biosynthesis III (mammals)|g__Bacteroides.s__Bacteroides_vulgatus	0.4594227036
ARGSYNBSUB-PWY: L-arginine biosynthesis II (acetyl cycle)	1.0000000000
ARGSYNBSUB-PWY: L-arginine biosynthesis II (acetyl cycle)|unclassified	0.9994723170
ARGSYNBSUB-PWY: L-arginine biosynthesis II (acetyl cycle)|g__Faecalibacterium.s__Faecalibacterium_prausnitzii	0.4614927331
ARGSYNBSUB-PWY: L-arginine biosynthesis II (acetyl cycle)|g__Bifidobacterium.s__Bifidobacterium_adolescentis	0.0592516451
ARGSYNBSUB-PWY: L-arginine biosynthesis II (acetyl cycle)|g__Blautia.s__Ruminococcus_torques	0.4286288096
ARGSYNBSUB-PWY: L-arginine biosynthesis II (acetyl cycle)|g__Blautia.s__Blautia_obeum	0.1864498256
ARGSYNBSUB-PWY: L-arginine biosynthesis II (acetyl cycle)|g__Firmicutes_unclassified.s__Firmicutes_bacterium_CAG_65_45_313	0.4510704925
ARGSYNBSUB-PWY: L-arginine biosynthesis II (acetyl cycle)|g__Bifidobacterium.s__Bifidobacterium_longum	0.1570337329
ARGSYNBSUB-PWY: L-arginine biosynthesis II (acetyl cycle)|g__Clostridium.s__Clostridium_sp_CAG_217	0.1790707242
ARGSYNBSUB-PWY: L-arginine biosynthesis II (acetyl cycle)|g__Roseburia.s__Roseburia_faecis	0.5861625406
ARGSYNBSUB-PWY: L-arginine biosynthesis II (acetyl cycle)|g__Ruminococcus.s__Ruminococcus_callidus	0.7820154074
ARGSYNBSUB-PWY: L-arginine biosynthesis II (acetyl cycle)|g__Blautia.s__Blautia_wexlerae	0.8705125401
ARGSYNBSUB-PWY: L-arginine biosynthesis II (acetyl cycle)|g__Subdoligranulum.s__Subdoligranulum_sp_APC924_74	0.7634066618
ARGSYNBSUB-PWY: L-arginine biosynthesis II (acetyl cycle)|g__Lachnospiraceae_unclassified.s__Eubacterium_rectale	0.0071737534
ARGSYNBSUB-PWY: L-arginine biosynthesis II (acetyl cycle)|g__Ruminococcus.s__Ruminococcus_bromii	0.1021621727
ARGSYNBSUB-PWY: L-arginine biosynthesis II (acetyl cycle)|g__Ruminococcus.s__Ruminococcus_bicirculans	0.6524072837
ARGSYNBSUB-PWY: L-arginine biosynthesis II (acetyl cycle)|g__Dorea.s__Dorea_longicatena	0.0342049483
ARGSYNBSUB-PWY: L-arginine biosynthesis II (acetyl cycle)|g__Gemmiger.s__Gemmiger_formicilis	0.6078654333
ARGSYNBSUB-PWY: L-arginine biosynthesis II (acetyl cycle)|g__Firmicutes_unclassified.s__Firmicutes_bacterium_CAG_194	0.4138089717
ARGSYNBSUB-PWY: L-arginine biosynthesis II (acetyl cycle)|g__Fusicatenibacter.s__Fusicatenibacter_saccharivorans	0.2425818499
ARGSYNBSUB-PWY: L-arginine biosynthesis II (acetyl cycle)|g__Roseburia.s__Roseburia_inulinivorans	0.0943386357
ARGSYNBSUB-PWY: L-arginine biosynthesis II (acetyl cycle)|g__Sutterella.s__Sutterella_sp_CAG_397	0.2183118854
ARGSYNBSUB-PWY: L-arginine biosynthesis II (acetyl cycle)|g__Coprococcus.s__Coprococcus_comes	0.3162991793
ARGSYNBSUB-PWY: L-arginine biosynthesis II (acetyl cycle)|g__Blautia.s__Blautia_sp_CAG_52	0.4900257295
ARGSYNBSUB-PWY: L-arginine biosynthesis II (acetyl cycle)|g__Clostridiales_unclassified.s__Clostridiales_bacterium_KLE1615	0.5279088412
ARGSYN-PWY: L-arginine biosynthesis I (via L-ornithine)	1.0000000000
ARGSYN-PWY: L-arginine biosynthesis I (via L-ornithine)|unclassified	0.8773246133
ARGSYN-PWY: L-arginine biosynthesis I (via L-ornithine)|g__Faecalibacterium.s__Faecalibacterium_prausnitzii	0.0339471089
ARGSYN-PWY: L-arginine biosynthesis I (via L-ornithine)|g__Bifidobacterium.s__Bifidobacterium_adolescentis	0.0397553761
ARGSYN-PWY: L-arginine biosynthesis I (via L-ornithine)|g__Blautia.s__Ruminococcus_torques	0.3408456650
ARGSYN-PWY: L-arginine biosynthesis I (via L-ornithine)|g__Bifidobacterium.s__Bifidobacterium_longum	0.2593213183
ARGSYN-PWY: L-arginine biosynthesis I (via L-ornithine)|g__Firmicutes_unclassified.s__Firmicutes_bacterium_CAG_65_45_313	0.3206820009
ARGSYN-PWY: L-arginine biosynthesis I (via L-ornithine)|g__Clostridium.s__Clostridium_sp_CAG_217	0.2850181064
ARGSYN-PWY: L-arginine biosynthesis I (via L-ornithine)|g__Roseburia.s__Roseburia_faecis	0.5171967524
ARGSYN-PWY: L-arginine biosynthesis I (via L-ornithine)|g__Ruminococcus.s__Ruminococcus_callidus	0.6495333856
ARGSYN-PWY: L-arginine biosynthesis I (via L-ornithine)|g__Subdoligranulum.s__Subdoligranulum_sp_APC924_74	0.6671211322
ARGSYN-PWY: L-arginine biosynthesis I (via L-ornithine)|g__Blautia.s__Blautia_wexlerae	0.6356784446
ARGSYN-PWY: L-arginine biosynthesis I (via L-ornithine)|g__Dorea.s__Dorea_longicatena	0.0562946961
ARGSYN-PWY: L-arginine biosynthesis I (via L-ornithine)|g__Ruminococcus.s__Ruminococcus_bicirculans	0.4940822532
ARGSYN-PWY: L-arginine biosynthesis I (via L-ornithine)|g__Lachnospiraceae_unclassified.s__Eubacterium_rectale	0.0021013738
ARGSYN-PWY: L-arginine biosynthesis I (via L-ornithine)|g__Gemmiger.s__Gemmiger_formicilis	0.4507967556
ARGSYN-PWY: L-arginine biosynthesis I (via L-ornithine)|g__Fusicatenibacter.s__Fusicatenibacter_saccharivorans	0.2253142925
ARGSYN-PWY: L-arginine biosynthesis I (via L-ornithine)|g__Firmicutes_unclassified.s__Firmicutes_bacterium_CAG_194	0.2698651464
ARGSYN-PWY: L-arginine biosynthesis I (via L-ornithine)|g__Blautia.s__Blautia_obeum	0.0000000000
ARGSYN-PWY: L-arginine biosynthesis I (via L-ornithine)|g__Sutterella.s__Sutterella_sp_CAG_397	0.1702077202
ARGSYN-PWY: L-arginine biosynthesis I (via L-ornithine)|g__Clostridiales_unclassified.s__Clostridiales_bacterium_KLE1615	0.4655488625
COA-PWY: coenzyme A biosynthesis I (prokaryotic)	1.0000000000
COA-PWY: coenzyme A biosynthesis I (prokaryotic)|unclassified	1.0000000000
COA-PWY: coenzyme A biosynthesis I (prokaryotic)|g__Prevotella.s__Prevotella_sp_CAG_520	0.6812371471
COA-PWY: coenzyme A biosynthesis I (prokaryotic)|g__Faecalibacterium.s__Faecalibacterium_prausnitzii	0.0016053756
COA-PWY: coenzyme A biosynthesis I (prokaryotic)|g__Bifidobacterium.s__Bifidobacterium_adolescentis	0.4589186157
COA-PWY: coenzyme A biosynthesis I (prokaryotic)|g__Blautia.s__Ruminococcus_torques	0.4540892962
COA-PWY: coenzyme A biosynthesis I (prokaryotic)|g__Blautia.s__Blautia_obeum	0.6438777198
COA-PWY: coenzyme A biosynthesis I (prokaryotic)|g__Dialister.s__Dialister_succinatiphilus	0.4244270470
COA-PWY: coenzyme A biosynthesis I (prokaryotic)|g__Roseburia.s__Roseburia_faecis	0.2790753966
COA-PWY: coenzyme A biosynthesis I (prokaryotic)|g__Lachnospiraceae_unclassified.s__Eubacterium_rectale	0.1460036937
COA-PWY: coenzyme A biosynthesis I (prokaryotic)|g__Ruminococcus.s__Ruminococcus_callidus	0.3123982950
COA-PWY: coenzyme A biosynthesis I (prokaryotic)|g__Ruminococcus.s__Ruminococcus_bicirculans	0.8005021395
COA-PWY: coenzyme A biosynthesis I (prokaryotic)|g__Subdoligranulum.s__Subdoligranulum_sp_APC924_74	0.1333391505
COA-PWY: coenzyme A biosynthesis I (prokaryotic)|g__Dorea.s__Dorea_longicatena	0.0946210689
COA-PWY: coenzyme A biosynthesis I (prokaryotic)|g__Firmicutes_unclassified.s__Firmicutes_bacterium_CAG_194	0.5611317868
COA-PWY: coenzyme A biosynthesis I (prokaryotic)|g__Acidaminococcus.s__Acidaminococcus_fermentans	0.5234802831
COA-PWY: coenzyme A biosynthesis I (prokaryotic)|g__Bacteroides.s__Bacteroides_dorei	0.3220007456
COA-PWY: coenzyme A biosynthesis I (prokaryotic)|g__Firmicutes_unclassified.s__Firmicutes_bacterium_CAG_41	0.7238923412
COA-PWY: coenzyme A biosynthesis I (prokaryotic)|g__Intestinibacter.s__Intestinibacter_bartlettii	0.4325265214
COA-PWY: coenzyme A biosynthesis I (prokaryotic)|g__Sutterella.s__Sutterella_wadsworthensis	0.4752209706
COA-PWY: coenzyme A biosynthesis I (prokaryotic)|g__Dorea.s__Dorea_formicigenerans	0.5304811279
COA-PWY: coenzyme A biosynthesis I (prokaryotic)|g__Bacteroides.s__Bacteroides_sp_CAG_530	0.2630685575
COA-PWY: coenzyme A biosynthesis I (prokaryotic)|g__Sutterella.s__Sutterella_sp_CAG_397	0.0520225678
COA-PWY: coenzyme A biosynthesis I (prokaryotic)|g__Blautia.s__Blautia_wexlerae	0.0087136024
COA-PWY: coenzyme A biosynthesis I (prokaryotic)|g__Gemmiger.s__Gemmiger_formicilis	0.0409494132
COA-PWY: coenzyme A biosynthesis I (prokaryotic)|g__Bacteroides.s__Bacteroides_vulgatus	0.5999856570
PWY-7851: coenzyme A biosynthesis II (eukaryotic)	1.0000000000
PWY-7851: coenzyme A biosynthesis II (eukaryotic)|unclassified	0.9999977781
PWY-7851: coenzyme A biosynthesis II (eukaryotic)|g__Prevotella.s__Prevotella_sp_CAG_520	0.0033186530
PWY-7851: coenzyme A biosynthesis II (eukaryotic)|g__Faecalibacterium.s__Faecalibacterium_prausnitzii	0.0014343398
PWY-7851: coenzyme A biosynthesis II (eukaryotic)|g__Bifidobacterium.s__Bifidobacterium_adolescentis	0.0094901094
PWY-7851: coenzyme A biosynthesis II (eukaryotic)|g__Blautia.s__Blautia_obeum	0.6438777198
PWY-7851: coenzyme A biosynthesis II (eukaryotic)|g__Blautia.s__Ruminococcus_torques	0.0019180801
PWY-7851: coenzyme A biosynthesis II (eukaryotic)|g__Dialister.s__Dialister_succinatiphilus	0.4244270470
PWY-7851: coenzyme A biosynthesis II (eukaryotic)|g__Roseburia.s__Roseburia_faecis	0.0256053052
PWY-7851: coenzyme A biosynthesis II (eukaryotic)|g__Ruminococcus.s__Ruminococcus_callidus	0.0045425643
PWY-7851: coenzyme A biosynthesis II (eukaryotic)|g__Firmicutes_unclassified.s__Firmicutes_bacterium_CAG_194	0.5222256273
PWY-7851: coenzyme A biosynthesis II (eukaryotic)|g__Acidaminococcus.s__Acidaminococcus_fermentans	0.0671948783
PWY-7851: coenzyme A biosynthesis II (eukaryotic)|g__Sutterella.s__Sutterella_sp_CAG_397	0.0520225678
PWY-7851: coenzyme A biosynthesis II (eukaryotic)|g__Ruminococcus.s__Ruminococcus_bicirculans	0.0034418106
PWY-7851: coenzyme A biosynthesis II (eukaryotic)|g__Bacteroides.s__Bacteroides_sp_CAG_530	0.2002598071
PWY-7851: coenzyme A biosynthesis II (eukaryotic)|g__Gemmiger.s__Gemmiger_formicilis	0.0409494132
PWY-7851: coenzyme A biosynthesis II (eukaryotic)|g__Bacteroides.s__Bacteroides_dorei	0.0100199514
PWY-7851: coenzyme A biosynthesis II (eukaryotic)|g__Bacteroides.s__Bacteroides_vulgatus	0.4078574940
PWY-5103: L-isoleucine biosynthesis III	1.0000000000
PWY-5103: L-isoleucine biosynthesis III|g__Prevotella.s__Prevotella_copri	0.6791600223
PWY-5103: L-isoleucine biosynthesis III|unclassified	0.0000688448
PWY-5103: L-isoleucine biosynthesis III|g__Bifidobacterium.s__Bifidobacterium_adolescentis	0.2992132180
PWY-5103: L-isoleucine biosynthesis III|g__Bifidobacterium.s__Bifidobacterium_longum	0.6324913446
PWY-5103: L-isoleucine biosynthesis III|g__Blautia.s__Ruminococcus_torques	0.0008727549
PWY-5103: L-isoleucine biosynthesis III|g__Ruminococcus.s__Ruminococcus_bicirculans	0.7378828973
PWY-5103: L-isoleucine biosynthesis III|g__Blautia.s__Blautia_obeum	0.0000000043
PWY-5103: L-isoleucine biosynthesis III|g__Acidaminococcus.s__Acidaminococcus_fermentans	0.5849983611
PWY-5103: L-isoleucine biosynthesis III|g__Firmicutes_unclassified.s__Firmicutes_bacterium_CAG_194	0.4822871437
PWY-5103: L-isoleucine biosynthesis III|g__Coprococcus.s__Coprococcus_comes	0.4887347712
PWY-5103: L-isoleucine biosynthesis III|g__Lachnospiraceae_unclassified.s__Eubacterium_rectale	0.0000463544
PWY-5103: L-isoleucine biosynthesis III|g__Gemmiger.s__Gemmiger_formicilis	0.2380753869
PWY-5103: L-isoleucine biosynthesis III|g__Blautia.s__Blautia_wexlerae	0.0060435969
PWY-5103: L-isoleucine biosynthesis III|g__Roseburia.s__Roseburia_inulinivorans	0.0105282502
PWY-5103: L-isoleucine biosynthesis III|g__Dorea.s__Dorea_formicigenerans	0.1431881332
PWY-5103: L-isoleucine biosynthesis III|g__Roseburia.s__Roseburia_hominis	0.5097610985
PWY-5103: L-isoleucine biosynthesis III|g__Bifidobacterium.s__Bifidobacterium_dentium	0.6611722717
PWY-5103: L-isoleucine biosynthesis III|g__Roseburia.s__Roseburia_intestinalis	0.0181133549
PWY-5097: L-lysine biosynthesis VI	1.0000000000
PWY-5097: L-lysine biosynthesis VI|unclassified	0.9979625080
PWY-5097: L-lysine biosynthesis VI|g__Bifidobacterium.s__Bifidobacterium_adolescentis	0.6158195272
PWY-5097: L-lysine biosynthesis VI|g__Prevotella.s__Prevotella_copri	0.0000000018
PWY-5097: L-lysine biosynthesis VI|g__Faecalibacterium.s__Faecalibacterium_prausnitzii	0.0000000000
PWY-5097: L-lysine biosynthesis VI|g__Bifidobacterium.s__Bifidobacterium_longum	0.5729798541
PWY-5097: L-lysine biosynthesis VI|g__Blautia.s__Blautia_obeum	0.3708113953
PWY-5097: L-lysine biosynthesis VI|g__Blautia.s__Ruminococcus_torques	0.0105102374
PWY-5097: L-lysine biosynthesis VI|g__Eubacterium.s__Eubacterium_sp_CAG_180	0.0575611934
PWY-5097: L-lysine biosynthesis VI|g__Dorea.s__Dorea_longicatena	0.3185455045
PWY-5097: L-lysine biosynthesis VI|g__Ruminococcus.s__Ruminococcus_callidus	0.1237229809
PWY-5097: L-lysine biosynthesis VI|g__Fusicatenibacter.s__Fusicatenibacter_saccharivorans	0.4795010300
PWY-5097: L-lysine biosynthesis VI|g__Blautia.s__Blautia_sp_CAG_52	0.8531806609
PWY-5097: L-lysine biosynthesis VI|g__Roseburia.s__Roseburia_inulinivorans	0.4032465876
PWY-5097: L-lysine biosynthesis VI|g__Ruminococcus.s__Ruminococcus_bromii	0.0381054962
PWY-5097: L-lysine biosynthesis VI|g__Dorea.s__Dorea_formicigenerans	0.6989584886
PWY-5097: L-lysine biosynthesis VI|g__Blautia.s__Blautia_wexlerae	0.0055156199
PWY-5097: L-lysine biosynthesis VI|g__Bacteroides.s__Bacteroides_dorei	0.1791600516
PWY-5097: L-lysine biosynthesis VI|g__Coprococcus.s__Coprococcus_comes	0.3107109582
PWY-5097: L-lysine biosynthesis VI|g__Bacteroides.s__Bacteroides_sp_CAG_530	0.2035902755
PWY-7111: pyruvate fermentation to isobutanol (engineered)	1.0000000000
PWY-7111: pyruvate fermentation to isobutanol (engineered)|unclassified	0.7243287283
PWY-7111: pyruvate fermentation to isobutanol (engineered)|g__Prevotella.s__Prevotella_copri	0.6791560261
PWY-7111: pyruvate fermentation to isobutanol (engineered)|g__Bifidobacterium.s__Bifidobacterium_adolescentis	0.2984081003
PWY-7111: pyruvate fermentation to isobutanol (engineered)|g__Faecalibacterium.s__Faecalibacterium_prausnitzii	0.0000000004
PWY-7111: pyruvate fermentation to isobutanol (engineered)|g__Bifidobacterium.s__Bifidobacterium_longum	0.8295861734
PWY-7111: pyruvate fermentation to isobutanol (engineered)|g__Blautia.s__Ruminococcus_torques	0.0008723217
PWY-7111: pyruvate fermentation to isobutanol (engineered)|g__Roseburia.s__Roseburia_faecis	0.3305860400
PWY-7111: pyruvate fermentation to isobutanol (engineered)|g__Blautia.s__Blautia_wexlerae	0.4813306328
PWY-7111: pyruvate fermentation to isobutanol (engineered)|g__Coprococcus.s__Coprococcus_comes	0.5495756521
PWY-7111: pyruvate fermentation to isobutanol (engineered)|g__Lachnospiraceae_unclassified.s__Eubacterium_rectale	0.0000310986
PWY-7111: pyruvate fermentation to isobutanol (engineered)|g__Blautia.s__Blautia_obeum	0.0000000000
PWY-7111: pyruvate fermentation to isobutanol (engineered)|g__Roseburia.s__Roseburia_inulinivorans	0.0104461734
PWY-7111: pyruvate fermentation to isobutanol (engineered)|g__Dorea.s__Dorea_formicigenerans	0.3524766311
PWY-7111: pyruvate fermentation to isobutanol (engineered)|g__Roseburia.s__Roseburia_intestinalis	0.3006443653
PWY-7111: pyruvate fermentation to isobutanol (engineered)|g__Roseburia.s__Roseburia_hominis	0.4965661189
GLUTORN-PWY: L-ornithine biosynthesis I	1.0000000000
GLUTORN-PWY: L-ornithine biosynthesis I|unclassified	0.9990600952
GLUTORN-PWY: L-ornithine biosynthesis I|g__Faecalibacterium.s__Faecalibacterium_prausnitzii	0.0075264213
GLUTORN-PWY: L-ornithine biosynthesis I|g__Bifidobacterium.s__Bifidobacterium_adolescentis	0.0872547626
GLUTORN-PWY: L-ornithine biosynthesis I|g__Blautia.s__Ruminococcus_torques	0.1416530573
GLUTORN-PWY: L-ornithine biosynthesis I|g__Firmicutes_unclassified.s__Firmicutes_bacterium_CAG_65_45_313	0.5198462403
GLUTORN-PWY: L-ornithine biosynthesis I|g__Blautia.s__Blautia_obeum	0.1411805264
GLUTORN-PWY: L-ornithine biosynthesis I|g__Bifidobacterium.s__Bifidobacterium_longum	0.1067386483
GLUTORN-PWY: L-ornithine biosynthesis I|g__Clostridium.s__Clostridium_sp_CAG_217	0.1016200758
GLUTORN-PWY: L-ornithine biosynthesis I|g__Ruminococcus.s__Ruminococcus_callidus	0.4687472453
GLUTORN-PWY: L-ornithine biosynthesis I|g__Roseburia.s__Roseburia_faecis	0.2693381963
GLUTORN-PWY: L-ornithine biosynthesis I|g__Subdoligranulum.s__Subdoligranulum_sp_APC924_74	0.7297753977
GLUTORN-PWY: L-ornithine biosynthesis I|g__Blautia.s__Blautia_wexlerae	0.7880037579
GLUTORN-PWY: L-ornithine biosynthesis I|g__Dorea.s__Dorea_longicatena	0.0205437781
GLUTORN-PWY: L-ornithine biosynthesis I|g__Firmicutes_unclassified.s__Firmicutes_bacterium_CAG_194	0.4609266881
GLUTORN-PWY: L-ornithine biosynthesis I|g__Lachnospiraceae_unclassified.s__Eubacterium_rectale	0.0006487049
GLUTORN-PWY: L-ornithine biosynthesis I|g__Ruminococcus.s__Ruminococcus_bromii	0.1017303460
GLUTORN-PWY: L-ornithine biosynthesis I|g__Ruminococcus.s__Ruminococcus_bicirculans	0.2466268240
GLUTORN-PWY: L-ornithine biosynthesis I|g__Fusicatenibacter.s__Fusicatenibacter_saccharivorans	0.1927886066
GLUTORN-PWY: L-ornithine biosynthesis I|g__Sutterella.s__Sutterella_sp_CAG_397	0.2315494401
GLUTORN-PWY: L-ornithine biosynthesis I|g__Coprococcus.s__Coprococcus_comes	0.3570589351
GLUTORN-PWY: L-ornithine biosynthesis I|g__Gemmiger.s__Gemmiger_formicilis	0.1672129520
GLUTORN-PWY: L-ornithine biosynthesis I|g__Clostridiales_unclassified.s__Clostridiales_bacterium_KLE1615	0.3217063583
PWY-6700: queuosine biosynthesis I (de novo)	1.0000000000
PWY-6700: queuosine biosynthesis I (de novo)|unclassified	0.9436454940
PWY-6700: queuosine biosynthesis I (de novo)|g__Prevotella.s__Prevotella_sp_CAG_520	0.0083088146
PWY-6700: queuosine biosynthesis I (de novo)|g__Faecalibacterium.s__Faecalibacterium_prausnitzii	0.0000003195
PWY-6700: queuosine biosynthesis I (de novo)|g__Prevotella.s__Prevotella_copri	0.0000000000
PWY-6700: queuosine biosynthesis I (de novo)|g__Blautia.s__Ruminococcus_torques	0.3584474195
PWY-6700: queuosine biosynthesis I (de novo)|g__Blautia.s__Blautia_obeum	0.4907206237
PWY-6700: queuosine biosynthesis I (de novo)|g__Clostridium.s__Clostridium_sp_CAG_217	0.2198660938
PWY-6700: queuosine biosynthesis I (de novo)|g__Dialister.s__Dialister_succinatiphilus	0.4246000849
PWY-6700: queuosine biosynthesis I (de novo)|g__Eubacterium.s__Eubacterium_sp_CAG_180	0.1572999735
PWY-6700: queuosine biosynthesis I (de novo)|g__Alistipes.s__Alistipes_sp_CAG_435	0.0193745561
PWY-6700: queuosine biosynthesis I (de novo)|g__Firmicutes_unclassified.s__Firmicutes_bacterium_CAG_65_45_313	0.0104546567
PWY-6700: queuosine biosynthesis I (de novo)|g__Roseburia.s__Roseburia_faecis	0.1712568647
PWY-6700: queuosine biosynthesis I (de novo)|g__Ruminococcus.s__Ruminococcus_callidus	0.3590410641
PWY-6700: queuosine biosynthesis I (de novo)|g__Lachnospiraceae_unclassified.s__Eubacterium_rectale	0.4738692478
PWY-6700: queuosine biosynthesis I (de novo)|g__Ruminococcus.s__Ruminococcus_sp_CAG_177	0.4727573419
PWY-6700: queuosine biosynthesis I (de novo)|g__Subdoligranulum.s__Subdoligranulum_sp_APC924_74	0.0944025073
PWY-6700: queuosine biosynthesis I (de novo)|g__Acidaminococcus.s__Acidaminococcus_fermentans	0.7046595739
PWY-6700: queuosine biosynthesis I (de novo)|g__Bacteroides.s__Bacteroides_dorei	0.5731973891
PWY-6700: queuosine biosynthesis I (de novo)|g__Firmicutes_unclassified.s__Firmicutes_bacterium_CAG_103	0.5492124098
PWY-6700: queuosine biosynthesis I (de novo)|g__Firmicutes_unclassified.s__Firmicutes_bacterium_CAG_194	0.4426602745
PWY-6700: queuosine biosynthesis I (de novo)|g__Firmicutes_unclassified.s__Firmicutes_bacterium_CAG_176	0.2058285735
PWY-6700: queuosine biosynthesis I (de novo)|g__Firmicutes_unclassified.s__Firmicutes_bacterium_CAG_124	0.0157747362
PWY-6700: queuosine biosynthesis I (de novo)|g__Blautia.s__Blautia_wexlerae	0.0964141496
PWY-6700: queuosine biosynthesis I (de novo)|g__Ruminococcus.s__Ruminococcus_bromii	0.0609061920
PWY-6700: queuosine biosynthesis I (de novo)|g__Firmicutes_unclassified.s__Firmicutes_bacterium_CAG_129	0.0570883619
PWY-6700: queuosine biosynthesis I (de novo)|g__Clostridiales_unclassified.s__Clostridiales_bacterium_KLE1615	0.7050206964
PWY-6700: queuosine biosynthesis I (de novo)|g__Roseburia.s__Roseburia_inulinivorans	0.1683512356
PWY-6700: queuosine biosynthesis I (de novo)|g__Coprococcus.s__Coprococcus_comes	0.2582017739
PWY-6700: queuosine biosynthesis I (de novo)|g__Blautia.s__Blautia_sp_CAG_52	0.4841850615
PWY-6700: queuosine biosynthesis I (de novo)|g__Bacteroides.s__Bacteroides_sp_CAG_530	0.2347526565
PWY-6700: queuosine biosynthesis I (de novo)|g__Fusicatenibacter.s__Fusicatenibacter_saccharivorans	0.0066908139
PWY-6700: queuosine biosynthesis I (de novo)|g__Anaerostipes.s__Anaerostipes_hadrus	0.4837378747
PWY-6700: queuosine biosynthesis I (de novo)|g__Eubacterium.s__Eubacterium_hallii	0.4596078459
PWY-6700: queuosine biosynthesis I (de novo)|g__Dorea.s__Dorea_formicigenerans	0.2604508380
PWY-6700: queuosine biosynthesis I (de novo)|g__Sutterella.s__Sutterella_wadsworthensis	0.1962349354
PWY-6700: queuosine biosynthesis I (de novo)|g__Oscillibacter.s__Oscillibacter_sp_57_20	0.1008971126
PWY-6700: queuosine biosynthesis I (de novo)|g__Bacteroides.s__Bacteroides_uniformis	0.1706876101
PWY-6700: queuosine biosynthesis I (de novo)|g__Gemmiger.s__Gemmiger_formicilis	0.0048737130
PWY-6700: queuosine biosynthesis I (de novo)|g__Bacteroides.s__Bacteroides_vulgatus	0.3766891658
HISTSYN-PWY: L-histidine biosynthesis	1.0000000000
HISTSYN-PWY: L-histidine biosynthesis|unclassified	0.9590969708
HISTSYN-PWY: L-histidine biosynthesis|g__Faecalibacterium.s__Faecalibacterium_prausnitzii	0.0000000513
HISTSYN-PWY: L-histidine biosynthesis|g__Bifidobacterium.s__Bifidobacterium_adolescentis	0.0004222372
HISTSYN-PWY: L-histidine biosynthesis|g__Bifidobacterium.s__Bifidobacterium_longum	0.0732856253
HISTSYN-PWY: L-histidine biosynthesis|g__Eubacterium.s__Eubacterium_sp_CAG_180	0.6528460831
HISTSYN-PWY: L-histidine biosynthesis|g__Dialister.s__Dialister_succinatiphilus	0.4083134004
HISTSYN-PWY: L-histidine biosynthesis|g__Blautia.s__Ruminococcus_torques	0.0000708291
HISTSYN-PWY: L-histidine biosynthesis|g__Alistipes.s__Alistipes_sp_CAG_435	0.1018989483
HISTSYN-PWY: L-histidine biosynthesis|g__Clostridium.s__Clostridium_sp_CAG_217	0.1499407483
HISTSYN-PWY: L-histidine biosynthesis|g__Blautia.s__Blautia_obeum	0.0000151795
HISTSYN-PWY: L-histidine biosynthesis|g__Subdoligranulum.s__Subdoligranulum_sp_APC924_74	0.1352657418
HISTSYN-PWY: L-histidine biosynthesis|g__Roseburia.s__Roseburia_inulinivorans	0.1423051465
HISTSYN-PWY: L-histidine biosynthesis|g__Bacteroides.s__Bacteroides_dorei	0.1961820005
HISTSYN-PWY: L-histidine biosynthesis|g__Acidaminococcus.s__Acidaminococcus_fermentans	0.1223422148
PWY-6629: superpathway of L-tryptophan biosynthesis	0.9999837787
PWY-6629: superpathway of L-tryptophan biosynthesis|unclassified	0.0000000002
PWY-6629: superpathway of L-tryptophan biosynthesis|g__Blautia.s__Ruminococcus_torques	0.1564651752
PWY-6629: superpathway of L-tryptophan biosynthesis|g__Blautia.s__Blautia_obeum	0.3975665909
PWY-6629: superpathway of L-tryptophan biosynthesis|g__Roseburia.s__Roseburia_faecis	0.1436473324
PWY-6629: superpathway of L-tryptophan biosynthesis|g__Ruminococcus.s__Ruminococcus_callidus	0.2769989141
PWY-6629: superpathway of L-tryptophan biosynthesis|g__Fusicatenibacter.s__Fusicatenibacter_saccharivorans	0.1960328677
PWY-6629: superpathway of L-tryptophan biosynthesis|g__Blautia.s__Blautia_wexlerae	0.0892394110
PWY-5667: CDP-diacylglycerol biosynthesis I	1.0000000000
PWY-5667: CDP-diacylglycerol biosynthesis I|g__Faecalibacterium.s__Faecalibacterium_prausnitzii	0.0035842450
PWY-5667: CDP-diacylglycerol biosynthesis I|unclassified	0.0000000000
PWY-5667: CDP-diacylglycerol biosynthesis I|g__Firmicutes_unclassified.s__Firmicutes_bacterium_CAG_65_45_313	0.1657217887
PWY-5667: CDP-diacylglycerol biosynthesis I|g__Blautia.s__Blautia_obeum	0.0780253612
PWY-5667: CDP-diacylglycerol biosynthesis I|g__Roseburia.s__Roseburia_faecis	0.6062047532
PWY-5667: CDP-diacylglycerol biosynthesis I|g__Blautia.s__Ruminococcus_torques	0.0000941905
PWY-5667: CDP-diacylglycerol biosynthesis I|g__Lachnospiraceae_unclassified.s__Eubacterium_rectale	0.6794861677
PWY-5667: CDP-diacylglycerol biosynthesis I|g__Dorea.s__Dorea_longicatena	0.3145794309
PWY-5667: CDP-diacylglycerol biosynthesis I|g__Dialister.s__Dialister_succinatiphilus	0.0102396412
PWY-5667: CDP-diacylglycerol biosynthesis I|g__Fusicatenibacter.s__Fusicatenibacter_saccharivorans	0.3056391900
PWY-5667: CDP-diacylglycerol biosynthesis I|g__Bacteroides.s__Bacteroides_dorei	0.5505815459
PWY-5667: CDP-diacylglycerol biosynthesis I|g__Firmicutes_unclassified.s__Firmicutes_bacterium_CAG_194	0.5015523736
PWY-5667: CDP-diacylglycerol biosynthesis I|g__Roseburia.s__Roseburia_inulinivorans	0.4482744500
PWY-5667: CDP-diacylglycerol biosynthesis I|g__Subdoligranulum.s__Subdoligranulum_sp_APC924_74	0.0002633380
PWY-5667: CDP-diacylglycerol biosynthesis I|g__Coprococcus.s__Coprococcus_comes	0.2363963688
PWY-5667: CDP-diacylglycerol biosynthesis I|g__Bacteroides.s__Bacteroides_uniformis	0.6452969050
PWY-5667: CDP-diacylglycerol biosynthesis I|g__Firmicutes_unclassified.s__Firmicutes_bacterium_CAG_41	0.3639959320
PWY-5667: CDP-diacylglycerol biosynthesis I|g__Blautia.s__Blautia_wexlerae	0.0001337818
PWY-5667: CDP-diacylglycerol biosynthesis I|g__Bacteroides.s__Bacteroides_sp_CAG_530	0.0065107251
PWY0-1319: CDP-diacylglycerol biosynthesis II	1.0000000000
PWY0-1319: CDP-diacylglycerol biosynthesis II|g__Faecalibacterium.s__Faecalibacterium_prausnitzii	0.0035842450
PWY0-1319: CDP-diacylglycerol biosynthesis II|unclassified	0.0000000000
PWY0-1319: CDP-diacylglycerol biosynthesis II|g__Firmicutes_unclassified.s__Firmicutes_bacterium_CAG_65_45_313	0.1657217887
PWY0-1319: CDP-diacylglycerol biosynthesis II|g__Blautia.s__Blautia_obeum	0.0780253612
PWY0-1319: CDP-diacylglycerol biosynthesis II|g__Roseburia.s__Roseburia_faecis	0.6062047532
PWY0-1319: CDP-diacylglycerol biosynthesis II|g__Blautia.s__Ruminococcus_torques	0.0000941905
PWY0-1319: CDP-diacylglycerol biosynthesis II|g__Lachnospiraceae_unclassified.s__Eubacterium_rectale	0.6794861677
PWY0-1319: CDP-diacylglycerol biosynthesis II|g__Dorea.s__Dorea_longicatena	0.3145794309
PWY0-1319: CDP-diacylglycerol biosynthesis II|g__Dialister.s__Dialister_succinatiphilus	0.0102396412
PWY0-1319: CDP-diacylglycerol biosynthesis II|g__Fusicatenibacter.s__Fusicatenibacter_saccharivorans	0.3056391900
PWY0-1319: CDP-diacylglycerol biosynthesis II|g__Bacteroides.s__Bacteroides_dorei	0.5505815459
PWY0-1319: CDP-diacylglycerol biosynthesis II|g__Firmicutes_unclassified.s__Firmicutes_bacterium_CAG_194	0.5015523736
PWY0-1319: CDP-diacylglycerol biosynthesis II|g__Roseburia.s__Roseburia_inulinivorans	0.4482744500
PWY0-1319: CDP-diacylglycerol biosynthesis II|g__Subdoligranulum.s__Subdoligranulum_sp_APC924_74	0.0002633380
PWY0-1319: CDP-diacylglycerol biosynthesis II|g__Coprococcus.s__Coprococcus_comes	0.2363963688
PWY0-1319: CDP-diacylglycerol biosynthesis II|g__Bacteroides.s__Bacteroides_uniformis	0.6452969050
PWY0-1319: CDP-diacylglycerol biosynthesis II|g__Firmicutes_unclassified.s__Firmicutes_bacterium_CAG_41	0.3639959320
PWY0-1319: CDP-diacylglycerol biosynthesis II|g__Blautia.s__Blautia_wexlerae	0.0001337818
PWY0-1319: CDP-diacylglycerol biosynthesis II|g__Bacteroides.s__Bacteroides_sp_CAG_530	0.0065107251
PWY0-1296: purine ribonucleosides degradation	1.0000000000
PWY0-1296: purine ribonucleosides degradation|unclassified	0.8713278202
PWY0-1296: purine ribonucleosides degradation|g__Faecalibacterium.s__Faecalibacterium_prausnitzii	0.0000255743
PWY0-1296: purine ribonucleosides degradation|g__Blautia.s__Ruminococcus_torques	0.8675164116
PWY0-1296: purine ribonucleosides degradation|g__Blautia.s__Blautia_obeum	0.9897639293
PWY0-1296: purine ribonucleosides degradation|g__Firmicutes_unclassified.s__Firmicutes_bacterium_CAG_65_45_313	0.1655141353
PWY0-1296: purine ribonucleosides degradation|g__Dorea.s__Dorea_longicatena	0.4545007234
PWY0-1296: purine ribonucleosides degradation|g__Roseburia.s__Roseburia_faecis	0.3386586107
PWY0-1296: purine ribonucleosides degradation|g__Lachnospiraceae_unclassified.s__Eubacterium_rectale	0.5773334493
PWY0-1296: purine ribonucleosides degradation|g__Ruminococcus.s__Ruminococcus_sp_CAG_177	0.4863089254
PWY0-1296: purine ribonucleosides degradation|g__Firmicutes_unclassified.s__Firmicutes_bacterium_CAG_124	0.5154385503
PWY0-1296: purine ribonucleosides degradation|g__Roseburia.s__Roseburia_inulinivorans	0.6491891909
PWY0-1296: purine ribonucleosides degradation|g__Subdoligranulum.s__Subdoligranulum_sp_APC924_74	0.0271048778
PWY0-1296: purine ribonucleosides degradation|g__Fusicatenibacter.s__Fusicatenibacter_saccharivorans	0.0215730437
PWY0-1296: purine ribonucleosides degradation|g__Firmicutes_unclassified.s__Firmicutes_bacterium_CAG_194	0.4351157306
PWY0-1296: purine ribonucleosides degradation|g__Acidaminococcus.s__Acidaminococcus_fermentans	0.4582851057
PWY0-1296: purine ribonucleosides degradation|g__Gemmiger.s__Gemmiger_formicilis	0.4209174933
PWY0-1296: purine ribonucleosides degradation|g__Dorea.s__Dorea_formicigenerans	0.6178465608
PWY0-1296: purine ribonucleosides degradation|g__Blautia.s__Blautia_sp_CAG_52	0.3888431668
PWY0-1296: purine ribonucleosides degradation|g__Intestinibacter.s__Intestinibacter_bartlettii	0.3529645371
PWY0-1296: purine ribonucleosides degradation|g__Coprococcus.s__Coprococcus_comes	0.0893739831
PWY0-1296: purine ribonucleosides degradation|g__Blautia.s__Blautia_wexlerae	0.0025138595
1CMET2-PWY: folate transformations III (E. coli)	1.0000000000
1CMET2-PWY: folate transformations III (E. coli)|g__Prevotella.s__Prevotella_sp_CAG_520	0.2472077539
1CMET2-PWY: folate transformations III (E. coli)|unclassified	0.0000000000
1CMET2-PWY: folate transformations III (E. coli)|g__Roseburia.s__Roseburia_faecis	0.2570679735
1CMET2-PWY: folate transformations III (E. coli)|g__Blautia.s__Ruminococcus_torques	0.0000002644
1CMET2-PWY: folate transformations III (E. coli)|g__Blautia.s__Blautia_obeum	0.0000000000
PANTOSYN-PWY: superpathway of coenzyme A biosynthesis I (bacteria)	1.0000000000
PANTOSYN-PWY: superpathway of coenzyme A biosynthesis I (bacteria)|unclassified	0.9976586426
PANTOSYN-PWY: superpathway of coenzyme A biosynthesis I (bacteria)|g__Blautia.s__Ruminococcus_torques	0.0000157786
PANTOSYN-PWY: superpathway of coenzyme A biosynthesis I (bacteria)|g__Blautia.s__Blautia_obeum	0.0054745553
PANTOSYN-PWY: superpathway of coenzyme A biosynthesis I (bacteria)|g__Roseburia.s__Roseburia_faecis	0.3925710790
PANTOSYN-PWY: superpathway of coenzyme A biosynthesis I (bacteria)|g__Dialister.s__Dialister_succinatiphilus	0.2481785898
PANTOSYN-PWY: superpathway of coenzyme A biosynthesis I (bacteria)|g__Ruminococcus.s__Ruminococcus_callidus	0.0099733211
PANTOSYN-PWY: superpathway of coenzyme A biosynthesis I (bacteria)|g__Bacteroides.s__Bacteroides_dorei	0.3014790222
PANTOSYN-PWY: superpathway of coenzyme A biosynthesis I (bacteria)|g__Sutterella.s__Sutterella_sp_CAG_397	0.0928242263
PANTOSYN-PWY: superpathway of coenzyme A biosynthesis I (bacteria)|g__Bacteroides.s__Bacteroides_sp_CAG_530	0.2869611178
PANTOSYN-PWY: superpathway of coenzyme A biosynthesis I (bacteria)|g__Bacteroides.s__Bacteroides_vulgatus	0.5883125835
PWY-2942: L-lysine biosynthesis III	0.9999999949
PWY-2942: L-lysine biosynthesis III|unclassified	0.0001871886
PWY-2942: L-lysine biosynthesis III|g__Blautia.s__Ruminococcus_torques	0.0143808276
PWY-2942: L-lysine biosynthesis III|g__Dorea.s__Dorea_longicatena	0.0101915863
ANAGLYCOLYSIS-PWY: glycolysis III (from glucose)	0.0000000000
ANAGLYCOLYSIS-PWY: glycolysis III (from glucose)|unclassified	0.0000000000
ANAGLYCOLYSIS-PWY: glycolysis III (from glucose)|g__Blautia.s__Ruminococcus_torques	0.0038128570
ANAGLYCOLYSIS-PWY: glycolysis III (from glucose)|g__Roseburia.s__Roseburia_faecis	0.2133662086
ANAGLYCOLYSIS-PWY: glycolysis III (from glucose)|g__Lachnospiraceae_unclassified.s__Eubacterium_rectale	0.0236578474
ANAGLYCOLYSIS-PWY: glycolysis III (from glucose)|g__Fusicatenibacter.s__Fusicatenibacter_saccharivorans	0.3538817998
ANAGLYCOLYSIS-PWY: glycolysis III (from glucose)|g__Blautia.s__Blautia_obeum	0.0000000000
ANAGLYCOLYSIS-PWY: glycolysis III (from glucose)|g__Ruminococcus.s__Ruminococcus_bicirculans	0.3658193821
ANAGLYCOLYSIS-PWY: glycolysis III (from glucose)|g__Blautia.s__Blautia_wexlerae	0.0000011172
PWY-7977: L-methionine biosynthesis IV	1.0000000000
PWY-7977: L-methionine biosynthesis IV|g__Prevotella.s__Prevotella_copri	0.0001211807
PWY-7977: L-methionine biosynthesis IV|g__Prevotella.s__Prevotella_sp_CAG_520	0.0010439512
PWY-7977: L-methionine biosynthesis IV|unclassified	0.0000000000
PWY-7977: L-methionine biosynthesis IV|g__Blautia.s__Ruminococcus_torques	0.0061496375
PWY-7977: L-methionine biosynthesis IV|g__Dorea.s__Dorea_longicatena	0.0034505515
PWY-7977: L-methionine biosynthesis IV|g__Bacteroides.s__Bacteroides_dorei	0.1426810165
PWY-7977: L-methionine biosynthesis IV|g__Coprococcus.s__Coprococcus_catus	0.4590645707
PWY-7977: L-methionine biosynthesis IV|g__Coprococcus.s__Coprococcus_comes	0.1347789813
PWY-7977: L-methionine biosynthesis IV|g__Bacteroides.s__Bacteroides_sp_CAG_530	0.1728597347
PWY-7977: L-methionine biosynthesis IV|g__Bacteroides.s__Bacteroides_vulgatus	0.5616882171
PWY-724: superpathway of L-lysine, L-threonine and L-methionine biosynthesis II	0.9875996297
PWY-724: superpathway of L-lysine, L-threonine and L-methionine biosynthesis II|unclassified	0.0002867982
PWY-724: superpathway of L-lysine, L-threonine and L-methionine biosynthesis II|g__Bifidobacterium.s__Bifidobacterium_adolescentis	0.0395489013
PWY-724: superpathway of L-lysine, L-threonine and L-methionine biosynthesis II|g__Faecalibacterium.s__Faecalibacterium_prausnitzii	0.0000000000
PWY-724: superpathway of L-lysine, L-threonine and L-methionine biosynthesis II|g__Bifidobacterium.s__Bifidobacterium_longum	0.0784339819
PWY-724: superpathway of L-lysine, L-threonine and L-methionine biosynthesis II|g__Blautia.s__Ruminococcus_torques	0.0007934013
PWY-724: superpathway of L-lysine, L-threonine and L-methionine biosynthesis II|g__Blautia.s__Blautia_obeum	0.0000002818
PWY-724: superpathway of L-lysine, L-threonine and L-methionine biosynthesis II|g__Dorea.s__Dorea_longicatena	0.0085141662
PWY-724: superpathway of L-lysine, L-threonine and L-methionine biosynthesis II|g__Roseburia.s__Roseburia_inulinivorans	0.4438665580
PWY-724: superpathway of L-lysine, L-threonine and L-methionine biosynthesis II|g__Coprococcus.s__Coprococcus_comes	0.2036081975
PWY-7199: pyrimidine deoxyribonucleosides salvage	1.0000000000
PWY-7199: pyrimidine deoxyribonucleosides salvage|unclassified	0.0003429994
PWY-7199: pyrimidine deoxyribonucleosides salvage|g__Alistipes.s__Alistipes_sp_CAG_435	0.0108042101
PWY-7199: pyrimidine deoxyribonucleosides salvage|g__Bacteroides.s__Bacteroides_dorei	0.8025659641
PWY-7199: pyrimidine deoxyribonucleosides salvage|g__Firmicutes_unclassified.s__Firmicutes_bacterium_CAG_176	0.4858860234
PWY-7199: pyrimidine deoxyribonucleosides salvage|g__Ruminococcus.s__Ruminococcus_sp_CAG_177	0.0161555783
PWY-7199: pyrimidine deoxyribonucleosides salvage|g__Firmicutes_unclassified.s__Firmicutes_bacterium_CAG_103	0.4275201115
PWY-7229: superpathway of adenosine nucleotides de novo biosynthesis I	0.0000072224
PWY-7229: superpathway of adenosine nucleotides de novo biosynthesis I|g__Prevotella.s__Prevotella_sp_CAG_520	0.0015454060
PWY-7229: superpathway of adenosine nucleotides de novo biosynthesis I|unclassified	0.0000000000
PWY-7229: superpathway of adenosine nucleotides de novo biosynthesis I|g__Dialister.s__Dialister_succinatiphilus	0.3955630577
PWY-7229: superpathway of adenosine nucleotides de novo biosynthesis I|g__Sutterella.s__Sutterella_sp_CAG_397	0.3787095459
PWY-3001: superpathway of L-isoleucine biosynthesis I	0.8838378626
PWY-3001: superpathway of L-isoleucine biosynthesis I|unclassified	0.0000000000
PWY-3001: superpathway of L-isoleucine biosynthesis I|g__Bifidobacterium.s__Bifidobacterium_longum	0.1426309860
PWY-3001: superpathway of L-isoleucine biosynthesis I|g__Blautia.s__Ruminococcus_torques	0.0000000648
PWY-5695: inosine 5'-phosphate degradation	0.9999998052
PWY-5695: inosine 5'-phosphate degradation|unclassified	0.6543338455
PWY-5695: inosine 5'-phosphate degradation|g__Blautia.s__Ruminococcus_torques	0.1321004422
PWY-5695: inosine 5'-phosphate degradation|g__Fusicatenibacter.s__Fusicatenibacter_saccharivorans	0.6711952557
PWY-5695: inosine 5'-phosphate degradation|g__Dorea.s__Dorea_longicatena	0.3494524743
PWY-5695: inosine 5'-phosphate degradation|g__Roseburia.s__Roseburia_inulinivorans	0.6030872293
PWY-5695: inosine 5'-phosphate degradation|g__Bacteroides.s__Bacteroides_sp_CAG_530	0.7003022851
PWY-5695: inosine 5'-phosphate degradation|g__Blautia.s__Blautia_obeum	0.0000000000
PWY-5695: inosine 5'-phosphate degradation|g__Bacteroides.s__Bacteroides_dorei	0.0466791906
PWY-5695: inosine 5'-phosphate degradation|g__Blautia.s__Blautia_wexlerae	0.0033709723
PWY-5695: inosine 5'-phosphate degradation|g__Bacteroides.s__Bacteroides_vulgatus	0.7563700118
PWY-5695: inosine 5'-phosphate degradation|g__Anaerostipes.s__Anaerostipes_hadrus	0.0124566951
PWY-6317: D-galactose degradation I (Leloir pathway)	1.0000000000
PWY-6317: D-galactose degradation I (Leloir pathway)|unclassified	0.0000000000
PWY-6317: D-galactose degradation I (Leloir pathway)|g__Faecalibacterium.s__Faecalibacterium_prausnitzii	0.0000057453
PWY-6317: D-galactose degradation I (Leloir pathway)|g__Blautia.s__Ruminococcus_torques	0.2069526758
PWY-6317: D-galactose degradation I (Leloir pathway)|g__Blautia.s__Blautia_obeum	0.2048672868
PWY-6317: D-galactose degradation I (Leloir pathway)|g__Roseburia.s__Roseburia_faecis	0.2179090904
PWY-6317: D-galactose degradation I (Leloir pathway)|g__Blautia.s__Blautia_wexlerae	0.7436493263
PWY-6317: D-galactose degradation I (Leloir pathway)|g__Dorea.s__Dorea_longicatena	0.0494275134
PWY-6317: D-galactose degradation I (Leloir pathway)|g__Roseburia.s__Roseburia_inulinivorans	0.6368133033
PWY-6317: D-galactose degradation I (Leloir pathway)|g__Fusicatenibacter.s__Fusicatenibacter_saccharivorans	0.2872363242
PWY-6317: D-galactose degradation I (Leloir pathway)|g__Coprococcus.s__Coprococcus_comes	0.2960491766
PWY-6317: D-galactose degradation I (Leloir pathway)|g__Dorea.s__Dorea_formicigenerans	0.3955211712
PWY66-429: fatty acid biosynthesis initiation (mitochondria)	0.9846153340
PWY66-429: fatty acid biosynthesis initiation (mitochondria)|unclassified	0.8787168242
PWY66-429: fatty acid biosynthesis initiation (mitochondria)|g__Blautia.s__Blautia_obeum	0.9488740165
PWY66-429: fatty acid biosynthesis initiation (mitochondria)|g__Blautia.s__Ruminococcus_torques	0.4436349421
PWY66-429: fatty acid biosynthesis initiation (mitochondria)|g__Ruminococcus.s__Ruminococcus_callidus	0.8963868207
PWY66-429: fatty acid biosynthesis initiation (mitochondria)|g__Dorea.s__Dorea_longicatena	0.5498525211
PWY66-429: fatty acid biosynthesis initiation (mitochondria)|g__Ruminococcus.s__Ruminococcus_bicirculans	0.7584494850
PWY66-429: fatty acid biosynthesis initiation (mitochondria)|g__Bacteroides.s__Bacteroides_dorei	0.7302581207
PWY66-429: fatty acid biosynthesis initiation (mitochondria)|g__Fusicatenibacter.s__Fusicatenibacter_saccharivorans	0.3506865199
PWY66-429: fatty acid biosynthesis initiation (mitochondria)|g__Coprococcus.s__Coprococcus_comes	0.4616374679
PWY66-429: fatty acid biosynthesis initiation (mitochondria)|g__Firmicutes_unclassified.s__Firmicutes_bacterium_CAG_194	0.3735015910
PWY66-429: fatty acid biosynthesis initiation (mitochondria)|g__Blautia.s__Blautia_wexlerae	0.0405120377
PWY66-429: fatty acid biosynthesis initiation (mitochondria)|g__Bacteroides.s__Bacteroides_uniformis	0.7613359630
PWY66-429: fatty acid biosynthesis initiation (mitochondria)|g__Bacteroides.s__Bacteroides_sp_CAG_530	0.4076006564
PWY66-429: fatty acid biosynthesis initiation (mitochondria)|g__Blautia.s__Blautia_sp_CAG_52	0.3506263187
PWY66-429: fatty acid biosynthesis initiation (mitochondria)|g__Clostridiales_unclassified.s__Clostridiales_bacterium_KLE1615	0.4140076268
PWY66-429: fatty acid biosynthesis initiation (mitochondria)|g__Bacteroides.s__Bacteroides_vulgatus	0.3105753106
PWY-6123: inosine-5'-phosphate biosynthesis I	0.9997811317
PWY-6123: inosine-5'-phosphate biosynthesis I|unclassified	0.2693294469
PWY-6123: inosine-5'-phosphate biosynthesis I|g__Faecalibacterium.s__Faecalibacterium_prausnitzii	0.0006463123
PWY-6123: inosine-5'-phosphate biosynthesis I|g__Bifidobacterium.s__Bifidobacterium_adolescentis	0.0008279397
PWY-6123: inosine-5'-phosphate biosynthesis I|g__Blautia.s__Ruminococcus_torques	0.0274072636
PWY-6123: inosine-5'-phosphate biosynthesis I|g__Blautia.s__Blautia_obeum	0.0015293032
PWY-6123: inosine-5'-phosphate biosynthesis I|g__Blautia.s__Blautia_wexlerae	0.8050453253
PWY-6123: inosine-5'-phosphate biosynthesis I|g__Dialister.s__Dialister_succinatiphilus	0.0000349049
PWY-6123: inosine-5'-phosphate biosynthesis I|g__Sutterella.s__Sutterella_wadsworthensis	0.5383227704
PWY-6123: inosine-5'-phosphate biosynthesis I|g__Bacteroides.s__Bacteroides_dorei	0.0731772130
PWY-6123: inosine-5'-phosphate biosynthesis I|g__Clostridiales_unclassified.s__Clostridiales_bacterium_KLE1615	0.3230150237
PANTO-PWY: phosphopantothenate biosynthesis I	1.0000000000
PANTO-PWY: phosphopantothenate biosynthesis I|unclassified	0.9968654565
PANTO-PWY: phosphopantothenate biosynthesis I|g__Roseburia.s__Roseburia_faecis	0.7816040819
PANTO-PWY: phosphopantothenate biosynthesis I|g__Blautia.s__Blautia_obeum	0.0881212151
PANTO-PWY: phosphopantothenate biosynthesis I|g__Blautia.s__Ruminococcus_torques	0.0000070256
PANTO-PWY: phosphopantothenate biosynthesis I|g__Dialister.s__Dialister_succinatiphilus	0.1639657513
PANTO-PWY: phosphopantothenate biosynthesis I|g__Lachnospiraceae_unclassified.s__Eubacterium_rectale	0.4314506401
PANTO-PWY: phosphopantothenate biosynthesis I|g__Ruminococcus.s__Ruminococcus_callidus	0.1379665079
PANTO-PWY: phosphopantothenate biosynthesis I|g__Bacteroides.s__Bacteroides_dorei	0.4945037814
PANTO-PWY: phosphopantothenate biosynthesis I|g__Sutterella.s__Sutterella_sp_CAG_397	0.4916933050
PANTO-PWY: phosphopantothenate biosynthesis I|g__Anaerostipes.s__Anaerostipes_hadrus	0.6396051326
PANTO-PWY: phosphopantothenate biosynthesis I|g__Bacteroides.s__Bacteroides_vulgatus	0.9230874965
PANTO-PWY: phosphopantothenate biosynthesis I|g__Bacteroides.s__Bacteroides_sp_CAG_530	0.3225785224
PANTO-PWY: phosphopantothenate biosynthesis I|g__Blautia.s__Blautia_wexlerae	0.0016656040
PANTO-PWY: phosphopantothenate biosynthesis I|g__Roseburia.s__Roseburia_intestinalis	0.4466701896
PANTO-PWY: phosphopantothenate biosynthesis I|g__Dorea.s__Dorea_formicigenerans	0.0754003088
PWY-7357: thiamine phosphate formation from pyrithiamine and oxythiamine (yeast)	0.9780560506
PWY-7357: thiamine phosphate formation from pyrithiamine and oxythiamine (yeast)|g__Faecalibacterium.s__Faecalibacterium_prausnitzii	0.8355914490
PWY-7357: thiamine phosphate formation from pyrithiamine and oxythiamine (yeast)|unclassified	0.0000001420
PWY-7357: thiamine phosphate formation from pyrithiamine and oxythiamine (yeast)|g__Bifidobacterium.s__Bifidobacterium_adolescentis	0.0000281575
PWY-7357: thiamine phosphate formation from pyrithiamine and oxythiamine (yeast)|g__Blautia.s__Ruminococcus_torques	0.0058023378
PWY-7357: thiamine phosphate formation from pyrithiamine and oxythiamine (yeast)|g__Roseburia.s__Roseburia_faecis	0.3853971946
PWY-7357: thiamine phosphate formation from pyrithiamine and oxythiamine (yeast)|g__Lachnospiraceae_unclassified.s__Eubacterium_rectale	0.8637612589
PWY-7357: thiamine phosphate formation from pyrithiamine and oxythiamine (yeast)|g__Blautia.s__Blautia_obeum	0.0000026182
PWY-7357: thiamine phosphate formation from pyrithiamine and oxythiamine (yeast)|g__Dorea.s__Dorea_longicatena	0.1014948454
PWY-7357: thiamine phosphate formation from pyrithiamine and oxythiamine (yeast)|g__Fusicatenibacter.s__Fusicatenibacter_saccharivorans	0.5018001285
PWY-7357: thiamine phosphate formation from pyrithiamine and oxythiamine (yeast)|g__Coprococcus.s__Coprococcus_comes	0.3880541492
PWY-7357: thiamine phosphate formation from pyrithiamine and oxythiamine (yeast)|g__Blautia.s__Blautia_wexlerae	0.0130073356
PWY-7357: thiamine phosphate formation from pyrithiamine and oxythiamine (yeast)|g__Roseburia.s__Roseburia_inulinivorans	0.0324666918
CALVIN-PWY: Calvin-Benson-Bassham cycle	0.0000000000
CALVIN-PWY: Calvin-Benson-Bassham cycle|unclassified	0.0000000000
CALVIN-PWY: Calvin-Benson-Bassham cycle|g__Blautia.s__Ruminococcus_torques	0.9392151215
CALVIN-PWY: Calvin-Benson-Bassham cycle|g__Roseburia.s__Roseburia_faecis	0.6057634739
CALVIN-PWY: Calvin-Benson-Bassham cycle|g__Blautia.s__Blautia_wexlerae	0.4054903412
CALVIN-PWY: Calvin-Benson-Bassham cycle|g__Fusicatenibacter.s__Fusicatenibacter_saccharivorans	0.6369242174
CALVIN-PWY: Calvin-Benson-Bassham cycle|g__Roseburia.s__Roseburia_inulinivorans	0.6685300000
CALVIN-PWY: Calvin-Benson-Bassham cycle|g__Blautia.s__Blautia_obeum	0.0000000000
CALVIN-PWY: Calvin-Benson-Bassham cycle|g__Lachnospiraceae_unclassified.s__Eubacterium_rectale	0.0068914403
CALVIN-PWY: Calvin-Benson-Bassham cycle|g__Intestinibacter.s__Intestinibacter_bartlettii	0.5632975023
CALVIN-PWY: Calvin-Benson-Bassham cycle|g__Coprococcus.s__Coprococcus_catus	0.4693796472
TRPSYN-PWY: L-tryptophan biosynthesis	0.9999610699
TRPSYN-PWY: L-tryptophan biosynthesis|unclassified	0.0000000001
TRPSYN-PWY: L-tryptophan biosynthesis|g__Blautia.s__Ruminococcus_torques	0.1369104365
TRPSYN-PWY: L-tryptophan biosynthesis|g__Blautia.s__Blautia_obeum	0.3299440515
TRPSYN-PWY: L-tryptophan biosynthesis|g__Firmicutes_unclassified.s__Firmicutes_bacterium_CAG_65_45_313	0.2726755076
TRPSYN-PWY: L-tryptophan biosynthesis|g__Dialister.s__Dialister_succinatiphilus	0.2388770492
TRPSYN-PWY: L-tryptophan biosynthesis|g__Lachnospiraceae_unclassified.s__Eubacterium_rectale	0.5613051415
TRPSYN-PWY: L-tryptophan biosynthesis|g__Roseburia.s__Roseburia_faecis	0.2264764652
TRPSYN-PWY: L-tryptophan biosynthesis|g__Ruminococcus.s__Ruminococcus_callidus	0.1638579533
TRPSYN-PWY: L-tryptophan biosynthesis|g__Blautia.s__Blautia_wexlerae	0.7267305675
TRPSYN-PWY: L-tryptophan biosynthesis|g__Fusicatenibacter.s__Fusicatenibacter_saccharivorans	0.1191809928
TRPSYN-PWY: L-tryptophan biosynthesis|g__Ruminococcus.s__Ruminococcus_bromii	0.1841867930
TRPSYN-PWY: L-tryptophan biosynthesis|g__Acidaminococcus.s__Acidaminococcus_fermentans	0.0561937897
OANTIGEN-PWY: O-antigen building blocks biosynthesis (E. coli)	0.0000622961
OANTIGEN-PWY: O-antigen building blocks biosynthesis (E. coli)|unclassified	0.0000000000
OANTIGEN-PWY: O-antigen building blocks biosynthesis (E. coli)|g__Ruminococcus.s__Ruminococcus_sp_CAG_177	0.4544011598
PWY-6124: inosine-5'-phosphate biosynthesis II	0.9997373695
PWY-6124: inosine-5'-phosphate biosynthesis II|unclassified	0.2349894697
PWY-6124: inosine-5'-phosphate biosynthesis II|g__Faecalibacterium.s__Faecalibacterium_prausnitzii	0.0005386530
PWY-6124: inosine-5'-phosphate biosynthesis II|g__Bifidobacterium.s__Bifidobacterium_adolescentis	0.0004621878
PWY-6124: inosine-5'-phosphate biosynthesis II|g__Blautia.s__Ruminococcus_torques	0.0229442049
PWY-6124: inosine-5'-phosphate biosynthesis II|g__Blautia.s__Blautia_obeum	0.0438594840
PWY-6124: inosine-5'-phosphate biosynthesis II|g__Dialister.s__Dialister_succinatiphilus	0.1779559070
PWY-6124: inosine-5'-phosphate biosynthesis II|g__Blautia.s__Blautia_wexlerae	0.7959585690
PWY-6124: inosine-5'-phosphate biosynthesis II|g__Sutterella.s__Sutterella_sp_CAG_397	0.3488839883
PWY-6124: inosine-5'-phosphate biosynthesis II|g__Bacteroides.s__Bacteroides_dorei	0.0638418123
PWY-6124: inosine-5'-phosphate biosynthesis II|g__Sutterella.s__Sutterella_wadsworthensis	0.4933410500
PWY-6124: inosine-5'-phosphate biosynthesis II|g__Coprococcus.s__Coprococcus_comes	0.0575023864
PWY-6124: inosine-5'-phosphate biosynthesis II|g__Clostridiales_unclassified.s__Clostridiales_bacterium_KLE1615	0.3693798068
PWY-6124: inosine-5'-phosphate biosynthesis II|g__Bacteroides.s__Bacteroides_vulgatus	0.4953362798
PWY-841: superpathway of purine nucleotides de novo biosynthesis I	0.0000063196
PWY-841: superpathway of purine nucleotides de novo biosynthesis I|unclassified	0.0000000000
PWY0-1586: peptidoglycan maturation (meso-diaminopimelate containing)	0.9999958371
PWY0-1586: peptidoglycan maturation (meso-diaminopimelate containing)|g__Prevotella.s__Prevotella_copri	0.0000000820
PWY0-1586: peptidoglycan maturation (meso-diaminopimelate containing)|g__Lachnospiraceae_unclassified.s__Eubacterium_rectale	0.9236401575
PWY0-1586: peptidoglycan maturation (meso-diaminopimelate containing)|g__Blautia.s__Ruminococcus_torques	0.0000060454
PWY0-1586: peptidoglycan maturation (meso-diaminopimelate containing)|g__Ruminococcus.s__Ruminococcus_bicirculans	0.6646025811
PWY0-1586: peptidoglycan maturation (meso-diaminopimelate containing)|unclassified	0.0000000000
PWY0-1586: peptidoglycan maturation (meso-diaminopimelate containing)|g__Bacteroides.s__Bacteroides_dorei	0.5542149694
PWY0-1586: peptidoglycan maturation (meso-diaminopimelate containing)|g__Sutterella.s__Sutterella_sp_CAG_397	0.4326166555
PWY0-1586: peptidoglycan maturation (meso-diaminopimelate containing)|g__Sutterella.s__Sutterella_wadsworthensis	0.1851993407
PWY0-1586: peptidoglycan maturation (meso-diaminopimelate containing)|g__Bacteroides.s__Bacteroides_vulgatus	0.6328386332
PWY-7237: myo-, chiro- and scyllo-inositol degradation	1.0000000000
PWY-7237: myo-, chiro- and scyllo-inositol degradation|unclassified	0.9995641959
PWY-7237: myo-, chiro- and scyllo-inositol degradation|g__Blautia.s__Blautia_obeum	0.2136080201
THRESYN-PWY: superpathway of L-threonine biosynthesis	0.9054140947
THRESYN-PWY: superpathway of L-threonine biosynthesis|unclassified	0.0000000001
THRESYN-PWY: superpathway of L-threonine biosynthesis|g__Bifidobacterium.s__Bifidobacterium_adolescentis	0.0243405924
THRESYN-PWY: superpathway of L-threonine biosynthesis|g__Faecalibacterium.s__Faecalibacterium_prausnitzii	0.0000000000
THRESYN-PWY: superpathway of L-threonine biosynthesis|g__Bifidobacterium.s__Bifidobacterium_longum	0.7546038156
THRESYN-PWY: superpathway of L-threonine biosynthesis|g__Blautia.s__Ruminococcus_torques	0.0088314968
THRESYN-PWY: superpathway of L-threonine biosynthesis|g__Blautia.s__Blautia_obeum	0.0000001691
THRESYN-PWY: superpathway of L-threonine biosynthesis|g__Bacteroides.s__Bacteroides_dorei	0.0059544856
THRESYN-PWY: superpathway of L-threonine biosynthesis|g__Bacteroides.s__Bacteroides_vulgatus	0.4866550530
PWY-6126: superpathway of adenosine nucleotides de novo biosynthesis II	0.0000042131
PWY-6126: superpathway of adenosine nucleotides de novo biosynthesis II|g__Prevotella.s__Prevotella_sp_CAG_520	0.0017955850
PWY-6126: superpathway of adenosine nucleotides de novo biosynthesis II|unclassified	0.0000000000
PWY-6126: superpathway of adenosine nucleotides de novo biosynthesis II|g__Dialister.s__Dialister_succinatiphilus	0.4141715217
PWY-6126: superpathway of adenosine nucleotides de novo biosynthesis II|g__Sutterella.s__Sutterella_sp_CAG_397	0.3963795726
PWY-6628: superpathway of L-phenylalanine biosynthesis	0.0000000014
PWY-6628: superpathway of L-phenylalanine biosynthesis|unclassified	0.0000803116
PWY-6628: superpathway of L-phenylalanine biosynthesis|g__Bifidobacterium.s__Bifidobacterium_longum	0.3523868625
HSERMETANA-PWY: L-methionine biosynthesis III	0.8713224746
HSERMETANA-PWY: L-methionine biosynthesis III|unclassified	0.0000315346
HSERMETANA-PWY: L-methionine biosynthesis III|g__Bifidobacterium.s__Bifidobacterium_adolescentis	0.0002640547
HSERMETANA-PWY: L-methionine biosynthesis III|g__Blautia.s__Ruminococcus_torques	0.0056881341
HSERMETANA-PWY: L-methionine biosynthesis III|g__Roseburia.s__Roseburia_faecis	0.7941793154
HSERMETANA-PWY: L-methionine biosynthesis III|g__Bifidobacterium.s__Bifidobacterium_longum	0.2527273575
HSERMETANA-PWY: L-methionine biosynthesis III|g__Blautia.s__Blautia_obeum	0.0722247759
HSERMETANA-PWY: L-methionine biosynthesis III|g__Dorea.s__Dorea_longicatena	0.5955601232
HSERMETANA-PWY: L-methionine biosynthesis III|g__Blautia.s__Blautia_wexlerae	0.1820866958
HSERMETANA-PWY: L-methionine biosynthesis III|g__Ruminococcus.s__Ruminococcus_bicirculans	0.4102160724
HSERMETANA-PWY: L-methionine biosynthesis III|g__Fusicatenibacter.s__Fusicatenibacter_saccharivorans	0.1633277595
HSERMETANA-PWY: L-methionine biosynthesis III|g__Coprococcus.s__Coprococcus_comes	0.2212490346
HSERMETANA-PWY: L-methionine biosynthesis III|g__Coprococcus.s__Coprococcus_catus	0.4898483857
PWY-5973: cis-vaccenate biosynthesis	0.3508583534
PWY-5973: cis-vaccenate biosynthesis|unclassified	0.0000377557
PWY-5973: cis-vaccenate biosynthesis|g__Blautia.s__Ruminococcus_torques	0.2822270113
PWY-6936: seleno-amino acid biosynthesis (plants)	0.8186514530
PWY-6936: seleno-amino acid biosynthesis (plants)|unclassified	0.1091826349
PWY-6936: seleno-amino acid biosynthesis (plants)|g__Roseburia.s__Roseburia_faecis	0.5872051701
PWY-6936: seleno-amino acid biosynthesis (plants)|g__Blautia.s__Ruminococcus_torques	0.0000152004
PWY-6936: seleno-amino acid biosynthesis (plants)|g__Ruminococcus.s__Ruminococcus_callidus	0.1220340973
PWY-6936: seleno-amino acid biosynthesis (plants)|g__Fusicatenibacter.s__Fusicatenibacter_saccharivorans	0.1302721674
UDPNAGSYN-PWY: UDP-N-acetyl-D-glucosamine biosynthesis I	0.0000311492
UDPNAGSYN-PWY: UDP-N-acetyl-D-glucosamine biosynthesis I|g__Bifidobacterium.s__Bifidobacterium_adolescentis	0.2810394730
UDPNAGSYN-PWY: UDP-N-acetyl-D-glucosamine biosynthesis I|g__Bifidobacterium.s__Bifidobacterium_longum	0.6226854989
UDPNAGSYN-PWY: UDP-N-acetyl-D-glucosamine biosynthesis I|unclassified	0.0000000000
UDPNAGSYN-PWY: UDP-N-acetyl-D-glucosamine biosynthesis I|g__Clostridium.s__Clostridium_sp_CAG_217	0.3173817549
UDPNAGSYN-PWY: UDP-N-acetyl-D-glucosamine biosynthesis I|g__Eubacterium.s__Eubacterium_sp_CAG_180	0.5849044720
UDPNAGSYN-PWY: UDP-N-acetyl-D-glucosamine biosynthesis I|g__Ruminococcus.s__Ruminococcus_sp_CAG_177	0.7961470256
UDPNAGSYN-PWY: UDP-N-acetyl-D-glucosamine biosynthesis I|g__Dialister.s__Dialister_succinatiphilus	0.2086843262
UDPNAGSYN-PWY: UDP-N-acetyl-D-glucosamine biosynthesis I|g__Ruminococcus.s__Ruminococcus_callidus	0.3375638034
UDPNAGSYN-PWY: UDP-N-acetyl-D-glucosamine biosynthesis I|g__Firmicutes_unclassified.s__Firmicutes_bacterium_CAG_124	0.2720929024
UDPNAGSYN-PWY: UDP-N-acetyl-D-glucosamine biosynthesis I|g__Ruminococcus.s__Ruminococcus_bicirculans	0.5318076325
UDPNAGSYN-PWY: UDP-N-acetyl-D-glucosamine biosynthesis I|g__Sutterella.s__Sutterella_sp_CAG_397	0.6220085669
UDPNAGSYN-PWY: UDP-N-acetyl-D-glucosamine biosynthesis I|g__Firmicutes_unclassified.s__Firmicutes_bacterium_CAG_129	0.3708481082
UDPNAGSYN-PWY: UDP-N-acetyl-D-glucosamine biosynthesis I|g__Acidaminococcus.s__Acidaminococcus_fermentans	0.4458245767
UDPNAGSYN-PWY: UDP-N-acetyl-D-glucosamine biosynthesis I|g__Sutterella.s__Sutterella_wadsworthensis	0.7857791075
UDPNAGSYN-PWY: UDP-N-acetyl-D-glucosamine biosynthesis I|g__Firmicutes_unclassified.s__Firmicutes_bacterium_CAG_41	0.4698148142
PWY-7228: superpathway of guanosine nucleotides de novo biosynthesis I	0.0000036112
PWY-7228: superpathway of guanosine nucleotides de novo biosynthesis I|g__Prevotella.s__Prevotella_sp_CAG_520	0.6615944055
PWY-7228: superpathway of guanosine nucleotides de novo biosynthesis I|unclassified	0.0000000000
PWY-7228: superpathway of guanosine nucleotides de novo biosynthesis I|g__Dialister.s__Dialister_succinatiphilus	0.6354655934
PWY-7228: superpathway of guanosine nucleotides de novo biosynthesis I|g__Sutterella.s__Sutterella_sp_CAG_397	0.6089958258
PWY-6897: thiamine diphosphate salvage II	0.8728722025
PWY-6897: thiamine diphosphate salvage II|g__Faecalibacterium.s__Faecalibacterium_prausnitzii	0.0000001882
PWY-6897: thiamine diphosphate salvage II|unclassified	0.0000000000
PWY-6897: thiamine diphosphate salvage II|g__Bifidobacterium.s__Bifidobacterium_adolescentis	0.0000126731
PWY-6897: thiamine diphosphate salvage II|g__Lachnospiraceae_unclassified.s__Eubacterium_rectale	0.8456087370
PWY-6897: thiamine diphosphate salvage II|g__Blautia.s__Ruminococcus_torques	0.0000008101
SER-GLYSYN-PWY: superpathway of L-serine and glycine biosynthesis I	0.0750114507
SER-GLYSYN-PWY: superpathway of L-serine and glycine biosynthesis I|g__Bifidobacterium.s__Bifidobacterium_adolescentis	0.7024461310
SER-GLYSYN-PWY: superpathway of L-serine and glycine biosynthesis I|unclassified	0.0000000000
SER-GLYSYN-PWY: superpathway of L-serine and glycine biosynthesis I|g__Blautia.s__Ruminococcus_torques	0.3756124571
SER-GLYSYN-PWY: superpathway of L-serine and glycine biosynthesis I|g__Bifidobacterium.s__Bifidobacterium_longum	0.7627174991
SER-GLYSYN-PWY: superpathway of L-serine and glycine biosynthesis I|g__Roseburia.s__Roseburia_faecis	0.3384657787
SER-GLYSYN-PWY: superpathway of L-serine and glycine biosynthesis I|g__Dialister.s__Dialister_succinatiphilus	0.1668608554
SER-GLYSYN-PWY: superpathway of L-serine and glycine biosynthesis I|g__Blautia.s__Blautia_obeum	0.0000282310
SER-GLYSYN-PWY: superpathway of L-serine and glycine biosynthesis I|g__Dorea.s__Dorea_longicatena	0.0972821038
SER-GLYSYN-PWY: superpathway of L-serine and glycine biosynthesis I|g__Blautia.s__Blautia_wexlerae	0.3289946871
SER-GLYSYN-PWY: superpathway of L-serine and glycine biosynthesis I|g__Coprococcus.s__Coprococcus_comes	0.5937042040
SER-GLYSYN-PWY: superpathway of L-serine and glycine biosynthesis I|g__Acidaminococcus.s__Acidaminococcus_fermentans	0.3267020311
SER-GLYSYN-PWY: superpathway of L-serine and glycine biosynthesis I|g__Bacteroides.s__Bacteroides_dorei	0.3051794913
SER-GLYSYN-PWY: superpathway of L-serine and glycine biosynthesis I|g__Anaerostipes.s__Anaerostipes_hadrus	0.7607262952
SER-GLYSYN-PWY: superpathway of L-serine and glycine biosynthesis I|g__Roseburia.s__Roseburia_inulinivorans	0.0493450243
SER-GLYSYN-PWY: superpathway of L-serine and glycine biosynthesis I|g__Coprococcus.s__Coprococcus_catus	0.2669508055
SER-GLYSYN-PWY: superpathway of L-serine and glycine biosynthesis I|g__Bacteroides.s__Bacteroides_uniformis	0.3409423430
SER-GLYSYN-PWY: superpathway of L-serine and glycine biosynthesis I|g__Bacteroides.s__Bacteroides_vulgatus	0.4003183222
SER-GLYSYN-PWY: superpathway of L-serine and glycine biosynthesis I|g__Adlercreutzia.s__Adlercreutzia_equolifaciens	0.3753377146
SER-GLYSYN-PWY: superpathway of L-serine and glycine biosynthesis I|g__Asaccharobacter.s__Asaccharobacter_celatus	0.0879145386
PYRIDNUCSYN-PWY: NAD de novo biosynthesis I (from aspartate)	0.0037720683
PYRIDNUCSYN-PWY: NAD de novo biosynthesis I (from aspartate)|unclassified	0.0000000000
PYRIDNUCSYN-PWY: NAD de novo biosynthesis I (from aspartate)|g__Bifidobacterium.s__Bifidobacterium_longum	0.1391731885
PYRIDNUCSYN-PWY: NAD de novo biosynthesis I (from aspartate)|g__Blautia.s__Blautia_obeum	0.0000012043
PYRIDNUCSYN-PWY: NAD de novo biosynthesis I (from aspartate)|g__Bacteroides.s__Bacteroides_dorei	0.3266747213
PYRIDNUCSYN-PWY: NAD de novo biosynthesis I (from aspartate)|g__Ruminococcus.s__Ruminococcus_bicirculans	0.2598116908
PYRIDNUCSYN-PWY: NAD de novo biosynthesis I (from aspartate)|g__Acidaminococcus.s__Acidaminococcus_fermentans	0.3801662687
PYRIDNUCSYN-PWY: NAD de novo biosynthesis I (from aspartate)|g__Bacteroides.s__Bacteroides_vulgatus	0.2174520345
RIBOSYN2-PWY: flavin biosynthesis I (bacteria and plants)	0.0000000000
RIBOSYN2-PWY: flavin biosynthesis I (bacteria and plants)|unclassified	0.0000000000
RIBOSYN2-PWY: flavin biosynthesis I (bacteria and plants)|g__Faecalibacterium.s__Faecalibacterium_prausnitzii	0.0000000672
RIBOSYN2-PWY: flavin biosynthesis I (bacteria and plants)|g__Blautia.s__Blautia_obeum	0.0001773303
RIBOSYN2-PWY: flavin biosynthesis I (bacteria and plants)|g__Blautia.s__Ruminococcus_torques	0.0000000000
RIBOSYN2-PWY: flavin biosynthesis I (bacteria and plants)|g__Acidaminococcus.s__Acidaminococcus_fermentans	0.5346429727
RIBOSYN2-PWY: flavin biosynthesis I (bacteria and plants)|g__Bacteroides.s__Bacteroides_dorei	0.3831350653
RIBOSYN2-PWY: flavin biosynthesis I (bacteria and plants)|g__Lachnospiraceae_unclassified.s__Eubacterium_rectale	0.0000000527
RIBOSYN2-PWY: flavin biosynthesis I (bacteria and plants)|g__Coprococcus.s__Coprococcus_comes	0.1059315788
RIBOSYN2-PWY: flavin biosynthesis I (bacteria and plants)|g__Blautia.s__Blautia_wexlerae	0.0001472639
RIBOSYN2-PWY: flavin biosynthesis I (bacteria and plants)|g__Bacteroides.s__Bacteroides_vulgatus	0.5086245832
P41-PWY: pyruvate fermentation to acetate and (S)-lactate I	0.0132159888
P41-PWY: pyruvate fermentation to acetate and (S)-lactate I|unclassified	0.0000000020
P41-PWY: pyruvate fermentation to acetate and (S)-lactate I|g__Bifidobacterium.s__Bifidobacterium_adolescentis	0.0151839817
P41-PWY: pyruvate fermentation to acetate and (S)-lactate I|g__Bifidobacterium.s__Bifidobacterium_longum	0.6516754191
P41-PWY: pyruvate fermentation to acetate and (S)-lactate I|g__Blautia.s__Ruminococcus_torques	0.0094693888
P41-PWY: pyruvate fermentation to acetate and (S)-lactate I|g__Roseburia.s__Roseburia_faecis	0.2479483554
P41-PWY: pyruvate fermentation to acetate and (S)-lactate I|g__Blautia.s__Blautia_obeum	0.0033927724
P41-PWY: pyruvate fermentation to acetate and (S)-lactate I|g__Fusicatenibacter.s__Fusicatenibacter_saccharivorans	0.2490109488
P41-PWY: pyruvate fermentation to acetate and (S)-lactate I|g__Lachnospiraceae_unclassified.s__Eubacterium_rectale	0.0000780617
P41-PWY: pyruvate fermentation to acetate and (S)-lactate I|g__Coprococcus.s__Coprococcus_comes	0.4399836123
P41-PWY: pyruvate fermentation to acetate and (S)-lactate I|g__Roseburia.s__Roseburia_inulinivorans	0.0598424499
P41-PWY: pyruvate fermentation to acetate and (S)-lactate I|g__Coprococcus.s__Coprococcus_catus	0.5301997740
P41-PWY: pyruvate fermentation to acetate and (S)-lactate I|g__Blautia.s__Blautia_wexlerae	0.0000000345
PWY-5100: pyruvate fermentation to acetate and lactate II	0.0132159888
PWY-5100: pyruvate fermentation to acetate and lactate II|unclassified	0.0000000020
PWY-5100: pyruvate fermentation to acetate and lactate II|g__Bifidobacterium.s__Bifidobacterium_adolescentis	0.0151839817
PWY-5100: pyruvate fermentation to acetate and lactate II|g__Bifidobacterium.s__Bifidobacterium_longum	0.6516754191
PWY-5100: pyruvate fermentation to acetate and lactate II|g__Blautia.s__Ruminococcus_torques	0.0094693888
PWY-5100: pyruvate fermentation to acetate and lactate II|g__Roseburia.s__Roseburia_faecis	0.2479483554
PWY-5100: pyruvate fermentation to acetate and lactate II|g__Blautia.s__Blautia_obeum	0.0033927724
PWY-5100: pyruvate fermentation to acetate and lactate II|g__Fusicatenibacter.s__Fusicatenibacter_saccharivorans	0.2490109488
PWY-5100: pyruvate fermentation to acetate and lactate II|g__Lachnospiraceae_unclassified.s__Eubacterium_rectale	0.0000780617
PWY-5100: pyruvate fermentation to acetate and lactate II|g__Coprococcus.s__Coprococcus_comes	0.4399836123
PWY-5100: pyruvate fermentation to acetate and lactate II|g__Roseburia.s__Roseburia_inulinivorans	0.0598424499
PWY-5100: pyruvate fermentation to acetate and lactate II|g__Coprococcus.s__Coprococcus_catus	0.5868267236
PWY-5100: pyruvate fermentation to acetate and lactate II|g__Roseburia.s__Roseburia_intestinalis	0.5098232480
PWY-5100: pyruvate fermentation to acetate and lactate II|g__Blautia.s__Blautia_wexlerae	0.0000000345
PWY-7663: gondoate biosynthesis (anaerobic)	0.3018693601
PWY-7663: gondoate biosynthesis (anaerobic)|unclassified	0.0000302048
PWY-7663: gondoate biosynthesis (anaerobic)|g__Bifidobacterium.s__Bifidobacterium_longum	0.1668557762
GLUCONEO-PWY: gluconeogenesis I	0.0000000000
GLUCONEO-PWY: gluconeogenesis I|unclassified	0.0000000000
PWY-6125: superpathway of guanosine nucleotides de novo biosynthesis II	0.0000028087
PWY-6125: superpathway of guanosine nucleotides de novo biosynthesis II|g__Prevotella.s__Prevotella_sp_CAG_520	0.1805802669
PWY-6125: superpathway of guanosine nucleotides de novo biosynthesis II|g__Dialister.s__Dialister_succinatiphilus	0.4229929468
PWY-6125: superpathway of guanosine nucleotides de novo biosynthesis II|unclassified	0.0000000000
PWY-6125: superpathway of guanosine nucleotides de novo biosynthesis II|g__Sutterella.s__Sutterella_sp_CAG_397	0.5649695631
GLYCOLYSIS: glycolysis I (from glucose 6-phosphate)	0.0000000000
GLYCOLYSIS: glycolysis I (from glucose 6-phosphate)|unclassified	0.0000000000
PWY-6823: molybdopterin biosynthesis	0.9974522622
PWY-6823: molybdopterin biosynthesis|unclassified	0.0131638046
PWY-6823: molybdopterin biosynthesis|g__Faecalibacterium.s__Faecalibacterium_prausnitzii	0.0016336125
PWY-6823: molybdopterin biosynthesis|g__Blautia.s__Ruminococcus_torques	0.7847786010
PWY-6823: molybdopterin biosynthesis|g__Blautia.s__Blautia_obeum	0.9027495043
PWY-6823: molybdopterin biosynthesis|g__Firmicutes_unclassified.s__Firmicutes_bacterium_CAG_65_45_313	0.2904543572
PWY-6823: molybdopterin biosynthesis|g__Roseburia.s__Roseburia_faecis	0.4699555970
PWY-6823: molybdopterin biosynthesis|g__Fusicatenibacter.s__Fusicatenibacter_saccharivorans	0.2281330085
PWY-6823: molybdopterin biosynthesis|g__Clostridiales_unclassified.s__Clostridiales_bacterium_KLE1615	0.8722358518
PWY-6823: molybdopterin biosynthesis|g__Lachnospiraceae_unclassified.s__Eubacterium_rectale	0.0002006300
PWY-6823: molybdopterin biosynthesis|g__Sutterella.s__Sutterella_sp_CAG_397	0.2348596442
PWY-6823: molybdopterin biosynthesis|g__Dorea.s__Dorea_formicigenerans	0.6010851029
PWY-6823: molybdopterin biosynthesis|g__Oscillibacter.s__Oscillibacter_sp_57_20	0.2281209200
PWY-6823: molybdopterin biosynthesis|g__Blautia.s__Blautia_wexlerae	0.0000534344
PWY-7208: superpathway of pyrimidine nucleobases salvage	0.0000024075
PWY-7208: superpathway of pyrimidine nucleobases salvage|g__Dialister.s__Dialister_succinatiphilus	0.5030894150
PWY-7208: superpathway of pyrimidine nucleobases salvage|unclassified	0.0000000000
PWY-7208: superpathway of pyrimidine nucleobases salvage|g__Blautia.s__Blautia_obeum	0.0028643649
PWY-7208: superpathway of pyrimidine nucleobases salvage|g__Roseburia.s__Roseburia_intestinalis	0.4530061936
PWY-5154: L-arginine biosynthesis III (via N-acetyl-L-citrulline)	0.0000000000
PWY-5154: L-arginine biosynthesis III (via N-acetyl-L-citrulline)|g__Blautia.s__Ruminococcus_torques	0.0000025477
PWY-6527: stachyose degradation	0.0000000000
PWY-6527: stachyose degradation|g__Blautia.s__Ruminococcus_torques	0.2396925145
PWY-6527: stachyose degradation|unclassified	0.0000000000
PWY-6527: stachyose degradation|g__Firmicutes_unclassified.s__Firmicutes_bacterium_CAG_65_45_313	0.4739968230
PWY-6527: stachyose degradation|g__Roseburia.s__Roseburia_faecis	0.2108225162
PWY-6527: stachyose degradation|g__Blautia.s__Blautia_obeum	0.0008772738
PWY-6527: stachyose degradation|g__Lachnospiraceae_unclassified.s__Eubacterium_rectale	0.0212936824
PWY-6527: stachyose degradation|g__Blautia.s__Blautia_wexlerae	0.7978277213
PWY-6527: stachyose degradation|g__Dorea.s__Dorea_longicatena	0.0709369138
PWY-6527: stachyose degradation|g__Roseburia.s__Roseburia_inulinivorans	0.6970423455
PWY-6527: stachyose degradation|g__Fusicatenibacter.s__Fusicatenibacter_saccharivorans	0.3560047116
PWY-6527: stachyose degradation|g__Ruminococcus.s__Ruminococcus_bicirculans	0.0986266005
PWY-6527: stachyose degradation|g__Clostridiales_unclassified.s__Clostridiales_bacterium_KLE1615	0.5541882879
PWY-8178: pentose phosphate pathway (non-oxidative branch) II	0.0000000000
PWY-8178: pentose phosphate pathway (non-oxidative branch) II|g__Blautia.s__Ruminococcus_torques	0.9012001150
PWY-8178: pentose phosphate pathway (non-oxidative branch) II|unclassified	0.0000000000
PWY-8178: pentose phosphate pathway (non-oxidative branch) II|g__Roseburia.s__Roseburia_faecis	0.7769875455
PWY-8178: pentose phosphate pathway (non-oxidative branch) II|g__Lachnospiraceae_unclassified.s__Eubacterium_rectale	0.5482366311
PWY-8178: pentose phosphate pathway (non-oxidative branch) II|g__Blautia.s__Blautia_obeum	0.0000003863
PWY-8178: pentose phosphate pathway (non-oxidative branch) II|g__Blautia.s__Blautia_wexlerae	0.5379298287
PWY-8178: pentose phosphate pathway (non-oxidative branch) II|g__Roseburia.s__Roseburia_inulinivorans	0.5987552762
PWY-8178: pentose phosphate pathway (non-oxidative branch) II|g__Fusicatenibacter.s__Fusicatenibacter_saccharivorans	0.1333428700
PWY-8178: pentose phosphate pathway (non-oxidative branch) II|g__Anaerostipes.s__Anaerostipes_hadrus	0.5433845914
PWY-8178: pentose phosphate pathway (non-oxidative branch) II|g__Coprococcus.s__Coprococcus_catus	0.3224775112
PWY-6270: isoprene biosynthesis I	0.0000000000
PWY-6270: isoprene biosynthesis I|g__Blautia.s__Ruminococcus_torques	0.0000052106
PWY-6270: isoprene biosynthesis I|unclassified	0.0000000000
PWY-6270: isoprene biosynthesis I|g__Fusicatenibacter.s__Fusicatenibacter_saccharivorans	0.3334555858
PWY-6270: isoprene biosynthesis I|g__Blautia.s__Blautia_obeum	0.0000000000
PWY-6270: isoprene biosynthesis I|g__Acidaminococcus.s__Acidaminococcus_fermentans	0.4525196329
PWY-6270: isoprene biosynthesis I|g__Blautia.s__Blautia_wexlerae	0.0000924359
ASPASN-PWY: superpathway of L-aspartate and L-asparagine biosynthesis	0.4923137695
ASPASN-PWY: superpathway of L-aspartate and L-asparagine biosynthesis|unclassified	0.0000000001
ASPASN-PWY: superpathway of L-aspartate and L-asparagine biosynthesis|g__Prevotella.s__Prevotella_copri	0.0000000000
ASPASN-PWY: superpathway of L-aspartate and L-asparagine biosynthesis|g__Blautia.s__Blautia_obeum	0.0002103157
ASPASN-PWY: superpathway of L-aspartate and L-asparagine biosynthesis|g__Coprococcus.s__Coprococcus_comes	0.5240957116
ASPASN-PWY: superpathway of L-aspartate and L-asparagine biosynthesis|g__Blautia.s__Ruminococcus_torques	0.0000000000
ASPASN-PWY: superpathway of L-aspartate and L-asparagine biosynthesis|g__Bacteroides.s__Bacteroides_dorei	0.1130184514
ASPASN-PWY: superpathway of L-aspartate and L-asparagine biosynthesis|g__Bacteroides.s__Bacteroides_vulgatus	0.5106283693
PWY0-162: superpathway of pyrimidine ribonucleotides de novo biosynthesis	0.0000000000
PWY-7560: methylerythritol phosphate pathway II	0.0000000000
PWY-7560: methylerythritol phosphate pathway II|g__Prevotella.s__Prevotella_copri	0.0000000002
PWY-7560: methylerythritol phosphate pathway II|g__Blautia.s__Ruminococcus_torques	0.0434708656
PWY-7560: methylerythritol phosphate pathway II|unclassified	0.0000000000
PWY-7560: methylerythritol phosphate pathway II|g__Fusicatenibacter.s__Fusicatenibacter_saccharivorans	0.3087232737
PWY-7560: methylerythritol phosphate pathway II|g__Blautia.s__Blautia_obeum	0.0000000000
PWY-7560: methylerythritol phosphate pathway II|g__Acidaminococcus.s__Acidaminococcus_fermentans	0.4758919412
PWY-7560: methylerythritol phosphate pathway II|g__Blautia.s__Blautia_wexlerae	0.0000808825
THISYN-PWY: superpathway of thiamine diphosphate biosynthesis I	0.0000000000
THISYN-PWY: superpathway of thiamine diphosphate biosynthesis I|unclassified	0.0000000000
ANAEROFRUCAT-PWY: homolactic fermentation	0.0000000000
ANAEROFRUCAT-PWY: homolactic fermentation|unclassified	0.0000000000
PWY-5484: glycolysis II (from fructose 6-phosphate)	0.0000000000
PWY-5484: glycolysis II (from fructose 6-phosphate)|unclassified	0.0000000000
PHOSLIPSYN-PWY: superpathway of phospholipid biosynthesis I (bacteria)	0.0000000000
PHOSLIPSYN-PWY: superpathway of phospholipid biosynthesis I (bacteria)|g__Fusicatenibacter.s__Fusicatenibacter_saccharivorans	0.3101578755
PHOSLIPSYN-PWY: superpathway of phospholipid biosynthesis I (bacteria)|unclassified	0.0000000000
THISYNARA-PWY: superpathway of thiamine diphosphate biosynthesis III (eukaryotes)	0.0000000000
THISYNARA-PWY: superpathway of thiamine diphosphate biosynthesis III (eukaryotes)|g__Faecalibacterium.s__Faecalibacterium_prausnitzii	0.0000002527
THISYNARA-PWY: superpathway of thiamine diphosphate biosynthesis III (eukaryotes)|unclassified	0.0000000000
THISYNARA-PWY: superpathway of thiamine diphosphate biosynthesis III (eukaryotes)|g__Blautia.s__Ruminococcus_torques	0.0000009601
THISYNARA-PWY: superpathway of thiamine diphosphate biosynthesis III (eukaryotes)|g__Roseburia.s__Roseburia_faecis	0.2545555233
THISYNARA-PWY: superpathway of thiamine diphosphate biosynthesis III (eukaryotes)|g__Lachnospiraceae_unclassified.s__Eubacterium_rectale	0.5043035262
NONOXIPENT-PWY: pentose phosphate pathway (non-oxidative branch) I	0.0000000000
NONOXIPENT-PWY: pentose phosphate pathway (non-oxidative branch) I|g__Blautia.s__Ruminococcus_torques	0.9320602138
NONOXIPENT-PWY: pentose phosphate pathway (non-oxidative branch) I|unclassified	0.0000000000
NONOXIPENT-PWY: pentose phosphate pathway (non-oxidative branch) I|g__Roseburia.s__Roseburia_faecis	0.8664803677
NONOXIPENT-PWY: pentose phosphate pathway (non-oxidative branch) I|g__Blautia.s__Blautia_obeum	0.0563479232
NONOXIPENT-PWY: pentose phosphate pathway (non-oxidative branch) I|g__Lachnospiraceae_unclassified.s__Eubacterium_rectale	0.5226721669
NONOXIPENT-PWY: pentose phosphate pathway (non-oxidative branch) I|g__Blautia.s__Blautia_wexlerae	0.2598311896
NONOXIPENT-PWY: pentose phosphate pathway (non-oxidative branch) I|g__Fusicatenibacter.s__Fusicatenibacter_saccharivorans	0.2163340022
NONOXIPENT-PWY: pentose phosphate pathway (non-oxidative branch) I|g__Roseburia.s__Roseburia_inulinivorans	0.4351268361
NONOXIPENT-PWY: pentose phosphate pathway (non-oxidative branch) I|g__Intestinibacter.s__Intestinibacter_bartlettii	0.3646071432
NONOXIPENT-PWY: pentose phosphate pathway (non-oxidative branch) I|g__Clostridiales_unclassified.s__Clostridiales_bacterium_KLE1615	0.4249118230
NONOXIPENT-PWY: pentose phosphate pathway (non-oxidative branch) I|g__Eubacterium.s__Eubacterium_hallii	0.4352579467
NONOXIPENT-PWY: pentose phosphate pathway (non-oxidative branch) I|g__Anaerostipes.s__Anaerostipes_hadrus	0.4521122827
PWY-5659: GDP-mannose biosynthesis	0.0000000000
PWY-5659: GDP-mannose biosynthesis|unclassified	0.0000000000
PWY-5659: GDP-mannose biosynthesis|g__Faecalibacterium.s__Faecalibacterium_prausnitzii	0.0000635564
PWY-5659: GDP-mannose biosynthesis|g__Roseburia.s__Roseburia_faecis	0.0599423607
PWY-5659: GDP-mannose biosynthesis|g__Lachnospiraceae_unclassified.s__Eubacterium_rectale	0.0048375066
PWY-5659: GDP-mannose biosynthesis|g__Roseburia.s__Roseburia_intestinalis	0.6481245773
PWY-7400: L-arginine biosynthesis IV (archaebacteria)	0.0000000000
PWY-7400: L-arginine biosynthesis IV (archaebacteria)|g__Blautia.s__Ruminococcus_torques	0.0000228259
PWY-7220: adenosine deoxyribonucleotides de novo biosynthesis II	0.0000018056
PWY-7220: adenosine deoxyribonucleotides de novo biosynthesis II|g__Prevotella.s__Prevotella_sp_CAG_520	0.0910406046
PWY-7220: adenosine deoxyribonucleotides de novo biosynthesis II|g__Dialister.s__Dialister_succinatiphilus	0.5781571769
PWY-7220: adenosine deoxyribonucleotides de novo biosynthesis II|unclassified	0.0000000000
PWY-7220: adenosine deoxyribonucleotides de novo biosynthesis II|g__Sutterella.s__Sutterella_sp_CAG_397	0.5710653978
PWY-7222: guanosine deoxyribonucleotides de novo biosynthesis II	0.0000018056
PWY-7222: guanosine deoxyribonucleotides de novo biosynthesis II|g__Prevotella.s__Prevotella_sp_CAG_520	0.0910406046
PWY-7222: guanosine deoxyribonucleotides de novo biosynthesis II|g__Dialister.s__Dialister_succinatiphilus	0.5781571769
PWY-7222: guanosine deoxyribonucleotides de novo biosynthesis II|unclassified	0.0000000000
PWY-7222: guanosine deoxyribonucleotides de novo biosynthesis II|g__Sutterella.s__Sutterella_sp_CAG_397	0.5710653978
PWY-7197: pyrimidine deoxyribonucleotide phosphorylation	0.0000016050
PWY-7197: pyrimidine deoxyribonucleotide phosphorylation|g__Dialister.s__Dialister_succinatiphilus	0.5657878872
PWY-7197: pyrimidine deoxyribonucleotide phosphorylation|unclassified	0.0000000000
FERMENTATION-PWY: mixed acid fermentation	0.0000000000
FERMENTATION-PWY: mixed acid fermentation|unclassified	0.0000000000
DAPLYSINESYN-PWY: L-lysine biosynthesis I	0.0000000000
DAPLYSINESYN-PWY: L-lysine biosynthesis I|g__Bifidobacterium.s__Bifidobacterium_adolescentis	0.4917362892
DAPLYSINESYN-PWY: L-lysine biosynthesis I|g__Bifidobacterium.s__Bifidobacterium_longum	0.6228062971
PWY-6901: superpathway of glucose and xylose degradation	0.0000000000
PWY-6901: superpathway of glucose and xylose degradation|unclassified	0.0000000000
PWY-6703: preQ0 biosynthesis	0.0000000000
PWY-6703: preQ0 biosynthesis|unclassified	0.0000000000
PWY-6703: preQ0 biosynthesis|g__Blautia.s__Blautia_obeum	0.9287624284
PWY-6703: preQ0 biosynthesis|g__Ruminococcus.s__Ruminococcus_callidus	0.6665932668
PWY-6703: preQ0 biosynthesis|g__Dialister.s__Dialister_succinatiphilus	0.2153672076
PWY-6703: preQ0 biosynthesis|g__Blautia.s__Ruminococcus_torques	0.0000040548
PWY-6703: preQ0 biosynthesis|g__Firmicutes_unclassified.s__Firmicutes_bacterium_CAG_41	0.9279249927
PWY-6703: preQ0 biosynthesis|g__Bacteroides.s__Bacteroides_sp_CAG_530	0.7775803448
PWY-6703: preQ0 biosynthesis|g__Bacteroides.s__Bacteroides_dorei	0.2797410972
PWY-6703: preQ0 biosynthesis|g__Intestinibacter.s__Intestinibacter_bartlettii	0.7777709001
PWY-6703: preQ0 biosynthesis|g__Blautia.s__Blautia_sp_CAG_52	0.7052099646
PWY-6703: preQ0 biosynthesis|g__Acidaminococcus.s__Acidaminococcus_fermentans	0.1808952891
PWY-6703: preQ0 biosynthesis|g__Coprococcus.s__Coprococcus_catus	0.5374949647
PWY-6703: preQ0 biosynthesis|g__Bacteroides.s__Bacteroides_vulgatus	0.6676690646
PWY-6703: preQ0 biosynthesis|g__Eubacterium.s__Eubacterium_eligens	0.0858456325
PWY-7198: pyrimidine deoxyribonucleotides de novo biosynthesis IV	0.0000000000
PWY-7198: pyrimidine deoxyribonucleotides de novo biosynthesis IV|g__Dialister.s__Dialister_succinatiphilus	0.3289573600
PWY-7198: pyrimidine deoxyribonucleotides de novo biosynthesis IV|unclassified	0.0000000000
PWY-7234: inosine-5'-phosphate biosynthesis III	0.0000000000
PWY-7234: inosine-5'-phosphate biosynthesis III|g__Bifidobacterium.s__Bifidobacterium_adolescentis	0.0008279397
PWY-7234: inosine-5'-phosphate biosynthesis III|unclassified	0.0000000000
PWY-7234: inosine-5'-phosphate biosynthesis III|g__Sutterella.s__Sutterella_wadsworthensis	0.3916248890
HISDEG-PWY: L-histidine degradation I	0.0000000024
HISDEG-PWY: L-histidine degradation I|g__Prevotella.s__Prevotella_sp_CAG_520	0.3213348994
HISDEG-PWY: L-histidine degradation I|unclassified	0.0000000000
HISDEG-PWY: L-histidine degradation I|g__Alistipes.s__Alistipes_sp_CAG_435	0.3042246176
HISDEG-PWY: L-histidine degradation I|g__Firmicutes_unclassified.s__Firmicutes_bacterium_CAG_129	0.9891800990
HISDEG-PWY: L-histidine degradation I|g__Acidaminococcus.s__Acidaminococcus_fermentans	0.8723448036
HISDEG-PWY: L-histidine degradation I|g__Firmicutes_unclassified.s__Firmicutes_bacterium_CAG_124	0.0924019770
HISDEG-PWY: L-histidine degradation I|g__Bacteroides.s__Bacteroides_dorei	0.2406734630
HISDEG-PWY: L-histidine degradation I|g__Bacteroides.s__Bacteroides_uniformis	0.5296985602
HISDEG-PWY: L-histidine degradation I|g__Bacteroides.s__Bacteroides_vulgatus	0.3778338935
HISDEG-PWY: L-histidine degradation I|g__Prevotella.s__Prevotella_stercorea	0.0000010835
PWY-7328: superpathway of UDP-glucose-derived O-antigen building blocks biosynthesis	0.0000000000
PWY-7328: superpathway of UDP-glucose-derived O-antigen building blocks biosynthesis|unclassified	0.0000000000
PWY0-1061: superpathway of L-alanine biosynthesis	0.0000000000
PWY0-1061: superpathway of L-alanine biosynthesis|g__Bifidobacterium.s__Bifidobacterium_adolescentis	0.1014702923
PWY0-1061: superpathway of L-alanine biosynthesis|unclassified	0.0000000000
PWY0-1061: superpathway of L-alanine biosynthesis|g__Bifidobacterium.s__Bifidobacterium_longum	0.0161106162
PWY0-1061: superpathway of L-alanine biosynthesis|g__Blautia.s__Ruminococcus_torques	0.0000000000
PWY0-1061: superpathway of L-alanine biosynthesis|g__Lachnospiraceae_unclassified.s__Eubacterium_rectale	0.0000370859
PWY-5188: tetrapyrrole biosynthesis I (from glutamate)	0.0000000000
PWY-5188: tetrapyrrole biosynthesis I (from glutamate)|unclassified	0.0000000000
PWY-5188: tetrapyrrole biosynthesis I (from glutamate)|g__Roseburia.s__Roseburia_faecis	0.4176649609
PWY-5188: tetrapyrrole biosynthesis I (from glutamate)|g__Blautia.s__Blautia_obeum	0.0008934135
PWY-5188: tetrapyrrole biosynthesis I (from glutamate)|g__Dialister.s__Dialister_succinatiphilus	0.2909542441
PWY-5188: tetrapyrrole biosynthesis I (from glutamate)|g__Ruminococcus.s__Ruminococcus_callidus	0.0974904634
PWY-5188: tetrapyrrole biosynthesis I (from glutamate)|g__Ruminococcus.s__Ruminococcus_bromii	0.1978920051
PWY-5188: tetrapyrrole biosynthesis I (from glutamate)|g__Ruminococcus.s__Ruminococcus_bicirculans	0.0687956561
PWY-5188: tetrapyrrole biosynthesis I (from glutamate)|g__Blautia.s__Blautia_wexlerae	0.0177300593
PWY-5188: tetrapyrrole biosynthesis I (from glutamate)|g__Sutterella.s__Sutterella_sp_CAG_397	0.0699443035
PWY-7345: superpathway of anaerobic sucrose degradation	0.0000000000
PWY-7345: superpathway of anaerobic sucrose degradation|unclassified	0.0000000000
PWY4FS-7: phosphatidylglycerol biosynthesis I (plastidic)	0.0000000000
PWY4FS-7: phosphatidylglycerol biosynthesis I (plastidic)|g__Fusicatenibacter.s__Fusicatenibacter_saccharivorans	0.2547863794
PWY4FS-7: phosphatidylglycerol biosynthesis I (plastidic)|unclassified	0.0000000000
PWY4FS-8: phosphatidylglycerol biosynthesis II (non-plastidic)	0.0000000000
PWY4FS-8: phosphatidylglycerol biosynthesis II (non-plastidic)|g__Fusicatenibacter.s__Fusicatenibacter_saccharivorans	0.2547863794
PWY4FS-8: phosphatidylglycerol biosynthesis II (non-plastidic)|unclassified	0.0000000000
PWY-7761: NAD salvage pathway II (PNC IV cycle)	0.0000000000
PWY-7761: NAD salvage pathway II (PNC IV cycle)|unclassified	0.0000000000
PWY-5384: sucrose degradation IV (sucrose phosphorylase)	0.0000000000
PWY-5384: sucrose degradation IV (sucrose phosphorylase)|g__Bifidobacterium.s__Bifidobacterium_adolescentis	0.0196609381
PWY-5384: sucrose degradation IV (sucrose phosphorylase)|g__Faecalibacterium.s__Faecalibacterium_prausnitzii	0.0000000000
PWY-5384: sucrose degradation IV (sucrose phosphorylase)|g__Bifidobacterium.s__Bifidobacterium_longum	0.8965225744
PWY-5384: sucrose degradation IV (sucrose phosphorylase)|unclassified	0.0000000000
PWY-5384: sucrose degradation IV (sucrose phosphorylase)|g__Roseburia.s__Roseburia_faecis	0.0452077828
RHAMCAT-PWY: L-rhamnose degradation I	0.0000000000
RHAMCAT-PWY: L-rhamnose degradation I|g__Roseburia.s__Roseburia_faecis	0.4235615878
RHAMCAT-PWY: L-rhamnose degradation I|g__Bacteroides.s__Bacteroides_dorei	0.3024259426
RHAMCAT-PWY: L-rhamnose degradation I|g__Blautia.s__Ruminococcus_torques	0.0000000000
COLANSYN-PWY: colanic acid building blocks biosynthesis	0.0000000000
COLANSYN-PWY: colanic acid building blocks biosynthesis|unclassified	0.0000000000
PWY-6549: L-glutamine biosynthesis III	0.0000000000
PWY-6549: L-glutamine biosynthesis III|unclassified	0.0000000000
PWY-6892: thiazole component of thiamine diphosphate biosynthesis I	0.0000000000
PWY-6892: thiazole component of thiamine diphosphate biosynthesis I|g__Blautia.s__Blautia_obeum	0.9734423081
PWY-6892: thiazole component of thiamine diphosphate biosynthesis I|unclassified	0.0000000000
PWY-6892: thiazole component of thiamine diphosphate biosynthesis I|g__Blautia.s__Blautia_wexlerae	0.2514217926
PWY-6892: thiazole component of thiamine diphosphate biosynthesis I|g__Coprococcus.s__Coprococcus_comes	0.6002782116
PWY-6892: thiazole component of thiamine diphosphate biosynthesis I|g__Blautia.s__Blautia_sp_CAG_52	0.3246259501
PWY-6892: thiazole component of thiamine diphosphate biosynthesis I|g__Anaerostipes.s__Anaerostipes_hadrus	0.4637224768
PWY-6892: thiazole component of thiamine diphosphate biosynthesis I|g__Dorea.s__Dorea_formicigenerans	0.0280200690
PWY-5971: palmitate biosynthesis (type II fatty acid synthase)	0.0000000000
PENTOSE-P-PWY: pentose phosphate pathway	0.0000000000
PENTOSE-P-PWY: pentose phosphate pathway|unclassified	0.0000000000
PWY-6147: 6-hydroxymethyl-dihydropterin diphosphate biosynthesis I	0.0000000000
PWY-6147: 6-hydroxymethyl-dihydropterin diphosphate biosynthesis I|g__Prevotella.s__Prevotella_copri	0.7911014788
PWY-6147: 6-hydroxymethyl-dihydropterin diphosphate biosynthesis I|g__Bacteroides.s__Bacteroides_dorei	0.2196257568
GLYCOLYSIS-E-D: superpathway of glycolysis and the Entner-Doudoroff pathway	0.0000000000
PWY-241: C4 photosynthetic carbon assimilation cycle, NADP-ME type	0.0000000000
PWY-8004: Entner-Doudoroff pathway I	0.0000000000
FASYN-ELONG-PWY: fatty acid elongation -- saturated	0.0000000000
FASYN-ELONG-PWY: fatty acid elongation -- saturated|g__Bifidobacterium.s__Bifidobacterium_longum	0.1668557762
P124-PWY: Bifidobacterium shunt	0.0000000000
P124-PWY: Bifidobacterium shunt|g__Bifidobacterium.s__Bifidobacterium_longum	0.0000683964
PWY-6630: superpathway of L-tyrosine biosynthesis	0.0000000000
PWY-6630: superpathway of L-tyrosine biosynthesis|unclassified	0.0000000000
PWY-7383: anaerobic energy metabolism (invertebrates, cytosol)	0.0000000000
PWY-7383: anaerobic energy metabolism (invertebrates, cytosol)|unclassified	0.0000000000
PWY-622: starch biosynthesis	0.0000000000
COBALSYN-PWY: superpathway of adenosylcobalamin salvage from cobinamide I	0.0000000000
COBALSYN-PWY: superpathway of adenosylcobalamin salvage from cobinamide I|g__Blautia.s__Blautia_obeum	0.0287911683
COBALSYN-PWY: superpathway of adenosylcobalamin salvage from cobinamide I|g__Blautia.s__Ruminococcus_torques	0.0000012558
COBALSYN-PWY: superpathway of adenosylcobalamin salvage from cobinamide I|unclassified	0.0000000000
COBALSYN-PWY: superpathway of adenosylcobalamin salvage from cobinamide I|g__Faecalibacterium.s__Faecalibacterium_prausnitzii	0.0000000000
COBALSYN-PWY: superpathway of adenosylcobalamin salvage from cobinamide I|g__Dorea.s__Dorea_longicatena	0.0003197767
COBALSYN-PWY: superpathway of adenosylcobalamin salvage from cobinamide I|g__Blautia.s__Blautia_wexlerae	0.0108086781
COBALSYN-PWY: superpathway of adenosylcobalamin salvage from cobinamide I|g__Bacteroides.s__Bacteroides_uniformis	0.5083630229
PWY-7117: C4 photosynthetic carbon assimilation cycle, PEPCK type	0.0000000000
PWY-6969: TCA cycle V (2-oxoglutarate synthase)	0.0000000000
PWY-6969: TCA cycle V (2-oxoglutarate synthase)|unclassified	0.0000000000
PWY-7323: superpathway of GDP-mannose-derived O-antigen building blocks biosynthesis	0.0000000000
PWY-7323: superpathway of GDP-mannose-derived O-antigen building blocks biosynthesis|unclassified	0.0000000000
GLCMANNANAUT-PWY: superpathway of N-acetylglucosamine, N-acetylmannosamine and N-acetylneuraminate degradation	0.0000000000
GLCMANNANAUT-PWY: superpathway of N-acetylglucosamine, N-acetylmannosamine and N-acetylneuraminate degradation|g__Faecalibacterium.s__Faecalibacterium_prausnitzii	0.0000000001
GLCMANNANAUT-PWY: superpathway of N-acetylglucosamine, N-acetylmannosamine and N-acetylneuraminate degradation|unclassified	0.0000000000
GLCMANNANAUT-PWY: superpathway of N-acetylglucosamine, N-acetylmannosamine and N-acetylneuraminate degradation|g__Roseburia.s__Roseburia_inulinivorans	0.2071939193
PWY-7664: oleate biosynthesis IV (anaerobic)	0.0000000000
PWY-7664: oleate biosynthesis IV (anaerobic)|g__Bifidobacterium.s__Bifidobacterium_longum	0.1668557762
PWY-6292: superpathway of L-cysteine biosynthesis (mammalian)	0.0000000000
PWY-6292: superpathway of L-cysteine biosynthesis (mammalian)|unclassified	0.0000000000
PWY66-399: gluconeogenesis III	0.0000000000
PWY66-399: gluconeogenesis III|unclassified	0.0000000000
PWY-7115: C4 photosynthetic carbon assimilation cycle, NAD-ME type	0.0000000000
PWY-I9: L-cysteine biosynthesis VI (from L-methionine)	0.0000000000
PWY-I9: L-cysteine biosynthesis VI (from L-methionine)|g__Bifidobacterium.s__Bifidobacterium_longum	0.7176086855
PWY-I9: L-cysteine biosynthesis VI (from L-methionine)|g__Blautia.s__Ruminococcus_torques	0.0000000013
PWY-I9: L-cysteine biosynthesis VI (from L-methionine)|g__Coprococcus.s__Coprococcus_comes	0.0848665495
PWY-I9: L-cysteine biosynthesis VI (from L-methionine)|g__Coprococcus.s__Coprococcus_catus	0.3809156671
PWY-1861: formaldehyde assimilation II (assimilatory RuMP Cycle)	0.0000000000
PWY-1861: formaldehyde assimilation II (assimilatory RuMP Cycle)|unclassified	0.0000000000
PWY66-409: superpathway of purine nucleotide salvage	0.0000000000
PWY0-862: (5Z)-dodecenoate biosynthesis I	0.0000000000
PWY0-862: (5Z)-dodecenoate biosynthesis I|g__Bifidobacterium.s__Bifidobacterium_longum	0.1668557762
PWY-6282: palmitoleate biosynthesis I (from (5Z)-dodec-5-enoate)	0.0000000000
PWY-6282: palmitoleate biosynthesis I (from (5Z)-dodec-5-enoate)|g__Bifidobacterium.s__Bifidobacterium_longum	0.1668557762
PWY-702: L-methionine biosynthesis II	0.0000000000
PWY-702: L-methionine biosynthesis II|g__Bifidobacterium.s__Bifidobacterium_longum	0.3202793545
PWY-702: L-methionine biosynthesis II|g__Blautia.s__Ruminococcus_torques	0.0000000015
PWY-5989: stearate biosynthesis II (bacteria and plants)	0.0000000000
PWY-5913: partial TCA cycle (obligate autotrophs)	0.0000000000
PWY-5913: partial TCA cycle (obligate autotrophs)|unclassified	0.0000000000
PWY-7356: thiamine diphosphate salvage IV (yeast)	0.0000000000
PWY-7356: thiamine diphosphate salvage IV (yeast)|g__Bifidobacterium.s__Bifidobacterium_adolescentis	0.0000122308
PWY-7356: thiamine diphosphate salvage IV (yeast)|unclassified	0.0000000000
GLUCUROCAT-PWY: superpathway of &beta;-D-glucuronosides degradation	0.0000000000
GLUCUROCAT-PWY: superpathway of &beta;-D-glucuronosides degradation|g__Faecalibacterium.s__Faecalibacterium_prausnitzii	0.0000000000
GLUCUROCAT-PWY: superpathway of &beta;-D-glucuronosides degradation|unclassified	0.0000000000
PYRIDNUCSAL-PWY: NAD salvage pathway I (PNC VI cycle)	0.0000000000
PYRIDNUCSAL-PWY: NAD salvage pathway I (PNC VI cycle)|unclassified	0.0000000000
PWY-621: sucrose degradation III (sucrose invertase)	0.0000000000
PWY-621: sucrose degradation III (sucrose invertase)|unclassified	0.0000000000
PWY-621: sucrose degradation III (sucrose invertase)|g__Roseburia.s__Roseburia_faecis	0.0459076986
PWY-621: sucrose degradation III (sucrose invertase)|g__Anaerostipes.s__Anaerostipes_hadrus	0.8869391426
PWY-621: sucrose degradation III (sucrose invertase)|g__Ruminococcus.s__Ruminococcus_bicirculans	0.2635697159
P441-PWY: superpathway of N-acetylneuraminate degradation	0.0000000000
PWY-6353: purine nucleotides degradation II (aerobic)	0.0000000000
PWY-6353: purine nucleotides degradation II (aerobic)|g__Blautia.s__Ruminococcus_torques	0.0169338715
PWY-6353: purine nucleotides degradation II (aerobic)|unclassified	0.0000000000
PWY-1269: CMP-3-deoxy-D-manno-octulosonate biosynthesis	0.0000000000
PWY-1269: CMP-3-deoxy-D-manno-octulosonate biosynthesis|g__Prevotella.s__Prevotella_copri	0.0000000000
PWY-1269: CMP-3-deoxy-D-manno-octulosonate biosynthesis|unclassified	0.0000000000
PWY-1269: CMP-3-deoxy-D-manno-octulosonate biosynthesis|g__Acidaminococcus.s__Acidaminococcus_fermentans	0.7172125986
PWY-7242: D-fructuronate degradation	0.0000000000
PWY-7242: D-fructuronate degradation|g__Faecalibacterium.s__Faecalibacterium_prausnitzii	0.0000000000
PWY-7242: D-fructuronate degradation|unclassified	0.0000000000
PWY-2941: L-lysine biosynthesis II	0.0000000000
PWY-2941: L-lysine biosynthesis II|g__Blautia.s__Ruminococcus_torques	0.0117971296
PWY-6470: peptidoglycan biosynthesis V (&beta;-lactam resistance)	0.0000000000
PWY3O-4107: NAD salvage pathway V (PNC V cycle)	0.0000000000
PWY3O-4107: NAD salvage pathway V (PNC V cycle)|unclassified	0.0000000000
METH-ACETATE-PWY: methanogenesis from acetate	0.0000000000
METH-ACETATE-PWY: methanogenesis from acetate|g__Blautia.s__Blautia_obeum	0.0009943740
METH-ACETATE-PWY: methanogenesis from acetate|g__Fusicatenibacter.s__Fusicatenibacter_saccharivorans	0.3037838271
METH-ACETATE-PWY: methanogenesis from acetate|g__Blautia.s__Blautia_wexlerae	0.0106578801
PWY-6284: superpathway of unsaturated fatty acids biosynthesis (E. coli)	0.0000000000
PWY-6608: guanosine nucleotides degradation III	0.0000000000
PWY-6608: guanosine nucleotides degradation III|g__Blautia.s__Ruminococcus_torques	0.0538936383
PWY-6608: guanosine nucleotides degradation III|unclassified	0.0000000000
PWY-6608: guanosine nucleotides degradation III|g__Blautia.s__Blautia_obeum	0.0000000000
PWY-6608: guanosine nucleotides degradation III|g__Coprococcus.s__Coprococcus_catus	0.4054836368
PWY-6608: guanosine nucleotides degradation III|g__Blautia.s__Blautia_wexlerae	0.0033680968
PWY-6608: guanosine nucleotides degradation III|g__Anaerostipes.s__Anaerostipes_hadrus	0.4072089604
PWY-7456: &beta;-(1,4)-mannan degradation	0.0000000000
PWY-7456: &beta;-(1,4)-mannan degradation|unclassified	0.0000000000
PWY-6895: superpathway of thiamine diphosphate biosynthesis II	0.0000000000
PWY-6895: superpathway of thiamine diphosphate biosynthesis II|unclassified	0.0000000000
PWY-5265: peptidoglycan biosynthesis II (staphylococci)	0.0000000000
BIOTIN-BIOSYNTHESIS-PWY: biotin biosynthesis I	0.0000000000
PWY-6519: 8-amino-7-oxononanoate biosynthesis I	0.0000000000
PWY-5505: L-glutamate and L-glutamine biosynthesis	0.0000000000
PWY-4041: &gamma;-glutamyl cycle	0.0000000000
PWY-4041: &gamma;-glutamyl cycle|g__Bifidobacterium.s__Bifidobacterium_longum	0.6904602326
ARG+POLYAMINE-SYN: superpathway of arginine and polyamine biosynthesis	0.0000000000
PWY-8187: L-arginine degradation XIII (reductive Stickland reaction)	0.0000000000
PWY-8187: L-arginine degradation XIII (reductive Stickland reaction)|unclassified	0.0000000000
PWY-8187: L-arginine degradation XIII (reductive Stickland reaction)|g__Asaccharobacter.s__Asaccharobacter_celatus	0.7107017725
PWY-8187: L-arginine degradation XIII (reductive Stickland reaction)|g__Adlercreutzia.s__Adlercreutzia_equolifaciens	0.6026140605
PWY0-1479: tRNA processing	0.0000000000
PWY0-1479: tRNA processing|g__Sutterella.s__Sutterella_wadsworthensis	0.4884749754
P164-PWY: purine nucleobases degradation I (anaerobic)	0.0000000000
P164-PWY: purine nucleobases degradation I (anaerobic)|unclassified	0.0000000000
SALVADEHYPOX-PWY: adenosine nucleotides degradation II	0.0000000000
SALVADEHYPOX-PWY: adenosine nucleotides degradation II|g__Blautia.s__Ruminococcus_torques	0.0084943944
SALVADEHYPOX-PWY: adenosine nucleotides degradation II|unclassified	0.0000000000
SALVADEHYPOX-PWY: adenosine nucleotides degradation II|g__Anaerostipes.s__Anaerostipes_hadrus	0.0154897502
PWY-6731: starch degradation III	0.0000000000
PWY-6731: starch degradation III|g__Blautia.s__Blautia_obeum	0.0000006478
PWY-6731: starch degradation III|g__Blautia.s__Blautia_wexlerae	0.1188580119
PWY-6731: starch degradation III|g__Coprococcus.s__Coprococcus_comes	0.6332406426
PWY-6731: starch degradation III|g__Roseburia.s__Roseburia_inulinivorans	0.3604860261
PWY-6731: starch degradation III|g__Blautia.s__Ruminococcus_torques	0.0000000000
PWY-6731: starch degradation III|g__Eubacterium.s__Eubacterium_hallii	0.5732990350
PWY0-1297: superpathway of purine deoxyribonucleosides degradation	0.0000000000
PWY0-1297: superpathway of purine deoxyribonucleosides degradation|g__Blautia.s__Ruminococcus_torques	0.1720230879
PWY-6606: guanosine nucleotides degradation II	0.0000000000
PWY-6606: guanosine nucleotides degradation II|g__Blautia.s__Ruminococcus_torques	0.0066472985
PWY-6606: guanosine nucleotides degradation II|unclassified	0.0000000000
PWY-6606: guanosine nucleotides degradation II|g__Anaerostipes.s__Anaerostipes_hadrus	0.4072089604
NAGLIPASYN-PWY: lipid IVA biosynthesis (E. coli)	0.0000000000
NAGLIPASYN-PWY: lipid IVA biosynthesis (E. coli)|g__Sutterella.s__Sutterella_wadsworthensis	0.2701888163
PWY-8073: lipid IVA biosynthesis (P. putida)	0.0000000000
PWY-8073: lipid IVA biosynthesis (P. putida)|g__Sutterella.s__Sutterella_wadsworthensis	0.2701888163
CITRULBIO-PWY: L-citrulline biosynthesis	0.0000000000
CITRULBIO-PWY: L-citrulline biosynthesis|unclassified	0.0000000000
GALACTUROCAT-PWY: D-galacturonate degradation I	0.0000000000
GALACTUROCAT-PWY: D-galacturonate degradation I|g__Faecalibacterium.s__Faecalibacterium_prausnitzii	0.0000000000
GALACTUROCAT-PWY: D-galacturonate degradation I|unclassified	0.0000000000
FASYN-INITIAL-PWY: superpathway of fatty acid biosynthesis initiation (E. coli)	0.0000000000
PWY-5030: L-histidine degradation III	0.0000000000
PWY-5030: L-histidine degradation III|g__Acidaminococcus.s__Acidaminococcus_fermentans	0.5446488976
PWY-5030: L-histidine degradation III|g__Bacteroides.s__Bacteroides_dorei	0.3043575157
PWY-5030: L-histidine degradation III|unclassified	0.0000000000
PWY-5030: L-histidine degradation III|g__Bacteroides.s__Bacteroides_uniformis	0.5981086029
PWY-5030: L-histidine degradation III|g__Bacteroides.s__Bacteroides_vulgatus	0.4580393289
PWY-6590: superpathway of Clostridium acetobutylicum acidogenic fermentation	0.0000000000
PWY-5121: superpathway of geranylgeranyl diphosphate biosynthesis II (via MEP)	0.0000000000
PWY-5121: superpathway of geranylgeranyl diphosphate biosynthesis II (via MEP)|unclassified	0.0000000000
PWY-5121: superpathway of geranylgeranyl diphosphate biosynthesis II (via MEP)|g__Bacteroides.s__Bacteroides_dorei	0.0024480651
PWY-5121: superpathway of geranylgeranyl diphosphate biosynthesis II (via MEP)|g__Bacteroides.s__Bacteroides_vulgatus	0.5048258735
PWY-5367: petroselinate biosynthesis	0.0000000000
PWY-5367: petroselinate biosynthesis|g__Blautia.s__Ruminococcus_torques	0.2646132643
POLYAMSYN-PWY: superpathway of polyamine biosynthesis I	0.0000000000
PWY-7282: 4-amino-2-methyl-5-diphosphomethylpyrimidine biosynthesis II	0.0000000000
PWY-6507: 4-deoxy-L-threo-hex-4-enopyranuronate degradation	0.0000000000
PWY-6507: 4-deoxy-L-threo-hex-4-enopyranuronate degradation|g__Faecalibacterium.s__Faecalibacterium_prausnitzii	0.0000000000
PWY-6507: 4-deoxy-L-threo-hex-4-enopyranuronate degradation|unclassified	0.0000000000
PWY-5345: superpathway of L-methionine biosynthesis (by sulfhydrylation)	0.0000000000
PWY-6902: chitin degradation II (Vibrio)	0.0000000000
PWY-6902: chitin degradation II (Vibrio)|g__Fusicatenibacter.s__Fusicatenibacter_saccharivorans	0.8605041389
ARGININE-SYN4-PWY: L-ornithine biosynthesis II	0.0000000000
ARGININE-SYN4-PWY: L-ornithine biosynthesis II|unclassified	0.0000000000
ARGININE-SYN4-PWY: L-ornithine biosynthesis II|g__Bacteroides.s__Bacteroides_dorei	0.6980001711
ARGININE-SYN4-PWY: L-ornithine biosynthesis II|g__Bacteroides.s__Bacteroides_sp_CAG_530	0.3671678977
ARGININE-SYN4-PWY: L-ornithine biosynthesis II|g__Bacteroides.s__Bacteroides_vulgatus	0.4298967553
PWY-5676: acetyl-CoA fermentation to butanoate II	0.0000000000
PWY-5676: acetyl-CoA fermentation to butanoate II|unclassified	0.0000000000
PWY-5676: acetyl-CoA fermentation to butanoate II|g__Coprococcus.s__Coprococcus_catus	0.7768092097
CENTFERM-PWY: pyruvate fermentation to butanoate	0.0000000000
PWY-5497: purine nucleobases degradation II (anaerobic)	0.0000000000
FOLSYN-PWY: superpathway of tetrahydrofolate biosynthesis and salvage	0.0000000000
PWY-5005: biotin biosynthesis II	0.0000000000
PWY-5005: biotin biosynthesis II|g__Blautia.s__Ruminococcus_torques	0.0001497235
PWY-4984: urea cycle	0.0000000000
GOLPDLCAT-PWY: superpathway of glycerol degradation to 1,3-propanediol	0.0000000000
GOLPDLCAT-PWY: superpathway of glycerol degradation to 1,3-propanediol|g__Blautia.s__Ruminococcus_torques	0.0174880908
SULFATE-CYS-PWY: superpathway of sulfate assimilation and cysteine biosynthesis	0.0000000000
PWY0-1477: ethanolamine utilization	0.0000000000
PWY0-1477: ethanolamine utilization|g__Coprococcus.s__Coprococcus_catus	0.3584820602
PPGPPMET-PWY: ppGpp metabolism	0.0000000000
PWY-7392: taxadiene biosynthesis (engineered)	0.0000000000
PWY-6803: phosphatidylcholine acyl editing	0.0000000000
PWY-6803: phosphatidylcholine acyl editing|g__Escherichia.s__Escherichia_coli	0.0721989114
FUC-RHAMCAT-PWY: superpathway of fucose and rhamnose degradation	0.0000000000
P42-PWY: incomplete reductive TCA cycle	0.0000000000
PWY-7211: superpathway of pyrimidine deoxyribonucleotides de novo biosynthesis	0.0000000000
GALACT-GLUCUROCAT-PWY: superpathway of hexuronide and hexuronate degradation	0.0000000000
PWY0-1261: anhydromuropeptides recycling I	0.0000000000
PWY-6305: superpathway of putrescine biosynthesis	0.0000000000
PWY-6612: superpathway of tetrahydrofolate biosynthesis	0.0000000000
PWY-821: superpathway of sulfur amino acid biosynthesis (Saccharomyces cerevisiae)	0.0000000000
POLYISOPRENSYN-PWY: polyisoprenoid biosynthesis (E. coli)	0.0000000000
GLYCOCAT-PWY: glycogen degradation I	0.0000000000
GLYCOCAT-PWY: glycogen degradation I|unclassified	0.0000000000
PWY0-1241: ADP-L-glycero-&beta;-D-manno-heptose biosynthesis	0.0000000000
PWY0-1241: ADP-L-glycero-&beta;-D-manno-heptose biosynthesis|g__Acidaminococcus.s__Acidaminococcus_fermentans	0.0974300515
P461-PWY: hexitol fermentation to lactate, formate, ethanol and acetate	0.0000000000
P461-PWY: hexitol fermentation to lactate, formate, ethanol and acetate|g__Anaerostipes.s__Anaerostipes_hadrus	0.8013033749
POLYAMINSYN3-PWY: superpathway of polyamine biosynthesis II	0.0000000000
RUMP-PWY: formaldehyde oxidation I	0.0000000000
PWY-6588: pyruvate fermentation to acetone	0.0000000000
PWY-6588: pyruvate fermentation to acetone|g__Coprococcus.s__Coprococcus_catus	0.6599534810
FUCCAT-PWY: fucose degradation	0.0000000000
FUCCAT-PWY: fucose degradation|g__Blautia.s__Ruminococcus_torques	0.0000000000
PWY0-845: superpathway of pyridoxal 5'-phosphate biosynthesis and salvage	0.0000000000
GLUDEG-I-PWY: GABA shunt	0.0000000000
LACTOSECAT-PWY: lactose and galactose degradation I	0.0000000000
LACTOSECAT-PWY: lactose and galactose degradation I|unclassified	0.0000000000
PWY-7210: pyrimidine deoxyribonucleotides biosynthesis from CTP	0.0000000000
PWY-7209: superpathway of pyrimidine ribonucleosides degradation	0.0000000000
PWY-7184: pyrimidine deoxyribonucleotides de novo biosynthesis I	0.0000000000
PWY-6545: pyrimidine deoxyribonucleotides de novo biosynthesis III	0.0000000000
PWY-5136: fatty acid &beta;-oxidation II (plant peroxisome)	0.0000000000
PWY-5136: fatty acid &beta;-oxidation II (plant peroxisome)|g__Coprococcus.s__Coprococcus_catus	0.9762007449
PWY1ZNC-1: assimilatory sulfate reduction IV	0.0000000000
SO4ASSIM-PWY: assimilatory sulfate reduction I	0.0000000000
HEMESYN2-PWY: heme b biosynthesis II (oxygen-independent)	0.0000000000
HEMESYN2-PWY: heme b biosynthesis II (oxygen-independent)|g__Sutterella.s__Sutterella_sp_CAG_397	0.2840328394
HEMESYN2-PWY: heme b biosynthesis II (oxygen-independent)|g__Sutterella.s__Sutterella_wadsworthensis	0.5537075900
PYRIDOXSYN-PWY: pyridoxal 5'-phosphate biosynthesis I	0.0000000000
PWY-8190: L-glutamate degradation XI (reductive Stickland reaction)	0.0000000000
P185-PWY: formaldehyde assimilation III (dihydroxyacetone cycle)	0.0000000000
PWY4LZ-257: superpathway of fermentation (Chlamydomonas reinhardtii)	0.0000000000
PWY-7883: anhydromuropeptides recycling II	0.0000000000
PWY-6859: all-trans-farnesol biosynthesis	0.0000000000
ORNDEG-PWY: superpathway of ornithine degradation	0.0000000000
ORNDEG-PWY: superpathway of ornithine degradation|g__Escherichia.s__Escherichia_coli	0.0426935877
PWY-7315: dTDP-N-acetylthomosamine biosynthesis	0.0000000000
PWY-7315: dTDP-N-acetylthomosamine biosynthesis|unclassified	0.0000000000
PWY-7013: (S)-propane-1,2-diol degradation	0.0000000000
P161-PWY: acetylene degradation (anaerobic)	0.0000000000
PWY-7185: UTP and CTP dephosphorylation I	0.0000000000
PWY0-301: L-ascorbate degradation I (bacterial, anaerobic)	0.0000000000
P162-PWY: L-glutamate degradation V (via hydroxyglutarate)	0.0000000000
PWY0-1298: superpathway of pyrimidine deoxyribonucleosides degradation	0.0000000000
PWY66-389: phytol degradation	0.0000000000
PWY-5918: superpathway of heme b biosynthesis from glutamate	0.0000000000
PWY-5189: tetrapyrrole biosynthesis II (from glycine)	0.0000000000
PWY-5189: tetrapyrrole biosynthesis II (from glycine)|unclassified	0.0000000000
PWY-8131: 5'-deoxyadenosine degradation II	0.0000000000
PWY-6435: 4-hydroxybenzoate biosynthesis III (plants)	0.0000000000
PWY-5130: 2-oxobutanoate degradation I	0.0000000000
PWY-6961: L-ascorbate degradation II (bacterial, aerobic)	0.0000000000
HEME-BIOSYNTHESIS-II: heme b biosynthesis I (aerobic)	0.0000000000
HEME-BIOSYNTHESIS-II-1: heme b biosynthesis V (aerobic)	0.0000000000
PWY-7286: 7-(3-amino-3-carboxypropyl)-wyosine biosynthesis	0.0000000000
PWY-5198: factor 420 biosynthesis II (mycobacteria)	0.0000000000
PWY-5198: factor 420 biosynthesis II (mycobacteria)|g__Methanobrevibacter.s__Methanobrevibacter_smithii	0.3769429313