# Pathway	33_S5_L001_R1_001_Coverage
UNMAPPED	1.0000000000
UNINTEGRATED	1.0000000000
UNINTEGRATED|g__Agathobaculum.s__Agathobaculum_butyriciproducens	1.0000000000
UNINTEGRATED|g__Alistipes.s__Alistipes_finegoldii	1.0000000000
UNINTEGRATED|g__Alistipes.s__Alistipes_onderdonkii	1.0000000000
UNINTEGRATED|g__Alistipes.s__Alistipes_putredinis	1.0000000000
UNINTEGRATED|g__Alistipes.s__Alistipes_shahii	1.0000000000
UNINTEGRATED|g__Anaerostipes.s__Anaerostipes_hadrus	1.0000000000
UNINTEGRATED|g__Bacteroides.s__Bacteroides_caccae	1.0000000000
UNINTEGRATED|g__Bacteroides.s__Bacteroides_clarus	1.0000000000
UNINTEGRATED|g__Bacteroides.s__Bacteroides_dorei	1.0000000000
UNINTEGRATED|g__Bacteroides.s__Bacteroides_eggerthii	1.0000000000
UNINTEGRATED|g__Bacteroides.s__Bacteroides_finegoldii	1.0000000000
UNINTEGRATED|g__Bacteroides.s__Bacteroides_massiliensis	1.0000000000
UNINTEGRATED|g__Bacteroides.s__Bacteroides_ovatus	1.0000000000
UNINTEGRATED|g__Bacteroides.s__Bacteroides_salyersiae	1.0000000000
UNINTEGRATED|g__Bacteroides.s__Bacteroides_thetaiotaomicron	1.0000000000
UNINTEGRATED|g__Bacteroides.s__Bacteroides_uniformis	1.0000000000
UNINTEGRATED|g__Bacteroides.s__Bacteroides_vulgatus	1.0000000000
UNINTEGRATED|g__Bifidobacterium.s__Bifidobacterium_adolescentis	1.0000000000
UNINTEGRATED|g__Bifidobacterium.s__Bifidobacterium_bifidum	1.0000000000
UNINTEGRATED|g__Bifidobacterium.s__Bifidobacterium_longum	1.0000000000
UNINTEGRATED|g__Bifidobacterium.s__Bifidobacterium_pseudocatenulatum	1.0000000000
UNINTEGRATED|g__Blautia.s__Blautia_obeum	1.0000000000
UNINTEGRATED|g__Blautia.s__Blautia_sp	1.0000000000
UNINTEGRATED|g__Blautia.s__Blautia_sp_CAG_52	1.0000000000
UNINTEGRATED|g__Blautia.s__Blautia_wexlerae	1.0000000000
UNINTEGRATED|g__Blautia.s__Ruminococcus_torques	1.0000000000
UNINTEGRATED|g__Catenibacterium.s__Catenibacterium_mitsuokai	1.0000000000
UNINTEGRATED|g__Clostridiales_unclassified.s__Clostridiales_bacterium_KLE1615	1.0000000000
UNINTEGRATED|g__Clostridium.s__Clostridium_sp_AF36_4	1.0000000000
UNINTEGRATED|g__Clostridium.s__Clostridium_sp_CAG_122	1.0000000000
UNINTEGRATED|g__Clostridium.s__Clostridium_sp_CAG_221	1.0000000000
UNINTEGRATED|g__Clostridium.s__Clostridium_sp_CAG_568	1.0000000000
UNINTEGRATED|g__Collinsella.s__Collinsella_aerofaciens	1.0000000000
UNINTEGRATED|g__Coprococcus.s__Coprococcus_comes	1.0000000000
UNINTEGRATED|g__Coprococcus.s__Coprococcus_eutactus	1.0000000000
UNINTEGRATED|g__Dialister.s__Dialister_succinatiphilus	1.0000000000
UNINTEGRATED|g__Dorea.s__Dorea_formicigenerans	1.0000000000
UNINTEGRATED|g__Dorea.s__Dorea_longicatena	1.0000000000
UNINTEGRATED|g__Eubacterium.s__Eubacterium_eligens	1.0000000000
UNINTEGRATED|g__Eubacterium.s__Eubacterium_hallii	1.0000000000
UNINTEGRATED|g__Eubacterium.s__Eubacterium_sp_CAG_252	1.0000000000
UNINTEGRATED|g__Eubacterium.s__Eubacterium_sp_CAG_38	1.0000000000
UNINTEGRATED|g__Faecalibacterium.s__Faecalibacterium_prausnitzii	1.0000000000
UNINTEGRATED|g__Firmicutes_unclassified.s__Firmicutes_bacterium_CAG_41	1.0000000000
UNINTEGRATED|g__Firmicutes_unclassified.s__Firmicutes_bacterium_CAG_65_45_313	1.0000000000
UNINTEGRATED|g__Fusicatenibacter.s__Fusicatenibacter_saccharivorans	1.0000000000
UNINTEGRATED|g__Gemmiger.s__Gemmiger_formicilis	1.0000000000
UNINTEGRATED|g__Lachnospira.s__Lachnospira_pectinoschiza	1.0000000000
UNINTEGRATED|g__Lachnospiraceae_unclassified.s__Eubacterium_rectale	1.0000000000
UNINTEGRATED|g__Megamonas.s__Megamonas_funiformis	1.0000000000
UNINTEGRATED|g__Megamonas.s__Megamonas_hypermegale	1.0000000000
UNINTEGRATED|g__Megamonas.s__Megamonas_rupellensis	1.0000000000
UNINTEGRATED|g__Parabacteroides.s__Parabacteroides_distasonis	1.0000000000
UNINTEGRATED|g__Prevotella.s__Prevotella_sp_CAG_279	1.0000000000
UNINTEGRATED|g__Roseburia.s__Roseburia_faecis	1.0000000000
UNINTEGRATED|g__Roseburia.s__Roseburia_hominis	1.0000000000
UNINTEGRATED|g__Roseburia.s__Roseburia_intestinalis	1.0000000000
UNINTEGRATED|g__Roseburia.s__Roseburia_inulinivorans	1.0000000000
UNINTEGRATED|g__Ruminococcus.s__Ruminococcus_bicirculans	1.0000000000
UNINTEGRATED|g__Ruminococcus.s__Ruminococcus_bromii	1.0000000000
UNINTEGRATED|g__Ruminococcus.s__Ruminococcus_sp_AF31_8BH	1.0000000000
UNINTEGRATED|g__Ruminococcus.s__Ruminococcus_sp_CAG_403	1.0000000000
UNINTEGRATED|g__Subdoligranulum.s__Subdoligranulum_sp_APC924_74	1.0000000000
UNINTEGRATED|g__Sutterella.s__Sutterella_sp_CAG_397	1.0000000000
UNINTEGRATED|g__Sutterella.s__Sutterella_wadsworthensis	1.0000000000
UNINTEGRATED|unclassified	1.0000000000
PWY-7238: sucrose biosynthesis II	1.0000000000
PWY-7238: sucrose biosynthesis II|g__Bifidobacterium.s__Bifidobacterium_adolescentis	0.9788240587
PWY-7238: sucrose biosynthesis II|g__Faecalibacterium.s__Faecalibacterium_prausnitzii	0.9999984829
PWY-7238: sucrose biosynthesis II|g__Firmicutes_unclassified.s__Firmicutes_bacterium_CAG_65_45_313	0.9994292782
PWY-7238: sucrose biosynthesis II|g__Roseburia.s__Roseburia_faecis	0.9999384583
PWY-7238: sucrose biosynthesis II|unclassified	0.9987261155
PWY-7238: sucrose biosynthesis II|g__Ruminococcus.s__Ruminococcus_bicirculans	0.7329456286
PWY-7238: sucrose biosynthesis II|g__Ruminococcus.s__Ruminococcus_bromii	0.7923850772
PWY-7238: sucrose biosynthesis II|g__Gemmiger.s__Gemmiger_formicilis	0.7524516100
PWY-7238: sucrose biosynthesis II|g__Coprococcus.s__Coprococcus_eutactus	0.8078085678
PWY-7238: sucrose biosynthesis II|g__Blautia.s__Blautia_obeum	0.9998558896
PWY-7238: sucrose biosynthesis II|g__Collinsella.s__Collinsella_aerofaciens	0.9329996059
PWY-7238: sucrose biosynthesis II|g__Roseburia.s__Roseburia_intestinalis	0.9400680771
PWY-7238: sucrose biosynthesis II|g__Blautia.s__Ruminococcus_torques	0.9325363719
PWY-7238: sucrose biosynthesis II|g__Clostridium.s__Clostridium_sp_CAG_568	0.3823422209
PWY-7238: sucrose biosynthesis II|g__Bifidobacterium.s__Bifidobacterium_longum	0.9402426767
PWY-7238: sucrose biosynthesis II|g__Bacteroides.s__Bacteroides_eggerthii	0.6698683783
PWY-7238: sucrose biosynthesis II|g__Lachnospiraceae_unclassified.s__Eubacterium_rectale	0.9534472435
PWY-7238: sucrose biosynthesis II|g__Bifidobacterium.s__Bifidobacterium_bifidum	0.5667064821
PWY-7238: sucrose biosynthesis II|g__Blautia.s__Blautia_wexlerae	0.7210775809
PWY-7238: sucrose biosynthesis II|g__Ruminococcus.s__Ruminococcus_sp_CAG_403	0.4789151486
PWY-7238: sucrose biosynthesis II|g__Eubacterium.s__Eubacterium_sp_CAG_252	0.9644813249
PWY-7238: sucrose biosynthesis II|g__Catenibacterium.s__Catenibacterium_mitsuokai	0.7428414377
PWY-7238: sucrose biosynthesis II|g__Eubacterium.s__Eubacterium_eligens	0.4027500428
PWY-7238: sucrose biosynthesis II|g__Bacteroides.s__Bacteroides_uniformis	0.5810209978
PWY-7238: sucrose biosynthesis II|g__Roseburia.s__Roseburia_hominis	0.9046770229
PWY-7238: sucrose biosynthesis II|g__Fusicatenibacter.s__Fusicatenibacter_saccharivorans	0.5592007143
PWY-7238: sucrose biosynthesis II|g__Subdoligranulum.s__Subdoligranulum_sp_APC924_74	0.8710084607
PWY-7238: sucrose biosynthesis II|g__Clostridium.s__Clostridium_sp_AF36_4	0.7931122517
PWY-7238: sucrose biosynthesis II|g__Dorea.s__Dorea_longicatena	0.7688843223
PWY-7238: sucrose biosynthesis II|g__Clostridium.s__Clostridium_sp_CAG_122	0.2800548159
PWY-7238: sucrose biosynthesis II|g__Blautia.s__Blautia_sp	0.1000703990
PWY-7238: sucrose biosynthesis II|g__Alistipes.s__Alistipes_shahii	0.1487376388
PWY-7238: sucrose biosynthesis II|g__Bacteroides.s__Bacteroides_clarus	0.4579492351
PWY-7238: sucrose biosynthesis II|g__Ruminococcus.s__Ruminococcus_sp_AF31_8BH	0.6796201529
PWY-5941: glycogen degradation II	0.9999636115
PWY-5941: glycogen degradation II|g__Bifidobacterium.s__Bifidobacterium_adolescentis	0.8793306216
PWY-5941: glycogen degradation II|g__Faecalibacterium.s__Faecalibacterium_prausnitzii	0.0000575093
PWY-5941: glycogen degradation II|g__Roseburia.s__Roseburia_faecis	0.9613096964
PWY-5941: glycogen degradation II|unclassified	0.7879699240
PWY-5941: glycogen degradation II|g__Collinsella.s__Collinsella_aerofaciens	0.9497406187
PWY-5941: glycogen degradation II|g__Coprococcus.s__Coprococcus_eutactus	0.1987674821
PWY-5941: glycogen degradation II|g__Roseburia.s__Roseburia_intestinalis	0.9535495881
PWY-5941: glycogen degradation II|g__Blautia.s__Blautia_obeum	0.7944750057
PWY-5941: glycogen degradation II|g__Bifidobacterium.s__Bifidobacterium_longum	0.9296302925
PWY-5941: glycogen degradation II|g__Blautia.s__Ruminococcus_torques	0.0132936892
PWY-5941: glycogen degradation II|g__Bifidobacterium.s__Bifidobacterium_bifidum	0.6024641938
PWY-5941: glycogen degradation II|g__Blautia.s__Blautia_wexlerae	0.7571348340
PWY-5941: glycogen degradation II|g__Eubacterium.s__Eubacterium_eligens	0.4738879228
PWY-5941: glycogen degradation II|g__Catenibacterium.s__Catenibacterium_mitsuokai	0.7209454276
PWY-5941: glycogen degradation II|g__Fusicatenibacter.s__Fusicatenibacter_saccharivorans	0.6528358434
PWY-5941: glycogen degradation II|g__Bacteroides.s__Bacteroides_ovatus	0.0926192253
PWY-5941: glycogen degradation II|g__Dorea.s__Dorea_longicatena	0.7924662576
PWY-5941: glycogen degradation II|g__Roseburia.s__Roseburia_hominis	0.4441441302
PWY-5941: glycogen degradation II|g__Blautia.s__Blautia_sp	0.1424051474
PWY-5941: glycogen degradation II|g__Ruminococcus.s__Ruminococcus_sp_AF31_8BH	0.6911204510
VALSYN-PWY: L-valine biosynthesis	1.0000000000
VALSYN-PWY: L-valine biosynthesis|g__Bifidobacterium.s__Bifidobacterium_adolescentis	0.9731381467
VALSYN-PWY: L-valine biosynthesis|g__Faecalibacterium.s__Faecalibacterium_prausnitzii	0.0428951341
VALSYN-PWY: L-valine biosynthesis|g__Firmicutes_unclassified.s__Firmicutes_bacterium_CAG_65_45_313	0.4385791376
VALSYN-PWY: L-valine biosynthesis|g__Ruminococcus.s__Ruminococcus_bromii	0.6230945648
VALSYN-PWY: L-valine biosynthesis|g__Ruminococcus.s__Ruminococcus_bicirculans	0.3826789791
VALSYN-PWY: L-valine biosynthesis|unclassified	0.6973398619
VALSYN-PWY: L-valine biosynthesis|g__Gemmiger.s__Gemmiger_formicilis	0.6663369084
VALSYN-PWY: L-valine biosynthesis|g__Bacteroides.s__Bacteroides_vulgatus	0.3198657079
VALSYN-PWY: L-valine biosynthesis|g__Roseburia.s__Roseburia_faecis	0.3049151057
VALSYN-PWY: L-valine biosynthesis|g__Coprococcus.s__Coprococcus_eutactus	0.5068671657
VALSYN-PWY: L-valine biosynthesis|g__Blautia.s__Blautia_obeum	0.9822118756
VALSYN-PWY: L-valine biosynthesis|g__Bifidobacterium.s__Bifidobacterium_bifidum	0.9146333378
VALSYN-PWY: L-valine biosynthesis|g__Blautia.s__Ruminococcus_torques	0.7713813525
VALSYN-PWY: L-valine biosynthesis|g__Prevotella.s__Prevotella_sp_CAG_279	0.3533444161
VALSYN-PWY: L-valine biosynthesis|g__Roseburia.s__Roseburia_intestinalis	0.4390434185
VALSYN-PWY: L-valine biosynthesis|g__Bifidobacterium.s__Bifidobacterium_longum	0.8816607225
VALSYN-PWY: L-valine biosynthesis|g__Bacteroides.s__Bacteroides_eggerthii	0.4613747639
VALSYN-PWY: L-valine biosynthesis|g__Ruminococcus.s__Ruminococcus_sp_CAG_403	0.7777826192
VALSYN-PWY: L-valine biosynthesis|g__Catenibacterium.s__Catenibacterium_mitsuokai	0.8534751999
VALSYN-PWY: L-valine biosynthesis|g__Blautia.s__Blautia_wexlerae	0.7209235397
VALSYN-PWY: L-valine biosynthesis|g__Eubacterium.s__Eubacterium_eligens	0.5392391917
VALSYN-PWY: L-valine biosynthesis|g__Sutterella.s__Sutterella_sp_CAG_397	0.2479654968
VALSYN-PWY: L-valine biosynthesis|g__Bacteroides.s__Bacteroides_ovatus	0.3185806292
VALSYN-PWY: L-valine biosynthesis|g__Blautia.s__Blautia_sp	0.5930388987
VALSYN-PWY: L-valine biosynthesis|g__Firmicutes_unclassified.s__Firmicutes_bacterium_CAG_41	0.7450935456
VALSYN-PWY: L-valine biosynthesis|g__Bacteroides.s__Bacteroides_dorei	0.0941120604
VALSYN-PWY: L-valine biosynthesis|g__Lachnospiraceae_unclassified.s__Eubacterium_rectale	0.0583721760
VALSYN-PWY: L-valine biosynthesis|g__Anaerostipes.s__Anaerostipes_hadrus	0.4852204946
VALSYN-PWY: L-valine biosynthesis|g__Bacteroides.s__Bacteroides_uniformis	0.2899669021
VALSYN-PWY: L-valine biosynthesis|g__Roseburia.s__Roseburia_inulinivorans	0.7976416588
VALSYN-PWY: L-valine biosynthesis|g__Subdoligranulum.s__Subdoligranulum_sp_APC924_74	0.6351500804
VALSYN-PWY: L-valine biosynthesis|g__Alistipes.s__Alistipes_finegoldii	0.5291485996
VALSYN-PWY: L-valine biosynthesis|g__Dorea.s__Dorea_longicatena	0.3553329175
VALSYN-PWY: L-valine biosynthesis|g__Roseburia.s__Roseburia_hominis	0.4150547262
VALSYN-PWY: L-valine biosynthesis|g__Eubacterium.s__Eubacterium_sp_CAG_38	0.2452197612
VALSYN-PWY: L-valine biosynthesis|g__Bacteroides.s__Bacteroides_caccae	0.6663339191
VALSYN-PWY: L-valine biosynthesis|g__Clostridium.s__Clostridium_sp_CAG_221	0.5986713160
VALSYN-PWY: L-valine biosynthesis|g__Eubacterium.s__Eubacterium_sp_CAG_252	0.1108770713
VALSYN-PWY: L-valine biosynthesis|g__Eubacterium.s__Eubacterium_hallii	0.1394273169
VALSYN-PWY: L-valine biosynthesis|g__Bacteroides.s__Bacteroides_massiliensis	0.0029516201
VALSYN-PWY: L-valine biosynthesis|g__Bifidobacterium.s__Bifidobacterium_pseudocatenulatum	0.4979328070
VALSYN-PWY: L-valine biosynthesis|g__Alistipes.s__Alistipes_onderdonkii	0.4773601234
VALSYN-PWY: L-valine biosynthesis|g__Bacteroides.s__Bacteroides_clarus	0.3887654134
VALSYN-PWY: L-valine biosynthesis|g__Bacteroides.s__Bacteroides_thetaiotaomicron	0.3697888588
PWY-1042: glycolysis IV	1.0000000000
PWY-1042: glycolysis IV|g__Faecalibacterium.s__Faecalibacterium_prausnitzii	0.7440695989
PWY-1042: glycolysis IV|g__Ruminococcus.s__Ruminococcus_bicirculans	0.4760984730
PWY-1042: glycolysis IV|g__Bacteroides.s__Bacteroides_vulgatus	0.0010685305
PWY-1042: glycolysis IV|unclassified	0.0173207463
PWY-1042: glycolysis IV|g__Roseburia.s__Roseburia_faecis	0.1572337242
PWY-1042: glycolysis IV|g__Alistipes.s__Alistipes_putredinis	0.3728661650
PWY-1042: glycolysis IV|g__Roseburia.s__Roseburia_intestinalis	0.1890155923
PWY-1042: glycolysis IV|g__Blautia.s__Ruminococcus_torques	0.3353260782
PWY-1042: glycolysis IV|g__Collinsella.s__Collinsella_aerofaciens	0.0401456707
PWY-1042: glycolysis IV|g__Blautia.s__Blautia_wexlerae	0.0533572207
PWY-1042: glycolysis IV|g__Bacteroides.s__Bacteroides_massiliensis	0.5294904963
PWY-1042: glycolysis IV|g__Eubacterium.s__Eubacterium_eligens	0.2036176308
PWY-1042: glycolysis IV|g__Catenibacterium.s__Catenibacterium_mitsuokai	0.0709072919
PWY-1042: glycolysis IV|g__Clostridium.s__Clostridium_sp_CAG_122	0.6152270152
PWY-1042: glycolysis IV|g__Blautia.s__Blautia_sp	0.6751175096
PWY-1042: glycolysis IV|g__Lachnospiraceae_unclassified.s__Eubacterium_rectale	0.0860367258
PWY-1042: glycolysis IV|g__Fusicatenibacter.s__Fusicatenibacter_saccharivorans	0.3960541456
PWY-1042: glycolysis IV|g__Eubacterium.s__Eubacterium_hallii	0.5770581663
PWY-1042: glycolysis IV|g__Bacteroides.s__Bacteroides_dorei	0.0000002421
PWY-1042: glycolysis IV|g__Blautia.s__Blautia_obeum	0.0031715658
PWY-1042: glycolysis IV|g__Bacteroides.s__Bacteroides_caccae	0.5918102088
PWY-1042: glycolysis IV|g__Roseburia.s__Roseburia_hominis	0.1416938957
PWY-1042: glycolysis IV|g__Bacteroides.s__Bacteroides_salyersiae	0.3213185024
PWY-5686: UMP biosynthesis I	1.0000000000
PWY-5686: UMP biosynthesis I|g__Bifidobacterium.s__Bifidobacterium_adolescentis	0.5800997602
PWY-5686: UMP biosynthesis I|g__Faecalibacterium.s__Faecalibacterium_prausnitzii	0.4851155987
PWY-5686: UMP biosynthesis I|g__Firmicutes_unclassified.s__Firmicutes_bacterium_CAG_65_45_313	0.6838659078
PWY-5686: UMP biosynthesis I|g__Ruminococcus.s__Ruminococcus_bicirculans	0.0327482063
PWY-5686: UMP biosynthesis I|g__Alistipes.s__Alistipes_putredinis	0.5583909957
PWY-5686: UMP biosynthesis I|g__Roseburia.s__Roseburia_faecis	0.0819210377
PWY-5686: UMP biosynthesis I|g__Bacteroides.s__Bacteroides_vulgatus	0.1517725929
PWY-5686: UMP biosynthesis I|g__Gemmiger.s__Gemmiger_formicilis	0.2574101548
PWY-5686: UMP biosynthesis I|g__Collinsella.s__Collinsella_aerofaciens	0.7612060430
PWY-5686: UMP biosynthesis I|g__Prevotella.s__Prevotella_sp_CAG_279	0.2105172555
PWY-5686: UMP biosynthesis I|g__Bifidobacterium.s__Bifidobacterium_bifidum	0.4346599852
PWY-5686: UMP biosynthesis I|g__Blautia.s__Ruminococcus_torques	0.3906483926
PWY-5686: UMP biosynthesis I|g__Bacteroides.s__Bacteroides_eggerthii	0.3863782489
PWY-5686: UMP biosynthesis I|unclassified	0.0000073047
PWY-5686: UMP biosynthesis I|g__Roseburia.s__Roseburia_intestinalis	0.0290268328
PWY-5686: UMP biosynthesis I|g__Eubacterium.s__Eubacterium_eligens	0.4822393074
PWY-5686: UMP biosynthesis I|g__Catenibacterium.s__Catenibacterium_mitsuokai	0.4798005615
PWY-5686: UMP biosynthesis I|g__Bacteroides.s__Bacteroides_ovatus	0.5458576913
PWY-5686: UMP biosynthesis I|g__Lachnospiraceae_unclassified.s__Eubacterium_rectale	0.5535112992
PWY-5686: UMP biosynthesis I|g__Blautia.s__Blautia_wexlerae	0.3859200342
PWY-5686: UMP biosynthesis I|g__Bacteroides.s__Bacteroides_massiliensis	0.5484850471
PWY-5686: UMP biosynthesis I|g__Bacteroides.s__Bacteroides_dorei	0.0968494370
PWY-5686: UMP biosynthesis I|g__Alistipes.s__Alistipes_finegoldii	0.6520287919
PWY-5686: UMP biosynthesis I|g__Anaerostipes.s__Anaerostipes_hadrus	0.3191255174
PWY-5686: UMP biosynthesis I|g__Blautia.s__Blautia_sp	0.2301359239
PWY-5686: UMP biosynthesis I|g__Blautia.s__Blautia_obeum	0.0393241851
PWY-5686: UMP biosynthesis I|g__Eubacterium.s__Eubacterium_sp_CAG_252	0.0944385538
PWY-5686: UMP biosynthesis I|g__Bacteroides.s__Bacteroides_caccae	0.2460562256
PWY-5686: UMP biosynthesis I|g__Bacteroides.s__Bacteroides_uniformis	0.0004323685
PWY-5686: UMP biosynthesis I|g__Bacteroides.s__Bacteroides_salyersiae	0.4194293389
PWY-7790: UMP biosynthesis II	1.0000000000
PWY-7790: UMP biosynthesis II|g__Bifidobacterium.s__Bifidobacterium_adolescentis	0.5800997602
PWY-7790: UMP biosynthesis II|g__Faecalibacterium.s__Faecalibacterium_prausnitzii	0.4851155987
PWY-7790: UMP biosynthesis II|g__Firmicutes_unclassified.s__Firmicutes_bacterium_CAG_65_45_313	0.6838659078
PWY-7790: UMP biosynthesis II|g__Ruminococcus.s__Ruminococcus_bicirculans	0.0327482063
PWY-7790: UMP biosynthesis II|g__Roseburia.s__Roseburia_faecis	0.0819210377
PWY-7790: UMP biosynthesis II|g__Alistipes.s__Alistipes_putredinis	0.4886676140
PWY-7790: UMP biosynthesis II|g__Bacteroides.s__Bacteroides_vulgatus	0.1517725929
PWY-7790: UMP biosynthesis II|g__Gemmiger.s__Gemmiger_formicilis	0.2574101548
PWY-7790: UMP biosynthesis II|g__Collinsella.s__Collinsella_aerofaciens	0.7612060430
PWY-7790: UMP biosynthesis II|g__Prevotella.s__Prevotella_sp_CAG_279	0.2105172555
PWY-7790: UMP biosynthesis II|g__Bacteroides.s__Bacteroides_eggerthii	0.5114917507
PWY-7790: UMP biosynthesis II|g__Blautia.s__Ruminococcus_torques	0.3906483926
PWY-7790: UMP biosynthesis II|g__Bifidobacterium.s__Bifidobacterium_bifidum	0.3889298300
PWY-7790: UMP biosynthesis II|unclassified	0.0000073047
PWY-7790: UMP biosynthesis II|g__Roseburia.s__Roseburia_intestinalis	0.0290268328
PWY-7790: UMP biosynthesis II|g__Eubacterium.s__Eubacterium_eligens	0.4822393074
PWY-7790: UMP biosynthesis II|g__Catenibacterium.s__Catenibacterium_mitsuokai	0.4798005615
PWY-7790: UMP biosynthesis II|g__Bacteroides.s__Bacteroides_ovatus	0.5534267102
PWY-7790: UMP biosynthesis II|g__Lachnospiraceae_unclassified.s__Eubacterium_rectale	0.5535112992
PWY-7790: UMP biosynthesis II|g__Blautia.s__Blautia_wexlerae	0.3859200342
PWY-7790: UMP biosynthesis II|g__Bacteroides.s__Bacteroides_massiliensis	0.5484850471
PWY-7790: UMP biosynthesis II|g__Bacteroides.s__Bacteroides_dorei	0.0968494370
PWY-7790: UMP biosynthesis II|g__Alistipes.s__Alistipes_finegoldii	0.6508122693
PWY-7790: UMP biosynthesis II|g__Anaerostipes.s__Anaerostipes_hadrus	0.3191255174
PWY-7790: UMP biosynthesis II|g__Blautia.s__Blautia_sp	0.2301359239
PWY-7790: UMP biosynthesis II|g__Blautia.s__Blautia_obeum	0.0393241851
PWY-7790: UMP biosynthesis II|g__Eubacterium.s__Eubacterium_sp_CAG_252	0.0944385538
PWY-7790: UMP biosynthesis II|g__Bacteroides.s__Bacteroides_caccae	0.5106920298
PWY-7790: UMP biosynthesis II|g__Bacteroides.s__Bacteroides_uniformis	0.0004323685
PWY-7790: UMP biosynthesis II|g__Bacteroides.s__Bacteroides_salyersiae	0.4194293389
PWY-7790: UMP biosynthesis II|g__Bacteroides.s__Bacteroides_thetaiotaomicron	0.5982360422
PWY-7791: UMP biosynthesis III	1.0000000000
PWY-7791: UMP biosynthesis III|g__Bifidobacterium.s__Bifidobacterium_adolescentis	0.5800997602
PWY-7791: UMP biosynthesis III|g__Faecalibacterium.s__Faecalibacterium_prausnitzii	0.4851155987
PWY-7791: UMP biosynthesis III|g__Firmicutes_unclassified.s__Firmicutes_bacterium_CAG_65_45_313	0.6838659078
PWY-7791: UMP biosynthesis III|g__Ruminococcus.s__Ruminococcus_bicirculans	0.0327482063
PWY-7791: UMP biosynthesis III|g__Roseburia.s__Roseburia_faecis	0.0819210377
PWY-7791: UMP biosynthesis III|g__Alistipes.s__Alistipes_putredinis	0.4886676140
PWY-7791: UMP biosynthesis III|g__Bacteroides.s__Bacteroides_vulgatus	0.1964191228
PWY-7791: UMP biosynthesis III|g__Gemmiger.s__Gemmiger_formicilis	0.2574101548
PWY-7791: UMP biosynthesis III|g__Collinsella.s__Collinsella_aerofaciens	0.7612060430
PWY-7791: UMP biosynthesis III|g__Prevotella.s__Prevotella_sp_CAG_279	0.2105172555
PWY-7791: UMP biosynthesis III|g__Bacteroides.s__Bacteroides_eggerthii	0.5106728179
PWY-7791: UMP biosynthesis III|g__Blautia.s__Ruminococcus_torques	0.3906483926
PWY-7791: UMP biosynthesis III|g__Bifidobacterium.s__Bifidobacterium_bifidum	0.3889298300
PWY-7791: UMP biosynthesis III|unclassified	0.0000073047
PWY-7791: UMP biosynthesis III|g__Roseburia.s__Roseburia_intestinalis	0.0290268328
PWY-7791: UMP biosynthesis III|g__Eubacterium.s__Eubacterium_eligens	0.4822393074
PWY-7791: UMP biosynthesis III|g__Catenibacterium.s__Catenibacterium_mitsuokai	0.4798005615
PWY-7791: UMP biosynthesis III|g__Bacteroides.s__Bacteroides_ovatus	0.5458576913
PWY-7791: UMP biosynthesis III|g__Lachnospiraceae_unclassified.s__Eubacterium_rectale	0.5535112992
PWY-7791: UMP biosynthesis III|g__Blautia.s__Blautia_wexlerae	0.3859200342
PWY-7791: UMP biosynthesis III|g__Bacteroides.s__Bacteroides_dorei	0.1582242197
PWY-7791: UMP biosynthesis III|g__Bacteroides.s__Bacteroides_massiliensis	0.6041099253
PWY-7791: UMP biosynthesis III|g__Alistipes.s__Alistipes_finegoldii	0.6508122693
PWY-7791: UMP biosynthesis III|g__Anaerostipes.s__Anaerostipes_hadrus	0.3191255174
PWY-7791: UMP biosynthesis III|g__Blautia.s__Blautia_sp	0.2301359239
PWY-7791: UMP biosynthesis III|g__Blautia.s__Blautia_obeum	0.0393241851
PWY-7791: UMP biosynthesis III|g__Eubacterium.s__Eubacterium_sp_CAG_252	0.0944385538
PWY-7791: UMP biosynthesis III|g__Bacteroides.s__Bacteroides_caccae	0.5480429889
PWY-7791: UMP biosynthesis III|g__Bacteroides.s__Bacteroides_salyersiae	0.5876214606
PWY-7791: UMP biosynthesis III|g__Bacteroides.s__Bacteroides_uniformis	0.0004323685
PWY-7221: guanosine ribonucleotides de novo biosynthesis	1.0000000000
PWY-7221: guanosine ribonucleotides de novo biosynthesis|g__Bifidobacterium.s__Bifidobacterium_adolescentis	0.8457391758
PWY-7221: guanosine ribonucleotides de novo biosynthesis|g__Faecalibacterium.s__Faecalibacterium_prausnitzii	0.3222147675
PWY-7221: guanosine ribonucleotides de novo biosynthesis|g__Bacteroides.s__Bacteroides_vulgatus	0.9734661809
PWY-7221: guanosine ribonucleotides de novo biosynthesis|g__Ruminococcus.s__Ruminococcus_bicirculans	0.6868570377
PWY-7221: guanosine ribonucleotides de novo biosynthesis|g__Firmicutes_unclassified.s__Firmicutes_bacterium_CAG_65_45_313	0.6469799906
PWY-7221: guanosine ribonucleotides de novo biosynthesis|unclassified	0.1983870896
PWY-7221: guanosine ribonucleotides de novo biosynthesis|g__Roseburia.s__Roseburia_faecis	0.2272202511
PWY-7221: guanosine ribonucleotides de novo biosynthesis|g__Ruminococcus.s__Ruminococcus_bromii	0.0086889299
PWY-7221: guanosine ribonucleotides de novo biosynthesis|g__Alistipes.s__Alistipes_putredinis	0.4338862243
PWY-7221: guanosine ribonucleotides de novo biosynthesis|g__Prevotella.s__Prevotella_sp_CAG_279	0.4224497438
PWY-7221: guanosine ribonucleotides de novo biosynthesis|g__Blautia.s__Ruminococcus_torques	0.8676444361
PWY-7221: guanosine ribonucleotides de novo biosynthesis|g__Collinsella.s__Collinsella_aerofaciens	0.5530162962
PWY-7221: guanosine ribonucleotides de novo biosynthesis|g__Roseburia.s__Roseburia_intestinalis	0.3420899641
PWY-7221: guanosine ribonucleotides de novo biosynthesis|g__Sutterella.s__Sutterella_sp_CAG_397	0.6632831184
PWY-7221: guanosine ribonucleotides de novo biosynthesis|g__Bacteroides.s__Bacteroides_ovatus	0.8841511570
PWY-7221: guanosine ribonucleotides de novo biosynthesis|g__Bacteroides.s__Bacteroides_eggerthii	0.3655816598
PWY-7221: guanosine ribonucleotides de novo biosynthesis|g__Blautia.s__Blautia_wexlerae	0.7020901489
PWY-7221: guanosine ribonucleotides de novo biosynthesis|g__Eubacterium.s__Eubacterium_eligens	0.4743588494
PWY-7221: guanosine ribonucleotides de novo biosynthesis|g__Ruminococcus.s__Ruminococcus_sp_CAG_403	0.2822829097
PWY-7221: guanosine ribonucleotides de novo biosynthesis|g__Bacteroides.s__Bacteroides_dorei	0.4177002641
PWY-7221: guanosine ribonucleotides de novo biosynthesis|g__Catenibacterium.s__Catenibacterium_mitsuokai	0.2080528979
PWY-7221: guanosine ribonucleotides de novo biosynthesis|g__Bifidobacterium.s__Bifidobacterium_longum	0.0231314741
PWY-7221: guanosine ribonucleotides de novo biosynthesis|g__Bifidobacterium.s__Bifidobacterium_bifidum	0.0022538996
PWY-7221: guanosine ribonucleotides de novo biosynthesis|g__Fusicatenibacter.s__Fusicatenibacter_saccharivorans	0.5230464780
PWY-7221: guanosine ribonucleotides de novo biosynthesis|g__Bacteroides.s__Bacteroides_massiliensis	0.4736210755
PWY-7221: guanosine ribonucleotides de novo biosynthesis|g__Bacteroides.s__Bacteroides_caccae	0.7539517639
PWY-7221: guanosine ribonucleotides de novo biosynthesis|g__Dorea.s__Dorea_longicatena	0.2762625885
PWY-7221: guanosine ribonucleotides de novo biosynthesis|g__Alistipes.s__Alistipes_finegoldii	0.1007917639
PWY-7221: guanosine ribonucleotides de novo biosynthesis|g__Coprococcus.s__Coprococcus_comes	0.3309677329
PWY-7221: guanosine ribonucleotides de novo biosynthesis|g__Roseburia.s__Roseburia_hominis	0.1427504660
PWY-7221: guanosine ribonucleotides de novo biosynthesis|g__Blautia.s__Blautia_sp	0.0497201741
PWY-7221: guanosine ribonucleotides de novo biosynthesis|g__Blautia.s__Blautia_obeum	0.0000689605
PWY-7221: guanosine ribonucleotides de novo biosynthesis|g__Lachnospiraceae_unclassified.s__Eubacterium_rectale	0.0000057187
PWY-7221: guanosine ribonucleotides de novo biosynthesis|g__Bacteroides.s__Bacteroides_thetaiotaomicron	0.5781966568
PWY-7221: guanosine ribonucleotides de novo biosynthesis|g__Bacteroides.s__Bacteroides_finegoldii	0.5783842247
PWY-6163: chorismate biosynthesis from 3-dehydroquinate	1.0000000000
PWY-6163: chorismate biosynthesis from 3-dehydroquinate|g__Faecalibacterium.s__Faecalibacterium_prausnitzii	0.9853985353
PWY-6163: chorismate biosynthesis from 3-dehydroquinate|g__Bifidobacterium.s__Bifidobacterium_adolescentis	0.0901653591
PWY-6163: chorismate biosynthesis from 3-dehydroquinate|unclassified	0.9308865724
PWY-6163: chorismate biosynthesis from 3-dehydroquinate|g__Ruminococcus.s__Ruminococcus_bromii	0.3084227298
PWY-6163: chorismate biosynthesis from 3-dehydroquinate|g__Ruminococcus.s__Ruminococcus_bicirculans	0.2664274653
PWY-6163: chorismate biosynthesis from 3-dehydroquinate|g__Firmicutes_unclassified.s__Firmicutes_bacterium_CAG_65_45_313	0.0805011114
PWY-6163: chorismate biosynthesis from 3-dehydroquinate|g__Bacteroides.s__Bacteroides_vulgatus	0.2522020811
PWY-6163: chorismate biosynthesis from 3-dehydroquinate|g__Roseburia.s__Roseburia_faecis	0.1683421577
PWY-6163: chorismate biosynthesis from 3-dehydroquinate|g__Roseburia.s__Roseburia_intestinalis	0.7368756819
PWY-6163: chorismate biosynthesis from 3-dehydroquinate|g__Blautia.s__Blautia_obeum	0.9735964572
PWY-6163: chorismate biosynthesis from 3-dehydroquinate|g__Blautia.s__Ruminococcus_torques	0.7946712038
PWY-6163: chorismate biosynthesis from 3-dehydroquinate|g__Coprococcus.s__Coprococcus_eutactus	0.2206473492
PWY-6163: chorismate biosynthesis from 3-dehydroquinate|g__Prevotella.s__Prevotella_sp_CAG_279	0.1212687389
PWY-6163: chorismate biosynthesis from 3-dehydroquinate|g__Sutterella.s__Sutterella_sp_CAG_397	0.7801746205
PWY-6163: chorismate biosynthesis from 3-dehydroquinate|g__Bacteroides.s__Bacteroides_eggerthii	0.4798487248
PWY-6163: chorismate biosynthesis from 3-dehydroquinate|g__Bifidobacterium.s__Bifidobacterium_longum	0.6440034816
PWY-6163: chorismate biosynthesis from 3-dehydroquinate|g__Collinsella.s__Collinsella_aerofaciens	0.0485347112
PWY-6163: chorismate biosynthesis from 3-dehydroquinate|g__Bacteroides.s__Bacteroides_dorei	0.4802935294
PWY-6163: chorismate biosynthesis from 3-dehydroquinate|g__Lachnospiraceae_unclassified.s__Eubacterium_rectale	0.5102461471
PWY-6163: chorismate biosynthesis from 3-dehydroquinate|g__Ruminococcus.s__Ruminococcus_sp_CAG_403	0.3327922076
PWY-6163: chorismate biosynthesis from 3-dehydroquinate|g__Bacteroides.s__Bacteroides_ovatus	0.5072780280
PWY-6163: chorismate biosynthesis from 3-dehydroquinate|g__Catenibacterium.s__Catenibacterium_mitsuokai	0.4156646872
PWY-6163: chorismate biosynthesis from 3-dehydroquinate|g__Eubacterium.s__Eubacterium_eligens	0.2295563556
PWY-6163: chorismate biosynthesis from 3-dehydroquinate|g__Fusicatenibacter.s__Fusicatenibacter_saccharivorans	0.5269595241
PWY-6163: chorismate biosynthesis from 3-dehydroquinate|g__Eubacterium.s__Eubacterium_sp_CAG_252	0.4955225495
PWY-6163: chorismate biosynthesis from 3-dehydroquinate|g__Firmicutes_unclassified.s__Firmicutes_bacterium_CAG_41	0.5967979213
PWY-6163: chorismate biosynthesis from 3-dehydroquinate|g__Dorea.s__Dorea_longicatena	0.5367502050
PWY-6163: chorismate biosynthesis from 3-dehydroquinate|g__Bacteroides.s__Bacteroides_massiliensis	0.3330244376
PWY-6163: chorismate biosynthesis from 3-dehydroquinate|g__Subdoligranulum.s__Subdoligranulum_sp_APC924_74	0.6348688508
PWY-6163: chorismate biosynthesis from 3-dehydroquinate|g__Blautia.s__Blautia_sp	0.2902283028
PWY-6163: chorismate biosynthesis from 3-dehydroquinate|g__Clostridium.s__Clostridium_sp_CAG_122	0.2983770159
PWY-6163: chorismate biosynthesis from 3-dehydroquinate|g__Blautia.s__Blautia_wexlerae	0.0133717003
PWY-6163: chorismate biosynthesis from 3-dehydroquinate|g__Eubacterium.s__Eubacterium_sp_CAG_38	0.4421160665
PWY-6163: chorismate biosynthesis from 3-dehydroquinate|g__Bacteroides.s__Bacteroides_uniformis	0.0566565450
PWY-6163: chorismate biosynthesis from 3-dehydroquinate|g__Dialister.s__Dialister_succinatiphilus	0.5097626293
PWY-6163: chorismate biosynthesis from 3-dehydroquinate|g__Eubacterium.s__Eubacterium_hallii	0.3653796630
PWY-6163: chorismate biosynthesis from 3-dehydroquinate|g__Roseburia.s__Roseburia_inulinivorans	0.4472338485
PWY-6163: chorismate biosynthesis from 3-dehydroquinate|g__Megamonas.s__Megamonas_funiformis	0.7232149011
PWY-6163: chorismate biosynthesis from 3-dehydroquinate|g__Bacteroides.s__Bacteroides_caccae	0.3289211885
PWY-6163: chorismate biosynthesis from 3-dehydroquinate|g__Roseburia.s__Roseburia_hominis	0.1142605363
ILEUSYN-PWY: L-isoleucine biosynthesis I (from threonine)	1.0000000000
ILEUSYN-PWY: L-isoleucine biosynthesis I (from threonine)|g__Bifidobacterium.s__Bifidobacterium_adolescentis	0.9292337843
ILEUSYN-PWY: L-isoleucine biosynthesis I (from threonine)|g__Ruminococcus.s__Ruminococcus_bicirculans	0.1498675833
ILEUSYN-PWY: L-isoleucine biosynthesis I (from threonine)|g__Gemmiger.s__Gemmiger_formicilis	0.4496087354
ILEUSYN-PWY: L-isoleucine biosynthesis I (from threonine)|g__Coprococcus.s__Coprococcus_eutactus	0.4276165593
ILEUSYN-PWY: L-isoleucine biosynthesis I (from threonine)|unclassified	0.0015196882
ILEUSYN-PWY: L-isoleucine biosynthesis I (from threonine)|g__Bifidobacterium.s__Bifidobacterium_bifidum	0.7294572001
ILEUSYN-PWY: L-isoleucine biosynthesis I (from threonine)|g__Blautia.s__Ruminococcus_torques	0.4541925597
ILEUSYN-PWY: L-isoleucine biosynthesis I (from threonine)|g__Roseburia.s__Roseburia_intestinalis	0.2542029806
ILEUSYN-PWY: L-isoleucine biosynthesis I (from threonine)|g__Bifidobacterium.s__Bifidobacterium_longum	0.8081461850
ILEUSYN-PWY: L-isoleucine biosynthesis I (from threonine)|g__Bacteroides.s__Bacteroides_eggerthii	0.4302427229
ILEUSYN-PWY: L-isoleucine biosynthesis I (from threonine)|g__Ruminococcus.s__Ruminococcus_sp_CAG_403	0.6569254275
ILEUSYN-PWY: L-isoleucine biosynthesis I (from threonine)|g__Blautia.s__Blautia_wexlerae	0.6403723657
ILEUSYN-PWY: L-isoleucine biosynthesis I (from threonine)|g__Catenibacterium.s__Catenibacterium_mitsuokai	0.5413378649
ILEUSYN-PWY: L-isoleucine biosynthesis I (from threonine)|g__Eubacterium.s__Eubacterium_eligens	0.3582497129
ILEUSYN-PWY: L-isoleucine biosynthesis I (from threonine)|g__Bacteroides.s__Bacteroides_ovatus	0.3169976698
ILEUSYN-PWY: L-isoleucine biosynthesis I (from threonine)|g__Blautia.s__Blautia_sp	0.5371275851
ILEUSYN-PWY: L-isoleucine biosynthesis I (from threonine)|g__Blautia.s__Blautia_obeum	0.0046914027
ILEUSYN-PWY: L-isoleucine biosynthesis I (from threonine)|g__Firmicutes_unclassified.s__Firmicutes_bacterium_CAG_41	0.6360755919
ILEUSYN-PWY: L-isoleucine biosynthesis I (from threonine)|g__Lachnospiraceae_unclassified.s__Eubacterium_rectale	0.0241668223
ILEUSYN-PWY: L-isoleucine biosynthesis I (from threonine)|g__Bacteroides.s__Bacteroides_uniformis	0.1762600599
ILEUSYN-PWY: L-isoleucine biosynthesis I (from threonine)|g__Bacteroides.s__Bacteroides_caccae	0.5362001514
ILEUSYN-PWY: L-isoleucine biosynthesis I (from threonine)|g__Anaerostipes.s__Anaerostipes_hadrus	0.0127899221
ILEUSYN-PWY: L-isoleucine biosynthesis I (from threonine)|g__Roseburia.s__Roseburia_inulinivorans	0.1935175192
ILEUSYN-PWY: L-isoleucine biosynthesis I (from threonine)|g__Roseburia.s__Roseburia_hominis	0.0078940969
ILEUSYN-PWY: L-isoleucine biosynthesis I (from threonine)|g__Bifidobacterium.s__Bifidobacterium_pseudocatenulatum	0.4774336351
NONMEVIPP-PWY: methylerythritol phosphate pathway I	1.0000000000
NONMEVIPP-PWY: methylerythritol phosphate pathway I|g__Bifidobacterium.s__Bifidobacterium_adolescentis	0.0557537821
NONMEVIPP-PWY: methylerythritol phosphate pathway I|g__Ruminococcus.s__Ruminococcus_bicirculans	0.3261998815
NONMEVIPP-PWY: methylerythritol phosphate pathway I|g__Roseburia.s__Roseburia_faecis	0.3103433240
NONMEVIPP-PWY: methylerythritol phosphate pathway I|unclassified	0.3085406960
NONMEVIPP-PWY: methylerythritol phosphate pathway I|g__Firmicutes_unclassified.s__Firmicutes_bacterium_CAG_65_45_313	0.0109120405
NONMEVIPP-PWY: methylerythritol phosphate pathway I|g__Ruminococcus.s__Ruminococcus_bromii	0.0050444456
NONMEVIPP-PWY: methylerythritol phosphate pathway I|g__Bacteroides.s__Bacteroides_vulgatus	0.0999672841
NONMEVIPP-PWY: methylerythritol phosphate pathway I|g__Gemmiger.s__Gemmiger_formicilis	0.3869397471
NONMEVIPP-PWY: methylerythritol phosphate pathway I|g__Alistipes.s__Alistipes_putredinis	0.1914766492
NONMEVIPP-PWY: methylerythritol phosphate pathway I|g__Prevotella.s__Prevotella_sp_CAG_279	0.0044119601
NONMEVIPP-PWY: methylerythritol phosphate pathway I|g__Bacteroides.s__Bacteroides_eggerthii	0.4622659794
NONMEVIPP-PWY: methylerythritol phosphate pathway I|g__Bifidobacterium.s__Bifidobacterium_longum	0.6490261655
NONMEVIPP-PWY: methylerythritol phosphate pathway I|g__Roseburia.s__Roseburia_intestinalis	0.3092194764
NONMEVIPP-PWY: methylerythritol phosphate pathway I|g__Bifidobacterium.s__Bifidobacterium_bifidum	0.2492656819
NONMEVIPP-PWY: methylerythritol phosphate pathway I|g__Eubacterium.s__Eubacterium_eligens	0.7401253199
NONMEVIPP-PWY: methylerythritol phosphate pathway I|g__Collinsella.s__Collinsella_aerofaciens	0.0044026849
NONMEVIPP-PWY: methylerythritol phosphate pathway I|g__Blautia.s__Ruminococcus_torques	0.0276952152
NONMEVIPP-PWY: methylerythritol phosphate pathway I|g__Ruminococcus.s__Ruminococcus_sp_CAG_403	0.2680676096
NONMEVIPP-PWY: methylerythritol phosphate pathway I|g__Bacteroides.s__Bacteroides_dorei	0.2166638352
NONMEVIPP-PWY: methylerythritol phosphate pathway I|g__Fusicatenibacter.s__Fusicatenibacter_saccharivorans	0.2289265974
NONMEVIPP-PWY: methylerythritol phosphate pathway I|g__Bacteroides.s__Bacteroides_ovatus	0.0262037807
NONMEVIPP-PWY: methylerythritol phosphate pathway I|g__Catenibacterium.s__Catenibacterium_mitsuokai	0.0007214390
NONMEVIPP-PWY: methylerythritol phosphate pathway I|g__Bacteroides.s__Bacteroides_uniformis	0.1269909106
NONMEVIPP-PWY: methylerythritol phosphate pathway I|g__Bacteroides.s__Bacteroides_massiliensis	0.1259322752
NONMEVIPP-PWY: methylerythritol phosphate pathway I|g__Clostridium.s__Clostridium_sp_CAG_122	0.2938728927
NONMEVIPP-PWY: methylerythritol phosphate pathway I|g__Blautia.s__Blautia_obeum	0.0171849644
NONMEVIPP-PWY: methylerythritol phosphate pathway I|g__Blautia.s__Blautia_wexlerae	0.0009818428
BRANCHED-CHAIN-AA-SYN-PWY: superpathway of branched chain amino acid biosynthesis	1.0000000000
BRANCHED-CHAIN-AA-SYN-PWY: superpathway of branched chain amino acid biosynthesis|g__Bifidobacterium.s__Bifidobacterium_adolescentis	0.7775456592
BRANCHED-CHAIN-AA-SYN-PWY: superpathway of branched chain amino acid biosynthesis|g__Ruminococcus.s__Ruminococcus_bicirculans	0.1494928160
BRANCHED-CHAIN-AA-SYN-PWY: superpathway of branched chain amino acid biosynthesis|g__Gemmiger.s__Gemmiger_formicilis	0.3851007490
BRANCHED-CHAIN-AA-SYN-PWY: superpathway of branched chain amino acid biosynthesis|unclassified	0.0015194707
BRANCHED-CHAIN-AA-SYN-PWY: superpathway of branched chain amino acid biosynthesis|g__Bifidobacterium.s__Bifidobacterium_bifidum	0.5908565585
BRANCHED-CHAIN-AA-SYN-PWY: superpathway of branched chain amino acid biosynthesis|g__Roseburia.s__Roseburia_intestinalis	0.2949276737
BRANCHED-CHAIN-AA-SYN-PWY: superpathway of branched chain amino acid biosynthesis|g__Bifidobacterium.s__Bifidobacterium_longum	0.8118437439
BRANCHED-CHAIN-AA-SYN-PWY: superpathway of branched chain amino acid biosynthesis|g__Blautia.s__Ruminococcus_torques	0.0301830412
BRANCHED-CHAIN-AA-SYN-PWY: superpathway of branched chain amino acid biosynthesis|g__Bacteroides.s__Bacteroides_eggerthii	0.5096878184
BRANCHED-CHAIN-AA-SYN-PWY: superpathway of branched chain amino acid biosynthesis|g__Ruminococcus.s__Ruminococcus_sp_CAG_403	0.5430349939
BRANCHED-CHAIN-AA-SYN-PWY: superpathway of branched chain amino acid biosynthesis|g__Blautia.s__Blautia_wexlerae	0.6624701827
BRANCHED-CHAIN-AA-SYN-PWY: superpathway of branched chain amino acid biosynthesis|g__Catenibacterium.s__Catenibacterium_mitsuokai	0.5681074458
BRANCHED-CHAIN-AA-SYN-PWY: superpathway of branched chain amino acid biosynthesis|g__Eubacterium.s__Eubacterium_eligens	0.4092013773
BRANCHED-CHAIN-AA-SYN-PWY: superpathway of branched chain amino acid biosynthesis|g__Bacteroides.s__Bacteroides_ovatus	0.2582308214
BRANCHED-CHAIN-AA-SYN-PWY: superpathway of branched chain amino acid biosynthesis|g__Blautia.s__Blautia_obeum	0.0069093534
BRANCHED-CHAIN-AA-SYN-PWY: superpathway of branched chain amino acid biosynthesis|g__Blautia.s__Blautia_sp	0.4493115110
BRANCHED-CHAIN-AA-SYN-PWY: superpathway of branched chain amino acid biosynthesis|g__Firmicutes_unclassified.s__Firmicutes_bacterium_CAG_41	0.5184357826
BRANCHED-CHAIN-AA-SYN-PWY: superpathway of branched chain amino acid biosynthesis|g__Lachnospiraceae_unclassified.s__Eubacterium_rectale	0.0322853586
BRANCHED-CHAIN-AA-SYN-PWY: superpathway of branched chain amino acid biosynthesis|g__Bacteroides.s__Bacteroides_uniformis	0.1876602803
BRANCHED-CHAIN-AA-SYN-PWY: superpathway of branched chain amino acid biosynthesis|g__Bacteroides.s__Bacteroides_caccae	0.6146438081
BRANCHED-CHAIN-AA-SYN-PWY: superpathway of branched chain amino acid biosynthesis|g__Roseburia.s__Roseburia_hominis	0.0078743055
PWY-6386: UDP-N-acetylmuramoyl-pentapeptide biosynthesis II (lysine-containing)	1.0000000000
PWY-6386: UDP-N-acetylmuramoyl-pentapeptide biosynthesis II (lysine-containing)|g__Bifidobacterium.s__Bifidobacterium_adolescentis	0.6395123767
PWY-6386: UDP-N-acetylmuramoyl-pentapeptide biosynthesis II (lysine-containing)|g__Faecalibacterium.s__Faecalibacterium_prausnitzii	0.0045447490
PWY-6386: UDP-N-acetylmuramoyl-pentapeptide biosynthesis II (lysine-containing)|g__Ruminococcus.s__Ruminococcus_bicirculans	0.4963931757
PWY-6386: UDP-N-acetylmuramoyl-pentapeptide biosynthesis II (lysine-containing)|unclassified	0.0001714966
PWY-6386: UDP-N-acetylmuramoyl-pentapeptide biosynthesis II (lysine-containing)|g__Bacteroides.s__Bacteroides_vulgatus	0.1781682305
PWY-6386: UDP-N-acetylmuramoyl-pentapeptide biosynthesis II (lysine-containing)|g__Roseburia.s__Roseburia_faecis	0.3417905928
PWY-6386: UDP-N-acetylmuramoyl-pentapeptide biosynthesis II (lysine-containing)|g__Alistipes.s__Alistipes_putredinis	0.3700565904
PWY-6386: UDP-N-acetylmuramoyl-pentapeptide biosynthesis II (lysine-containing)|g__Gemmiger.s__Gemmiger_formicilis	0.2486235805
PWY-6386: UDP-N-acetylmuramoyl-pentapeptide biosynthesis II (lysine-containing)|g__Collinsella.s__Collinsella_aerofaciens	0.3127568448
PWY-6386: UDP-N-acetylmuramoyl-pentapeptide biosynthesis II (lysine-containing)|g__Blautia.s__Ruminococcus_torques	0.5145551066
PWY-6386: UDP-N-acetylmuramoyl-pentapeptide biosynthesis II (lysine-containing)|g__Bifidobacterium.s__Bifidobacterium_longum	0.3349773702
PWY-6386: UDP-N-acetylmuramoyl-pentapeptide biosynthesis II (lysine-containing)|g__Sutterella.s__Sutterella_sp_CAG_397	0.1830432650
PWY-6386: UDP-N-acetylmuramoyl-pentapeptide biosynthesis II (lysine-containing)|g__Bifidobacterium.s__Bifidobacterium_bifidum	0.1061474871
PWY-6386: UDP-N-acetylmuramoyl-pentapeptide biosynthesis II (lysine-containing)|g__Bacteroides.s__Bacteroides_eggerthii	0.0640176050
PWY-6386: UDP-N-acetylmuramoyl-pentapeptide biosynthesis II (lysine-containing)|g__Catenibacterium.s__Catenibacterium_mitsuokai	0.2153753150
PWY-6386: UDP-N-acetylmuramoyl-pentapeptide biosynthesis II (lysine-containing)|g__Eubacterium.s__Eubacterium_eligens	0.2916299188
PWY-6386: UDP-N-acetylmuramoyl-pentapeptide biosynthesis II (lysine-containing)|g__Blautia.s__Blautia_obeum	0.0921201519
PWY-6386: UDP-N-acetylmuramoyl-pentapeptide biosynthesis II (lysine-containing)|g__Bacteroides.s__Bacteroides_dorei	0.2273074254
PWY-6386: UDP-N-acetylmuramoyl-pentapeptide biosynthesis II (lysine-containing)|g__Blautia.s__Blautia_wexlerae	0.3393720693
PWY-6386: UDP-N-acetylmuramoyl-pentapeptide biosynthesis II (lysine-containing)|g__Bacteroides.s__Bacteroides_ovatus	0.0535028121
PWY-6386: UDP-N-acetylmuramoyl-pentapeptide biosynthesis II (lysine-containing)|g__Lachnospiraceae_unclassified.s__Eubacterium_rectale	0.0982244594
PWY-6386: UDP-N-acetylmuramoyl-pentapeptide biosynthesis II (lysine-containing)|g__Bacteroides.s__Bacteroides_uniformis	0.2597518058
PWY-6386: UDP-N-acetylmuramoyl-pentapeptide biosynthesis II (lysine-containing)|g__Fusicatenibacter.s__Fusicatenibacter_saccharivorans	0.1722882193
PWY-6386: UDP-N-acetylmuramoyl-pentapeptide biosynthesis II (lysine-containing)|g__Bacteroides.s__Bacteroides_massiliensis	0.1385715964
PWY-6386: UDP-N-acetylmuramoyl-pentapeptide biosynthesis II (lysine-containing)|g__Blautia.s__Blautia_sp	0.2620715795
ARO-PWY: chorismate biosynthesis I	1.0000000000
ARO-PWY: chorismate biosynthesis I|g__Bifidobacterium.s__Bifidobacterium_adolescentis	0.1218373011
ARO-PWY: chorismate biosynthesis I|g__Faecalibacterium.s__Faecalibacterium_prausnitzii	0.9861149232
ARO-PWY: chorismate biosynthesis I|unclassified	0.9384248572
ARO-PWY: chorismate biosynthesis I|g__Ruminococcus.s__Ruminococcus_bromii	0.1360699253
ARO-PWY: chorismate biosynthesis I|g__Firmicutes_unclassified.s__Firmicutes_bacterium_CAG_65_45_313	0.0016903723
ARO-PWY: chorismate biosynthesis I|g__Roseburia.s__Roseburia_faecis	0.1782327297
ARO-PWY: chorismate biosynthesis I|g__Blautia.s__Blautia_obeum	0.8788143104
ARO-PWY: chorismate biosynthesis I|g__Roseburia.s__Roseburia_intestinalis	0.1374924498
ARO-PWY: chorismate biosynthesis I|g__Blautia.s__Ruminococcus_torques	0.2712638832
ARO-PWY: chorismate biosynthesis I|g__Sutterella.s__Sutterella_sp_CAG_397	0.7216051808
ARO-PWY: chorismate biosynthesis I|g__Bacteroides.s__Bacteroides_eggerthii	0.3937484132
ARO-PWY: chorismate biosynthesis I|g__Bifidobacterium.s__Bifidobacterium_longum	0.5992090922
ARO-PWY: chorismate biosynthesis I|g__Collinsella.s__Collinsella_aerofaciens	0.0657366835
ARO-PWY: chorismate biosynthesis I|g__Ruminococcus.s__Ruminococcus_sp_CAG_403	0.3959432231
ARO-PWY: chorismate biosynthesis I|g__Lachnospiraceae_unclassified.s__Eubacterium_rectale	0.4803356665
ARO-PWY: chorismate biosynthesis I|g__Bacteroides.s__Bacteroides_dorei	0.2881026071
ARO-PWY: chorismate biosynthesis I|g__Catenibacterium.s__Catenibacterium_mitsuokai	0.4719940339
ARO-PWY: chorismate biosynthesis I|g__Bacteroides.s__Bacteroides_ovatus	0.3511215522
ARO-PWY: chorismate biosynthesis I|g__Eubacterium.s__Eubacterium_eligens	0.2282107244
ARO-PWY: chorismate biosynthesis I|g__Fusicatenibacter.s__Fusicatenibacter_saccharivorans	0.5216118465
ARO-PWY: chorismate biosynthesis I|g__Dorea.s__Dorea_longicatena	0.5812260181
ARO-PWY: chorismate biosynthesis I|g__Eubacterium.s__Eubacterium_sp_CAG_252	0.3549360995
ARO-PWY: chorismate biosynthesis I|g__Eubacterium.s__Eubacterium_sp_CAG_38	0.4594859564
ARO-PWY: chorismate biosynthesis I|g__Blautia.s__Blautia_sp	0.1707165092
ARO-PWY: chorismate biosynthesis I|g__Blautia.s__Blautia_wexlerae	0.0067292311
ARO-PWY: chorismate biosynthesis I|g__Dialister.s__Dialister_succinatiphilus	0.3453561339
ARO-PWY: chorismate biosynthesis I|g__Roseburia.s__Roseburia_hominis	0.0943035968
ARO-PWY: chorismate biosynthesis I|g__Bacteroides.s__Bacteroides_caccae	0.1994503024
COMPLETE-ARO-PWY: superpathway of aromatic amino acid biosynthesis	1.0000000000
COMPLETE-ARO-PWY: superpathway of aromatic amino acid biosynthesis|unclassified	0.8229837826
COMPLETE-ARO-PWY: superpathway of aromatic amino acid biosynthesis|g__Roseburia.s__Roseburia_faecis	0.1381969789
COMPLETE-ARO-PWY: superpathway of aromatic amino acid biosynthesis|g__Roseburia.s__Roseburia_intestinalis	0.0508612694
COMPLETE-ARO-PWY: superpathway of aromatic amino acid biosynthesis|g__Sutterella.s__Sutterella_sp_CAG_397	0.7445490198
COMPLETE-ARO-PWY: superpathway of aromatic amino acid biosynthesis|g__Blautia.s__Ruminococcus_torques	0.1809416786
COMPLETE-ARO-PWY: superpathway of aromatic amino acid biosynthesis|g__Bifidobacterium.s__Bifidobacterium_longum	0.6304481698
COMPLETE-ARO-PWY: superpathway of aromatic amino acid biosynthesis|g__Blautia.s__Blautia_obeum	0.3742767824
COMPLETE-ARO-PWY: superpathway of aromatic amino acid biosynthesis|g__Fusicatenibacter.s__Fusicatenibacter_saccharivorans	0.3584336951
COMPLETE-ARO-PWY: superpathway of aromatic amino acid biosynthesis|g__Eubacterium.s__Eubacterium_eligens	0.0012251159
COMPLETE-ARO-PWY: superpathway of aromatic amino acid biosynthesis|g__Catenibacterium.s__Catenibacterium_mitsuokai	0.0006191108
COMPLETE-ARO-PWY: superpathway of aromatic amino acid biosynthesis|g__Eubacterium.s__Eubacterium_sp_CAG_252	0.3362250585
COMPLETE-ARO-PWY: superpathway of aromatic amino acid biosynthesis|g__Blautia.s__Blautia_wexlerae	0.0043266470
GLYCOGENSYNTH-PWY: glycogen biosynthesis I (from ADP-D-Glucose)	1.0000000000
GLYCOGENSYNTH-PWY: glycogen biosynthesis I (from ADP-D-Glucose)|g__Bifidobacterium.s__Bifidobacterium_adolescentis	0.1175957496
GLYCOGENSYNTH-PWY: glycogen biosynthesis I (from ADP-D-Glucose)|g__Faecalibacterium.s__Faecalibacterium_prausnitzii	0.8572017500
GLYCOGENSYNTH-PWY: glycogen biosynthesis I (from ADP-D-Glucose)|unclassified	0.9997476996
GLYCOGENSYNTH-PWY: glycogen biosynthesis I (from ADP-D-Glucose)|g__Ruminococcus.s__Ruminococcus_bicirculans	0.5336967950
GLYCOGENSYNTH-PWY: glycogen biosynthesis I (from ADP-D-Glucose)|g__Firmicutes_unclassified.s__Firmicutes_bacterium_CAG_65_45_313	0.4913935882
GLYCOGENSYNTH-PWY: glycogen biosynthesis I (from ADP-D-Glucose)|g__Ruminococcus.s__Ruminococcus_bromii	0.4259783873
GLYCOGENSYNTH-PWY: glycogen biosynthesis I (from ADP-D-Glucose)|g__Roseburia.s__Roseburia_faecis	0.8720616956
GLYCOGENSYNTH-PWY: glycogen biosynthesis I (from ADP-D-Glucose)|g__Roseburia.s__Roseburia_intestinalis	0.9884727863
GLYCOGENSYNTH-PWY: glycogen biosynthesis I (from ADP-D-Glucose)|g__Coprococcus.s__Coprococcus_eutactus	0.4600740036
GLYCOGENSYNTH-PWY: glycogen biosynthesis I (from ADP-D-Glucose)|g__Blautia.s__Ruminococcus_torques	0.7725343140
GLYCOGENSYNTH-PWY: glycogen biosynthesis I (from ADP-D-Glucose)|g__Collinsella.s__Collinsella_aerofaciens	0.5292595036
GLYCOGENSYNTH-PWY: glycogen biosynthesis I (from ADP-D-Glucose)|g__Gemmiger.s__Gemmiger_formicilis	0.0649050910
GLYCOGENSYNTH-PWY: glycogen biosynthesis I (from ADP-D-Glucose)|g__Fusicatenibacter.s__Fusicatenibacter_saccharivorans	0.9741470866
GLYCOGENSYNTH-PWY: glycogen biosynthesis I (from ADP-D-Glucose)|g__Bifidobacterium.s__Bifidobacterium_longum	0.6202225234
GLYCOGENSYNTH-PWY: glycogen biosynthesis I (from ADP-D-Glucose)|g__Blautia.s__Blautia_wexlerae	0.8300583102
GLYCOGENSYNTH-PWY: glycogen biosynthesis I (from ADP-D-Glucose)|g__Blautia.s__Blautia_obeum	0.5629590171
GLYCOGENSYNTH-PWY: glycogen biosynthesis I (from ADP-D-Glucose)|g__Eubacterium.s__Eubacterium_eligens	0.6192374090
GLYCOGENSYNTH-PWY: glycogen biosynthesis I (from ADP-D-Glucose)|g__Catenibacterium.s__Catenibacterium_mitsuokai	0.6154865850
GLYCOGENSYNTH-PWY: glycogen biosynthesis I (from ADP-D-Glucose)|g__Ruminococcus.s__Ruminococcus_sp_CAG_403	0.2233808148
GLYCOGENSYNTH-PWY: glycogen biosynthesis I (from ADP-D-Glucose)|g__Blautia.s__Blautia_sp	0.7080742042
GLYCOGENSYNTH-PWY: glycogen biosynthesis I (from ADP-D-Glucose)|g__Anaerostipes.s__Anaerostipes_hadrus	0.6828992223
GLYCOGENSYNTH-PWY: glycogen biosynthesis I (from ADP-D-Glucose)|g__Bifidobacterium.s__Bifidobacterium_bifidum	0.0034093815
GLYCOGENSYNTH-PWY: glycogen biosynthesis I (from ADP-D-Glucose)|g__Eubacterium.s__Eubacterium_hallii	0.7598400894
GLYCOGENSYNTH-PWY: glycogen biosynthesis I (from ADP-D-Glucose)|g__Roseburia.s__Roseburia_hominis	0.7841320579
GLYCOGENSYNTH-PWY: glycogen biosynthesis I (from ADP-D-Glucose)|g__Clostridium.s__Clostridium_sp_CAG_122	0.5078965378
GLYCOGENSYNTH-PWY: glycogen biosynthesis I (from ADP-D-Glucose)|g__Lachnospiraceae_unclassified.s__Eubacterium_rectale	0.0625202241
GLYCOGENSYNTH-PWY: glycogen biosynthesis I (from ADP-D-Glucose)|g__Firmicutes_unclassified.s__Firmicutes_bacterium_CAG_41	0.4364451231
GLYCOGENSYNTH-PWY: glycogen biosynthesis I (from ADP-D-Glucose)|g__Bacteroides.s__Bacteroides_ovatus	0.0180241461
GLYCOGENSYNTH-PWY: glycogen biosynthesis I (from ADP-D-Glucose)|g__Dorea.s__Dorea_longicatena	0.3400536234
GLYCOGENSYNTH-PWY: glycogen biosynthesis I (from ADP-D-Glucose)|g__Clostridium.s__Clostridium_sp_AF36_4	0.4668366186
GLYCOGENSYNTH-PWY: glycogen biosynthesis I (from ADP-D-Glucose)|g__Eubacterium.s__Eubacterium_sp_CAG_38	0.2365789313
GLYCOGENSYNTH-PWY: glycogen biosynthesis I (from ADP-D-Glucose)|g__Megamonas.s__Megamonas_funiformis	0.7856478553
GLYCOGENSYNTH-PWY: glycogen biosynthesis I (from ADP-D-Glucose)|g__Roseburia.s__Roseburia_inulinivorans	0.2263751051
GLYCOGENSYNTH-PWY: glycogen biosynthesis I (from ADP-D-Glucose)|g__Coprococcus.s__Coprococcus_comes	0.2318202418
GLYCOGENSYNTH-PWY: glycogen biosynthesis I (from ADP-D-Glucose)|g__Bacteroides.s__Bacteroides_caccae	0.3152200714
GLYCOGENSYNTH-PWY: glycogen biosynthesis I (from ADP-D-Glucose)|g__Subdoligranulum.s__Subdoligranulum_sp_APC924_74	0.0603969769
GLYCOGENSYNTH-PWY: glycogen biosynthesis I (from ADP-D-Glucose)|g__Blautia.s__Blautia_sp_CAG_52	0.5599060275
GLYCOGENSYNTH-PWY: glycogen biosynthesis I (from ADP-D-Glucose)|g__Megamonas.s__Megamonas_hypermegale	0.3652880694
GLYCOGENSYNTH-PWY: glycogen biosynthesis I (from ADP-D-Glucose)|g__Ruminococcus.s__Ruminococcus_sp_AF31_8BH	0.7058720936
PWY-6387: UDP-N-acetylmuramoyl-pentapeptide biosynthesis I (meso-diaminopimelate containing)	1.0000000000
PWY-6387: UDP-N-acetylmuramoyl-pentapeptide biosynthesis I (meso-diaminopimelate containing)|g__Bifidobacterium.s__Bifidobacterium_adolescentis	0.6402270373
PWY-6387: UDP-N-acetylmuramoyl-pentapeptide biosynthesis I (meso-diaminopimelate containing)|g__Faecalibacterium.s__Faecalibacterium_prausnitzii	0.0037923661
PWY-6387: UDP-N-acetylmuramoyl-pentapeptide biosynthesis I (meso-diaminopimelate containing)|g__Ruminococcus.s__Ruminococcus_bicirculans	0.5673201831
PWY-6387: UDP-N-acetylmuramoyl-pentapeptide biosynthesis I (meso-diaminopimelate containing)|unclassified	0.6944638322
PWY-6387: UDP-N-acetylmuramoyl-pentapeptide biosynthesis I (meso-diaminopimelate containing)|g__Bacteroides.s__Bacteroides_vulgatus	0.2720932611
PWY-6387: UDP-N-acetylmuramoyl-pentapeptide biosynthesis I (meso-diaminopimelate containing)|g__Roseburia.s__Roseburia_faecis	0.3076747024
PWY-6387: UDP-N-acetylmuramoyl-pentapeptide biosynthesis I (meso-diaminopimelate containing)|g__Alistipes.s__Alistipes_putredinis	0.5491891348
PWY-6387: UDP-N-acetylmuramoyl-pentapeptide biosynthesis I (meso-diaminopimelate containing)|g__Gemmiger.s__Gemmiger_formicilis	0.2278610649
PWY-6387: UDP-N-acetylmuramoyl-pentapeptide biosynthesis I (meso-diaminopimelate containing)|g__Blautia.s__Ruminococcus_torques	0.5390186962
PWY-6387: UDP-N-acetylmuramoyl-pentapeptide biosynthesis I (meso-diaminopimelate containing)|g__Roseburia.s__Roseburia_intestinalis	0.3338516631
PWY-6387: UDP-N-acetylmuramoyl-pentapeptide biosynthesis I (meso-diaminopimelate containing)|g__Collinsella.s__Collinsella_aerofaciens	0.1962271176
PWY-6387: UDP-N-acetylmuramoyl-pentapeptide biosynthesis I (meso-diaminopimelate containing)|g__Bacteroides.s__Bacteroides_eggerthii	0.2434150530
PWY-6387: UDP-N-acetylmuramoyl-pentapeptide biosynthesis I (meso-diaminopimelate containing)|g__Bifidobacterium.s__Bifidobacterium_longum	0.1666281833
PWY-6387: UDP-N-acetylmuramoyl-pentapeptide biosynthesis I (meso-diaminopimelate containing)|g__Bacteroides.s__Bacteroides_ovatus	0.6677310360
PWY-6387: UDP-N-acetylmuramoyl-pentapeptide biosynthesis I (meso-diaminopimelate containing)|g__Ruminococcus.s__Ruminococcus_sp_CAG_403	0.2743827454
PWY-6387: UDP-N-acetylmuramoyl-pentapeptide biosynthesis I (meso-diaminopimelate containing)|g__Bifidobacterium.s__Bifidobacterium_bifidum	0.1746601139
PWY-6387: UDP-N-acetylmuramoyl-pentapeptide biosynthesis I (meso-diaminopimelate containing)|g__Sutterella.s__Sutterella_sp_CAG_397	0.1602257361
PWY-6387: UDP-N-acetylmuramoyl-pentapeptide biosynthesis I (meso-diaminopimelate containing)|g__Blautia.s__Blautia_obeum	0.5340672905
PWY-6387: UDP-N-acetylmuramoyl-pentapeptide biosynthesis I (meso-diaminopimelate containing)|g__Catenibacterium.s__Catenibacterium_mitsuokai	0.3102935022
PWY-6387: UDP-N-acetylmuramoyl-pentapeptide biosynthesis I (meso-diaminopimelate containing)|g__Eubacterium.s__Eubacterium_eligens	0.3878396905
PWY-6387: UDP-N-acetylmuramoyl-pentapeptide biosynthesis I (meso-diaminopimelate containing)|g__Blautia.s__Blautia_wexlerae	0.3917327771
PWY-6387: UDP-N-acetylmuramoyl-pentapeptide biosynthesis I (meso-diaminopimelate containing)|g__Bacteroides.s__Bacteroides_dorei	0.1612812979
PWY-6387: UDP-N-acetylmuramoyl-pentapeptide biosynthesis I (meso-diaminopimelate containing)|g__Lachnospiraceae_unclassified.s__Eubacterium_rectale	0.1926229422
PWY-6387: UDP-N-acetylmuramoyl-pentapeptide biosynthesis I (meso-diaminopimelate containing)|g__Fusicatenibacter.s__Fusicatenibacter_saccharivorans	0.3440984096
PWY-6387: UDP-N-acetylmuramoyl-pentapeptide biosynthesis I (meso-diaminopimelate containing)|g__Bacteroides.s__Bacteroides_uniformis	0.2160826604
PWY-6387: UDP-N-acetylmuramoyl-pentapeptide biosynthesis I (meso-diaminopimelate containing)|g__Eubacterium.s__Eubacterium_sp_CAG_252	0.4819824887
PWY-6387: UDP-N-acetylmuramoyl-pentapeptide biosynthesis I (meso-diaminopimelate containing)|g__Dorea.s__Dorea_longicatena	0.5999125269
PWY-6387: UDP-N-acetylmuramoyl-pentapeptide biosynthesis I (meso-diaminopimelate containing)|g__Bacteroides.s__Bacteroides_massiliensis	0.3028316681
PWY-6387: UDP-N-acetylmuramoyl-pentapeptide biosynthesis I (meso-diaminopimelate containing)|g__Blautia.s__Blautia_sp	0.3756582688
PWY-6387: UDP-N-acetylmuramoyl-pentapeptide biosynthesis I (meso-diaminopimelate containing)|g__Sutterella.s__Sutterella_wadsworthensis	0.3398188514
PWY-6387: UDP-N-acetylmuramoyl-pentapeptide biosynthesis I (meso-diaminopimelate containing)|g__Clostridium.s__Clostridium_sp_AF36_4	0.3695683341
DTDPRHAMSYN-PWY: dTDP-&beta;-L-rhamnose biosynthesis	1.0000000000
DTDPRHAMSYN-PWY: dTDP-&beta;-L-rhamnose biosynthesis|g__Faecalibacterium.s__Faecalibacterium_prausnitzii	0.8203580464
DTDPRHAMSYN-PWY: dTDP-&beta;-L-rhamnose biosynthesis|unclassified	0.9993080387
DTDPRHAMSYN-PWY: dTDP-&beta;-L-rhamnose biosynthesis|g__Roseburia.s__Roseburia_intestinalis	0.9998924559
DTDPRHAMSYN-PWY: dTDP-&beta;-L-rhamnose biosynthesis|g__Firmicutes_unclassified.s__Firmicutes_bacterium_CAG_65_45_313	0.3379892765
DTDPRHAMSYN-PWY: dTDP-&beta;-L-rhamnose biosynthesis|g__Bacteroides.s__Bacteroides_vulgatus	0.7850037056
DTDPRHAMSYN-PWY: dTDP-&beta;-L-rhamnose biosynthesis|g__Bacteroides.s__Bacteroides_dorei	0.9988113817
DTDPRHAMSYN-PWY: dTDP-&beta;-L-rhamnose biosynthesis|g__Collinsella.s__Collinsella_aerofaciens	0.8445979785
DTDPRHAMSYN-PWY: dTDP-&beta;-L-rhamnose biosynthesis|g__Gemmiger.s__Gemmiger_formicilis	0.6117062216
DTDPRHAMSYN-PWY: dTDP-&beta;-L-rhamnose biosynthesis|g__Bacteroides.s__Bacteroides_ovatus	0.9971433926
DTDPRHAMSYN-PWY: dTDP-&beta;-L-rhamnose biosynthesis|g__Alistipes.s__Alistipes_putredinis	0.1729165307
DTDPRHAMSYN-PWY: dTDP-&beta;-L-rhamnose biosynthesis|g__Blautia.s__Ruminococcus_torques	0.8587592462
DTDPRHAMSYN-PWY: dTDP-&beta;-L-rhamnose biosynthesis|g__Blautia.s__Blautia_obeum	0.9870073791
DTDPRHAMSYN-PWY: dTDP-&beta;-L-rhamnose biosynthesis|g__Prevotella.s__Prevotella_sp_CAG_279	0.2254500344
DTDPRHAMSYN-PWY: dTDP-&beta;-L-rhamnose biosynthesis|g__Bifidobacterium.s__Bifidobacterium_bifidum	0.6397274489
DTDPRHAMSYN-PWY: dTDP-&beta;-L-rhamnose biosynthesis|g__Bifidobacterium.s__Bifidobacterium_longum	0.6159418590
DTDPRHAMSYN-PWY: dTDP-&beta;-L-rhamnose biosynthesis|g__Bacteroides.s__Bacteroides_eggerthii	0.4923998972
DTDPRHAMSYN-PWY: dTDP-&beta;-L-rhamnose biosynthesis|g__Eubacterium.s__Eubacterium_eligens	0.7054617642
DTDPRHAMSYN-PWY: dTDP-&beta;-L-rhamnose biosynthesis|g__Bacteroides.s__Bacteroides_uniformis	0.8082105312
DTDPRHAMSYN-PWY: dTDP-&beta;-L-rhamnose biosynthesis|g__Blautia.s__Blautia_wexlerae	0.4572934275
DTDPRHAMSYN-PWY: dTDP-&beta;-L-rhamnose biosynthesis|g__Ruminococcus.s__Ruminococcus_sp_CAG_403	0.1692486147
DTDPRHAMSYN-PWY: dTDP-&beta;-L-rhamnose biosynthesis|g__Catenibacterium.s__Catenibacterium_mitsuokai	0.2278240608
DTDPRHAMSYN-PWY: dTDP-&beta;-L-rhamnose biosynthesis|g__Bacteroides.s__Bacteroides_massiliensis	0.5600617688
DTDPRHAMSYN-PWY: dTDP-&beta;-L-rhamnose biosynthesis|g__Anaerostipes.s__Anaerostipes_hadrus	0.6230448550
DTDPRHAMSYN-PWY: dTDP-&beta;-L-rhamnose biosynthesis|g__Fusicatenibacter.s__Fusicatenibacter_saccharivorans	0.4345053606
DTDPRHAMSYN-PWY: dTDP-&beta;-L-rhamnose biosynthesis|g__Eubacterium.s__Eubacterium_sp_CAG_38	0.4767740307
DTDPRHAMSYN-PWY: dTDP-&beta;-L-rhamnose biosynthesis|g__Alistipes.s__Alistipes_finegoldii	0.5520187775
DTDPRHAMSYN-PWY: dTDP-&beta;-L-rhamnose biosynthesis|g__Subdoligranulum.s__Subdoligranulum_sp_APC924_74	0.5040241536
DTDPRHAMSYN-PWY: dTDP-&beta;-L-rhamnose biosynthesis|g__Eubacterium.s__Eubacterium_sp_CAG_252	0.2197353788
DTDPRHAMSYN-PWY: dTDP-&beta;-L-rhamnose biosynthesis|g__Clostridium.s__Clostridium_sp_CAG_122	0.1951924574
DTDPRHAMSYN-PWY: dTDP-&beta;-L-rhamnose biosynthesis|g__Clostridiales_unclassified.s__Clostridiales_bacterium_KLE1615	0.6495284033
DTDPRHAMSYN-PWY: dTDP-&beta;-L-rhamnose biosynthesis|g__Bacteroides.s__Bacteroides_caccae	0.6146736649
DTDPRHAMSYN-PWY: dTDP-&beta;-L-rhamnose biosynthesis|g__Clostridium.s__Clostridium_sp_AF36_4	0.3540368564
DTDPRHAMSYN-PWY: dTDP-&beta;-L-rhamnose biosynthesis|g__Coprococcus.s__Coprococcus_comes	0.3765391009
DTDPRHAMSYN-PWY: dTDP-&beta;-L-rhamnose biosynthesis|g__Roseburia.s__Roseburia_inulinivorans	0.3455583745
DTDPRHAMSYN-PWY: dTDP-&beta;-L-rhamnose biosynthesis|g__Dorea.s__Dorea_longicatena	0.1934274254
DTDPRHAMSYN-PWY: dTDP-&beta;-L-rhamnose biosynthesis|g__Bacteroides.s__Bacteroides_salyersiae	0.5952167069
DTDPRHAMSYN-PWY: dTDP-&beta;-L-rhamnose biosynthesis|g__Parabacteroides.s__Parabacteroides_distasonis	0.9065847767
DTDPRHAMSYN-PWY: dTDP-&beta;-L-rhamnose biosynthesis|g__Lachnospiraceae_unclassified.s__Eubacterium_rectale	0.0000365112
DTDPRHAMSYN-PWY: dTDP-&beta;-L-rhamnose biosynthesis|g__Dorea.s__Dorea_formicigenerans	0.0917841718
PWY-6609: adenine and adenosine salvage III	1.0000000000
PWY-6609: adenine and adenosine salvage III|unclassified	0.9991581499
PWY-6609: adenine and adenosine salvage III|g__Faecalibacterium.s__Faecalibacterium_prausnitzii	0.0004717780
PWY-6609: adenine and adenosine salvage III|g__Firmicutes_unclassified.s__Firmicutes_bacterium_CAG_65_45_313	0.4149626109
PWY-6609: adenine and adenosine salvage III|g__Roseburia.s__Roseburia_faecis	0.7067625526
PWY-6609: adenine and adenosine salvage III|g__Clostridium.s__Clostridium_sp_CAG_568	0.8000519241
PWY-6609: adenine and adenosine salvage III|g__Alistipes.s__Alistipes_putredinis	0.7819742429
PWY-6609: adenine and adenosine salvage III|g__Ruminococcus.s__Ruminococcus_bicirculans	0.0021050524
PWY-6609: adenine and adenosine salvage III|g__Bacteroides.s__Bacteroides_vulgatus	0.1596518424
PWY-6609: adenine and adenosine salvage III|g__Gemmiger.s__Gemmiger_formicilis	0.2290416442
PWY-6609: adenine and adenosine salvage III|g__Prevotella.s__Prevotella_sp_CAG_279	0.2141765693
PWY-6609: adenine and adenosine salvage III|g__Bacteroides.s__Bacteroides_eggerthii	0.4735706611
PWY-6609: adenine and adenosine salvage III|g__Blautia.s__Ruminococcus_torques	0.5519218168
PWY-6609: adenine and adenosine salvage III|g__Roseburia.s__Roseburia_intestinalis	0.1784147852
PWY-6609: adenine and adenosine salvage III|g__Catenibacterium.s__Catenibacterium_mitsuokai	0.4887556617
PWY-6609: adenine and adenosine salvage III|g__Bacteroides.s__Bacteroides_dorei	0.4523592240
PWY-6609: adenine and adenosine salvage III|g__Bacteroides.s__Bacteroides_uniformis	0.8004048061
PWY-6609: adenine and adenosine salvage III|g__Eubacterium.s__Eubacterium_eligens	0.5542969913
PWY-6609: adenine and adenosine salvage III|g__Fusicatenibacter.s__Fusicatenibacter_saccharivorans	0.5486742753
PWY-6609: adenine and adenosine salvage III|g__Clostridium.s__Clostridium_sp_CAG_122	0.8379627369
PWY-6609: adenine and adenosine salvage III|g__Bacteroides.s__Bacteroides_ovatus	0.4035354725
PWY-6609: adenine and adenosine salvage III|g__Ruminococcus.s__Ruminococcus_sp_CAG_403	0.2322624046
PWY-6609: adenine and adenosine salvage III|g__Lachnospiraceae_unclassified.s__Eubacterium_rectale	0.4258042154
PWY-6609: adenine and adenosine salvage III|g__Eubacterium.s__Eubacterium_sp_CAG_38	0.8215271247
PWY-6609: adenine and adenosine salvage III|g__Blautia.s__Blautia_wexlerae	0.2602172985
PWY-6609: adenine and adenosine salvage III|g__Blautia.s__Blautia_obeum	0.1025354986
PWY-6609: adenine and adenosine salvage III|g__Alistipes.s__Alistipes_finegoldii	0.7053450032
PWY-6609: adenine and adenosine salvage III|g__Bacteroides.s__Bacteroides_massiliensis	0.1317190704
PWY-6609: adenine and adenosine salvage III|g__Roseburia.s__Roseburia_inulinivorans	0.5164887897
PWY-6609: adenine and adenosine salvage III|g__Roseburia.s__Roseburia_hominis	0.2222969675
PWY-6609: adenine and adenosine salvage III|g__Bacteroides.s__Bacteroides_clarus	0.4729072298
PWY-5103: L-isoleucine biosynthesis III	1.0000000000
PWY-5103: L-isoleucine biosynthesis III|g__Bifidobacterium.s__Bifidobacterium_adolescentis	0.9010688537
PWY-5103: L-isoleucine biosynthesis III|g__Ruminococcus.s__Ruminococcus_bicirculans	0.1066479333
PWY-5103: L-isoleucine biosynthesis III|g__Gemmiger.s__Gemmiger_formicilis	0.3703105241
PWY-5103: L-isoleucine biosynthesis III|g__Coprococcus.s__Coprococcus_eutactus	0.3689985765
PWY-5103: L-isoleucine biosynthesis III|g__Bifidobacterium.s__Bifidobacterium_bifidum	0.6447470174
PWY-5103: L-isoleucine biosynthesis III|unclassified	0.0009505038
PWY-5103: L-isoleucine biosynthesis III|g__Blautia.s__Ruminococcus_torques	0.3566450393
PWY-5103: L-isoleucine biosynthesis III|g__Roseburia.s__Roseburia_intestinalis	0.1930608382
PWY-5103: L-isoleucine biosynthesis III|g__Bifidobacterium.s__Bifidobacterium_longum	0.7655836354
PWY-5103: L-isoleucine biosynthesis III|g__Bacteroides.s__Bacteroides_eggerthii	0.3952877429
PWY-5103: L-isoleucine biosynthesis III|g__Ruminococcus.s__Ruminococcus_sp_CAG_403	0.5956951639
PWY-5103: L-isoleucine biosynthesis III|g__Blautia.s__Blautia_wexlerae	0.5795393615
PWY-5103: L-isoleucine biosynthesis III|g__Catenibacterium.s__Catenibacterium_mitsuokai	0.4406196969
PWY-5103: L-isoleucine biosynthesis III|g__Eubacterium.s__Eubacterium_eligens	0.2874720218
PWY-5103: L-isoleucine biosynthesis III|g__Bacteroides.s__Bacteroides_ovatus	0.2797258118
PWY-5103: L-isoleucine biosynthesis III|g__Blautia.s__Blautia_sp	0.4792525236
PWY-5103: L-isoleucine biosynthesis III|g__Firmicutes_unclassified.s__Firmicutes_bacterium_CAG_41	0.5717978856
PWY-5103: L-isoleucine biosynthesis III|g__Bacteroides.s__Bacteroides_uniformis	0.1404733216
PWY-5103: L-isoleucine biosynthesis III|g__Blautia.s__Blautia_obeum	0.0029373579
PWY-5103: L-isoleucine biosynthesis III|g__Lachnospiraceae_unclassified.s__Eubacterium_rectale	0.0169092968
PWY-5103: L-isoleucine biosynthesis III|g__Bacteroides.s__Bacteroides_caccae	0.4686697505
PWY-5103: L-isoleucine biosynthesis III|g__Anaerostipes.s__Anaerostipes_hadrus	0.0080679653
PWY-5103: L-isoleucine biosynthesis III|g__Roseburia.s__Roseburia_inulinivorans	0.1326440811
PWY-5103: L-isoleucine biosynthesis III|g__Roseburia.s__Roseburia_hominis	0.0049652121
PWY-5103: L-isoleucine biosynthesis III|g__Bifidobacterium.s__Bifidobacterium_pseudocatenulatum	0.4371550616
PEPTIDOGLYCANSYN-PWY: peptidoglycan biosynthesis I (meso-diaminopimelate containing)	1.0000000000
PEPTIDOGLYCANSYN-PWY: peptidoglycan biosynthesis I (meso-diaminopimelate containing)|g__Bifidobacterium.s__Bifidobacterium_adolescentis	0.4872384937
PEPTIDOGLYCANSYN-PWY: peptidoglycan biosynthesis I (meso-diaminopimelate containing)|unclassified	0.7393954559
PEPTIDOGLYCANSYN-PWY: peptidoglycan biosynthesis I (meso-diaminopimelate containing)|g__Faecalibacterium.s__Faecalibacterium_prausnitzii	0.0000003922
PEPTIDOGLYCANSYN-PWY: peptidoglycan biosynthesis I (meso-diaminopimelate containing)|g__Ruminococcus.s__Ruminococcus_bicirculans	0.3715077102
PEPTIDOGLYCANSYN-PWY: peptidoglycan biosynthesis I (meso-diaminopimelate containing)|g__Bacteroides.s__Bacteroides_vulgatus	0.3067690654
PEPTIDOGLYCANSYN-PWY: peptidoglycan biosynthesis I (meso-diaminopimelate containing)|g__Roseburia.s__Roseburia_faecis	0.2956377440
PEPTIDOGLYCANSYN-PWY: peptidoglycan biosynthesis I (meso-diaminopimelate containing)|g__Alistipes.s__Alistipes_putredinis	0.4517154118
PEPTIDOGLYCANSYN-PWY: peptidoglycan biosynthesis I (meso-diaminopimelate containing)|g__Gemmiger.s__Gemmiger_formicilis	0.1935965576
PEPTIDOGLYCANSYN-PWY: peptidoglycan biosynthesis I (meso-diaminopimelate containing)|g__Blautia.s__Ruminococcus_torques	0.4904771998
PEPTIDOGLYCANSYN-PWY: peptidoglycan biosynthesis I (meso-diaminopimelate containing)|g__Roseburia.s__Roseburia_intestinalis	0.2092419476
PEPTIDOGLYCANSYN-PWY: peptidoglycan biosynthesis I (meso-diaminopimelate containing)|g__Collinsella.s__Collinsella_aerofaciens	0.1440483202
PEPTIDOGLYCANSYN-PWY: peptidoglycan biosynthesis I (meso-diaminopimelate containing)|g__Bacteroides.s__Bacteroides_eggerthii	0.2776063952
PEPTIDOGLYCANSYN-PWY: peptidoglycan biosynthesis I (meso-diaminopimelate containing)|g__Bifidobacterium.s__Bifidobacterium_bifidum	0.2031407682
PEPTIDOGLYCANSYN-PWY: peptidoglycan biosynthesis I (meso-diaminopimelate containing)|g__Bifidobacterium.s__Bifidobacterium_longum	0.1415834227
PEPTIDOGLYCANSYN-PWY: peptidoglycan biosynthesis I (meso-diaminopimelate containing)|g__Bacteroides.s__Bacteroides_ovatus	0.6568455072
PEPTIDOGLYCANSYN-PWY: peptidoglycan biosynthesis I (meso-diaminopimelate containing)|g__Ruminococcus.s__Ruminococcus_sp_CAG_403	0.3044256556
PEPTIDOGLYCANSYN-PWY: peptidoglycan biosynthesis I (meso-diaminopimelate containing)|g__Blautia.s__Blautia_obeum	0.5604601703
PEPTIDOGLYCANSYN-PWY: peptidoglycan biosynthesis I (meso-diaminopimelate containing)|g__Sutterella.s__Sutterella_sp_CAG_397	0.1553060878
PEPTIDOGLYCANSYN-PWY: peptidoglycan biosynthesis I (meso-diaminopimelate containing)|g__Catenibacterium.s__Catenibacterium_mitsuokai	0.3522709563
PEPTIDOGLYCANSYN-PWY: peptidoglycan biosynthesis I (meso-diaminopimelate containing)|g__Eubacterium.s__Eubacterium_eligens	0.4233216628
PEPTIDOGLYCANSYN-PWY: peptidoglycan biosynthesis I (meso-diaminopimelate containing)|g__Blautia.s__Blautia_wexlerae	0.3570097740
PEPTIDOGLYCANSYN-PWY: peptidoglycan biosynthesis I (meso-diaminopimelate containing)|g__Bacteroides.s__Bacteroides_dorei	0.1810806989
PEPTIDOGLYCANSYN-PWY: peptidoglycan biosynthesis I (meso-diaminopimelate containing)|g__Fusicatenibacter.s__Fusicatenibacter_saccharivorans	0.3597866328
PEPTIDOGLYCANSYN-PWY: peptidoglycan biosynthesis I (meso-diaminopimelate containing)|g__Lachnospiraceae_unclassified.s__Eubacterium_rectale	0.0552496029
PEPTIDOGLYCANSYN-PWY: peptidoglycan biosynthesis I (meso-diaminopimelate containing)|g__Bacteroides.s__Bacteroides_massiliensis	0.2971954399
PEPTIDOGLYCANSYN-PWY: peptidoglycan biosynthesis I (meso-diaminopimelate containing)|g__Blautia.s__Blautia_sp	0.3959164185
PEPTIDOGLYCANSYN-PWY: peptidoglycan biosynthesis I (meso-diaminopimelate containing)|g__Dorea.s__Dorea_longicatena	0.4772211065
PEPTIDOGLYCANSYN-PWY: peptidoglycan biosynthesis I (meso-diaminopimelate containing)|g__Bacteroides.s__Bacteroides_uniformis	0.0552767566
PEPTIDOGLYCANSYN-PWY: peptidoglycan biosynthesis I (meso-diaminopimelate containing)|g__Sutterella.s__Sutterella_wadsworthensis	0.3650096312
PEPTIDOGLYCANSYN-PWY: peptidoglycan biosynthesis I (meso-diaminopimelate containing)|g__Clostridium.s__Clostridium_sp_AF36_4	0.4022357032
TRNA-CHARGING-PWY: tRNA charging	1.0000000000
TRNA-CHARGING-PWY: tRNA charging|g__Faecalibacterium.s__Faecalibacterium_prausnitzii	0.0620042724
TRNA-CHARGING-PWY: tRNA charging|unclassified	0.0746162595
TRNA-CHARGING-PWY: tRNA charging|g__Gemmiger.s__Gemmiger_formicilis	0.2445846249
TRNA-CHARGING-PWY: tRNA charging|g__Bacteroides.s__Bacteroides_vulgatus	0.0000413144
TRNA-CHARGING-PWY: tRNA charging|g__Alistipes.s__Alistipes_putredinis	0.2753057876
TRNA-CHARGING-PWY: tRNA charging|g__Blautia.s__Ruminococcus_torques	0.1274421961
TRNA-CHARGING-PWY: tRNA charging|g__Bacteroides.s__Bacteroides_ovatus	0.3839974891
TRNA-CHARGING-PWY: tRNA charging|g__Catenibacterium.s__Catenibacterium_mitsuokai	0.0431674378
TRNA-CHARGING-PWY: tRNA charging|g__Bacteroides.s__Bacteroides_dorei	0.0674844065
TRNA-CHARGING-PWY: tRNA charging|g__Bacteroides.s__Bacteroides_massiliensis	0.3746310617
TRNA-CHARGING-PWY: tRNA charging|g__Lachnospiraceae_unclassified.s__Eubacterium_rectale	0.0083326523
TRNA-CHARGING-PWY: tRNA charging|g__Bacteroides.s__Bacteroides_uniformis	0.0077169243
TRNA-CHARGING-PWY: tRNA charging|g__Bacteroides.s__Bacteroides_caccae	0.3764967408
PWY-6122: 5-aminoimidazole ribonucleotide biosynthesis II	1.0000000000
PWY-6122: 5-aminoimidazole ribonucleotide biosynthesis II|g__Faecalibacterium.s__Faecalibacterium_prausnitzii	0.6445269255
PWY-6122: 5-aminoimidazole ribonucleotide biosynthesis II|g__Bifidobacterium.s__Bifidobacterium_adolescentis	0.0000051496
PWY-6122: 5-aminoimidazole ribonucleotide biosynthesis II|unclassified	0.9995677745
PWY-6122: 5-aminoimidazole ribonucleotide biosynthesis II|g__Firmicutes_unclassified.s__Firmicutes_bacterium_CAG_65_45_313	0.5749928705
PWY-6122: 5-aminoimidazole ribonucleotide biosynthesis II|g__Ruminococcus.s__Ruminococcus_bicirculans	0.1012224545
PWY-6122: 5-aminoimidazole ribonucleotide biosynthesis II|g__Ruminococcus.s__Ruminococcus_bromii	0.1221649842
PWY-6122: 5-aminoimidazole ribonucleotide biosynthesis II|g__Coprococcus.s__Coprococcus_eutactus	0.4581524611
PWY-6122: 5-aminoimidazole ribonucleotide biosynthesis II|g__Collinsella.s__Collinsella_aerofaciens	0.8955164164
PWY-6122: 5-aminoimidazole ribonucleotide biosynthesis II|g__Gemmiger.s__Gemmiger_formicilis	0.4548130604
PWY-6122: 5-aminoimidazole ribonucleotide biosynthesis II|g__Alistipes.s__Alistipes_putredinis	0.3130294765
PWY-6122: 5-aminoimidazole ribonucleotide biosynthesis II|g__Roseburia.s__Roseburia_faecis	0.0696011748
PWY-6122: 5-aminoimidazole ribonucleotide biosynthesis II|g__Prevotella.s__Prevotella_sp_CAG_279	0.2388060282
PWY-6122: 5-aminoimidazole ribonucleotide biosynthesis II|g__Catenibacterium.s__Catenibacterium_mitsuokai	0.9465789173
PWY-6122: 5-aminoimidazole ribonucleotide biosynthesis II|g__Bacteroides.s__Bacteroides_eggerthii	0.4520931277
PWY-6122: 5-aminoimidazole ribonucleotide biosynthesis II|g__Bifidobacterium.s__Bifidobacterium_bifidum	0.3205354671
PWY-6122: 5-aminoimidazole ribonucleotide biosynthesis II|g__Blautia.s__Ruminococcus_torques	0.3588470938
PWY-6122: 5-aminoimidazole ribonucleotide biosynthesis II|g__Roseburia.s__Roseburia_intestinalis	0.1205770170
PWY-6122: 5-aminoimidazole ribonucleotide biosynthesis II|g__Blautia.s__Blautia_obeum	0.6885238145
PWY-6122: 5-aminoimidazole ribonucleotide biosynthesis II|g__Bifidobacterium.s__Bifidobacterium_longum	0.2518545657
PWY-6122: 5-aminoimidazole ribonucleotide biosynthesis II|g__Eubacterium.s__Eubacterium_eligens	0.5781794464
PWY-6122: 5-aminoimidazole ribonucleotide biosynthesis II|g__Sutterella.s__Sutterella_sp_CAG_397	0.2650896954
PWY-6122: 5-aminoimidazole ribonucleotide biosynthesis II|g__Bacteroides.s__Bacteroides_vulgatus	0.0000000319
PWY-6122: 5-aminoimidazole ribonucleotide biosynthesis II|g__Bacteroides.s__Bacteroides_ovatus	0.3640305418
PWY-6122: 5-aminoimidazole ribonucleotide biosynthesis II|g__Ruminococcus.s__Ruminococcus_sp_CAG_403	0.1923733443
PWY-6122: 5-aminoimidazole ribonucleotide biosynthesis II|g__Lachnospiraceae_unclassified.s__Eubacterium_rectale	0.3123953904
PWY-6122: 5-aminoimidazole ribonucleotide biosynthesis II|g__Bacteroides.s__Bacteroides_dorei	0.1719575618
PWY-6122: 5-aminoimidazole ribonucleotide biosynthesis II|g__Eubacterium.s__Eubacterium_sp_CAG_252	0.6606052072
PWY-6122: 5-aminoimidazole ribonucleotide biosynthesis II|g__Blautia.s__Blautia_sp	0.6349534931
PWY-6122: 5-aminoimidazole ribonucleotide biosynthesis II|g__Bifidobacterium.s__Bifidobacterium_pseudocatenulatum	0.9833900436
PWY-6122: 5-aminoimidazole ribonucleotide biosynthesis II|g__Bacteroides.s__Bacteroides_uniformis	0.1941257903
PWY-6122: 5-aminoimidazole ribonucleotide biosynthesis II|g__Blautia.s__Blautia_wexlerae	0.0999663821
PWY-6122: 5-aminoimidazole ribonucleotide biosynthesis II|g__Bacteroides.s__Bacteroides_massiliensis	0.3093487833
PWY-6122: 5-aminoimidazole ribonucleotide biosynthesis II|g__Anaerostipes.s__Anaerostipes_hadrus	0.3150941197
PWY-6122: 5-aminoimidazole ribonucleotide biosynthesis II|g__Clostridium.s__Clostridium_sp_CAG_122	0.3279561279
PWY-6122: 5-aminoimidazole ribonucleotide biosynthesis II|g__Subdoligranulum.s__Subdoligranulum_sp_APC924_74	0.4504418090
PWY-6122: 5-aminoimidazole ribonucleotide biosynthesis II|g__Sutterella.s__Sutterella_wadsworthensis	0.3836157318
PWY-6122: 5-aminoimidazole ribonucleotide biosynthesis II|g__Firmicutes_unclassified.s__Firmicutes_bacterium_CAG_41	0.2218295983
PWY-6122: 5-aminoimidazole ribonucleotide biosynthesis II|g__Alistipes.s__Alistipes_finegoldii	0.2919106250
PWY-6122: 5-aminoimidazole ribonucleotide biosynthesis II|g__Dorea.s__Dorea_longicatena	0.2479492142
PWY-6122: 5-aminoimidazole ribonucleotide biosynthesis II|g__Eubacterium.s__Eubacterium_sp_CAG_38	0.2364171791
PWY-6122: 5-aminoimidazole ribonucleotide biosynthesis II|g__Agathobaculum.s__Agathobaculum_butyriciproducens	0.4584537815
PWY-6122: 5-aminoimidazole ribonucleotide biosynthesis II|g__Roseburia.s__Roseburia_inulinivorans	0.4342661390
PWY-6122: 5-aminoimidazole ribonucleotide biosynthesis II|g__Bacteroides.s__Bacteroides_caccae	0.4482672844
PWY-6122: 5-aminoimidazole ribonucleotide biosynthesis II|g__Bacteroides.s__Bacteroides_thetaiotaomicron	0.6458576563
PWY-6122: 5-aminoimidazole ribonucleotide biosynthesis II|g__Roseburia.s__Roseburia_hominis	0.0010735945
PWY-6122: 5-aminoimidazole ribonucleotide biosynthesis II|g__Bacteroides.s__Bacteroides_clarus	0.3776432527
PWY-6122: 5-aminoimidazole ribonucleotide biosynthesis II|g__Alistipes.s__Alistipes_onderdonkii	0.2633777257
PWY-6277: superpathway of 5-aminoimidazole ribonucleotide biosynthesis	1.0000000000
PWY-6277: superpathway of 5-aminoimidazole ribonucleotide biosynthesis|g__Faecalibacterium.s__Faecalibacterium_prausnitzii	0.6445269255
PWY-6277: superpathway of 5-aminoimidazole ribonucleotide biosynthesis|g__Bifidobacterium.s__Bifidobacterium_adolescentis	0.0000051496
PWY-6277: superpathway of 5-aminoimidazole ribonucleotide biosynthesis|unclassified	0.9995677745
PWY-6277: superpathway of 5-aminoimidazole ribonucleotide biosynthesis|g__Firmicutes_unclassified.s__Firmicutes_bacterium_CAG_65_45_313	0.5749928705
PWY-6277: superpathway of 5-aminoimidazole ribonucleotide biosynthesis|g__Ruminococcus.s__Ruminococcus_bicirculans	0.1012224545
PWY-6277: superpathway of 5-aminoimidazole ribonucleotide biosynthesis|g__Ruminococcus.s__Ruminococcus_bromii	0.1221649842
PWY-6277: superpathway of 5-aminoimidazole ribonucleotide biosynthesis|g__Coprococcus.s__Coprococcus_eutactus	0.4581524611
PWY-6277: superpathway of 5-aminoimidazole ribonucleotide biosynthesis|g__Collinsella.s__Collinsella_aerofaciens	0.8955164164
PWY-6277: superpathway of 5-aminoimidazole ribonucleotide biosynthesis|g__Gemmiger.s__Gemmiger_formicilis	0.4548130604
PWY-6277: superpathway of 5-aminoimidazole ribonucleotide biosynthesis|g__Alistipes.s__Alistipes_putredinis	0.3130294765
PWY-6277: superpathway of 5-aminoimidazole ribonucleotide biosynthesis|g__Roseburia.s__Roseburia_faecis	0.0696011748
PWY-6277: superpathway of 5-aminoimidazole ribonucleotide biosynthesis|g__Prevotella.s__Prevotella_sp_CAG_279	0.2388060282
PWY-6277: superpathway of 5-aminoimidazole ribonucleotide biosynthesis|g__Catenibacterium.s__Catenibacterium_mitsuokai	0.9465789173
PWY-6277: superpathway of 5-aminoimidazole ribonucleotide biosynthesis|g__Bacteroides.s__Bacteroides_eggerthii	0.4520931277
PWY-6277: superpathway of 5-aminoimidazole ribonucleotide biosynthesis|g__Bifidobacterium.s__Bifidobacterium_bifidum	0.3205354671
PWY-6277: superpathway of 5-aminoimidazole ribonucleotide biosynthesis|g__Blautia.s__Ruminococcus_torques	0.3588470938
PWY-6277: superpathway of 5-aminoimidazole ribonucleotide biosynthesis|g__Roseburia.s__Roseburia_intestinalis	0.1205770170
PWY-6277: superpathway of 5-aminoimidazole ribonucleotide biosynthesis|g__Blautia.s__Blautia_obeum	0.6885238145
PWY-6277: superpathway of 5-aminoimidazole ribonucleotide biosynthesis|g__Bifidobacterium.s__Bifidobacterium_longum	0.2518545657
PWY-6277: superpathway of 5-aminoimidazole ribonucleotide biosynthesis|g__Eubacterium.s__Eubacterium_eligens	0.5781794464
PWY-6277: superpathway of 5-aminoimidazole ribonucleotide biosynthesis|g__Sutterella.s__Sutterella_sp_CAG_397	0.2650896954
PWY-6277: superpathway of 5-aminoimidazole ribonucleotide biosynthesis|g__Bacteroides.s__Bacteroides_vulgatus	0.0000000319
PWY-6277: superpathway of 5-aminoimidazole ribonucleotide biosynthesis|g__Bacteroides.s__Bacteroides_ovatus	0.3640305418
PWY-6277: superpathway of 5-aminoimidazole ribonucleotide biosynthesis|g__Ruminococcus.s__Ruminococcus_sp_CAG_403	0.1923733443
PWY-6277: superpathway of 5-aminoimidazole ribonucleotide biosynthesis|g__Lachnospiraceae_unclassified.s__Eubacterium_rectale	0.3123953904
PWY-6277: superpathway of 5-aminoimidazole ribonucleotide biosynthesis|g__Bacteroides.s__Bacteroides_dorei	0.1719575618
PWY-6277: superpathway of 5-aminoimidazole ribonucleotide biosynthesis|g__Eubacterium.s__Eubacterium_sp_CAG_252	0.6606052072
PWY-6277: superpathway of 5-aminoimidazole ribonucleotide biosynthesis|g__Blautia.s__Blautia_sp	0.6349534931
PWY-6277: superpathway of 5-aminoimidazole ribonucleotide biosynthesis|g__Bifidobacterium.s__Bifidobacterium_pseudocatenulatum	0.9833900436
PWY-6277: superpathway of 5-aminoimidazole ribonucleotide biosynthesis|g__Bacteroides.s__Bacteroides_uniformis	0.1941257903
PWY-6277: superpathway of 5-aminoimidazole ribonucleotide biosynthesis|g__Blautia.s__Blautia_wexlerae	0.0999663821
PWY-6277: superpathway of 5-aminoimidazole ribonucleotide biosynthesis|g__Bacteroides.s__Bacteroides_massiliensis	0.3093487833
PWY-6277: superpathway of 5-aminoimidazole ribonucleotide biosynthesis|g__Anaerostipes.s__Anaerostipes_hadrus	0.3150941197
PWY-6277: superpathway of 5-aminoimidazole ribonucleotide biosynthesis|g__Clostridium.s__Clostridium_sp_CAG_122	0.3279561279
PWY-6277: superpathway of 5-aminoimidazole ribonucleotide biosynthesis|g__Subdoligranulum.s__Subdoligranulum_sp_APC924_74	0.4504418090
PWY-6277: superpathway of 5-aminoimidazole ribonucleotide biosynthesis|g__Sutterella.s__Sutterella_wadsworthensis	0.3836157318
PWY-6277: superpathway of 5-aminoimidazole ribonucleotide biosynthesis|g__Firmicutes_unclassified.s__Firmicutes_bacterium_CAG_41	0.2218295983
PWY-6277: superpathway of 5-aminoimidazole ribonucleotide biosynthesis|g__Alistipes.s__Alistipes_finegoldii	0.2919106250
PWY-6277: superpathway of 5-aminoimidazole ribonucleotide biosynthesis|g__Dorea.s__Dorea_longicatena	0.2479492142
PWY-6277: superpathway of 5-aminoimidazole ribonucleotide biosynthesis|g__Eubacterium.s__Eubacterium_sp_CAG_38	0.2364171791
PWY-6277: superpathway of 5-aminoimidazole ribonucleotide biosynthesis|g__Agathobaculum.s__Agathobaculum_butyriciproducens	0.4584537815
PWY-6277: superpathway of 5-aminoimidazole ribonucleotide biosynthesis|g__Roseburia.s__Roseburia_inulinivorans	0.4342661390
PWY-6277: superpathway of 5-aminoimidazole ribonucleotide biosynthesis|g__Bacteroides.s__Bacteroides_caccae	0.4482672844
PWY-6277: superpathway of 5-aminoimidazole ribonucleotide biosynthesis|g__Bacteroides.s__Bacteroides_thetaiotaomicron	0.6458576563
PWY-6277: superpathway of 5-aminoimidazole ribonucleotide biosynthesis|g__Roseburia.s__Roseburia_hominis	0.0010735945
PWY-6277: superpathway of 5-aminoimidazole ribonucleotide biosynthesis|g__Bacteroides.s__Bacteroides_clarus	0.3776432527
PWY-6277: superpathway of 5-aminoimidazole ribonucleotide biosynthesis|g__Alistipes.s__Alistipes_onderdonkii	0.2633777257
ARGSYNBSUB-PWY: L-arginine biosynthesis II (acetyl cycle)	1.0000000000
ARGSYNBSUB-PWY: L-arginine biosynthesis II (acetyl cycle)|g__Bifidobacterium.s__Bifidobacterium_adolescentis	0.0135992485
ARGSYNBSUB-PWY: L-arginine biosynthesis II (acetyl cycle)|g__Faecalibacterium.s__Faecalibacterium_prausnitzii	0.5691300484
ARGSYNBSUB-PWY: L-arginine biosynthesis II (acetyl cycle)|unclassified	0.7550906245
ARGSYNBSUB-PWY: L-arginine biosynthesis II (acetyl cycle)|g__Ruminococcus.s__Ruminococcus_bicirculans	0.5837003152
ARGSYNBSUB-PWY: L-arginine biosynthesis II (acetyl cycle)|g__Ruminococcus.s__Ruminococcus_bromii	0.5734751302
ARGSYNBSUB-PWY: L-arginine biosynthesis II (acetyl cycle)|g__Firmicutes_unclassified.s__Firmicutes_bacterium_CAG_65_45_313	0.1707047949
ARGSYNBSUB-PWY: L-arginine biosynthesis II (acetyl cycle)|g__Gemmiger.s__Gemmiger_formicilis	0.5892621461
ARGSYNBSUB-PWY: L-arginine biosynthesis II (acetyl cycle)|g__Roseburia.s__Roseburia_faecis	0.2648885178
ARGSYNBSUB-PWY: L-arginine biosynthesis II (acetyl cycle)|g__Collinsella.s__Collinsella_aerofaciens	0.5674872953
ARGSYNBSUB-PWY: L-arginine biosynthesis II (acetyl cycle)|g__Roseburia.s__Roseburia_intestinalis	0.3106690970
ARGSYNBSUB-PWY: L-arginine biosynthesis II (acetyl cycle)|g__Sutterella.s__Sutterella_sp_CAG_397	0.5475462366
ARGSYNBSUB-PWY: L-arginine biosynthesis II (acetyl cycle)|g__Blautia.s__Blautia_wexlerae	0.7753270967
ARGSYNBSUB-PWY: L-arginine biosynthesis II (acetyl cycle)|g__Bifidobacterium.s__Bifidobacterium_bifidum	0.2875588147
ARGSYNBSUB-PWY: L-arginine biosynthesis II (acetyl cycle)|g__Blautia.s__Ruminococcus_torques	0.2115236724
ARGSYNBSUB-PWY: L-arginine biosynthesis II (acetyl cycle)|g__Ruminococcus.s__Ruminococcus_sp_CAG_403	0.6282944677
ARGSYNBSUB-PWY: L-arginine biosynthesis II (acetyl cycle)|g__Bifidobacterium.s__Bifidobacterium_longum	0.3014138437
ARGSYNBSUB-PWY: L-arginine biosynthesis II (acetyl cycle)|g__Eubacterium.s__Eubacterium_eligens	0.2441129310
ARGSYNBSUB-PWY: L-arginine biosynthesis II (acetyl cycle)|g__Blautia.s__Blautia_sp	0.7174211535
ARGSYNBSUB-PWY: L-arginine biosynthesis II (acetyl cycle)|g__Fusicatenibacter.s__Fusicatenibacter_saccharivorans	0.4468855831
ARGSYNBSUB-PWY: L-arginine biosynthesis II (acetyl cycle)|g__Catenibacterium.s__Catenibacterium_mitsuokai	0.1487704140
ARGSYNBSUB-PWY: L-arginine biosynthesis II (acetyl cycle)|g__Eubacterium.s__Eubacterium_sp_CAG_252	0.1398368323
ARGSYNBSUB-PWY: L-arginine biosynthesis II (acetyl cycle)|g__Lachnospiraceae_unclassified.s__Eubacterium_rectale	0.0031001685
ARGSYNBSUB-PWY: L-arginine biosynthesis II (acetyl cycle)|g__Clostridium.s__Clostridium_sp_CAG_122	0.3273883896
ARGSYNBSUB-PWY: L-arginine biosynthesis II (acetyl cycle)|g__Roseburia.s__Roseburia_hominis	0.4923673692
ARGSYNBSUB-PWY: L-arginine biosynthesis II (acetyl cycle)|g__Eubacterium.s__Eubacterium_sp_CAG_38	0.4093193257
ARGSYNBSUB-PWY: L-arginine biosynthesis II (acetyl cycle)|g__Clostridium.s__Clostridium_sp_AF36_4	0.4836724032
ARGSYNBSUB-PWY: L-arginine biosynthesis II (acetyl cycle)|g__Blautia.s__Blautia_obeum	0.0000002110
PWY-6151: S-adenosyl-L-methionine salvage I	1.0000000000
PWY-6151: S-adenosyl-L-methionine salvage I|g__Bifidobacterium.s__Bifidobacterium_adolescentis	0.8211335940
PWY-6151: S-adenosyl-L-methionine salvage I|g__Faecalibacterium.s__Faecalibacterium_prausnitzii	0.0613452124
PWY-6151: S-adenosyl-L-methionine salvage I|g__Ruminococcus.s__Ruminococcus_bromii	0.1087828427
PWY-6151: S-adenosyl-L-methionine salvage I|unclassified	0.7065898267
PWY-6151: S-adenosyl-L-methionine salvage I|g__Firmicutes_unclassified.s__Firmicutes_bacterium_CAG_65_45_313	0.1686527894
PWY-6151: S-adenosyl-L-methionine salvage I|g__Roseburia.s__Roseburia_faecis	0.6016056242
PWY-6151: S-adenosyl-L-methionine salvage I|g__Coprococcus.s__Coprococcus_eutactus	0.6334798630
PWY-6151: S-adenosyl-L-methionine salvage I|g__Gemmiger.s__Gemmiger_formicilis	0.4001130378
PWY-6151: S-adenosyl-L-methionine salvage I|g__Prevotella.s__Prevotella_sp_CAG_279	0.0686138679
PWY-6151: S-adenosyl-L-methionine salvage I|g__Collinsella.s__Collinsella_aerofaciens	0.4088068218
PWY-6151: S-adenosyl-L-methionine salvage I|g__Blautia.s__Ruminococcus_torques	0.7499221530
PWY-6151: S-adenosyl-L-methionine salvage I|g__Bacteroides.s__Bacteroides_eggerthii	0.6507542332
PWY-6151: S-adenosyl-L-methionine salvage I|g__Bacteroides.s__Bacteroides_dorei	0.8648052163
PWY-6151: S-adenosyl-L-methionine salvage I|g__Bifidobacterium.s__Bifidobacterium_longum	0.6698199586
PWY-6151: S-adenosyl-L-methionine salvage I|g__Bacteroides.s__Bacteroides_vulgatus	0.0009338883
PWY-6151: S-adenosyl-L-methionine salvage I|g__Blautia.s__Blautia_wexlerae	0.8904014752
PWY-6151: S-adenosyl-L-methionine salvage I|g__Roseburia.s__Roseburia_intestinalis	0.1998879254
PWY-6151: S-adenosyl-L-methionine salvage I|g__Bifidobacterium.s__Bifidobacterium_bifidum	0.3037005039
PWY-6151: S-adenosyl-L-methionine salvage I|g__Catenibacterium.s__Catenibacterium_mitsuokai	0.6947112082
PWY-6151: S-adenosyl-L-methionine salvage I|g__Eubacterium.s__Eubacterium_eligens	0.4848818402
PWY-6151: S-adenosyl-L-methionine salvage I|g__Clostridium.s__Clostridium_sp_CAG_122	0.7554931785
PWY-6151: S-adenosyl-L-methionine salvage I|g__Ruminococcus.s__Ruminococcus_sp_CAG_403	0.0681739088
PWY-6151: S-adenosyl-L-methionine salvage I|g__Bacteroides.s__Bacteroides_uniformis	0.4673990110
PWY-6151: S-adenosyl-L-methionine salvage I|g__Lachnospiraceae_unclassified.s__Eubacterium_rectale	0.1550421956
PWY-6151: S-adenosyl-L-methionine salvage I|g__Anaerostipes.s__Anaerostipes_hadrus	0.2392170693
PWY-6151: S-adenosyl-L-methionine salvage I|g__Eubacterium.s__Eubacterium_sp_CAG_252	0.3746115619
PWY-6151: S-adenosyl-L-methionine salvage I|g__Clostridium.s__Clostridium_sp_AF36_4	0.3337057515
PWY-6151: S-adenosyl-L-methionine salvage I|g__Dorea.s__Dorea_longicatena	0.1521705624
PWY-6151: S-adenosyl-L-methionine salvage I|g__Roseburia.s__Roseburia_hominis	0.0245598647
PWY-6385: peptidoglycan biosynthesis III (mycobacteria)	1.0000000000
PWY-6385: peptidoglycan biosynthesis III (mycobacteria)|g__Bifidobacterium.s__Bifidobacterium_adolescentis	0.6829072112
PWY-6385: peptidoglycan biosynthesis III (mycobacteria)|g__Ruminococcus.s__Ruminococcus_bicirculans	0.4409069576
PWY-6385: peptidoglycan biosynthesis III (mycobacteria)|g__Bacteroides.s__Bacteroides_vulgatus	0.2975086163
PWY-6385: peptidoglycan biosynthesis III (mycobacteria)|g__Roseburia.s__Roseburia_faecis	0.1573973285
PWY-6385: peptidoglycan biosynthesis III (mycobacteria)|g__Alistipes.s__Alistipes_putredinis	0.3084835850
PWY-6385: peptidoglycan biosynthesis III (mycobacteria)|unclassified	0.0001071903
PWY-6385: peptidoglycan biosynthesis III (mycobacteria)|g__Blautia.s__Ruminococcus_torques	0.4904771998
PWY-6385: peptidoglycan biosynthesis III (mycobacteria)|g__Collinsella.s__Collinsella_aerofaciens	0.1268020078
PWY-6385: peptidoglycan biosynthesis III (mycobacteria)|g__Bacteroides.s__Bacteroides_eggerthii	0.2835246415
PWY-6385: peptidoglycan biosynthesis III (mycobacteria)|g__Bacteroides.s__Bacteroides_ovatus	0.6734673166
PWY-6385: peptidoglycan biosynthesis III (mycobacteria)|g__Sutterella.s__Sutterella_sp_CAG_397	0.1871244620
PWY-6385: peptidoglycan biosynthesis III (mycobacteria)|g__Bifidobacterium.s__Bifidobacterium_bifidum	0.0978178357
PWY-6385: peptidoglycan biosynthesis III (mycobacteria)|g__Catenibacterium.s__Catenibacterium_mitsuokai	0.3543872850
PWY-6385: peptidoglycan biosynthesis III (mycobacteria)|g__Eubacterium.s__Eubacterium_eligens	0.3109062882
PWY-6385: peptidoglycan biosynthesis III (mycobacteria)|g__Blautia.s__Blautia_obeum	0.0938982928
PWY-6385: peptidoglycan biosynthesis III (mycobacteria)|g__Bacteroides.s__Bacteroides_dorei	0.1846090773
PWY-6385: peptidoglycan biosynthesis III (mycobacteria)|g__Blautia.s__Blautia_wexlerae	0.3107721034
PWY-6385: peptidoglycan biosynthesis III (mycobacteria)|g__Lachnospiraceae_unclassified.s__Eubacterium_rectale	0.0552496029
PWY-6385: peptidoglycan biosynthesis III (mycobacteria)|g__Bacteroides.s__Bacteroides_massiliensis	0.2994132352
PWY-6385: peptidoglycan biosynthesis III (mycobacteria)|g__Bacteroides.s__Bacteroides_uniformis	0.0565621936
PWY-6385: peptidoglycan biosynthesis III (mycobacteria)|g__Blautia.s__Blautia_sp	0.2786578007
PWY-6385: peptidoglycan biosynthesis III (mycobacteria)|g__Sutterella.s__Sutterella_wadsworthensis	0.3480644577
COA-PWY-1: superpathway of coenzyme A biosynthesis III (mammals)	1.0000000000
COA-PWY-1: superpathway of coenzyme A biosynthesis III (mammals)|g__Bifidobacterium.s__Bifidobacterium_adolescentis	0.0010409457
COA-PWY-1: superpathway of coenzyme A biosynthesis III (mammals)|g__Faecalibacterium.s__Faecalibacterium_prausnitzii	0.1088189911
COA-PWY-1: superpathway of coenzyme A biosynthesis III (mammals)|g__Ruminococcus.s__Ruminococcus_bicirculans	0.2744678350
COA-PWY-1: superpathway of coenzyme A biosynthesis III (mammals)|unclassified	0.3359261529
COA-PWY-1: superpathway of coenzyme A biosynthesis III (mammals)|g__Roseburia.s__Roseburia_faecis	0.3458015727
COA-PWY-1: superpathway of coenzyme A biosynthesis III (mammals)|g__Alistipes.s__Alistipes_putredinis	0.5600166452
COA-PWY-1: superpathway of coenzyme A biosynthesis III (mammals)|g__Gemmiger.s__Gemmiger_formicilis	0.3426628576
COA-PWY-1: superpathway of coenzyme A biosynthesis III (mammals)|g__Bacteroides.s__Bacteroides_vulgatus	0.0890045197
COA-PWY-1: superpathway of coenzyme A biosynthesis III (mammals)|g__Prevotella.s__Prevotella_sp_CAG_279	0.0322193341
COA-PWY-1: superpathway of coenzyme A biosynthesis III (mammals)|g__Collinsella.s__Collinsella_aerofaciens	0.0415583260
COA-PWY-1: superpathway of coenzyme A biosynthesis III (mammals)|g__Catenibacterium.s__Catenibacterium_mitsuokai	0.5506002785
COA-PWY-1: superpathway of coenzyme A biosynthesis III (mammals)|g__Roseburia.s__Roseburia_intestinalis	0.1200349445
COA-PWY-1: superpathway of coenzyme A biosynthesis III (mammals)|g__Sutterella.s__Sutterella_sp_CAG_397	0.1730907020
COA-PWY-1: superpathway of coenzyme A biosynthesis III (mammals)|g__Blautia.s__Ruminococcus_torques	0.1194749890
COA-PWY-1: superpathway of coenzyme A biosynthesis III (mammals)|g__Ruminococcus.s__Ruminococcus_sp_CAG_403	0.1277717172
COA-PWY-1: superpathway of coenzyme A biosynthesis III (mammals)|g__Bacteroides.s__Bacteroides_eggerthii	0.0037901365
COA-PWY-1: superpathway of coenzyme A biosynthesis III (mammals)|g__Bacteroides.s__Bacteroides_dorei	0.1350608635
COA-PWY-1: superpathway of coenzyme A biosynthesis III (mammals)|g__Blautia.s__Blautia_obeum	0.0754666445
COA-PWY-1: superpathway of coenzyme A biosynthesis III (mammals)|g__Bacteroides.s__Bacteroides_ovatus	0.0792569592
COA-PWY-1: superpathway of coenzyme A biosynthesis III (mammals)|g__Firmicutes_unclassified.s__Firmicutes_bacterium_CAG_41	0.5471782797
COA-PWY-1: superpathway of coenzyme A biosynthesis III (mammals)|g__Eubacterium.s__Eubacterium_eligens	0.0306504863
COA-PWY-1: superpathway of coenzyme A biosynthesis III (mammals)|g__Blautia.s__Blautia_wexlerae	0.0542668443
COA-PWY-1: superpathway of coenzyme A biosynthesis III (mammals)|g__Fusicatenibacter.s__Fusicatenibacter_saccharivorans	0.1122865922
COA-PWY-1: superpathway of coenzyme A biosynthesis III (mammals)|g__Eubacterium.s__Eubacterium_sp_CAG_252	0.1394250071
COA-PWY-1: superpathway of coenzyme A biosynthesis III (mammals)|g__Agathobaculum.s__Agathobaculum_butyriciproducens	0.5223765987
COA-PWY-1: superpathway of coenzyme A biosynthesis III (mammals)|g__Bacteroides.s__Bacteroides_caccae	0.4636715832
PWY-6121: 5-aminoimidazole ribonucleotide biosynthesis I	1.0000000000
PWY-6121: 5-aminoimidazole ribonucleotide biosynthesis I|unclassified	0.9996541833
PWY-6121: 5-aminoimidazole ribonucleotide biosynthesis I|g__Faecalibacterium.s__Faecalibacterium_prausnitzii	0.4218310802
PWY-6121: 5-aminoimidazole ribonucleotide biosynthesis I|g__Firmicutes_unclassified.s__Firmicutes_bacterium_CAG_65_45_313	0.4351526373
PWY-6121: 5-aminoimidazole ribonucleotide biosynthesis I|g__Ruminococcus.s__Ruminococcus_bicirculans	0.1227609089
PWY-6121: 5-aminoimidazole ribonucleotide biosynthesis I|g__Bifidobacterium.s__Bifidobacterium_adolescentis	0.0000000000
PWY-6121: 5-aminoimidazole ribonucleotide biosynthesis I|g__Ruminococcus.s__Ruminococcus_bromii	0.1148631243
PWY-6121: 5-aminoimidazole ribonucleotide biosynthesis I|g__Gemmiger.s__Gemmiger_formicilis	0.5077550622
PWY-6121: 5-aminoimidazole ribonucleotide biosynthesis I|g__Collinsella.s__Collinsella_aerofaciens	0.9100585463
PWY-6121: 5-aminoimidazole ribonucleotide biosynthesis I|g__Coprococcus.s__Coprococcus_eutactus	0.4685145030
PWY-6121: 5-aminoimidazole ribonucleotide biosynthesis I|g__Alistipes.s__Alistipes_putredinis	0.3440556839
PWY-6121: 5-aminoimidazole ribonucleotide biosynthesis I|g__Roseburia.s__Roseburia_faecis	0.0519047139
PWY-6121: 5-aminoimidazole ribonucleotide biosynthesis I|g__Bacteroides.s__Bacteroides_eggerthii	0.4990337837
PWY-6121: 5-aminoimidazole ribonucleotide biosynthesis I|g__Blautia.s__Ruminococcus_torques	0.3391181440
PWY-6121: 5-aminoimidazole ribonucleotide biosynthesis I|g__Roseburia.s__Roseburia_intestinalis	0.1425092128
PWY-6121: 5-aminoimidazole ribonucleotide biosynthesis I|g__Bacteroides.s__Bacteroides_vulgatus	0.0000000399
PWY-6121: 5-aminoimidazole ribonucleotide biosynthesis I|g__Sutterella.s__Sutterella_sp_CAG_397	0.2381598896
PWY-6121: 5-aminoimidazole ribonucleotide biosynthesis I|g__Bifidobacterium.s__Bifidobacterium_bifidum	0.0170193994
PWY-6121: 5-aminoimidazole ribonucleotide biosynthesis I|g__Eubacterium.s__Eubacterium_eligens	0.3454844105
PWY-6121: 5-aminoimidazole ribonucleotide biosynthesis I|g__Bacteroides.s__Bacteroides_ovatus	0.2438243004
PWY-6121: 5-aminoimidazole ribonucleotide biosynthesis I|g__Bacteroides.s__Bacteroides_dorei	0.1782960830
PWY-6121: 5-aminoimidazole ribonucleotide biosynthesis I|g__Blautia.s__Blautia_sp	0.6801271681
PWY-6121: 5-aminoimidazole ribonucleotide biosynthesis I|g__Eubacterium.s__Eubacterium_sp_CAG_252	0.6808801816
PWY-6121: 5-aminoimidazole ribonucleotide biosynthesis I|g__Lachnospiraceae_unclassified.s__Eubacterium_rectale	0.1458340261
PWY-6121: 5-aminoimidazole ribonucleotide biosynthesis I|g__Blautia.s__Blautia_wexlerae	0.1088271325
PWY-6121: 5-aminoimidazole ribonucleotide biosynthesis I|g__Bacteroides.s__Bacteroides_massiliensis	0.3230225740
PWY-6121: 5-aminoimidazole ribonucleotide biosynthesis I|g__Catenibacterium.s__Catenibacterium_mitsuokai	0.0061449671
PWY-6121: 5-aminoimidazole ribonucleotide biosynthesis I|g__Bacteroides.s__Bacteroides_uniformis	0.1273279991
PWY-6121: 5-aminoimidazole ribonucleotide biosynthesis I|g__Subdoligranulum.s__Subdoligranulum_sp_APC924_74	0.4746905205
PWY-6121: 5-aminoimidazole ribonucleotide biosynthesis I|g__Alistipes.s__Alistipes_finegoldii	0.3334900760
PWY-6121: 5-aminoimidazole ribonucleotide biosynthesis I|g__Bifidobacterium.s__Bifidobacterium_longum	0.0000426814
PWY-6121: 5-aminoimidazole ribonucleotide biosynthesis I|g__Clostridium.s__Clostridium_sp_CAG_122	0.2472558655
PWY-6121: 5-aminoimidazole ribonucleotide biosynthesis I|g__Dorea.s__Dorea_longicatena	0.1719242168
PWY-6121: 5-aminoimidazole ribonucleotide biosynthesis I|g__Roseburia.s__Roseburia_inulinivorans	0.3853834750
PWY-6121: 5-aminoimidazole ribonucleotide biosynthesis I|g__Blautia.s__Blautia_obeum	0.0000366970
PWY-6121: 5-aminoimidazole ribonucleotide biosynthesis I|g__Bifidobacterium.s__Bifidobacterium_pseudocatenulatum	0.5032630654
PWY-6121: 5-aminoimidazole ribonucleotide biosynthesis I|g__Roseburia.s__Roseburia_hominis	0.0013411437
ARGSYN-PWY: L-arginine biosynthesis I (via L-ornithine)	1.0000000000
ARGSYN-PWY: L-arginine biosynthesis I (via L-ornithine)|g__Bifidobacterium.s__Bifidobacterium_adolescentis	0.0064114570
ARGSYN-PWY: L-arginine biosynthesis I (via L-ornithine)|g__Faecalibacterium.s__Faecalibacterium_prausnitzii	0.5677527407
ARGSYN-PWY: L-arginine biosynthesis I (via L-ornithine)|g__Ruminococcus.s__Ruminococcus_bicirculans	0.5000675716
ARGSYN-PWY: L-arginine biosynthesis I (via L-ornithine)|unclassified	0.3837891895
ARGSYN-PWY: L-arginine biosynthesis I (via L-ornithine)|g__Firmicutes_unclassified.s__Firmicutes_bacterium_CAG_65_45_313	0.2013031558
ARGSYN-PWY: L-arginine biosynthesis I (via L-ornithine)|g__Gemmiger.s__Gemmiger_formicilis	0.5182787513
ARGSYN-PWY: L-arginine biosynthesis I (via L-ornithine)|g__Roseburia.s__Roseburia_faecis	0.1969136848
ARGSYN-PWY: L-arginine biosynthesis I (via L-ornithine)|g__Collinsella.s__Collinsella_aerofaciens	0.3654385465
ARGSYN-PWY: L-arginine biosynthesis I (via L-ornithine)|g__Blautia.s__Ruminococcus_torques	0.3451227542
ARGSYN-PWY: L-arginine biosynthesis I (via L-ornithine)|g__Roseburia.s__Roseburia_intestinalis	0.0492020138
ARGSYN-PWY: L-arginine biosynthesis I (via L-ornithine)|g__Blautia.s__Blautia_wexlerae	0.4198637696
ARGSYN-PWY: L-arginine biosynthesis I (via L-ornithine)|g__Sutterella.s__Sutterella_sp_CAG_397	0.4599404027
ARGSYN-PWY: L-arginine biosynthesis I (via L-ornithine)|g__Bifidobacterium.s__Bifidobacterium_bifidum	0.1645414672
ARGSYN-PWY: L-arginine biosynthesis I (via L-ornithine)|g__Bifidobacterium.s__Bifidobacterium_longum	0.2740592013
ARGSYN-PWY: L-arginine biosynthesis I (via L-ornithine)|g__Ruminococcus.s__Ruminococcus_sp_CAG_403	0.2960475528
ARGSYN-PWY: L-arginine biosynthesis I (via L-ornithine)|g__Catenibacterium.s__Catenibacterium_mitsuokai	0.1862274179
ARGSYN-PWY: L-arginine biosynthesis I (via L-ornithine)|g__Eubacterium.s__Eubacterium_eligens	0.0136433615
ARGSYN-PWY: L-arginine biosynthesis I (via L-ornithine)|g__Fusicatenibacter.s__Fusicatenibacter_saccharivorans	0.2121883377
ARGSYN-PWY: L-arginine biosynthesis I (via L-ornithine)|g__Roseburia.s__Roseburia_hominis	0.5485474799
ARGSYN-PWY: L-arginine biosynthesis I (via L-ornithine)|g__Eubacterium.s__Eubacterium_sp_CAG_38	0.3585590442
ARGSYN-PWY: L-arginine biosynthesis I (via L-ornithine)|g__Lachnospiraceae_unclassified.s__Eubacterium_rectale	0.0010453736
ARGSYN-PWY: L-arginine biosynthesis I (via L-ornithine)|g__Alistipes.s__Alistipes_finegoldii	0.2409762234
PWY-7953: UDP-N-acetylmuramoyl-pentapeptide biosynthesis III (meso-diaminopimelate containing)	1.0000000000
PWY-7953: UDP-N-acetylmuramoyl-pentapeptide biosynthesis III (meso-diaminopimelate containing)|g__Ruminococcus.s__Ruminococcus_bicirculans	0.3913711804
PWY-7953: UDP-N-acetylmuramoyl-pentapeptide biosynthesis III (meso-diaminopimelate containing)|g__Roseburia.s__Roseburia_faecis	0.1486996217
PWY-7953: UDP-N-acetylmuramoyl-pentapeptide biosynthesis III (meso-diaminopimelate containing)|g__Bacteroides.s__Bacteroides_vulgatus	0.1564754266
PWY-7953: UDP-N-acetylmuramoyl-pentapeptide biosynthesis III (meso-diaminopimelate containing)|g__Alistipes.s__Alistipes_putredinis	0.2668798632
PWY-7953: UDP-N-acetylmuramoyl-pentapeptide biosynthesis III (meso-diaminopimelate containing)|unclassified	0.0000750356
PWY-7953: UDP-N-acetylmuramoyl-pentapeptide biosynthesis III (meso-diaminopimelate containing)|g__Blautia.s__Ruminococcus_torques	0.5146777762
PWY-7953: UDP-N-acetylmuramoyl-pentapeptide biosynthesis III (meso-diaminopimelate containing)|g__Roseburia.s__Roseburia_intestinalis	0.3060348704
PWY-7953: UDP-N-acetylmuramoyl-pentapeptide biosynthesis III (meso-diaminopimelate containing)|g__Bifidobacterium.s__Bifidobacterium_bifidum	0.1605145826
PWY-7953: UDP-N-acetylmuramoyl-pentapeptide biosynthesis III (meso-diaminopimelate containing)|g__Bacteroides.s__Bacteroides_eggerthii	0.0515666479
PWY-7953: UDP-N-acetylmuramoyl-pentapeptide biosynthesis III (meso-diaminopimelate containing)|g__Blautia.s__Blautia_wexlerae	0.3351640600
PWY-7953: UDP-N-acetylmuramoyl-pentapeptide biosynthesis III (meso-diaminopimelate containing)|g__Catenibacterium.s__Catenibacterium_mitsuokai	0.1423266667
PWY-7953: UDP-N-acetylmuramoyl-pentapeptide biosynthesis III (meso-diaminopimelate containing)|g__Eubacterium.s__Eubacterium_eligens	0.2548031421
PWY-7953: UDP-N-acetylmuramoyl-pentapeptide biosynthesis III (meso-diaminopimelate containing)|g__Bacteroides.s__Bacteroides_ovatus	0.0401577162
PWY-7953: UDP-N-acetylmuramoyl-pentapeptide biosynthesis III (meso-diaminopimelate containing)|g__Lachnospiraceae_unclassified.s__Eubacterium_rectale	0.1728486979
PWY-7953: UDP-N-acetylmuramoyl-pentapeptide biosynthesis III (meso-diaminopimelate containing)|g__Blautia.s__Blautia_obeum	0.0686068893
PWY-7953: UDP-N-acetylmuramoyl-pentapeptide biosynthesis III (meso-diaminopimelate containing)|g__Bacteroides.s__Bacteroides_dorei	0.0547463978
PWY-7953: UDP-N-acetylmuramoyl-pentapeptide biosynthesis III (meso-diaminopimelate containing)|g__Dorea.s__Dorea_longicatena	0.5688916272
PWY-7953: UDP-N-acetylmuramoyl-pentapeptide biosynthesis III (meso-diaminopimelate containing)|g__Blautia.s__Blautia_sp	0.2326540751
PWY-7953: UDP-N-acetylmuramoyl-pentapeptide biosynthesis III (meso-diaminopimelate containing)|g__Bacteroides.s__Bacteroides_massiliensis	0.1045351280
PWY-7953: UDP-N-acetylmuramoyl-pentapeptide biosynthesis III (meso-diaminopimelate containing)|g__Clostridium.s__Clostridium_sp_AF36_4	0.3499781743
PWY-7953: UDP-N-acetylmuramoyl-pentapeptide biosynthesis III (meso-diaminopimelate containing)|g__Bacteroides.s__Bacteroides_uniformis	0.0057858964
PWY-3841: folate transformations II (plants)	1.0000000000
PWY-3841: folate transformations II (plants)|g__Bifidobacterium.s__Bifidobacterium_adolescentis	0.0612791438
PWY-3841: folate transformations II (plants)|unclassified	0.9406837809
PWY-3841: folate transformations II (plants)|g__Firmicutes_unclassified.s__Firmicutes_bacterium_CAG_65_45_313	0.3425632280
PWY-3841: folate transformations II (plants)|g__Bacteroides.s__Bacteroides_vulgatus	0.3444273752
PWY-3841: folate transformations II (plants)|g__Roseburia.s__Roseburia_faecis	0.2621901608
PWY-3841: folate transformations II (plants)|g__Alistipes.s__Alistipes_putredinis	0.3654153661
PWY-3841: folate transformations II (plants)|g__Prevotella.s__Prevotella_sp_CAG_279	0.4205904391
PWY-3841: folate transformations II (plants)|g__Bacteroides.s__Bacteroides_eggerthii	0.2460268315
PWY-3841: folate transformations II (plants)|g__Roseburia.s__Roseburia_intestinalis	0.1076796067
PWY-3841: folate transformations II (plants)|g__Catenibacterium.s__Catenibacterium_mitsuokai	0.7786482751
PWY-3841: folate transformations II (plants)|g__Sutterella.s__Sutterella_sp_CAG_397	0.4750513241
PWY-3841: folate transformations II (plants)|g__Blautia.s__Ruminococcus_torques	0.1159773630
PWY-3841: folate transformations II (plants)|g__Blautia.s__Blautia_wexlerae	0.1328277260
PWY-3841: folate transformations II (plants)|g__Bacteroides.s__Bacteroides_ovatus	0.1361831753
PWY-3841: folate transformations II (plants)|g__Lachnospiraceae_unclassified.s__Eubacterium_rectale	0.3947556797
PWY-3841: folate transformations II (plants)|g__Bacteroides.s__Bacteroides_dorei	0.2559404914
PWY-3841: folate transformations II (plants)|g__Bacteroides.s__Bacteroides_massiliensis	0.3666260077
PWY-3841: folate transformations II (plants)|g__Alistipes.s__Alistipes_finegoldii	0.4869532965
PWY-3841: folate transformations II (plants)|g__Anaerostipes.s__Anaerostipes_hadrus	0.2253371152
PWY-3841: folate transformations II (plants)|g__Roseburia.s__Roseburia_hominis	0.3554571775
PWY-3841: folate transformations II (plants)|g__Sutterella.s__Sutterella_wadsworthensis	0.2262602743
PWY-3841: folate transformations II (plants)|g__Bacteroides.s__Bacteroides_caccae	0.5368754397
PWY-3841: folate transformations II (plants)|g__Bacteroides.s__Bacteroides_uniformis	0.0002821668
PWY-3841: folate transformations II (plants)|g__Blautia.s__Blautia_obeum	0.0000046471
PWY-3841: folate transformations II (plants)|g__Bacteroides.s__Bacteroides_salyersiae	0.1875192417
PWY-6629: superpathway of L-tryptophan biosynthesis	0.9998468744
PWY-6629: superpathway of L-tryptophan biosynthesis|unclassified	0.4629628152
PWY-6629: superpathway of L-tryptophan biosynthesis|g__Roseburia.s__Roseburia_faecis	0.0783286996
PWY-6629: superpathway of L-tryptophan biosynthesis|g__Roseburia.s__Roseburia_intestinalis	0.0417493356
PWY-6629: superpathway of L-tryptophan biosynthesis|g__Sutterella.s__Sutterella_sp_CAG_397	0.1125625323
PWY-6629: superpathway of L-tryptophan biosynthesis|g__Blautia.s__Ruminococcus_torques	0.0009913116
PWY-6629: superpathway of L-tryptophan biosynthesis|g__Blautia.s__Blautia_obeum	0.0028855986
PWY-6629: superpathway of L-tryptophan biosynthesis|g__Fusicatenibacter.s__Fusicatenibacter_saccharivorans	0.4204524733
PWY-6629: superpathway of L-tryptophan biosynthesis|g__Eubacterium.s__Eubacterium_eligens	0.0018342566
PWY-6629: superpathway of L-tryptophan biosynthesis|g__Blautia.s__Blautia_wexlerae	0.0063217263
ANAGLYCOLYSIS-PWY: glycolysis III (from glucose)	0.0000364106
ANAGLYCOLYSIS-PWY: glycolysis III (from glucose)|g__Ruminococcus.s__Ruminococcus_bicirculans	0.3736924911
ANAGLYCOLYSIS-PWY: glycolysis III (from glucose)|g__Roseburia.s__Roseburia_faecis	0.2720057376
ANAGLYCOLYSIS-PWY: glycolysis III (from glucose)|unclassified	0.0000023337
ANAGLYCOLYSIS-PWY: glycolysis III (from glucose)|g__Collinsella.s__Collinsella_aerofaciens	0.0257980807
ANAGLYCOLYSIS-PWY: glycolysis III (from glucose)|g__Roseburia.s__Roseburia_intestinalis	0.1156396031
ANAGLYCOLYSIS-PWY: glycolysis III (from glucose)|g__Blautia.s__Ruminococcus_torques	0.2356117105
ANAGLYCOLYSIS-PWY: glycolysis III (from glucose)|g__Eubacterium.s__Eubacterium_eligens	0.3465693000
ANAGLYCOLYSIS-PWY: glycolysis III (from glucose)|g__Catenibacterium.s__Catenibacterium_mitsuokai	0.0362278154
ANAGLYCOLYSIS-PWY: glycolysis III (from glucose)|g__Blautia.s__Blautia_wexlerae	0.0321117864
ANAGLYCOLYSIS-PWY: glycolysis III (from glucose)|g__Fusicatenibacter.s__Fusicatenibacter_saccharivorans	0.3841861854
ANAGLYCOLYSIS-PWY: glycolysis III (from glucose)|g__Blautia.s__Blautia_obeum	0.0034612597
ANAGLYCOLYSIS-PWY: glycolysis III (from glucose)|g__Lachnospiraceae_unclassified.s__Eubacterium_rectale	0.0000064166
ANAGLYCOLYSIS-PWY: glycolysis III (from glucose)|g__Roseburia.s__Roseburia_hominis	0.0889654259
GLUTORN-PWY: L-ornithine biosynthesis I	1.0000000000
GLUTORN-PWY: L-ornithine biosynthesis I|g__Bifidobacterium.s__Bifidobacterium_adolescentis	0.0113896538
GLUTORN-PWY: L-ornithine biosynthesis I|g__Faecalibacterium.s__Faecalibacterium_prausnitzii	0.2718222098
GLUTORN-PWY: L-ornithine biosynthesis I|g__Ruminococcus.s__Ruminococcus_bromii	0.7878581644
GLUTORN-PWY: L-ornithine biosynthesis I|g__Ruminococcus.s__Ruminococcus_bicirculans	0.4163027036
GLUTORN-PWY: L-ornithine biosynthesis I|g__Firmicutes_unclassified.s__Firmicutes_bacterium_CAG_65_45_313	0.1498831511
GLUTORN-PWY: L-ornithine biosynthesis I|unclassified	0.6215619005
GLUTORN-PWY: L-ornithine biosynthesis I|g__Gemmiger.s__Gemmiger_formicilis	0.4913993674
GLUTORN-PWY: L-ornithine biosynthesis I|g__Roseburia.s__Roseburia_faecis	0.2149347049
GLUTORN-PWY: L-ornithine biosynthesis I|g__Sutterella.s__Sutterella_sp_CAG_397	0.4205587417
GLUTORN-PWY: L-ornithine biosynthesis I|g__Collinsella.s__Collinsella_aerofaciens	0.1278418482
GLUTORN-PWY: L-ornithine biosynthesis I|g__Bifidobacterium.s__Bifidobacterium_bifidum	0.1926929436
GLUTORN-PWY: L-ornithine biosynthesis I|g__Blautia.s__Ruminococcus_torques	0.1397647184
GLUTORN-PWY: L-ornithine biosynthesis I|g__Roseburia.s__Roseburia_intestinalis	0.0117867774
GLUTORN-PWY: L-ornithine biosynthesis I|g__Blautia.s__Blautia_sp	0.8646373159
GLUTORN-PWY: L-ornithine biosynthesis I|g__Bifidobacterium.s__Bifidobacterium_longum	0.0871424807
GLUTORN-PWY: L-ornithine biosynthesis I|g__Ruminococcus.s__Ruminococcus_sp_CAG_403	0.0927075090
GLUTORN-PWY: L-ornithine biosynthesis I|g__Eubacterium.s__Eubacterium_eligens	0.1510502083
GLUTORN-PWY: L-ornithine biosynthesis I|g__Catenibacterium.s__Catenibacterium_mitsuokai	0.1344331593
GLUTORN-PWY: L-ornithine biosynthesis I|g__Blautia.s__Blautia_wexlerae	0.1406109818
GLUTORN-PWY: L-ornithine biosynthesis I|g__Fusicatenibacter.s__Fusicatenibacter_saccharivorans	0.4593329894
GLUTORN-PWY: L-ornithine biosynthesis I|g__Eubacterium.s__Eubacterium_sp_CAG_38	0.6060108299
GLUTORN-PWY: L-ornithine biosynthesis I|g__Clostridium.s__Clostridium_sp_CAG_122	0.4108768283
GLUTORN-PWY: L-ornithine biosynthesis I|g__Alistipes.s__Alistipes_finegoldii	0.4930463724
GLUTORN-PWY: L-ornithine biosynthesis I|g__Roseburia.s__Roseburia_hominis	0.4791846946
GLUTORN-PWY: L-ornithine biosynthesis I|g__Lachnospiraceae_unclassified.s__Eubacterium_rectale	0.0002304129
COA-PWY: coenzyme A biosynthesis I (prokaryotic)	1.0000000000
COA-PWY: coenzyme A biosynthesis I (prokaryotic)|g__Bifidobacterium.s__Bifidobacterium_adolescentis	0.5394901693
COA-PWY: coenzyme A biosynthesis I (prokaryotic)|g__Faecalibacterium.s__Faecalibacterium_prausnitzii	0.0983144260
COA-PWY: coenzyme A biosynthesis I (prokaryotic)|unclassified	0.6746401662
COA-PWY: coenzyme A biosynthesis I (prokaryotic)|g__Ruminococcus.s__Ruminococcus_bicirculans	0.3220027715
COA-PWY: coenzyme A biosynthesis I (prokaryotic)|g__Bacteroides.s__Bacteroides_vulgatus	0.5230157858
COA-PWY: coenzyme A biosynthesis I (prokaryotic)|g__Roseburia.s__Roseburia_faecis	0.4300934385
COA-PWY: coenzyme A biosynthesis I (prokaryotic)|g__Alistipes.s__Alistipes_putredinis	0.5304070369
COA-PWY: coenzyme A biosynthesis I (prokaryotic)|g__Gemmiger.s__Gemmiger_formicilis	0.2943689972
COA-PWY: coenzyme A biosynthesis I (prokaryotic)|g__Prevotella.s__Prevotella_sp_CAG_279	0.1222939468
COA-PWY: coenzyme A biosynthesis I (prokaryotic)|g__Catenibacterium.s__Catenibacterium_mitsuokai	0.9756274782
COA-PWY: coenzyme A biosynthesis I (prokaryotic)|g__Sutterella.s__Sutterella_sp_CAG_397	0.5214616023
COA-PWY: coenzyme A biosynthesis I (prokaryotic)|g__Collinsella.s__Collinsella_aerofaciens	0.2187740632
COA-PWY: coenzyme A biosynthesis I (prokaryotic)|g__Roseburia.s__Roseburia_intestinalis	0.1658245267
COA-PWY: coenzyme A biosynthesis I (prokaryotic)|g__Bacteroides.s__Bacteroides_eggerthii	0.2193053211
COA-PWY: coenzyme A biosynthesis I (prokaryotic)|g__Bacteroides.s__Bacteroides_dorei	0.6619405065
COA-PWY: coenzyme A biosynthesis I (prokaryotic)|g__Blautia.s__Ruminococcus_torques	0.0996076023
COA-PWY: coenzyme A biosynthesis I (prokaryotic)|g__Bacteroides.s__Bacteroides_ovatus	0.2749633894
COA-PWY: coenzyme A biosynthesis I (prokaryotic)|g__Eubacterium.s__Eubacterium_eligens	0.2811279397
COA-PWY: coenzyme A biosynthesis I (prokaryotic)|g__Fusicatenibacter.s__Fusicatenibacter_saccharivorans	0.5808039773
COA-PWY: coenzyme A biosynthesis I (prokaryotic)|g__Ruminococcus.s__Ruminococcus_sp_CAG_403	0.1144383802
COA-PWY: coenzyme A biosynthesis I (prokaryotic)|g__Alistipes.s__Alistipes_finegoldii	0.7848866382
COA-PWY: coenzyme A biosynthesis I (prokaryotic)|g__Blautia.s__Blautia_wexlerae	0.2556087121
COA-PWY: coenzyme A biosynthesis I (prokaryotic)|g__Blautia.s__Blautia_obeum	0.0804771624
COA-PWY: coenzyme A biosynthesis I (prokaryotic)|g__Firmicutes_unclassified.s__Firmicutes_bacterium_CAG_41	0.6044286895
COA-PWY: coenzyme A biosynthesis I (prokaryotic)|g__Eubacterium.s__Eubacterium_sp_CAG_252	0.4972807816
COA-PWY: coenzyme A biosynthesis I (prokaryotic)|g__Bacteroides.s__Bacteroides_massiliensis	0.4104618239
COA-PWY: coenzyme A biosynthesis I (prokaryotic)|g__Lachnospiraceae_unclassified.s__Eubacterium_rectale	0.0301448682
COA-PWY: coenzyme A biosynthesis I (prokaryotic)|g__Sutterella.s__Sutterella_wadsworthensis	0.5074888592
COA-PWY: coenzyme A biosynthesis I (prokaryotic)|g__Clostridium.s__Clostridium_sp_AF36_4	0.5382195520
COA-PWY: coenzyme A biosynthesis I (prokaryotic)|g__Blautia.s__Blautia_sp	0.1656966179
COA-PWY: coenzyme A biosynthesis I (prokaryotic)|g__Dialister.s__Dialister_succinatiphilus	0.3573670487
COA-PWY: coenzyme A biosynthesis I (prokaryotic)|g__Agathobaculum.s__Agathobaculum_butyriciproducens	0.4697895992
COA-PWY: coenzyme A biosynthesis I (prokaryotic)|g__Bacteroides.s__Bacteroides_salyersiae	0.7897679285
COA-PWY: coenzyme A biosynthesis I (prokaryotic)|g__Bacteroides.s__Bacteroides_caccae	0.4397842060
COA-PWY: coenzyme A biosynthesis I (prokaryotic)|g__Bacteroides.s__Bacteroides_uniformis	0.0004802245
COA-PWY: coenzyme A biosynthesis I (prokaryotic)|g__Megamonas.s__Megamonas_funiformis	0.4076869583
COA-PWY: coenzyme A biosynthesis I (prokaryotic)|g__Megamonas.s__Megamonas_hypermegale	0.3107616066
PWY-7851: coenzyme A biosynthesis II (eukaryotic)	1.0000000000
PWY-7851: coenzyme A biosynthesis II (eukaryotic)|g__Bifidobacterium.s__Bifidobacterium_adolescentis	0.0008332030
PWY-7851: coenzyme A biosynthesis II (eukaryotic)|g__Faecalibacterium.s__Faecalibacterium_prausnitzii	0.0889919967
PWY-7851: coenzyme A biosynthesis II (eukaryotic)|g__Ruminococcus.s__Ruminococcus_bicirculans	0.2359976247
PWY-7851: coenzyme A biosynthesis II (eukaryotic)|g__Alistipes.s__Alistipes_putredinis	0.5304070369
PWY-7851: coenzyme A biosynthesis II (eukaryotic)|unclassified	0.2880967703
PWY-7851: coenzyme A biosynthesis II (eukaryotic)|g__Roseburia.s__Roseburia_faecis	0.2999824910
PWY-7851: coenzyme A biosynthesis II (eukaryotic)|g__Bacteroides.s__Bacteroides_vulgatus	0.0801196362
PWY-7851: coenzyme A biosynthesis II (eukaryotic)|g__Gemmiger.s__Gemmiger_formicilis	0.2943689972
PWY-7851: coenzyme A biosynthesis II (eukaryotic)|g__Prevotella.s__Prevotella_sp_CAG_279	0.0259569472
PWY-7851: coenzyme A biosynthesis II (eukaryotic)|g__Roseburia.s__Roseburia_intestinalis	0.1120420239
PWY-7851: coenzyme A biosynthesis II (eukaryotic)|g__Bacteroides.s__Bacteroides_dorei	0.6252490558
PWY-7851: coenzyme A biosynthesis II (eukaryotic)|g__Catenibacterium.s__Catenibacterium_mitsuokai	0.4955794296
PWY-7851: coenzyme A biosynthesis II (eukaryotic)|g__Collinsella.s__Collinsella_aerofaciens	0.0335253548
PWY-7851: coenzyme A biosynthesis II (eukaryotic)|g__Sutterella.s__Sutterella_sp_CAG_397	0.1442195169
PWY-7851: coenzyme A biosynthesis II (eukaryotic)|g__Blautia.s__Ruminococcus_torques	0.0996076023
PWY-7851: coenzyme A biosynthesis II (eukaryotic)|g__Ruminococcus.s__Ruminococcus_sp_CAG_403	0.1049344221
PWY-7851: coenzyme A biosynthesis II (eukaryotic)|g__Alistipes.s__Alistipes_finegoldii	0.7794169620
PWY-7851: coenzyme A biosynthesis II (eukaryotic)|g__Bacteroides.s__Bacteroides_eggerthii	0.0030344855
PWY-7851: coenzyme A biosynthesis II (eukaryotic)|g__Blautia.s__Blautia_wexlerae	0.2556087121
PWY-7851: coenzyme A biosynthesis II (eukaryotic)|g__Bacteroides.s__Bacteroides_ovatus	0.1589288004
PWY-7851: coenzyme A biosynthesis II (eukaryotic)|g__Blautia.s__Blautia_obeum	0.0804771624
PWY-7851: coenzyme A biosynthesis II (eukaryotic)|g__Firmicutes_unclassified.s__Firmicutes_bacterium_CAG_41	0.6044286895
PWY-7851: coenzyme A biosynthesis II (eukaryotic)|g__Eubacterium.s__Eubacterium_eligens	0.0252776553
PWY-7851: coenzyme A biosynthesis II (eukaryotic)|g__Fusicatenibacter.s__Fusicatenibacter_saccharivorans	0.0919298470
PWY-7851: coenzyme A biosynthesis II (eukaryotic)|g__Eubacterium.s__Eubacterium_sp_CAG_252	0.1156692490
PWY-7851: coenzyme A biosynthesis II (eukaryotic)|g__Agathobaculum.s__Agathobaculum_butyriciproducens	0.4697895992
PWY-7851: coenzyme A biosynthesis II (eukaryotic)|g__Bacteroides.s__Bacteroides_caccae	0.4397842060
PWY-7851: coenzyme A biosynthesis II (eukaryotic)|g__Megamonas.s__Megamonas_funiformis	0.3329058860
HISTSYN-PWY: L-histidine biosynthesis	1.0000000000
HISTSYN-PWY: L-histidine biosynthesis|g__Bifidobacterium.s__Bifidobacterium_adolescentis	0.0057680080
HISTSYN-PWY: L-histidine biosynthesis|unclassified	0.8591040927
HISTSYN-PWY: L-histidine biosynthesis|g__Faecalibacterium.s__Faecalibacterium_prausnitzii	0.0000151629
HISTSYN-PWY: L-histidine biosynthesis|g__Bacteroides.s__Bacteroides_vulgatus	0.0888354295
HISTSYN-PWY: L-histidine biosynthesis|g__Ruminococcus.s__Ruminococcus_bromii	0.0022732478
HISTSYN-PWY: L-histidine biosynthesis|g__Collinsella.s__Collinsella_aerofaciens	0.5673370220
HISTSYN-PWY: L-histidine biosynthesis|g__Bacteroides.s__Bacteroides_eggerthii	0.6554940393
HISTSYN-PWY: L-histidine biosynthesis|g__Bifidobacterium.s__Bifidobacterium_bifidum	0.4623906727
HISTSYN-PWY: L-histidine biosynthesis|g__Bifidobacterium.s__Bifidobacterium_longum	0.5683433398
HISTSYN-PWY: L-histidine biosynthesis|g__Catenibacterium.s__Catenibacterium_mitsuokai	0.7148859914
HISTSYN-PWY: L-histidine biosynthesis|g__Roseburia.s__Roseburia_intestinalis	0.0195114926
HISTSYN-PWY: L-histidine biosynthesis|g__Bacteroides.s__Bacteroides_ovatus	0.2970283265
HISTSYN-PWY: L-histidine biosynthesis|g__Bacteroides.s__Bacteroides_dorei	0.1189700767
HISTSYN-PWY: L-histidine biosynthesis|g__Blautia.s__Blautia_sp	0.2074919097
HISTSYN-PWY: L-histidine biosynthesis|g__Eubacterium.s__Eubacterium_sp_CAG_38	0.2814542847
HISTSYN-PWY: L-histidine biosynthesis|g__Roseburia.s__Roseburia_hominis	0.0752272090
HISTSYN-PWY: L-histidine biosynthesis|g__Bacteroides.s__Bacteroides_caccae	0.2003226838
PWY-5695: inosine 5'-phosphate degradation	1.0000000000
PWY-5695: inosine 5'-phosphate degradation|g__Ruminococcus.s__Ruminococcus_bicirculans	0.1960863687
PWY-5695: inosine 5'-phosphate degradation|g__Bacteroides.s__Bacteroides_vulgatus	0.2136065467
PWY-5695: inosine 5'-phosphate degradation|g__Roseburia.s__Roseburia_faecis	0.4421582545
PWY-5695: inosine 5'-phosphate degradation|g__Faecalibacterium.s__Faecalibacterium_prausnitzii	0.0000000010
PWY-5695: inosine 5'-phosphate degradation|g__Alistipes.s__Alistipes_putredinis	0.5198345220
PWY-5695: inosine 5'-phosphate degradation|g__Coprococcus.s__Coprococcus_eutactus	0.5905679452
PWY-5695: inosine 5'-phosphate degradation|unclassified	0.1950022489
PWY-5695: inosine 5'-phosphate degradation|g__Prevotella.s__Prevotella_sp_CAG_279	0.2132098891
PWY-5695: inosine 5'-phosphate degradation|g__Roseburia.s__Roseburia_intestinalis	0.3271551435
PWY-5695: inosine 5'-phosphate degradation|g__Bacteroides.s__Bacteroides_dorei	0.8130554101
PWY-5695: inosine 5'-phosphate degradation|g__Bacteroides.s__Bacteroides_eggerthii	0.2696962340
PWY-5695: inosine 5'-phosphate degradation|g__Catenibacterium.s__Catenibacterium_mitsuokai	0.5556666958
PWY-5695: inosine 5'-phosphate degradation|g__Bacteroides.s__Bacteroides_ovatus	0.6777702452
PWY-5695: inosine 5'-phosphate degradation|g__Eubacterium.s__Eubacterium_eligens	0.5595427897
PWY-5695: inosine 5'-phosphate degradation|g__Fusicatenibacter.s__Fusicatenibacter_saccharivorans	0.6923620155
PWY-5695: inosine 5'-phosphate degradation|g__Blautia.s__Blautia_wexlerae	0.2858981115
PWY-5695: inosine 5'-phosphate degradation|g__Alistipes.s__Alistipes_finegoldii	0.7642233041
PWY-5695: inosine 5'-phosphate degradation|g__Blautia.s__Ruminococcus_torques	0.0002509067
PWY-5695: inosine 5'-phosphate degradation|g__Sutterella.s__Sutterella_wadsworthensis	0.5497410663
PWY-5695: inosine 5'-phosphate degradation|g__Bacteroides.s__Bacteroides_massiliensis	0.1656090634
PWY-5695: inosine 5'-phosphate degradation|g__Dorea.s__Dorea_longicatena	0.3404087799
PWY-5695: inosine 5'-phosphate degradation|g__Blautia.s__Blautia_obeum	0.0000225601
CALVIN-PWY: Calvin-Benson-Bassham cycle	0.8611505335
CALVIN-PWY: Calvin-Benson-Bassham cycle|unclassified	0.4769200324
CALVIN-PWY: Calvin-Benson-Bassham cycle|g__Roseburia.s__Roseburia_faecis	0.2004392667
CALVIN-PWY: Calvin-Benson-Bassham cycle|g__Collinsella.s__Collinsella_aerofaciens	0.4636408217
CALVIN-PWY: Calvin-Benson-Bassham cycle|g__Blautia.s__Blautia_wexlerae	0.3957224608
CALVIN-PWY: Calvin-Benson-Bassham cycle|g__Roseburia.s__Roseburia_intestinalis	0.0766581247
CALVIN-PWY: Calvin-Benson-Bassham cycle|g__Blautia.s__Ruminococcus_torques	0.3944219866
CALVIN-PWY: Calvin-Benson-Bassham cycle|g__Eubacterium.s__Eubacterium_eligens	0.1257511213
CALVIN-PWY: Calvin-Benson-Bassham cycle|g__Catenibacterium.s__Catenibacterium_mitsuokai	0.1070800461
CALVIN-PWY: Calvin-Benson-Bassham cycle|g__Fusicatenibacter.s__Fusicatenibacter_saccharivorans	0.4083352605
CALVIN-PWY: Calvin-Benson-Bassham cycle|g__Lachnospiraceae_unclassified.s__Eubacterium_rectale	0.0847103629
CALVIN-PWY: Calvin-Benson-Bassham cycle|g__Roseburia.s__Roseburia_inulinivorans	0.7104102290
CALVIN-PWY: Calvin-Benson-Bassham cycle|g__Blautia.s__Blautia_sp	0.3127715233
CALVIN-PWY: Calvin-Benson-Bassham cycle|g__Blautia.s__Blautia_obeum	0.0059348341
CALVIN-PWY: Calvin-Benson-Bassham cycle|g__Eubacterium.s__Eubacterium_hallii	0.3360835079
PWY-6700: queuosine biosynthesis I (de novo)	1.0000000000
PWY-6700: queuosine biosynthesis I (de novo)|g__Faecalibacterium.s__Faecalibacterium_prausnitzii	0.1568218280
PWY-6700: queuosine biosynthesis I (de novo)|g__Ruminococcus.s__Ruminococcus_bicirculans	0.4706379120
PWY-6700: queuosine biosynthesis I (de novo)|unclassified	0.8370591147
PWY-6700: queuosine biosynthesis I (de novo)|g__Firmicutes_unclassified.s__Firmicutes_bacterium_CAG_65_45_313	0.3283191405
PWY-6700: queuosine biosynthesis I (de novo)|g__Bacteroides.s__Bacteroides_vulgatus	0.7210622855
PWY-6700: queuosine biosynthesis I (de novo)|g__Prevotella.s__Prevotella_sp_CAG_279	0.2598522990
PWY-6700: queuosine biosynthesis I (de novo)|g__Gemmiger.s__Gemmiger_formicilis	0.1599060573
PWY-6700: queuosine biosynthesis I (de novo)|g__Ruminococcus.s__Ruminococcus_bromii	0.0037459551
PWY-6700: queuosine biosynthesis I (de novo)|g__Collinsella.s__Collinsella_aerofaciens	0.6040616036
PWY-6700: queuosine biosynthesis I (de novo)|g__Bacteroides.s__Bacteroides_eggerthii	0.4735113827
PWY-6700: queuosine biosynthesis I (de novo)|g__Roseburia.s__Roseburia_faecis	0.0001122312
PWY-6700: queuosine biosynthesis I (de novo)|g__Coprococcus.s__Coprococcus_eutactus	0.0304307158
PWY-6700: queuosine biosynthesis I (de novo)|g__Bacteroides.s__Bacteroides_uniformis	0.9391313422
PWY-6700: queuosine biosynthesis I (de novo)|g__Bacteroides.s__Bacteroides_ovatus	0.7676012473
PWY-6700: queuosine biosynthesis I (de novo)|g__Eubacterium.s__Eubacterium_eligens	0.7274915533
PWY-6700: queuosine biosynthesis I (de novo)|g__Bacteroides.s__Bacteroides_dorei	0.6316905943
PWY-6700: queuosine biosynthesis I (de novo)|g__Sutterella.s__Sutterella_sp_CAG_397	0.4095456791
PWY-6700: queuosine biosynthesis I (de novo)|g__Roseburia.s__Roseburia_intestinalis	0.0725964269
PWY-6700: queuosine biosynthesis I (de novo)|g__Blautia.s__Ruminococcus_torques	0.0533233608
PWY-6700: queuosine biosynthesis I (de novo)|g__Catenibacterium.s__Catenibacterium_mitsuokai	0.2727841088
PWY-6700: queuosine biosynthesis I (de novo)|g__Ruminococcus.s__Ruminococcus_sp_CAG_403	0.1365962383
PWY-6700: queuosine biosynthesis I (de novo)|g__Bacteroides.s__Bacteroides_massiliensis	0.3963016134
PWY-6700: queuosine biosynthesis I (de novo)|g__Blautia.s__Blautia_obeum	0.1846241648
PWY-6700: queuosine biosynthesis I (de novo)|g__Clostridium.s__Clostridium_sp_CAG_122	0.3960818874
PWY-6700: queuosine biosynthesis I (de novo)|g__Eubacterium.s__Eubacterium_hallii	0.6094443622
PWY-6700: queuosine biosynthesis I (de novo)|g__Eubacterium.s__Eubacterium_sp_CAG_38	0.5419423236
PWY-6700: queuosine biosynthesis I (de novo)|g__Clostridium.s__Clostridium_sp_AF36_4	0.5235528657
PWY-6700: queuosine biosynthesis I (de novo)|g__Roseburia.s__Roseburia_hominis	0.3738779501
PWY-6700: queuosine biosynthesis I (de novo)|g__Roseburia.s__Roseburia_inulinivorans	0.5199161232
PWY-6700: queuosine biosynthesis I (de novo)|g__Blautia.s__Blautia_sp	0.1407365492
PWY-6700: queuosine biosynthesis I (de novo)|g__Blautia.s__Blautia_wexlerae	0.0000007292
PWY-6700: queuosine biosynthesis I (de novo)|g__Bacteroides.s__Bacteroides_clarus	0.3952876935
PWY-5097: L-lysine biosynthesis VI	0.9999993901
PWY-5097: L-lysine biosynthesis VI|g__Bifidobacterium.s__Bifidobacterium_adolescentis	0.8897880936
PWY-5097: L-lysine biosynthesis VI|unclassified	0.9149539637
PWY-5097: L-lysine biosynthesis VI|g__Faecalibacterium.s__Faecalibacterium_prausnitzii	0.0000037949
PWY-5097: L-lysine biosynthesis VI|g__Ruminococcus.s__Ruminococcus_bromii	0.0015673545
PWY-5097: L-lysine biosynthesis VI|g__Bacteroides.s__Bacteroides_vulgatus	0.0309182541
PWY-5097: L-lysine biosynthesis VI|g__Gemmiger.s__Gemmiger_formicilis	0.1337405827
PWY-5097: L-lysine biosynthesis VI|g__Bifidobacterium.s__Bifidobacterium_longum	0.6919824413
PWY-5097: L-lysine biosynthesis VI|g__Bacteroides.s__Bacteroides_eggerthii	0.2158772100
PWY-5097: L-lysine biosynthesis VI|g__Blautia.s__Ruminococcus_torques	0.0545208862
PWY-5097: L-lysine biosynthesis VI|g__Blautia.s__Blautia_wexlerae	0.6257126543
PWY-5097: L-lysine biosynthesis VI|g__Roseburia.s__Roseburia_intestinalis	0.0320772131
PWY-5097: L-lysine biosynthesis VI|g__Blautia.s__Blautia_obeum	0.6300926243
PWY-5097: L-lysine biosynthesis VI|g__Bifidobacterium.s__Bifidobacterium_bifidum	0.0714705779
PWY-5097: L-lysine biosynthesis VI|g__Catenibacterium.s__Catenibacterium_mitsuokai	0.4728656867
PWY-5097: L-lysine biosynthesis VI|g__Eubacterium.s__Eubacterium_eligens	0.2940468223
PWY-5097: L-lysine biosynthesis VI|g__Bacteroides.s__Bacteroides_uniformis	0.5210148354
PWY-5097: L-lysine biosynthesis VI|g__Bacteroides.s__Bacteroides_massiliensis	0.5979002911
PWY-5097: L-lysine biosynthesis VI|g__Bacteroides.s__Bacteroides_dorei	0.1121407995
PWY-5097: L-lysine biosynthesis VI|g__Bacteroides.s__Bacteroides_ovatus	0.1701680074
PWY-5097: L-lysine biosynthesis VI|g__Ruminococcus.s__Ruminococcus_sp_CAG_403	0.0050821046
PWY-5097: L-lysine biosynthesis VI|g__Roseburia.s__Roseburia_hominis	0.5852074551
PWY-5097: L-lysine biosynthesis VI|g__Fusicatenibacter.s__Fusicatenibacter_saccharivorans	0.1987055672
PWY-5097: L-lysine biosynthesis VI|g__Eubacterium.s__Eubacterium_sp_CAG_252	0.3728390270
PWY-5097: L-lysine biosynthesis VI|g__Alistipes.s__Alistipes_finegoldii	0.0160491734
PWY-5097: L-lysine biosynthesis VI|g__Bacteroides.s__Bacteroides_caccae	0.0623482155
PWY-6123: inosine-5'-phosphate biosynthesis I	0.9999999962
PWY-6123: inosine-5'-phosphate biosynthesis I|g__Bifidobacterium.s__Bifidobacterium_adolescentis	0.0112293346
PWY-6123: inosine-5'-phosphate biosynthesis I|g__Faecalibacterium.s__Faecalibacterium_prausnitzii	0.8304160283
PWY-6123: inosine-5'-phosphate biosynthesis I|unclassified	0.7901628083
PWY-6123: inosine-5'-phosphate biosynthesis I|g__Bacteroides.s__Bacteroides_vulgatus	0.1980556030
PWY-6123: inosine-5'-phosphate biosynthesis I|g__Prevotella.s__Prevotella_sp_CAG_279	0.5797496955
PWY-6123: inosine-5'-phosphate biosynthesis I|g__Alistipes.s__Alistipes_putredinis	0.3354402937
PWY-6123: inosine-5'-phosphate biosynthesis I|g__Bacteroides.s__Bacteroides_eggerthii	0.6779354368
PWY-6123: inosine-5'-phosphate biosynthesis I|g__Sutterella.s__Sutterella_sp_CAG_397	0.6612173789
PWY-6123: inosine-5'-phosphate biosynthesis I|g__Catenibacterium.s__Catenibacterium_mitsuokai	0.6451095381
PWY-6123: inosine-5'-phosphate biosynthesis I|g__Collinsella.s__Collinsella_aerofaciens	0.0522628260
PWY-6123: inosine-5'-phosphate biosynthesis I|g__Bacteroides.s__Bacteroides_ovatus	0.4663549400
PWY-6123: inosine-5'-phosphate biosynthesis I|g__Blautia.s__Ruminococcus_torques	0.0470744649
PWY-6123: inosine-5'-phosphate biosynthesis I|g__Bacteroides.s__Bacteroides_dorei	0.3199410232
PWY-6123: inosine-5'-phosphate biosynthesis I|g__Blautia.s__Blautia_wexlerae	0.1799575743
PWY-6123: inosine-5'-phosphate biosynthesis I|g__Bacteroides.s__Bacteroides_massiliensis	0.2719924556
PWY-6123: inosine-5'-phosphate biosynthesis I|g__Sutterella.s__Sutterella_wadsworthensis	0.5121201757
PWY-6123: inosine-5'-phosphate biosynthesis I|g__Bacteroides.s__Bacteroides_caccae	0.7198533186
PWY-6123: inosine-5'-phosphate biosynthesis I|g__Alistipes.s__Alistipes_finegoldii	0.2218668977
PWY-6123: inosine-5'-phosphate biosynthesis I|g__Blautia.s__Blautia_obeum	0.0000001319
PWY-6123: inosine-5'-phosphate biosynthesis I|g__Bifidobacterium.s__Bifidobacterium_pseudocatenulatum	0.3289878759
PWY-6123: inosine-5'-phosphate biosynthesis I|g__Bacteroides.s__Bacteroides_clarus	0.2922206092
PWY-7111: pyruvate fermentation to isobutanol (engineered)	0.9916830868
PWY-7111: pyruvate fermentation to isobutanol (engineered)|g__Bifidobacterium.s__Bifidobacterium_adolescentis	0.8884538844
PWY-7111: pyruvate fermentation to isobutanol (engineered)|g__Roseburia.s__Roseburia_faecis	0.3350739396
PWY-7111: pyruvate fermentation to isobutanol (engineered)|g__Coprococcus.s__Coprococcus_eutactus	0.3306383281
PWY-7111: pyruvate fermentation to isobutanol (engineered)|g__Faecalibacterium.s__Faecalibacterium_prausnitzii	0.0000000000
PWY-7111: pyruvate fermentation to isobutanol (engineered)|g__Roseburia.s__Roseburia_intestinalis	0.2140145288
PWY-7111: pyruvate fermentation to isobutanol (engineered)|g__Bifidobacterium.s__Bifidobacterium_longum	0.8995304217
PWY-7111: pyruvate fermentation to isobutanol (engineered)|g__Bifidobacterium.s__Bifidobacterium_bifidum	0.6390478643
PWY-7111: pyruvate fermentation to isobutanol (engineered)|g__Blautia.s__Ruminococcus_torques	0.3203563034
PWY-7111: pyruvate fermentation to isobutanol (engineered)|unclassified	0.0000002246
PWY-7111: pyruvate fermentation to isobutanol (engineered)|g__Catenibacterium.s__Catenibacterium_mitsuokai	0.3143897500
PWY-7111: pyruvate fermentation to isobutanol (engineered)|g__Blautia.s__Blautia_wexlerae	0.2370298337
PWY-7111: pyruvate fermentation to isobutanol (engineered)|g__Eubacterium.s__Eubacterium_eligens	0.2149815465
PWY-7111: pyruvate fermentation to isobutanol (engineered)|g__Blautia.s__Blautia_obeum	0.0028945845
PWY-7111: pyruvate fermentation to isobutanol (engineered)|g__Roseburia.s__Roseburia_hominis	0.4116619839
PWY-7111: pyruvate fermentation to isobutanol (engineered)|g__Roseburia.s__Roseburia_inulinivorans	0.1324752137
PWY-7111: pyruvate fermentation to isobutanol (engineered)|g__Anaerostipes.s__Anaerostipes_hadrus	0.0080554391
PWY-7111: pyruvate fermentation to isobutanol (engineered)|g__Lachnospiraceae_unclassified.s__Eubacterium_rectale	0.0000002100
PWY-6124: inosine-5'-phosphate biosynthesis II	0.9999999954
PWY-6124: inosine-5'-phosphate biosynthesis II|g__Bifidobacterium.s__Bifidobacterium_adolescentis	0.0064426578
PWY-6124: inosine-5'-phosphate biosynthesis II|g__Faecalibacterium.s__Faecalibacterium_prausnitzii	0.8220506982
PWY-6124: inosine-5'-phosphate biosynthesis II|unclassified	0.7583373330
PWY-6124: inosine-5'-phosphate biosynthesis II|g__Bacteroides.s__Bacteroides_vulgatus	0.1708314783
PWY-6124: inosine-5'-phosphate biosynthesis II|g__Prevotella.s__Prevotella_sp_CAG_279	0.5931166599
PWY-6124: inosine-5'-phosphate biosynthesis II|g__Alistipes.s__Alistipes_putredinis	0.2975933800
PWY-6124: inosine-5'-phosphate biosynthesis II|g__Coprococcus.s__Coprococcus_eutactus	0.3367166111
PWY-6124: inosine-5'-phosphate biosynthesis II|g__Bacteroides.s__Bacteroides_eggerthii	0.6374980731
PWY-6124: inosine-5'-phosphate biosynthesis II|g__Catenibacterium.s__Catenibacterium_mitsuokai	0.9020655402
PWY-6124: inosine-5'-phosphate biosynthesis II|g__Sutterella.s__Sutterella_sp_CAG_397	0.6325231274
PWY-6124: inosine-5'-phosphate biosynthesis II|g__Blautia.s__Blautia_wexlerae	0.7236574879
PWY-6124: inosine-5'-phosphate biosynthesis II|g__Collinsella.s__Collinsella_aerofaciens	0.0439434668
PWY-6124: inosine-5'-phosphate biosynthesis II|g__Bacteroides.s__Bacteroides_ovatus	0.4339874171
PWY-6124: inosine-5'-phosphate biosynthesis II|g__Blautia.s__Ruminococcus_torques	0.0448181603
PWY-6124: inosine-5'-phosphate biosynthesis II|g__Bacteroides.s__Bacteroides_dorei	0.2944965936
PWY-6124: inosine-5'-phosphate biosynthesis II|g__Bacteroides.s__Bacteroides_massiliensis	0.2393421957
PWY-6124: inosine-5'-phosphate biosynthesis II|g__Blautia.s__Blautia_sp	0.4235744250
PWY-6124: inosine-5'-phosphate biosynthesis II|g__Bacteroides.s__Bacteroides_caccae	0.8161266068
PWY-6124: inosine-5'-phosphate biosynthesis II|g__Bacteroides.s__Bacteroides_salyersiae	0.7318833377
PWY-6124: inosine-5'-phosphate biosynthesis II|g__Alistipes.s__Alistipes_finegoldii	0.0377287593
PWY-6124: inosine-5'-phosphate biosynthesis II|g__Blautia.s__Blautia_obeum	0.0000001099
PWY-6124: inosine-5'-phosphate biosynthesis II|g__Bifidobacterium.s__Bifidobacterium_pseudocatenulatum	0.2901299184
PWY-6124: inosine-5'-phosphate biosynthesis II|g__Bacteroides.s__Bacteroides_clarus	0.2624396234
PWY-5667: CDP-diacylglycerol biosynthesis I	0.9999999984
PWY-5667: CDP-diacylglycerol biosynthesis I|g__Faecalibacterium.s__Faecalibacterium_prausnitzii	0.4860330667
PWY-5667: CDP-diacylglycerol biosynthesis I|g__Firmicutes_unclassified.s__Firmicutes_bacterium_CAG_65_45_313	0.4124336587
PWY-5667: CDP-diacylglycerol biosynthesis I|unclassified	0.7830958069
PWY-5667: CDP-diacylglycerol biosynthesis I|g__Bacteroides.s__Bacteroides_vulgatus	0.3301402435
PWY-5667: CDP-diacylglycerol biosynthesis I|g__Roseburia.s__Roseburia_intestinalis	0.7474987357
PWY-5667: CDP-diacylglycerol biosynthesis I|g__Roseburia.s__Roseburia_faecis	0.0684132862
PWY-5667: CDP-diacylglycerol biosynthesis I|g__Prevotella.s__Prevotella_sp_CAG_279	0.0627592329
PWY-5667: CDP-diacylglycerol biosynthesis I|g__Lachnospiraceae_unclassified.s__Eubacterium_rectale	0.8818457236
PWY-5667: CDP-diacylglycerol biosynthesis I|g__Bacteroides.s__Bacteroides_eggerthii	0.2776426753
PWY-5667: CDP-diacylglycerol biosynthesis I|g__Blautia.s__Blautia_obeum	0.3282546419
PWY-5667: CDP-diacylglycerol biosynthesis I|g__Fusicatenibacter.s__Fusicatenibacter_saccharivorans	0.4394863597
PWY-5667: CDP-diacylglycerol biosynthesis I|g__Bacteroides.s__Bacteroides_ovatus	0.1663369325
PWY-5667: CDP-diacylglycerol biosynthesis I|g__Bacteroides.s__Bacteroides_dorei	0.0862929905
PWY-5667: CDP-diacylglycerol biosynthesis I|g__Blautia.s__Blautia_wexlerae	0.0617310025
PWY-5667: CDP-diacylglycerol biosynthesis I|g__Blautia.s__Ruminococcus_torques	0.0016729820
PWY-5667: CDP-diacylglycerol biosynthesis I|g__Bacteroides.s__Bacteroides_massiliensis	0.2261765520
PWY-5667: CDP-diacylglycerol biosynthesis I|g__Eubacterium.s__Eubacterium_eligens	0.0122365617
PWY-5667: CDP-diacylglycerol biosynthesis I|g__Clostridium.s__Clostridium_sp_CAG_122	0.2694852217
PWY-5667: CDP-diacylglycerol biosynthesis I|g__Catenibacterium.s__Catenibacterium_mitsuokai	0.0073302107
PWY-5667: CDP-diacylglycerol biosynthesis I|g__Eubacterium.s__Eubacterium_sp_CAG_38	0.1775386533
PWY-5667: CDP-diacylglycerol biosynthesis I|g__Blautia.s__Blautia_sp	0.0459412604
PWY-5667: CDP-diacylglycerol biosynthesis I|g__Bacteroides.s__Bacteroides_caccae	0.3964437599
PWY-5667: CDP-diacylglycerol biosynthesis I|g__Bacteroides.s__Bacteroides_uniformis	0.0007694201
PWY-5667: CDP-diacylglycerol biosynthesis I|g__Bacteroides.s__Bacteroides_salyersiae	0.2984185069
PWY0-1319: CDP-diacylglycerol biosynthesis II	0.9999999984
PWY0-1319: CDP-diacylglycerol biosynthesis II|g__Faecalibacterium.s__Faecalibacterium_prausnitzii	0.4860330667
PWY0-1319: CDP-diacylglycerol biosynthesis II|g__Firmicutes_unclassified.s__Firmicutes_bacterium_CAG_65_45_313	0.4124336587
PWY0-1319: CDP-diacylglycerol biosynthesis II|unclassified	0.7830958069
PWY0-1319: CDP-diacylglycerol biosynthesis II|g__Bacteroides.s__Bacteroides_vulgatus	0.3301402435
PWY0-1319: CDP-diacylglycerol biosynthesis II|g__Roseburia.s__Roseburia_intestinalis	0.7474987357
PWY0-1319: CDP-diacylglycerol biosynthesis II|g__Roseburia.s__Roseburia_faecis	0.0684132862
PWY0-1319: CDP-diacylglycerol biosynthesis II|g__Prevotella.s__Prevotella_sp_CAG_279	0.0627592329
PWY0-1319: CDP-diacylglycerol biosynthesis II|g__Lachnospiraceae_unclassified.s__Eubacterium_rectale	0.8818457236
PWY0-1319: CDP-diacylglycerol biosynthesis II|g__Bacteroides.s__Bacteroides_eggerthii	0.2776426753
PWY0-1319: CDP-diacylglycerol biosynthesis II|g__Blautia.s__Blautia_obeum	0.3282546419
PWY0-1319: CDP-diacylglycerol biosynthesis II|g__Fusicatenibacter.s__Fusicatenibacter_saccharivorans	0.4394863597
PWY0-1319: CDP-diacylglycerol biosynthesis II|g__Bacteroides.s__Bacteroides_ovatus	0.1663369325
PWY0-1319: CDP-diacylglycerol biosynthesis II|g__Bacteroides.s__Bacteroides_dorei	0.0862929905
PWY0-1319: CDP-diacylglycerol biosynthesis II|g__Blautia.s__Blautia_wexlerae	0.0617310025
PWY0-1319: CDP-diacylglycerol biosynthesis II|g__Blautia.s__Ruminococcus_torques	0.0016729820
PWY0-1319: CDP-diacylglycerol biosynthesis II|g__Bacteroides.s__Bacteroides_massiliensis	0.2261765520
PWY0-1319: CDP-diacylglycerol biosynthesis II|g__Eubacterium.s__Eubacterium_eligens	0.0122365617
PWY0-1319: CDP-diacylglycerol biosynthesis II|g__Clostridium.s__Clostridium_sp_CAG_122	0.2694852217
PWY0-1319: CDP-diacylglycerol biosynthesis II|g__Catenibacterium.s__Catenibacterium_mitsuokai	0.0073302107
PWY0-1319: CDP-diacylglycerol biosynthesis II|g__Eubacterium.s__Eubacterium_sp_CAG_38	0.1775386533
PWY0-1319: CDP-diacylglycerol biosynthesis II|g__Blautia.s__Blautia_sp	0.0459412604
PWY0-1319: CDP-diacylglycerol biosynthesis II|g__Bacteroides.s__Bacteroides_caccae	0.3964437599
PWY0-1319: CDP-diacylglycerol biosynthesis II|g__Bacteroides.s__Bacteroides_uniformis	0.0007694201
PWY0-1319: CDP-diacylglycerol biosynthesis II|g__Bacteroides.s__Bacteroides_salyersiae	0.2984185069
PWY-724: superpathway of L-lysine, L-threonine and L-methionine biosynthesis II	0.9999381121
PWY-724: superpathway of L-lysine, L-threonine and L-methionine biosynthesis II|g__Bifidobacterium.s__Bifidobacterium_adolescentis	0.4198738925
PWY-724: superpathway of L-lysine, L-threonine and L-methionine biosynthesis II|g__Faecalibacterium.s__Faecalibacterium_prausnitzii	0.0000000167
PWY-724: superpathway of L-lysine, L-threonine and L-methionine biosynthesis II|unclassified	0.0000087570
PWY-724: superpathway of L-lysine, L-threonine and L-methionine biosynthesis II|g__Bacteroides.s__Bacteroides_eggerthii	0.1607304801
PWY-724: superpathway of L-lysine, L-threonine and L-methionine biosynthesis II|g__Roseburia.s__Roseburia_intestinalis	0.0438795613
PWY-724: superpathway of L-lysine, L-threonine and L-methionine biosynthesis II|g__Bifidobacterium.s__Bifidobacterium_longum	0.1152220224
PWY-724: superpathway of L-lysine, L-threonine and L-methionine biosynthesis II|g__Blautia.s__Ruminococcus_torques	0.0148092781
PWY-724: superpathway of L-lysine, L-threonine and L-methionine biosynthesis II|g__Bifidobacterium.s__Bifidobacterium_bifidum	0.0218208100
PWY-724: superpathway of L-lysine, L-threonine and L-methionine biosynthesis II|g__Catenibacterium.s__Catenibacterium_mitsuokai	0.2633214916
PWY-724: superpathway of L-lysine, L-threonine and L-methionine biosynthesis II|g__Bacteroides.s__Bacteroides_uniformis	0.1887756726
PWY-724: superpathway of L-lysine, L-threonine and L-methionine biosynthesis II|g__Blautia.s__Blautia_obeum	0.0041747048
PWY-724: superpathway of L-lysine, L-threonine and L-methionine biosynthesis II|g__Roseburia.s__Roseburia_hominis	0.3648081392
OANTIGEN-PWY: O-antigen building blocks biosynthesis (E. coli)	0.5444780477
OANTIGEN-PWY: O-antigen building blocks biosynthesis (E. coli)|unclassified	0.1395877991
OANTIGEN-PWY: O-antigen building blocks biosynthesis (E. coli)|g__Catenibacterium.s__Catenibacterium_mitsuokai	0.0630161548
TRPSYN-PWY: L-tryptophan biosynthesis	0.9996325774
TRPSYN-PWY: L-tryptophan biosynthesis|g__Ruminococcus.s__Ruminococcus_bromii	0.3695257660
TRPSYN-PWY: L-tryptophan biosynthesis|g__Bacteroides.s__Bacteroides_vulgatus	0.6987917006
TRPSYN-PWY: L-tryptophan biosynthesis|g__Ruminococcus.s__Ruminococcus_bicirculans	0.2924180473
TRPSYN-PWY: L-tryptophan biosynthesis|g__Firmicutes_unclassified.s__Firmicutes_bacterium_CAG_65_45_313	0.0373174299
TRPSYN-PWY: L-tryptophan biosynthesis|g__Coprococcus.s__Coprococcus_eutactus	0.7664194333
TRPSYN-PWY: L-tryptophan biosynthesis|unclassified	0.2907098070
TRPSYN-PWY: L-tryptophan biosynthesis|g__Roseburia.s__Roseburia_faecis	0.0519145096
TRPSYN-PWY: L-tryptophan biosynthesis|g__Roseburia.s__Roseburia_intestinalis	0.0381274132
TRPSYN-PWY: L-tryptophan biosynthesis|g__Sutterella.s__Sutterella_sp_CAG_397	0.0516165497
TRPSYN-PWY: L-tryptophan biosynthesis|g__Ruminococcus.s__Ruminococcus_sp_CAG_403	0.2371725162
TRPSYN-PWY: L-tryptophan biosynthesis|g__Eubacterium.s__Eubacterium_eligens	0.3792198294
TRPSYN-PWY: L-tryptophan biosynthesis|g__Blautia.s__Ruminococcus_torques	0.0004145261
TRPSYN-PWY: L-tryptophan biosynthesis|g__Fusicatenibacter.s__Fusicatenibacter_saccharivorans	0.6921774431
TRPSYN-PWY: L-tryptophan biosynthesis|g__Lachnospiraceae_unclassified.s__Eubacterium_rectale	0.1689927938
TRPSYN-PWY: L-tryptophan biosynthesis|g__Blautia.s__Blautia_wexlerae	0.0995840254
TRPSYN-PWY: L-tryptophan biosynthesis|g__Blautia.s__Blautia_obeum	0.0012082460
PWY66-429: fatty acid biosynthesis initiation (mitochondria)	0.9005666083
PWY66-429: fatty acid biosynthesis initiation (mitochondria)|g__Bacteroides.s__Bacteroides_vulgatus	0.8960430914
PWY66-429: fatty acid biosynthesis initiation (mitochondria)|g__Ruminococcus.s__Ruminococcus_bicirculans	0.8111680792
PWY66-429: fatty acid biosynthesis initiation (mitochondria)|unclassified	0.7067368455
PWY66-429: fatty acid biosynthesis initiation (mitochondria)|g__Ruminococcus.s__Ruminococcus_sp_CAG_403	0.3611976590
PWY66-429: fatty acid biosynthesis initiation (mitochondria)|g__Catenibacterium.s__Catenibacterium_mitsuokai	0.5401015773
PWY66-429: fatty acid biosynthesis initiation (mitochondria)|g__Bacteroides.s__Bacteroides_dorei	0.0915853521
PWY66-429: fatty acid biosynthesis initiation (mitochondria)|g__Blautia.s__Ruminococcus_torques	0.0051845434
PWY66-429: fatty acid biosynthesis initiation (mitochondria)|g__Bacteroides.s__Bacteroides_ovatus	0.2058730452
PWY66-429: fatty acid biosynthesis initiation (mitochondria)|g__Blautia.s__Blautia_obeum	0.2100754546
PWY66-429: fatty acid biosynthesis initiation (mitochondria)|g__Clostridium.s__Clostridium_sp_CAG_122	0.6680483770
PWY66-429: fatty acid biosynthesis initiation (mitochondria)|g__Fusicatenibacter.s__Fusicatenibacter_saccharivorans	0.5002897659
PWY66-429: fatty acid biosynthesis initiation (mitochondria)|g__Bacteroides.s__Bacteroides_massiliensis	0.4368974365
PWY66-429: fatty acid biosynthesis initiation (mitochondria)|g__Blautia.s__Blautia_wexlerae	0.1733907605
PWY66-429: fatty acid biosynthesis initiation (mitochondria)|g__Eubacterium.s__Eubacterium_eligens	0.0812568800
PWY66-429: fatty acid biosynthesis initiation (mitochondria)|g__Bacteroides.s__Bacteroides_uniformis	0.2049120413
PWY66-429: fatty acid biosynthesis initiation (mitochondria)|g__Blautia.s__Blautia_sp	0.5335515298
PWY66-429: fatty acid biosynthesis initiation (mitochondria)|g__Dorea.s__Dorea_longicatena	0.4575032937
PWY66-429: fatty acid biosynthesis initiation (mitochondria)|g__Roseburia.s__Roseburia_hominis	0.3618652387
PWY66-429: fatty acid biosynthesis initiation (mitochondria)|g__Eubacterium.s__Eubacterium_sp_CAG_252	0.0495903652
PWY66-429: fatty acid biosynthesis initiation (mitochondria)|g__Bacteroides.s__Bacteroides_salyersiae	0.5735043889
PWY66-429: fatty acid biosynthesis initiation (mitochondria)|g__Bacteroides.s__Bacteroides_finegoldii	0.7616360082
PWY66-429: fatty acid biosynthesis initiation (mitochondria)|g__Bacteroides.s__Bacteroides_clarus	0.5363994350
PWY66-429: fatty acid biosynthesis initiation (mitochondria)|g__Lachnospira.s__Lachnospira_pectinoschiza	0.0036524401
1CMET2-PWY: folate transformations III (E. coli)	0.9995872031
1CMET2-PWY: folate transformations III (E. coli)|unclassified	0.5871598619
1CMET2-PWY: folate transformations III (E. coli)|g__Bacteroides.s__Bacteroides_vulgatus	0.2869482366
1CMET2-PWY: folate transformations III (E. coli)|g__Roseburia.s__Roseburia_faecis	0.3107706201
1CMET2-PWY: folate transformations III (E. coli)|g__Alistipes.s__Alistipes_putredinis	0.3931356723
1CMET2-PWY: folate transformations III (E. coli)|g__Bacteroides.s__Bacteroides_eggerthii	0.1524128223
1CMET2-PWY: folate transformations III (E. coli)|g__Blautia.s__Ruminococcus_torques	0.0994880124
1CMET2-PWY: folate transformations III (E. coli)|g__Catenibacterium.s__Catenibacterium_mitsuokai	0.3095721192
1CMET2-PWY: folate transformations III (E. coli)|g__Bacteroides.s__Bacteroides_dorei	0.2417950612
1CMET2-PWY: folate transformations III (E. coli)|g__Bacteroides.s__Bacteroides_ovatus	0.1065037102
1CMET2-PWY: folate transformations III (E. coli)|g__Blautia.s__Blautia_wexlerae	0.0009435351
1CMET2-PWY: folate transformations III (E. coli)|g__Blautia.s__Blautia_obeum	0.0000046330
PWY-6317: D-galactose degradation I (Leloir pathway)	0.9999453019
PWY-6317: D-galactose degradation I (Leloir pathway)|g__Faecalibacterium.s__Faecalibacterium_prausnitzii	0.0000383335
PWY-6317: D-galactose degradation I (Leloir pathway)|unclassified	0.6850182182
PWY-6317: D-galactose degradation I (Leloir pathway)|g__Roseburia.s__Roseburia_faecis	0.1995825118
PWY-6317: D-galactose degradation I (Leloir pathway)|g__Coprococcus.s__Coprococcus_eutactus	0.3716335186
PWY-6317: D-galactose degradation I (Leloir pathway)|g__Roseburia.s__Roseburia_intestinalis	0.4380959958
PWY-6317: D-galactose degradation I (Leloir pathway)|g__Blautia.s__Ruminococcus_torques	0.4620693731
PWY-6317: D-galactose degradation I (Leloir pathway)|g__Blautia.s__Blautia_wexlerae	0.8665080733
PWY-6317: D-galactose degradation I (Leloir pathway)|g__Collinsella.s__Collinsella_aerofaciens	0.2055734121
PWY-6317: D-galactose degradation I (Leloir pathway)|g__Eubacterium.s__Eubacterium_eligens	0.4029614182
PWY-6317: D-galactose degradation I (Leloir pathway)|g__Blautia.s__Blautia_obeum	0.2626757657
PWY-6317: D-galactose degradation I (Leloir pathway)|g__Catenibacterium.s__Catenibacterium_mitsuokai	0.0070898309
PWY-6317: D-galactose degradation I (Leloir pathway)|g__Anaerostipes.s__Anaerostipes_hadrus	0.4302128534
PWY-6317: D-galactose degradation I (Leloir pathway)|g__Fusicatenibacter.s__Fusicatenibacter_saccharivorans	0.2024557295
PWY-6317: D-galactose degradation I (Leloir pathway)|g__Roseburia.s__Roseburia_hominis	0.3533431589
PWY-6317: D-galactose degradation I (Leloir pathway)|g__Eubacterium.s__Eubacterium_hallii	0.4053172067
PWY-6317: D-galactose degradation I (Leloir pathway)|g__Blautia.s__Blautia_sp	0.1875942845
PWY-6317: D-galactose degradation I (Leloir pathway)|g__Roseburia.s__Roseburia_inulinivorans	0.3210674159
PWY-6317: D-galactose degradation I (Leloir pathway)|g__Dorea.s__Dorea_longicatena	0.0003663647
PWY-7977: L-methionine biosynthesis IV	0.9999976532
PWY-7977: L-methionine biosynthesis IV|unclassified	0.8874649696
PWY-7977: L-methionine biosynthesis IV|g__Faecalibacterium.s__Faecalibacterium_prausnitzii	0.0000005757
PWY-7977: L-methionine biosynthesis IV|g__Bacteroides.s__Bacteroides_vulgatus	0.1258174662
PWY-7977: L-methionine biosynthesis IV|g__Alistipes.s__Alistipes_putredinis	0.2708382876
PWY-7977: L-methionine biosynthesis IV|g__Collinsella.s__Collinsella_aerofaciens	0.5392538938
PWY-7977: L-methionine biosynthesis IV|g__Bacteroides.s__Bacteroides_eggerthii	0.4880495994
PWY-7977: L-methionine biosynthesis IV|g__Coprococcus.s__Coprococcus_eutactus	0.0051608263
PWY-7977: L-methionine biosynthesis IV|g__Bacteroides.s__Bacteroides_dorei	0.6617653824
PWY-7977: L-methionine biosynthesis IV|g__Bacteroides.s__Bacteroides_ovatus	0.4636641275
PWY-7977: L-methionine biosynthesis IV|g__Eubacterium.s__Eubacterium_eligens	0.4509051862
PWY-7977: L-methionine biosynthesis IV|g__Catenibacterium.s__Catenibacterium_mitsuokai	0.2539930867
PWY-7977: L-methionine biosynthesis IV|g__Blautia.s__Ruminococcus_torques	0.0004377817
PWY-7977: L-methionine biosynthesis IV|g__Bacteroides.s__Bacteroides_massiliensis	0.4483194327
PWY-7977: L-methionine biosynthesis IV|g__Roseburia.s__Roseburia_hominis	0.5657064107
PWY-7977: L-methionine biosynthesis IV|g__Bacteroides.s__Bacteroides_uniformis	0.0688656763
PWY-7977: L-methionine biosynthesis IV|g__Bacteroides.s__Bacteroides_caccae	0.4872334703
PWY-7977: L-methionine biosynthesis IV|g__Bacteroides.s__Bacteroides_salyersiae	0.5207210430
PWY-7977: L-methionine biosynthesis IV|g__Alistipes.s__Alistipes_finegoldii	0.0094134699
PWY-7977: L-methionine biosynthesis IV|g__Alistipes.s__Alistipes_onderdonkii	0.1250523202
PWY-3001: superpathway of L-isoleucine biosynthesis I	0.0000000585
PWY-3001: superpathway of L-isoleucine biosynthesis I|unclassified	0.0000001178
PWY-3001: superpathway of L-isoleucine biosynthesis I|g__Bifidobacterium.s__Bifidobacterium_bifidum	0.0449697608
PWY-3001: superpathway of L-isoleucine biosynthesis I|g__Bifidobacterium.s__Bifidobacterium_longum	0.1789398134
PWY-3001: superpathway of L-isoleucine biosynthesis I|g__Blautia.s__Ruminococcus_torques	0.0020401707
PWY-3001: superpathway of L-isoleucine biosynthesis I|g__Catenibacterium.s__Catenibacterium_mitsuokai	0.0314875870
PWY0-1586: peptidoglycan maturation (meso-diaminopimelate containing)	0.9998334157
PWY0-1586: peptidoglycan maturation (meso-diaminopimelate containing)|g__Ruminococcus.s__Ruminococcus_bicirculans	0.9315701292
PWY0-1586: peptidoglycan maturation (meso-diaminopimelate containing)|g__Bacteroides.s__Bacteroides_vulgatus	0.4609428933
PWY0-1586: peptidoglycan maturation (meso-diaminopimelate containing)|g__Catenibacterium.s__Catenibacterium_mitsuokai	0.8109067032
PWY0-1586: peptidoglycan maturation (meso-diaminopimelate containing)|g__Collinsella.s__Collinsella_aerofaciens	0.1393339742
PWY0-1586: peptidoglycan maturation (meso-diaminopimelate containing)|g__Bacteroides.s__Bacteroides_ovatus	0.7879168266
PWY0-1586: peptidoglycan maturation (meso-diaminopimelate containing)|g__Sutterella.s__Sutterella_sp_CAG_397	0.3618169941
PWY0-1586: peptidoglycan maturation (meso-diaminopimelate containing)|unclassified	0.0000388732
PWY0-1586: peptidoglycan maturation (meso-diaminopimelate containing)|g__Blautia.s__Ruminococcus_torques	0.0068165880
PWY0-1586: peptidoglycan maturation (meso-diaminopimelate containing)|g__Bacteroides.s__Bacteroides_dorei	0.4090752772
PWY0-1586: peptidoglycan maturation (meso-diaminopimelate containing)|g__Bacteroides.s__Bacteroides_uniformis	0.2871131561
PWY0-1586: peptidoglycan maturation (meso-diaminopimelate containing)|g__Eubacterium.s__Eubacterium_hallii	0.5151560216
PWY0-1586: peptidoglycan maturation (meso-diaminopimelate containing)|g__Sutterella.s__Sutterella_wadsworthensis	0.2386297890
PWY0-1296: purine ribonucleosides degradation	0.4629590562
PWY0-1296: purine ribonucleosides degradation|g__Faecalibacterium.s__Faecalibacterium_prausnitzii	0.4011709970
PWY0-1296: purine ribonucleosides degradation|unclassified	0.9985996795
PWY0-1296: purine ribonucleosides degradation|g__Firmicutes_unclassified.s__Firmicutes_bacterium_CAG_65_45_313	0.6820087444
PWY0-1296: purine ribonucleosides degradation|g__Roseburia.s__Roseburia_faecis	0.5234756596
PWY0-1296: purine ribonucleosides degradation|g__Blautia.s__Blautia_obeum	0.9737025984
PWY0-1296: purine ribonucleosides degradation|g__Gemmiger.s__Gemmiger_formicilis	0.1869764562
PWY0-1296: purine ribonucleosides degradation|g__Roseburia.s__Roseburia_intestinalis	0.2952995492
PWY0-1296: purine ribonucleosides degradation|g__Blautia.s__Ruminococcus_torques	0.5696881102
PWY0-1296: purine ribonucleosides degradation|g__Fusicatenibacter.s__Fusicatenibacter_saccharivorans	0.6743934823
PWY0-1296: purine ribonucleosides degradation|g__Eubacterium.s__Eubacterium_eligens	0.5671817689
PWY0-1296: purine ribonucleosides degradation|g__Lachnospiraceae_unclassified.s__Eubacterium_rectale	0.4051764563
PWY0-1296: purine ribonucleosides degradation|g__Clostridium.s__Clostridium_sp_CAG_122	0.5942510420
PWY0-1296: purine ribonucleosides degradation|g__Blautia.s__Blautia_wexlerae	0.1450896321
PWY0-1296: purine ribonucleosides degradation|g__Catenibacterium.s__Catenibacterium_mitsuokai	0.0037568437
PWY0-1296: purine ribonucleosides degradation|g__Eubacterium.s__Eubacterium_sp_CAG_38	0.5157226087
PWY0-1296: purine ribonucleosides degradation|g__Dorea.s__Dorea_longicatena	0.3905673785
PWY0-1296: purine ribonucleosides degradation|g__Roseburia.s__Roseburia_hominis	0.2386745434
PWY0-1296: purine ribonucleosides degradation|g__Clostridiales_unclassified.s__Clostridiales_bacterium_KLE1615	0.4318563123
PWY0-1296: purine ribonucleosides degradation|g__Megamonas.s__Megamonas_funiformis	0.2377553166
PWY0-1296: purine ribonucleosides degradation|g__Megamonas.s__Megamonas_hypermegale	0.3635042138
PWY-8178: pentose phosphate pathway (non-oxidative branch) II	0.7209965522
PWY-8178: pentose phosphate pathway (non-oxidative branch) II|g__Roseburia.s__Roseburia_faecis	0.6420611202
PWY-8178: pentose phosphate pathway (non-oxidative branch) II|unclassified	0.3981440541
PWY-8178: pentose phosphate pathway (non-oxidative branch) II|g__Coprococcus.s__Coprococcus_eutactus	0.1199798568
PWY-8178: pentose phosphate pathway (non-oxidative branch) II|g__Roseburia.s__Roseburia_intestinalis	0.6253732557
PWY-8178: pentose phosphate pathway (non-oxidative branch) II|g__Collinsella.s__Collinsella_aerofaciens	0.1455201699
PWY-8178: pentose phosphate pathway (non-oxidative branch) II|g__Blautia.s__Blautia_wexlerae	0.8068149369
PWY-8178: pentose phosphate pathway (non-oxidative branch) II|g__Blautia.s__Ruminococcus_torques	0.4247635372
PWY-8178: pentose phosphate pathway (non-oxidative branch) II|g__Lachnospiraceae_unclassified.s__Eubacterium_rectale	0.6675532536
PWY-8178: pentose phosphate pathway (non-oxidative branch) II|g__Eubacterium.s__Eubacterium_eligens	0.4481409174
PWY-8178: pentose phosphate pathway (non-oxidative branch) II|g__Eubacterium.s__Eubacterium_hallii	0.9149015984
PWY-8178: pentose phosphate pathway (non-oxidative branch) II|g__Fusicatenibacter.s__Fusicatenibacter_saccharivorans	0.5233820419
PWY-8178: pentose phosphate pathway (non-oxidative branch) II|g__Eubacterium.s__Eubacterium_sp_CAG_252	0.6583876489
PWY-8178: pentose phosphate pathway (non-oxidative branch) II|g__Catenibacterium.s__Catenibacterium_mitsuokai	0.0890812497
PWY-8178: pentose phosphate pathway (non-oxidative branch) II|g__Roseburia.s__Roseburia_hominis	0.5959826343
PWY-8178: pentose phosphate pathway (non-oxidative branch) II|g__Blautia.s__Blautia_sp	0.2470014398
PWY-8178: pentose phosphate pathway (non-oxidative branch) II|g__Blautia.s__Blautia_obeum	0.0035877005
PWY-2942: L-lysine biosynthesis III	0.0000001467
PWY-2942: L-lysine biosynthesis III|g__Bacteroides.s__Bacteroides_eggerthii	0.2652857876
PWY-2942: L-lysine biosynthesis III|g__Catenibacterium.s__Catenibacterium_mitsuokai	0.4185653629
PWY-2942: L-lysine biosynthesis III|g__Blautia.s__Ruminococcus_torques	0.0012894393
PWY-2942: L-lysine biosynthesis III|g__Bacteroides.s__Bacteroides_uniformis	0.2497797486
PWY-6527: stachyose degradation	0.1692040378
PWY-6527: stachyose degradation|g__Firmicutes_unclassified.s__Firmicutes_bacterium_CAG_65_45_313	0.5005929713
PWY-6527: stachyose degradation|unclassified	0.9059865265
PWY-6527: stachyose degradation|g__Roseburia.s__Roseburia_faecis	0.1625378601
PWY-6527: stachyose degradation|g__Coprococcus.s__Coprococcus_eutactus	0.4042542289
PWY-6527: stachyose degradation|g__Ruminococcus.s__Ruminococcus_bicirculans	0.0019475783
PWY-6527: stachyose degradation|g__Faecalibacterium.s__Faecalibacterium_prausnitzii	0.0000008986
PWY-6527: stachyose degradation|g__Blautia.s__Blautia_wexlerae	0.9225886690
PWY-6527: stachyose degradation|g__Blautia.s__Ruminococcus_torques	0.4077761316
PWY-6527: stachyose degradation|g__Roseburia.s__Roseburia_intestinalis	0.0233121794
PWY-6527: stachyose degradation|g__Blautia.s__Blautia_obeum	0.2499845015
PWY-6527: stachyose degradation|g__Fusicatenibacter.s__Fusicatenibacter_saccharivorans	0.2741551426
PWY-6527: stachyose degradation|g__Catenibacterium.s__Catenibacterium_mitsuokai	0.0000857802
PWY-6527: stachyose degradation|g__Dorea.s__Dorea_longicatena	0.0421185819
UDPNAGSYN-PWY: UDP-N-acetyl-D-glucosamine biosynthesis I	0.3740775238
UDPNAGSYN-PWY: UDP-N-acetyl-D-glucosamine biosynthesis I|g__Bifidobacterium.s__Bifidobacterium_adolescentis	0.7291542568
UDPNAGSYN-PWY: UDP-N-acetyl-D-glucosamine biosynthesis I|g__Ruminococcus.s__Ruminococcus_bicirculans	0.3254024622
UDPNAGSYN-PWY: UDP-N-acetyl-D-glucosamine biosynthesis I|g__Coprococcus.s__Coprococcus_eutactus	0.3875263404
UDPNAGSYN-PWY: UDP-N-acetyl-D-glucosamine biosynthesis I|g__Collinsella.s__Collinsella_aerofaciens	0.8366082391
UDPNAGSYN-PWY: UDP-N-acetyl-D-glucosamine biosynthesis I|unclassified	0.0754879284
UDPNAGSYN-PWY: UDP-N-acetyl-D-glucosamine biosynthesis I|g__Sutterella.s__Sutterella_sp_CAG_397	0.8381749968
UDPNAGSYN-PWY: UDP-N-acetyl-D-glucosamine biosynthesis I|g__Bifidobacterium.s__Bifidobacterium_longum	0.5626333413
UDPNAGSYN-PWY: UDP-N-acetyl-D-glucosamine biosynthesis I|g__Bifidobacterium.s__Bifidobacterium_bifidum	0.2607361217
UDPNAGSYN-PWY: UDP-N-acetyl-D-glucosamine biosynthesis I|g__Ruminococcus.s__Ruminococcus_sp_CAG_403	0.2999013852
UDPNAGSYN-PWY: UDP-N-acetyl-D-glucosamine biosynthesis I|g__Sutterella.s__Sutterella_wadsworthensis	0.8441541622
UDPNAGSYN-PWY: UDP-N-acetyl-D-glucosamine biosynthesis I|g__Catenibacterium.s__Catenibacterium_mitsuokai	0.0390912830
UDPNAGSYN-PWY: UDP-N-acetyl-D-glucosamine biosynthesis I|g__Firmicutes_unclassified.s__Firmicutes_bacterium_CAG_41	0.4958436786
UDPNAGSYN-PWY: UDP-N-acetyl-D-glucosamine biosynthesis I|g__Roseburia.s__Roseburia_hominis	0.5916909618
UDPNAGSYN-PWY: UDP-N-acetyl-D-glucosamine biosynthesis I|g__Clostridium.s__Clostridium_sp_CAG_221	0.5517514860
UDPNAGSYN-PWY: UDP-N-acetyl-D-glucosamine biosynthesis I|g__Bifidobacterium.s__Bifidobacterium_pseudocatenulatum	0.2705430784
SER-GLYSYN-PWY: superpathway of L-serine and glycine biosynthesis I	0.9533408964
SER-GLYSYN-PWY: superpathway of L-serine and glycine biosynthesis I|g__Bifidobacterium.s__Bifidobacterium_adolescentis	0.9757668187
SER-GLYSYN-PWY: superpathway of L-serine and glycine biosynthesis I|g__Roseburia.s__Roseburia_faecis	0.3556117675
SER-GLYSYN-PWY: superpathway of L-serine and glycine biosynthesis I|g__Alistipes.s__Alistipes_putredinis	0.3059866557
SER-GLYSYN-PWY: superpathway of L-serine and glycine biosynthesis I|g__Collinsella.s__Collinsella_aerofaciens	0.6296501233
SER-GLYSYN-PWY: superpathway of L-serine and glycine biosynthesis I|g__Bacteroides.s__Bacteroides_vulgatus	0.0534354473
SER-GLYSYN-PWY: superpathway of L-serine and glycine biosynthesis I|g__Roseburia.s__Roseburia_intestinalis	0.5745993633
SER-GLYSYN-PWY: superpathway of L-serine and glycine biosynthesis I|unclassified	0.0046046254
SER-GLYSYN-PWY: superpathway of L-serine and glycine biosynthesis I|g__Blautia.s__Blautia_obeum	0.6956939332
SER-GLYSYN-PWY: superpathway of L-serine and glycine biosynthesis I|g__Bacteroides.s__Bacteroides_eggerthii	0.1386095576
SER-GLYSYN-PWY: superpathway of L-serine and glycine biosynthesis I|g__Eubacterium.s__Eubacterium_eligens	0.4829472859
SER-GLYSYN-PWY: superpathway of L-serine and glycine biosynthesis I|g__Blautia.s__Ruminococcus_torques	0.0468867680
SER-GLYSYN-PWY: superpathway of L-serine and glycine biosynthesis I|g__Catenibacterium.s__Catenibacterium_mitsuokai	0.4470570713
SER-GLYSYN-PWY: superpathway of L-serine and glycine biosynthesis I|g__Bifidobacterium.s__Bifidobacterium_longum	0.0553194104
SER-GLYSYN-PWY: superpathway of L-serine and glycine biosynthesis I|g__Bacteroides.s__Bacteroides_dorei	0.2946360411
SER-GLYSYN-PWY: superpathway of L-serine and glycine biosynthesis I|g__Anaerostipes.s__Anaerostipes_hadrus	0.2053282729
SER-GLYSYN-PWY: superpathway of L-serine and glycine biosynthesis I|g__Blautia.s__Blautia_wexlerae	0.0059428712
SER-GLYSYN-PWY: superpathway of L-serine and glycine biosynthesis I|g__Alistipes.s__Alistipes_finegoldii	0.2855750173
SER-GLYSYN-PWY: superpathway of L-serine and glycine biosynthesis I|g__Megamonas.s__Megamonas_funiformis	0.4753477376
SER-GLYSYN-PWY: superpathway of L-serine and glycine biosynthesis I|g__Bacteroides.s__Bacteroides_ovatus	0.0000311256
SER-GLYSYN-PWY: superpathway of L-serine and glycine biosynthesis I|g__Bacteroides.s__Bacteroides_uniformis	0.0001411670
SER-GLYSYN-PWY: superpathway of L-serine and glycine biosynthesis I|g__Bacteroides.s__Bacteroides_caccae	0.1953403756
SER-GLYSYN-PWY: superpathway of L-serine and glycine biosynthesis I|g__Megamonas.s__Megamonas_rupellensis	0.6425954319
SER-GLYSYN-PWY: superpathway of L-serine and glycine biosynthesis I|g__Bacteroides.s__Bacteroides_clarus	0.4758250057
THRESYN-PWY: superpathway of L-threonine biosynthesis	0.8765279817
THRESYN-PWY: superpathway of L-threonine biosynthesis|g__Bifidobacterium.s__Bifidobacterium_adolescentis	0.3066203981
THRESYN-PWY: superpathway of L-threonine biosynthesis|g__Faecalibacterium.s__Faecalibacterium_prausnitzii	0.0000000100
THRESYN-PWY: superpathway of L-threonine biosynthesis|g__Collinsella.s__Collinsella_aerofaciens	0.5044238435
THRESYN-PWY: superpathway of L-threonine biosynthesis|g__Bacteroides.s__Bacteroides_vulgatus	0.0000250651
THRESYN-PWY: superpathway of L-threonine biosynthesis|g__Bacteroides.s__Bacteroides_eggerthii	0.3169512757
THRESYN-PWY: superpathway of L-threonine biosynthesis|unclassified	0.0000052542
THRESYN-PWY: superpathway of L-threonine biosynthesis|g__Bifidobacterium.s__Bifidobacterium_longum	0.2879697845
THRESYN-PWY: superpathway of L-threonine biosynthesis|g__Bifidobacterium.s__Bifidobacterium_bifidum	0.1874472633
THRESYN-PWY: superpathway of L-threonine biosynthesis|g__Bacteroides.s__Bacteroides_dorei	0.4738846311
THRESYN-PWY: superpathway of L-threonine biosynthesis|g__Blautia.s__Ruminococcus_torques	0.0097122883
THRESYN-PWY: superpathway of L-threonine biosynthesis|g__Bacteroides.s__Bacteroides_massiliensis	0.6261755069
THRESYN-PWY: superpathway of L-threonine biosynthesis|g__Bacteroides.s__Bacteroides_uniformis	0.1455605874
THRESYN-PWY: superpathway of L-threonine biosynthesis|g__Catenibacterium.s__Catenibacterium_mitsuokai	0.0521539982
THRESYN-PWY: superpathway of L-threonine biosynthesis|g__Blautia.s__Blautia_obeum	0.0024920729
THRESYN-PWY: superpathway of L-threonine biosynthesis|g__Roseburia.s__Roseburia_hominis	0.2820888074
THRESYN-PWY: superpathway of L-threonine biosynthesis|g__Bifidobacterium.s__Bifidobacterium_pseudocatenulatum	0.6707255536
HSERMETANA-PWY: L-methionine biosynthesis III	0.9690919171
HSERMETANA-PWY: L-methionine biosynthesis III|g__Bifidobacterium.s__Bifidobacterium_adolescentis	0.0009415289
HSERMETANA-PWY: L-methionine biosynthesis III|unclassified	0.9930083792
HSERMETANA-PWY: L-methionine biosynthesis III|g__Ruminococcus.s__Ruminococcus_bicirculans	0.0849437700
HSERMETANA-PWY: L-methionine biosynthesis III|g__Coprococcus.s__Coprococcus_eutactus	0.6499857780
HSERMETANA-PWY: L-methionine biosynthesis III|g__Roseburia.s__Roseburia_faecis	0.2962367726
HSERMETANA-PWY: L-methionine biosynthesis III|g__Blautia.s__Blautia_wexlerae	0.9075786427
HSERMETANA-PWY: L-methionine biosynthesis III|g__Roseburia.s__Roseburia_intestinalis	0.3982425018
HSERMETANA-PWY: L-methionine biosynthesis III|g__Bifidobacterium.s__Bifidobacterium_bifidum	0.3790582119
HSERMETANA-PWY: L-methionine biosynthesis III|g__Bifidobacterium.s__Bifidobacterium_longum	0.1691076827
HSERMETANA-PWY: L-methionine biosynthesis III|g__Catenibacterium.s__Catenibacterium_mitsuokai	0.6271348631
HSERMETANA-PWY: L-methionine biosynthesis III|g__Blautia.s__Ruminococcus_torques	0.0529575616
HSERMETANA-PWY: L-methionine biosynthesis III|g__Dorea.s__Dorea_longicatena	0.6831988016
HSERMETANA-PWY: L-methionine biosynthesis III|g__Anaerostipes.s__Anaerostipes_hadrus	0.3504499219
HSERMETANA-PWY: L-methionine biosynthesis III|g__Eubacterium.s__Eubacterium_eligens	0.0373515692
HSERMETANA-PWY: L-methionine biosynthesis III|g__Roseburia.s__Roseburia_hominis	0.5582125748
HSERMETANA-PWY: L-methionine biosynthesis III|g__Blautia.s__Blautia_sp	0.2129693371
HSERMETANA-PWY: L-methionine biosynthesis III|g__Coprococcus.s__Coprococcus_comes	0.0752576868
PWY-7357: thiamine phosphate formation from pyrithiamine and oxythiamine (yeast)	0.0054355331
PWY-7357: thiamine phosphate formation from pyrithiamine and oxythiamine (yeast)|g__Bifidobacterium.s__Bifidobacterium_adolescentis	0.0405126327
PWY-7357: thiamine phosphate formation from pyrithiamine and oxythiamine (yeast)|g__Faecalibacterium.s__Faecalibacterium_prausnitzii	0.3373353152
PWY-7357: thiamine phosphate formation from pyrithiamine and oxythiamine (yeast)|g__Roseburia.s__Roseburia_faecis	0.8864161252
PWY-7357: thiamine phosphate formation from pyrithiamine and oxythiamine (yeast)|g__Blautia.s__Blautia_obeum	0.9001441011
PWY-7357: thiamine phosphate formation from pyrithiamine and oxythiamine (yeast)|g__Roseburia.s__Roseburia_intestinalis	0.6281661830
PWY-7357: thiamine phosphate formation from pyrithiamine and oxythiamine (yeast)|g__Collinsella.s__Collinsella_aerofaciens	0.6126269124
PWY-7357: thiamine phosphate formation from pyrithiamine and oxythiamine (yeast)|unclassified	0.0007687412
PWY-7357: thiamine phosphate formation from pyrithiamine and oxythiamine (yeast)|g__Bifidobacterium.s__Bifidobacterium_bifidum	0.2851202564
PWY-7357: thiamine phosphate formation from pyrithiamine and oxythiamine (yeast)|g__Blautia.s__Blautia_wexlerae	0.4549867279
PWY-7357: thiamine phosphate formation from pyrithiamine and oxythiamine (yeast)|g__Lachnospiraceae_unclassified.s__Eubacterium_rectale	0.4916599584
PWY-7357: thiamine phosphate formation from pyrithiamine and oxythiamine (yeast)|g__Bacteroides.s__Bacteroides_ovatus	0.4760131885
PWY-7357: thiamine phosphate formation from pyrithiamine and oxythiamine (yeast)|g__Fusicatenibacter.s__Fusicatenibacter_saccharivorans	0.6853177755
PWY-7357: thiamine phosphate formation from pyrithiamine and oxythiamine (yeast)|g__Blautia.s__Ruminococcus_torques	0.0022671558
PWY-7357: thiamine phosphate formation from pyrithiamine and oxythiamine (yeast)|g__Anaerostipes.s__Anaerostipes_hadrus	0.4639028870
PWY-7357: thiamine phosphate formation from pyrithiamine and oxythiamine (yeast)|g__Catenibacterium.s__Catenibacterium_mitsuokai	0.1241119050
PWY-7357: thiamine phosphate formation from pyrithiamine and oxythiamine (yeast)|g__Bacteroides.s__Bacteroides_uniformis	0.0754032890
PANTOSYN-PWY: superpathway of coenzyme A biosynthesis I (bacteria)	0.0990898274
PANTOSYN-PWY: superpathway of coenzyme A biosynthesis I (bacteria)|unclassified	0.4636688857
PANTOSYN-PWY: superpathway of coenzyme A biosynthesis I (bacteria)|g__Roseburia.s__Roseburia_faecis	0.5675686569
PANTOSYN-PWY: superpathway of coenzyme A biosynthesis I (bacteria)|g__Bacteroides.s__Bacteroides_vulgatus	0.1130612764
PANTOSYN-PWY: superpathway of coenzyme A biosynthesis I (bacteria)|g__Alistipes.s__Alistipes_putredinis	0.0227961446
PANTOSYN-PWY: superpathway of coenzyme A biosynthesis I (bacteria)|g__Prevotella.s__Prevotella_sp_CAG_279	0.0034231914
PANTOSYN-PWY: superpathway of coenzyme A biosynthesis I (bacteria)|g__Sutterella.s__Sutterella_sp_CAG_397	0.3421915563
PANTOSYN-PWY: superpathway of coenzyme A biosynthesis I (bacteria)|g__Roseburia.s__Roseburia_intestinalis	0.1659039409
PANTOSYN-PWY: superpathway of coenzyme A biosynthesis I (bacteria)|g__Bacteroides.s__Bacteroides_eggerthii	0.1755956670
PANTOSYN-PWY: superpathway of coenzyme A biosynthesis I (bacteria)|g__Catenibacterium.s__Catenibacterium_mitsuokai	0.5698231190
PANTOSYN-PWY: superpathway of coenzyme A biosynthesis I (bacteria)|g__Ruminococcus.s__Ruminococcus_sp_CAG_403	0.1632600063
PANTOSYN-PWY: superpathway of coenzyme A biosynthesis I (bacteria)|g__Bacteroides.s__Bacteroides_dorei	0.1774949974
PANTOSYN-PWY: superpathway of coenzyme A biosynthesis I (bacteria)|g__Bacteroides.s__Bacteroides_ovatus	0.1203851796
PANTOSYN-PWY: superpathway of coenzyme A biosynthesis I (bacteria)|g__Blautia.s__Blautia_wexlerae	0.0846767121
PANTOSYN-PWY: superpathway of coenzyme A biosynthesis I (bacteria)|g__Bacteroides.s__Bacteroides_massiliensis	0.2456111274
PANTOSYN-PWY: superpathway of coenzyme A biosynthesis I (bacteria)|g__Bacteroides.s__Bacteroides_caccae	0.5410084651
PWY-7229: superpathway of adenosine nucleotides de novo biosynthesis I	0.0000000000
PWY-7229: superpathway of adenosine nucleotides de novo biosynthesis I|g__Bacteroides.s__Bacteroides_vulgatus	0.4842506746
PWY-7229: superpathway of adenosine nucleotides de novo biosynthesis I|g__Prevotella.s__Prevotella_sp_CAG_279	0.2332477394
PWY-7229: superpathway of adenosine nucleotides de novo biosynthesis I|g__Sutterella.s__Sutterella_sp_CAG_397	0.0878610772
PWY-7229: superpathway of adenosine nucleotides de novo biosynthesis I|unclassified	0.0000000002
PWY-7229: superpathway of adenosine nucleotides de novo biosynthesis I|g__Bacteroides.s__Bacteroides_ovatus	0.5452988514
PWY-7229: superpathway of adenosine nucleotides de novo biosynthesis I|g__Bacteroides.s__Bacteroides_massiliensis	0.1122221220
PWY-7229: superpathway of adenosine nucleotides de novo biosynthesis I|g__Bacteroides.s__Bacteroides_dorei	0.0070881159
PWY-7229: superpathway of adenosine nucleotides de novo biosynthesis I|g__Bacteroides.s__Bacteroides_caccae	0.5216855480
PYRIDNUCSYN-PWY: NAD de novo biosynthesis I (from aspartate)	0.8183795462
PYRIDNUCSYN-PWY: NAD de novo biosynthesis I (from aspartate)|g__Bacteroides.s__Bacteroides_vulgatus	0.6624728983
PYRIDNUCSYN-PWY: NAD de novo biosynthesis I (from aspartate)|g__Ruminococcus.s__Ruminococcus_bicirculans	0.0105288162
PYRIDNUCSYN-PWY: NAD de novo biosynthesis I (from aspartate)|g__Alistipes.s__Alistipes_putredinis	0.5745007270
PYRIDNUCSYN-PWY: NAD de novo biosynthesis I (from aspartate)|g__Coprococcus.s__Coprococcus_eutactus	0.3257278016
PYRIDNUCSYN-PWY: NAD de novo biosynthesis I (from aspartate)|g__Bacteroides.s__Bacteroides_eggerthii	0.4631989110
PYRIDNUCSYN-PWY: NAD de novo biosynthesis I (from aspartate)|unclassified	0.0001577101
PYRIDNUCSYN-PWY: NAD de novo biosynthesis I (from aspartate)|g__Roseburia.s__Roseburia_intestinalis	0.0863686851
PYRIDNUCSYN-PWY: NAD de novo biosynthesis I (from aspartate)|g__Bifidobacterium.s__Bifidobacterium_longum	0.2969863733
PYRIDNUCSYN-PWY: NAD de novo biosynthesis I (from aspartate)|g__Bifidobacterium.s__Bifidobacterium_bifidum	0.0647991433
PYRIDNUCSYN-PWY: NAD de novo biosynthesis I (from aspartate)|g__Bacteroides.s__Bacteroides_ovatus	0.4273181310
PYRIDNUCSYN-PWY: NAD de novo biosynthesis I (from aspartate)|g__Catenibacterium.s__Catenibacterium_mitsuokai	0.0703917237
PYRIDNUCSYN-PWY: NAD de novo biosynthesis I (from aspartate)|g__Bacteroides.s__Bacteroides_uniformis	0.2913365335
PYRIDNUCSYN-PWY: NAD de novo biosynthesis I (from aspartate)|g__Bacteroides.s__Bacteroides_massiliensis	0.1151721173
PYRIDNUCSYN-PWY: NAD de novo biosynthesis I (from aspartate)|g__Bacteroides.s__Bacteroides_clarus	0.3626120552
PWY-6628: superpathway of L-phenylalanine biosynthesis	0.0000000000
PWY-6628: superpathway of L-phenylalanine biosynthesis|g__Bifidobacterium.s__Bifidobacterium_longum	0.3226818766
PWY-7199: pyrimidine deoxyribonucleosides salvage	0.4602364417
PWY-7199: pyrimidine deoxyribonucleosides salvage|g__Bacteroides.s__Bacteroides_vulgatus	0.3419201425
PWY-7199: pyrimidine deoxyribonucleosides salvage|g__Prevotella.s__Prevotella_sp_CAG_279	0.3582617624
PWY-7199: pyrimidine deoxyribonucleosides salvage|g__Bacteroides.s__Bacteroides_eggerthii	0.7912444458
PWY-7199: pyrimidine deoxyribonucleosides salvage|g__Blautia.s__Ruminococcus_torques	0.0552852991
PWY-7199: pyrimidine deoxyribonucleosides salvage|g__Bacteroides.s__Bacteroides_dorei	0.6667375521
PWY-7199: pyrimidine deoxyribonucleosides salvage|g__Bacteroides.s__Bacteroides_ovatus	0.3468320439
PWY-7199: pyrimidine deoxyribonucleosides salvage|unclassified	0.0000000193
PWY-7199: pyrimidine deoxyribonucleosides salvage|g__Catenibacterium.s__Catenibacterium_mitsuokai	0.4847156959
PWY-7199: pyrimidine deoxyribonucleosides salvage|g__Roseburia.s__Roseburia_hominis	0.5869985366
PWY-7199: pyrimidine deoxyribonucleosides salvage|g__Bacteroides.s__Bacteroides_massiliensis	0.1465202746
PWY-7199: pyrimidine deoxyribonucleosides salvage|g__Blautia.s__Blautia_sp	0.2801858551
PWY-7199: pyrimidine deoxyribonucleosides salvage|g__Bacteroides.s__Bacteroides_uniformis	0.0278899714
NONOXIPENT-PWY: pentose phosphate pathway (non-oxidative branch) I	0.6738452755
NONOXIPENT-PWY: pentose phosphate pathway (non-oxidative branch) I|g__Roseburia.s__Roseburia_faecis	0.8352214204
NONOXIPENT-PWY: pentose phosphate pathway (non-oxidative branch) I|g__Collinsella.s__Collinsella_aerofaciens	0.7238162152
NONOXIPENT-PWY: pentose phosphate pathway (non-oxidative branch) I|unclassified	0.3460725923
NONOXIPENT-PWY: pentose phosphate pathway (non-oxidative branch) I|g__Roseburia.s__Roseburia_intestinalis	0.5367159690
NONOXIPENT-PWY: pentose phosphate pathway (non-oxidative branch) I|g__Coprococcus.s__Coprococcus_eutactus	0.0984250253
NONOXIPENT-PWY: pentose phosphate pathway (non-oxidative branch) I|g__Lachnospiraceae_unclassified.s__Eubacterium_rectale	0.8865360295
NONOXIPENT-PWY: pentose phosphate pathway (non-oxidative branch) I|g__Blautia.s__Ruminococcus_torques	0.5170844724
NONOXIPENT-PWY: pentose phosphate pathway (non-oxidative branch) I|g__Blautia.s__Blautia_wexlerae	0.7698383510
NONOXIPENT-PWY: pentose phosphate pathway (non-oxidative branch) I|g__Eubacterium.s__Eubacterium_hallii	0.9326877787
NONOXIPENT-PWY: pentose phosphate pathway (non-oxidative branch) I|g__Fusicatenibacter.s__Fusicatenibacter_saccharivorans	0.8207884188
NONOXIPENT-PWY: pentose phosphate pathway (non-oxidative branch) I|g__Eubacterium.s__Eubacterium_eligens	0.3949942956
NONOXIPENT-PWY: pentose phosphate pathway (non-oxidative branch) I|g__Roseburia.s__Roseburia_hominis	0.9053302747
NONOXIPENT-PWY: pentose phosphate pathway (non-oxidative branch) I|g__Catenibacterium.s__Catenibacterium_mitsuokai	0.2539298406
NONOXIPENT-PWY: pentose phosphate pathway (non-oxidative branch) I|g__Eubacterium.s__Eubacterium_sp_CAG_252	0.6504907217
NONOXIPENT-PWY: pentose phosphate pathway (non-oxidative branch) I|g__Blautia.s__Blautia_obeum	0.0042220037
NONOXIPENT-PWY: pentose phosphate pathway (non-oxidative branch) I|g__Blautia.s__Blautia_sp	0.1654075508
PANTO-PWY: phosphopantothenate biosynthesis I	0.4016670927
PANTO-PWY: phosphopantothenate biosynthesis I|unclassified	0.9401343936
PANTO-PWY: phosphopantothenate biosynthesis I|g__Roseburia.s__Roseburia_faecis	0.7652555932
PANTO-PWY: phosphopantothenate biosynthesis I|g__Bacteroides.s__Bacteroides_vulgatus	0.2659826587
PANTO-PWY: phosphopantothenate biosynthesis I|g__Alistipes.s__Alistipes_putredinis	0.2364845211
PANTO-PWY: phosphopantothenate biosynthesis I|g__Prevotella.s__Prevotella_sp_CAG_279	0.1660079209
PANTO-PWY: phosphopantothenate biosynthesis I|g__Bacteroides.s__Bacteroides_eggerthii	0.4650796400
PANTO-PWY: phosphopantothenate biosynthesis I|g__Roseburia.s__Roseburia_intestinalis	0.2644714778
PANTO-PWY: phosphopantothenate biosynthesis I|g__Sutterella.s__Sutterella_sp_CAG_397	0.5885361969
PANTO-PWY: phosphopantothenate biosynthesis I|g__Lachnospiraceae_unclassified.s__Eubacterium_rectale	0.8490069526
PANTO-PWY: phosphopantothenate biosynthesis I|g__Ruminococcus.s__Ruminococcus_sp_CAG_403	0.6826238210
PANTO-PWY: phosphopantothenate biosynthesis I|g__Catenibacterium.s__Catenibacterium_mitsuokai	0.5112320679
PANTO-PWY: phosphopantothenate biosynthesis I|g__Anaerostipes.s__Anaerostipes_hadrus	0.7716420079
PANTO-PWY: phosphopantothenate biosynthesis I|g__Bacteroides.s__Bacteroides_ovatus	0.2677167137
PANTO-PWY: phosphopantothenate biosynthesis I|g__Bacteroides.s__Bacteroides_dorei	0.2337212953
PANTO-PWY: phosphopantothenate biosynthesis I|g__Bacteroides.s__Bacteroides_massiliensis	0.4146872398
PANTO-PWY: phosphopantothenate biosynthesis I|g__Blautia.s__Blautia_wexlerae	0.0449330822
PANTO-PWY: phosphopantothenate biosynthesis I|g__Bacteroides.s__Bacteroides_uniformis	0.1372727999
PANTO-PWY: phosphopantothenate biosynthesis I|g__Eubacterium.s__Eubacterium_sp_CAG_38	0.4263274669
PANTO-PWY: phosphopantothenate biosynthesis I|g__Agathobaculum.s__Agathobaculum_butyriciproducens	0.6282280309
PANTO-PWY: phosphopantothenate biosynthesis I|g__Eubacterium.s__Eubacterium_hallii	0.4881350682
PANTO-PWY: phosphopantothenate biosynthesis I|g__Bacteroides.s__Bacteroides_caccae	0.7090512979
PANTO-PWY: phosphopantothenate biosynthesis I|g__Bacteroides.s__Bacteroides_finegoldii	0.7893010715
PANTO-PWY: phosphopantothenate biosynthesis I|g__Alistipes.s__Alistipes_onderdonkii	0.4792042872
P41-PWY: pyruvate fermentation to acetate and (S)-lactate I	0.0056902656
P41-PWY: pyruvate fermentation to acetate and (S)-lactate I|g__Bifidobacterium.s__Bifidobacterium_adolescentis	0.1315892973
P41-PWY: pyruvate fermentation to acetate and (S)-lactate I|g__Coprococcus.s__Coprococcus_eutactus	0.5569352757
P41-PWY: pyruvate fermentation to acetate and (S)-lactate I|g__Roseburia.s__Roseburia_faecis	0.1926195869
P41-PWY: pyruvate fermentation to acetate and (S)-lactate I|g__Roseburia.s__Roseburia_intestinalis	0.6098026998
P41-PWY: pyruvate fermentation to acetate and (S)-lactate I|g__Collinsella.s__Collinsella_aerofaciens	0.5874694178
P41-PWY: pyruvate fermentation to acetate and (S)-lactate I|g__Bifidobacterium.s__Bifidobacterium_longum	0.5540128670
P41-PWY: pyruvate fermentation to acetate and (S)-lactate I|g__Blautia.s__Blautia_obeum	0.6110784465
P41-PWY: pyruvate fermentation to acetate and (S)-lactate I|g__Blautia.s__Ruminococcus_torques	0.0112686831
P41-PWY: pyruvate fermentation to acetate and (S)-lactate I|g__Blautia.s__Blautia_sp	0.3400229608
P41-PWY: pyruvate fermentation to acetate and (S)-lactate I|g__Fusicatenibacter.s__Fusicatenibacter_saccharivorans	0.2551982267
P41-PWY: pyruvate fermentation to acetate and (S)-lactate I|g__Blautia.s__Blautia_wexlerae	0.0001681586
P41-PWY: pyruvate fermentation to acetate and (S)-lactate I|g__Roseburia.s__Roseburia_hominis	0.0260677807
P41-PWY: pyruvate fermentation to acetate and (S)-lactate I|g__Lachnospiraceae_unclassified.s__Eubacterium_rectale	0.0000010109
PWY-5100: pyruvate fermentation to acetate and lactate II	0.0056902656
PWY-5100: pyruvate fermentation to acetate and lactate II|g__Bifidobacterium.s__Bifidobacterium_adolescentis	0.1315892973
PWY-5100: pyruvate fermentation to acetate and lactate II|g__Coprococcus.s__Coprococcus_eutactus	0.7064114697
PWY-5100: pyruvate fermentation to acetate and lactate II|g__Roseburia.s__Roseburia_faecis	0.1926195869
PWY-5100: pyruvate fermentation to acetate and lactate II|g__Roseburia.s__Roseburia_intestinalis	0.8193872078
PWY-5100: pyruvate fermentation to acetate and lactate II|g__Collinsella.s__Collinsella_aerofaciens	0.5874694178
PWY-5100: pyruvate fermentation to acetate and lactate II|g__Bifidobacterium.s__Bifidobacterium_longum	0.5540128670
PWY-5100: pyruvate fermentation to acetate and lactate II|g__Blautia.s__Blautia_obeum	0.6110784465
PWY-5100: pyruvate fermentation to acetate and lactate II|g__Blautia.s__Ruminococcus_torques	0.0112686831
PWY-5100: pyruvate fermentation to acetate and lactate II|g__Blautia.s__Blautia_sp	0.3400229608
PWY-5100: pyruvate fermentation to acetate and lactate II|g__Fusicatenibacter.s__Fusicatenibacter_saccharivorans	0.2551982267
PWY-5100: pyruvate fermentation to acetate and lactate II|g__Eubacterium.s__Eubacterium_hallii	0.2735151248
PWY-5100: pyruvate fermentation to acetate and lactate II|g__Blautia.s__Blautia_wexlerae	0.0001681586
PWY-5100: pyruvate fermentation to acetate and lactate II|g__Roseburia.s__Roseburia_hominis	0.0260677807
PWY-5100: pyruvate fermentation to acetate and lactate II|g__Lachnospiraceae_unclassified.s__Eubacterium_rectale	0.0000010109
PWY-841: superpathway of purine nucleotides de novo biosynthesis I	0.0000000000
PWY-841: superpathway of purine nucleotides de novo biosynthesis I|unclassified	0.0000000001
RIBOSYN2-PWY: flavin biosynthesis I (bacteria and plants)	0.0000000752
RIBOSYN2-PWY: flavin biosynthesis I (bacteria and plants)|g__Faecalibacterium.s__Faecalibacterium_prausnitzii	0.0038150061
RIBOSYN2-PWY: flavin biosynthesis I (bacteria and plants)|g__Bacteroides.s__Bacteroides_vulgatus	0.0991837206
RIBOSYN2-PWY: flavin biosynthesis I (bacteria and plants)|g__Roseburia.s__Roseburia_faecis	0.1698488931
RIBOSYN2-PWY: flavin biosynthesis I (bacteria and plants)|g__Coprococcus.s__Coprococcus_eutactus	0.2279866025
RIBOSYN2-PWY: flavin biosynthesis I (bacteria and plants)|g__Blautia.s__Ruminococcus_torques	0.0211865507
RIBOSYN2-PWY: flavin biosynthesis I (bacteria and plants)|g__Lachnospiraceae_unclassified.s__Eubacterium_rectale	0.0356410972
RIBOSYN2-PWY: flavin biosynthesis I (bacteria and plants)|g__Blautia.s__Blautia_obeum	0.0012509482
RIBOSYN2-PWY: flavin biosynthesis I (bacteria and plants)|g__Eubacterium.s__Eubacterium_eligens	0.0003650533
RIBOSYN2-PWY: flavin biosynthesis I (bacteria and plants)|g__Blautia.s__Blautia_wexlerae	0.0016447551
GLYCOLYSIS: glycolysis I (from glucose 6-phosphate)	0.0000000000
GLYCOLYSIS: glycolysis I (from glucose 6-phosphate)|unclassified	0.0000023528
GLYCOLYSIS: glycolysis I (from glucose 6-phosphate)|g__Catenibacterium.s__Catenibacterium_mitsuokai	0.0031403940
ANAEROFRUCAT-PWY: homolactic fermentation	0.0000000000
ANAEROFRUCAT-PWY: homolactic fermentation|unclassified	0.0000010402
ANAEROFRUCAT-PWY: homolactic fermentation|g__Catenibacterium.s__Catenibacterium_mitsuokai	0.0020269601
PWY-6897: thiamine diphosphate salvage II	0.0000854488
PWY-6897: thiamine diphosphate salvage II|g__Bifidobacterium.s__Bifidobacterium_adolescentis	0.0193770212
PWY-6897: thiamine diphosphate salvage II|g__Faecalibacterium.s__Faecalibacterium_prausnitzii	0.0032285858
PWY-6897: thiamine diphosphate salvage II|unclassified	0.0006948483
PWY-6897: thiamine diphosphate salvage II|g__Bacteroides.s__Bacteroides_ovatus	0.4626977375
PWY-6897: thiamine diphosphate salvage II|g__Catenibacterium.s__Catenibacterium_mitsuokai	0.1661556488
PWY-6897: thiamine diphosphate salvage II|g__Bacteroides.s__Bacteroides_uniformis	0.0493187695
PWY-6897: thiamine diphosphate salvage II|g__Lachnospiraceae_unclassified.s__Eubacterium_rectale	0.0024314244
PWY-5973: cis-vaccenate biosynthesis	0.0000000000
PWY-5973: cis-vaccenate biosynthesis|g__Bacteroides.s__Bacteroides_eggerthii	0.2797727326
PWY-5973: cis-vaccenate biosynthesis|g__Bacteroides.s__Bacteroides_ovatus	0.6018382877
PWY-5973: cis-vaccenate biosynthesis|g__Blautia.s__Ruminococcus_torques	0.0304642658
PWY-5973: cis-vaccenate biosynthesis|g__Catenibacterium.s__Catenibacterium_mitsuokai	0.4251043022
PWY-5973: cis-vaccenate biosynthesis|g__Bacteroides.s__Bacteroides_salyersiae	0.5401821772
PWY-5973: cis-vaccenate biosynthesis|g__Alistipes.s__Alistipes_finegoldii	0.0120962432
PWY-5973: cis-vaccenate biosynthesis|g__Alistipes.s__Alistipes_onderdonkii	0.5629873893
PWY-5973: cis-vaccenate biosynthesis|g__Bacteroides.s__Bacteroides_caccae	0.0808277071
PWY-6126: superpathway of adenosine nucleotides de novo biosynthesis II	0.0000000000
PWY-6126: superpathway of adenosine nucleotides de novo biosynthesis II|g__Bacteroides.s__Bacteroides_vulgatus	0.5207545401
PWY-6126: superpathway of adenosine nucleotides de novo biosynthesis II|g__Prevotella.s__Prevotella_sp_CAG_279	0.1683854619
PWY-6126: superpathway of adenosine nucleotides de novo biosynthesis II|g__Bacteroides.s__Bacteroides_ovatus	0.5260979799
PWY-6126: superpathway of adenosine nucleotides de novo biosynthesis II|g__Sutterella.s__Sutterella_sp_CAG_397	0.0547338561
PWY-6126: superpathway of adenosine nucleotides de novo biosynthesis II|unclassified	0.0000000001
PWY-6126: superpathway of adenosine nucleotides de novo biosynthesis II|g__Bacteroides.s__Bacteroides_massiliensis	0.1253393752
PWY-6126: superpathway of adenosine nucleotides de novo biosynthesis II|g__Bacteroides.s__Bacteroides_dorei	0.0082345396
PWY-6126: superpathway of adenosine nucleotides de novo biosynthesis II|g__Bacteroides.s__Bacteroides_caccae	0.5371253776
GLUCONEO-PWY: gluconeogenesis I	0.0000000000
GLUCONEO-PWY: gluconeogenesis I|unclassified	0.0000000101
PWY-6936: seleno-amino acid biosynthesis (plants)	0.0000002525
PWY-6936: seleno-amino acid biosynthesis (plants)|g__Coprococcus.s__Coprococcus_eutactus	0.7249112140
PWY-6936: seleno-amino acid biosynthesis (plants)|g__Roseburia.s__Roseburia_faecis	0.4102476484
PWY-6936: seleno-amino acid biosynthesis (plants)|g__Catenibacterium.s__Catenibacterium_mitsuokai	0.7186398493
PWY-6936: seleno-amino acid biosynthesis (plants)|g__Ruminococcus.s__Ruminococcus_sp_CAG_403	0.6027469424
PWY-6936: seleno-amino acid biosynthesis (plants)|g__Eubacterium.s__Eubacterium_eligens	0.5189664208
PWY-6936: seleno-amino acid biosynthesis (plants)|g__Anaerostipes.s__Anaerostipes_hadrus	0.5641880100
PWY-6936: seleno-amino acid biosynthesis (plants)|g__Eubacterium.s__Eubacterium_sp_CAG_38	0.4691443793
PWY-6936: seleno-amino acid biosynthesis (plants)|g__Eubacterium.s__Eubacterium_sp_CAG_252	0.2009583755
PWY-6936: seleno-amino acid biosynthesis (plants)|g__Roseburia.s__Roseburia_hominis	0.3167576107
PWY-5484: glycolysis II (from fructose 6-phosphate)	0.0000000000
PWY-5484: glycolysis II (from fructose 6-phosphate)|unclassified	0.0000011778
PWY-5484: glycolysis II (from fructose 6-phosphate)|g__Catenibacterium.s__Catenibacterium_mitsuokai	0.0015739847
PWY-6270: isoprene biosynthesis I	0.0000000000
PWY-6270: isoprene biosynthesis I|g__Eubacterium.s__Eubacterium_eligens	0.6762881329
PWY-6270: isoprene biosynthesis I|g__Blautia.s__Ruminococcus_torques	0.0010700818
PWY-6901: superpathway of glucose and xylose degradation	0.0000000000
THISYN-PWY: superpathway of thiamine diphosphate biosynthesis I	0.0000000000
THISYN-PWY: superpathway of thiamine diphosphate biosynthesis I|g__Bacteroides.s__Bacteroides_ovatus	0.3061442048
THISYN-PWY: superpathway of thiamine diphosphate biosynthesis I|g__Bacteroides.s__Bacteroides_uniformis	0.0698511281
THISYN-PWY: superpathway of thiamine diphosphate biosynthesis I|g__Catenibacterium.s__Catenibacterium_mitsuokai	0.0000173283
PWY-7237: myo-, chiro- and scyllo-inositol degradation	0.2476928019
PWY-7237: myo-, chiro- and scyllo-inositol degradation|unclassified	0.9972204280
PWY-7237: myo-, chiro- and scyllo-inositol degradation|g__Agathobaculum.s__Agathobaculum_butyriciproducens	0.9855365276
PWY-7237: myo-, chiro- and scyllo-inositol degradation|g__Blautia.s__Blautia_sp	0.6791814073
PWY0-162: superpathway of pyrimidine ribonucleotides de novo biosynthesis	0.0000000000
PWY0-162: superpathway of pyrimidine ribonucleotides de novo biosynthesis|g__Bacteroides.s__Bacteroides_ovatus	0.1740038258
PWY0-162: superpathway of pyrimidine ribonucleotides de novo biosynthesis|unclassified	0.0000000001
PWY-7560: methylerythritol phosphate pathway II	0.0000000000
PWY-7560: methylerythritol phosphate pathway II|g__Eubacterium.s__Eubacterium_eligens	0.7401253199
PWY-7560: methylerythritol phosphate pathway II|g__Blautia.s__Ruminococcus_torques	0.0276952152
PWY-7560: methylerythritol phosphate pathway II|g__Blautia.s__Blautia_obeum	0.0171849644
THISYNARA-PWY: superpathway of thiamine diphosphate biosynthesis III (eukaryotes)	0.0000001589
THISYNARA-PWY: superpathway of thiamine diphosphate biosynthesis III (eukaryotes)|g__Faecalibacterium.s__Faecalibacterium_prausnitzii	0.0068731251
THISYNARA-PWY: superpathway of thiamine diphosphate biosynthesis III (eukaryotes)|g__Roseburia.s__Roseburia_faecis	0.3027000321
THISYNARA-PWY: superpathway of thiamine diphosphate biosynthesis III (eukaryotes)|g__Bifidobacterium.s__Bifidobacterium_bifidum	0.6833325618
THISYNARA-PWY: superpathway of thiamine diphosphate biosynthesis III (eukaryotes)|g__Roseburia.s__Roseburia_intestinalis	0.1558695841
THISYNARA-PWY: superpathway of thiamine diphosphate biosynthesis III (eukaryotes)|g__Bacteroides.s__Bacteroides_ovatus	0.2357223636
THISYNARA-PWY: superpathway of thiamine diphosphate biosynthesis III (eukaryotes)|g__Catenibacterium.s__Catenibacterium_mitsuokai	0.1452424932
THISYNARA-PWY: superpathway of thiamine diphosphate biosynthesis III (eukaryotes)|unclassified	0.0000000028
THISYNARA-PWY: superpathway of thiamine diphosphate biosynthesis III (eukaryotes)|g__Bacteroides.s__Bacteroides_uniformis	0.0946664438
THISYNARA-PWY: superpathway of thiamine diphosphate biosynthesis III (eukaryotes)|g__Lachnospiraceae_unclassified.s__Eubacterium_rectale	0.0032398901
THISYNARA-PWY: superpathway of thiamine diphosphate biosynthesis III (eukaryotes)|g__Blautia.s__Ruminococcus_torques	0.0000052641
PWY-6823: molybdopterin biosynthesis	0.0567159700
PWY-6823: molybdopterin biosynthesis|g__Faecalibacterium.s__Faecalibacterium_prausnitzii	0.5201690885
PWY-6823: molybdopterin biosynthesis|g__Firmicutes_unclassified.s__Firmicutes_bacterium_CAG_65_45_313	0.2103548421
PWY-6823: molybdopterin biosynthesis|g__Roseburia.s__Roseburia_faecis	0.5877659611
PWY-6823: molybdopterin biosynthesis|g__Blautia.s__Ruminococcus_torques	0.9777199016
PWY-6823: molybdopterin biosynthesis|g__Blautia.s__Blautia_obeum	0.9702973907
PWY-6823: molybdopterin biosynthesis|g__Roseburia.s__Roseburia_intestinalis	0.5204792463
PWY-6823: molybdopterin biosynthesis|unclassified	0.0153290090
PWY-6823: molybdopterin biosynthesis|g__Sutterella.s__Sutterella_sp_CAG_397	0.3650441426
PWY-6823: molybdopterin biosynthesis|g__Lachnospiraceae_unclassified.s__Eubacterium_rectale	0.5589866467
PWY-6823: molybdopterin biosynthesis|g__Fusicatenibacter.s__Fusicatenibacter_saccharivorans	0.6017950173
PWY-6823: molybdopterin biosynthesis|g__Clostridium.s__Clostridium_sp_CAG_122	0.5633633793
PWY-6823: molybdopterin biosynthesis|g__Blautia.s__Blautia_sp	0.5499920674
PWY-6823: molybdopterin biosynthesis|g__Catenibacterium.s__Catenibacterium_mitsuokai	0.1086126602
PWY-6823: molybdopterin biosynthesis|g__Sutterella.s__Sutterella_wadsworthensis	0.5195166273
PWY-6823: molybdopterin biosynthesis|g__Megamonas.s__Megamonas_funiformis	0.8877747932
PWY-6823: molybdopterin biosynthesis|g__Agathobaculum.s__Agathobaculum_butyriciproducens	0.5319944611
PWY-6823: molybdopterin biosynthesis|g__Eubacterium.s__Eubacterium_hallii	0.3344904282
PWY-6823: molybdopterin biosynthesis|g__Megamonas.s__Megamonas_rupellensis	0.4459140429
PWY-7663: gondoate biosynthesis (anaerobic)	0.0000000000
PWY-7663: gondoate biosynthesis (anaerobic)|g__Bacteroides.s__Bacteroides_eggerthii	0.2400614960
PWY-7663: gondoate biosynthesis (anaerobic)|g__Bacteroides.s__Bacteroides_vulgatus	0.0000057595
PWY-7663: gondoate biosynthesis (anaerobic)|g__Bacteroides.s__Bacteroides_ovatus	0.6677643617
PWY-7663: gondoate biosynthesis (anaerobic)|g__Bifidobacterium.s__Bifidobacterium_longum	0.3777836688
PWY-7663: gondoate biosynthesis (anaerobic)|g__Catenibacterium.s__Catenibacterium_mitsuokai	0.4006416022
PWY-7663: gondoate biosynthesis (anaerobic)|g__Alistipes.s__Alistipes_finegoldii	0.6939371191
PWY-7663: gondoate biosynthesis (anaerobic)|unclassified	0.0000000000
PWY-7663: gondoate biosynthesis (anaerobic)|g__Bacteroides.s__Bacteroides_salyersiae	0.5429676741
PWY-7663: gondoate biosynthesis (anaerobic)|g__Alistipes.s__Alistipes_onderdonkii	0.5103847429
PWY-7663: gondoate biosynthesis (anaerobic)|g__Bacteroides.s__Bacteroides_caccae	0.0666315830
PWY-7228: superpathway of guanosine nucleotides de novo biosynthesis I	0.0000000000
PWY-7228: superpathway of guanosine nucleotides de novo biosynthesis I|g__Bacteroides.s__Bacteroides_vulgatus	0.9739019036
PWY-7228: superpathway of guanosine nucleotides de novo biosynthesis I|g__Prevotella.s__Prevotella_sp_CAG_279	0.2861006534
PWY-7228: superpathway of guanosine nucleotides de novo biosynthesis I|g__Collinsella.s__Collinsella_aerofaciens	0.0518414102
PWY-7228: superpathway of guanosine nucleotides de novo biosynthesis I|g__Sutterella.s__Sutterella_sp_CAG_397	0.3764697853
PWY-7228: superpathway of guanosine nucleotides de novo biosynthesis I|g__Bacteroides.s__Bacteroides_ovatus	0.6658657542
PWY-7228: superpathway of guanosine nucleotides de novo biosynthesis I|g__Bacteroides.s__Bacteroides_dorei	0.4232402066
PWY-7228: superpathway of guanosine nucleotides de novo biosynthesis I|g__Bacteroides.s__Bacteroides_massiliensis	0.4841362236
PWY-7228: superpathway of guanosine nucleotides de novo biosynthesis I|unclassified	0.0000000001
PWY-7228: superpathway of guanosine nucleotides de novo biosynthesis I|g__Bacteroides.s__Bacteroides_caccae	0.7482683899
PENTOSE-P-PWY: pentose phosphate pathway	0.0000000000
PENTOSE-P-PWY: pentose phosphate pathway|g__Catenibacterium.s__Catenibacterium_mitsuokai	0.0078290850
DAPLYSINESYN-PWY: L-lysine biosynthesis I	0.0000000000
DAPLYSINESYN-PWY: L-lysine biosynthesis I|g__Bifidobacterium.s__Bifidobacterium_adolescentis	0.7772023151
DAPLYSINESYN-PWY: L-lysine biosynthesis I|g__Bifidobacterium.s__Bifidobacterium_longum	0.7734706255
PWY-7400: L-arginine biosynthesis IV (archaebacteria)	0.0000000000
PWY-7400: L-arginine biosynthesis IV (archaebacteria)|g__Blautia.s__Ruminococcus_torques	0.1169756943
PWY-7400: L-arginine biosynthesis IV (archaebacteria)|g__Catenibacterium.s__Catenibacterium_mitsuokai	0.0891337914
PWY-7234: inosine-5'-phosphate biosynthesis III	0.0000000000
PWY-7234: inosine-5'-phosphate biosynthesis III|g__Bifidobacterium.s__Bifidobacterium_adolescentis	0.0112293346
PWY-7234: inosine-5'-phosphate biosynthesis III|g__Alistipes.s__Alistipes_putredinis	0.1508146830
PWY-7234: inosine-5'-phosphate biosynthesis III|g__Alistipes.s__Alistipes_finegoldii	0.0419021189
PWY-6125: superpathway of guanosine nucleotides de novo biosynthesis II	0.0000000000
PWY-6125: superpathway of guanosine nucleotides de novo biosynthesis II|g__Bacteroides.s__Bacteroides_vulgatus	0.8053919135
PWY-6125: superpathway of guanosine nucleotides de novo biosynthesis II|g__Prevotella.s__Prevotella_sp_CAG_279	0.1502640066
PWY-6125: superpathway of guanosine nucleotides de novo biosynthesis II|g__Bacteroides.s__Bacteroides_ovatus	0.5977046327
PWY-6125: superpathway of guanosine nucleotides de novo biosynthesis II|g__Sutterella.s__Sutterella_sp_CAG_397	0.0539091268
PWY-6125: superpathway of guanosine nucleotides de novo biosynthesis II|g__Bacteroides.s__Bacteroides_dorei	0.3595187135
PWY-6125: superpathway of guanosine nucleotides de novo biosynthesis II|g__Bacteroides.s__Bacteroides_massiliensis	0.4495788938
PWY-6125: superpathway of guanosine nucleotides de novo biosynthesis II|unclassified	0.0000000001
PWY-6125: superpathway of guanosine nucleotides de novo biosynthesis II|g__Bacteroides.s__Bacteroides_caccae	0.3463395633
COBALSYN-PWY: superpathway of adenosylcobalamin salvage from cobinamide I	0.0000000000
COBALSYN-PWY: superpathway of adenosylcobalamin salvage from cobinamide I|g__Faecalibacterium.s__Faecalibacterium_prausnitzii	0.0000006875
COBALSYN-PWY: superpathway of adenosylcobalamin salvage from cobinamide I|g__Bacteroides.s__Bacteroides_uniformis	0.8927745917
COBALSYN-PWY: superpathway of adenosylcobalamin salvage from cobinamide I|g__Blautia.s__Ruminococcus_torques	0.1720273930
COBALSYN-PWY: superpathway of adenosylcobalamin salvage from cobinamide I|unclassified	0.0000105882
COBALSYN-PWY: superpathway of adenosylcobalamin salvage from cobinamide I|g__Blautia.s__Blautia_wexlerae	0.1780840615
COBALSYN-PWY: superpathway of adenosylcobalamin salvage from cobinamide I|g__Blautia.s__Blautia_sp	0.3529282039
COBALSYN-PWY: superpathway of adenosylcobalamin salvage from cobinamide I|g__Blautia.s__Blautia_obeum	0.0585376179
COBALSYN-PWY: superpathway of adenosylcobalamin salvage from cobinamide I|g__Catenibacterium.s__Catenibacterium_mitsuokai	0.0121847235
COBALSYN-PWY: superpathway of adenosylcobalamin salvage from cobinamide I|g__Collinsella.s__Collinsella_aerofaciens	0.0000000005
PWY-6703: preQ0 biosynthesis	0.0000000002
PWY-6703: preQ0 biosynthesis|g__Prevotella.s__Prevotella_sp_CAG_279	0.3696076986
PWY-6703: preQ0 biosynthesis|unclassified	0.0668175732
PWY-6703: preQ0 biosynthesis|g__Bacteroides.s__Bacteroides_vulgatus	0.0369529079
PWY-6703: preQ0 biosynthesis|g__Bacteroides.s__Bacteroides_eggerthii	0.5595036621
PWY-6703: preQ0 biosynthesis|g__Catenibacterium.s__Catenibacterium_mitsuokai	0.7009279826
PWY-6703: preQ0 biosynthesis|g__Coprococcus.s__Coprococcus_eutactus	0.0006644396
PWY-6703: preQ0 biosynthesis|g__Eubacterium.s__Eubacterium_eligens	0.5292462373
PWY-6703: preQ0 biosynthesis|g__Bacteroides.s__Bacteroides_dorei	0.5731127629
PWY-6703: preQ0 biosynthesis|g__Ruminococcus.s__Ruminococcus_sp_CAG_403	0.3135701663
PWY-6703: preQ0 biosynthesis|g__Bacteroides.s__Bacteroides_massiliensis	0.7846277277
PWY-6703: preQ0 biosynthesis|g__Eubacterium.s__Eubacterium_sp_CAG_252	0.8316600106
PWY-6703: preQ0 biosynthesis|g__Bacteroides.s__Bacteroides_ovatus	0.2052282524
PWY-6703: preQ0 biosynthesis|g__Firmicutes_unclassified.s__Firmicutes_bacterium_CAG_41	0.7992372103
PWY-6703: preQ0 biosynthesis|g__Eubacterium.s__Eubacterium_sp_CAG_38	0.6103507333
PWY-6703: preQ0 biosynthesis|g__Bacteroides.s__Bacteroides_uniformis	0.0011168501
PWY-5188: tetrapyrrole biosynthesis I (from glutamate)	0.0000000000
PWY-5188: tetrapyrrole biosynthesis I (from glutamate)|g__Ruminococcus.s__Ruminococcus_bicirculans	0.4954178493
PWY-5188: tetrapyrrole biosynthesis I (from glutamate)|g__Ruminococcus.s__Ruminococcus_bromii	0.4816700678
PWY-5188: tetrapyrrole biosynthesis I (from glutamate)|g__Roseburia.s__Roseburia_faecis	0.1733486739
PWY-5188: tetrapyrrole biosynthesis I (from glutamate)|g__Coprococcus.s__Coprococcus_eutactus	0.4226607520
PWY-5188: tetrapyrrole biosynthesis I (from glutamate)|g__Sutterella.s__Sutterella_sp_CAG_397	0.6698077527
PWY-5188: tetrapyrrole biosynthesis I (from glutamate)|g__Blautia.s__Blautia_wexlerae	0.3601326960
PWY-5188: tetrapyrrole biosynthesis I (from glutamate)|g__Eubacterium.s__Eubacterium_eligens	0.1904652996
PWY-5188: tetrapyrrole biosynthesis I (from glutamate)|g__Ruminococcus.s__Ruminococcus_sp_CAG_403	0.0431930879
PWY-5188: tetrapyrrole biosynthesis I (from glutamate)|unclassified	0.0000000025
PWY-5188: tetrapyrrole biosynthesis I (from glutamate)|g__Firmicutes_unclassified.s__Firmicutes_bacterium_CAG_41	0.6613323001
PWY-5188: tetrapyrrole biosynthesis I (from glutamate)|g__Blautia.s__Blautia_sp	0.3278097155
PWY-6892: thiazole component of thiamine diphosphate biosynthesis I	0.0000000000
PWY-6892: thiazole component of thiamine diphosphate biosynthesis I|g__Roseburia.s__Roseburia_intestinalis	0.2017582701
PWY-6892: thiazole component of thiamine diphosphate biosynthesis I|g__Blautia.s__Blautia_wexlerae	0.3841785766
PWY-6892: thiazole component of thiamine diphosphate biosynthesis I|g__Bacteroides.s__Bacteroides_uniformis	0.7242936639
PWY-6892: thiazole component of thiamine diphosphate biosynthesis I|g__Eubacterium.s__Eubacterium_eligens	0.2110712102
PWY-6892: thiazole component of thiamine diphosphate biosynthesis I|g__Blautia.s__Blautia_sp	0.5781487984
PWY-6892: thiazole component of thiamine diphosphate biosynthesis I|g__Bacteroides.s__Bacteroides_ovatus	0.1278327080
PWY-6892: thiazole component of thiamine diphosphate biosynthesis I|g__Anaerostipes.s__Anaerostipes_hadrus	0.4727140496
PWY-6892: thiazole component of thiamine diphosphate biosynthesis I|g__Eubacterium.s__Eubacterium_hallii	0.5340527119
PWY-6892: thiazole component of thiamine diphosphate biosynthesis I|g__Catenibacterium.s__Catenibacterium_mitsuokai	0.0000034658
PWY-6892: thiazole component of thiamine diphosphate biosynthesis I|g__Blautia.s__Blautia_obeum	0.0000047446
PWY-6892: thiazole component of thiamine diphosphate biosynthesis I|g__Bacteroides.s__Bacteroides_caccae	0.1102479974
PWY-5384: sucrose degradation IV (sucrose phosphorylase)	0.0000000000
PWY-5384: sucrose degradation IV (sucrose phosphorylase)|g__Bifidobacterium.s__Bifidobacterium_adolescentis	0.8377402084
PWY-5384: sucrose degradation IV (sucrose phosphorylase)|g__Roseburia.s__Roseburia_faecis	0.2248413190
PWY-5384: sucrose degradation IV (sucrose phosphorylase)|g__Coprococcus.s__Coprococcus_eutactus	0.0792136014
PWY-5384: sucrose degradation IV (sucrose phosphorylase)|g__Faecalibacterium.s__Faecalibacterium_prausnitzii	0.0000000002
PWY-5384: sucrose degradation IV (sucrose phosphorylase)|g__Bifidobacterium.s__Bifidobacterium_bifidum	0.7928478803
PWY-5384: sucrose degradation IV (sucrose phosphorylase)|g__Roseburia.s__Roseburia_intestinalis	0.2413307884
PWY-5384: sucrose degradation IV (sucrose phosphorylase)|g__Bifidobacterium.s__Bifidobacterium_longum	0.4239177999
PWY-5384: sucrose degradation IV (sucrose phosphorylase)|unclassified	0.0000445077
PWY-5384: sucrose degradation IV (sucrose phosphorylase)|g__Bacteroides.s__Bacteroides_ovatus	0.1927098247
PWY-5384: sucrose degradation IV (sucrose phosphorylase)|g__Bifidobacterium.s__Bifidobacterium_pseudocatenulatum	0.3355683046
PWY-5154: L-arginine biosynthesis III (via N-acetyl-L-citrulline)	0.0000000000
PWY-5154: L-arginine biosynthesis III (via N-acetyl-L-citrulline)|g__Blautia.s__Ruminococcus_torques	0.0171771194
PWY-5154: L-arginine biosynthesis III (via N-acetyl-L-citrulline)|g__Catenibacterium.s__Catenibacterium_mitsuokai	0.1688142054
PWY-5154: L-arginine biosynthesis III (via N-acetyl-L-citrulline)|g__Alistipes.s__Alistipes_finegoldii	0.2709585871
PWY-7208: superpathway of pyrimidine nucleobases salvage	0.0000000000
PWY-7208: superpathway of pyrimidine nucleobases salvage|g__Roseburia.s__Roseburia_intestinalis	0.7308480214
PWY-7208: superpathway of pyrimidine nucleobases salvage|g__Collinsella.s__Collinsella_aerofaciens	0.0009144244
PWY-7208: superpathway of pyrimidine nucleobases salvage|g__Sutterella.s__Sutterella_sp_CAG_397	0.0081253597
PWY-7208: superpathway of pyrimidine nucleobases salvage|unclassified	0.0000000001
PWY-7208: superpathway of pyrimidine nucleobases salvage|g__Blautia.s__Blautia_sp	0.0056918931
PWY-7345: superpathway of anaerobic sucrose degradation	0.0000000000
PWY-621: sucrose degradation III (sucrose invertase)	0.0000000000
PWY-621: sucrose degradation III (sucrose invertase)|g__Ruminococcus.s__Ruminococcus_bicirculans	0.3618806539
PWY-621: sucrose degradation III (sucrose invertase)|g__Coprococcus.s__Coprococcus_eutactus	0.8314107605
PWY-621: sucrose degradation III (sucrose invertase)|g__Roseburia.s__Roseburia_faecis	0.2260959963
PWY-621: sucrose degradation III (sucrose invertase)|g__Bifidobacterium.s__Bifidobacterium_bifidum	0.7175089263
PWY-621: sucrose degradation III (sucrose invertase)|g__Roseburia.s__Roseburia_intestinalis	0.1974558254
PWY-621: sucrose degradation III (sucrose invertase)|unclassified	0.0000005127
PWY-621: sucrose degradation III (sucrose invertase)|g__Bacteroides.s__Bacteroides_ovatus	0.0612430409
PWY0-1061: superpathway of L-alanine biosynthesis	0.0000000000
PWY0-1061: superpathway of L-alanine biosynthesis|g__Bifidobacterium.s__Bifidobacterium_adolescentis	0.1124006465
PWY0-1061: superpathway of L-alanine biosynthesis|g__Bifidobacterium.s__Bifidobacterium_bifidum	0.4278061509
PWY0-1061: superpathway of L-alanine biosynthesis|g__Bifidobacterium.s__Bifidobacterium_longum	0.3221770475
PWY0-1061: superpathway of L-alanine biosynthesis|g__Blautia.s__Ruminococcus_torques	0.0001799686
PWY0-1061: superpathway of L-alanine biosynthesis|g__Lachnospiraceae_unclassified.s__Eubacterium_rectale	0.0576420143
COLANSYN-PWY: colanic acid building blocks biosynthesis	0.0000000000
COLANSYN-PWY: colanic acid building blocks biosynthesis|unclassified	0.0000003741
CITRULBIO-PWY: L-citrulline biosynthesis	0.0000000000
ASPASN-PWY: superpathway of L-aspartate and L-asparagine biosynthesis	0.0000000000
ASPASN-PWY: superpathway of L-aspartate and L-asparagine biosynthesis|g__Bacteroides.s__Bacteroides_vulgatus	0.5834471818
ASPASN-PWY: superpathway of L-aspartate and L-asparagine biosynthesis|g__Bacteroides.s__Bacteroides_eggerthii	0.4336390481
ASPASN-PWY: superpathway of L-aspartate and L-asparagine biosynthesis|g__Bacteroides.s__Bacteroides_dorei	0.8130302134
ASPASN-PWY: superpathway of L-aspartate and L-asparagine biosynthesis|g__Bacteroides.s__Bacteroides_massiliensis	0.7236213239
ASPASN-PWY: superpathway of L-aspartate and L-asparagine biosynthesis|g__Blautia.s__Blautia_obeum	0.0697775133
ASPASN-PWY: superpathway of L-aspartate and L-asparagine biosynthesis|g__Catenibacterium.s__Catenibacterium_mitsuokai	0.0399381567
ASPASN-PWY: superpathway of L-aspartate and L-asparagine biosynthesis|unclassified	0.0000000207
ASPASN-PWY: superpathway of L-aspartate and L-asparagine biosynthesis|g__Blautia.s__Ruminococcus_torques	0.0002001331
ASPASN-PWY: superpathway of L-aspartate and L-asparagine biosynthesis|g__Bacteroides.s__Bacteroides_uniformis	0.1119936754
ASPASN-PWY: superpathway of L-aspartate and L-asparagine biosynthesis|g__Blautia.s__Blautia_wexlerae	0.0000070156
ASPASN-PWY: superpathway of L-aspartate and L-asparagine biosynthesis|g__Blautia.s__Blautia_sp	0.0004209427
ASPASN-PWY: superpathway of L-aspartate and L-asparagine biosynthesis|g__Bacteroides.s__Bacteroides_clarus	0.3445023803
PWY-7328: superpathway of UDP-glucose-derived O-antigen building blocks biosynthesis	0.0000000000
PWY-7328: superpathway of UDP-glucose-derived O-antigen building blocks biosynthesis|unclassified	0.3306851359
FASYN-ELONG-PWY: fatty acid elongation -- saturated	0.0000000000
FASYN-ELONG-PWY: fatty acid elongation -- saturated|g__Bifidobacterium.s__Bifidobacterium_longum	0.3777836688
FASYN-ELONG-PWY: fatty acid elongation -- saturated|g__Alistipes.s__Alistipes_finegoldii	0.6649409706
PWY-7117: C4 photosynthetic carbon assimilation cycle, PEPCK type	0.0000000000
PWY-7117: C4 photosynthetic carbon assimilation cycle, PEPCK type|unclassified	0.0000000006
PWY-7282: 4-amino-2-methyl-5-diphosphomethylpyrimidine biosynthesis II	0.0000000000
PWY-7282: 4-amino-2-methyl-5-diphosphomethylpyrimidine biosynthesis II|g__Bacteroides.s__Bacteroides_ovatus	0.5718269868
PWY-7282: 4-amino-2-methyl-5-diphosphomethylpyrimidine biosynthesis II|g__Bacteroides.s__Bacteroides_uniformis	0.1312215193
PWY-7282: 4-amino-2-methyl-5-diphosphomethylpyrimidine biosynthesis II|g__Catenibacterium.s__Catenibacterium_mitsuokai	0.0000018634
PWY-241: C4 photosynthetic carbon assimilation cycle, NADP-ME type	0.0000000000
PWY-241: C4 photosynthetic carbon assimilation cycle, NADP-ME type|unclassified	0.0000000005
PWY-7198: pyrimidine deoxyribonucleotides de novo biosynthesis IV	0.0000000000
PWY-7198: pyrimidine deoxyribonucleotides de novo biosynthesis IV|unclassified	0.0000000001
PWY-5121: superpathway of geranylgeranyl diphosphate biosynthesis II (via MEP)	0.0000000000
PWY-5121: superpathway of geranylgeranyl diphosphate biosynthesis II (via MEP)|g__Bacteroides.s__Bacteroides_vulgatus	0.0842887260
PWY-5121: superpathway of geranylgeranyl diphosphate biosynthesis II (via MEP)|g__Bacteroides.s__Bacteroides_dorei	0.2200294407
PWY-7664: oleate biosynthesis IV (anaerobic)	0.0000000000
PWY-7664: oleate biosynthesis IV (anaerobic)|g__Bifidobacterium.s__Bifidobacterium_longum	0.3777836688
PWY-7664: oleate biosynthesis IV (anaerobic)|g__Alistipes.s__Alistipes_finegoldii	0.6465122737
P124-PWY: Bifidobacterium shunt	0.0000000000
P124-PWY: Bifidobacterium shunt|g__Bifidobacterium.s__Bifidobacterium_longum	0.0000011938
GLYCOCAT-PWY: glycogen degradation I	0.0000000000
GLYCOCAT-PWY: glycogen degradation I|g__Coprococcus.s__Coprococcus_eutactus	0.1993214727
GLYCOCAT-PWY: glycogen degradation I|g__Bifidobacterium.s__Bifidobacterium_bifidum	0.0000314520
GLYCOCAT-PWY: glycogen degradation I|g__Catenibacterium.s__Catenibacterium_mitsuokai	0.0023028756
GLYCOCAT-PWY: glycogen degradation I|g__Bifidobacterium.s__Bifidobacterium_longum	0.0000008954
RHAMCAT-PWY: L-rhamnose degradation I	0.0000000000
RHAMCAT-PWY: L-rhamnose degradation I|g__Bacteroides.s__Bacteroides_vulgatus	0.3493607082
RHAMCAT-PWY: L-rhamnose degradation I|g__Roseburia.s__Roseburia_faecis	0.4584269450
RHAMCAT-PWY: L-rhamnose degradation I|g__Roseburia.s__Roseburia_intestinalis	0.1208089060
RHAMCAT-PWY: L-rhamnose degradation I|g__Bacteroides.s__Bacteroides_ovatus	0.3429317590
RHAMCAT-PWY: L-rhamnose degradation I|g__Catenibacterium.s__Catenibacterium_mitsuokai	0.2792792559
RHAMCAT-PWY: L-rhamnose degradation I|g__Eubacterium.s__Eubacterium_eligens	0.1732555559
RHAMCAT-PWY: L-rhamnose degradation I|g__Bacteroides.s__Bacteroides_dorei	0.1697477176
RHAMCAT-PWY: L-rhamnose degradation I|g__Eubacterium.s__Eubacterium_sp_CAG_252	0.3814574084
RHAMCAT-PWY: L-rhamnose degradation I|g__Bacteroides.s__Bacteroides_caccae	0.3613842116
PWY-5971: palmitate biosynthesis (type II fatty acid synthase)	0.0000000000
PWY-622: starch biosynthesis	0.0000000000
PHOSLIPSYN-PWY: superpathway of phospholipid biosynthesis I (bacteria)	0.0000000000
PHOSLIPSYN-PWY: superpathway of phospholipid biosynthesis I (bacteria)|unclassified	0.0000000005
PHOSLIPSYN-PWY: superpathway of phospholipid biosynthesis I (bacteria)|g__Fusicatenibacter.s__Fusicatenibacter_saccharivorans	0.3901479524
PHOSLIPSYN-PWY: superpathway of phospholipid biosynthesis I (bacteria)|g__Catenibacterium.s__Catenibacterium_mitsuokai	0.0091297230
GLCMANNANAUT-PWY: superpathway of N-acetylglucosamine, N-acetylmannosamine and N-acetylneuraminate degradation	0.0000000000
GLCMANNANAUT-PWY: superpathway of N-acetylglucosamine, N-acetylmannosamine and N-acetylneuraminate degradation|g__Faecalibacterium.s__Faecalibacterium_prausnitzii	0.0000000000
GLCMANNANAUT-PWY: superpathway of N-acetylglucosamine, N-acetylmannosamine and N-acetylneuraminate degradation|unclassified	0.0000007010
PWY0-862: (5Z)-dodecenoate biosynthesis I	0.0000000000
PWY0-862: (5Z)-dodecenoate biosynthesis I|g__Bifidobacterium.s__Bifidobacterium_longum	0.3777836688
PWY0-862: (5Z)-dodecenoate biosynthesis I|g__Alistipes.s__Alistipes_finegoldii	0.6234730441
PWY-7220: adenosine deoxyribonucleotides de novo biosynthesis II	0.0000000000
PWY-7220: adenosine deoxyribonucleotides de novo biosynthesis II|g__Bacteroides.s__Bacteroides_vulgatus	0.9666464800
PWY-7220: adenosine deoxyribonucleotides de novo biosynthesis II|g__Prevotella.s__Prevotella_sp_CAG_279	0.0893456175
PWY-7220: adenosine deoxyribonucleotides de novo biosynthesis II|g__Bacteroides.s__Bacteroides_dorei	0.3662688889
PWY-7220: adenosine deoxyribonucleotides de novo biosynthesis II|g__Bacteroides.s__Bacteroides_ovatus	0.4609132142
PWY-7220: adenosine deoxyribonucleotides de novo biosynthesis II|g__Sutterella.s__Sutterella_sp_CAG_397	0.0249184161
PWY-7220: adenosine deoxyribonucleotides de novo biosynthesis II|g__Bacteroides.s__Bacteroides_massiliensis	0.4738877360
PWY-7220: adenosine deoxyribonucleotides de novo biosynthesis II|g__Bacteroides.s__Bacteroides_caccae	0.7068316896
PWY-7220: adenosine deoxyribonucleotides de novo biosynthesis II|unclassified	0.0000000000
PWY-7222: guanosine deoxyribonucleotides de novo biosynthesis II	0.0000000000
PWY-7222: guanosine deoxyribonucleotides de novo biosynthesis II|g__Bacteroides.s__Bacteroides_vulgatus	0.9666464800
PWY-7222: guanosine deoxyribonucleotides de novo biosynthesis II|g__Prevotella.s__Prevotella_sp_CAG_279	0.0893456175
PWY-7222: guanosine deoxyribonucleotides de novo biosynthesis II|g__Bacteroides.s__Bacteroides_dorei	0.3662688889
PWY-7222: guanosine deoxyribonucleotides de novo biosynthesis II|g__Bacteroides.s__Bacteroides_ovatus	0.4609132142
PWY-7222: guanosine deoxyribonucleotides de novo biosynthesis II|g__Sutterella.s__Sutterella_sp_CAG_397	0.0249184161
PWY-7222: guanosine deoxyribonucleotides de novo biosynthesis II|g__Bacteroides.s__Bacteroides_massiliensis	0.4738877360
PWY-7222: guanosine deoxyribonucleotides de novo biosynthesis II|g__Bacteroides.s__Bacteroides_caccae	0.7068316896
PWY-7222: guanosine deoxyribonucleotides de novo biosynthesis II|unclassified	0.0000000000
PWY-4984: urea cycle	0.0000000000
PWY-5989: stearate biosynthesis II (bacteria and plants)	0.0000000000
PWY-5989: stearate biosynthesis II (bacteria and plants)|g__Alistipes.s__Alistipes_finegoldii	0.6129994447
PWY-2941: L-lysine biosynthesis II	0.0000000000
PWY-2941: L-lysine biosynthesis II|g__Blautia.s__Ruminococcus_torques	0.0008657364
PWY-2941: L-lysine biosynthesis II|g__Roseburia.s__Roseburia_hominis	0.6150829304
PWY-2941: L-lysine biosynthesis II|g__Catenibacterium.s__Catenibacterium_mitsuokai	0.0000192922
PWY-5659: GDP-mannose biosynthesis	0.0000000000
PWY-5659: GDP-mannose biosynthesis|g__Bacteroides.s__Bacteroides_vulgatus	0.3908872468
PWY-5659: GDP-mannose biosynthesis|g__Faecalibacterium.s__Faecalibacterium_prausnitzii	0.0000000266
PWY-5659: GDP-mannose biosynthesis|g__Coprococcus.s__Coprococcus_eutactus	0.0783540279
PWY-5659: GDP-mannose biosynthesis|g__Roseburia.s__Roseburia_intestinalis	0.3867940606
PWY-5659: GDP-mannose biosynthesis|g__Ruminococcus.s__Ruminococcus_bicirculans	0.0000000093
PWY-5659: GDP-mannose biosynthesis|unclassified	0.0000237389
PWY-5659: GDP-mannose biosynthesis|g__Roseburia.s__Roseburia_faecis	0.0000000015
PWY-8004: Entner-Doudoroff pathway I	0.0000000000
PWY-6282: palmitoleate biosynthesis I (from (5Z)-dodec-5-enoate)	0.0000000000
PWY-6282: palmitoleate biosynthesis I (from (5Z)-dodec-5-enoate)|g__Bifidobacterium.s__Bifidobacterium_longum	0.3777836688
PWY-6282: palmitoleate biosynthesis I (from (5Z)-dodec-5-enoate)|g__Alistipes.s__Alistipes_finegoldii	0.6446625032
PWY-6292: superpathway of L-cysteine biosynthesis (mammalian)	0.0000000000
PWY-6292: superpathway of L-cysteine biosynthesis (mammalian)|unclassified	0.0000027878
PWY-7197: pyrimidine deoxyribonucleotide phosphorylation	0.0000000000
PWY-7197: pyrimidine deoxyribonucleotide phosphorylation|g__Collinsella.s__Collinsella_aerofaciens	0.5628051768
PWY-7197: pyrimidine deoxyribonucleotide phosphorylation|g__Sutterella.s__Sutterella_sp_CAG_397	0.8482754310
PWY-7197: pyrimidine deoxyribonucleotide phosphorylation|unclassified	0.0000000000
PWY-7197: pyrimidine deoxyribonucleotide phosphorylation|g__Megamonas.s__Megamonas_funiformis	0.4696214503
PWY-7197: pyrimidine deoxyribonucleotide phosphorylation|g__Megamonas.s__Megamonas_rupellensis	0.6429332631
PWY-7197: pyrimidine deoxyribonucleotide phosphorylation|g__Megamonas.s__Megamonas_hypermegale	0.5797141910
PWY-6519: 8-amino-7-oxononanoate biosynthesis I	0.0000000000
BIOTIN-BIOSYNTHESIS-PWY: biotin biosynthesis I	0.0000000000
PWY-4041: &gamma;-glutamyl cycle	0.0000000000
PWY-4041: &gamma;-glutamyl cycle|g__Bifidobacterium.s__Bifidobacterium_longum	0.3693288885
PWY-4041: &gamma;-glutamyl cycle|g__Bacteroides.s__Bacteroides_ovatus	0.4635890169
PWY-4041: &gamma;-glutamyl cycle|g__Bacteroides.s__Bacteroides_dorei	0.0640735184
PWY-4041: &gamma;-glutamyl cycle|g__Bacteroides.s__Bacteroides_vulgatus	0.0000000000
PWY-7323: superpathway of GDP-mannose-derived O-antigen building blocks biosynthesis	0.0000000000
FERMENTATION-PWY: mixed acid fermentation	0.0000000000
PWY-7456: &beta;-(1,4)-mannan degradation	0.0000000000
PWY-7456: &beta;-(1,4)-mannan degradation|g__Coprococcus.s__Coprococcus_eutactus	0.0902718363
PWY-7456: &beta;-(1,4)-mannan degradation|g__Roseburia.s__Roseburia_faecis	0.0000000018
PWY-7115: C4 photosynthetic carbon assimilation cycle, NAD-ME type	0.0000000000
PWY-6630: superpathway of L-tyrosine biosynthesis	0.0000000000
GLYCOLYSIS-E-D: superpathway of glycolysis and the Entner-Doudoroff pathway	0.0000000000
ARGININE-SYN4-PWY: L-ornithine biosynthesis II	0.0000000000
ARGININE-SYN4-PWY: L-ornithine biosynthesis II|g__Bacteroides.s__Bacteroides_vulgatus	0.6539324328
ARGININE-SYN4-PWY: L-ornithine biosynthesis II|g__Bacteroides.s__Bacteroides_eggerthii	0.2924668221
ARGININE-SYN4-PWY: L-ornithine biosynthesis II|g__Bacteroides.s__Bacteroides_ovatus	0.3629195293
ARGININE-SYN4-PWY: L-ornithine biosynthesis II|g__Bacteroides.s__Bacteroides_dorei	0.1996256665
ARGININE-SYN4-PWY: L-ornithine biosynthesis II|g__Bacteroides.s__Bacteroides_massiliensis	0.3086739531
ARGININE-SYN4-PWY: L-ornithine biosynthesis II|g__Catenibacterium.s__Catenibacterium_mitsuokai	0.0001046361
ARGININE-SYN4-PWY: L-ornithine biosynthesis II|g__Bacteroides.s__Bacteroides_uniformis	0.0000067201
ARGININE-SYN4-PWY: L-ornithine biosynthesis II|g__Bacteroides.s__Bacteroides_thetaiotaomicron	0.5811673005
PWY-5505: L-glutamate and L-glutamine biosynthesis	0.0000000000
PWY-7392: taxadiene biosynthesis (engineered)	0.0000000000
PWY-6305: superpathway of putrescine biosynthesis	0.0000000000
PWY-6147: 6-hydroxymethyl-dihydropterin diphosphate biosynthesis I	0.0000000000
PWY-6147: 6-hydroxymethyl-dihydropterin diphosphate biosynthesis I|g__Alistipes.s__Alistipes_putredinis	0.6342197485
PWY-6147: 6-hydroxymethyl-dihydropterin diphosphate biosynthesis I|g__Bacteroides.s__Bacteroides_vulgatus	0.0000000000
PWY-6147: 6-hydroxymethyl-dihydropterin diphosphate biosynthesis I|g__Bacteroides.s__Bacteroides_ovatus	0.0192830610
PWY-6147: 6-hydroxymethyl-dihydropterin diphosphate biosynthesis I|g__Bacteroides.s__Bacteroides_dorei	0.0037105841
PWY-6147: 6-hydroxymethyl-dihydropterin diphosphate biosynthesis I|g__Bacteroides.s__Bacteroides_thetaiotaomicron	0.9488870713
PWY-6147: 6-hydroxymethyl-dihydropterin diphosphate biosynthesis I|g__Catenibacterium.s__Catenibacterium_mitsuokai	0.0003833059
PWY4FS-7: phosphatidylglycerol biosynthesis I (plastidic)	0.0000000000
PWY4FS-7: phosphatidylglycerol biosynthesis I (plastidic)|g__Roseburia.s__Roseburia_intestinalis	0.7637157963
PWY4FS-7: phosphatidylglycerol biosynthesis I (plastidic)|unclassified	0.0000000003
PWY4FS-7: phosphatidylglycerol biosynthesis I (plastidic)|g__Fusicatenibacter.s__Fusicatenibacter_saccharivorans	0.2660036088
PWY4FS-7: phosphatidylglycerol biosynthesis I (plastidic)|g__Catenibacterium.s__Catenibacterium_mitsuokai	0.0097875490
PWY4FS-8: phosphatidylglycerol biosynthesis II (non-plastidic)	0.0000000000
PWY4FS-8: phosphatidylglycerol biosynthesis II (non-plastidic)|g__Roseburia.s__Roseburia_intestinalis	0.7637157963
PWY4FS-8: phosphatidylglycerol biosynthesis II (non-plastidic)|unclassified	0.0000000003
PWY4FS-8: phosphatidylglycerol biosynthesis II (non-plastidic)|g__Fusicatenibacter.s__Fusicatenibacter_saccharivorans	0.2660036088
PWY4FS-8: phosphatidylglycerol biosynthesis II (non-plastidic)|g__Catenibacterium.s__Catenibacterium_mitsuokai	0.0097875490
PWY0-1479: tRNA processing	0.0000000000
PWY0-1479: tRNA processing|unclassified	0.0000000020
PWY-6549: L-glutamine biosynthesis III	0.0000000000
HISDEG-PWY: L-histidine degradation I	0.0000000000
HISDEG-PWY: L-histidine degradation I|g__Bacteroides.s__Bacteroides_vulgatus	0.3707109155
HISDEG-PWY: L-histidine degradation I|g__Alistipes.s__Alistipes_putredinis	0.2461930720
HISDEG-PWY: L-histidine degradation I|g__Bacteroides.s__Bacteroides_eggerthii	0.3596870955
HISDEG-PWY: L-histidine degradation I|g__Bacteroides.s__Bacteroides_ovatus	0.5358921742
HISDEG-PWY: L-histidine degradation I|g__Bacteroides.s__Bacteroides_massiliensis	0.6496367066
HISDEG-PWY: L-histidine degradation I|g__Bacteroides.s__Bacteroides_dorei	0.2292215960
HISDEG-PWY: L-histidine degradation I|g__Bacteroides.s__Bacteroides_uniformis	0.3942333636
HISDEG-PWY: L-histidine degradation I|g__Catenibacterium.s__Catenibacterium_mitsuokai	0.0654039673
HISDEG-PWY: L-histidine degradation I|g__Bacteroides.s__Bacteroides_salyersiae	0.6195571914
HISDEG-PWY: L-histidine degradation I|g__Bacteroides.s__Bacteroides_clarus	0.5562844334
HISDEG-PWY: L-histidine degradation I|g__Bacteroides.s__Bacteroides_thetaiotaomicron	0.4567563594
PWY-1861: formaldehyde assimilation II (assimilatory RuMP Cycle)	0.0000000000
PWY-1861: formaldehyde assimilation II (assimilatory RuMP Cycle)|unclassified	0.0000005823
PWY-5030: L-histidine degradation III	0.0000000000
PWY-5030: L-histidine degradation III|g__Bacteroides.s__Bacteroides_vulgatus	0.2386483218
PWY-5030: L-histidine degradation III|g__Alistipes.s__Alistipes_putredinis	0.2468226229
PWY-5030: L-histidine degradation III|g__Bacteroides.s__Bacteroides_eggerthii	0.3989091456
PWY-5030: L-histidine degradation III|g__Bacteroides.s__Bacteroides_ovatus	0.6190431178
PWY-5030: L-histidine degradation III|g__Bacteroides.s__Bacteroides_uniformis	0.4711840286
PWY-5030: L-histidine degradation III|g__Bacteroides.s__Bacteroides_dorei	0.2317076529
PWY-5030: L-histidine degradation III|g__Catenibacterium.s__Catenibacterium_mitsuokai	0.0943514410
PWY-5030: L-histidine degradation III|g__Bacteroides.s__Bacteroides_massiliensis	0.3035308092
PWY-5030: L-histidine degradation III|g__Bacteroides.s__Bacteroides_clarus	0.6455219124
PWY-5913: partial TCA cycle (obligate autotrophs)	0.0000000000
PWY0-845: superpathway of pyridoxal 5'-phosphate biosynthesis and salvage	0.0000000000
PWY0-845: superpathway of pyridoxal 5'-phosphate biosynthesis and salvage|g__Bacteroides.s__Bacteroides_ovatus	0.0004356625
PWY0-845: superpathway of pyridoxal 5'-phosphate biosynthesis and salvage|g__Bacteroides.s__Bacteroides_uniformis	0.0636468230
PWY0-845: superpathway of pyridoxal 5'-phosphate biosynthesis and salvage|g__Bacteroides.s__Bacteroides_caccae	0.6685337955
PWY0-845: superpathway of pyridoxal 5'-phosphate biosynthesis and salvage|g__Catenibacterium.s__Catenibacterium_mitsuokai	0.0000015652
GLUCUROCAT-PWY: superpathway of &beta;-D-glucuronosides degradation	0.0000000000
GLUCUROCAT-PWY: superpathway of &beta;-D-glucuronosides degradation|g__Faecalibacterium.s__Faecalibacterium_prausnitzii	0.0000000002
GLUCUROCAT-PWY: superpathway of &beta;-D-glucuronosides degradation|unclassified	0.0000005266
PWY-6353: purine nucleotides degradation II (aerobic)	0.0000000000
PWY-6353: purine nucleotides degradation II (aerobic)|g__Roseburia.s__Roseburia_intestinalis	0.2705991262
PWY-6353: purine nucleotides degradation II (aerobic)|unclassified	0.0000000052
PWY66-399: gluconeogenesis III	0.0000000000
PWY-6608: guanosine nucleotides degradation III	0.0000000000
PWY-6608: guanosine nucleotides degradation III|g__Roseburia.s__Roseburia_intestinalis	0.5661125210
PWY-6608: guanosine nucleotides degradation III|unclassified	0.0025178304
PWY-6608: guanosine nucleotides degradation III|g__Faecalibacterium.s__Faecalibacterium_prausnitzii	0.0000000000
PWY-6608: guanosine nucleotides degradation III|g__Bacteroides.s__Bacteroides_ovatus	0.5785305911
PWY-6608: guanosine nucleotides degradation III|g__Blautia.s__Blautia_wexlerae	0.1820854996
PWY-6608: guanosine nucleotides degradation III|g__Blautia.s__Ruminococcus_torques	0.0002508087
PWY-6608: guanosine nucleotides degradation III|g__Blautia.s__Blautia_obeum	0.0000269696
PWY-6969: TCA cycle V (2-oxoglutarate synthase)	0.0000000000
PWY-8187: L-arginine degradation XIII (reductive Stickland reaction)	0.0000000000
PWY-8187: L-arginine degradation XIII (reductive Stickland reaction)|unclassified	0.9999766000
PWY-6895: superpathway of thiamine diphosphate biosynthesis II	0.0000000000
POLYISOPRENSYN-PWY: polyisoprenoid biosynthesis (E. coli)	0.0000000000
PWY-6731: starch degradation III	0.0000000000
PWY-6731: starch degradation III|g__Catenibacterium.s__Catenibacterium_mitsuokai	0.7211616180
PWY-6731: starch degradation III|g__Blautia.s__Blautia_obeum	0.1133729696
PWY-6731: starch degradation III|g__Blautia.s__Blautia_wexlerae	0.0007326492
PWY-702: L-methionine biosynthesis II	0.0000000000
PWY-702: L-methionine biosynthesis II|g__Bifidobacterium.s__Bifidobacterium_longum	0.0561618236
PWY-702: L-methionine biosynthesis II|g__Blautia.s__Ruminococcus_torques	0.0026393067
PWY-I9: L-cysteine biosynthesis VI (from L-methionine)	0.0000000000
PWY-I9: L-cysteine biosynthesis VI (from L-methionine)|g__Bifidobacterium.s__Bifidobacterium_longum	0.7167138436
PWY-I9: L-cysteine biosynthesis VI (from L-methionine)|g__Roseburia.s__Roseburia_intestinalis	0.0545348644
PWY-I9: L-cysteine biosynthesis VI (from L-methionine)|g__Blautia.s__Ruminococcus_torques	0.0027913222
PWY-7242: D-fructuronate degradation	0.0000000000
PWY-7242: D-fructuronate degradation|g__Faecalibacterium.s__Faecalibacterium_prausnitzii	0.0059756655
PWY-7242: D-fructuronate degradation|unclassified	0.0000003511
ARG+POLYAMINE-SYN: superpathway of arginine and polyamine biosynthesis	0.0000000000
PWY-7383: anaerobic energy metabolism (invertebrates, cytosol)	0.0000000000
PYRIDOXSYN-PWY: pyridoxal 5'-phosphate biosynthesis I	0.0000000000
PYRIDOXSYN-PWY: pyridoxal 5'-phosphate biosynthesis I|g__Bacteroides.s__Bacteroides_eggerthii	0.0332097904
PYRIDOXSYN-PWY: pyridoxal 5'-phosphate biosynthesis I|g__Bacteroides.s__Bacteroides_ovatus	0.0001867749
PYRIDOXSYN-PWY: pyridoxal 5'-phosphate biosynthesis I|g__Bacteroides.s__Bacteroides_uniformis	0.0299678641
PYRIDOXSYN-PWY: pyridoxal 5'-phosphate biosynthesis I|g__Catenibacterium.s__Catenibacterium_mitsuokai	0.0361200605
PYRIDOXSYN-PWY: pyridoxal 5'-phosphate biosynthesis I|g__Bacteroides.s__Bacteroides_caccae	0.5328676610
LACTOSECAT-PWY: lactose and galactose degradation I	0.0000000000
LACTOSECAT-PWY: lactose and galactose degradation I|g__Collinsella.s__Collinsella_aerofaciens	0.9999992535
PWY0-1261: anhydromuropeptides recycling I	0.0000000000
PWY0-1261: anhydromuropeptides recycling I|g__Catenibacterium.s__Catenibacterium_mitsuokai	0.0351538723
PWY3O-4107: NAD salvage pathway V (PNC V cycle)	0.0000000000
PWY3O-4107: NAD salvage pathway V (PNC V cycle)|g__Bifidobacterium.s__Bifidobacterium_bifidum	0.1035325333
PWY-6470: peptidoglycan biosynthesis V (&beta;-lactam resistance)	0.0000000000
METH-ACETATE-PWY: methanogenesis from acetate	0.0000000000
METH-ACETATE-PWY: methanogenesis from acetate|g__Blautia.s__Blautia_wexlerae	0.0518530846
METH-ACETATE-PWY: methanogenesis from acetate|g__Blautia.s__Blautia_obeum	0.0052919141
METH-ACETATE-PWY: methanogenesis from acetate|g__Fusicatenibacter.s__Fusicatenibacter_saccharivorans	0.3066287865
P441-PWY: superpathway of N-acetylneuraminate degradation	0.0000000000
PWY-7211: superpathway of pyrimidine deoxyribonucleotides de novo biosynthesis	0.0000000000
PWY-5497: purine nucleobases degradation II (anaerobic)	0.0000000000
PWY-5497: purine nucleobases degradation II (anaerobic)|g__Roseburia.s__Roseburia_intestinalis	0.1595862309
PWY-7356: thiamine diphosphate salvage IV (yeast)	0.0000000000
PWY-7356: thiamine diphosphate salvage IV (yeast)|g__Bifidobacterium.s__Bifidobacterium_adolescentis	0.0000000000
SALVADEHYPOX-PWY: adenosine nucleotides degradation II	0.0000000000
SALVADEHYPOX-PWY: adenosine nucleotides degradation II|unclassified	0.0020992301
SALVADEHYPOX-PWY: adenosine nucleotides degradation II|g__Faecalibacterium.s__Faecalibacterium_prausnitzii	0.0000000000
SALVADEHYPOX-PWY: adenosine nucleotides degradation II|g__Roseburia.s__Roseburia_intestinalis	0.1793124402
FUC-RHAMCAT-PWY: superpathway of fucose and rhamnose degradation	0.0000000000
NAGLIPASYN-PWY: lipid IVA biosynthesis (E. coli)	0.0000000000
NAGLIPASYN-PWY: lipid IVA biosynthesis (E. coli)|g__Sutterella.s__Sutterella_sp_CAG_397	0.1376622066
NAGLIPASYN-PWY: lipid IVA biosynthesis (E. coli)|g__Bacteroides.s__Bacteroides_uniformis	0.3936171256
NAGLIPASYN-PWY: lipid IVA biosynthesis (E. coli)|g__Catenibacterium.s__Catenibacterium_mitsuokai	0.0371187453
PWY-8073: lipid IVA biosynthesis (P. putida)	0.0000000000
PWY-8073: lipid IVA biosynthesis (P. putida)|g__Sutterella.s__Sutterella_sp_CAG_397	0.1376622066
PWY-8073: lipid IVA biosynthesis (P. putida)|g__Bacteroides.s__Bacteroides_uniformis	0.3936171256
PWY-8073: lipid IVA biosynthesis (P. putida)|g__Catenibacterium.s__Catenibacterium_mitsuokai	0.0371187453
PWY-6606: guanosine nucleotides degradation II	0.0000000000
PWY-6606: guanosine nucleotides degradation II|g__Roseburia.s__Roseburia_intestinalis	0.1968673560
PWY-6606: guanosine nucleotides degradation II|unclassified	0.0000000019
PWY-6859: all-trans-farnesol biosynthesis	0.0000000000
PWY-5345: superpathway of L-methionine biosynthesis (by sulfhydrylation)	0.0000000000
P164-PWY: purine nucleobases degradation I (anaerobic)	0.0000000000
PWY-7210: pyrimidine deoxyribonucleotides biosynthesis from CTP	0.0000000000
PWY-7210: pyrimidine deoxyribonucleotides biosynthesis from CTP|unclassified	0.0000000001
GALACTUROCAT-PWY: D-galacturonate degradation I	0.0000000000
GALACTUROCAT-PWY: D-galacturonate degradation I|g__Faecalibacterium.s__Faecalibacterium_prausnitzii	0.0074500027
POLYAMSYN-PWY: superpathway of polyamine biosynthesis I	0.0000000000
PWY-1269: CMP-3-deoxy-D-manno-octulosonate biosynthesis	0.0000000000
PWY-1269: CMP-3-deoxy-D-manno-octulosonate biosynthesis|g__Bacteroides.s__Bacteroides_ovatus	0.0901328436
PWY-1269: CMP-3-deoxy-D-manno-octulosonate biosynthesis|unclassified	0.0000000021
PWY-1269: CMP-3-deoxy-D-manno-octulosonate biosynthesis|g__Bacteroides.s__Bacteroides_uniformis	0.0428950771
PWY-1269: CMP-3-deoxy-D-manno-octulosonate biosynthesis|g__Bacteroides.s__Bacteroides_caccae	0.5952902648
PWY-1269: CMP-3-deoxy-D-manno-octulosonate biosynthesis|g__Catenibacterium.s__Catenibacterium_mitsuokai	0.0001362179
PWY-7184: pyrimidine deoxyribonucleotides de novo biosynthesis I	0.0000000000
PWY-7184: pyrimidine deoxyribonucleotides de novo biosynthesis I|unclassified	0.0000000001
PWY-6545: pyrimidine deoxyribonucleotides de novo biosynthesis III	0.0000000000
PWY-6545: pyrimidine deoxyribonucleotides de novo biosynthesis III|unclassified	0.0000000001
PWY-6906: chitin derivatives degradation	0.0000000000
PWY-6507: 4-deoxy-L-threo-hex-4-enopyranuronate degradation	0.0000000000
PWY-6507: 4-deoxy-L-threo-hex-4-enopyranuronate degradation|g__Faecalibacterium.s__Faecalibacterium_prausnitzii	0.0059759704
SULFATE-CYS-PWY: superpathway of sulfate assimilation and cysteine biosynthesis	0.0000000000
PWY-6902: chitin degradation II (Vibrio)	0.0000000000
PWY-6902: chitin degradation II (Vibrio)|g__Bacteroides.s__Bacteroides_vulgatus	0.0009506858
PWY-6902: chitin degradation II (Vibrio)|g__Bacteroides.s__Bacteroides_uniformis	0.5936273716
PWY-6902: chitin degradation II (Vibrio)|g__Catenibacterium.s__Catenibacterium_mitsuokai	0.1983029369
PWY-6902: chitin degradation II (Vibrio)|g__Fusicatenibacter.s__Fusicatenibacter_saccharivorans	0.5768859187
PWY-6590: superpathway of Clostridium acetobutylicum acidogenic fermentation	0.0000000000
PWY-7185: UTP and CTP dephosphorylation I	0.0000000000
PWY-7185: UTP and CTP dephosphorylation I|unclassified	0.0940309350
PWY-6284: superpathway of unsaturated fatty acids biosynthesis (E. coli)	0.0000000000
GALACT-GLUCUROCAT-PWY: superpathway of hexuronide and hexuronate degradation	0.0000000000
PWY-5130: 2-oxobutanoate degradation I	0.0000000000
PWY-5130: 2-oxobutanoate degradation I|g__Alistipes.s__Alistipes_putredinis	0.5820539267
PWY-6807: xyloglucan degradation II (exoglucanase)	0.0000000000
CENTFERM-PWY: pyruvate fermentation to butanoate	0.0000000000
PYRIDNUCSAL-PWY: NAD salvage pathway I (PNC VI cycle)	0.0000000000
FUCCAT-PWY: fucose degradation	0.0000000000
FUCCAT-PWY: fucose degradation|g__Blautia.s__Ruminococcus_torques	0.0000083931
FASYN-INITIAL-PWY: superpathway of fatty acid biosynthesis initiation (E. coli)	0.0000000000
PWY-5994: palmitate biosynthesis (type I fatty acid synthase)	0.0000000000
PWY-7761: NAD salvage pathway II (PNC IV cycle)	0.0000000000
PWY-7761: NAD salvage pathway II (PNC IV cycle)|unclassified	0.0000790640
PWY-7883: anhydromuropeptides recycling II	0.0000000000
PWY0-1298: superpathway of pyrimidine deoxyribonucleosides degradation	0.0000000000
PWY-5136: fatty acid &beta;-oxidation II (plant peroxisome)	0.0000000000
PWY0-1241: ADP-L-glycero-&beta;-D-manno-heptose biosynthesis	0.0000000000
PWY1ZNC-1: assimilatory sulfate reduction IV	0.0000000000
SO4ASSIM-PWY: assimilatory sulfate reduction I	0.0000000000
FOLSYN-PWY: superpathway of tetrahydrofolate biosynthesis and salvage	0.0000000000
HEMESYN2-PWY: heme b biosynthesis II (oxygen-independent)	0.0000000000
HEMESYN2-PWY: heme b biosynthesis II (oxygen-independent)|g__Sutterella.s__Sutterella_sp_CAG_397	0.6127254076
GLUDEG-I-PWY: GABA shunt	0.0000000000
PWY-7209: superpathway of pyrimidine ribonucleosides degradation	0.0000000000
ALLANTOINDEG-PWY: superpathway of allantoin degradation in yeast	0.0000000000
P185-PWY: formaldehyde assimilation III (dihydroxyacetone cycle)	0.0000000000
P185-PWY: formaldehyde assimilation III (dihydroxyacetone cycle)|unclassified	0.0000000000
GOLPDLCAT-PWY: superpathway of glycerol degradation to 1,3-propanediol	0.0000000000
GOLPDLCAT-PWY: superpathway of glycerol degradation to 1,3-propanediol|g__Blautia.s__Ruminococcus_torques	0.0140872024
GOLPDLCAT-PWY: superpathway of glycerol degradation to 1,3-propanediol|unclassified	0.0000000000
PWY-5676: acetyl-CoA fermentation to butanoate II	0.0000000000
PWY-5723: Rubisco shunt	0.0000000000
PWY-5723: Rubisco shunt|unclassified	0.0000001325
PWY-5690: TCA cycle II (plants and fungi)	0.0000000000
PWY-6612: superpathway of tetrahydrofolate biosynthesis	0.0000000000
PWY-6531: mannitol cycle	0.0000000000
RUMP-PWY: formaldehyde oxidation I	0.0000000000
PWY-5367: petroselinate biosynthesis	0.0000000000
PWY-5367: petroselinate biosynthesis|g__Blautia.s__Ruminococcus_torques	0.0245601969
PWY-7013: (S)-propane-1,2-diol degradation	0.0000000000
PWY-7013: (S)-propane-1,2-diol degradation|g__Eubacterium.s__Eubacterium_hallii	0.4470170333
P105-PWY: TCA cycle IV (2-oxoglutarate decarboxylase)	0.0000000000
P461-PWY: hexitol fermentation to lactate, formate, ethanol and acetate	0.0000000000
PWY-6607: guanosine nucleotides degradation I	0.0000000000
PWY-6595: superpathway of guanosine nucleotides degradation (plants)	0.0000000000
PPGPPMET-PWY: ppGpp metabolism	0.0000000000
PWY-5918: superpathway of heme b biosynthesis from glutamate	0.0000000000
PWY0-1477: ethanolamine utilization	0.0000000000
PWY-5189: tetrapyrrole biosynthesis II (from glycine)	0.0000000000
PWY-5189: tetrapyrrole biosynthesis II (from glycine)|unclassified	0.0000000000
HEME-BIOSYNTHESIS-II: heme b biosynthesis I (aerobic)	0.0000000000
PWY-7094: fatty acid salvage	0.0000000000