# Pathway	35_S24_L001_R2_001_Abundance
UNMAPPED	1209372.3179919417
UNINTEGRATED	1294111.3580863934
UNINTEGRATED|unclassified	240202.0028069903
UNINTEGRATED|g__Faecalibacterium.s__Faecalibacterium_prausnitzii	105217.0722617267
UNINTEGRATED|g__Blautia.s__Blautia_sp_AF19_10LB	73463.3420907041
UNINTEGRATED|g__Blautia.s__Blautia_obeum	50801.8813483309
UNINTEGRATED|g__Alistipes.s__Alistipes_sp_CAG_435	39014.5055675504
UNINTEGRATED|g__Bifidobacterium.s__Bifidobacterium_pseudocatenulatum	38052.0017932060
UNINTEGRATED|g__Clostridium.s__Clostridium_sp_CAG_452	29734.7766371537
UNINTEGRATED|g__Bacteroides.s__Bacteroides_vulgatus	29061.2103505003
UNINTEGRATED|g__Firmicutes_unclassified.s__Firmicutes_bacterium_CAG_475	28729.4656271473
UNINTEGRATED|g__Anaerostipes.s__Anaerostipes_hadrus	27348.5974195386
UNINTEGRATED|g__Prevotella.s__Prevotella_copri	26833.9527124808
UNINTEGRATED|g__Collinsella.s__Collinsella_aerofaciens	26454.6693563375
UNINTEGRATED|g__Dorea.s__Dorea_longicatena	25395.5745836032
UNINTEGRATED|g__Prevotella.s__Prevotella_sp_CAG_520	20850.8953307438
UNINTEGRATED|g__Fusicatenibacter.s__Fusicatenibacter_saccharivorans	20242.3413808307
UNINTEGRATED|g__Eubacterium.s__Eubacterium_hallii	19665.3991958937
UNINTEGRATED|g__Bacteroides.s__Bacteroides_uniformis	19180.0001501780
UNINTEGRATED|g__Firmicutes_unclassified.s__Firmicutes_bacterium_CAG_124	17641.7373887975
UNINTEGRATED|g__Succinatimonas.s__Succinatimonas_sp_CAG_777	16634.7000662852
UNINTEGRATED|g__Blautia.s__Ruminococcus_torques	15155.9273751560
UNINTEGRATED|g__Coprococcus.s__Coprococcus_eutactus	13727.9980927094
UNINTEGRATED|g__Eubacterium.s__Eubacterium_eligens	13342.5946130957
UNINTEGRATED|g__Methanobrevibacter.s__Methanobrevibacter_smithii	13201.3949144989
UNINTEGRATED|g__Clostridium.s__Clostridium_sp_CAG_349	13191.2044748582
UNINTEGRATED|g__Prevotella.s__Prevotella_sp_CAG_386	11544.3679272746
UNINTEGRATED|g__Dorea.s__Dorea_formicigenerans	11038.5100290060
UNINTEGRATED|g__Blautia.s__Blautia_wexlerae	10948.3373909667
UNINTEGRATED|g__Bacteroides.s__Bacteroides_ovatus	10540.3102477927
UNINTEGRATED|g__Clostridiales_unclassified.s__Clostridiales_bacterium_KLE1615	9721.8403769099
UNINTEGRATED|g__Prevotella.s__Prevotella_sp_AM42_24	9178.4668095499
UNINTEGRATED|g__Roseburia.s__Roseburia_faecis	8888.9241436416
UNINTEGRATED|g__Parabacteroides.s__Parabacteroides_distasonis	8798.2346520184
UNINTEGRATED|g__Phascolarctobacterium.s__Phascolarctobacterium_succinatutens	8013.6530479059
UNINTEGRATED|g__Escherichia.s__Escherichia_coli	7339.4610002886
UNINTEGRATED|g__Ruminococcus.s__Ruminococcus_sp_CAG_488	6315.1138175790
UNINTEGRATED|g__Bacteroides.s__Bacteroides_caccae	5945.7060802012
UNINTEGRATED|g__Firmicutes_unclassified.s__Firmicutes_bacterium_CAG_65_45_313	5586.8317553772
UNINTEGRATED|g__Clostridium.s__Clostridium_sp_CAG_510	5529.5635423798
UNINTEGRATED|g__Blautia.s__Blautia_sp	5421.7000333084
UNINTEGRATED|g__Subdoligranulum.s__Subdoligranulum_sp_APC924_74	5223.0620888282
UNINTEGRATED|g__Firmicutes_unclassified.s__Firmicutes_bacterium_CAG_240	4973.4183676932
UNINTEGRATED|g__Parabacteroides.s__Parabacteroides_merdae	4851.3057215277
UNINTEGRATED|g__Senegalimassilia.s__Senegalimassilia_anaerobia	4567.9408652321
UNINTEGRATED|g__Bacteroides.s__Bacteroides_finegoldii	4511.4233330783
UNINTEGRATED|g__Oscillibacter.s__Oscillibacter_sp_57_20	4416.9990158303
UNINTEGRATED|g__Firmicutes_unclassified.s__Firmicutes_bacterium_CAG_83	4386.6965558918
UNINTEGRATED|g__Ruminococcus.s__Ruminococcus_bromii	4341.6585932718
UNINTEGRATED|g__Holdemanella.s__Holdemanella_biformis	4247.4161175313
UNINTEGRATED|g__Roseburia.s__Roseburia_hominis	4236.8334250044
UNINTEGRATED|g__Bacteroides.s__Bacteroides_dorei	3961.2536107768
UNINTEGRATED|g__Bacteroides.s__Bacteroides_intestinalis	3863.2884328010
UNINTEGRATED|g__Firmicutes_unclassified.s__Firmicutes_bacterium_CAG_114	3759.9612386528
UNINTEGRATED|g__Clostridium.s__Clostridium_sp_CAG_226	3709.1125237427
UNINTEGRATED|g__Roseburia.s__Roseburia_intestinalis	3207.7825773050
UNINTEGRATED|g__Bacteroides.s__Bacteroides_eggerthii	3016.4228572844
UNINTEGRATED|g__Firmicutes_unclassified.s__Firmicutes_bacterium_CAG_129	2598.8442133922
UNINTEGRATED|g__Bacteroides.s__Bacteroides_thetaiotaomicron	2533.6568678705
UNINTEGRATED|g__Bacteroides.s__Bacteroides_cellulosilyticus	2532.3359038444
UNINTEGRATED|g__Odoribacter.s__Odoribacter_splanchnicus	2230.3329383825
UNINTEGRATED|g__Clostridium.s__Clostridium_sp_CAG_245	2194.3345081834
UNINTEGRATED|g__Parabacteroides.s__Parabacteroides_johnsonii	2131.1896331873
UNINTEGRATED|g__Bifidobacterium.s__Bifidobacterium_longum	1951.7193442367
UNINTEGRATED|g__Firmicutes_unclassified.s__Firmicutes_bacterium_CAG_103	1773.1251897926
UNINTEGRATED|g__Roseburia.s__Roseburia_sp_CAG_380	1227.3013136335
UNINTEGRATED|g__Parabacteroides.s__Parabacteroides_goldsteinii	735.8346039370
UNINTEGRATED|g__Bacteroides.s__Bacteroides_massiliensis	698.9708973872
PWY-7238: sucrose biosynthesis II	1323.2514477436
PWY-7238: sucrose biosynthesis II|unclassified	299.6486147756
PWY-7238: sucrose biosynthesis II|g__Faecalibacterium.s__Faecalibacterium_prausnitzii	161.1714866795
PWY-7238: sucrose biosynthesis II|g__Blautia.s__Blautia_sp_AF19_10LB	95.4387014848
PWY-7238: sucrose biosynthesis II|g__Blautia.s__Blautia_obeum	88.4446337799
PWY-7238: sucrose biosynthesis II|g__Bifidobacterium.s__Bifidobacterium_pseudocatenulatum	69.4964542499
PWY-7238: sucrose biosynthesis II|g__Firmicutes_unclassified.s__Firmicutes_bacterium_CAG_475	68.6136172517
PWY-7238: sucrose biosynthesis II|g__Collinsella.s__Collinsella_aerofaciens	61.9038384079
PWY-7238: sucrose biosynthesis II|g__Clostridium.s__Clostridium_sp_CAG_349	43.7642392728
PWY-7238: sucrose biosynthesis II|g__Succinatimonas.s__Succinatimonas_sp_CAG_777	37.5489651369
PWY-7238: sucrose biosynthesis II|g__Anaerostipes.s__Anaerostipes_hadrus	31.9306656621
PWY-7238: sucrose biosynthesis II|g__Firmicutes_unclassified.s__Firmicutes_bacterium_CAG_124	26.6245604128
PWY-7238: sucrose biosynthesis II|g__Dorea.s__Dorea_longicatena	23.8584517860
PWY-7238: sucrose biosynthesis II|g__Fusicatenibacter.s__Fusicatenibacter_saccharivorans	23.4446779069
PWY-7238: sucrose biosynthesis II|g__Coprococcus.s__Coprococcus_eutactus	22.3475530569
PWY-7238: sucrose biosynthesis II|g__Eubacterium.s__Eubacterium_hallii	18.8882121728
PWY-7238: sucrose biosynthesis II|g__Clostridiales_unclassified.s__Clostridiales_bacterium_KLE1615	16.9859357489
PWY-7238: sucrose biosynthesis II|g__Firmicutes_unclassified.s__Firmicutes_bacterium_CAG_65_45_313	16.7723811036
PWY-7238: sucrose biosynthesis II|g__Blautia.s__Blautia_wexlerae	15.4167719642
PWY-7238: sucrose biosynthesis II|g__Eubacterium.s__Eubacterium_eligens	14.8648388895
PWY-7238: sucrose biosynthesis II|g__Ruminococcus.s__Ruminococcus_sp_CAG_488	11.8226600985
PWY-7238: sucrose biosynthesis II|g__Bacteroides.s__Bacteroides_uniformis	10.8670562026
PWY-7238: sucrose biosynthesis II|g__Roseburia.s__Roseburia_faecis	10.5215066293
PWY-7238: sucrose biosynthesis II|g__Subdoligranulum.s__Subdoligranulum_sp_APC924_74	9.1470229191
PWY-7238: sucrose biosynthesis II|g__Blautia.s__Blautia_sp	7.0605893449
PWY-1042: glycolysis IV	1299.8258477129
PWY-1042: glycolysis IV|unclassified	266.7626289349
PWY-1042: glycolysis IV|g__Blautia.s__Blautia_sp_AF19_10LB	109.7829569200
PWY-1042: glycolysis IV|g__Faecalibacterium.s__Faecalibacterium_prausnitzii	96.6280442092
PWY-1042: glycolysis IV|g__Anaerostipes.s__Anaerostipes_hadrus	58.9246532407
PWY-1042: glycolysis IV|g__Blautia.s__Blautia_sp	34.4439052030
PWY-1042: glycolysis IV|g__Bacteroides.s__Bacteroides_vulgatus	31.1379740600
PWY-1042: glycolysis IV|g__Collinsella.s__Collinsella_aerofaciens	27.1539305298
PWY-1042: glycolysis IV|g__Blautia.s__Blautia_obeum	22.2279552074
PWY-1042: glycolysis IV|g__Fusicatenibacter.s__Fusicatenibacter_saccharivorans	19.2633094148
PWY-1042: glycolysis IV|g__Prevotella.s__Prevotella_copri	18.1537117170
PWY-1042: glycolysis IV|g__Eubacterium.s__Eubacterium_eligens	16.1725491438
PWY-1042: glycolysis IV|g__Eubacterium.s__Eubacterium_hallii	14.4202437950
PWY-1042: glycolysis IV|g__Prevotella.s__Prevotella_sp_AM42_24	14.2616115448
PWY-1042: glycolysis IV|g__Dorea.s__Dorea_longicatena	13.0404408911
PWY-1042: glycolysis IV|g__Blautia.s__Blautia_wexlerae	12.6816765185
PWY-1042: glycolysis IV|g__Roseburia.s__Roseburia_faecis	9.5796389984
GLYCOGENSYNTH-PWY: glycogen biosynthesis I (from ADP-D-Glucose)	1161.3008903348
GLYCOGENSYNTH-PWY: glycogen biosynthesis I (from ADP-D-Glucose)|unclassified	253.0133857078
GLYCOGENSYNTH-PWY: glycogen biosynthesis I (from ADP-D-Glucose)|g__Faecalibacterium.s__Faecalibacterium_prausnitzii	103.9689960678
GLYCOGENSYNTH-PWY: glycogen biosynthesis I (from ADP-D-Glucose)|g__Blautia.s__Blautia_sp_AF19_10LB	89.0482678671
GLYCOGENSYNTH-PWY: glycogen biosynthesis I (from ADP-D-Glucose)|g__Firmicutes_unclassified.s__Firmicutes_bacterium_CAG_475	70.0844762511
GLYCOGENSYNTH-PWY: glycogen biosynthesis I (from ADP-D-Glucose)|g__Anaerostipes.s__Anaerostipes_hadrus	49.3924057126
GLYCOGENSYNTH-PWY: glycogen biosynthesis I (from ADP-D-Glucose)|g__Clostridium.s__Clostridium_sp_CAG_349	48.7362047833
GLYCOGENSYNTH-PWY: glycogen biosynthesis I (from ADP-D-Glucose)|g__Bifidobacterium.s__Bifidobacterium_pseudocatenulatum	40.8059931603
GLYCOGENSYNTH-PWY: glycogen biosynthesis I (from ADP-D-Glucose)|g__Fusicatenibacter.s__Fusicatenibacter_saccharivorans	38.0928661500
GLYCOGENSYNTH-PWY: glycogen biosynthesis I (from ADP-D-Glucose)|g__Blautia.s__Blautia_obeum	35.1618746323
GLYCOGENSYNTH-PWY: glycogen biosynthesis I (from ADP-D-Glucose)|g__Collinsella.s__Collinsella_aerofaciens	33.2939586602
GLYCOGENSYNTH-PWY: glycogen biosynthesis I (from ADP-D-Glucose)|g__Eubacterium.s__Eubacterium_hallii	27.5651130009
GLYCOGENSYNTH-PWY: glycogen biosynthesis I (from ADP-D-Glucose)|g__Firmicutes_unclassified.s__Firmicutes_bacterium_CAG_124	22.7838234853
GLYCOGENSYNTH-PWY: glycogen biosynthesis I (from ADP-D-Glucose)|g__Blautia.s__Blautia_sp	19.3541638055
GLYCOGENSYNTH-PWY: glycogen biosynthesis I (from ADP-D-Glucose)|g__Ruminococcus.s__Ruminococcus_sp_CAG_488	19.3027338851
GLYCOGENSYNTH-PWY: glycogen biosynthesis I (from ADP-D-Glucose)|g__Eubacterium.s__Eubacterium_eligens	14.9636786855
GLYCOGENSYNTH-PWY: glycogen biosynthesis I (from ADP-D-Glucose)|g__Coprococcus.s__Coprococcus_eutactus	13.2218691924
GLYCOGENSYNTH-PWY: glycogen biosynthesis I (from ADP-D-Glucose)|g__Clostridiales_unclassified.s__Clostridiales_bacterium_KLE1615	13.2025317805
GLYCOGENSYNTH-PWY: glycogen biosynthesis I (from ADP-D-Glucose)|g__Blautia.s__Blautia_wexlerae	12.7041148183
GLYCOGENSYNTH-PWY: glycogen biosynthesis I (from ADP-D-Glucose)|g__Roseburia.s__Roseburia_faecis	11.8185563348
GLYCOGENSYNTH-PWY: glycogen biosynthesis I (from ADP-D-Glucose)|g__Firmicutes_unclassified.s__Firmicutes_bacterium_CAG_65_45_313	10.9605445366
GLYCOGENSYNTH-PWY: glycogen biosynthesis I (from ADP-D-Glucose)|g__Dorea.s__Dorea_longicatena	10.5331189537
GLYCOGENSYNTH-PWY: glycogen biosynthesis I (from ADP-D-Glucose)|g__Subdoligranulum.s__Subdoligranulum_sp_APC924_74	7.8636053334
GLYCOGENSYNTH-PWY: glycogen biosynthesis I (from ADP-D-Glucose)|g__Firmicutes_unclassified.s__Firmicutes_bacterium_CAG_103	5.8113426843
GLYCOGENSYNTH-PWY: glycogen biosynthesis I (from ADP-D-Glucose)|g__Bacteroides.s__Bacteroides_caccae	2.9884198730
GLYCOGENSYNTH-PWY: glycogen biosynthesis I (from ADP-D-Glucose)|g__Blautia.s__Ruminococcus_torques	2.0860132810
GLYCOGENSYNTH-PWY: glycogen biosynthesis I (from ADP-D-Glucose)|g__Bacteroides.s__Bacteroides_thetaiotaomicron	1.1947431302
TRNA-CHARGING-PWY: tRNA charging	1138.8422705426
TRNA-CHARGING-PWY: tRNA charging|unclassified	226.1951049440
TRNA-CHARGING-PWY: tRNA charging|g__Faecalibacterium.s__Faecalibacterium_prausnitzii	77.7749547372
TRNA-CHARGING-PWY: tRNA charging|g__Clostridium.s__Clostridium_sp_CAG_349	43.1942061884
TRNA-CHARGING-PWY: tRNA charging|g__Succinatimonas.s__Succinatimonas_sp_CAG_777	36.0761257312
TRNA-CHARGING-PWY: tRNA charging|g__Anaerostipes.s__Anaerostipes_hadrus	29.2665803986
TRNA-CHARGING-PWY: tRNA charging|g__Prevotella.s__Prevotella_copri	19.0506665635
TRNA-CHARGING-PWY: tRNA charging|g__Ruminococcus.s__Ruminococcus_sp_CAG_488	15.9215338451
TRNA-CHARGING-PWY: tRNA charging|g__Fusicatenibacter.s__Fusicatenibacter_saccharivorans	15.4063740064
TRNA-CHARGING-PWY: tRNA charging|g__Bacteroides.s__Bacteroides_vulgatus	12.7206665546
TRNA-CHARGING-PWY: tRNA charging|g__Bacteroides.s__Bacteroides_uniformis	8.1664495547
TRNA-CHARGING-PWY: tRNA charging|g__Bacteroides.s__Bacteroides_caccae	3.9548167441
PWY-6609: adenine and adenosine salvage III	1119.7868872768
PWY-6609: adenine and adenosine salvage III|unclassified	235.0373934299
PWY-6609: adenine and adenosine salvage III|g__Blautia.s__Blautia_sp_AF19_10LB	76.2828573139
PWY-6609: adenine and adenosine salvage III|g__Firmicutes_unclassified.s__Firmicutes_bacterium_CAG_475	65.8486707566
PWY-6609: adenine and adenosine salvage III|g__Faecalibacterium.s__Faecalibacterium_prausnitzii	59.6108821535
PWY-6609: adenine and adenosine salvage III|g__Clostridium.s__Clostridium_sp_CAG_452	50.1672240803
PWY-6609: adenine and adenosine salvage III|g__Clostridium.s__Clostridium_sp_CAG_349	44.4816364482
PWY-6609: adenine and adenosine salvage III|g__Firmicutes_unclassified.s__Firmicutes_bacterium_CAG_124	42.0426388595
PWY-6609: adenine and adenosine salvage III|g__Fusicatenibacter.s__Fusicatenibacter_saccharivorans	41.7143826042
PWY-6609: adenine and adenosine salvage III|g__Anaerostipes.s__Anaerostipes_hadrus	33.5503175604
PWY-6609: adenine and adenosine salvage III|g__Prevotella.s__Prevotella_sp_CAG_386	25.8878194491
PWY-6609: adenine and adenosine salvage III|g__Blautia.s__Blautia_obeum	23.1738361481
PWY-6609: adenine and adenosine salvage III|g__Firmicutes_unclassified.s__Firmicutes_bacterium_CAG_83	20.5858570702
PWY-6609: adenine and adenosine salvage III|g__Eubacterium.s__Eubacterium_eligens	16.3091205620
PWY-6609: adenine and adenosine salvage III|g__Bacteroides.s__Bacteroides_vulgatus	14.5379023884
PWY-6609: adenine and adenosine salvage III|g__Prevotella.s__Prevotella_copri	14.4144144144
PWY-6609: adenine and adenosine salvage III|g__Blautia.s__Blautia_sp	13.9662386914
PWY-6609: adenine and adenosine salvage III|g__Prevotella.s__Prevotella_sp_AM42_24	13.9470013947
PWY-6609: adenine and adenosine salvage III|g__Dorea.s__Dorea_longicatena	13.3988387673
PWY-6609: adenine and adenosine salvage III|g__Firmicutes_unclassified.s__Firmicutes_bacterium_CAG_240	11.7733627667
PWY-6609: adenine and adenosine salvage III|g__Firmicutes_unclassified.s__Firmicutes_bacterium_CAG_114	8.8161209068
PWY-6609: adenine and adenosine salvage III|g__Ruminococcus.s__Ruminococcus_sp_CAG_488	7.3637702504
PWY-6609: adenine and adenosine salvage III|g__Clostridiales_unclassified.s__Clostridiales_bacterium_KLE1615	6.0514432792
PWY-6609: adenine and adenosine salvage III|g__Blautia.s__Ruminococcus_torques	4.7031158142
PWY-6609: adenine and adenosine salvage III|g__Firmicutes_unclassified.s__Firmicutes_bacterium_CAG_129	4.5897877223
PWY-6386: UDP-N-acetylmuramoyl-pentapeptide biosynthesis II (lysine-containing)	1106.0881847599
PWY-6386: UDP-N-acetylmuramoyl-pentapeptide biosynthesis II (lysine-containing)|unclassified	208.6959216926
PWY-6386: UDP-N-acetylmuramoyl-pentapeptide biosynthesis II (lysine-containing)|g__Faecalibacterium.s__Faecalibacterium_prausnitzii	79.0269814667
PWY-6386: UDP-N-acetylmuramoyl-pentapeptide biosynthesis II (lysine-containing)|g__Blautia.s__Blautia_sp_AF19_10LB	78.8898813826
PWY-6386: UDP-N-acetylmuramoyl-pentapeptide biosynthesis II (lysine-containing)|g__Clostridium.s__Clostridium_sp_CAG_452	51.9573384818
PWY-6386: UDP-N-acetylmuramoyl-pentapeptide biosynthesis II (lysine-containing)|g__Collinsella.s__Collinsella_aerofaciens	41.3045825284
PWY-6386: UDP-N-acetylmuramoyl-pentapeptide biosynthesis II (lysine-containing)|g__Succinatimonas.s__Succinatimonas_sp_CAG_777	37.9393113602
PWY-6386: UDP-N-acetylmuramoyl-pentapeptide biosynthesis II (lysine-containing)|g__Anaerostipes.s__Anaerostipes_hadrus	25.9667725217
PWY-6386: UDP-N-acetylmuramoyl-pentapeptide biosynthesis II (lysine-containing)|g__Blautia.s__Blautia_obeum	24.0040287594
PWY-6386: UDP-N-acetylmuramoyl-pentapeptide biosynthesis II (lysine-containing)|g__Prevotella.s__Prevotella_copri	23.6090652110
PWY-6386: UDP-N-acetylmuramoyl-pentapeptide biosynthesis II (lysine-containing)|g__Bacteroides.s__Bacteroides_vulgatus	17.9747415376
PWY-6386: UDP-N-acetylmuramoyl-pentapeptide biosynthesis II (lysine-containing)|g__Fusicatenibacter.s__Fusicatenibacter_saccharivorans	17.0474099654
PWY-6386: UDP-N-acetylmuramoyl-pentapeptide biosynthesis II (lysine-containing)|g__Prevotella.s__Prevotella_sp_CAG_386	16.4578850046
PWY-6386: UDP-N-acetylmuramoyl-pentapeptide biosynthesis II (lysine-containing)|g__Ruminococcus.s__Ruminococcus_sp_CAG_488	15.3562503965
PWY-6386: UDP-N-acetylmuramoyl-pentapeptide biosynthesis II (lysine-containing)|g__Eubacterium.s__Eubacterium_eligens	12.7807330943
PWY-6386: UDP-N-acetylmuramoyl-pentapeptide biosynthesis II (lysine-containing)|g__Phascolarctobacterium.s__Phascolarctobacterium_succinatutens	12.3311157946
PWY-6386: UDP-N-acetylmuramoyl-pentapeptide biosynthesis II (lysine-containing)|g__Senegalimassilia.s__Senegalimassilia_anaerobia	9.3413196893
PWY-6386: UDP-N-acetylmuramoyl-pentapeptide biosynthesis II (lysine-containing)|g__Bacteroides.s__Bacteroides_uniformis	9.0927352834
PEPTIDOGLYCANSYN-PWY: peptidoglycan biosynthesis I (meso-diaminopimelate containing)	1092.0209819444
PEPTIDOGLYCANSYN-PWY: peptidoglycan biosynthesis I (meso-diaminopimelate containing)|unclassified	225.7632358696
PEPTIDOGLYCANSYN-PWY: peptidoglycan biosynthesis I (meso-diaminopimelate containing)|g__Blautia.s__Blautia_sp_AF19_10LB	82.7758675690
PEPTIDOGLYCANSYN-PWY: peptidoglycan biosynthesis I (meso-diaminopimelate containing)|g__Clostridium.s__Clostridium_sp_CAG_452	50.0160421991
PEPTIDOGLYCANSYN-PWY: peptidoglycan biosynthesis I (meso-diaminopimelate containing)|g__Faecalibacterium.s__Faecalibacterium_prausnitzii	40.8217031433
PEPTIDOGLYCANSYN-PWY: peptidoglycan biosynthesis I (meso-diaminopimelate containing)|g__Collinsella.s__Collinsella_aerofaciens	39.1764166749
PEPTIDOGLYCANSYN-PWY: peptidoglycan biosynthesis I (meso-diaminopimelate containing)|g__Succinatimonas.s__Succinatimonas_sp_CAG_777	38.7212039169
PEPTIDOGLYCANSYN-PWY: peptidoglycan biosynthesis I (meso-diaminopimelate containing)|g__Prevotella.s__Prevotella_sp_CAG_520	28.5638689358
PEPTIDOGLYCANSYN-PWY: peptidoglycan biosynthesis I (meso-diaminopimelate containing)|g__Anaerostipes.s__Anaerostipes_hadrus	27.9513527439
PEPTIDOGLYCANSYN-PWY: peptidoglycan biosynthesis I (meso-diaminopimelate containing)|g__Prevotella.s__Prevotella_copri	27.6256397102
PEPTIDOGLYCANSYN-PWY: peptidoglycan biosynthesis I (meso-diaminopimelate containing)|g__Blautia.s__Blautia_obeum	23.7505482526
PEPTIDOGLYCANSYN-PWY: peptidoglycan biosynthesis I (meso-diaminopimelate containing)|g__Bacteroides.s__Bacteroides_vulgatus	19.1595417852
PEPTIDOGLYCANSYN-PWY: peptidoglycan biosynthesis I (meso-diaminopimelate containing)|g__Fusicatenibacter.s__Fusicatenibacter_saccharivorans	16.3196899765
PEPTIDOGLYCANSYN-PWY: peptidoglycan biosynthesis I (meso-diaminopimelate containing)|g__Prevotella.s__Prevotella_sp_CAG_386	16.3050924775
PEPTIDOGLYCANSYN-PWY: peptidoglycan biosynthesis I (meso-diaminopimelate containing)|g__Eubacterium.s__Eubacterium_eligens	13.8818917577
PEPTIDOGLYCANSYN-PWY: peptidoglycan biosynthesis I (meso-diaminopimelate containing)|g__Ruminococcus.s__Ruminococcus_sp_CAG_488	13.0893346920
PEPTIDOGLYCANSYN-PWY: peptidoglycan biosynthesis I (meso-diaminopimelate containing)|g__Phascolarctobacterium.s__Phascolarctobacterium_succinatutens	10.9481182910
PEPTIDOGLYCANSYN-PWY: peptidoglycan biosynthesis I (meso-diaminopimelate containing)|g__Senegalimassilia.s__Senegalimassilia_anaerobia	10.5732755731
PEPTIDOGLYCANSYN-PWY: peptidoglycan biosynthesis I (meso-diaminopimelate containing)|g__Bacteroides.s__Bacteroides_uniformis	10.0228973356
PEPTIDOGLYCANSYN-PWY: peptidoglycan biosynthesis I (meso-diaminopimelate containing)|g__Clostridium.s__Clostridium_sp_CAG_245	9.1271877468
PEPTIDOGLYCANSYN-PWY: peptidoglycan biosynthesis I (meso-diaminopimelate containing)|g__Prevotella.s__Prevotella_sp_AM42_24	8.1501730459
PEPTIDOGLYCANSYN-PWY: peptidoglycan biosynthesis I (meso-diaminopimelate containing)|g__Parabacteroides.s__Parabacteroides_merdae	4.6641946435
PEPTIDOGLYCANSYN-PWY: peptidoglycan biosynthesis I (meso-diaminopimelate containing)|g__Blautia.s__Blautia_wexlerae	2.4787354464
PEPTIDOGLYCANSYN-PWY: peptidoglycan biosynthesis I (meso-diaminopimelate containing)|g__Blautia.s__Blautia_sp	2.3319096332
PEPTIDOGLYCANSYN-PWY: peptidoglycan biosynthesis I (meso-diaminopimelate containing)|g__Parabacteroides.s__Parabacteroides_johnsonii	2.1957512214
PWY-6387: UDP-N-acetylmuramoyl-pentapeptide biosynthesis I (meso-diaminopimelate containing)	1090.3098787824
PWY-6387: UDP-N-acetylmuramoyl-pentapeptide biosynthesis I (meso-diaminopimelate containing)|unclassified	220.7240456016
PWY-6387: UDP-N-acetylmuramoyl-pentapeptide biosynthesis I (meso-diaminopimelate containing)|g__Blautia.s__Blautia_sp_AF19_10LB	85.8618021591
PWY-6387: UDP-N-acetylmuramoyl-pentapeptide biosynthesis I (meso-diaminopimelate containing)|g__Faecalibacterium.s__Faecalibacterium_prausnitzii	74.5360932098
PWY-6387: UDP-N-acetylmuramoyl-pentapeptide biosynthesis I (meso-diaminopimelate containing)|g__Clostridium.s__Clostridium_sp_CAG_452	51.3412827636
PWY-6387: UDP-N-acetylmuramoyl-pentapeptide biosynthesis I (meso-diaminopimelate containing)|g__Succinatimonas.s__Succinatimonas_sp_CAG_777	40.2415360239
PWY-6387: UDP-N-acetylmuramoyl-pentapeptide biosynthesis I (meso-diaminopimelate containing)|g__Collinsella.s__Collinsella_aerofaciens	39.4411119689
PWY-6387: UDP-N-acetylmuramoyl-pentapeptide biosynthesis I (meso-diaminopimelate containing)|g__Prevotella.s__Prevotella_sp_CAG_520	26.9633336722
PWY-6387: UDP-N-acetylmuramoyl-pentapeptide biosynthesis I (meso-diaminopimelate containing)|g__Anaerostipes.s__Anaerostipes_hadrus	26.5323245142
PWY-6387: UDP-N-acetylmuramoyl-pentapeptide biosynthesis I (meso-diaminopimelate containing)|g__Prevotella.s__Prevotella_copri	26.5073621378
PWY-6387: UDP-N-acetylmuramoyl-pentapeptide biosynthesis I (meso-diaminopimelate containing)|g__Firmicutes_unclassified.s__Firmicutes_bacterium_CAG_124	24.9952317615
PWY-6387: UDP-N-acetylmuramoyl-pentapeptide biosynthesis I (meso-diaminopimelate containing)|g__Blautia.s__Blautia_obeum	24.7943862044
PWY-6387: UDP-N-acetylmuramoyl-pentapeptide biosynthesis I (meso-diaminopimelate containing)|g__Bacteroides.s__Bacteroides_vulgatus	18.1338492292
PWY-6387: UDP-N-acetylmuramoyl-pentapeptide biosynthesis I (meso-diaminopimelate containing)|g__Fusicatenibacter.s__Fusicatenibacter_saccharivorans	16.7475525201
PWY-6387: UDP-N-acetylmuramoyl-pentapeptide biosynthesis I (meso-diaminopimelate containing)|g__Prevotella.s__Prevotella_sp_CAG_386	15.8465845068
PWY-6387: UDP-N-acetylmuramoyl-pentapeptide biosynthesis I (meso-diaminopimelate containing)|g__Ruminococcus.s__Ruminococcus_sp_CAG_488	15.8120950956
PWY-6387: UDP-N-acetylmuramoyl-pentapeptide biosynthesis I (meso-diaminopimelate containing)|g__Eubacterium.s__Eubacterium_eligens	12.8781960069
PWY-6387: UDP-N-acetylmuramoyl-pentapeptide biosynthesis I (meso-diaminopimelate containing)|g__Phascolarctobacterium.s__Phascolarctobacterium_succinatutens	11.4025252478
PWY-6387: UDP-N-acetylmuramoyl-pentapeptide biosynthesis I (meso-diaminopimelate containing)|g__Senegalimassilia.s__Senegalimassilia_anaerobia	10.8286531743
PWY-6387: UDP-N-acetylmuramoyl-pentapeptide biosynthesis I (meso-diaminopimelate containing)|g__Bacteroides.s__Bacteroides_uniformis	10.0314297802
PWY-6387: UDP-N-acetylmuramoyl-pentapeptide biosynthesis I (meso-diaminopimelate containing)|g__Clostridium.s__Clostridium_sp_CAG_245	8.7548274132
PWY-6387: UDP-N-acetylmuramoyl-pentapeptide biosynthesis I (meso-diaminopimelate containing)|g__Prevotella.s__Prevotella_sp_AM42_24	8.0694553085
PWY-6387: UDP-N-acetylmuramoyl-pentapeptide biosynthesis I (meso-diaminopimelate containing)|g__Parabacteroides.s__Parabacteroides_merdae	4.1442878208
PWY-6387: UDP-N-acetylmuramoyl-pentapeptide biosynthesis I (meso-diaminopimelate containing)|g__Parabacteroides.s__Parabacteroides_johnsonii	3.1667491341
PWY-6387: UDP-N-acetylmuramoyl-pentapeptide biosynthesis I (meso-diaminopimelate containing)|g__Blautia.s__Blautia_sp	2.4039493348
PWY-6387: UDP-N-acetylmuramoyl-pentapeptide biosynthesis I (meso-diaminopimelate containing)|g__Blautia.s__Blautia_wexlerae	2.1216884710
PWY-5941: glycogen degradation II	1084.7806542754
PWY-5941: glycogen degradation II|unclassified	193.5962139852
PWY-5941: glycogen degradation II|g__Faecalibacterium.s__Faecalibacterium_prausnitzii	128.8966677401
PWY-5941: glycogen degradation II|g__Blautia.s__Blautia_sp_AF19_10LB	89.4169931148
PWY-5941: glycogen degradation II|g__Bifidobacterium.s__Bifidobacterium_pseudocatenulatum	69.8893533509
PWY-5941: glycogen degradation II|g__Blautia.s__Blautia_obeum	57.4484092644
PWY-5941: glycogen degradation II|g__Collinsella.s__Collinsella_aerofaciens	56.7749150175
PWY-5941: glycogen degradation II|g__Anaerostipes.s__Anaerostipes_hadrus	34.5721703650
PWY-5941: glycogen degradation II|g__Fusicatenibacter.s__Fusicatenibacter_saccharivorans	27.2124155482
PWY-5941: glycogen degradation II|g__Dorea.s__Dorea_longicatena	21.4315366655
PWY-5941: glycogen degradation II|g__Eubacterium.s__Eubacterium_hallii	18.7317641646
PWY-5941: glycogen degradation II|g__Clostridiales_unclassified.s__Clostridiales_bacterium_KLE1615	17.1913212498
PWY-5941: glycogen degradation II|g__Eubacterium.s__Eubacterium_eligens	15.7488612623
PWY-5941: glycogen degradation II|g__Blautia.s__Blautia_wexlerae	14.1665717499
PWY-5941: glycogen degradation II|g__Roseburia.s__Roseburia_faecis	10.2994665186
PWY-5941: glycogen degradation II|g__Blautia.s__Blautia_sp	8.9790758449
PWY-6163: chorismate biosynthesis from 3-dehydroquinate	1061.0780090985
PWY-6163: chorismate biosynthesis from 3-dehydroquinate|unclassified	188.2897274945
PWY-6163: chorismate biosynthesis from 3-dehydroquinate|g__Faecalibacterium.s__Faecalibacterium_prausnitzii	115.8153199120
PWY-6163: chorismate biosynthesis from 3-dehydroquinate|g__Blautia.s__Blautia_sp_AF19_10LB	73.9288404753
PWY-6163: chorismate biosynthesis from 3-dehydroquinate|g__Firmicutes_unclassified.s__Firmicutes_bacterium_CAG_475	68.1181113347
PWY-6163: chorismate biosynthesis from 3-dehydroquinate|g__Bifidobacterium.s__Bifidobacterium_pseudocatenulatum	45.5934169778
PWY-6163: chorismate biosynthesis from 3-dehydroquinate|g__Clostridium.s__Clostridium_sp_CAG_349	38.0647773987
PWY-6163: chorismate biosynthesis from 3-dehydroquinate|g__Succinatimonas.s__Succinatimonas_sp_CAG_777	36.7987881854
PWY-6163: chorismate biosynthesis from 3-dehydroquinate|g__Collinsella.s__Collinsella_aerofaciens	30.4025684975
PWY-6163: chorismate biosynthesis from 3-dehydroquinate|g__Prevotella.s__Prevotella_sp_CAG_520	29.6007086156
PWY-6163: chorismate biosynthesis from 3-dehydroquinate|g__Anaerostipes.s__Anaerostipes_hadrus	29.4991133355
PWY-6163: chorismate biosynthesis from 3-dehydroquinate|g__Blautia.s__Blautia_obeum	29.1465318045
PWY-6163: chorismate biosynthesis from 3-dehydroquinate|g__Prevotella.s__Prevotella_sp_CAG_386	22.9246572323
PWY-6163: chorismate biosynthesis from 3-dehydroquinate|g__Bacteroides.s__Bacteroides_vulgatus	22.6757369615
PWY-6163: chorismate biosynthesis from 3-dehydroquinate|g__Fusicatenibacter.s__Fusicatenibacter_saccharivorans	18.5112761018
PWY-6163: chorismate biosynthesis from 3-dehydroquinate|g__Eubacterium.s__Eubacterium_hallii	17.3719541044
PWY-6163: chorismate biosynthesis from 3-dehydroquinate|g__Firmicutes_unclassified.s__Firmicutes_bacterium_CAG_124	16.4718142942
PWY-6163: chorismate biosynthesis from 3-dehydroquinate|g__Methanobrevibacter.s__Methanobrevibacter_smithii	14.3617290059
PWY-6163: chorismate biosynthesis from 3-dehydroquinate|g__Ruminococcus.s__Ruminococcus_bromii	14.1402714932
PWY-6163: chorismate biosynthesis from 3-dehydroquinate|g__Clostridiales_unclassified.s__Clostridiales_bacterium_KLE1615	11.6778657490
PWY-6163: chorismate biosynthesis from 3-dehydroquinate|g__Eubacterium.s__Eubacterium_eligens	11.2898369963
PWY-6163: chorismate biosynthesis from 3-dehydroquinate|g__Coprococcus.s__Coprococcus_eutactus	8.2680865651
PWY-6163: chorismate biosynthesis from 3-dehydroquinate|g__Blautia.s__Blautia_sp	6.3065633574
PWY-6163: chorismate biosynthesis from 3-dehydroquinate|g__Roseburia.s__Roseburia_faecis	5.9591204338
PWY-6163: chorismate biosynthesis from 3-dehydroquinate|g__Parabacteroides.s__Parabacteroides_merdae	3.4674063800
PWY-6163: chorismate biosynthesis from 3-dehydroquinate|g__Blautia.s__Blautia_wexlerae	2.0291452620
PWY-6385: peptidoglycan biosynthesis III (mycobacteria)	1060.7657488673
PWY-6385: peptidoglycan biosynthesis III (mycobacteria)|unclassified	210.5861105467
PWY-6385: peptidoglycan biosynthesis III (mycobacteria)|g__Blautia.s__Blautia_sp_AF19_10LB	74.5067704597
PWY-6385: peptidoglycan biosynthesis III (mycobacteria)|g__Clostridium.s__Clostridium_sp_CAG_452	50.0160421991
PWY-6385: peptidoglycan biosynthesis III (mycobacteria)|g__Collinsella.s__Collinsella_aerofaciens	39.1215923735
PWY-6385: peptidoglycan biosynthesis III (mycobacteria)|g__Succinatimonas.s__Succinatimonas_sp_CAG_777	37.4787090677
PWY-6385: peptidoglycan biosynthesis III (mycobacteria)|g__Anaerostipes.s__Anaerostipes_hadrus	25.1236196731
PWY-6385: peptidoglycan biosynthesis III (mycobacteria)|g__Prevotella.s__Prevotella_copri	24.5266774193
PWY-6385: peptidoglycan biosynthesis III (mycobacteria)|g__Blautia.s__Blautia_obeum	23.7505482526
PWY-6385: peptidoglycan biosynthesis III (mycobacteria)|g__Prevotella.s__Prevotella_sp_CAG_520	21.2938627011
PWY-6385: peptidoglycan biosynthesis III (mycobacteria)|g__Bacteroides.s__Bacteroides_vulgatus	18.3155405349
PWY-6385: peptidoglycan biosynthesis III (mycobacteria)|g__Prevotella.s__Prevotella_sp_CAG_386	16.2645271346
PWY-6385: peptidoglycan biosynthesis III (mycobacteria)|g__Fusicatenibacter.s__Fusicatenibacter_saccharivorans	16.1771269008
PWY-6385: peptidoglycan biosynthesis III (mycobacteria)|g__Eubacterium.s__Eubacterium_eligens	12.2083551253
PWY-6385: peptidoglycan biosynthesis III (mycobacteria)|g__Phascolarctobacterium.s__Phascolarctobacterium_succinatutens	11.8836413905
PWY-6385: peptidoglycan biosynthesis III (mycobacteria)|g__Bacteroides.s__Bacteroides_uniformis	10.7804004035
PWY-6385: peptidoglycan biosynthesis III (mycobacteria)|g__Senegalimassilia.s__Senegalimassilia_anaerobia	9.3564563581
PWY-6385: peptidoglycan biosynthesis III (mycobacteria)|g__Prevotella.s__Prevotella_sp_AM42_24	8.1080457860
PWY-6385: peptidoglycan biosynthesis III (mycobacteria)|g__Parabacteroides.s__Parabacteroides_merdae	4.3965844819
PWY-6385: peptidoglycan biosynthesis III (mycobacteria)|g__Parabacteroides.s__Parabacteroides_johnsonii	2.1504220203
DTDPRHAMSYN-PWY: dTDP-&beta;-L-rhamnose biosynthesis	1054.5375985180
DTDPRHAMSYN-PWY: dTDP-&beta;-L-rhamnose biosynthesis|unclassified	264.7057671095
DTDPRHAMSYN-PWY: dTDP-&beta;-L-rhamnose biosynthesis|g__Collinsella.s__Collinsella_aerofaciens	114.5845598582
DTDPRHAMSYN-PWY: dTDP-&beta;-L-rhamnose biosynthesis|g__Faecalibacterium.s__Faecalibacterium_prausnitzii	83.3640449738
DTDPRHAMSYN-PWY: dTDP-&beta;-L-rhamnose biosynthesis|g__Blautia.s__Blautia_sp_AF19_10LB	77.9305309884
DTDPRHAMSYN-PWY: dTDP-&beta;-L-rhamnose biosynthesis|g__Alistipes.s__Alistipes_sp_CAG_435	46.9931556914
DTDPRHAMSYN-PWY: dTDP-&beta;-L-rhamnose biosynthesis|g__Blautia.s__Blautia_obeum	44.8686728855
DTDPRHAMSYN-PWY: dTDP-&beta;-L-rhamnose biosynthesis|g__Prevotella.s__Prevotella_copri	41.0452007583
DTDPRHAMSYN-PWY: dTDP-&beta;-L-rhamnose biosynthesis|g__Anaerostipes.s__Anaerostipes_hadrus	28.6039330408
DTDPRHAMSYN-PWY: dTDP-&beta;-L-rhamnose biosynthesis|g__Bacteroides.s__Bacteroides_vulgatus	21.0210210210
DTDPRHAMSYN-PWY: dTDP-&beta;-L-rhamnose biosynthesis|g__Prevotella.s__Prevotella_sp_CAG_520	18.6196623635
DTDPRHAMSYN-PWY: dTDP-&beta;-L-rhamnose biosynthesis|g__Succinatimonas.s__Succinatimonas_sp_CAG_777	18.5564851068
DTDPRHAMSYN-PWY: dTDP-&beta;-L-rhamnose biosynthesis|g__Fusicatenibacter.s__Fusicatenibacter_saccharivorans	17.7755205688
DTDPRHAMSYN-PWY: dTDP-&beta;-L-rhamnose biosynthesis|g__Blautia.s__Blautia_wexlerae	16.9042472491
DTDPRHAMSYN-PWY: dTDP-&beta;-L-rhamnose biosynthesis|g__Eubacterium.s__Eubacterium_eligens	16.3336736182
DTDPRHAMSYN-PWY: dTDP-&beta;-L-rhamnose biosynthesis|g__Prevotella.s__Prevotella_sp_CAG_386	12.7469725940
DTDPRHAMSYN-PWY: dTDP-&beta;-L-rhamnose biosynthesis|g__Bacteroides.s__Bacteroides_uniformis	12.1039229193
DTDPRHAMSYN-PWY: dTDP-&beta;-L-rhamnose biosynthesis|g__Prevotella.s__Prevotella_sp_AM42_24	11.3351145656
DTDPRHAMSYN-PWY: dTDP-&beta;-L-rhamnose biosynthesis|g__Subdoligranulum.s__Subdoligranulum_sp_APC924_74	11.0726643599
DTDPRHAMSYN-PWY: dTDP-&beta;-L-rhamnose biosynthesis|g__Dorea.s__Dorea_longicatena	9.6606690013
DTDPRHAMSYN-PWY: dTDP-&beta;-L-rhamnose biosynthesis|g__Ruminococcus.s__Ruminococcus_sp_CAG_488	8.9421157685
DTDPRHAMSYN-PWY: dTDP-&beta;-L-rhamnose biosynthesis|g__Roseburia.s__Roseburia_sp_CAG_380	8.1919251024
DTDPRHAMSYN-PWY: dTDP-&beta;-L-rhamnose biosynthesis|g__Roseburia.s__Roseburia_faecis	7.1482821784
DTDPRHAMSYN-PWY: dTDP-&beta;-L-rhamnose biosynthesis|g__Firmicutes_unclassified.s__Firmicutes_bacterium_CAG_65_45_313	7.0914597929
DTDPRHAMSYN-PWY: dTDP-&beta;-L-rhamnose biosynthesis|g__Clostridiales_unclassified.s__Clostridiales_bacterium_KLE1615	6.8906115418
DTDPRHAMSYN-PWY: dTDP-&beta;-L-rhamnose biosynthesis|g__Firmicutes_unclassified.s__Firmicutes_bacterium_CAG_103	6.6382171645
DTDPRHAMSYN-PWY: dTDP-&beta;-L-rhamnose biosynthesis|g__Eubacterium.s__Eubacterium_hallii	5.8695371809
DTDPRHAMSYN-PWY: dTDP-&beta;-L-rhamnose biosynthesis|g__Odoribacter.s__Odoribacter_splanchnicus	5.8379956215
DTDPRHAMSYN-PWY: dTDP-&beta;-L-rhamnose biosynthesis|g__Dorea.s__Dorea_formicigenerans	4.8256725781
DTDPRHAMSYN-PWY: dTDP-&beta;-L-rhamnose biosynthesis|g__Bacteroides.s__Bacteroides_caccae	4.6507838901
DTDPRHAMSYN-PWY: dTDP-&beta;-L-rhamnose biosynthesis|g__Blautia.s__Blautia_sp	4.1780911346
DTDPRHAMSYN-PWY: dTDP-&beta;-L-rhamnose biosynthesis|g__Parabacteroides.s__Parabacteroides_merdae	3.3755274262
DTDPRHAMSYN-PWY: dTDP-&beta;-L-rhamnose biosynthesis|g__Parabacteroides.s__Parabacteroides_johnsonii	3.3712600084
DTDPRHAMSYN-PWY: dTDP-&beta;-L-rhamnose biosynthesis|g__Blautia.s__Ruminococcus_torques	3.3402922756
PWY-7953: UDP-N-acetylmuramoyl-pentapeptide biosynthesis III (meso-diaminopimelate containing)	1053.8577278935
PWY-7953: UDP-N-acetylmuramoyl-pentapeptide biosynthesis III (meso-diaminopimelate containing)|unclassified	197.8161851047
PWY-7953: UDP-N-acetylmuramoyl-pentapeptide biosynthesis III (meso-diaminopimelate containing)|g__Blautia.s__Blautia_sp_AF19_10LB	75.0416956918
PWY-7953: UDP-N-acetylmuramoyl-pentapeptide biosynthesis III (meso-diaminopimelate containing)|g__Clostridium.s__Clostridium_sp_CAG_452	52.3789570971
PWY-7953: UDP-N-acetylmuramoyl-pentapeptide biosynthesis III (meso-diaminopimelate containing)|g__Succinatimonas.s__Succinatimonas_sp_CAG_777	36.2820278170
PWY-7953: UDP-N-acetylmuramoyl-pentapeptide biosynthesis III (meso-diaminopimelate containing)|g__Anaerostipes.s__Anaerostipes_hadrus	26.8565551274
PWY-7953: UDP-N-acetylmuramoyl-pentapeptide biosynthesis III (meso-diaminopimelate containing)|g__Prevotella.s__Prevotella_copri	25.5848459830
PWY-7953: UDP-N-acetylmuramoyl-pentapeptide biosynthesis III (meso-diaminopimelate containing)|g__Firmicutes_unclassified.s__Firmicutes_bacterium_CAG_124	25.4687376185
PWY-7953: UDP-N-acetylmuramoyl-pentapeptide biosynthesis III (meso-diaminopimelate containing)|g__Blautia.s__Blautia_obeum	23.9637207850
PWY-7953: UDP-N-acetylmuramoyl-pentapeptide biosynthesis III (meso-diaminopimelate containing)|g__Bacteroides.s__Bacteroides_vulgatus	17.8250376019
PWY-7953: UDP-N-acetylmuramoyl-pentapeptide biosynthesis III (meso-diaminopimelate containing)|g__Fusicatenibacter.s__Fusicatenibacter_saccharivorans	16.5276869880
PWY-7953: UDP-N-acetylmuramoyl-pentapeptide biosynthesis III (meso-diaminopimelate containing)|g__Prevotella.s__Prevotella_sp_CAG_386	15.3384789342
PWY-7953: UDP-N-acetylmuramoyl-pentapeptide biosynthesis III (meso-diaminopimelate containing)|g__Eubacterium.s__Eubacterium_hallii	14.9281013892
PWY-7953: UDP-N-acetylmuramoyl-pentapeptide biosynthesis III (meso-diaminopimelate containing)|g__Ruminococcus.s__Ruminococcus_sp_CAG_488	13.0185314565
PWY-7953: UDP-N-acetylmuramoyl-pentapeptide biosynthesis III (meso-diaminopimelate containing)|g__Eubacterium.s__Eubacterium_eligens	11.1707330074
PWY-7953: UDP-N-acetylmuramoyl-pentapeptide biosynthesis III (meso-diaminopimelate containing)|g__Senegalimassilia.s__Senegalimassilia_anaerobia	11.0448298152
PWY-7953: UDP-N-acetylmuramoyl-pentapeptide biosynthesis III (meso-diaminopimelate containing)|g__Phascolarctobacterium.s__Phascolarctobacterium_succinatutens	10.6177771627
PWY-7953: UDP-N-acetylmuramoyl-pentapeptide biosynthesis III (meso-diaminopimelate containing)|g__Bacteroides.s__Bacteroides_uniformis	8.1701852839
PWY-7221: guanosine ribonucleotides de novo biosynthesis	1043.9749131962
PWY-7221: guanosine ribonucleotides de novo biosynthesis|unclassified	171.8778895693
PWY-7221: guanosine ribonucleotides de novo biosynthesis|g__Faecalibacterium.s__Faecalibacterium_prausnitzii	73.5383545343
PWY-7221: guanosine ribonucleotides de novo biosynthesis|g__Blautia.s__Blautia_sp_AF19_10LB	62.0767720743
PWY-7221: guanosine ribonucleotides de novo biosynthesis|g__Alistipes.s__Alistipes_sp_CAG_435	51.2156261226
PWY-7221: guanosine ribonucleotides de novo biosynthesis|g__Collinsella.s__Collinsella_aerofaciens	46.3471155019
PWY-7221: guanosine ribonucleotides de novo biosynthesis|g__Bifidobacterium.s__Bifidobacterium_pseudocatenulatum	45.3936864514
PWY-7221: guanosine ribonucleotides de novo biosynthesis|g__Clostridium.s__Clostridium_sp_CAG_349	41.3365126009
PWY-7221: guanosine ribonucleotides de novo biosynthesis|g__Prevotella.s__Prevotella_sp_CAG_520	34.3983059037
PWY-7221: guanosine ribonucleotides de novo biosynthesis|g__Prevotella.s__Prevotella_copri	33.1116294445
PWY-7221: guanosine ribonucleotides de novo biosynthesis|g__Blautia.s__Blautia_obeum	25.5205892634
PWY-7221: guanosine ribonucleotides de novo biosynthesis|g__Methanobrevibacter.s__Methanobrevibacter_smithii	24.9786375655
PWY-7221: guanosine ribonucleotides de novo biosynthesis|g__Succinatimonas.s__Succinatimonas_sp_CAG_777	24.9554367201
PWY-7221: guanosine ribonucleotides de novo biosynthesis|g__Bacteroides.s__Bacteroides_vulgatus	23.3926994302
PWY-7221: guanosine ribonucleotides de novo biosynthesis|g__Prevotella.s__Prevotella_sp_CAG_386	20.4208321089
PWY-7221: guanosine ribonucleotides de novo biosynthesis|g__Anaerostipes.s__Anaerostipes_hadrus	17.4562201712
PWY-7221: guanosine ribonucleotides de novo biosynthesis|g__Ruminococcus.s__Ruminococcus_sp_CAG_488	14.7481361386
PWY-7221: guanosine ribonucleotides de novo biosynthesis|g__Eubacterium.s__Eubacterium_eligens	14.7437857306
PWY-7221: guanosine ribonucleotides de novo biosynthesis|g__Blautia.s__Blautia_sp	14.2884977593
PWY-7221: guanosine ribonucleotides de novo biosynthesis|g__Clostridiales_unclassified.s__Clostridiales_bacterium_KLE1615	13.6225922732
PWY-7221: guanosine ribonucleotides de novo biosynthesis|g__Fusicatenibacter.s__Fusicatenibacter_saccharivorans	12.5893692275
PWY-7221: guanosine ribonucleotides de novo biosynthesis|g__Eubacterium.s__Eubacterium_hallii	11.2758644383
PWY-7221: guanosine ribonucleotides de novo biosynthesis|g__Phascolarctobacterium.s__Phascolarctobacterium_succinatutens	10.8426270136
PWY-7221: guanosine ribonucleotides de novo biosynthesis|g__Senegalimassilia.s__Senegalimassilia_anaerobia	10.6906343494
PWY-7221: guanosine ribonucleotides de novo biosynthesis|g__Bacteroides.s__Bacteroides_uniformis	9.8070245280
PWY-7221: guanosine ribonucleotides de novo biosynthesis|g__Prevotella.s__Prevotella_sp_AM42_24	9.3072509354
PWY-7221: guanosine ribonucleotides de novo biosynthesis|g__Blautia.s__Blautia_wexlerae	9.1964922652
PWY-7221: guanosine ribonucleotides de novo biosynthesis|g__Firmicutes_unclassified.s__Firmicutes_bacterium_CAG_65_45_313	7.9146350081
PWY-7221: guanosine ribonucleotides de novo biosynthesis|g__Dorea.s__Dorea_longicatena	7.7270218499
PWY-7221: guanosine ribonucleotides de novo biosynthesis|g__Bacteroides.s__Bacteroides_caccae	7.3005119276
PWY-7221: guanosine ribonucleotides de novo biosynthesis|g__Blautia.s__Ruminococcus_torques	5.7332888259
PWY-5686: UMP biosynthesis I	1031.7718891007
PWY-5686: UMP biosynthesis I|unclassified	213.1608441339
PWY-5686: UMP biosynthesis I|g__Faecalibacterium.s__Faecalibacterium_prausnitzii	95.2813627570
PWY-5686: UMP biosynthesis I|g__Blautia.s__Blautia_sp_AF19_10LB	68.1629849811
PWY-5686: UMP biosynthesis I|g__Alistipes.s__Alistipes_sp_CAG_435	55.0303068067
PWY-5686: UMP biosynthesis I|g__Bifidobacterium.s__Bifidobacterium_pseudocatenulatum	46.2444050013
PWY-5686: UMP biosynthesis I|g__Succinatimonas.s__Succinatimonas_sp_CAG_777	37.5700683885
PWY-5686: UMP biosynthesis I|g__Collinsella.s__Collinsella_aerofaciens	34.9306635752
PWY-5686: UMP biosynthesis I|g__Prevotella.s__Prevotella_sp_CAG_520	26.2670840923
PWY-5686: UMP biosynthesis I|g__Anaerostipes.s__Anaerostipes_hadrus	23.9902017570
PWY-5686: UMP biosynthesis I|g__Blautia.s__Blautia_obeum	17.9946571655
PWY-5686: UMP biosynthesis I|g__Fusicatenibacter.s__Fusicatenibacter_saccharivorans	16.4634515477
PWY-5686: UMP biosynthesis I|g__Eubacterium.s__Eubacterium_eligens	16.3022159874
PWY-5686: UMP biosynthesis I|g__Ruminococcus.s__Ruminococcus_sp_CAG_488	16.0941122373
PWY-5686: UMP biosynthesis I|g__Prevotella.s__Prevotella_copri	15.5205511833
PWY-5686: UMP biosynthesis I|g__Bacteroides.s__Bacteroides_vulgatus	13.7591381040
PWY-5686: UMP biosynthesis I|g__Prevotella.s__Prevotella_sp_CAG_386	13.1599693496
PWY-5686: UMP biosynthesis I|g__Methanobrevibacter.s__Methanobrevibacter_smithii	11.5746983075
PWY-5686: UMP biosynthesis I|g__Phascolarctobacterium.s__Phascolarctobacterium_succinatutens	10.4137461218
PWY-5686: UMP biosynthesis I|g__Roseburia.s__Roseburia_faecis	8.6785485439
PWY-5686: UMP biosynthesis I|g__Firmicutes_unclassified.s__Firmicutes_bacterium_CAG_65_45_313	8.1373639744
PWY-5686: UMP biosynthesis I|g__Bacteroides.s__Bacteroides_uniformis	7.9175688421
PWY-5686: UMP biosynthesis I|g__Dorea.s__Dorea_longicatena	6.8287871315
PWY-5686: UMP biosynthesis I|g__Blautia.s__Blautia_sp	4.2776568371
PWY-5686: UMP biosynthesis I|g__Blautia.s__Blautia_wexlerae	2.2868007314
PWY-7790: UMP biosynthesis II	1031.7718891007
PWY-7790: UMP biosynthesis II|unclassified	213.1608441339
PWY-7790: UMP biosynthesis II|g__Faecalibacterium.s__Faecalibacterium_prausnitzii	95.2813627570
PWY-7790: UMP biosynthesis II|g__Blautia.s__Blautia_sp_AF19_10LB	68.1629849811
PWY-7790: UMP biosynthesis II|g__Alistipes.s__Alistipes_sp_CAG_435	54.8905895601
PWY-7790: UMP biosynthesis II|g__Bifidobacterium.s__Bifidobacterium_pseudocatenulatum	39.1059163342
PWY-7790: UMP biosynthesis II|g__Succinatimonas.s__Succinatimonas_sp_CAG_777	35.0963174555
PWY-7790: UMP biosynthesis II|g__Collinsella.s__Collinsella_aerofaciens	34.9306635752
PWY-7790: UMP biosynthesis II|g__Prevotella.s__Prevotella_sp_CAG_520	26.2670840923
PWY-7790: UMP biosynthesis II|g__Anaerostipes.s__Anaerostipes_hadrus	23.9902017570
PWY-7790: UMP biosynthesis II|g__Blautia.s__Blautia_obeum	17.9946571655
PWY-7790: UMP biosynthesis II|g__Fusicatenibacter.s__Fusicatenibacter_saccharivorans	16.4634515477
PWY-7790: UMP biosynthesis II|g__Eubacterium.s__Eubacterium_eligens	16.3022159874
PWY-7790: UMP biosynthesis II|g__Ruminococcus.s__Ruminococcus_sp_CAG_488	16.0941122373
PWY-7790: UMP biosynthesis II|g__Prevotella.s__Prevotella_copri	15.5205511833
PWY-7790: UMP biosynthesis II|g__Bacteroides.s__Bacteroides_vulgatus	13.7591381040
PWY-7790: UMP biosynthesis II|g__Prevotella.s__Prevotella_sp_CAG_386	13.1599693496
PWY-7790: UMP biosynthesis II|g__Methanobrevibacter.s__Methanobrevibacter_smithii	11.5746983075
PWY-7790: UMP biosynthesis II|g__Phascolarctobacterium.s__Phascolarctobacterium_succinatutens	10.4137461218
PWY-7790: UMP biosynthesis II|g__Roseburia.s__Roseburia_faecis	8.6785485439
PWY-7790: UMP biosynthesis II|g__Firmicutes_unclassified.s__Firmicutes_bacterium_CAG_65_45_313	8.1373639744
PWY-7790: UMP biosynthesis II|g__Bacteroides.s__Bacteroides_uniformis	7.9175688421
PWY-7790: UMP biosynthesis II|g__Dorea.s__Dorea_longicatena	6.8287871315
PWY-7790: UMP biosynthesis II|g__Blautia.s__Blautia_sp	4.2776568371
PWY-7790: UMP biosynthesis II|g__Blautia.s__Blautia_wexlerae	2.2868007314
PWY-7791: UMP biosynthesis III	1031.7718891007
PWY-7791: UMP biosynthesis III|unclassified	213.1608441339
PWY-7791: UMP biosynthesis III|g__Faecalibacterium.s__Faecalibacterium_prausnitzii	95.2813627570
PWY-7791: UMP biosynthesis III|g__Blautia.s__Blautia_sp_AF19_10LB	68.1629849811
PWY-7791: UMP biosynthesis III|g__Alistipes.s__Alistipes_sp_CAG_435	54.8905895601
PWY-7791: UMP biosynthesis III|g__Bifidobacterium.s__Bifidobacterium_pseudocatenulatum	39.1059163342
PWY-7791: UMP biosynthesis III|g__Succinatimonas.s__Succinatimonas_sp_CAG_777	35.0963174555
PWY-7791: UMP biosynthesis III|g__Collinsella.s__Collinsella_aerofaciens	34.9306635752
PWY-7791: UMP biosynthesis III|g__Prevotella.s__Prevotella_sp_CAG_520	26.2670840923
PWY-7791: UMP biosynthesis III|g__Anaerostipes.s__Anaerostipes_hadrus	23.9902017570
PWY-7791: UMP biosynthesis III|g__Blautia.s__Blautia_obeum	17.9946571655
PWY-7791: UMP biosynthesis III|g__Bacteroides.s__Bacteroides_vulgatus	17.4310617175
PWY-7791: UMP biosynthesis III|g__Fusicatenibacter.s__Fusicatenibacter_saccharivorans	16.4634515477
PWY-7791: UMP biosynthesis III|g__Eubacterium.s__Eubacterium_eligens	16.3022159874
PWY-7791: UMP biosynthesis III|g__Ruminococcus.s__Ruminococcus_sp_CAG_488	16.0941122373
PWY-7791: UMP biosynthesis III|g__Prevotella.s__Prevotella_copri	15.5205511833
PWY-7791: UMP biosynthesis III|g__Prevotella.s__Prevotella_sp_CAG_386	13.1599693496
PWY-7791: UMP biosynthesis III|g__Methanobrevibacter.s__Methanobrevibacter_smithii	11.5746983075
PWY-7791: UMP biosynthesis III|g__Phascolarctobacterium.s__Phascolarctobacterium_succinatutens	10.4137461218
PWY-7791: UMP biosynthesis III|g__Roseburia.s__Roseburia_faecis	8.6785485439
PWY-7791: UMP biosynthesis III|g__Firmicutes_unclassified.s__Firmicutes_bacterium_CAG_65_45_313	8.1373639744
PWY-7791: UMP biosynthesis III|g__Bacteroides.s__Bacteroides_uniformis	7.9175688421
PWY-7791: UMP biosynthesis III|g__Dorea.s__Dorea_longicatena	6.8287871315
PWY-7791: UMP biosynthesis III|g__Blautia.s__Blautia_sp	4.2776568371
PWY-7791: UMP biosynthesis III|g__Parabacteroides.s__Parabacteroides_johnsonii	2.6411677864
PWY-7791: UMP biosynthesis III|g__Parabacteroides.s__Parabacteroides_merdae	2.4201946706
PWY-7791: UMP biosynthesis III|g__Blautia.s__Blautia_wexlerae	2.2868007314
PWY-7791: UMP biosynthesis III|g__Bacteroides.s__Bacteroides_finegoldii	1.5148034738
NONMEVIPP-PWY: methylerythritol phosphate pathway I	1024.1476305379
NONMEVIPP-PWY: methylerythritol phosphate pathway I|unclassified	228.2988683874
NONMEVIPP-PWY: methylerythritol phosphate pathway I|g__Blautia.s__Blautia_sp_AF19_10LB	56.5159125581
NONMEVIPP-PWY: methylerythritol phosphate pathway I|g__Bifidobacterium.s__Bifidobacterium_pseudocatenulatum	39.1831440576
NONMEVIPP-PWY: methylerythritol phosphate pathway I|g__Succinatimonas.s__Succinatimonas_sp_CAG_777	37.1848922286
NONMEVIPP-PWY: methylerythritol phosphate pathway I|g__Collinsella.s__Collinsella_aerofaciens	36.1339584094
NONMEVIPP-PWY: methylerythritol phosphate pathway I|g__Bacteroides.s__Bacteroides_vulgatus	21.9709716555
NONMEVIPP-PWY: methylerythritol phosphate pathway I|g__Anaerostipes.s__Anaerostipes_hadrus	20.6117581552
NONMEVIPP-PWY: methylerythritol phosphate pathway I|g__Blautia.s__Blautia_obeum	16.8561305181
NONMEVIPP-PWY: methylerythritol phosphate pathway I|g__Fusicatenibacter.s__Fusicatenibacter_saccharivorans	16.3855073215
NONMEVIPP-PWY: methylerythritol phosphate pathway I|g__Eubacterium.s__Eubacterium_eligens	15.9163823840
NONMEVIPP-PWY: methylerythritol phosphate pathway I|g__Phascolarctobacterium.s__Phascolarctobacterium_succinatutens	12.9822928591
NONMEVIPP-PWY: methylerythritol phosphate pathway I|g__Senegalimassilia.s__Senegalimassilia_anaerobia	10.1690192234
COMPLETE-ARO-PWY: superpathway of aromatic amino acid biosynthesis	1017.1260705320
COMPLETE-ARO-PWY: superpathway of aromatic amino acid biosynthesis|unclassified	169.0942828334
COMPLETE-ARO-PWY: superpathway of aromatic amino acid biosynthesis|g__Blautia.s__Blautia_sp_AF19_10LB	77.5322215342
COMPLETE-ARO-PWY: superpathway of aromatic amino acid biosynthesis|g__Bifidobacterium.s__Bifidobacterium_pseudocatenulatum	47.5006600507
COMPLETE-ARO-PWY: superpathway of aromatic amino acid biosynthesis|g__Succinatimonas.s__Succinatimonas_sp_CAG_777	35.0549400612
COMPLETE-ARO-PWY: superpathway of aromatic amino acid biosynthesis|g__Anaerostipes.s__Anaerostipes_hadrus	32.3504636521
COMPLETE-ARO-PWY: superpathway of aromatic amino acid biosynthesis|g__Blautia.s__Blautia_obeum	21.2553133752
COMPLETE-ARO-PWY: superpathway of aromatic amino acid biosynthesis|g__Fusicatenibacter.s__Fusicatenibacter_saccharivorans	13.8623025040
COMPLETE-ARO-PWY: superpathway of aromatic amino acid biosynthesis|g__Eubacterium.s__Eubacterium_hallii	13.5121353160
COMPLETE-ARO-PWY: superpathway of aromatic amino acid biosynthesis|g__Clostridiales_unclassified.s__Clostridiales_bacterium_KLE1615	12.3998922234
COMPLETE-ARO-PWY: superpathway of aromatic amino acid biosynthesis|g__Blautia.s__Blautia_sp	5.6147252988
PWY-3841: folate transformations II (plants)	1015.1929551956
PWY-3841: folate transformations II (plants)|unclassified	267.2843452232
PWY-3841: folate transformations II (plants)|g__Firmicutes_unclassified.s__Firmicutes_bacterium_CAG_475	71.3579064943
PWY-3841: folate transformations II (plants)|g__Alistipes.s__Alistipes_sp_CAG_435	52.3711915519
PWY-3841: folate transformations II (plants)|g__Clostridium.s__Clostridium_sp_CAG_452	42.3533816406
PWY-3841: folate transformations II (plants)|g__Succinatimonas.s__Succinatimonas_sp_CAG_777	33.9972131232
PWY-3841: folate transformations II (plants)|g__Prevotella.s__Prevotella_sp_CAG_520	32.0767056766
PWY-3841: folate transformations II (plants)|g__Bifidobacterium.s__Bifidobacterium_pseudocatenulatum	27.7593301343
PWY-3841: folate transformations II (plants)|g__Anaerostipes.s__Anaerostipes_hadrus	26.2355158090
PWY-3841: folate transformations II (plants)|g__Bacteroides.s__Bacteroides_vulgatus	20.2240547624
PWY-3841: folate transformations II (plants)|g__Bacteroides.s__Bacteroides_uniformis	12.5017014517
PWY-3841: folate transformations II (plants)|g__Ruminococcus.s__Ruminococcus_sp_CAG_488	10.1393784734
PWY-3841: folate transformations II (plants)|g__Roseburia.s__Roseburia_faecis	10.1001902804
PWY-3841: folate transformations II (plants)|g__Prevotella.s__Prevotella_sp_AM42_24	9.2117727342
PWY-3841: folate transformations II (plants)|g__Parabacteroides.s__Parabacteroides_merdae	3.8282396478
PWY-3841: folate transformations II (plants)|g__Parabacteroides.s__Parabacteroides_goldsteinii	1.4356213549
ARO-PWY: chorismate biosynthesis I	984.6837977187
ARO-PWY: chorismate biosynthesis I|unclassified	178.8102578906
ARO-PWY: chorismate biosynthesis I|g__Faecalibacterium.s__Faecalibacterium_prausnitzii	114.0276050133
ARO-PWY: chorismate biosynthesis I|g__Blautia.s__Blautia_sp_AF19_10LB	73.1064017998
ARO-PWY: chorismate biosynthesis I|g__Firmicutes_unclassified.s__Firmicutes_bacterium_CAG_475	68.0903942846
ARO-PWY: chorismate biosynthesis I|g__Bifidobacterium.s__Bifidobacterium_pseudocatenulatum	44.2705168712
ARO-PWY: chorismate biosynthesis I|g__Clostridium.s__Clostridium_sp_CAG_349	39.2562686439
ARO-PWY: chorismate biosynthesis I|g__Collinsella.s__Collinsella_aerofaciens	33.7739405793
ARO-PWY: chorismate biosynthesis I|g__Succinatimonas.s__Succinatimonas_sp_CAG_777	32.9635502531
ARO-PWY: chorismate biosynthesis I|g__Anaerostipes.s__Anaerostipes_hadrus	31.7879413559
ARO-PWY: chorismate biosynthesis I|g__Blautia.s__Blautia_obeum	24.9632683472
ARO-PWY: chorismate biosynthesis I|g__Bacteroides.s__Bacteroides_vulgatus	18.7334827552
ARO-PWY: chorismate biosynthesis I|g__Eubacterium.s__Eubacterium_hallii	13.3077082212
ARO-PWY: chorismate biosynthesis I|g__Clostridiales_unclassified.s__Clostridiales_bacterium_KLE1615	12.9901474577
ARO-PWY: chorismate biosynthesis I|g__Fusicatenibacter.s__Fusicatenibacter_saccharivorans	12.8170270377
ARO-PWY: chorismate biosynthesis I|g__Eubacterium.s__Eubacterium_eligens	10.9025703298
ARO-PWY: chorismate biosynthesis I|g__Roseburia.s__Roseburia_faecis	6.1026110457
ARO-PWY: chorismate biosynthesis I|g__Blautia.s__Blautia_sp	5.7609620798
ARO-PWY: chorismate biosynthesis I|g__Parabacteroides.s__Parabacteroides_merdae	3.8857278801
PWY-6151: S-adenosyl-L-methionine salvage I	978.3973921175
PWY-6151: S-adenosyl-L-methionine salvage I|unclassified	257.5102300752
PWY-6151: S-adenosyl-L-methionine salvage I|g__Faecalibacterium.s__Faecalibacterium_prausnitzii	65.0180411530
PWY-6151: S-adenosyl-L-methionine salvage I|g__Blautia.s__Blautia_sp_AF19_10LB	63.7086460244
PWY-6151: S-adenosyl-L-methionine salvage I|g__Bifidobacterium.s__Bifidobacterium_pseudocatenulatum	47.6661492673
PWY-6151: S-adenosyl-L-methionine salvage I|g__Anaerostipes.s__Anaerostipes_hadrus	45.1621159002
PWY-6151: S-adenosyl-L-methionine salvage I|g__Succinatimonas.s__Succinatimonas_sp_CAG_777	33.5885188336
PWY-6151: S-adenosyl-L-methionine salvage I|g__Collinsella.s__Collinsella_aerofaciens	31.9013752706
PWY-6151: S-adenosyl-L-methionine salvage I|g__Prevotella.s__Prevotella_sp_CAG_520	31.1350611582
PWY-6151: S-adenosyl-L-methionine salvage I|g__Fusicatenibacter.s__Fusicatenibacter_saccharivorans	20.2129561329
PWY-6151: S-adenosyl-L-methionine salvage I|g__Eubacterium.s__Eubacterium_hallii	16.3411218903
PWY-6151: S-adenosyl-L-methionine salvage I|g__Senegalimassilia.s__Senegalimassilia_anaerobia	15.5398037077
PWY-6151: S-adenosyl-L-methionine salvage I|g__Prevotella.s__Prevotella_sp_CAG_386	15.5270892253
PWY-6151: S-adenosyl-L-methionine salvage I|g__Coprococcus.s__Coprococcus_eutactus	14.4109098993
PWY-6151: S-adenosyl-L-methionine salvage I|g__Eubacterium.s__Eubacterium_eligens	12.8190454389
PWY-6151: S-adenosyl-L-methionine salvage I|g__Dorea.s__Dorea_longicatena	12.8028836285
PWY-6151: S-adenosyl-L-methionine salvage I|g__Bacteroides.s__Bacteroides_uniformis	12.0668709802
PWY-6151: S-adenosyl-L-methionine salvage I|g__Clostridiales_unclassified.s__Clostridiales_bacterium_KLE1615	11.2382099137
PWY-6151: S-adenosyl-L-methionine salvage I|g__Prevotella.s__Prevotella_copri	11.0202037068
PWY-6151: S-adenosyl-L-methionine salvage I|g__Bacteroides.s__Bacteroides_vulgatus	9.3366011437
PWY-6151: S-adenosyl-L-methionine salvage I|g__Roseburia.s__Roseburia_faecis	6.9783670621
PWY-6151: S-adenosyl-L-methionine salvage I|g__Dorea.s__Dorea_formicigenerans	6.2746798247
PWY-6151: S-adenosyl-L-methionine salvage I|g__Blautia.s__Blautia_obeum	5.6162777936
PWY-6151: S-adenosyl-L-methionine salvage I|g__Prevotella.s__Prevotella_sp_AM42_24	4.7401388184
PWY-6151: S-adenosyl-L-methionine salvage I|g__Bacteroides.s__Bacteroides_dorei	2.8477858465
CALVIN-PWY: Calvin-Benson-Bassham cycle	970.7680244376
CALVIN-PWY: Calvin-Benson-Bassham cycle|unclassified	175.9076587298
CALVIN-PWY: Calvin-Benson-Bassham cycle|g__Blautia.s__Blautia_sp_AF19_10LB	110.3178748549
CALVIN-PWY: Calvin-Benson-Bassham cycle|g__Anaerostipes.s__Anaerostipes_hadrus	40.6181162851
CALVIN-PWY: Calvin-Benson-Bassham cycle|g__Collinsella.s__Collinsella_aerofaciens	35.5741525959
CALVIN-PWY: Calvin-Benson-Bassham cycle|g__Eubacterium.s__Eubacterium_hallii	22.1395838926
CALVIN-PWY: Calvin-Benson-Bassham cycle|g__Blautia.s__Blautia_wexlerae	15.3273872116
CALVIN-PWY: Calvin-Benson-Bassham cycle|g__Blautia.s__Blautia_sp	15.0410637712
CALVIN-PWY: Calvin-Benson-Bassham cycle|g__Fusicatenibacter.s__Fusicatenibacter_saccharivorans	14.3879784727
CALVIN-PWY: Calvin-Benson-Bassham cycle|g__Eubacterium.s__Eubacterium_eligens	13.8902286100
CALVIN-PWY: Calvin-Benson-Bassham cycle|g__Blautia.s__Blautia_obeum	13.0270812215
CALVIN-PWY: Calvin-Benson-Bassham cycle|g__Roseburia.s__Roseburia_faecis	10.1489111064
ANAGLYCOLYSIS-PWY: glycolysis III (from glucose)	961.4800758717
ANAGLYCOLYSIS-PWY: glycolysis III (from glucose)|unclassified	170.2345497504
ANAGLYCOLYSIS-PWY: glycolysis III (from glucose)|g__Anaerostipes.s__Anaerostipes_hadrus	41.6644546022
ANAGLYCOLYSIS-PWY: glycolysis III (from glucose)|g__Collinsella.s__Collinsella_aerofaciens	34.6183831170
ANAGLYCOLYSIS-PWY: glycolysis III (from glucose)|g__Fusicatenibacter.s__Fusicatenibacter_saccharivorans	16.2467459235
ANAGLYCOLYSIS-PWY: glycolysis III (from glucose)|g__Eubacterium.s__Eubacterium_eligens	14.7082591622
ANAGLYCOLYSIS-PWY: glycolysis III (from glucose)|g__Blautia.s__Blautia_obeum	14.6961144773
ANAGLYCOLYSIS-PWY: glycolysis III (from glucose)|g__Roseburia.s__Roseburia_faecis	9.2808606763
ANAGLYCOLYSIS-PWY: glycolysis III (from glucose)|g__Blautia.s__Blautia_wexlerae	5.2127749827
PWY-6700: queuosine biosynthesis I (de novo)	958.5476538669
PWY-6700: queuosine biosynthesis I (de novo)|unclassified	275.8034420824
PWY-6700: queuosine biosynthesis I (de novo)|g__Faecalibacterium.s__Faecalibacterium_prausnitzii	90.0257058714
PWY-6700: queuosine biosynthesis I (de novo)|g__Alistipes.s__Alistipes_sp_CAG_435	57.8445683855
PWY-6700: queuosine biosynthesis I (de novo)|g__Clostridium.s__Clostridium_sp_CAG_452	47.9287545540
PWY-6700: queuosine biosynthesis I (de novo)|g__Blautia.s__Blautia_sp_AF19_10LB	39.5864402760
PWY-6700: queuosine biosynthesis I (de novo)|g__Firmicutes_unclassified.s__Firmicutes_bacterium_CAG_475	36.9415299571
PWY-6700: queuosine biosynthesis I (de novo)|g__Clostridium.s__Clostridium_sp_CAG_349	32.1931589537
PWY-6700: queuosine biosynthesis I (de novo)|g__Collinsella.s__Collinsella_aerofaciens	31.8954083796
PWY-6700: queuosine biosynthesis I (de novo)|g__Anaerostipes.s__Anaerostipes_hadrus	28.3891100964
PWY-6700: queuosine biosynthesis I (de novo)|g__Prevotella.s__Prevotella_sp_CAG_520	27.3233737004
PWY-6700: queuosine biosynthesis I (de novo)|g__Bacteroides.s__Bacteroides_vulgatus	21.1049903388
PWY-6700: queuosine biosynthesis I (de novo)|g__Coprococcus.s__Coprococcus_eutactus	19.0217223840
PWY-6700: queuosine biosynthesis I (de novo)|g__Eubacterium.s__Eubacterium_eligens	17.7152937180
PWY-6700: queuosine biosynthesis I (de novo)|g__Blautia.s__Blautia_obeum	17.6792828685
PWY-6700: queuosine biosynthesis I (de novo)|g__Firmicutes_unclassified.s__Firmicutes_bacterium_CAG_124	17.1150806430
PWY-6700: queuosine biosynthesis I (de novo)|g__Prevotella.s__Prevotella_sp_CAG_386	14.3611381218
PWY-6700: queuosine biosynthesis I (de novo)|g__Senegalimassilia.s__Senegalimassilia_anaerobia	11.8401578688
PWY-6700: queuosine biosynthesis I (de novo)|g__Fusicatenibacter.s__Fusicatenibacter_saccharivorans	11.0334681868
PWY-6700: queuosine biosynthesis I (de novo)|g__Blautia.s__Blautia_sp	9.1563113146
PWY-6700: queuosine biosynthesis I (de novo)|g__Bacteroides.s__Bacteroides_uniformis	8.8531509724
PWY-6700: queuosine biosynthesis I (de novo)|g__Firmicutes_unclassified.s__Firmicutes_bacterium_CAG_65_45_313	8.8373187345
PWY-6700: queuosine biosynthesis I (de novo)|g__Prevotella.s__Prevotella_copri	8.7967326422
PWY-6700: queuosine biosynthesis I (de novo)|g__Phascolarctobacterium.s__Phascolarctobacterium_succinatutens	7.7478088228
PWY-6700: queuosine biosynthesis I (de novo)|g__Ruminococcus.s__Ruminococcus_bromii	7.0108668436
PWY-6700: queuosine biosynthesis I (de novo)|g__Parabacteroides.s__Parabacteroides_merdae	6.7181726570
PWY-6700: queuosine biosynthesis I (de novo)|g__Prevotella.s__Prevotella_sp_AM42_24	6.5767839526
PWY-6700: queuosine biosynthesis I (de novo)|g__Parabacteroides.s__Parabacteroides_distasonis	5.3501480845
PWY-6700: queuosine biosynthesis I (de novo)|g__Bacteroides.s__Bacteroides_dorei	3.5778321358
PWY-6700: queuosine biosynthesis I (de novo)|g__Bacteroides.s__Bacteroides_caccae	3.1670625495
PWY-6700: queuosine biosynthesis I (de novo)|g__Parabacteroides.s__Parabacteroides_johnsonii	2.8019613730
PWY-6700: queuosine biosynthesis I (de novo)|g__Bacteroides.s__Bacteroides_massiliensis	1.3917884482
PWY-7199: pyrimidine deoxyribonucleosides salvage	938.7793161288
PWY-7199: pyrimidine deoxyribonucleosides salvage|unclassified	217.1749512980
PWY-7199: pyrimidine deoxyribonucleosides salvage|g__Firmicutes_unclassified.s__Firmicutes_bacterium_CAG_475	76.8371677463
PWY-7199: pyrimidine deoxyribonucleosides salvage|g__Blautia.s__Blautia_sp_AF19_10LB	68.4375335635
PWY-7199: pyrimidine deoxyribonucleosides salvage|g__Clostridium.s__Clostridium_sp_CAG_452	58.5746827205
PWY-7199: pyrimidine deoxyribonucleosides salvage|g__Alistipes.s__Alistipes_sp_CAG_435	51.3971038140
PWY-7199: pyrimidine deoxyribonucleosides salvage|g__Clostridium.s__Clostridium_sp_CAG_349	35.3930098805
PWY-7199: pyrimidine deoxyribonucleosides salvage|g__Firmicutes_unclassified.s__Firmicutes_bacterium_CAG_83	25.8818490531
PWY-7199: pyrimidine deoxyribonucleosides salvage|g__Bacteroides.s__Bacteroides_vulgatus	13.3738601824
PWY-7199: pyrimidine deoxyribonucleosides salvage|g__Bacteroides.s__Bacteroides_uniformis	10.8205590622
PWY-7199: pyrimidine deoxyribonucleosides salvage|g__Firmicutes_unclassified.s__Firmicutes_bacterium_CAG_240	8.9525514772
VALSYN-PWY: L-valine biosynthesis	911.3262573726
VALSYN-PWY: L-valine biosynthesis|unclassified	156.1767245869
VALSYN-PWY: L-valine biosynthesis|g__Faecalibacterium.s__Faecalibacterium_prausnitzii	81.4843326485
VALSYN-PWY: L-valine biosynthesis|g__Blautia.s__Blautia_sp_AF19_10LB	69.3075862675
VALSYN-PWY: L-valine biosynthesis|g__Bifidobacterium.s__Bifidobacterium_pseudocatenulatum	51.8619897769
VALSYN-PWY: L-valine biosynthesis|g__Succinatimonas.s__Succinatimonas_sp_CAG_777	42.3107762224
VALSYN-PWY: L-valine biosynthesis|g__Blautia.s__Blautia_obeum	31.8580044711
VALSYN-PWY: L-valine biosynthesis|g__Anaerostipes.s__Anaerostipes_hadrus	30.3742955976
VALSYN-PWY: L-valine biosynthesis|g__Prevotella.s__Prevotella_copri	30.0117757608
VALSYN-PWY: L-valine biosynthesis|g__Blautia.s__Blautia_sp	27.9760274752
VALSYN-PWY: L-valine biosynthesis|g__Methanobrevibacter.s__Methanobrevibacter_smithii	24.0288010717
VALSYN-PWY: L-valine biosynthesis|g__Bacteroides.s__Bacteroides_vulgatus	18.4931533399
VALSYN-PWY: L-valine biosynthesis|g__Prevotella.s__Prevotella_sp_CAG_386	17.5083151711
VALSYN-PWY: L-valine biosynthesis|g__Coprococcus.s__Coprococcus_eutactus	17.3437667803
VALSYN-PWY: L-valine biosynthesis|g__Eubacterium.s__Eubacterium_eligens	16.2620983398
VALSYN-PWY: L-valine biosynthesis|g__Eubacterium.s__Eubacterium_hallii	12.9213787133
VALSYN-PWY: L-valine biosynthesis|g__Dorea.s__Dorea_longicatena	12.1538910917
VALSYN-PWY: L-valine biosynthesis|g__Subdoligranulum.s__Subdoligranulum_sp_APC924_74	12.0691310422
VALSYN-PWY: L-valine biosynthesis|g__Prevotella.s__Prevotella_sp_AM42_24	10.3110155438
VALSYN-PWY: L-valine biosynthesis|g__Escherichia.s__Escherichia_coli	10.1217521922
VALSYN-PWY: L-valine biosynthesis|g__Roseburia.s__Roseburia_faecis	9.7514251034
VALSYN-PWY: L-valine biosynthesis|g__Bacteroides.s__Bacteroides_uniformis	9.4891223957
VALSYN-PWY: L-valine biosynthesis|g__Phascolarctobacterium.s__Phascolarctobacterium_succinatutens	9.4844747246
VALSYN-PWY: L-valine biosynthesis|g__Blautia.s__Blautia_wexlerae	8.8144346987
VALSYN-PWY: L-valine biosynthesis|g__Ruminococcus.s__Ruminococcus_bromii	8.0295172522
VALSYN-PWY: L-valine biosynthesis|g__Bacteroides.s__Bacteroides_caccae	7.8411755285
VALSYN-PWY: L-valine biosynthesis|g__Dorea.s__Dorea_formicigenerans	7.2825577225
VALSYN-PWY: L-valine biosynthesis|g__Firmicutes_unclassified.s__Firmicutes_bacterium_CAG_114	6.9700209893
VALSYN-PWY: L-valine biosynthesis|g__Senegalimassilia.s__Senegalimassilia_anaerobia	6.6298342541
VALSYN-PWY: L-valine biosynthesis|g__Firmicutes_unclassified.s__Firmicutes_bacterium_CAG_65_45_313	6.4776533229
VALSYN-PWY: L-valine biosynthesis|g__Clostridiales_unclassified.s__Clostridiales_bacterium_KLE1615	6.3359645186
VALSYN-PWY: L-valine biosynthesis|g__Parabacteroides.s__Parabacteroides_distasonis	5.3823727293
VALSYN-PWY: L-valine biosynthesis|g__Roseburia.s__Roseburia_hominis	4.1338606466
VALSYN-PWY: L-valine biosynthesis|g__Blautia.s__Ruminococcus_torques	3.3351886412
VALSYN-PWY: L-valine biosynthesis|g__Bacteroides.s__Bacteroides_eggerthii	2.9735039558
VALSYN-PWY: L-valine biosynthesis|g__Parabacteroides.s__Parabacteroides_merdae	2.7800301170
VALSYN-PWY: L-valine biosynthesis|g__Bacteroides.s__Bacteroides_finegoldii	2.6462026991
VALSYN-PWY: L-valine biosynthesis|g__Bifidobacterium.s__Bifidobacterium_longum	2.2287226633
VALSYN-PWY: L-valine biosynthesis|g__Bacteroides.s__Bacteroides_massiliensis	1.6687526074
VALSYN-PWY: L-valine biosynthesis|g__Bacteroides.s__Bacteroides_thetaiotaomicron	1.3961605585
VALSYN-PWY: L-valine biosynthesis|g__Roseburia.s__Roseburia_intestinalis	0.7831620166
PWY-6122: 5-aminoimidazole ribonucleotide biosynthesis II	911.2195675521
PWY-6122: 5-aminoimidazole ribonucleotide biosynthesis II|unclassified	167.7731539607
PWY-6122: 5-aminoimidazole ribonucleotide biosynthesis II|g__Faecalibacterium.s__Faecalibacterium_prausnitzii	88.6922299337
PWY-6122: 5-aminoimidazole ribonucleotide biosynthesis II|g__Blautia.s__Blautia_sp_AF19_10LB	75.8020599346
PWY-6122: 5-aminoimidazole ribonucleotide biosynthesis II|g__Alistipes.s__Alistipes_sp_CAG_435	57.2049636018
PWY-6122: 5-aminoimidazole ribonucleotide biosynthesis II|g__Collinsella.s__Collinsella_aerofaciens	55.5738204093
PWY-6122: 5-aminoimidazole ribonucleotide biosynthesis II|g__Bifidobacterium.s__Bifidobacterium_pseudocatenulatum	42.0862326305
PWY-6122: 5-aminoimidazole ribonucleotide biosynthesis II|g__Blautia.s__Blautia_obeum	39.8117252449
PWY-6122: 5-aminoimidazole ribonucleotide biosynthesis II|g__Succinatimonas.s__Succinatimonas_sp_CAG_777	28.9974093103
PWY-6122: 5-aminoimidazole ribonucleotide biosynthesis II|g__Prevotella.s__Prevotella_sp_CAG_520	25.7371286535
PWY-6122: 5-aminoimidazole ribonucleotide biosynthesis II|g__Anaerostipes.s__Anaerostipes_hadrus	25.6117363594
PWY-6122: 5-aminoimidazole ribonucleotide biosynthesis II|g__Methanobrevibacter.s__Methanobrevibacter_smithii	25.1437677669
PWY-6122: 5-aminoimidazole ribonucleotide biosynthesis II|g__Prevotella.s__Prevotella_copri	21.1078568586
PWY-6122: 5-aminoimidazole ribonucleotide biosynthesis II|g__Coprococcus.s__Coprococcus_eutactus	19.8646284111
PWY-6122: 5-aminoimidazole ribonucleotide biosynthesis II|g__Eubacterium.s__Eubacterium_eligens	15.1518112982
PWY-6122: 5-aminoimidazole ribonucleotide biosynthesis II|g__Fusicatenibacter.s__Fusicatenibacter_saccharivorans	14.2348754448
PWY-6122: 5-aminoimidazole ribonucleotide biosynthesis II|g__Bacteroides.s__Bacteroides_vulgatus	13.5772341003
PWY-6122: 5-aminoimidazole ribonucleotide biosynthesis II|g__Blautia.s__Blautia_sp	13.1502932727
PWY-6122: 5-aminoimidazole ribonucleotide biosynthesis II|g__Phascolarctobacterium.s__Phascolarctobacterium_succinatutens	12.1081081081
PWY-6122: 5-aminoimidazole ribonucleotide biosynthesis II|g__Ruminococcus.s__Ruminococcus_sp_CAG_488	10.8445167412
PWY-6122: 5-aminoimidazole ribonucleotide biosynthesis II|g__Eubacterium.s__Eubacterium_hallii	10.7229023322
PWY-6122: 5-aminoimidazole ribonucleotide biosynthesis II|g__Firmicutes_unclassified.s__Firmicutes_bacterium_CAG_65_45_313	9.8039548680
PWY-6122: 5-aminoimidazole ribonucleotide biosynthesis II|g__Bacteroides.s__Bacteroides_uniformis	9.1212935137
PWY-6122: 5-aminoimidazole ribonucleotide biosynthesis II|g__Blautia.s__Blautia_wexlerae	8.2766775052
PWY-6122: 5-aminoimidazole ribonucleotide biosynthesis II|g__Prevotella.s__Prevotella_sp_AM42_24	7.7633734877
PWY-6122: 5-aminoimidazole ribonucleotide biosynthesis II|g__Blautia.s__Ruminococcus_torques	6.5282604514
PWY-6122: 5-aminoimidazole ribonucleotide biosynthesis II|g__Clostridium.s__Clostridium_sp_CAG_510	6.3205298711
PWY-6122: 5-aminoimidazole ribonucleotide biosynthesis II|g__Roseburia.s__Roseburia_faecis	5.6637168142
PWY-6122: 5-aminoimidazole ribonucleotide biosynthesis II|g__Holdemanella.s__Holdemanella_biformis	5.3732040649
PWY-6122: 5-aminoimidazole ribonucleotide biosynthesis II|g__Roseburia.s__Roseburia_hominis	4.7009049242
PWY-6122: 5-aminoimidazole ribonucleotide biosynthesis II|g__Bacteroides.s__Bacteroides_caccae	4.2395336513
PWY-6122: 5-aminoimidazole ribonucleotide biosynthesis II|g__Dorea.s__Dorea_longicatena	3.6292935839
PWY-6122: 5-aminoimidazole ribonucleotide biosynthesis II|g__Parabacteroides.s__Parabacteroides_merdae	2.7150113855
PWY-6122: 5-aminoimidazole ribonucleotide biosynthesis II|g__Bacteroides.s__Bacteroides_massiliensis	1.4401440144
PWY-6122: 5-aminoimidazole ribonucleotide biosynthesis II|g__Bacteroides.s__Bacteroides_ovatus	1.3468580447
PWY-6122: 5-aminoimidazole ribonucleotide biosynthesis II|g__Parabacteroides.s__Parabacteroides_johnsonii	1.1531808572
PWY-6122: 5-aminoimidazole ribonucleotide biosynthesis II|g__Bacteroides.s__Bacteroides_finegoldii	1.0544352181
PWY-6277: superpathway of 5-aminoimidazole ribonucleotide biosynthesis	911.2195675521
PWY-6277: superpathway of 5-aminoimidazole ribonucleotide biosynthesis|unclassified	167.7731539607
PWY-6277: superpathway of 5-aminoimidazole ribonucleotide biosynthesis|g__Faecalibacterium.s__Faecalibacterium_prausnitzii	88.6922299337
PWY-6277: superpathway of 5-aminoimidazole ribonucleotide biosynthesis|g__Blautia.s__Blautia_sp_AF19_10LB	75.8020599346
PWY-6277: superpathway of 5-aminoimidazole ribonucleotide biosynthesis|g__Alistipes.s__Alistipes_sp_CAG_435	57.2049636018
PWY-6277: superpathway of 5-aminoimidazole ribonucleotide biosynthesis|g__Collinsella.s__Collinsella_aerofaciens	55.5738204093
PWY-6277: superpathway of 5-aminoimidazole ribonucleotide biosynthesis|g__Bifidobacterium.s__Bifidobacterium_pseudocatenulatum	42.0862326305
PWY-6277: superpathway of 5-aminoimidazole ribonucleotide biosynthesis|g__Blautia.s__Blautia_obeum	39.8117252449
PWY-6277: superpathway of 5-aminoimidazole ribonucleotide biosynthesis|g__Succinatimonas.s__Succinatimonas_sp_CAG_777	28.9974093103
PWY-6277: superpathway of 5-aminoimidazole ribonucleotide biosynthesis|g__Prevotella.s__Prevotella_sp_CAG_520	25.7371286535
PWY-6277: superpathway of 5-aminoimidazole ribonucleotide biosynthesis|g__Anaerostipes.s__Anaerostipes_hadrus	25.6117363594
PWY-6277: superpathway of 5-aminoimidazole ribonucleotide biosynthesis|g__Methanobrevibacter.s__Methanobrevibacter_smithii	25.1437677669
PWY-6277: superpathway of 5-aminoimidazole ribonucleotide biosynthesis|g__Prevotella.s__Prevotella_copri	21.1078568586
PWY-6277: superpathway of 5-aminoimidazole ribonucleotide biosynthesis|g__Coprococcus.s__Coprococcus_eutactus	19.8646284111
PWY-6277: superpathway of 5-aminoimidazole ribonucleotide biosynthesis|g__Eubacterium.s__Eubacterium_eligens	15.1518112982
PWY-6277: superpathway of 5-aminoimidazole ribonucleotide biosynthesis|g__Fusicatenibacter.s__Fusicatenibacter_saccharivorans	14.2348754448
PWY-6277: superpathway of 5-aminoimidazole ribonucleotide biosynthesis|g__Bacteroides.s__Bacteroides_vulgatus	13.5772341003
PWY-6277: superpathway of 5-aminoimidazole ribonucleotide biosynthesis|g__Blautia.s__Blautia_sp	13.1502932727
PWY-6277: superpathway of 5-aminoimidazole ribonucleotide biosynthesis|g__Phascolarctobacterium.s__Phascolarctobacterium_succinatutens	12.1081081081
PWY-6277: superpathway of 5-aminoimidazole ribonucleotide biosynthesis|g__Ruminococcus.s__Ruminococcus_sp_CAG_488	10.8445167412
PWY-6277: superpathway of 5-aminoimidazole ribonucleotide biosynthesis|g__Eubacterium.s__Eubacterium_hallii	10.7229023322
PWY-6277: superpathway of 5-aminoimidazole ribonucleotide biosynthesis|g__Firmicutes_unclassified.s__Firmicutes_bacterium_CAG_65_45_313	9.8039548680
PWY-6277: superpathway of 5-aminoimidazole ribonucleotide biosynthesis|g__Bacteroides.s__Bacteroides_uniformis	9.1212935137
PWY-6277: superpathway of 5-aminoimidazole ribonucleotide biosynthesis|g__Blautia.s__Blautia_wexlerae	8.2766775052
PWY-6277: superpathway of 5-aminoimidazole ribonucleotide biosynthesis|g__Prevotella.s__Prevotella_sp_AM42_24	7.7633734877
PWY-6277: superpathway of 5-aminoimidazole ribonucleotide biosynthesis|g__Blautia.s__Ruminococcus_torques	6.5282604514
PWY-6277: superpathway of 5-aminoimidazole ribonucleotide biosynthesis|g__Clostridium.s__Clostridium_sp_CAG_510	6.3205298711
PWY-6277: superpathway of 5-aminoimidazole ribonucleotide biosynthesis|g__Roseburia.s__Roseburia_faecis	5.6637168142
PWY-6277: superpathway of 5-aminoimidazole ribonucleotide biosynthesis|g__Holdemanella.s__Holdemanella_biformis	5.3732040649
PWY-6277: superpathway of 5-aminoimidazole ribonucleotide biosynthesis|g__Roseburia.s__Roseburia_hominis	4.7009049242
PWY-6277: superpathway of 5-aminoimidazole ribonucleotide biosynthesis|g__Bacteroides.s__Bacteroides_caccae	4.2395336513
PWY-6277: superpathway of 5-aminoimidazole ribonucleotide biosynthesis|g__Dorea.s__Dorea_longicatena	3.6292935839
PWY-6277: superpathway of 5-aminoimidazole ribonucleotide biosynthesis|g__Parabacteroides.s__Parabacteroides_merdae	2.7150113855
PWY-6277: superpathway of 5-aminoimidazole ribonucleotide biosynthesis|g__Bacteroides.s__Bacteroides_massiliensis	1.4401440144
PWY-6277: superpathway of 5-aminoimidazole ribonucleotide biosynthesis|g__Bacteroides.s__Bacteroides_ovatus	1.3468580447
PWY-6277: superpathway of 5-aminoimidazole ribonucleotide biosynthesis|g__Parabacteroides.s__Parabacteroides_johnsonii	1.1531808572
PWY-6277: superpathway of 5-aminoimidazole ribonucleotide biosynthesis|g__Bacteroides.s__Bacteroides_finegoldii	1.0544352181
PWY0-1296: purine ribonucleosides degradation	908.9735964226
PWY0-1296: purine ribonucleosides degradation|unclassified	192.2206819242
PWY0-1296: purine ribonucleosides degradation|g__Faecalibacterium.s__Faecalibacterium_prausnitzii	103.9449005088
PWY0-1296: purine ribonucleosides degradation|g__Blautia.s__Blautia_sp_AF19_10LB	87.6855147731
PWY0-1296: purine ribonucleosides degradation|g__Firmicutes_unclassified.s__Firmicutes_bacterium_CAG_475	73.7934969550
PWY0-1296: purine ribonucleosides degradation|g__Clostridium.s__Clostridium_sp_CAG_349	35.9001040583
PWY0-1296: purine ribonucleosides degradation|g__Firmicutes_unclassified.s__Firmicutes_bacterium_CAG_124	35.1484896337
PWY0-1296: purine ribonucleosides degradation|g__Fusicatenibacter.s__Fusicatenibacter_saccharivorans	30.6839010072
PWY0-1296: purine ribonucleosides degradation|g__Blautia.s__Blautia_obeum	28.7294950295
PWY0-1296: purine ribonucleosides degradation|g__Anaerostipes.s__Anaerostipes_hadrus	25.4801422378
PWY0-1296: purine ribonucleosides degradation|g__Eubacterium.s__Eubacterium_eligens	19.8919891989
PWY0-1296: purine ribonucleosides degradation|g__Dorea.s__Dorea_longicatena	16.4417015315
PWY0-1296: purine ribonucleosides degradation|g__Clostridiales_unclassified.s__Clostridiales_bacterium_KLE1615	8.3782166367
PWY0-1296: purine ribonucleosides degradation|g__Clostridium.s__Clostridium_sp_CAG_245	5.8982550995
PWY0-1296: purine ribonucleosides degradation|g__Subdoligranulum.s__Subdoligranulum_sp_APC924_74	5.8794708476
PWY0-1296: purine ribonucleosides degradation|g__Blautia.s__Blautia_sp	4.3715846995
COA-PWY-1: superpathway of coenzyme A biosynthesis III (mammals)	855.5369401966
COA-PWY-1: superpathway of coenzyme A biosynthesis III (mammals)|unclassified	187.9167774407
COA-PWY-1: superpathway of coenzyme A biosynthesis III (mammals)|g__Faecalibacterium.s__Faecalibacterium_prausnitzii	86.8091612710
COA-PWY-1: superpathway of coenzyme A biosynthesis III (mammals)|g__Blautia.s__Blautia_sp_AF19_10LB	45.0172351700
COA-PWY-1: superpathway of coenzyme A biosynthesis III (mammals)|g__Bifidobacterium.s__Bifidobacterium_pseudocatenulatum	36.7895564265
COA-PWY-1: superpathway of coenzyme A biosynthesis III (mammals)|g__Clostridium.s__Clostridium_sp_CAG_349	36.2607993717
COA-PWY-1: superpathway of coenzyme A biosynthesis III (mammals)|g__Collinsella.s__Collinsella_aerofaciens	35.4291414127
COA-PWY-1: superpathway of coenzyme A biosynthesis III (mammals)|g__Succinatimonas.s__Succinatimonas_sp_CAG_777	34.3368972041
COA-PWY-1: superpathway of coenzyme A biosynthesis III (mammals)|g__Anaerostipes.s__Anaerostipes_hadrus	19.9529432874
COA-PWY-1: superpathway of coenzyme A biosynthesis III (mammals)|g__Fusicatenibacter.s__Fusicatenibacter_saccharivorans	15.2055285445
COA-PWY-1: superpathway of coenzyme A biosynthesis III (mammals)|g__Bacteroides.s__Bacteroides_vulgatus	13.9968952341
COA-PWY-1: superpathway of coenzyme A biosynthesis III (mammals)|g__Blautia.s__Blautia_obeum	10.4257188076
COA-PWY-1: superpathway of coenzyme A biosynthesis III (mammals)|g__Eubacterium.s__Eubacterium_eligens	9.5287595288
COA-PWY-1: superpathway of coenzyme A biosynthesis III (mammals)|g__Bacteroides.s__Bacteroides_uniformis	8.7757288414
PWY-5667: CDP-diacylglycerol biosynthesis I	841.0511965003
PWY-5667: CDP-diacylglycerol biosynthesis I|unclassified	156.3254560149
PWY-5667: CDP-diacylglycerol biosynthesis I|g__Faecalibacterium.s__Faecalibacterium_prausnitzii	84.5231479708
PWY-5667: CDP-diacylglycerol biosynthesis I|g__Blautia.s__Blautia_sp_AF19_10LB	58.9678134365
PWY-5667: CDP-diacylglycerol biosynthesis I|g__Succinatimonas.s__Succinatimonas_sp_CAG_777	27.1532592614
PWY-5667: CDP-diacylglycerol biosynthesis I|g__Fusicatenibacter.s__Fusicatenibacter_saccharivorans	21.9192129593
PWY-5667: CDP-diacylglycerol biosynthesis I|g__Blautia.s__Blautia_obeum	19.6970746996
PWY-5667: CDP-diacylglycerol biosynthesis I|g__Anaerostipes.s__Anaerostipes_hadrus	19.2794856163
PWY-5667: CDP-diacylglycerol biosynthesis I|g__Bacteroides.s__Bacteroides_vulgatus	14.0013023938
PWY-5667: CDP-diacylglycerol biosynthesis I|g__Eubacterium.s__Eubacterium_hallii	12.9886398940
PWY-5667: CDP-diacylglycerol biosynthesis I|g__Roseburia.s__Roseburia_faecis	8.5345037796
PWY-5667: CDP-diacylglycerol biosynthesis I|g__Bacteroides.s__Bacteroides_uniformis	6.7096403154
PWY-5667: CDP-diacylglycerol biosynthesis I|g__Bacteroides.s__Bacteroides_caccae	4.7604879500
PWY-5667: CDP-diacylglycerol biosynthesis I|g__Blautia.s__Blautia_sp	3.9110241995
PWY-5667: CDP-diacylglycerol biosynthesis I|g__Bacteroides.s__Bacteroides_finegoldii	1.9108833925
PWY-5667: CDP-diacylglycerol biosynthesis I|g__Bacteroides.s__Bacteroides_eggerthii	1.7083066410
PWY0-1319: CDP-diacylglycerol biosynthesis II	841.0511965003
PWY0-1319: CDP-diacylglycerol biosynthesis II|unclassified	156.3254560149
PWY0-1319: CDP-diacylglycerol biosynthesis II|g__Faecalibacterium.s__Faecalibacterium_prausnitzii	84.5231479708
PWY0-1319: CDP-diacylglycerol biosynthesis II|g__Blautia.s__Blautia_sp_AF19_10LB	58.9678134365
PWY0-1319: CDP-diacylglycerol biosynthesis II|g__Succinatimonas.s__Succinatimonas_sp_CAG_777	27.1532592614
PWY0-1319: CDP-diacylglycerol biosynthesis II|g__Fusicatenibacter.s__Fusicatenibacter_saccharivorans	21.9192129593
PWY0-1319: CDP-diacylglycerol biosynthesis II|g__Blautia.s__Blautia_obeum	19.6970746996
PWY0-1319: CDP-diacylglycerol biosynthesis II|g__Anaerostipes.s__Anaerostipes_hadrus	19.2794856163
PWY0-1319: CDP-diacylglycerol biosynthesis II|g__Bacteroides.s__Bacteroides_vulgatus	14.0013023938
PWY0-1319: CDP-diacylglycerol biosynthesis II|g__Eubacterium.s__Eubacterium_hallii	12.9886398940
PWY0-1319: CDP-diacylglycerol biosynthesis II|g__Roseburia.s__Roseburia_faecis	8.5345037796
PWY0-1319: CDP-diacylglycerol biosynthesis II|g__Bacteroides.s__Bacteroides_uniformis	6.7096403154
PWY0-1319: CDP-diacylglycerol biosynthesis II|g__Bacteroides.s__Bacteroides_caccae	4.7604879500
PWY0-1319: CDP-diacylglycerol biosynthesis II|g__Blautia.s__Blautia_sp	3.9110241995
PWY0-1319: CDP-diacylglycerol biosynthesis II|g__Bacteroides.s__Bacteroides_finegoldii	1.9108833925
PWY0-1319: CDP-diacylglycerol biosynthesis II|g__Bacteroides.s__Bacteroides_eggerthii	1.7083066410
ARGSYNBSUB-PWY: L-arginine biosynthesis II (acetyl cycle)	829.1817446620
ARGSYNBSUB-PWY: L-arginine biosynthesis II (acetyl cycle)|unclassified	156.9104649876
ARGSYNBSUB-PWY: L-arginine biosynthesis II (acetyl cycle)|g__Faecalibacterium.s__Faecalibacterium_prausnitzii	107.3540170560
ARGSYNBSUB-PWY: L-arginine biosynthesis II (acetyl cycle)|g__Blautia.s__Blautia_sp_AF19_10LB	84.7159605512
ARGSYNBSUB-PWY: L-arginine biosynthesis II (acetyl cycle)|g__Collinsella.s__Collinsella_aerofaciens	35.3746064475
ARGSYNBSUB-PWY: L-arginine biosynthesis II (acetyl cycle)|g__Bifidobacterium.s__Bifidobacterium_pseudocatenulatum	33.0584504768
ARGSYNBSUB-PWY: L-arginine biosynthesis II (acetyl cycle)|g__Anaerostipes.s__Anaerostipes_hadrus	28.4909622437
ARGSYNBSUB-PWY: L-arginine biosynthesis II (acetyl cycle)|g__Methanobrevibacter.s__Methanobrevibacter_smithii	19.9936317951
ARGSYNBSUB-PWY: L-arginine biosynthesis II (acetyl cycle)|g__Blautia.s__Blautia_obeum	19.0551919978
ARGSYNBSUB-PWY: L-arginine biosynthesis II (acetyl cycle)|g__Ruminococcus.s__Ruminococcus_sp_CAG_488	17.1972704526
ARGSYNBSUB-PWY: L-arginine biosynthesis II (acetyl cycle)|g__Fusicatenibacter.s__Fusicatenibacter_saccharivorans	16.0022358948
ARGSYNBSUB-PWY: L-arginine biosynthesis II (acetyl cycle)|g__Eubacterium.s__Eubacterium_eligens	15.9416528903
ARGSYNBSUB-PWY: L-arginine biosynthesis II (acetyl cycle)|g__Blautia.s__Blautia_wexlerae	12.7635550491
ARGSYNBSUB-PWY: L-arginine biosynthesis II (acetyl cycle)|g__Subdoligranulum.s__Subdoligranulum_sp_APC924_74	10.2803510721
ARGSYNBSUB-PWY: L-arginine biosynthesis II (acetyl cycle)|g__Phascolarctobacterium.s__Phascolarctobacterium_succinatutens	10.0924563798
ARGSYNBSUB-PWY: L-arginine biosynthesis II (acetyl cycle)|g__Senegalimassilia.s__Senegalimassilia_anaerobia	9.8987665544
ARGSYNBSUB-PWY: L-arginine biosynthesis II (acetyl cycle)|g__Blautia.s__Blautia_sp	9.7114559343
ARGSYNBSUB-PWY: L-arginine biosynthesis II (acetyl cycle)|g__Ruminococcus.s__Ruminococcus_bromii	9.5657090888
ARGSYNBSUB-PWY: L-arginine biosynthesis II (acetyl cycle)|g__Clostridiales_unclassified.s__Clostridiales_bacterium_KLE1615	5.9890364157
ARGSYN-PWY: L-arginine biosynthesis I (via L-ornithine)	828.1458530820
ARGSYN-PWY: L-arginine biosynthesis I (via L-ornithine)|unclassified	158.6239535825
ARGSYN-PWY: L-arginine biosynthesis I (via L-ornithine)|g__Faecalibacterium.s__Faecalibacterium_prausnitzii	96.5430056210
ARGSYN-PWY: L-arginine biosynthesis I (via L-ornithine)|g__Blautia.s__Blautia_sp_AF19_10LB	66.9293202829
ARGSYN-PWY: L-arginine biosynthesis I (via L-ornithine)|g__Collinsella.s__Collinsella_aerofaciens	39.3052871183
ARGSYN-PWY: L-arginine biosynthesis I (via L-ornithine)|g__Bifidobacterium.s__Bifidobacterium_pseudocatenulatum	33.3462082812
ARGSYN-PWY: L-arginine biosynthesis I (via L-ornithine)|g__Anaerostipes.s__Anaerostipes_hadrus	25.0834883574
ARGSYN-PWY: L-arginine biosynthesis I (via L-ornithine)|g__Methanobrevibacter.s__Methanobrevibacter_smithii	20.7299939583
ARGSYN-PWY: L-arginine biosynthesis I (via L-ornithine)|g__Fusicatenibacter.s__Fusicatenibacter_saccharivorans	14.6732224831
ARGSYN-PWY: L-arginine biosynthesis I (via L-ornithine)|g__Blautia.s__Blautia_wexlerae	12.0148632582
ARGSYN-PWY: L-arginine biosynthesis I (via L-ornithine)|g__Eubacterium.s__Eubacterium_eligens	11.8738870224
ARGSYN-PWY: L-arginine biosynthesis I (via L-ornithine)|g__Phascolarctobacterium.s__Phascolarctobacterium_succinatutens	8.6132872025
ARGSYN-PWY: L-arginine biosynthesis I (via L-ornithine)|g__Blautia.s__Blautia_obeum	7.8729208036
ARGSYN-PWY: L-arginine biosynthesis I (via L-ornithine)|g__Blautia.s__Blautia_sp	3.2662572925
ILEUSYN-PWY: L-isoleucine biosynthesis I (from threonine)	821.6480992665
ILEUSYN-PWY: L-isoleucine biosynthesis I (from threonine)|unclassified	132.5688417142
ILEUSYN-PWY: L-isoleucine biosynthesis I (from threonine)|g__Blautia.s__Blautia_sp_AF19_10LB	68.1121854394
ILEUSYN-PWY: L-isoleucine biosynthesis I (from threonine)|g__Bifidobacterium.s__Bifidobacterium_pseudocatenulatum	48.6958738403
ILEUSYN-PWY: L-isoleucine biosynthesis I (from threonine)|g__Succinatimonas.s__Succinatimonas_sp_CAG_777	40.8732306634
ILEUSYN-PWY: L-isoleucine biosynthesis I (from threonine)|g__Anaerostipes.s__Anaerostipes_hadrus	28.9287101504
ILEUSYN-PWY: L-isoleucine biosynthesis I (from threonine)|g__Prevotella.s__Prevotella_copri	23.5717897624
ILEUSYN-PWY: L-isoleucine biosynthesis I (from threonine)|g__Methanobrevibacter.s__Methanobrevibacter_smithii	23.4879303819
ILEUSYN-PWY: L-isoleucine biosynthesis I (from threonine)|g__Blautia.s__Blautia_sp	20.9386699016
ILEUSYN-PWY: L-isoleucine biosynthesis I (from threonine)|g__Eubacterium.s__Eubacterium_eligens	16.0193519904
ILEUSYN-PWY: L-isoleucine biosynthesis I (from threonine)|g__Blautia.s__Blautia_obeum	14.3900324747
ILEUSYN-PWY: L-isoleucine biosynthesis I (from threonine)|g__Coprococcus.s__Coprococcus_eutactus	12.9346949969
ILEUSYN-PWY: L-isoleucine biosynthesis I (from threonine)|g__Eubacterium.s__Eubacterium_hallii	10.4648716870
ILEUSYN-PWY: L-isoleucine biosynthesis I (from threonine)|g__Prevotella.s__Prevotella_sp_AM42_24	9.4432132722
ILEUSYN-PWY: L-isoleucine biosynthesis I (from threonine)|g__Bacteroides.s__Bacteroides_uniformis	9.4220670352
ILEUSYN-PWY: L-isoleucine biosynthesis I (from threonine)|g__Blautia.s__Blautia_wexlerae	8.7950538417
ILEUSYN-PWY: L-isoleucine biosynthesis I (from threonine)|g__Bacteroides.s__Bacteroides_caccae	6.1431892028
ILEUSYN-PWY: L-isoleucine biosynthesis I (from threonine)|g__Parabacteroides.s__Parabacteroides_distasonis	5.3339259918
ILEUSYN-PWY: L-isoleucine biosynthesis I (from threonine)|g__Dorea.s__Dorea_formicigenerans	3.1849054783
ILEUSYN-PWY: L-isoleucine biosynthesis I (from threonine)|g__Blautia.s__Ruminococcus_torques	2.3442090519
PWY-5097: L-lysine biosynthesis VI	820.7949665705
PWY-5097: L-lysine biosynthesis VI|unclassified	109.9544836201
PWY-5097: L-lysine biosynthesis VI|g__Blautia.s__Blautia_sp_AF19_10LB	76.9809997469
PWY-5097: L-lysine biosynthesis VI|g__Faecalibacterium.s__Faecalibacterium_prausnitzii	71.4410356701
PWY-5097: L-lysine biosynthesis VI|g__Bifidobacterium.s__Bifidobacterium_pseudocatenulatum	42.8173029958
PWY-5097: L-lysine biosynthesis VI|g__Blautia.s__Blautia_obeum	34.6491698752
PWY-5097: L-lysine biosynthesis VI|g__Anaerostipes.s__Anaerostipes_hadrus	28.1773313148
PWY-5097: L-lysine biosynthesis VI|g__Methanobrevibacter.s__Methanobrevibacter_smithii	22.5195443098
PWY-5097: L-lysine biosynthesis VI|g__Prevotella.s__Prevotella_sp_CAG_386	17.8783139201
PWY-5097: L-lysine biosynthesis VI|g__Eubacterium.s__Eubacterium_eligens	17.1115868370
PWY-5097: L-lysine biosynthesis VI|g__Bacteroides.s__Bacteroides_vulgatus	13.9717047577
PWY-5097: L-lysine biosynthesis VI|g__Prevotella.s__Prevotella_copri	13.3339345173
PWY-5097: L-lysine biosynthesis VI|g__Fusicatenibacter.s__Fusicatenibacter_saccharivorans	13.2191158570
PWY-5097: L-lysine biosynthesis VI|g__Bacteroides.s__Bacteroides_uniformis	12.2452262446
PWY-5097: L-lysine biosynthesis VI|g__Ruminococcus.s__Ruminococcus_sp_CAG_488	11.9100640041
PWY-5097: L-lysine biosynthesis VI|g__Blautia.s__Blautia_wexlerae	9.1034898610
PWY-5097: L-lysine biosynthesis VI|g__Prevotella.s__Prevotella_sp_AM42_24	7.3725306211
PWY-5097: L-lysine biosynthesis VI|g__Bacteroides.s__Bacteroides_massiliensis	1.5243902439
PWY-6121: 5-aminoimidazole ribonucleotide biosynthesis I	820.7518974764
PWY-6121: 5-aminoimidazole ribonucleotide biosynthesis I|unclassified	171.0396457155
PWY-6121: 5-aminoimidazole ribonucleotide biosynthesis I|g__Faecalibacterium.s__Faecalibacterium_prausnitzii	87.4875815189
PWY-6121: 5-aminoimidazole ribonucleotide biosynthesis I|g__Blautia.s__Blautia_sp_AF19_10LB	73.6909695469
PWY-6121: 5-aminoimidazole ribonucleotide biosynthesis I|g__Alistipes.s__Alistipes_sp_CAG_435	52.5900019825
PWY-6121: 5-aminoimidazole ribonucleotide biosynthesis I|g__Collinsella.s__Collinsella_aerofaciens	52.1872497087
PWY-6121: 5-aminoimidazole ribonucleotide biosynthesis I|g__Bifidobacterium.s__Bifidobacterium_pseudocatenulatum	40.5398096297
PWY-6121: 5-aminoimidazole ribonucleotide biosynthesis I|g__Anaerostipes.s__Anaerostipes_hadrus	25.5530390749
PWY-6121: 5-aminoimidazole ribonucleotide biosynthesis I|g__Methanobrevibacter.s__Methanobrevibacter_smithii	23.4074850418
PWY-6121: 5-aminoimidazole ribonucleotide biosynthesis I|g__Blautia.s__Blautia_obeum	21.4714139633
PWY-6121: 5-aminoimidazole ribonucleotide biosynthesis I|g__Coprococcus.s__Coprococcus_eutactus	20.4309644361
PWY-6121: 5-aminoimidazole ribonucleotide biosynthesis I|g__Fusicatenibacter.s__Fusicatenibacter_saccharivorans	15.7384987893
PWY-6121: 5-aminoimidazole ribonucleotide biosynthesis I|g__Bacteroides.s__Bacteroides_vulgatus	14.6080308283
PWY-6121: 5-aminoimidazole ribonucleotide biosynthesis I|g__Eubacterium.s__Eubacterium_eligens	14.2186711297
PWY-6121: 5-aminoimidazole ribonucleotide biosynthesis I|g__Ruminococcus.s__Ruminococcus_sp_CAG_488	11.7000117000
PWY-6121: 5-aminoimidazole ribonucleotide biosynthesis I|g__Phascolarctobacterium.s__Phascolarctobacterium_succinatutens	11.6376745651
PWY-6121: 5-aminoimidazole ribonucleotide biosynthesis I|g__Clostridium.s__Clostridium_sp_CAG_510	6.8487677925
PWY-6121: 5-aminoimidazole ribonucleotide biosynthesis I|g__Bacteroides.s__Bacteroides_uniformis	6.7943156164
PWY-6121: 5-aminoimidazole ribonucleotide biosynthesis I|g__Blautia.s__Ruminococcus_torques	6.4790283728
PWY-6121: 5-aminoimidazole ribonucleotide biosynthesis I|g__Blautia.s__Blautia_wexlerae	6.3926940639
PWY-6121: 5-aminoimidazole ribonucleotide biosynthesis I|g__Roseburia.s__Roseburia_faecis	5.7786766830
PWY-6121: 5-aminoimidazole ribonucleotide biosynthesis I|g__Roseburia.s__Roseburia_hominis	5.2837366586
PWY-6121: 5-aminoimidazole ribonucleotide biosynthesis I|g__Blautia.s__Blautia_sp	3.7269606956
PWY-6121: 5-aminoimidazole ribonucleotide biosynthesis I|g__Parabacteroides.s__Parabacteroides_johnsonii	1.3991232161
BRANCHED-CHAIN-AA-SYN-PWY: superpathway of branched chain amino acid biosynthesis	817.4481893408
BRANCHED-CHAIN-AA-SYN-PWY: superpathway of branched chain amino acid biosynthesis|unclassified	135.9377454862
BRANCHED-CHAIN-AA-SYN-PWY: superpathway of branched chain amino acid biosynthesis|g__Blautia.s__Blautia_sp_AF19_10LB	69.2206152712
BRANCHED-CHAIN-AA-SYN-PWY: superpathway of branched chain amino acid biosynthesis|g__Bifidobacterium.s__Bifidobacterium_pseudocatenulatum	47.9113351696
BRANCHED-CHAIN-AA-SYN-PWY: superpathway of branched chain amino acid biosynthesis|g__Succinatimonas.s__Succinatimonas_sp_CAG_777	41.5927246702
BRANCHED-CHAIN-AA-SYN-PWY: superpathway of branched chain amino acid biosynthesis|g__Anaerostipes.s__Anaerostipes_hadrus	30.1258082748
BRANCHED-CHAIN-AA-SYN-PWY: superpathway of branched chain amino acid biosynthesis|g__Prevotella.s__Prevotella_copri	24.2785632776
BRANCHED-CHAIN-AA-SYN-PWY: superpathway of branched chain amino acid biosynthesis|g__Blautia.s__Blautia_sp	19.3171051212
BRANCHED-CHAIN-AA-SYN-PWY: superpathway of branched chain amino acid biosynthesis|g__Eubacterium.s__Eubacterium_eligens	15.9193026565
BRANCHED-CHAIN-AA-SYN-PWY: superpathway of branched chain amino acid biosynthesis|g__Blautia.s__Blautia_obeum	14.8081813657
BRANCHED-CHAIN-AA-SYN-PWY: superpathway of branched chain amino acid biosynthesis|g__Bacteroides.s__Bacteroides_uniformis	8.9906585518
BRANCHED-CHAIN-AA-SYN-PWY: superpathway of branched chain amino acid biosynthesis|g__Prevotella.s__Prevotella_sp_AM42_24	8.8382571627
BRANCHED-CHAIN-AA-SYN-PWY: superpathway of branched chain amino acid biosynthesis|g__Blautia.s__Blautia_wexlerae	8.7614073415
BRANCHED-CHAIN-AA-SYN-PWY: superpathway of branched chain amino acid biosynthesis|g__Bacteroides.s__Bacteroides_caccae	5.4467589102
PWY-8178: pentose phosphate pathway (non-oxidative branch) II	811.1446420465
PWY-8178: pentose phosphate pathway (non-oxidative branch) II|unclassified	148.9093399258
PWY-8178: pentose phosphate pathway (non-oxidative branch) II|g__Blautia.s__Blautia_sp_AF19_10LB	96.2576664942
PWY-8178: pentose phosphate pathway (non-oxidative branch) II|g__Anaerostipes.s__Anaerostipes_hadrus	44.3038708647
PWY-8178: pentose phosphate pathway (non-oxidative branch) II|g__Collinsella.s__Collinsella_aerofaciens	34.8211136421
PWY-8178: pentose phosphate pathway (non-oxidative branch) II|g__Fusicatenibacter.s__Fusicatenibacter_saccharivorans	24.4132294010
PWY-8178: pentose phosphate pathway (non-oxidative branch) II|g__Eubacterium.s__Eubacterium_hallii	21.4147717891
PWY-8178: pentose phosphate pathway (non-oxidative branch) II|g__Blautia.s__Blautia_obeum	21.2176562704
PWY-8178: pentose phosphate pathway (non-oxidative branch) II|g__Blautia.s__Blautia_sp	17.9961938493
PWY-8178: pentose phosphate pathway (non-oxidative branch) II|g__Eubacterium.s__Eubacterium_eligens	15.7311519858
PWY-8178: pentose phosphate pathway (non-oxidative branch) II|g__Coprococcus.s__Coprococcus_eutactus	12.3158334671
PWY-8178: pentose phosphate pathway (non-oxidative branch) II|g__Blautia.s__Blautia_wexlerae	10.8538678110
PWY-8178: pentose phosphate pathway (non-oxidative branch) II|g__Roseburia.s__Roseburia_faecis	7.6231962973
PWY-8178: pentose phosphate pathway (non-oxidative branch) II|g__Blautia.s__Ruminococcus_torques	3.1687595908
1CMET2-PWY: folate transformations III (E. coli)	793.9421789600
1CMET2-PWY: folate transformations III (E. coli)|unclassified	98.0986633108
1CMET2-PWY: folate transformations III (E. coli)|g__Bacteroides.s__Bacteroides_vulgatus	19.6514053337
1CMET2-PWY: folate transformations III (E. coli)|g__Prevotella.s__Prevotella_sp_CAG_520	17.9143680573
1CMET2-PWY: folate transformations III (E. coli)|g__Anaerostipes.s__Anaerostipes_hadrus	15.9594947725
COA-PWY: coenzyme A biosynthesis I (prokaryotic)	791.7236193190
COA-PWY: coenzyme A biosynthesis I (prokaryotic)|unclassified	171.8116536148
COA-PWY: coenzyme A biosynthesis I (prokaryotic)|g__Faecalibacterium.s__Faecalibacterium_prausnitzii	75.3741056528
COA-PWY: coenzyme A biosynthesis I (prokaryotic)|g__Blautia.s__Blautia_sp_AF19_10LB	53.9000539001
COA-PWY: coenzyme A biosynthesis I (prokaryotic)|g__Bifidobacterium.s__Bifidobacterium_pseudocatenulatum	45.3175260851
COA-PWY: coenzyme A biosynthesis I (prokaryotic)|g__Firmicutes_unclassified.s__Firmicutes_bacterium_CAG_475	44.6024113179
COA-PWY: coenzyme A biosynthesis I (prokaryotic)|g__Succinatimonas.s__Succinatimonas_sp_CAG_777	33.7463126844
COA-PWY: coenzyme A biosynthesis I (prokaryotic)|g__Clostridium.s__Clostridium_sp_CAG_349	33.2714239446
COA-PWY: coenzyme A biosynthesis I (prokaryotic)|g__Collinsella.s__Collinsella_aerofaciens	30.5927342256
COA-PWY: coenzyme A biosynthesis I (prokaryotic)|g__Prevotella.s__Prevotella_sp_CAG_520	28.7226001512
COA-PWY: coenzyme A biosynthesis I (prokaryotic)|g__Anaerostipes.s__Anaerostipes_hadrus	27.6436172301
COA-PWY: coenzyme A biosynthesis I (prokaryotic)|g__Prevotella.s__Prevotella_sp_CAG_386	20.3873598369
COA-PWY: coenzyme A biosynthesis I (prokaryotic)|g__Fusicatenibacter.s__Fusicatenibacter_saccharivorans	16.6309608823
COA-PWY: coenzyme A biosynthesis I (prokaryotic)|g__Bacteroides.s__Bacteroides_vulgatus	14.5265888457
COA-PWY: coenzyme A biosynthesis I (prokaryotic)|g__Eubacterium.s__Eubacterium_eligens	11.5942028986
COA-PWY: coenzyme A biosynthesis I (prokaryotic)|g__Senegalimassilia.s__Senegalimassilia_anaerobia	11.1669458403
COA-PWY: coenzyme A biosynthesis I (prokaryotic)|g__Bacteroides.s__Bacteroides_uniformis	11.1075047784
COA-PWY: coenzyme A biosynthesis I (prokaryotic)|g__Blautia.s__Blautia_obeum	10.2112165468
COA-PWY: coenzyme A biosynthesis I (prokaryotic)|g__Prevotella.s__Prevotella_sp_AM42_24	8.3769633508
COA-PWY: coenzyme A biosynthesis I (prokaryotic)|g__Firmicutes_unclassified.s__Firmicutes_bacterium_CAG_114	7.8216660149
COA-PWY: coenzyme A biosynthesis I (prokaryotic)|g__Roseburia.s__Roseburia_faecis	7.0796460177
COA-PWY: coenzyme A biosynthesis I (prokaryotic)|g__Blautia.s__Blautia_sp	6.6666666667
COA-PWY: coenzyme A biosynthesis I (prokaryotic)|g__Bacteroides.s__Bacteroides_dorei	3.4519956850
PWY-7851: coenzyme A biosynthesis II (eukaryotic)	791.7236193190
PWY-7851: coenzyme A biosynthesis II (eukaryotic)|unclassified	171.8116536148
PWY-7851: coenzyme A biosynthesis II (eukaryotic)|g__Faecalibacterium.s__Faecalibacterium_prausnitzii	75.3741056528
PWY-7851: coenzyme A biosynthesis II (eukaryotic)|g__Blautia.s__Blautia_sp_AF19_10LB	42.7820559834
PWY-7851: coenzyme A biosynthesis II (eukaryotic)|g__Bifidobacterium.s__Bifidobacterium_pseudocatenulatum	35.4619285460
PWY-7851: coenzyme A biosynthesis II (eukaryotic)|g__Succinatimonas.s__Succinatimonas_sp_CAG_777	33.4832706883
PWY-7851: coenzyme A biosynthesis II (eukaryotic)|g__Clostridium.s__Clostridium_sp_CAG_349	33.2714239446
PWY-7851: coenzyme A biosynthesis II (eukaryotic)|g__Collinsella.s__Collinsella_aerofaciens	30.5927342256
PWY-7851: coenzyme A biosynthesis II (eukaryotic)|g__Prevotella.s__Prevotella_sp_CAG_520	27.0572678263
PWY-7851: coenzyme A biosynthesis II (eukaryotic)|g__Anaerostipes.s__Anaerostipes_hadrus	16.8527894479
PWY-7851: coenzyme A biosynthesis II (eukaryotic)|g__Fusicatenibacter.s__Fusicatenibacter_saccharivorans	16.6309608823
PWY-7851: coenzyme A biosynthesis II (eukaryotic)|g__Bacteroides.s__Bacteroides_vulgatus	13.1325922799
PWY-7851: coenzyme A biosynthesis II (eukaryotic)|g__Prevotella.s__Prevotella_sp_CAG_386	12.5707102451
PWY-7851: coenzyme A biosynthesis II (eukaryotic)|g__Blautia.s__Blautia_obeum	10.2112165468
PWY-7851: coenzyme A biosynthesis II (eukaryotic)|g__Eubacterium.s__Eubacterium_eligens	8.6021505376
PWY-7851: coenzyme A biosynthesis II (eukaryotic)|g__Bacteroides.s__Bacteroides_uniformis	8.4610735674
PWY-7851: coenzyme A biosynthesis II (eukaryotic)|g__Roseburia.s__Roseburia_faecis	6.4987814785
PWY-7851: coenzyme A biosynthesis II (eukaryotic)|g__Prevotella.s__Prevotella_sp_AM42_24	4.4141990068
PWY-7977: L-methionine biosynthesis IV	786.1304243961
PWY-7977: L-methionine biosynthesis IV|unclassified	165.3888483557
PWY-7977: L-methionine biosynthesis IV|g__Faecalibacterium.s__Faecalibacterium_prausnitzii	51.3106043138
PWY-7977: L-methionine biosynthesis IV|g__Collinsella.s__Collinsella_aerofaciens	33.3196092127
PWY-7977: L-methionine biosynthesis IV|g__Prevotella.s__Prevotella_sp_CAG_520	24.1303036397
PWY-7977: L-methionine biosynthesis IV|g__Anaerostipes.s__Anaerostipes_hadrus	20.0248779015
PWY-7977: L-methionine biosynthesis IV|g__Prevotella.s__Prevotella_sp_CAG_386	17.9129686677
PWY-7977: L-methionine biosynthesis IV|g__Prevotella.s__Prevotella_copri	16.6812765143
PWY-7977: L-methionine biosynthesis IV|g__Bacteroides.s__Bacteroides_vulgatus	15.0993427986
PWY-7977: L-methionine biosynthesis IV|g__Prevotella.s__Prevotella_sp_AM42_24	13.1774336449
PWY-7977: L-methionine biosynthesis IV|g__Bacteroides.s__Bacteroides_uniformis	10.8432654668
PWY-7977: L-methionine biosynthesis IV|g__Eubacterium.s__Eubacterium_eligens	10.7598253275
PWY-7977: L-methionine biosynthesis IV|g__Eubacterium.s__Eubacterium_hallii	7.6895292003
PWY-7977: L-methionine biosynthesis IV|g__Parabacteroides.s__Parabacteroides_merdae	2.7285129604
PWY-7977: L-methionine biosynthesis IV|g__Parabacteroides.s__Parabacteroides_johnsonii	1.9099460440
PWY-7977: L-methionine biosynthesis IV|g__Bacteroides.s__Bacteroides_dorei	1.3167532845
PWY-7977: L-methionine biosynthesis IV|g__Bacteroides.s__Bacteroides_massiliensis	1.2721837033
PWY-6123: inosine-5'-phosphate biosynthesis I	782.8448385198
PWY-6123: inosine-5'-phosphate biosynthesis I|unclassified	119.4501784001
PWY-6123: inosine-5'-phosphate biosynthesis I|g__Faecalibacterium.s__Faecalibacterium_prausnitzii	78.5437833958
PWY-6123: inosine-5'-phosphate biosynthesis I|g__Blautia.s__Blautia_sp_AF19_10LB	59.4059575185
PWY-6123: inosine-5'-phosphate biosynthesis I|g__Clostridium.s__Clostridium_sp_CAG_452	49.0928705704
PWY-6123: inosine-5'-phosphate biosynthesis I|g__Bifidobacterium.s__Bifidobacterium_pseudocatenulatum	36.4650110030
PWY-6123: inosine-5'-phosphate biosynthesis I|g__Collinsella.s__Collinsella_aerofaciens	35.1199664504
PWY-6123: inosine-5'-phosphate biosynthesis I|g__Anaerostipes.s__Anaerostipes_hadrus	31.2617208865
PWY-6123: inosine-5'-phosphate biosynthesis I|g__Succinatimonas.s__Succinatimonas_sp_CAG_777	29.9177028706
PWY-6123: inosine-5'-phosphate biosynthesis I|g__Bacteroides.s__Bacteroides_vulgatus	22.8409257245
PWY-6123: inosine-5'-phosphate biosynthesis I|g__Blautia.s__Blautia_wexlerae	9.5632770163
PWY-6123: inosine-5'-phosphate biosynthesis I|g__Bacteroides.s__Bacteroides_uniformis	9.1603053435
PWY-6123: inosine-5'-phosphate biosynthesis I|g__Senegalimassilia.s__Senegalimassilia_anaerobia	8.8314146034
PWY-6123: inosine-5'-phosphate biosynthesis I|g__Blautia.s__Blautia_obeum	7.6185590007
PWY-6123: inosine-5'-phosphate biosynthesis I|g__Blautia.s__Ruminococcus_torques	4.5667514305
PWY-6123: inosine-5'-phosphate biosynthesis I|g__Parabacteroides.s__Parabacteroides_johnsonii	4.3817215678
PWY-6123: inosine-5'-phosphate biosynthesis I|g__Parabacteroides.s__Parabacteroides_merdae	3.6299366401
PWY-6123: inosine-5'-phosphate biosynthesis I|g__Bacteroides.s__Bacteroides_cellulosilyticus	1.7318516380
PWY-2942: L-lysine biosynthesis III	779.2645288008
PWY-2942: L-lysine biosynthesis III|unclassified	53.2286025939
PWY-2942: L-lysine biosynthesis III|g__Anaerostipes.s__Anaerostipes_hadrus	26.1779723987
PWY-2942: L-lysine biosynthesis III|g__Bacteroides.s__Bacteroides_uniformis	11.6200023118
PWY-5103: L-isoleucine biosynthesis III	756.6622940730
PWY-5103: L-isoleucine biosynthesis III|unclassified	173.8394142438
PWY-5103: L-isoleucine biosynthesis III|g__Blautia.s__Blautia_sp_AF19_10LB	65.6800274026
PWY-5103: L-isoleucine biosynthesis III|g__Bifidobacterium.s__Bifidobacterium_pseudocatenulatum	45.0827402650
PWY-5103: L-isoleucine biosynthesis III|g__Succinatimonas.s__Succinatimonas_sp_CAG_777	38.7406008997
PWY-5103: L-isoleucine biosynthesis III|g__Anaerostipes.s__Anaerostipes_hadrus	26.4171560104
PWY-5103: L-isoleucine biosynthesis III|g__Methanobrevibacter.s__Methanobrevibacter_smithii	23.0273011254
PWY-5103: L-isoleucine biosynthesis III|g__Prevotella.s__Prevotella_copri	19.9229303991
PWY-5103: L-isoleucine biosynthesis III|g__Blautia.s__Blautia_sp	17.9446807321
PWY-5103: L-isoleucine biosynthesis III|g__Eubacterium.s__Eubacterium_eligens	15.4943636102
PWY-5103: L-isoleucine biosynthesis III|g__Coprococcus.s__Coprococcus_eutactus	10.9830779036
PWY-5103: L-isoleucine biosynthesis III|g__Blautia.s__Blautia_obeum	10.6730377984
PWY-5103: L-isoleucine biosynthesis III|g__Bacteroides.s__Bacteroides_uniformis	9.3233956904
PWY-5103: L-isoleucine biosynthesis III|g__Eubacterium.s__Eubacterium_hallii	9.0651231156
PWY-5103: L-isoleucine biosynthesis III|g__Prevotella.s__Prevotella_sp_AM42_24	8.3754250087
PWY-5103: L-isoleucine biosynthesis III|g__Blautia.s__Blautia_wexlerae	8.3222220350
PWY-5103: L-isoleucine biosynthesis III|g__Bacteroides.s__Bacteroides_caccae	5.3127759044
PWY-5103: L-isoleucine biosynthesis III|g__Parabacteroides.s__Parabacteroides_distasonis	5.1684038246
PWY-5103: L-isoleucine biosynthesis III|g__Dorea.s__Dorea_formicigenerans	2.3452990967
PWY-5103: L-isoleucine biosynthesis III|g__Blautia.s__Ruminococcus_torques	1.9407433149
PWY-724: superpathway of L-lysine, L-threonine and L-methionine biosynthesis II	753.8765740184
PWY-724: superpathway of L-lysine, L-threonine and L-methionine biosynthesis II|unclassified	89.4184603470
PWY-724: superpathway of L-lysine, L-threonine and L-methionine biosynthesis II|g__Blautia.s__Blautia_sp_AF19_10LB	78.8590303773
PWY-724: superpathway of L-lysine, L-threonine and L-methionine biosynthesis II|g__Faecalibacterium.s__Faecalibacterium_prausnitzii	47.9141091832
PWY-724: superpathway of L-lysine, L-threonine and L-methionine biosynthesis II|g__Bifidobacterium.s__Bifidobacterium_pseudocatenulatum	41.2571402526
PWY-724: superpathway of L-lysine, L-threonine and L-methionine biosynthesis II|g__Anaerostipes.s__Anaerostipes_hadrus	25.5241551134
PWY-724: superpathway of L-lysine, L-threonine and L-methionine biosynthesis II|g__Bacteroides.s__Bacteroides_uniformis	11.5051806511
PWY-724: superpathway of L-lysine, L-threonine and L-methionine biosynthesis II|g__Blautia.s__Blautia_obeum	7.7405950375
PWY-6124: inosine-5'-phosphate biosynthesis II	745.2874657704
PWY-6124: inosine-5'-phosphate biosynthesis II|unclassified	108.6576035600
PWY-6124: inosine-5'-phosphate biosynthesis II|g__Faecalibacterium.s__Faecalibacterium_prausnitzii	73.9475260956
PWY-6124: inosine-5'-phosphate biosynthesis II|g__Blautia.s__Blautia_sp_AF19_10LB	64.8870130056
PWY-6124: inosine-5'-phosphate biosynthesis II|g__Clostridium.s__Clostridium_sp_CAG_452	48.9138994221
PWY-6124: inosine-5'-phosphate biosynthesis II|g__Bifidobacterium.s__Bifidobacterium_pseudocatenulatum	33.0490778741
PWY-6124: inosine-5'-phosphate biosynthesis II|g__Succinatimonas.s__Succinatimonas_sp_CAG_777	32.6205888067
PWY-6124: inosine-5'-phosphate biosynthesis II|g__Collinsella.s__Collinsella_aerofaciens	32.6066426093
PWY-6124: inosine-5'-phosphate biosynthesis II|g__Anaerostipes.s__Anaerostipes_hadrus	30.3587349676
PWY-6124: inosine-5'-phosphate biosynthesis II|g__Bacteroides.s__Bacteroides_vulgatus	22.4518545917
PWY-6124: inosine-5'-phosphate biosynthesis II|g__Eubacterium.s__Eubacterium_hallii	10.8510308479
PWY-6124: inosine-5'-phosphate biosynthesis II|g__Blautia.s__Blautia_wexlerae	10.2859493931
PWY-6124: inosine-5'-phosphate biosynthesis II|g__Blautia.s__Blautia_sp	9.6092468410
PWY-6124: inosine-5'-phosphate biosynthesis II|g__Bacteroides.s__Bacteroides_uniformis	8.5763293310
PWY-6124: inosine-5'-phosphate biosynthesis II|g__Senegalimassilia.s__Senegalimassilia_anaerobia	7.8922148937
PWY-6124: inosine-5'-phosphate biosynthesis II|g__Blautia.s__Blautia_obeum	6.9886892030
PWY-6124: inosine-5'-phosphate biosynthesis II|g__Clostridiales_unclassified.s__Clostridiales_bacterium_KLE1615	6.1218243036
PWY-6124: inosine-5'-phosphate biosynthesis II|g__Blautia.s__Ruminococcus_torques	4.4039506998
PWY-6124: inosine-5'-phosphate biosynthesis II|g__Parabacteroides.s__Parabacteroides_johnsonii	3.9989609169
PWY-6124: inosine-5'-phosphate biosynthesis II|g__Parabacteroides.s__Parabacteroides_merdae	3.8582586491
PWY-6124: inosine-5'-phosphate biosynthesis II|g__Bacteroides.s__Bacteroides_cellulosilyticus	1.6105653084
PWY-6124: inosine-5'-phosphate biosynthesis II|g__Bacteroides.s__Bacteroides_caccae	1.3799568179
PWY-6629: superpathway of L-tryptophan biosynthesis	715.8931651673
PWY-6629: superpathway of L-tryptophan biosynthesis|unclassified	85.1882647858
PWY-6629: superpathway of L-tryptophan biosynthesis|g__Blautia.s__Blautia_sp_AF19_10LB	73.7581072625
PWY-6629: superpathway of L-tryptophan biosynthesis|g__Bifidobacterium.s__Bifidobacterium_pseudocatenulatum	41.8969056121
PWY-6629: superpathway of L-tryptophan biosynthesis|g__Anaerostipes.s__Anaerostipes_hadrus	30.6115589963
PWY-6629: superpathway of L-tryptophan biosynthesis|g__Blautia.s__Blautia_obeum	26.2233252581
PWY-6629: superpathway of L-tryptophan biosynthesis|g__Fusicatenibacter.s__Fusicatenibacter_saccharivorans	14.2379780935
GLUTORN-PWY: L-ornithine biosynthesis I	702.8090099253
GLUTORN-PWY: L-ornithine biosynthesis I|unclassified	104.1002279358
GLUTORN-PWY: L-ornithine biosynthesis I|g__Faecalibacterium.s__Faecalibacterium_prausnitzii	90.3352074602
GLUTORN-PWY: L-ornithine biosynthesis I|g__Blautia.s__Blautia_sp_AF19_10LB	73.3939633703
GLUTORN-PWY: L-ornithine biosynthesis I|g__Collinsella.s__Collinsella_aerofaciens	29.1292161030
GLUTORN-PWY: L-ornithine biosynthesis I|g__Bifidobacterium.s__Bifidobacterium_pseudocatenulatum	24.7240118528
GLUTORN-PWY: L-ornithine biosynthesis I|g__Anaerostipes.s__Anaerostipes_hadrus	18.9310243226
GLUTORN-PWY: L-ornithine biosynthesis I|g__Blautia.s__Blautia_obeum	17.7561841517
GLUTORN-PWY: L-ornithine biosynthesis I|g__Methanobrevibacter.s__Methanobrevibacter_smithii	17.5058967231
GLUTORN-PWY: L-ornithine biosynthesis I|g__Fusicatenibacter.s__Fusicatenibacter_saccharivorans	16.2205100392
GLUTORN-PWY: L-ornithine biosynthesis I|g__Eubacterium.s__Eubacterium_eligens	15.1347384835
GLUTORN-PWY: L-ornithine biosynthesis I|g__Ruminococcus.s__Ruminococcus_bromii	11.7100280102
GLUTORN-PWY: L-ornithine biosynthesis I|g__Blautia.s__Blautia_wexlerae	11.5305709879
GLUTORN-PWY: L-ornithine biosynthesis I|g__Phascolarctobacterium.s__Phascolarctobacterium_succinatutens	9.4898097519
GLUTORN-PWY: L-ornithine biosynthesis I|g__Clostridiales_unclassified.s__Clostridiales_bacterium_KLE1615	7.7627697562
GLUTORN-PWY: L-ornithine biosynthesis I|g__Blautia.s__Blautia_sp	7.3279907259
GLUTORN-PWY: L-ornithine biosynthesis I|g__Dorea.s__Dorea_formicigenerans	5.7901963704
PWY66-429: fatty acid biosynthesis initiation (mitochondria)	680.3876647254
PWY66-429: fatty acid biosynthesis initiation (mitochondria)|unclassified	135.5980762628
PWY66-429: fatty acid biosynthesis initiation (mitochondria)|g__Blautia.s__Blautia_sp_AF19_10LB	94.7087949199
PWY66-429: fatty acid biosynthesis initiation (mitochondria)|g__Succinatimonas.s__Succinatimonas_sp_CAG_777	40.6046093317
PWY66-429: fatty acid biosynthesis initiation (mitochondria)|g__Anaerostipes.s__Anaerostipes_hadrus	35.0708941216
PWY66-429: fatty acid biosynthesis initiation (mitochondria)|g__Bacteroides.s__Bacteroides_vulgatus	24.4146518875
PWY66-429: fatty acid biosynthesis initiation (mitochondria)|g__Fusicatenibacter.s__Fusicatenibacter_saccharivorans	23.8976204216
PWY66-429: fatty acid biosynthesis initiation (mitochondria)|g__Bacteroides.s__Bacteroides_uniformis	16.0509571707
PWY66-429: fatty acid biosynthesis initiation (mitochondria)|g__Blautia.s__Blautia_obeum	14.0962295707
PWY66-429: fatty acid biosynthesis initiation (mitochondria)|g__Eubacterium.s__Eubacterium_eligens	13.4866971140
PWY66-429: fatty acid biosynthesis initiation (mitochondria)|g__Blautia.s__Blautia_sp	7.1754241722
PWY66-429: fatty acid biosynthesis initiation (mitochondria)|g__Parabacteroides.s__Parabacteroides_merdae	6.3542494043
PWY66-429: fatty acid biosynthesis initiation (mitochondria)|g__Clostridium.s__Clostridium_sp_CAG_245	6.1267470802
PWY66-429: fatty acid biosynthesis initiation (mitochondria)|g__Blautia.s__Blautia_wexlerae	3.6688832837
PWY66-429: fatty acid biosynthesis initiation (mitochondria)|g__Bacteroides.s__Bacteroides_caccae	3.3469302374
PWY66-429: fatty acid biosynthesis initiation (mitochondria)|g__Parabacteroides.s__Parabacteroides_distasonis	3.2773453503
HISTSYN-PWY: L-histidine biosynthesis	676.8449119831
HISTSYN-PWY: L-histidine biosynthesis|g__Faecalibacterium.s__Faecalibacterium_prausnitzii	78.6172411508
HISTSYN-PWY: L-histidine biosynthesis|unclassified	75.8394851882
HISTSYN-PWY: L-histidine biosynthesis|g__Alistipes.s__Alistipes_sp_CAG_435	52.1271789962
HISTSYN-PWY: L-histidine biosynthesis|g__Succinatimonas.s__Succinatimonas_sp_CAG_777	36.5340644091
HISTSYN-PWY: L-histidine biosynthesis|g__Bifidobacterium.s__Bifidobacterium_pseudocatenulatum	29.5609232680
HISTSYN-PWY: L-histidine biosynthesis|g__Methanobrevibacter.s__Methanobrevibacter_smithii	19.5651401072
HISTSYN-PWY: L-histidine biosynthesis|g__Prevotella.s__Prevotella_copri	14.4998964980
HISTSYN-PWY: L-histidine biosynthesis|g__Prevotella.s__Prevotella_sp_CAG_386	13.9531710686
HISTSYN-PWY: L-histidine biosynthesis|g__Bacteroides.s__Bacteroides_vulgatus	13.6597564823
HISTSYN-PWY: L-histidine biosynthesis|g__Subdoligranulum.s__Subdoligranulum_sp_APC924_74	11.6726608046
HISTSYN-PWY: L-histidine biosynthesis|g__Blautia.s__Blautia_obeum	11.1019776246
HISTSYN-PWY: L-histidine biosynthesis|g__Bacteroides.s__Bacteroides_uniformis	9.7167577884
HISTSYN-PWY: L-histidine biosynthesis|g__Prevotella.s__Prevotella_sp_AM42_24	8.6925027164
PWY-6317: D-galactose degradation I (Leloir pathway)	671.9530099367
PWY-6317: D-galactose degradation I (Leloir pathway)|unclassified	106.1561838304
PWY-6317: D-galactose degradation I (Leloir pathway)|g__Faecalibacterium.s__Faecalibacterium_prausnitzii	66.8944245038
PWY-6317: D-galactose degradation I (Leloir pathway)|g__Anaerostipes.s__Anaerostipes_hadrus	36.8103830389
PWY-6317: D-galactose degradation I (Leloir pathway)|g__Collinsella.s__Collinsella_aerofaciens	31.5310786032
PWY-6317: D-galactose degradation I (Leloir pathway)|g__Fusicatenibacter.s__Fusicatenibacter_saccharivorans	21.8519001600
PWY-6317: D-galactose degradation I (Leloir pathway)|g__Coprococcus.s__Coprococcus_eutactus	18.1212180047
PWY-6317: D-galactose degradation I (Leloir pathway)|g__Blautia.s__Blautia_obeum	16.1705764427
PWY-6317: D-galactose degradation I (Leloir pathway)|g__Eubacterium.s__Eubacterium_eligens	15.9725015541
PWY-6317: D-galactose degradation I (Leloir pathway)|g__Eubacterium.s__Eubacterium_hallii	10.2341839645
PWY-6317: D-galactose degradation I (Leloir pathway)|g__Blautia.s__Blautia_wexlerae	9.7794346531
PWY-6317: D-galactose degradation I (Leloir pathway)|g__Clostridiales_unclassified.s__Clostridiales_bacterium_KLE1615	8.5205679733
PWY-6317: D-galactose degradation I (Leloir pathway)|g__Blautia.s__Ruminococcus_torques	2.6657780740
NONOXIPENT-PWY: pentose phosphate pathway (non-oxidative branch) I	669.6117424799
NONOXIPENT-PWY: pentose phosphate pathway (non-oxidative branch) I|unclassified	114.4266095305
NONOXIPENT-PWY: pentose phosphate pathway (non-oxidative branch) I|g__Blautia.s__Blautia_sp_AF19_10LB	82.0146817495
NONOXIPENT-PWY: pentose phosphate pathway (non-oxidative branch) I|g__Collinsella.s__Collinsella_aerofaciens	61.9822351273
NONOXIPENT-PWY: pentose phosphate pathway (non-oxidative branch) I|g__Anaerostipes.s__Anaerostipes_hadrus	38.1878630007
NONOXIPENT-PWY: pentose phosphate pathway (non-oxidative branch) I|g__Succinatimonas.s__Succinatimonas_sp_CAG_777	37.4013357620
NONOXIPENT-PWY: pentose phosphate pathway (non-oxidative branch) I|g__Eubacterium.s__Eubacterium_hallii	27.5069154136
NONOXIPENT-PWY: pentose phosphate pathway (non-oxidative branch) I|g__Fusicatenibacter.s__Fusicatenibacter_saccharivorans	26.9497071770
NONOXIPENT-PWY: pentose phosphate pathway (non-oxidative branch) I|g__Blautia.s__Blautia_obeum	25.5903020201
NONOXIPENT-PWY: pentose phosphate pathway (non-oxidative branch) I|g__Blautia.s__Blautia_sp	17.9573512907
NONOXIPENT-PWY: pentose phosphate pathway (non-oxidative branch) I|g__Eubacterium.s__Eubacterium_eligens	14.1957235383
NONOXIPENT-PWY: pentose phosphate pathway (non-oxidative branch) I|g__Coprococcus.s__Coprococcus_eutactus	11.8700893817
NONOXIPENT-PWY: pentose phosphate pathway (non-oxidative branch) I|g__Clostridiales_unclassified.s__Clostridiales_bacterium_KLE1615	9.6885024343
NONOXIPENT-PWY: pentose phosphate pathway (non-oxidative branch) I|g__Blautia.s__Blautia_wexlerae	9.5723845821
NONOXIPENT-PWY: pentose phosphate pathway (non-oxidative branch) I|g__Phascolarctobacterium.s__Phascolarctobacterium_succinatutens	9.4361877801
NONOXIPENT-PWY: pentose phosphate pathway (non-oxidative branch) I|g__Roseburia.s__Roseburia_faecis	8.1112398610
NONOXIPENT-PWY: pentose phosphate pathway (non-oxidative branch) I|g__Blautia.s__Ruminococcus_torques	4.8140310072
OANTIGEN-PWY: O-antigen building blocks biosynthesis (E. coli)	657.5637899470
OANTIGEN-PWY: O-antigen building blocks biosynthesis (E. coli)|unclassified	190.9301202898
OANTIGEN-PWY: O-antigen building blocks biosynthesis (E. coli)|g__Collinsella.s__Collinsella_aerofaciens	48.7868566391
OANTIGEN-PWY: O-antigen building blocks biosynthesis (E. coli)|g__Succinatimonas.s__Succinatimonas_sp_CAG_777	20.9619323380
PWY-7229: superpathway of adenosine nucleotides de novo biosynthesis I	632.9013182639
PWY-7229: superpathway of adenosine nucleotides de novo biosynthesis I|unclassified	69.9104755031
PWY-7229: superpathway of adenosine nucleotides de novo biosynthesis I|g__Prevotella.s__Prevotella_sp_CAG_520	21.8928396300
PWY-7229: superpathway of adenosine nucleotides de novo biosynthesis I|g__Bacteroides.s__Bacteroides_caccae	2.0592107253
PWY-6270: isoprene biosynthesis I	627.4584612879
PWY-6270: isoprene biosynthesis I|g__Blautia.s__Blautia_sp_AF19_10LB	54.1426543759
PWY-6270: isoprene biosynthesis I|unclassified	44.0919108674
PWY-6270: isoprene biosynthesis I|g__Collinsella.s__Collinsella_aerofaciens	32.5352486781
PWY-6270: isoprene biosynthesis I|g__Anaerostipes.s__Anaerostipes_hadrus	19.4736287838
PWY-6270: isoprene biosynthesis I|g__Fusicatenibacter.s__Fusicatenibacter_saccharivorans	14.6733315388
PWY-6270: isoprene biosynthesis I|g__Eubacterium.s__Eubacterium_eligens	13.8201457161
PWY-6270: isoprene biosynthesis I|g__Phascolarctobacterium.s__Phascolarctobacterium_succinatutens	11.3526199653
PWY-5695: inosine 5'-phosphate degradation	623.0411214050
PWY-5695: inosine 5'-phosphate degradation|unclassified	70.7925856305
PWY-5695: inosine 5'-phosphate degradation|g__Faecalibacterium.s__Faecalibacterium_prausnitzii	57.9365872558
PWY-5695: inosine 5'-phosphate degradation|g__Anaerostipes.s__Anaerostipes_hadrus	22.6514775410
PWY-5695: inosine 5'-phosphate degradation|g__Prevotella.s__Prevotella_sp_CAG_386	20.9973073177
PWY-5695: inosine 5'-phosphate degradation|g__Fusicatenibacter.s__Fusicatenibacter_saccharivorans	19.9089312271
PWY-5695: inosine 5'-phosphate degradation|g__Coprococcus.s__Coprococcus_eutactus	15.8436213992
PWY-5695: inosine 5'-phosphate degradation|g__Bacteroides.s__Bacteroides_vulgatus	15.5693642421
PWY-5695: inosine 5'-phosphate degradation|g__Eubacterium.s__Eubacterium_eligens	14.7333625662
PWY-5695: inosine 5'-phosphate degradation|g__Clostridiales_unclassified.s__Clostridiales_bacterium_KLE1615	9.4730609828
PWY-5695: inosine 5'-phosphate degradation|g__Bacteroides.s__Bacteroides_uniformis	9.0325294525
PWY-5695: inosine 5'-phosphate degradation|g__Prevotella.s__Prevotella_sp_AM42_24	8.7727003987
PWY-5695: inosine 5'-phosphate degradation|g__Dorea.s__Dorea_longicatena	6.5303583923
PWY-7560: methylerythritol phosphate pathway II	604.7312291791
PWY-7560: methylerythritol phosphate pathway II|g__Blautia.s__Blautia_sp_AF19_10LB	53.0852460290
PWY-7560: methylerythritol phosphate pathway II|unclassified	50.4775975203
PWY-7560: methylerythritol phosphate pathway II|g__Collinsella.s__Collinsella_aerofaciens	34.0927998416
PWY-7560: methylerythritol phosphate pathway II|g__Anaerostipes.s__Anaerostipes_hadrus	20.2505793417
PWY-7560: methylerythritol phosphate pathway II|g__Fusicatenibacter.s__Fusicatenibacter_saccharivorans	14.2301680374
PWY-7560: methylerythritol phosphate pathway II|g__Eubacterium.s__Eubacterium_eligens	13.5013909928
PWY-7560: methylerythritol phosphate pathway II|g__Phascolarctobacterium.s__Phascolarctobacterium_succinatutens	11.6275885988
PWY-7560: methylerythritol phosphate pathway II|g__Prevotella.s__Prevotella_copri	9.5635256004
PANTOSYN-PWY: superpathway of coenzyme A biosynthesis I (bacteria)	602.8502119808
PANTOSYN-PWY: superpathway of coenzyme A biosynthesis I (bacteria)|unclassified	106.8164535761
PANTOSYN-PWY: superpathway of coenzyme A biosynthesis I (bacteria)|g__Succinatimonas.s__Succinatimonas_sp_CAG_777	34.4506135079
PANTOSYN-PWY: superpathway of coenzyme A biosynthesis I (bacteria)|g__Anaerostipes.s__Anaerostipes_hadrus	27.0253352142
PANTOSYN-PWY: superpathway of coenzyme A biosynthesis I (bacteria)|g__Bacteroides.s__Bacteroides_vulgatus	15.3894351805
PANTOSYN-PWY: superpathway of coenzyme A biosynthesis I (bacteria)|g__Blautia.s__Blautia_obeum	12.0331701294
PANTOSYN-PWY: superpathway of coenzyme A biosynthesis I (bacteria)|g__Bacteroides.s__Bacteroides_uniformis	9.1711794693
PANTOSYN-PWY: superpathway of coenzyme A biosynthesis I (bacteria)|g__Roseburia.s__Roseburia_faecis	8.4889772682
PWY-3001: superpathway of L-isoleucine biosynthesis I	586.3213996928
PWY-3001: superpathway of L-isoleucine biosynthesis I|unclassified	84.1440042955
PWY-3001: superpathway of L-isoleucine biosynthesis I|g__Eubacterium.s__Eubacterium_hallii	8.6541764029
SER-GLYSYN-PWY: superpathway of L-serine and glycine biosynthesis I	581.4159065936
SER-GLYSYN-PWY: superpathway of L-serine and glycine biosynthesis I|unclassified	155.4239822079
SER-GLYSYN-PWY: superpathway of L-serine and glycine biosynthesis I|g__Blautia.s__Blautia_sp_AF19_10LB	58.7845914820
SER-GLYSYN-PWY: superpathway of L-serine and glycine biosynthesis I|g__Bifidobacterium.s__Bifidobacterium_pseudocatenulatum	47.5124934736
SER-GLYSYN-PWY: superpathway of L-serine and glycine biosynthesis I|g__Collinsella.s__Collinsella_aerofaciens	37.4462799937
SER-GLYSYN-PWY: superpathway of L-serine and glycine biosynthesis I|g__Faecalibacterium.s__Faecalibacterium_prausnitzii	34.2714997710
SER-GLYSYN-PWY: superpathway of L-serine and glycine biosynthesis I|g__Anaerostipes.s__Anaerostipes_hadrus	21.6640838872
SER-GLYSYN-PWY: superpathway of L-serine and glycine biosynthesis I|g__Bacteroides.s__Bacteroides_vulgatus	13.5944371472
SER-GLYSYN-PWY: superpathway of L-serine and glycine biosynthesis I|g__Blautia.s__Blautia_obeum	11.5684537826
SER-GLYSYN-PWY: superpathway of L-serine and glycine biosynthesis I|g__Eubacterium.s__Eubacterium_eligens	10.1035615054
SER-GLYSYN-PWY: superpathway of L-serine and glycine biosynthesis I|g__Phascolarctobacterium.s__Phascolarctobacterium_succinatutens	9.9880351662
SER-GLYSYN-PWY: superpathway of L-serine and glycine biosynthesis I|g__Bacteroides.s__Bacteroides_uniformis	8.2332587576
SER-GLYSYN-PWY: superpathway of L-serine and glycine biosynthesis I|g__Roseburia.s__Roseburia_faecis	5.9621404084
SER-GLYSYN-PWY: superpathway of L-serine and glycine biosynthesis I|g__Blautia.s__Blautia_wexlerae	5.7980617908
SER-GLYSYN-PWY: superpathway of L-serine and glycine biosynthesis I|g__Blautia.s__Ruminococcus_torques	3.0992418702
SER-GLYSYN-PWY: superpathway of L-serine and glycine biosynthesis I|g__Bacteroides.s__Bacteroides_eggerthii	2.3528027763
PWY-7111: pyruvate fermentation to isobutanol (engineered)	576.0095263633
PWY-7111: pyruvate fermentation to isobutanol (engineered)|unclassified	112.6923220468
PWY-7111: pyruvate fermentation to isobutanol (engineered)|g__Bifidobacterium.s__Bifidobacterium_pseudocatenulatum	52.4171393781
PWY-7111: pyruvate fermentation to isobutanol (engineered)|g__Faecalibacterium.s__Faecalibacterium_prausnitzii	43.0711021539
PWY-7111: pyruvate fermentation to isobutanol (engineered)|g__Anaerostipes.s__Anaerostipes_hadrus	26.1926724117
PWY-7111: pyruvate fermentation to isobutanol (engineered)|g__Eubacterium.s__Eubacterium_eligens	14.8694730619
PWY-7111: pyruvate fermentation to isobutanol (engineered)|g__Coprococcus.s__Coprococcus_eutactus	11.5128862992
PWY-7111: pyruvate fermentation to isobutanol (engineered)|g__Eubacterium.s__Eubacterium_hallii	9.3742326761
PWY-7111: pyruvate fermentation to isobutanol (engineered)|g__Phascolarctobacterium.s__Phascolarctobacterium_succinatutens	9.3096833988
PWY-7111: pyruvate fermentation to isobutanol (engineered)|g__Methanobrevibacter.s__Methanobrevibacter_smithii	9.1861066805
PWY-7111: pyruvate fermentation to isobutanol (engineered)|g__Blautia.s__Blautia_obeum	8.1781765690
PWY-7111: pyruvate fermentation to isobutanol (engineered)|g__Roseburia.s__Roseburia_faecis	7.7045676165
PWY-7111: pyruvate fermentation to isobutanol (engineered)|g__Parabacteroides.s__Parabacteroides_distasonis	5.4225479403
PWY-7111: pyruvate fermentation to isobutanol (engineered)|g__Blautia.s__Blautia_wexlerae	4.8412032956
PWY-7111: pyruvate fermentation to isobutanol (engineered)|g__Roseburia.s__Roseburia_hominis	3.7775235347
PWY-7111: pyruvate fermentation to isobutanol (engineered)|g__Blautia.s__Ruminococcus_torques	1.7293064938
PWY-7111: pyruvate fermentation to isobutanol (engineered)|g__Roseburia.s__Roseburia_intestinalis	0.9151642720
UDPNAGSYN-PWY: UDP-N-acetyl-D-glucosamine biosynthesis I	567.3787721436
UDPNAGSYN-PWY: UDP-N-acetyl-D-glucosamine biosynthesis I|unclassified	173.0526454782
UDPNAGSYN-PWY: UDP-N-acetyl-D-glucosamine biosynthesis I|g__Bifidobacterium.s__Bifidobacterium_pseudocatenulatum	45.0822084274
UDPNAGSYN-PWY: UDP-N-acetyl-D-glucosamine biosynthesis I|g__Succinatimonas.s__Succinatimonas_sp_CAG_777	40.2798395919
UDPNAGSYN-PWY: UDP-N-acetyl-D-glucosamine biosynthesis I|g__Collinsella.s__Collinsella_aerofaciens	40.1519461861
UDPNAGSYN-PWY: UDP-N-acetyl-D-glucosamine biosynthesis I|g__Firmicutes_unclassified.s__Firmicutes_bacterium_CAG_124	17.2273767627
UDPNAGSYN-PWY: UDP-N-acetyl-D-glucosamine biosynthesis I|g__Ruminococcus.s__Ruminococcus_sp_CAG_488	17.0551653812
UDPNAGSYN-PWY: UDP-N-acetyl-D-glucosamine biosynthesis I|g__Coprococcus.s__Coprococcus_eutactus	14.8397123956
UDPNAGSYN-PWY: UDP-N-acetyl-D-glucosamine biosynthesis I|g__Phascolarctobacterium.s__Phascolarctobacterium_succinatutens	13.4821061234
UDPNAGSYN-PWY: UDP-N-acetyl-D-glucosamine biosynthesis I|g__Senegalimassilia.s__Senegalimassilia_anaerobia	11.2626661676
UDPNAGSYN-PWY: UDP-N-acetyl-D-glucosamine biosynthesis I|g__Firmicutes_unclassified.s__Firmicutes_bacterium_CAG_129	9.6761441135
PWY-7357: thiamine phosphate formation from pyrithiamine and oxythiamine (yeast)	555.9139884411
PWY-7357: thiamine phosphate formation from pyrithiamine and oxythiamine (yeast)|g__Faecalibacterium.s__Faecalibacterium_prausnitzii	81.5953272869
PWY-7357: thiamine phosphate formation from pyrithiamine and oxythiamine (yeast)|g__Blautia.s__Blautia_sp_AF19_10LB	72.0379146919
PWY-7357: thiamine phosphate formation from pyrithiamine and oxythiamine (yeast)|unclassified	51.1583434011
PWY-7357: thiamine phosphate formation from pyrithiamine and oxythiamine (yeast)|g__Collinsella.s__Collinsella_aerofaciens	40.3377458020
PWY-7357: thiamine phosphate formation from pyrithiamine and oxythiamine (yeast)|g__Anaerostipes.s__Anaerostipes_hadrus	31.4799370580
PWY-7357: thiamine phosphate formation from pyrithiamine and oxythiamine (yeast)|g__Blautia.s__Blautia_obeum	19.3103042173
PWY-7357: thiamine phosphate formation from pyrithiamine and oxythiamine (yeast)|g__Roseburia.s__Roseburia_faecis	12.1051636089
PWY-7357: thiamine phosphate formation from pyrithiamine and oxythiamine (yeast)|g__Prevotella.s__Prevotella_copri	11.7130307467
PWY-7357: thiamine phosphate formation from pyrithiamine and oxythiamine (yeast)|g__Bacteroides.s__Bacteroides_uniformis	8.8867729906
PWY-7357: thiamine phosphate formation from pyrithiamine and oxythiamine (yeast)|g__Dorea.s__Dorea_longicatena	7.9030558483
PWY-7357: thiamine phosphate formation from pyrithiamine and oxythiamine (yeast)|g__Phascolarctobacterium.s__Phascolarctobacterium_succinatutens	7.3540568295
PWY-7357: thiamine phosphate formation from pyrithiamine and oxythiamine (yeast)|g__Blautia.s__Blautia_wexlerae	3.6098533994
PWY-6823: molybdopterin biosynthesis	550.2792075377
PWY-6823: molybdopterin biosynthesis|g__Faecalibacterium.s__Faecalibacterium_prausnitzii	132.9406275700
PWY-6823: molybdopterin biosynthesis|unclassified	90.7020275747
PWY-6823: molybdopterin biosynthesis|g__Blautia.s__Blautia_sp_AF19_10LB	70.9812108559
PWY-6823: molybdopterin biosynthesis|g__Clostridium.s__Clostridium_sp_CAG_349	43.7201037014
PWY-6823: molybdopterin biosynthesis|g__Blautia.s__Blautia_obeum	36.8548294255
PWY-6823: molybdopterin biosynthesis|g__Anaerostipes.s__Anaerostipes_hadrus	19.8822097516
PWY-6823: molybdopterin biosynthesis|g__Methanobrevibacter.s__Methanobrevibacter_smithii	13.9930034983
PWY-6823: molybdopterin biosynthesis|g__Blautia.s__Blautia_sp	13.9275766017
PWY-6823: molybdopterin biosynthesis|g__Blautia.s__Blautia_wexlerae	9.4284030642
PWY-6823: molybdopterin biosynthesis|g__Eubacterium.s__Eubacterium_hallii	8.7193460490
PWY-6823: molybdopterin biosynthesis|g__Roseburia.s__Roseburia_faecis	6.6500415628
PWY-6823: molybdopterin biosynthesis|g__Oscillibacter.s__Oscillibacter_sp_57_20	6.1728395062
GLUCOSE1PMETAB-PWY: glucose and glucose-1-phosphate degradation	548.9666186353
GLUCOSE1PMETAB-PWY: glucose and glucose-1-phosphate degradation|unclassified	69.0358157683
RIBOSYN2-PWY: flavin biosynthesis I (bacteria and plants)	546.8871058426
RIBOSYN2-PWY: flavin biosynthesis I (bacteria and plants)|g__Faecalibacterium.s__Faecalibacterium_prausnitzii	73.1353160971
RIBOSYN2-PWY: flavin biosynthesis I (bacteria and plants)|unclassified	73.0731459180
RIBOSYN2-PWY: flavin biosynthesis I (bacteria and plants)|g__Anaerostipes.s__Anaerostipes_hadrus	23.0125832062
RIBOSYN2-PWY: flavin biosynthesis I (bacteria and plants)|g__Bacteroides.s__Bacteroides_vulgatus	16.1050295698
RIBOSYN2-PWY: flavin biosynthesis I (bacteria and plants)|g__Eubacterium.s__Eubacterium_eligens	15.8342947012
RIBOSYN2-PWY: flavin biosynthesis I (bacteria and plants)|g__Phascolarctobacterium.s__Phascolarctobacterium_succinatutens	12.2849571597
RIBOSYN2-PWY: flavin biosynthesis I (bacteria and plants)|g__Blautia.s__Blautia_obeum	8.0657525554
PWY-841: superpathway of purine nucleotides de novo biosynthesis I	533.7394328427
PWY-841: superpathway of purine nucleotides de novo biosynthesis I|unclassified	59.2934718634
PWY0-1586: peptidoglycan maturation (meso-diaminopimelate containing)	531.9717958266
PWY0-1586: peptidoglycan maturation (meso-diaminopimelate containing)|g__Bifidobacterium.s__Bifidobacterium_pseudocatenulatum	64.6015634688
PWY0-1586: peptidoglycan maturation (meso-diaminopimelate containing)|g__Succinatimonas.s__Succinatimonas_sp_CAG_777	35.5972813065
PWY0-1586: peptidoglycan maturation (meso-diaminopimelate containing)|unclassified	30.9756508049
PWY0-1586: peptidoglycan maturation (meso-diaminopimelate containing)|g__Anaerostipes.s__Anaerostipes_hadrus	28.0408442494
PWY0-1586: peptidoglycan maturation (meso-diaminopimelate containing)|g__Eubacterium.s__Eubacterium_hallii	18.5299860302
PWY0-1586: peptidoglycan maturation (meso-diaminopimelate containing)|g__Collinsella.s__Collinsella_aerofaciens	18.1907571288
PWY0-1586: peptidoglycan maturation (meso-diaminopimelate containing)|g__Bacteroides.s__Bacteroides_vulgatus	11.5008625647
PWY0-1586: peptidoglycan maturation (meso-diaminopimelate containing)|g__Escherichia.s__Escherichia_coli	11.2612413147
PWY0-1586: peptidoglycan maturation (meso-diaminopimelate containing)|g__Prevotella.s__Prevotella_copri	9.3994056258
PWY0-1586: peptidoglycan maturation (meso-diaminopimelate containing)|g__Blautia.s__Ruminococcus_torques	5.6140350877
PWY0-1586: peptidoglycan maturation (meso-diaminopimelate containing)|g__Bacteroides.s__Bacteroides_dorei	2.2579734688
THRESYN-PWY: superpathway of L-threonine biosynthesis	522.2418677222
THRESYN-PWY: superpathway of L-threonine biosynthesis|unclassified	134.0784132943
THRESYN-PWY: superpathway of L-threonine biosynthesis|g__Bifidobacterium.s__Bifidobacterium_pseudocatenulatum	41.7405321568
THRESYN-PWY: superpathway of L-threonine biosynthesis|g__Faecalibacterium.s__Faecalibacterium_prausnitzii	37.9979827842
THRESYN-PWY: superpathway of L-threonine biosynthesis|g__Collinsella.s__Collinsella_aerofaciens	32.8224969842
THRESYN-PWY: superpathway of L-threonine biosynthesis|g__Anaerostipes.s__Anaerostipes_hadrus	15.3679081062
THRESYN-PWY: superpathway of L-threonine biosynthesis|g__Bacteroides.s__Bacteroides_vulgatus	10.2465949463
THRESYN-PWY: superpathway of L-threonine biosynthesis|g__Eubacterium.s__Eubacterium_hallii	8.4695141794
THRESYN-PWY: superpathway of L-threonine biosynthesis|g__Phascolarctobacterium.s__Phascolarctobacterium_succinatutens	8.2128054006
THRESYN-PWY: superpathway of L-threonine biosynthesis|g__Bacteroides.s__Bacteroides_uniformis	5.7752077642
THRESYN-PWY: superpathway of L-threonine biosynthesis|g__Blautia.s__Blautia_obeum	3.6217520421
THRESYN-PWY: superpathway of L-threonine biosynthesis|g__Bacteroides.s__Bacteroides_dorei	0.9487182958
TRPSYN-PWY: L-tryptophan biosynthesis	521.6334420885
TRPSYN-PWY: L-tryptophan biosynthesis|g__Blautia.s__Blautia_sp_AF19_10LB	76.2052831671
TRPSYN-PWY: L-tryptophan biosynthesis|g__Blautia.s__Blautia_obeum	54.2549981350
TRPSYN-PWY: L-tryptophan biosynthesis|unclassified	51.2336054557
TRPSYN-PWY: L-tryptophan biosynthesis|g__Bifidobacterium.s__Bifidobacterium_pseudocatenulatum	38.9865820785
TRPSYN-PWY: L-tryptophan biosynthesis|g__Anaerostipes.s__Anaerostipes_hadrus	31.3997388218
TRPSYN-PWY: L-tryptophan biosynthesis|g__Fusicatenibacter.s__Fusicatenibacter_saccharivorans	17.4374462847
TRPSYN-PWY: L-tryptophan biosynthesis|g__Eubacterium.s__Eubacterium_eligens	15.1553376888
TRPSYN-PWY: L-tryptophan biosynthesis|g__Ruminococcus.s__Ruminococcus_bromii	8.6803397408
TRPSYN-PWY: L-tryptophan biosynthesis|g__Blautia.s__Blautia_wexlerae	7.3579268156
PYRIDNUCSYN-PWY: NAD de novo biosynthesis I (from aspartate)	520.2044379961
PYRIDNUCSYN-PWY: NAD de novo biosynthesis I (from aspartate)|unclassified	54.6212345839
PYRIDNUCSYN-PWY: NAD de novo biosynthesis I (from aspartate)|g__Anaerostipes.s__Anaerostipes_hadrus	22.7862301059
PYRIDNUCSYN-PWY: NAD de novo biosynthesis I (from aspartate)|g__Bacteroides.s__Bacteroides_vulgatus	19.8607422535
PYRIDNUCSYN-PWY: NAD de novo biosynthesis I (from aspartate)|g__Coprococcus.s__Coprococcus_eutactus	14.6152611756
PYRIDNUCSYN-PWY: NAD de novo biosynthesis I (from aspartate)|g__Blautia.s__Blautia_obeum	4.9931743662
PANTO-PWY: phosphopantothenate biosynthesis I	510.6969959385
PANTO-PWY: phosphopantothenate biosynthesis I|unclassified	106.5883854173
PANTO-PWY: phosphopantothenate biosynthesis I|g__Anaerostipes.s__Anaerostipes_hadrus	35.0753615986
PANTO-PWY: phosphopantothenate biosynthesis I|g__Succinatimonas.s__Succinatimonas_sp_CAG_777	32.9906490677
PANTO-PWY: phosphopantothenate biosynthesis I|g__Bacteroides.s__Bacteroides_vulgatus	20.5617188976
PANTO-PWY: phosphopantothenate biosynthesis I|g__Blautia.s__Blautia_obeum	13.8055478093
PANTO-PWY: phosphopantothenate biosynthesis I|g__Dorea.s__Dorea_longicatena	11.9708889745
PANTO-PWY: phosphopantothenate biosynthesis I|g__Roseburia.s__Roseburia_faecis	10.9126111338
PANTO-PWY: phosphopantothenate biosynthesis I|g__Bacteroides.s__Bacteroides_uniformis	10.8636610538
PANTO-PWY: phosphopantothenate biosynthesis I|g__Senegalimassilia.s__Senegalimassilia_anaerobia	10.6025337206
PANTO-PWY: phosphopantothenate biosynthesis I|g__Phascolarctobacterium.s__Phascolarctobacterium_succinatutens	9.7455709860
PANTO-PWY: phosphopantothenate biosynthesis I|g__Eubacterium.s__Eubacterium_hallii	8.4844628274
PANTO-PWY: phosphopantothenate biosynthesis I|g__Firmicutes_unclassified.s__Firmicutes_bacterium_CAG_114	7.0091847503
PANTO-PWY: phosphopantothenate biosynthesis I|g__Parabacteroides.s__Parabacteroides_merdae	3.8624951719
PANTO-PWY: phosphopantothenate biosynthesis I|g__Parabacteroides.s__Parabacteroides_johnsonii	3.6644418270
PANTO-PWY: phosphopantothenate biosynthesis I|g__Blautia.s__Blautia_sp	2.8717948718
PANTO-PWY: phosphopantothenate biosynthesis I|g__Bacteroides.s__Bacteroides_caccae	2.4192572880
PANTO-PWY: phosphopantothenate biosynthesis I|g__Bacteroides.s__Bacteroides_cellulosilyticus	1.3860013860
PWY-6126: superpathway of adenosine nucleotides de novo biosynthesis II	492.2299033400
PWY-6126: superpathway of adenosine nucleotides de novo biosynthesis II|unclassified	49.5783002670
PWY-6126: superpathway of adenosine nucleotides de novo biosynthesis II|g__Prevotella.s__Prevotella_sp_CAG_520	21.7707444592
PWY-6126: superpathway of adenosine nucleotides de novo biosynthesis II|g__Bacteroides.s__Bacteroides_caccae	2.1294474446
P41-PWY: pyruvate fermentation to acetate and (S)-lactate I	491.2447337681
P41-PWY: pyruvate fermentation to acetate and (S)-lactate I|unclassified	103.7156091850
P41-PWY: pyruvate fermentation to acetate and (S)-lactate I|g__Collinsella.s__Collinsella_aerofaciens	43.4451901845
P41-PWY: pyruvate fermentation to acetate and (S)-lactate I|g__Bifidobacterium.s__Bifidobacterium_pseudocatenulatum	35.3974432710
P41-PWY: pyruvate fermentation to acetate and (S)-lactate I|g__Anaerostipes.s__Anaerostipes_hadrus	29.4309634202
P41-PWY: pyruvate fermentation to acetate and (S)-lactate I|g__Blautia.s__Blautia_obeum	26.8024374310
P41-PWY: pyruvate fermentation to acetate and (S)-lactate I|g__Blautia.s__Blautia_sp_AF19_10LB	25.6062660039
P41-PWY: pyruvate fermentation to acetate and (S)-lactate I|g__Coprococcus.s__Coprococcus_eutactus	17.3800510331
P41-PWY: pyruvate fermentation to acetate and (S)-lactate I|g__Eubacterium.s__Eubacterium_hallii	14.7420274439
P41-PWY: pyruvate fermentation to acetate and (S)-lactate I|g__Fusicatenibacter.s__Fusicatenibacter_saccharivorans	13.8521596776
P41-PWY: pyruvate fermentation to acetate and (S)-lactate I|g__Blautia.s__Blautia_sp	10.4622052834
P41-PWY: pyruvate fermentation to acetate and (S)-lactate I|g__Roseburia.s__Roseburia_faecis	8.1813533322
P41-PWY: pyruvate fermentation to acetate and (S)-lactate I|g__Blautia.s__Blautia_wexlerae	2.9105726552
PWY-5100: pyruvate fermentation to acetate and lactate II	491.2447337681
PWY-5100: pyruvate fermentation to acetate and lactate II|unclassified	103.7156091850
PWY-5100: pyruvate fermentation to acetate and lactate II|g__Collinsella.s__Collinsella_aerofaciens	43.4451901845
PWY-5100: pyruvate fermentation to acetate and lactate II|g__Bifidobacterium.s__Bifidobacterium_pseudocatenulatum	35.3974432710
PWY-5100: pyruvate fermentation to acetate and lactate II|g__Anaerostipes.s__Anaerostipes_hadrus	29.4309634202
PWY-5100: pyruvate fermentation to acetate and lactate II|g__Blautia.s__Blautia_obeum	26.8024374310
PWY-5100: pyruvate fermentation to acetate and lactate II|g__Blautia.s__Blautia_sp_AF19_10LB	25.6062660039
PWY-5100: pyruvate fermentation to acetate and lactate II|g__Coprococcus.s__Coprococcus_eutactus	24.4926935553
PWY-5100: pyruvate fermentation to acetate and lactate II|g__Eubacterium.s__Eubacterium_hallii	23.8230136073
PWY-5100: pyruvate fermentation to acetate and lactate II|g__Fusicatenibacter.s__Fusicatenibacter_saccharivorans	13.8521596776
PWY-5100: pyruvate fermentation to acetate and lactate II|g__Blautia.s__Blautia_sp	10.4622052834
PWY-5100: pyruvate fermentation to acetate and lactate II|g__Roseburia.s__Roseburia_faecis	8.1813533322
PWY-5100: pyruvate fermentation to acetate and lactate II|g__Blautia.s__Blautia_wexlerae	2.9105726552
HSERMETANA-PWY: L-methionine biosynthesis III	467.3573861913
HSERMETANA-PWY: L-methionine biosynthesis III|unclassified	92.0983457687
HSERMETANA-PWY: L-methionine biosynthesis III|g__Anaerostipes.s__Anaerostipes_hadrus	24.8020795686
HSERMETANA-PWY: L-methionine biosynthesis III|g__Coprococcus.s__Coprococcus_eutactus	17.5555927102
HSERMETANA-PWY: L-methionine biosynthesis III|g__Eubacterium.s__Eubacterium_eligens	13.1556466769
HSERMETANA-PWY: L-methionine biosynthesis III|g__Dorea.s__Dorea_longicatena	10.9090329438
HSERMETANA-PWY: L-methionine biosynthesis III|g__Roseburia.s__Roseburia_faecis	9.3186995237
HSERMETANA-PWY: L-methionine biosynthesis III|g__Blautia.s__Blautia_obeum	8.2065584958
HSERMETANA-PWY: L-methionine biosynthesis III|g__Blautia.s__Blautia_sp	7.6511094109
PWY-6527: stachyose degradation	456.6953035722
PWY-6527: stachyose degradation|unclassified	43.1813153806
PWY-6527: stachyose degradation|g__Faecalibacterium.s__Faecalibacterium_prausnitzii	34.0113956755
PWY-6527: stachyose degradation|g__Fusicatenibacter.s__Fusicatenibacter_saccharivorans	23.9274426076
PWY-6527: stachyose degradation|g__Blautia.s__Blautia_obeum	22.9060839792
PWY-6527: stachyose degradation|g__Coprococcus.s__Coprococcus_eutactus	21.7670998699
PWY-6527: stachyose degradation|g__Blautia.s__Blautia_wexlerae	12.1671155046
PWY-6527: stachyose degradation|g__Clostridiales_unclassified.s__Clostridiales_bacterium_KLE1615	9.2353351791
PWY-6527: stachyose degradation|g__Firmicutes_unclassified.s__Firmicutes_bacterium_CAG_65_45_313	7.3096446701
PWY-6527: stachyose degradation|g__Dorea.s__Dorea_longicatena	3.7292173823
PWY-5973: cis-vaccenate biosynthesis	440.1892101443
PWY-5973: cis-vaccenate biosynthesis|g__Bacteroides.s__Bacteroides_uniformis	12.3790070146
PWY-5973: cis-vaccenate biosynthesis|unclassified	11.7483021771
PWY-5973: cis-vaccenate biosynthesis|g__Parabacteroides.s__Parabacteroides_distasonis	3.4928396787
PWY-5973: cis-vaccenate biosynthesis|g__Bacteroides.s__Bacteroides_caccae	3.2921810700
PWY-5973: cis-vaccenate biosynthesis|g__Parabacteroides.s__Parabacteroides_merdae	2.9294014256
PWY-5973: cis-vaccenate biosynthesis|g__Parabacteroides.s__Parabacteroides_johnsonii	2.8412319582
PWY-5973: cis-vaccenate biosynthesis|g__Bacteroides.s__Bacteroides_eggerthii	2.4603272235
PWY-7228: superpathway of guanosine nucleotides de novo biosynthesis I	424.5719983229
PWY-7228: superpathway of guanosine nucleotides de novo biosynthesis I|unclassified	42.1459002636
PWY-7228: superpathway of guanosine nucleotides de novo biosynthesis I|g__Collinsella.s__Collinsella_aerofaciens	41.2265075670
PWY-7228: superpathway of guanosine nucleotides de novo biosynthesis I|g__Prevotella.s__Prevotella_sp_CAG_520	29.5448951770
PWY-7228: superpathway of guanosine nucleotides de novo biosynthesis I|g__Bacteroides.s__Bacteroides_vulgatus	25.0460273433
PWY-7228: superpathway of guanosine nucleotides de novo biosynthesis I|g__Bacteroides.s__Bacteroides_caccae	4.6335381679
PWY-6892: thiazole component of thiamine diphosphate biosynthesis I	421.2231913729
PWY-6892: thiazole component of thiamine diphosphate biosynthesis I|g__Blautia.s__Blautia_obeum	46.5135738881
PWY-6892: thiazole component of thiamine diphosphate biosynthesis I|g__Blautia.s__Blautia_sp_AF19_10LB	43.8442137735
PWY-6892: thiazole component of thiamine diphosphate biosynthesis I|g__Anaerostipes.s__Anaerostipes_hadrus	27.7401363169
PWY-6892: thiazole component of thiamine diphosphate biosynthesis I|unclassified	25.9907819221
PWY-6892: thiazole component of thiamine diphosphate biosynthesis I|g__Bacteroides.s__Bacteroides_uniformis	12.2286113098
PWY-6892: thiazole component of thiamine diphosphate biosynthesis I|g__Eubacterium.s__Eubacterium_eligens	11.8333873895
PWY-6892: thiazole component of thiamine diphosphate biosynthesis I|g__Blautia.s__Blautia_wexlerae	11.4270815186
PWY-6892: thiazole component of thiamine diphosphate biosynthesis I|g__Blautia.s__Blautia_sp	7.6826433179
PWY0-162: superpathway of pyrimidine ribonucleotides de novo biosynthesis	401.4853717171
PWY0-162: superpathway of pyrimidine ribonucleotides de novo biosynthesis|unclassified	52.5526706213
PWY-6628: superpathway of L-phenylalanine biosynthesis	400.5901305459
PWY-6628: superpathway of L-phenylalanine biosynthesis|unclassified	57.0561608174
PWY-6628: superpathway of L-phenylalanine biosynthesis|g__Bifidobacterium.s__Bifidobacterium_pseudocatenulatum	45.6321598865
PHOSLIPSYN-PWY: superpathway of phospholipid biosynthesis I (bacteria)	396.2296789041
PHOSLIPSYN-PWY: superpathway of phospholipid biosynthesis I (bacteria)|unclassified	44.2715075268
PHOSLIPSYN-PWY: superpathway of phospholipid biosynthesis I (bacteria)|g__Fusicatenibacter.s__Fusicatenibacter_saccharivorans	22.0220542502
PWY-6936: seleno-amino acid biosynthesis (plants)	392.1083918782
PWY-6936: seleno-amino acid biosynthesis (plants)|g__Anaerostipes.s__Anaerostipes_hadrus	54.2210076120
PWY-6936: seleno-amino acid biosynthesis (plants)|unclassified	53.6810135082
PWY-6936: seleno-amino acid biosynthesis (plants)|g__Coprococcus.s__Coprococcus_eutactus	17.9373400552
PWY-6936: seleno-amino acid biosynthesis (plants)|g__Eubacterium.s__Eubacterium_eligens	17.1091459205
PWY-7663: gondoate biosynthesis (anaerobic)	389.1721051506
PWY-7663: gondoate biosynthesis (anaerobic)|unclassified	34.6561432430
PWY-7663: gondoate biosynthesis (anaerobic)|g__Bacteroides.s__Bacteroides_uniformis	11.6988924731
PWY-7663: gondoate biosynthesis (anaerobic)|g__Bacteroides.s__Bacteroides_vulgatus	11.2711315815
PWY-7663: gondoate biosynthesis (anaerobic)|g__Parabacteroides.s__Parabacteroides_distasonis	3.4707158351
PWY-7663: gondoate biosynthesis (anaerobic)|g__Bacteroides.s__Bacteroides_caccae	3.2245062475
PWY-7663: gondoate biosynthesis (anaerobic)|g__Parabacteroides.s__Parabacteroides_merdae	2.5521054870
PWY-7663: gondoate biosynthesis (anaerobic)|g__Parabacteroides.s__Parabacteroides_johnsonii	2.5416190113
PWY-7663: gondoate biosynthesis (anaerobic)|g__Bacteroides.s__Bacteroides_eggerthii	2.2805017104
PWY-7663: gondoate biosynthesis (anaerobic)|g__Parabacteroides.s__Parabacteroides_goldsteinii	1.2102874433
PWY-6125: superpathway of guanosine nucleotides de novo biosynthesis II	370.9056344155
PWY-6125: superpathway of guanosine nucleotides de novo biosynthesis II|unclassified	35.4019258611
PWY-6125: superpathway of guanosine nucleotides de novo biosynthesis II|g__Prevotella.s__Prevotella_sp_CAG_520	27.0248175529
PWY-6125: superpathway of guanosine nucleotides de novo biosynthesis II|g__Bacteroides.s__Bacteroides_vulgatus	23.5530196758
THISYN-PWY: superpathway of thiamine diphosphate biosynthesis I	364.8837047584
THISYN-PWY: superpathway of thiamine diphosphate biosynthesis I|unclassified	37.2751529561
THISYN-PWY: superpathway of thiamine diphosphate biosynthesis I|g__Bacteroides.s__Bacteroides_uniformis	10.3024764539
GLUCONEO-PWY: gluconeogenesis I	363.3771542773
GLUCONEO-PWY: gluconeogenesis I|unclassified	47.9061497499
PWY-7400: L-arginine biosynthesis IV (archaebacteria)	359.8164587385
ANAEROFRUCAT-PWY: homolactic fermentation	358.3514019117
ANAEROFRUCAT-PWY: homolactic fermentation|unclassified	72.2196461509
PWY-7208: superpathway of pyrimidine nucleobases salvage	357.8304565082
PWY-7208: superpathway of pyrimidine nucleobases salvage|unclassified	52.0401196504
PWY-7208: superpathway of pyrimidine nucleobases salvage|g__Collinsella.s__Collinsella_aerofaciens	13.8827151234
PWY-7208: superpathway of pyrimidine nucleobases salvage|g__Blautia.s__Blautia_obeum	8.0575580367
PWY-7208: superpathway of pyrimidine nucleobases salvage|g__Senegalimassilia.s__Senegalimassilia_anaerobia	7.9221762684
PWY-7208: superpathway of pyrimidine nucleobases salvage|g__Blautia.s__Blautia_sp	3.0136691422
GLYCOLYSIS: glycolysis I (from glucose 6-phosphate)	354.6481568355
GLYCOLYSIS: glycolysis I (from glucose 6-phosphate)|unclassified	131.2604161618
PWY-6897: thiamine diphosphate salvage II	348.8811586830
PWY-6897: thiamine diphosphate salvage II|g__Blautia.s__Blautia_sp_AF19_10LB	60.7218647751
PWY-6897: thiamine diphosphate salvage II|g__Faecalibacterium.s__Faecalibacterium_prausnitzii	57.1058861089
PWY-6897: thiamine diphosphate salvage II|unclassified	35.9967858963
PWY-6897: thiamine diphosphate salvage II|g__Prevotella.s__Prevotella_copri	12.3949869164
PWY-6897: thiamine diphosphate salvage II|g__Bacteroides.s__Bacteroides_uniformis	9.6286107290
ASPASN-PWY: superpathway of L-aspartate and L-asparagine biosynthesis	346.3948032239
ASPASN-PWY: superpathway of L-aspartate and L-asparagine biosynthesis|unclassified	88.2051440710
ASPASN-PWY: superpathway of L-aspartate and L-asparagine biosynthesis|g__Bacteroides.s__Bacteroides_vulgatus	25.8329677839
ASPASN-PWY: superpathway of L-aspartate and L-asparagine biosynthesis|g__Prevotella.s__Prevotella_sp_AM42_24	5.3181202862
ASPASN-PWY: superpathway of L-aspartate and L-asparagine biosynthesis|g__Blautia.s__Blautia_wexlerae	4.4543429844
ASPASN-PWY: superpathway of L-aspartate and L-asparagine biosynthesis|g__Bacteroides.s__Bacteroides_uniformis	4.1715650954
ASPASN-PWY: superpathway of L-aspartate and L-asparagine biosynthesis|g__Blautia.s__Blautia_obeum	3.9836304383
ASPASN-PWY: superpathway of L-aspartate and L-asparagine biosynthesis|g__Bacteroides.s__Bacteroides_massiliensis	2.4847807181
ASPASN-PWY: superpathway of L-aspartate and L-asparagine biosynthesis|g__Bacteroides.s__Bacteroides_dorei	1.6362782451
PWY-6703: preQ0 biosynthesis	345.7884158264
PWY-6703: preQ0 biosynthesis|unclassified	56.5891477517
PWY-6703: preQ0 biosynthesis|g__Eubacterium.s__Eubacterium_eligens	31.7262223787
PWY-6703: preQ0 biosynthesis|g__Succinatimonas.s__Succinatimonas_sp_CAG_777	27.9412993898
PWY-6703: preQ0 biosynthesis|g__Prevotella.s__Prevotella_sp_CAG_386	21.9964386718
PWY-6703: preQ0 biosynthesis|g__Anaerostipes.s__Anaerostipes_hadrus	21.4838317401
PWY-6703: preQ0 biosynthesis|g__Blautia.s__Blautia_obeum	21.0556539216
PWY-6703: preQ0 biosynthesis|g__Blautia.s__Blautia_sp	18.1401978145
PWY-6703: preQ0 biosynthesis|g__Bacteroides.s__Bacteroides_vulgatus	14.6340536329
PWY-6703: preQ0 biosynthesis|g__Coprococcus.s__Coprococcus_eutactus	10.0334448161
PWY66-409: superpathway of purine nucleotide salvage	341.6188161061
PWY66-409: superpathway of purine nucleotide salvage|unclassified	34.7606917349
THISYNARA-PWY: superpathway of thiamine diphosphate biosynthesis III (eukaryotes)	339.4599859784
THISYNARA-PWY: superpathway of thiamine diphosphate biosynthesis III (eukaryotes)|g__Blautia.s__Blautia_sp_AF19_10LB	64.7249718440
THISYNARA-PWY: superpathway of thiamine diphosphate biosynthesis III (eukaryotes)|g__Faecalibacterium.s__Faecalibacterium_prausnitzii	59.2119445157
THISYNARA-PWY: superpathway of thiamine diphosphate biosynthesis III (eukaryotes)|unclassified	30.3421248092
THISYNARA-PWY: superpathway of thiamine diphosphate biosynthesis III (eukaryotes)|g__Bacteroides.s__Bacteroides_uniformis	10.4369246726
THISYNARA-PWY: superpathway of thiamine diphosphate biosynthesis III (eukaryotes)|g__Roseburia.s__Roseburia_faecis	10.3773366380
COBALSYN-PWY: superpathway of adenosylcobalamin salvage from cobinamide I	336.8001449507
COBALSYN-PWY: superpathway of adenosylcobalamin salvage from cobinamide I|unclassified	68.1374259384
COBALSYN-PWY: superpathway of adenosylcobalamin salvage from cobinamide I|g__Faecalibacterium.s__Faecalibacterium_prausnitzii	57.3915115672
COBALSYN-PWY: superpathway of adenosylcobalamin salvage from cobinamide I|g__Collinsella.s__Collinsella_aerofaciens	9.7917561437
COBALSYN-PWY: superpathway of adenosylcobalamin salvage from cobinamide I|g__Bacteroides.s__Bacteroides_uniformis	7.7045025572
PWY-5484: glycolysis II (from fructose 6-phosphate)	320.4111184753
PWY-5484: glycolysis II (from fructose 6-phosphate)|unclassified	108.6063024413
LACTOSECAT-PWY: lactose and galactose degradation I	309.0205122445
LACTOSECAT-PWY: lactose and galactose degradation I|g__Collinsella.s__Collinsella_aerofaciens	95.2986562958
LACTOSECAT-PWY: lactose and galactose degradation I|unclassified	26.3687083355
PWY-7761: NAD salvage pathway II (PNC IV cycle)	299.2670579230
PWY-7761: NAD salvage pathway II (PNC IV cycle)|unclassified	86.4075460798
PWY-8187: L-arginine degradation XIII (reductive Stickland reaction)	299.0235795551
PWY-8187: L-arginine degradation XIII (reductive Stickland reaction)|unclassified	183.8180283955
PWY4FS-7: phosphatidylglycerol biosynthesis I (plastidic)	295.6650333495
PWY4FS-7: phosphatidylglycerol biosynthesis I (plastidic)|unclassified	32.3757980305
PWY4FS-7: phosphatidylglycerol biosynthesis I (plastidic)|g__Fusicatenibacter.s__Fusicatenibacter_saccharivorans	20.6597254797
PWY4FS-8: phosphatidylglycerol biosynthesis II (non-plastidic)	295.6650333495
PWY4FS-8: phosphatidylglycerol biosynthesis II (non-plastidic)|unclassified	32.3757980305
PWY4FS-8: phosphatidylglycerol biosynthesis II (non-plastidic)|g__Fusicatenibacter.s__Fusicatenibacter_saccharivorans	20.6597254797
RHAMCAT-PWY: L-rhamnose degradation I	294.7359294744
RHAMCAT-PWY: L-rhamnose degradation I|unclassified	64.0396333141
RHAMCAT-PWY: L-rhamnose degradation I|g__Bacteroides.s__Bacteroides_vulgatus	25.3459831143
RHAMCAT-PWY: L-rhamnose degradation I|g__Eubacterium.s__Eubacterium_eligens	12.4591010633
RHAMCAT-PWY: L-rhamnose degradation I|g__Prevotella.s__Prevotella_sp_AM42_24	7.3506891271
PWY-6901: superpathway of glucose and xylose degradation	276.9765287401
PWY-6901: superpathway of glucose and xylose degradation|unclassified	36.2297972424
HISDEG-PWY: L-histidine degradation I	269.4937394573
HISDEG-PWY: L-histidine degradation I|unclassified	94.5925437588
HISDEG-PWY: L-histidine degradation I|g__Alistipes.s__Alistipes_sp_CAG_435	52.6575710238
HISDEG-PWY: L-histidine degradation I|g__Prevotella.s__Prevotella_sp_CAG_520	24.4054225875
HISDEG-PWY: L-histidine degradation I|g__Bacteroides.s__Bacteroides_vulgatus	20.2243838864
HISDEG-PWY: L-histidine degradation I|g__Firmicutes_unclassified.s__Firmicutes_bacterium_CAG_129	16.0841293674
HISDEG-PWY: L-histidine degradation I|g__Firmicutes_unclassified.s__Firmicutes_bacterium_CAG_124	13.3529504790
HISDEG-PWY: L-histidine degradation I|g__Bacteroides.s__Bacteroides_uniformis	8.1943839954
HISDEG-PWY: L-histidine degradation I|g__Clostridium.s__Clostridium_sp_CAG_226	6.8974166040
PWY-6147: 6-hydroxymethyl-dihydropterin diphosphate biosynthesis I	263.9590169527
PWY-6147: 6-hydroxymethyl-dihydropterin diphosphate biosynthesis I|unclassified	30.1315291422
PWY-6147: 6-hydroxymethyl-dihydropterin diphosphate biosynthesis I|g__Prevotella.s__Prevotella_copri	17.9363358628
PWY-6147: 6-hydroxymethyl-dihydropterin diphosphate biosynthesis I|g__Bacteroides.s__Bacteroides_vulgatus	13.6815920398
PWY-7220: adenosine deoxyribonucleotides de novo biosynthesis II	262.1933808328
PWY-7220: adenosine deoxyribonucleotides de novo biosynthesis II|g__Bacteroides.s__Bacteroides_vulgatus	26.4164895295
PWY-7220: adenosine deoxyribonucleotides de novo biosynthesis II|unclassified	23.6508646119
PWY-7220: adenosine deoxyribonucleotides de novo biosynthesis II|g__Prevotella.s__Prevotella_sp_CAG_520	22.3980205987
PWY-7220: adenosine deoxyribonucleotides de novo biosynthesis II|g__Parabacteroides.s__Parabacteroides_distasonis	3.8112522686
PWY-7220: adenosine deoxyribonucleotides de novo biosynthesis II|g__Bacteroides.s__Bacteroides_caccae	3.3167495854
PWY-7220: adenosine deoxyribonucleotides de novo biosynthesis II|g__Parabacteroides.s__Parabacteroides_johnsonii	2.6939655172
PWY-7220: adenosine deoxyribonucleotides de novo biosynthesis II|g__Bacteroides.s__Bacteroides_finegoldii	1.5698587127
PWY-7220: adenosine deoxyribonucleotides de novo biosynthesis II|g__Bacteroides.s__Bacteroides_intestinalis	1.4184397163
PWY-7222: guanosine deoxyribonucleotides de novo biosynthesis II	262.1933808328
PWY-7222: guanosine deoxyribonucleotides de novo biosynthesis II|g__Bacteroides.s__Bacteroides_vulgatus	26.4164895295
PWY-7222: guanosine deoxyribonucleotides de novo biosynthesis II|unclassified	23.6508646119
PWY-7222: guanosine deoxyribonucleotides de novo biosynthesis II|g__Prevotella.s__Prevotella_sp_CAG_520	22.3980205987
PWY-7222: guanosine deoxyribonucleotides de novo biosynthesis II|g__Parabacteroides.s__Parabacteroides_distasonis	3.8112522686
PWY-7222: guanosine deoxyribonucleotides de novo biosynthesis II|g__Bacteroides.s__Bacteroides_caccae	3.3167495854
PWY-7222: guanosine deoxyribonucleotides de novo biosynthesis II|g__Parabacteroides.s__Parabacteroides_johnsonii	2.6939655172
PWY-7222: guanosine deoxyribonucleotides de novo biosynthesis II|g__Bacteroides.s__Bacteroides_finegoldii	1.5698587127
PWY-7222: guanosine deoxyribonucleotides de novo biosynthesis II|g__Bacteroides.s__Bacteroides_intestinalis	1.4184397163
DAPLYSINESYN-PWY: L-lysine biosynthesis I	262.1799490904
DAPLYSINESYN-PWY: L-lysine biosynthesis I|g__Bifidobacterium.s__Bifidobacterium_pseudocatenulatum	54.0255277680
PWY-7237: myo-, chiro- and scyllo-inositol degradation	259.6088784266
PWY-7237: myo-, chiro- and scyllo-inositol degradation|unclassified	52.7889661819
PWY-7237: myo-, chiro- and scyllo-inositol degradation|g__Blautia.s__Blautia_sp	16.0000000000
PWY-7237: myo-, chiro- and scyllo-inositol degradation|g__Blautia.s__Blautia_obeum	14.5359477124
PWY-7197: pyrimidine deoxyribonucleotide phosphorylation	255.3164348103
PWY-7197: pyrimidine deoxyribonucleotide phosphorylation|g__Collinsella.s__Collinsella_aerofaciens	43.1821956486
PWY-7197: pyrimidine deoxyribonucleotide phosphorylation|g__Methanobrevibacter.s__Methanobrevibacter_smithii	23.6886632826
PWY-7197: pyrimidine deoxyribonucleotide phosphorylation|unclassified	23.2323929934
PWY-7197: pyrimidine deoxyribonucleotide phosphorylation|g__Phascolarctobacterium.s__Phascolarctobacterium_succinatutens	14.8242270224
PWY-7197: pyrimidine deoxyribonucleotide phosphorylation|g__Senegalimassilia.s__Senegalimassilia_anaerobia	8.0008910945
PWY-5188: tetrapyrrole biosynthesis I (from glutamate)	247.8806012148
PWY-5188: tetrapyrrole biosynthesis I (from glutamate)|g__Blautia.s__Blautia_sp_AF19_10LB	50.2667265711
PWY-5188: tetrapyrrole biosynthesis I (from glutamate)|g__Anaerostipes.s__Anaerostipes_hadrus	25.1080650633
PWY-5188: tetrapyrrole biosynthesis I (from glutamate)|g__Blautia.s__Blautia_obeum	15.6996990054
PWY-5188: tetrapyrrole biosynthesis I (from glutamate)|g__Eubacterium.s__Eubacterium_eligens	13.7155477139
PWY-5188: tetrapyrrole biosynthesis I (from glutamate)|g__Coprococcus.s__Coprococcus_eutactus	13.4003870114
PWY-5188: tetrapyrrole biosynthesis I (from glutamate)|g__Phascolarctobacterium.s__Phascolarctobacterium_succinatutens	10.7901876372
PWY-5188: tetrapyrrole biosynthesis I (from glutamate)|g__Blautia.s__Blautia_wexlerae	3.6958785355
METH-ACETATE-PWY: methanogenesis from acetate	245.5920296668
METH-ACETATE-PWY: methanogenesis from acetate|g__Blautia.s__Blautia_sp_AF19_10LB	47.9226678436
METH-ACETATE-PWY: methanogenesis from acetate|g__Fusicatenibacter.s__Fusicatenibacter_saccharivorans	12.8910095081
METH-ACETATE-PWY: methanogenesis from acetate|g__Blautia.s__Blautia_obeum	8.9592365136
METH-ACETATE-PWY: methanogenesis from acetate|g__Blautia.s__Blautia_wexlerae	5.2047305643
PWY-7234: inosine-5'-phosphate biosynthesis III	232.9907298671
PWY-7234: inosine-5'-phosphate biosynthesis III|g__Bifidobacterium.s__Bifidobacterium_pseudocatenulatum	36.4650110030
PWY-7383: anaerobic energy metabolism (invertebrates, cytosol)	232.2165572770
PWY-7383: anaerobic energy metabolism (invertebrates, cytosol)|unclassified	50.5316398098
PWY-2941: L-lysine biosynthesis II	230.0320252058
PWY66-399: gluconeogenesis III	220.0227428902
PWY66-399: gluconeogenesis III|unclassified	60.0698265982
PWY-6292: superpathway of L-cysteine biosynthesis (mammalian)	214.5044906700
PWY-6292: superpathway of L-cysteine biosynthesis (mammalian)|unclassified	39.5215734257
PWY0-1479: tRNA processing	212.7639151833
PWY-5659: GDP-mannose biosynthesis	210.3341413509
PWY-5659: GDP-mannose biosynthesis|unclassified	56.1211698550
PWY-5659: GDP-mannose biosynthesis|g__Faecalibacterium.s__Faecalibacterium_prausnitzii	19.0608538849
PWY-5659: GDP-mannose biosynthesis|g__Bacteroides.s__Bacteroides_vulgatus	14.0893392191
PWY-5659: GDP-mannose biosynthesis|g__Roseburia.s__Roseburia_faecis	6.0723367111
PENTOSE-P-PWY: pentose phosphate pathway	209.2632703730
PENTOSE-P-PWY: pentose phosphate pathway|unclassified	22.8972570338
PWY-5154: L-arginine biosynthesis III (via N-acetyl-L-citrulline)	207.5461730098
COLANSYN-PWY: colanic acid building blocks biosynthesis	205.1793140663
COLANSYN-PWY: colanic acid building blocks biosynthesis|unclassified	44.5075927605
COLANSYN-PWY: colanic acid building blocks biosynthesis|g__Faecalibacterium.s__Faecalibacterium_prausnitzii	12.9943897030
PWY-5121: superpathway of geranylgeranyl diphosphate biosynthesis II (via MEP)	200.2195338555
PWY-5121: superpathway of geranylgeranyl diphosphate biosynthesis II (via MEP)|g__Bacteroides.s__Bacteroides_vulgatus	20.5089117037
PWY-7345: superpathway of anaerobic sucrose degradation	200.1820234551
PWY-7345: superpathway of anaerobic sucrose degradation|unclassified	42.2910945939
PWY-7198: pyrimidine deoxyribonucleotides de novo biosynthesis IV	195.5089781110
PWY-7282: 4-amino-2-methyl-5-diphosphomethylpyrimidine biosynthesis II	194.3588276361
PWY-7282: 4-amino-2-methyl-5-diphosphomethylpyrimidine biosynthesis II|unclassified	28.5368919459
PWY-6353: purine nucleotides degradation II (aerobic)	190.7294010836
PWY-6353: purine nucleotides degradation II (aerobic)|unclassified	24.0784486131
PWY0-1297: superpathway of purine deoxyribonucleosides degradation	190.0967308253
PWY0-1297: superpathway of purine deoxyribonucleosides degradation|g__Blautia.s__Blautia_sp_AF19_10LB	82.9436007201
PWY0-1297: superpathway of purine deoxyribonucleosides degradation|unclassified	18.3006346569
FERMENTATION-PWY: mixed acid fermentation	184.7948511485
FERMENTATION-PWY: mixed acid fermentation|unclassified	64.4172793941
PWY-I9: L-cysteine biosynthesis VI (from L-methionine)	174.5397262449
PWY-I9: L-cysteine biosynthesis VI (from L-methionine)|g__Bifidobacterium.s__Bifidobacterium_pseudocatenulatum	33.6289950454
PWY-I9: L-cysteine biosynthesis VI (from L-methionine)|g__Anaerostipes.s__Anaerostipes_hadrus	30.1916116285
PWY-I9: L-cysteine biosynthesis VI (from L-methionine)|unclassified	10.3512642324
PWY-6608: guanosine nucleotides degradation III	174.1272358553
PWY-6608: guanosine nucleotides degradation III|unclassified	48.6040172105
PWY-6608: guanosine nucleotides degradation III|g__Faecalibacterium.s__Faecalibacterium_prausnitzii	37.3880664075
PWY-6608: guanosine nucleotides degradation III|g__Anaerostipes.s__Anaerostipes_hadrus	18.2788807741
PWY-7328: superpathway of UDP-glucose-derived O-antigen building blocks biosynthesis	166.8876468918
PWY-7328: superpathway of UDP-glucose-derived O-antigen building blocks biosynthesis|unclassified	41.5398106778
PWY-7356: thiamine diphosphate salvage IV (yeast)	163.2871055020
PWY-7356: thiamine diphosphate salvage IV (yeast)|unclassified	25.8015217351
PWY-7117: C4 photosynthetic carbon assimilation cycle, PEPCK type	162.6299529009
PWY-7117: C4 photosynthetic carbon assimilation cycle, PEPCK type|unclassified	9.7147418625
P461-PWY: hexitol fermentation to lactate, formate, ethanol and acetate	161.0295802039
P461-PWY: hexitol fermentation to lactate, formate, ethanol and acetate|g__Anaerostipes.s__Anaerostipes_hadrus	49.0341692032
P461-PWY: hexitol fermentation to lactate, formate, ethanol and acetate|unclassified	39.8442221535
PWY-241: C4 photosynthetic carbon assimilation cycle, NADP-ME type	159.1993475639
PWY-241: C4 photosynthetic carbon assimilation cycle, NADP-ME type|unclassified	6.6366171776
PWY-7456: &beta;-(1,4)-mannan degradation	153.6285595771
SALVADEHYPOX-PWY: adenosine nucleotides degradation II	151.8563585533
SALVADEHYPOX-PWY: adenosine nucleotides degradation II|unclassified	47.7139715283
SALVADEHYPOX-PWY: adenosine nucleotides degradation II|g__Faecalibacterium.s__Faecalibacterium_prausnitzii	34.5613632497
SALVADEHYPOX-PWY: adenosine nucleotides degradation II|g__Anaerostipes.s__Anaerostipes_hadrus	18.5398790705
FASYN-ELONG-PWY: fatty acid elongation -- saturated	150.6339647170
FASYN-ELONG-PWY: fatty acid elongation -- saturated|unclassified	14.9651105134
PWY-702: L-methionine biosynthesis II	150.4765067028
PWY-702: L-methionine biosynthesis II|g__Bifidobacterium.s__Bifidobacterium_pseudocatenulatum	50.5644710291
PWY-702: L-methionine biosynthesis II|unclassified	9.4080978445
GLYCOLYSIS-E-D: superpathway of glycolysis and the Entner-Doudoroff pathway	149.3896219746
GLYCOLYSIS-E-D: superpathway of glycolysis and the Entner-Doudoroff pathway|unclassified	22.5781559949
PWY-6630: superpathway of L-tyrosine biosynthesis	147.0700972129
PWY-6630: superpathway of L-tyrosine biosynthesis|unclassified	19.1342352829
PWY-1861: formaldehyde assimilation II (assimilatory RuMP Cycle)	145.2761849027
PWY-1861: formaldehyde assimilation II (assimilatory RuMP Cycle)|g__Anaerostipes.s__Anaerostipes_hadrus	35.0877710024
PWY-6895: superpathway of thiamine diphosphate biosynthesis II	141.5980341323
PWY-6895: superpathway of thiamine diphosphate biosynthesis II|unclassified	32.9501691621
PWY-6549: L-glutamine biosynthesis III	140.4672331535
PWY-6549: L-glutamine biosynthesis III|unclassified	45.9328986686
PWY-8004: Entner-Doudoroff pathway I	138.4648121523
PWY-8004: Entner-Doudoroff pathway I|unclassified	19.0479962831
PWY-7664: oleate biosynthesis IV (anaerobic)	138.1744119062
PWY-7664: oleate biosynthesis IV (anaerobic)|unclassified	13.7956008699
GLCMANNANAUT-PWY: superpathway of N-acetylglucosamine, N-acetylmannosamine and N-acetylneuraminate degradation	137.3606734032
GLCMANNANAUT-PWY: superpathway of N-acetylglucosamine, N-acetylmannosamine and N-acetylneuraminate degradation|g__Faecalibacterium.s__Faecalibacterium_prausnitzii	39.4402943425
GLCMANNANAUT-PWY: superpathway of N-acetylglucosamine, N-acetylmannosamine and N-acetylneuraminate degradation|unclassified	24.8233780166
BIOTIN-BIOSYNTHESIS-PWY: biotin biosynthesis I	134.7773353280
PWY-6731: starch degradation III	134.5209658431
PWY-6731: starch degradation III|unclassified	30.6631549686
PWY-6731: starch degradation III|g__Eubacterium.s__Eubacterium_hallii	15.7253903000
PWY-6731: starch degradation III|g__Blautia.s__Blautia_wexlerae	8.2666052595
PWY-6731: starch degradation III|g__Blautia.s__Blautia_obeum	6.8118092892
PWY-6731: starch degradation III|g__Bacteroides.s__Bacteroides_cellulosilyticus	0.7434038957
PWY-7315: dTDP-N-acetylthomosamine biosynthesis	133.0548337979
PWY-7315: dTDP-N-acetylthomosamine biosynthesis|g__Blautia.s__Blautia_sp_AF19_10LB	69.2355870934
PWY-7315: dTDP-N-acetylthomosamine biosynthesis|unclassified	20.2790758152
PWY-5505: L-glutamate and L-glutamine biosynthesis	131.2045669341
CITRULBIO-PWY: L-citrulline biosynthesis	131.0512817941
CITRULBIO-PWY: L-citrulline biosynthesis|unclassified	18.7937632692
PWY-6519: 8-amino-7-oxononanoate biosynthesis I	127.3760662568
PWY-6519: 8-amino-7-oxononanoate biosynthesis I|unclassified	11.7084995642
P124-PWY: Bifidobacterium shunt	125.1385470538
P124-PWY: Bifidobacterium shunt|g__Bifidobacterium.s__Bifidobacterium_pseudocatenulatum	48.9648568151
PWY0-862: (5Z)-dodecenoate biosynthesis I	124.4494466206
PWY0-862: (5Z)-dodecenoate biosynthesis I|unclassified	12.4937657743
PWY-6282: palmitoleate biosynthesis I (from (5Z)-dodec-5-enoate)	123.1681513856
PWY-6282: palmitoleate biosynthesis I (from (5Z)-dodec-5-enoate)|unclassified	12.2827745097
PWY-5989: stearate biosynthesis II (bacteria and plants)	121.4527128676
PWY-5989: stearate biosynthesis II (bacteria and plants)|unclassified	6.7868230092
PWY-5345: superpathway of L-methionine biosynthesis (by sulfhydrylation)	117.8343434803
PWY-5345: superpathway of L-methionine biosynthesis (by sulfhydrylation)|unclassified	42.7734506208
PWY-6470: peptidoglycan biosynthesis V (&beta;-lactam resistance)	117.4719986184
ARG+POLYAMINE-SYN: superpathway of arginine and polyamine biosynthesis	117.4122531944
POLYISOPRENSYN-PWY: polyisoprenoid biosynthesis (E. coli)	114.7172527852
PWY-5384: sucrose degradation IV (sucrose phosphorylase)	112.9773729081
PWY-5384: sucrose degradation IV (sucrose phosphorylase)|g__Bifidobacterium.s__Bifidobacterium_pseudocatenulatum	57.3224899864
PWY-5384: sucrose degradation IV (sucrose phosphorylase)|g__Anaerostipes.s__Anaerostipes_hadrus	22.5247346679
PWY-5384: sucrose degradation IV (sucrose phosphorylase)|unclassified	16.3813035509
PWY-5384: sucrose degradation IV (sucrose phosphorylase)|g__Roseburia.s__Roseburia_faecis	5.8543724844
PWY-7242: D-fructuronate degradation	112.4681132509
PWY-7242: D-fructuronate degradation|g__Faecalibacterium.s__Faecalibacterium_prausnitzii	54.2111118718
PWY-7242: D-fructuronate degradation|unclassified	12.1008727521
PWY-622: starch biosynthesis	111.9785053113
PWY-6969: TCA cycle V (2-oxoglutarate synthase)	111.9602155334
PWY-6969: TCA cycle V (2-oxoglutarate synthase)|unclassified	38.7411945920
PWY-1269: CMP-3-deoxy-D-manno-octulosonate biosynthesis	111.3450915584
PWY-1269: CMP-3-deoxy-D-manno-octulosonate biosynthesis|g__Succinatimonas.s__Succinatimonas_sp_CAG_777	33.0704832042
PWY-1269: CMP-3-deoxy-D-manno-octulosonate biosynthesis|unclassified	29.3749654284
PWY-1269: CMP-3-deoxy-D-manno-octulosonate biosynthesis|g__Prevotella.s__Prevotella_copri	12.2278957270
PWY-1269: CMP-3-deoxy-D-manno-octulosonate biosynthesis|g__Bacteroides.s__Bacteroides_uniformis	4.5506257110
PWY-1269: CMP-3-deoxy-D-manno-octulosonate biosynthesis|g__Prevotella.s__Prevotella_sp_AM42_24	2.2494025025
PWY-7323: superpathway of GDP-mannose-derived O-antigen building blocks biosynthesis	111.0108838797
PWY-7323: superpathway of GDP-mannose-derived O-antigen building blocks biosynthesis|g__Faecalibacterium.s__Faecalibacterium_prausnitzii	9.5246184372
PWY-7392: taxadiene biosynthesis (engineered)	110.6462832196
PWY-4984: urea cycle	110.3633674299
PWY-621: sucrose degradation III (sucrose invertase)	109.7845885291
PWY-621: sucrose degradation III (sucrose invertase)|g__Anaerostipes.s__Anaerostipes_hadrus	22.2849671227
PWY-621: sucrose degradation III (sucrose invertase)|g__Coprococcus.s__Coprococcus_eutactus	17.1818416166
PWY-621: sucrose degradation III (sucrose invertase)|unclassified	14.5357673936
PWY-621: sucrose degradation III (sucrose invertase)|g__Roseburia.s__Roseburia_faecis	5.8543724844
PWY-7196: superpathway of pyrimidine ribonucleosides salvage	108.4288741262
PWY-6902: chitin degradation II (Vibrio)	107.3144138765
PWY-6902: chitin degradation II (Vibrio)|g__Bifidobacterium.s__Bifidobacterium_pseudocatenulatum	31.1173041729
PWY-6902: chitin degradation II (Vibrio)|g__Fusicatenibacter.s__Fusicatenibacter_saccharivorans	28.7434367615
PWY-6902: chitin degradation II (Vibrio)|unclassified	6.5349466097
PWY-6590: superpathway of Clostridium acetobutylicum acidogenic fermentation	105.3319956053
PWY-6590: superpathway of Clostridium acetobutylicum acidogenic fermentation|unclassified	12.4071985525
PWY-5676: acetyl-CoA fermentation to butanoate II	105.2240186408
PWY-5676: acetyl-CoA fermentation to butanoate II|g__Anaerostipes.s__Anaerostipes_hadrus	38.3471099638
PWY-5676: acetyl-CoA fermentation to butanoate II|unclassified	8.0450262036
SULFATE-CYS-PWY: superpathway of sulfate assimilation and cysteine biosynthesis	103.8208521647
SULFATE-CYS-PWY: superpathway of sulfate assimilation and cysteine biosynthesis|unclassified	33.3051809553
PWY0-845: superpathway of pyridoxal 5'-phosphate biosynthesis and salvage	103.4531557847
PWY0-845: superpathway of pyridoxal 5'-phosphate biosynthesis and salvage|unclassified	11.8833184781
P42-PWY: incomplete reductive TCA cycle	101.6608611476
P42-PWY: incomplete reductive TCA cycle|unclassified	32.8713198708
PWY-5913: partial TCA cycle (obligate autotrophs)	98.4107337793
PWY-5913: partial TCA cycle (obligate autotrophs)|unclassified	33.7846095358
GLUCUROCAT-PWY: superpathway of &beta;-D-glucuronosides degradation	97.2470107711
GLUCUROCAT-PWY: superpathway of &beta;-D-glucuronosides degradation|unclassified	13.8567674537
GLUCUROCAT-PWY: superpathway of &beta;-D-glucuronosides degradation|g__Faecalibacterium.s__Faecalibacterium_prausnitzii	12.7619099083
GOLPDLCAT-PWY: superpathway of glycerol degradation to 1,3-propanediol	96.1162092146
GOLPDLCAT-PWY: superpathway of glycerol degradation to 1,3-propanediol|g__Anaerostipes.s__Anaerostipes_hadrus	22.1422780089
GOLPDLCAT-PWY: superpathway of glycerol degradation to 1,3-propanediol|unclassified	17.1668390253
GLYCOCAT-PWY: glycogen degradation I	94.6988326296
PWY-5030: L-histidine degradation III	94.4461905386
PWY-5030: L-histidine degradation III|g__Bacteroides.s__Bacteroides_vulgatus	22.1783055287
PWY-5030: L-histidine degradation III|unclassified	21.3817268397
PWY-5030: L-histidine degradation III|g__Bacteroides.s__Bacteroides_uniformis	9.6794388776
PWY0-1261: anhydromuropeptides recycling I	92.6972465510
PWY-4041: &gamma;-glutamyl cycle	92.2968710404
PWY-4041: &gamma;-glutamyl cycle|unclassified	12.7576278765
FUC-RHAMCAT-PWY: superpathway of fucose and rhamnose degradation	87.9661607641
P441-PWY: superpathway of N-acetylneuraminate degradation	84.7814599884
PWY-6305: superpathway of putrescine biosynthesis	83.8422024459
PWY-6305: superpathway of putrescine biosynthesis|unclassified	24.8500339757
CENTFERM-PWY: pyruvate fermentation to butanoate	82.9995473600
CENTFERM-PWY: pyruvate fermentation to butanoate|unclassified	9.5620931553
GALACTUROCAT-PWY: D-galacturonate degradation I	82.8357214637
GALACTUROCAT-PWY: D-galacturonate degradation I|g__Faecalibacterium.s__Faecalibacterium_prausnitzii	60.9818230398
PYRIDOXSYN-PWY: pyridoxal 5'-phosphate biosynthesis I	79.8296699718
PYRIDOXSYN-PWY: pyridoxal 5'-phosphate biosynthesis I|g__Succinatimonas.s__Succinatimonas_sp_CAG_777	31.5399364028
PYRIDOXSYN-PWY: pyridoxal 5'-phosphate biosynthesis I|unclassified	7.0353173622
PWY0-1477: ethanolamine utilization	78.6231628307
PWY0-1477: ethanolamine utilization|unclassified	50.5496368429
PWY0-1477: ethanolamine utilization|g__Roseburia.s__Roseburia_hominis	5.2221918285
PWY-6165: chorismate biosynthesis II (archaea)	77.7199909426
PWY-6165: chorismate biosynthesis II (archaea)|g__Methanobrevibacter.s__Methanobrevibacter_smithii	14.2699386776
PPGPPMET-PWY: ppGpp metabolism	75.8305290436
PPGPPMET-PWY: ppGpp metabolism|unclassified	15.3306291715
PWY-7209: superpathway of pyrimidine ribonucleosides degradation	75.6242027874
P185-PWY: formaldehyde assimilation III (dihydroxyacetone cycle)	73.9195727830
P185-PWY: formaldehyde assimilation III (dihydroxyacetone cycle)|unclassified	23.5817857242
ARGININE-SYN4-PWY: L-ornithine biosynthesis II	73.7552347376
ARGININE-SYN4-PWY: L-ornithine biosynthesis II|g__Bacteroides.s__Bacteroides_vulgatus	20.5219322599
ARGININE-SYN4-PWY: L-ornithine biosynthesis II|unclassified	12.7868009467
ARGININE-SYN4-PWY: L-ornithine biosynthesis II|g__Bacteroides.s__Bacteroides_uniformis	8.2080145399
ARGININE-SYN4-PWY: L-ornithine biosynthesis II|g__Bacteroides.s__Bacteroides_dorei	1.0150996066
PWY0-1241: ADP-L-glycero-&beta;-D-manno-heptose biosynthesis	73.2227030508
PWY0-1241: ADP-L-glycero-&beta;-D-manno-heptose biosynthesis|g__Succinatimonas.s__Succinatimonas_sp_CAG_777	40.6177975822
PWY0-1241: ADP-L-glycero-&beta;-D-manno-heptose biosynthesis|g__Phascolarctobacterium.s__Phascolarctobacterium_succinatutens	11.9342697145
PWY0-1241: ADP-L-glycero-&beta;-D-manno-heptose biosynthesis|unclassified	5.7863670200
P108-PWY: pyruvate fermentation to propanoate I	70.8241593446
POLYAMSYN-PWY: superpathway of polyamine biosynthesis I	69.3558319551
POLYAMSYN-PWY: superpathway of polyamine biosynthesis I|unclassified	13.2136986423
HEXITOLDEGSUPER-PWY: superpathway of hexitol degradation (bacteria)	69.2405481538
HEXITOLDEGSUPER-PWY: superpathway of hexitol degradation (bacteria)|unclassified	16.7454007087
PWY-6507: 4-deoxy-L-threo-hex-4-enopyranuronate degradation	69.1266073684
PWY-6507: 4-deoxy-L-threo-hex-4-enopyranuronate degradation|g__Faecalibacterium.s__Faecalibacterium_prausnitzii	54.1108244203
P23-PWY: reductive TCA cycle I	62.9009364673
P23-PWY: reductive TCA cycle I|unclassified	9.9975058046
PWY-8131: 5'-deoxyadenosine degradation II	61.4094154548
PWY-8131: 5'-deoxyadenosine degradation II|unclassified	7.9182502172
PWY0-1298: superpathway of pyrimidine deoxyribonucleosides degradation	60.1986979225
PWY0-1298: superpathway of pyrimidine deoxyribonucleosides degradation|unclassified	12.2201348897
RUMP-PWY: formaldehyde oxidation I	57.6747175690
FUCCAT-PWY: fucose degradation	57.1126307399
FUCCAT-PWY: fucose degradation|g__Blautia.s__Blautia_sp	1.3198060852
PWY-6606: guanosine nucleotides degradation II	55.6117515651
PWY-6606: guanosine nucleotides degradation II|unclassified	9.5113564697
P164-PWY: purine nucleobases degradation I (anaerobic)	55.0216219847
P164-PWY: purine nucleobases degradation I (anaerobic)|unclassified	10.1821706398
PWY-7115: C4 photosynthetic carbon assimilation cycle, NAD-ME type	53.6251122420
PWY-7115: C4 photosynthetic carbon assimilation cycle, NAD-ME type|unclassified	21.9478626763
PWY1ZNC-1: assimilatory sulfate reduction IV	52.6060716671
PWY1ZNC-1: assimilatory sulfate reduction IV|unclassified	14.2722591229
SO4ASSIM-PWY: assimilatory sulfate reduction I	51.2771022633
SO4ASSIM-PWY: assimilatory sulfate reduction I|unclassified	20.0052424386
PWY-7883: anhydromuropeptides recycling II	50.5309071497
PWY0-1061: superpathway of L-alanine biosynthesis	49.0709476243
PWY0-1061: superpathway of L-alanine biosynthesis|unclassified	41.5506862467
PWY-821: superpathway of sulfur amino acid biosynthesis (Saccharomyces cerevisiae)	48.7096021825
PWY-821: superpathway of sulfur amino acid biosynthesis (Saccharomyces cerevisiae)|unclassified	25.0393614389
PWY-5723: Rubisco shunt	48.4998662371
PWY-5723: Rubisco shunt|unclassified	21.5040657525
PWY-6859: all-trans-farnesol biosynthesis	47.9652858039
GLUDEG-I-PWY: GABA shunt	46.5538409602
PWY-6906: chitin derivatives degradation	46.3440440218
P105-PWY: TCA cycle IV (2-oxoglutarate decarboxylase)	46.0493497178
P105-PWY: TCA cycle IV (2-oxoglutarate decarboxylase)|unclassified	14.9016889742
PWY-7013: (S)-propane-1,2-diol degradation	44.9400779109
PWY-7013: (S)-propane-1,2-diol degradation|g__Eubacterium.s__Eubacterium_hallii	16.6233766234
PWY-7013: (S)-propane-1,2-diol degradation|unclassified	12.1020480356
PWY-7858: (5Z)-dodecenoate biosynthesis II	44.3093570242
ORNDEG-PWY: superpathway of ornithine degradation	42.2617989390
ORNDEG-PWY: superpathway of ornithine degradation|unclassified	16.8546450174
GLYOXYLATE-BYPASS: glyoxylate cycle	41.9445636602
GLYOXYLATE-BYPASS: glyoxylate cycle|unclassified	8.3576163768
PWY-5130: 2-oxobutanoate degradation I	36.3599285493
PWY-5130: 2-oxobutanoate degradation I|unclassified	12.7084556789
PWY-5497: purine nucleobases degradation II (anaerobic)	33.0240240737
TCA: TCA cycle I (prokaryotic)	31.6201775864
TCA: TCA cycle I (prokaryotic)|unclassified	21.6230117338
NAGLIPASYN-PWY: lipid IVA biosynthesis (E. coli)	31.1533291869
PWY-8073: lipid IVA biosynthesis (P. putida)	31.1533291869
PWY0-781: aspartate superpathway	30.6785519915
PWY-6160: 3-dehydroquinate biosynthesis II (archaea)	30.6072871294
PWY-6160: 3-dehydroquinate biosynthesis II (archaea)|g__Methanobrevibacter.s__Methanobrevibacter_smithii	19.4217612006
P4-PWY: superpathway of L-lysine, L-threonine and L-methionine biosynthesis I	29.0638686986
PWY-5136: fatty acid &beta;-oxidation II (plant peroxisome)	28.6518923356
PWY-7118: chitin deacetylation	28.0485078341
PWY-7118: chitin deacetylation|unclassified	6.0727925242
PWY-6349: CDP-archaeol biosynthesis	27.9121128578
PWY-6349: CDP-archaeol biosynthesis|g__Methanobrevibacter.s__Methanobrevibacter_smithii	18.9450474223
PWY4LZ-257: superpathway of fermentation (Chlamydomonas reinhardtii)	26.7417410187
GALACTITOLCAT-PWY: galactitol degradation	26.0664964359
GALACTITOLCAT-PWY: galactitol degradation|g__Anaerostipes.s__Anaerostipes_hadrus	17.7427064671
GALACTITOLCAT-PWY: galactitol degradation|unclassified	6.1578726742
PWY-7286: 7-(3-amino-3-carboxypropyl)-wyosine biosynthesis	25.6922955873
METHANOGENESIS-PWY: methanogenesis from H2 and CO2	24.8557625714
METHANOGENESIS-PWY: methanogenesis from H2 and CO2|g__Methanobrevibacter.s__Methanobrevibacter_smithii	24.8557625714
PWY-6803: phosphatidylcholine acyl editing	24.5639923121
PWY-6803: phosphatidylcholine acyl editing|g__Escherichia.s__Escherichia_coli	7.9840319361
PWY-6803: phosphatidylcholine acyl editing|unclassified	3.9282038834
PWY-6350: archaetidylinositol biosynthesis	21.9140520768
PWY-6350: archaetidylinositol biosynthesis|g__Methanobrevibacter.s__Methanobrevibacter_smithii	17.7894447301
FOLSYN-PWY: superpathway of tetrahydrofolate biosynthesis and salvage	21.7650504785
P161-PWY: acetylene degradation (anaerobic)	21.7338641161
PWY-6435: 4-hydroxybenzoate biosynthesis III (plants)	20.1751585181
NAD-BIOSYNTHESIS-II: NAD salvage pathway III (to nicotinamide riboside)	19.8764210043
PWY-5209: methyl-coenzyme M oxidation to CO2	19.2341689354
PWY-5209: methyl-coenzyme M oxidation to CO2|g__Methanobrevibacter.s__Methanobrevibacter_smithii	19.2341689354
PWY-8112: factor 420 biosynthesis I (archaea)	18.7012987013
PWY-8112: factor 420 biosynthesis I (archaea)|g__Methanobrevibacter.s__Methanobrevibacter_smithii	18.7012987013
PWY-5198: factor 420 biosynthesis II (mycobacteria)	18.0090045023
PWY-5198: factor 420 biosynthesis II (mycobacteria)|g__Methanobrevibacter.s__Methanobrevibacter_smithii	18.0090045023
PWY-5392: reductive TCA cycle II	17.9235191472
PWY-5392: reductive TCA cycle II|unclassified	7.1658540540
PWY-7254: TCA cycle VII (acetate-producers)	17.8122664297
PWY-7254: TCA cycle VII (acetate-producers)|unclassified	16.2470453937
PWY-8113: 3PG-factor 420 biosynthesis	17.5370226033
PWY-8113: 3PG-factor 420 biosynthesis|g__Methanobrevibacter.s__Methanobrevibacter_smithii	17.5370226033
PWY66-389: phytol degradation	17.1187832069
PWY66-389: phytol degradation|unclassified	5.3769649326
HEMESYN2-PWY: heme b biosynthesis II (oxygen-independent)	16.3573213854
REDCITCYC: TCA cycle VI (Helicobacter)	15.7080250249
REDCITCYC: TCA cycle VI (Helicobacter)|unclassified	9.1121563239
PWY-7942: 5-oxo-L-proline metabolism	14.9335980005
PWY-7942: 5-oxo-L-proline metabolism|unclassified	13.5185909126
MET-SAM-PWY: superpathway of S-adenosyl-L-methionine biosynthesis	14.7051472382
MET-SAM-PWY: superpathway of S-adenosyl-L-methionine biosynthesis|unclassified	10.0499200168
PWY-5347: superpathway of L-methionine biosynthesis (transsulfuration)	14.6473416472
PWY-5347: superpathway of L-methionine biosynthesis (transsulfuration)|unclassified	10.0964208004
PWY-6612: superpathway of tetrahydrofolate biosynthesis	14.6431675032
PWY-5104: L-isoleucine biosynthesis IV	14.4547143831
PWY-5104: L-isoleucine biosynthesis IV|unclassified	11.2349963352
PWY-6588: pyruvate fermentation to acetone	14.4157859135
PWY-6588: pyruvate fermentation to acetone|unclassified	12.9147467709
METSYN-PWY: superpathway of L-homoserine and L-methionine biosynthesis	12.9099661548
METSYN-PWY: superpathway of L-homoserine and L-methionine biosynthesis|unclassified	8.9483781518
PWY-6293: superpathway of L-cysteine biosynthesis (fungi)	9.2910635347
PWY-6293: superpathway of L-cysteine biosynthesis (fungi)|unclassified	8.4177083875
PWY-5656: mannosylglycerate biosynthesis I	7.6831952966
HOMOSER-METSYN-PWY: L-methionine biosynthesis I	7.4201958910
HOMOSER-METSYN-PWY: L-methionine biosynthesis I|unclassified	5.2102831537
PWY-5747: 2-methylcitrate cycle II	7.1415082422
PWY0-42: 2-methylcitrate cycle I	7.1415082422
PWY-801: homocysteine and cysteine interconversion	5.6455338151
PWY-801: homocysteine and cysteine interconversion|unclassified	5.2778875018
PWY-5675: nitrate reduction V (assimilatory)	3.8598801537