# Pathway	43_S26_L002_R1_001_Coverage
UNMAPPED	1.0000000000
UNINTEGRATED	1.0000000000
UNINTEGRATED|g__Acidaminococcus.s__Acidaminococcus_fermentans	1.0000000000
UNINTEGRATED|g__Akkermansia.s__Akkermansia_muciniphila	1.0000000000
UNINTEGRATED|g__Alistipes.s__Alistipes_finegoldii	1.0000000000
UNINTEGRATED|g__Alistipes.s__Alistipes_indistinctus	1.0000000000
UNINTEGRATED|g__Alistipes.s__Alistipes_onderdonkii	1.0000000000
UNINTEGRATED|g__Alistipes.s__Alistipes_putredinis	1.0000000000
UNINTEGRATED|g__Alistipes.s__Alistipes_shahii	1.0000000000
UNINTEGRATED|g__Anaerostipes.s__Anaerostipes_hadrus	1.0000000000
UNINTEGRATED|g__Bacteroides.s__Bacteroides_caccae	1.0000000000
UNINTEGRATED|g__Bacteroides.s__Bacteroides_cellulosilyticus	1.0000000000
UNINTEGRATED|g__Bacteroides.s__Bacteroides_clarus	1.0000000000
UNINTEGRATED|g__Bacteroides.s__Bacteroides_dorei	1.0000000000
UNINTEGRATED|g__Bacteroides.s__Bacteroides_finegoldii	1.0000000000
UNINTEGRATED|g__Bacteroides.s__Bacteroides_intestinalis	1.0000000000
UNINTEGRATED|g__Bacteroides.s__Bacteroides_ovatus	1.0000000000
UNINTEGRATED|g__Bacteroides.s__Bacteroides_sp_CAG_530	1.0000000000
UNINTEGRATED|g__Bacteroides.s__Bacteroides_thetaiotaomicron	1.0000000000
UNINTEGRATED|g__Bacteroides.s__Bacteroides_uniformis	1.0000000000
UNINTEGRATED|g__Bacteroides.s__Bacteroides_vulgatus	1.0000000000
UNINTEGRATED|g__Barnesiella.s__Barnesiella_intestinihominis	1.0000000000
UNINTEGRATED|g__Bifidobacterium.s__Bifidobacterium_adolescentis	1.0000000000
UNINTEGRATED|g__Bifidobacterium.s__Bifidobacterium_bifidum	1.0000000000
UNINTEGRATED|g__Bifidobacterium.s__Bifidobacterium_catenulatum	1.0000000000
UNINTEGRATED|g__Bifidobacterium.s__Bifidobacterium_longum	1.0000000000
UNINTEGRATED|g__Bifidobacterium.s__Bifidobacterium_pseudocatenulatum	1.0000000000
UNINTEGRATED|g__Bilophila.s__Bilophila_wadsworthia	1.0000000000
UNINTEGRATED|g__Blautia.s__Blautia_obeum	1.0000000000
UNINTEGRATED|g__Blautia.s__Blautia_wexlerae	1.0000000000
UNINTEGRATED|g__Blautia.s__Ruminococcus_torques	1.0000000000
UNINTEGRATED|g__Clostridium.s__Clostridium_sp_CAG_138	1.0000000000
UNINTEGRATED|g__Clostridium.s__Clostridium_sp_CAG_594	1.0000000000
UNINTEGRATED|g__Collinsella.s__Collinsella_aerofaciens	1.0000000000
UNINTEGRATED|g__Coprococcus.s__Coprococcus_catus	1.0000000000
UNINTEGRATED|g__Coprococcus.s__Coprococcus_comes	1.0000000000
UNINTEGRATED|g__Desulfovibrio.s__Desulfovibrio_piger	1.0000000000
UNINTEGRATED|g__Dorea.s__Dorea_longicatena	1.0000000000
UNINTEGRATED|g__Erysipelatoclostridium.s__Clostridium_innocuum	1.0000000000
UNINTEGRATED|g__Eubacterium.s__Eubacterium_hallii	1.0000000000
UNINTEGRATED|g__Eubacterium.s__Eubacterium_sp_CAG_251	1.0000000000
UNINTEGRATED|g__Faecalibacterium.s__Faecalibacterium_prausnitzii	1.0000000000
UNINTEGRATED|g__Faecalibacterium.s__Faecalibacterium_sp_CAG_74	1.0000000000
UNINTEGRATED|g__Firmicutes_unclassified.s__Firmicutes_bacterium_CAG_124	1.0000000000
UNINTEGRATED|g__Firmicutes_unclassified.s__Firmicutes_bacterium_CAG_129	1.0000000000
UNINTEGRATED|g__Gordonibacter.s__Gordonibacter_pamelaeae	1.0000000000
UNINTEGRATED|g__Hungatella.s__Hungatella_hathewayi	1.0000000000
UNINTEGRATED|g__Mitsuokella.s__Mitsuokella_multacida	1.0000000000
UNINTEGRATED|g__Oscillibacter.s__Oscillibacter_sp_57_20	1.0000000000
UNINTEGRATED|g__Oscillibacter.s__Oscillibacter_sp_CAG_241	1.0000000000
UNINTEGRATED|g__Oxalobacter.s__Oxalobacter_formigenes	1.0000000000
UNINTEGRATED|g__Parabacteroides.s__Parabacteroides_merdae	1.0000000000
UNINTEGRATED|g__Ruminococcus.s__Ruminococcus_bromii	1.0000000000
UNINTEGRATED|g__Ruminococcus.s__Ruminococcus_sp_CAG_177	1.0000000000
UNINTEGRATED|g__Ruthenibacterium.s__Ruthenibacterium_lactatiformans	1.0000000000
UNINTEGRATED|g__Senegalimassilia.s__Senegalimassilia_anaerobia	1.0000000000
UNINTEGRATED|g__Streptococcus.s__Streptococcus_pneumoniae	1.0000000000
UNINTEGRATED|g__Streptococcus.s__Streptococcus_salivarius	1.0000000000
UNINTEGRATED|g__Subdoligranulum.s__Subdoligranulum_sp_APC924_74	1.0000000000
UNINTEGRATED|g__Victivallales_unclassified.s__Victivallales_bacterium_CCUG_44730	1.0000000000
UNINTEGRATED|unclassified	1.0000000000
PWY-7238: sucrose biosynthesis II	1.0000000000
PWY-7238: sucrose biosynthesis II|g__Bifidobacterium.s__Bifidobacterium_adolescentis	0.9999965003
PWY-7238: sucrose biosynthesis II|unclassified	0.9999981107
PWY-7238: sucrose biosynthesis II|g__Bifidobacterium.s__Bifidobacterium_longum	0.9828384260
PWY-7238: sucrose biosynthesis II|g__Blautia.s__Blautia_obeum	0.9920077913
PWY-7238: sucrose biosynthesis II|g__Collinsella.s__Collinsella_aerofaciens	0.6582228443
PWY-7238: sucrose biosynthesis II|g__Ruminococcus.s__Ruminococcus_bromii	0.7970255479
PWY-7238: sucrose biosynthesis II|g__Oscillibacter.s__Oscillibacter_sp_CAG_241	0.6170381762
PWY-7238: sucrose biosynthesis II|g__Alistipes.s__Alistipes_shahii	0.0000035646
PWY-7238: sucrose biosynthesis II|g__Firmicutes_unclassified.s__Firmicutes_bacterium_CAG_124	0.7255991845
PWY-7238: sucrose biosynthesis II|g__Subdoligranulum.s__Subdoligranulum_sp_APC924_74	0.8752693776
PWY-7238: sucrose biosynthesis II|g__Eubacterium.s__Eubacterium_sp_CAG_251	0.9603956729
PWY-7238: sucrose biosynthesis II|g__Bacteroides.s__Bacteroides_uniformis	0.8565895160
PWY-7238: sucrose biosynthesis II|g__Faecalibacterium.s__Faecalibacterium_sp_CAG_74	0.6630195450
PWY-7238: sucrose biosynthesis II|g__Bifidobacterium.s__Bifidobacterium_catenulatum	0.8795817359
PWY-7238: sucrose biosynthesis II|g__Firmicutes_unclassified.s__Firmicutes_bacterium_CAG_129	0.4691827335
PWY-7238: sucrose biosynthesis II|g__Faecalibacterium.s__Faecalibacterium_prausnitzii	0.5845707168
PWY-7238: sucrose biosynthesis II|g__Clostridium.s__Clostridium_sp_CAG_138	0.4093361491
PWY-7238: sucrose biosynthesis II|g__Dorea.s__Dorea_longicatena	0.7192306568
PWY-7238: sucrose biosynthesis II|g__Bifidobacterium.s__Bifidobacterium_pseudocatenulatum	0.9458591119
PWY-7238: sucrose biosynthesis II|g__Coprococcus.s__Coprococcus_comes	0.8262706642
PWY-7238: sucrose biosynthesis II|g__Ruthenibacterium.s__Ruthenibacterium_lactatiformans	0.3543748744
PWY-7238: sucrose biosynthesis II|g__Streptococcus.s__Streptococcus_pneumoniae	0.7153918088
PWY-7238: sucrose biosynthesis II|g__Acidaminococcus.s__Acidaminococcus_fermentans	0.3678129997
PWY-7238: sucrose biosynthesis II|g__Blautia.s__Blautia_wexlerae	0.3981429943
PWY-7238: sucrose biosynthesis II|g__Streptococcus.s__Streptococcus_salivarius	0.0082153809
PWY-7221: guanosine ribonucleotides de novo biosynthesis	1.0000000000
PWY-7221: guanosine ribonucleotides de novo biosynthesis|g__Bifidobacterium.s__Bifidobacterium_adolescentis	0.8742739422
PWY-7221: guanosine ribonucleotides de novo biosynthesis|unclassified	0.9118034095
PWY-7221: guanosine ribonucleotides de novo biosynthesis|g__Bifidobacterium.s__Bifidobacterium_longum	0.3858246223
PWY-7221: guanosine ribonucleotides de novo biosynthesis|g__Alistipes.s__Alistipes_shahii	0.4735641553
PWY-7221: guanosine ribonucleotides de novo biosynthesis|g__Akkermansia.s__Akkermansia_muciniphila	0.6051353878
PWY-7221: guanosine ribonucleotides de novo biosynthesis|g__Ruminococcus.s__Ruminococcus_bromii	0.3107536445
PWY-7221: guanosine ribonucleotides de novo biosynthesis|g__Collinsella.s__Collinsella_aerofaciens	0.5788396703
PWY-7221: guanosine ribonucleotides de novo biosynthesis|g__Alistipes.s__Alistipes_putredinis	0.2191061254
PWY-7221: guanosine ribonucleotides de novo biosynthesis|g__Blautia.s__Blautia_obeum	0.1885557605
PWY-7221: guanosine ribonucleotides de novo biosynthesis|g__Bacteroides.s__Bacteroides_vulgatus	0.9386023760
PWY-7221: guanosine ribonucleotides de novo biosynthesis|g__Barnesiella.s__Barnesiella_intestinihominis	0.2978846794
PWY-7221: guanosine ribonucleotides de novo biosynthesis|g__Bacteroides.s__Bacteroides_uniformis	0.0635913314
PWY-7221: guanosine ribonucleotides de novo biosynthesis|g__Bacteroides.s__Bacteroides_dorei	0.5839306811
PWY-7221: guanosine ribonucleotides de novo biosynthesis|g__Eubacterium.s__Eubacterium_sp_CAG_251	0.2929052506
PWY-7221: guanosine ribonucleotides de novo biosynthesis|g__Faecalibacterium.s__Faecalibacterium_prausnitzii	0.3149729104
PWY-7221: guanosine ribonucleotides de novo biosynthesis|g__Bifidobacterium.s__Bifidobacterium_bifidum	0.2676165712
PWY-7221: guanosine ribonucleotides de novo biosynthesis|g__Bacteroides.s__Bacteroides_thetaiotaomicron	0.8385999218
PWY-7221: guanosine ribonucleotides de novo biosynthesis|g__Streptococcus.s__Streptococcus_salivarius	0.6675030590
PWY-7221: guanosine ribonucleotides de novo biosynthesis|g__Bacteroides.s__Bacteroides_caccae	0.4790952956
PWY-7221: guanosine ribonucleotides de novo biosynthesis|g__Bifidobacterium.s__Bifidobacterium_catenulatum	0.1795194183
PWY-7221: guanosine ribonucleotides de novo biosynthesis|g__Bacteroides.s__Bacteroides_sp_CAG_530	0.2505221517
PWY-7221: guanosine ribonucleotides de novo biosynthesis|g__Coprococcus.s__Coprococcus_comes	0.4875670083
PWY-7221: guanosine ribonucleotides de novo biosynthesis|g__Dorea.s__Dorea_longicatena	0.1975553525
PWY-7221: guanosine ribonucleotides de novo biosynthesis|g__Bacteroides.s__Bacteroides_clarus	0.7348833062
PWY-7221: guanosine ribonucleotides de novo biosynthesis|g__Bacteroides.s__Bacteroides_finegoldii	0.7235939316
PWY-7221: guanosine ribonucleotides de novo biosynthesis|g__Bacteroides.s__Bacteroides_cellulosilyticus	0.5566290628
PWY-5941: glycogen degradation II	0.9996656327
PWY-5941: glycogen degradation II|g__Bifidobacterium.s__Bifidobacterium_adolescentis	0.9059871470
PWY-5941: glycogen degradation II|unclassified	0.8894947887
PWY-5941: glycogen degradation II|g__Bifidobacterium.s__Bifidobacterium_longum	0.9265571457
PWY-5941: glycogen degradation II|g__Blautia.s__Blautia_obeum	0.7357443298
PWY-5941: glycogen degradation II|g__Collinsella.s__Collinsella_aerofaciens	0.7321532626
PWY-5941: glycogen degradation II|g__Bifidobacterium.s__Bifidobacterium_catenulatum	0.8313934629
PWY-5941: glycogen degradation II|g__Faecalibacterium.s__Faecalibacterium_prausnitzii	0.0731878499
PWY-5941: glycogen degradation II|g__Coprococcus.s__Coprococcus_comes	0.8149092562
PWY-5941: glycogen degradation II|g__Dorea.s__Dorea_longicatena	0.3722898958
PWY-5941: glycogen degradation II|g__Bifidobacterium.s__Bifidobacterium_pseudocatenulatum	0.6265083321
PWY-5941: glycogen degradation II|g__Blautia.s__Blautia_wexlerae	0.0126167733
PWY-5686: UMP biosynthesis I	1.0000000000
PWY-5686: UMP biosynthesis I|g__Bifidobacterium.s__Bifidobacterium_adolescentis	0.1491405383
PWY-5686: UMP biosynthesis I|unclassified	0.9999913410
PWY-5686: UMP biosynthesis I|g__Akkermansia.s__Akkermansia_muciniphila	0.4071673449
PWY-5686: UMP biosynthesis I|g__Alistipes.s__Alistipes_putredinis	0.6895763386
PWY-5686: UMP biosynthesis I|g__Bifidobacterium.s__Bifidobacterium_longum	0.0000000000
PWY-5686: UMP biosynthesis I|g__Collinsella.s__Collinsella_aerofaciens	0.3019854815
PWY-5686: UMP biosynthesis I|g__Ruminococcus.s__Ruminococcus_sp_CAG_177	0.3749477228
PWY-5686: UMP biosynthesis I|g__Barnesiella.s__Barnesiella_intestinihominis	0.6514996574
PWY-5686: UMP biosynthesis I|g__Blautia.s__Blautia_obeum	0.0174164716
PWY-5686: UMP biosynthesis I|g__Bacteroides.s__Bacteroides_uniformis	0.1711621767
PWY-5686: UMP biosynthesis I|g__Bacteroides.s__Bacteroides_vulgatus	0.0168677231
PWY-5686: UMP biosynthesis I|g__Faecalibacterium.s__Faecalibacterium_sp_CAG_74	0.2425990178
PWY-5686: UMP biosynthesis I|g__Bifidobacterium.s__Bifidobacterium_bifidum	0.6558520924
PWY-5686: UMP biosynthesis I|g__Eubacterium.s__Eubacterium_sp_CAG_251	0.0171007208
PWY-5686: UMP biosynthesis I|g__Bacteroides.s__Bacteroides_dorei	0.2199900040
PWY-5686: UMP biosynthesis I|g__Alistipes.s__Alistipes_finegoldii	0.3682334735
PWY-5686: UMP biosynthesis I|g__Bifidobacterium.s__Bifidobacterium_catenulatum	0.0950904384
PWY-5686: UMP biosynthesis I|g__Dorea.s__Dorea_longicatena	0.3392312818
PWY-5686: UMP biosynthesis I|g__Mitsuokella.s__Mitsuokella_multacida	0.2932979194
PWY-5686: UMP biosynthesis I|g__Bacteroides.s__Bacteroides_sp_CAG_530	0.0410845166
PWY-5686: UMP biosynthesis I|g__Bacteroides.s__Bacteroides_thetaiotaomicron	0.1944994046
PWY-5686: UMP biosynthesis I|g__Bacteroides.s__Bacteroides_ovatus	0.5667878978
PWY-7790: UMP biosynthesis II	1.0000000000
PWY-7790: UMP biosynthesis II|g__Bifidobacterium.s__Bifidobacterium_adolescentis	0.0498009533
PWY-7790: UMP biosynthesis II|unclassified	0.9999913410
PWY-7790: UMP biosynthesis II|g__Alistipes.s__Alistipes_putredinis	0.6895763386
PWY-7790: UMP biosynthesis II|g__Akkermansia.s__Akkermansia_muciniphila	0.2453470849
PWY-7790: UMP biosynthesis II|g__Collinsella.s__Collinsella_aerofaciens	0.3019854815
PWY-7790: UMP biosynthesis II|g__Ruminococcus.s__Ruminococcus_sp_CAG_177	0.3749477228
PWY-7790: UMP biosynthesis II|g__Barnesiella.s__Barnesiella_intestinihominis	0.6514996574
PWY-7790: UMP biosynthesis II|g__Blautia.s__Blautia_obeum	0.0174164716
PWY-7790: UMP biosynthesis II|g__Bacteroides.s__Bacteroides_uniformis	0.1711621767
PWY-7790: UMP biosynthesis II|g__Bacteroides.s__Bacteroides_vulgatus	0.0168677231
PWY-7790: UMP biosynthesis II|g__Faecalibacterium.s__Faecalibacterium_sp_CAG_74	0.2425990178
PWY-7790: UMP biosynthesis II|g__Eubacterium.s__Eubacterium_sp_CAG_251	0.0171007208
PWY-7790: UMP biosynthesis II|g__Bacteroides.s__Bacteroides_dorei	0.2199900040
PWY-7790: UMP biosynthesis II|g__Bifidobacterium.s__Bifidobacterium_bifidum	0.3821459219
PWY-7790: UMP biosynthesis II|g__Bifidobacterium.s__Bifidobacterium_catenulatum	0.0951021642
PWY-7790: UMP biosynthesis II|g__Dorea.s__Dorea_longicatena	0.3392312818
PWY-7790: UMP biosynthesis II|g__Mitsuokella.s__Mitsuokella_multacida	0.2932979194
PWY-7790: UMP biosynthesis II|g__Bacteroides.s__Bacteroides_caccae	0.2798329569
PWY-7790: UMP biosynthesis II|g__Bacteroides.s__Bacteroides_sp_CAG_530	0.0410845166
PWY-7790: UMP biosynthesis II|g__Bacteroides.s__Bacteroides_thetaiotaomicron	0.3291256799
PWY-7790: UMP biosynthesis II|g__Bacteroides.s__Bacteroides_ovatus	0.5667878978
PWY-7790: UMP biosynthesis II|g__Bacteroides.s__Bacteroides_finegoldii	0.5395109035
PWY-7791: UMP biosynthesis III	1.0000000000
PWY-7791: UMP biosynthesis III|g__Bifidobacterium.s__Bifidobacterium_adolescentis	0.0498009533
PWY-7791: UMP biosynthesis III|unclassified	0.9999913410
PWY-7791: UMP biosynthesis III|g__Alistipes.s__Alistipes_putredinis	0.6895763386
PWY-7791: UMP biosynthesis III|g__Akkermansia.s__Akkermansia_muciniphila	0.2453470849
PWY-7791: UMP biosynthesis III|g__Collinsella.s__Collinsella_aerofaciens	0.3019854815
PWY-7791: UMP biosynthesis III|g__Ruminococcus.s__Ruminococcus_sp_CAG_177	0.3749477228
PWY-7791: UMP biosynthesis III|g__Barnesiella.s__Barnesiella_intestinihominis	0.6514996574
PWY-7791: UMP biosynthesis III|g__Blautia.s__Blautia_obeum	0.0174164716
PWY-7791: UMP biosynthesis III|g__Bacteroides.s__Bacteroides_uniformis	0.1711621767
PWY-7791: UMP biosynthesis III|g__Bacteroides.s__Bacteroides_vulgatus	0.1746203637
PWY-7791: UMP biosynthesis III|g__Faecalibacterium.s__Faecalibacterium_sp_CAG_74	0.2425990178
PWY-7791: UMP biosynthesis III|g__Bacteroides.s__Bacteroides_dorei	0.3186043760
PWY-7791: UMP biosynthesis III|g__Eubacterium.s__Eubacterium_sp_CAG_251	0.0171007208
PWY-7791: UMP biosynthesis III|g__Bifidobacterium.s__Bifidobacterium_bifidum	0.3821459219
PWY-7791: UMP biosynthesis III|g__Bacteroides.s__Bacteroides_caccae	0.5322873060
PWY-7791: UMP biosynthesis III|g__Dorea.s__Dorea_longicatena	0.3392312818
PWY-7791: UMP biosynthesis III|g__Mitsuokella.s__Mitsuokella_multacida	0.2932979194
PWY-7791: UMP biosynthesis III|g__Bacteroides.s__Bacteroides_sp_CAG_530	0.0410845166
PWY-7791: UMP biosynthesis III|g__Bacteroides.s__Bacteroides_thetaiotaomicron	0.3056118128
PWY-7791: UMP biosynthesis III|g__Bacteroides.s__Bacteroides_ovatus	0.6492853720
PWY-7791: UMP biosynthesis III|g__Bacteroides.s__Bacteroides_finegoldii	0.5445166558
PWY-6386: UDP-N-acetylmuramoyl-pentapeptide biosynthesis II (lysine-containing)	1.0000000000
PWY-6386: UDP-N-acetylmuramoyl-pentapeptide biosynthesis II (lysine-containing)|g__Bifidobacterium.s__Bifidobacterium_adolescentis	0.0000000000
PWY-6386: UDP-N-acetylmuramoyl-pentapeptide biosynthesis II (lysine-containing)|unclassified	0.9600870422
PWY-6386: UDP-N-acetylmuramoyl-pentapeptide biosynthesis II (lysine-containing)|g__Bifidobacterium.s__Bifidobacterium_longum	0.4176114212
PWY-6386: UDP-N-acetylmuramoyl-pentapeptide biosynthesis II (lysine-containing)|g__Alistipes.s__Alistipes_putredinis	0.5421888665
PWY-6386: UDP-N-acetylmuramoyl-pentapeptide biosynthesis II (lysine-containing)|g__Oscillibacter.s__Oscillibacter_sp_CAG_241	0.1895066683
PWY-6386: UDP-N-acetylmuramoyl-pentapeptide biosynthesis II (lysine-containing)|g__Blautia.s__Blautia_obeum	0.5452038414
PWY-6386: UDP-N-acetylmuramoyl-pentapeptide biosynthesis II (lysine-containing)|g__Collinsella.s__Collinsella_aerofaciens	0.0267267820
PWY-6386: UDP-N-acetylmuramoyl-pentapeptide biosynthesis II (lysine-containing)|g__Subdoligranulum.s__Subdoligranulum_sp_APC924_74	0.3348451867
PWY-6386: UDP-N-acetylmuramoyl-pentapeptide biosynthesis II (lysine-containing)|g__Bacteroides.s__Bacteroides_vulgatus	0.4183302783
PWY-6386: UDP-N-acetylmuramoyl-pentapeptide biosynthesis II (lysine-containing)|g__Bacteroides.s__Bacteroides_uniformis	0.0117461096
PWY-6386: UDP-N-acetylmuramoyl-pentapeptide biosynthesis II (lysine-containing)|g__Clostridium.s__Clostridium_sp_CAG_594	0.5129502827
PWY-6386: UDP-N-acetylmuramoyl-pentapeptide biosynthesis II (lysine-containing)|g__Eubacterium.s__Eubacterium_sp_CAG_251	0.1115389146
PWY-6386: UDP-N-acetylmuramoyl-pentapeptide biosynthesis II (lysine-containing)|g__Bacteroides.s__Bacteroides_dorei	0.1038258813
PWY-6386: UDP-N-acetylmuramoyl-pentapeptide biosynthesis II (lysine-containing)|g__Ruthenibacterium.s__Ruthenibacterium_lactatiformans	0.3507242522
PWY-6386: UDP-N-acetylmuramoyl-pentapeptide biosynthesis II (lysine-containing)|g__Bifidobacterium.s__Bifidobacterium_catenulatum	0.0017655051
PWY-6386: UDP-N-acetylmuramoyl-pentapeptide biosynthesis II (lysine-containing)|g__Bifidobacterium.s__Bifidobacterium_pseudocatenulatum	0.0934165952
NONMEVIPP-PWY: methylerythritol phosphate pathway I	1.0000000000
NONMEVIPP-PWY: methylerythritol phosphate pathway I|g__Bifidobacterium.s__Bifidobacterium_adolescentis	0.0980604673
NONMEVIPP-PWY: methylerythritol phosphate pathway I|unclassified	0.8799614462
NONMEVIPP-PWY: methylerythritol phosphate pathway I|g__Bifidobacterium.s__Bifidobacterium_longum	0.0004272061
NONMEVIPP-PWY: methylerythritol phosphate pathway I|g__Alistipes.s__Alistipes_putredinis	0.3618968162
NONMEVIPP-PWY: methylerythritol phosphate pathway I|g__Ruminococcus.s__Ruminococcus_bromii	0.0777913908
NONMEVIPP-PWY: methylerythritol phosphate pathway I|g__Blautia.s__Blautia_obeum	0.3083019091
NONMEVIPP-PWY: methylerythritol phosphate pathway I|g__Collinsella.s__Collinsella_aerofaciens	0.0078042005
NONMEVIPP-PWY: methylerythritol phosphate pathway I|g__Oscillibacter.s__Oscillibacter_sp_CAG_241	0.0291814518
NONMEVIPP-PWY: methylerythritol phosphate pathway I|g__Subdoligranulum.s__Subdoligranulum_sp_APC924_74	0.1517819069
NONMEVIPP-PWY: methylerythritol phosphate pathway I|g__Barnesiella.s__Barnesiella_intestinihominis	0.3330206648
NONMEVIPP-PWY: methylerythritol phosphate pathway I|g__Bacteroides.s__Bacteroides_vulgatus	0.3030686243
NONMEVIPP-PWY: methylerythritol phosphate pathway I|g__Eubacterium.s__Eubacterium_sp_CAG_251	0.4507479656
NONMEVIPP-PWY: methylerythritol phosphate pathway I|g__Bacteroides.s__Bacteroides_uniformis	0.1295510828
NONMEVIPP-PWY: methylerythritol phosphate pathway I|g__Faecalibacterium.s__Faecalibacterium_sp_CAG_74	0.3590051530
NONMEVIPP-PWY: methylerythritol phosphate pathway I|g__Firmicutes_unclassified.s__Firmicutes_bacterium_CAG_129	0.1177102027
NONMEVIPP-PWY: methylerythritol phosphate pathway I|g__Bifidobacterium.s__Bifidobacterium_bifidum	0.3660431209
NONMEVIPP-PWY: methylerythritol phosphate pathway I|g__Senegalimassilia.s__Senegalimassilia_anaerobia	0.5376864343
NONMEVIPP-PWY: methylerythritol phosphate pathway I|g__Bacteroides.s__Bacteroides_caccae	0.2788736880
NONMEVIPP-PWY: methylerythritol phosphate pathway I|g__Bacteroides.s__Bacteroides_dorei	0.0001861973
VALSYN-PWY: L-valine biosynthesis	1.0000000000
VALSYN-PWY: L-valine biosynthesis|g__Bifidobacterium.s__Bifidobacterium_adolescentis	0.9999188540
VALSYN-PWY: L-valine biosynthesis|g__Bifidobacterium.s__Bifidobacterium_longum	0.8583173606
VALSYN-PWY: L-valine biosynthesis|unclassified	0.3738854675
VALSYN-PWY: L-valine biosynthesis|g__Akkermansia.s__Akkermansia_muciniphila	0.4734864195
VALSYN-PWY: L-valine biosynthesis|g__Ruminococcus.s__Ruminococcus_bromii	0.2375182129
VALSYN-PWY: L-valine biosynthesis|g__Blautia.s__Blautia_obeum	0.4780059126
VALSYN-PWY: L-valine biosynthesis|g__Subdoligranulum.s__Subdoligranulum_sp_APC924_74	0.6474644658
VALSYN-PWY: L-valine biosynthesis|g__Barnesiella.s__Barnesiella_intestinihominis	0.4531207476
VALSYN-PWY: L-valine biosynthesis|g__Bacteroides.s__Bacteroides_uniformis	0.5049638560
VALSYN-PWY: L-valine biosynthesis|g__Faecalibacterium.s__Faecalibacterium_sp_CAG_74	0.7953667644
VALSYN-PWY: L-valine biosynthesis|g__Bacteroides.s__Bacteroides_vulgatus	0.2350645863
VALSYN-PWY: L-valine biosynthesis|g__Eubacterium.s__Eubacterium_sp_CAG_251	0.5045298178
VALSYN-PWY: L-valine biosynthesis|g__Bifidobacterium.s__Bifidobacterium_bifidum	0.7556168586
VALSYN-PWY: L-valine biosynthesis|g__Faecalibacterium.s__Faecalibacterium_prausnitzii	0.4260354247
VALSYN-PWY: L-valine biosynthesis|g__Bacteroides.s__Bacteroides_dorei	0.4873882961
VALSYN-PWY: L-valine biosynthesis|g__Bifidobacterium.s__Bifidobacterium_catenulatum	0.6447040572
VALSYN-PWY: L-valine biosynthesis|g__Bacteroides.s__Bacteroides_caccae	0.7836392461
VALSYN-PWY: L-valine biosynthesis|g__Coprococcus.s__Coprococcus_catus	0.7098455428
VALSYN-PWY: L-valine biosynthesis|g__Alistipes.s__Alistipes_finegoldii	0.3314211868
VALSYN-PWY: L-valine biosynthesis|g__Ruthenibacterium.s__Ruthenibacterium_lactatiformans	0.3277415083
VALSYN-PWY: L-valine biosynthesis|g__Bacteroides.s__Bacteroides_sp_CAG_530	0.1499111331
VALSYN-PWY: L-valine biosynthesis|g__Parabacteroides.s__Parabacteroides_merdae	0.4607339170
VALSYN-PWY: L-valine biosynthesis|g__Bacteroides.s__Bacteroides_thetaiotaomicron	0.6109550770
VALSYN-PWY: L-valine biosynthesis|g__Bifidobacterium.s__Bifidobacterium_pseudocatenulatum	0.4494254268
VALSYN-PWY: L-valine biosynthesis|g__Blautia.s__Blautia_wexlerae	0.2879398428
VALSYN-PWY: L-valine biosynthesis|g__Bacteroides.s__Bacteroides_clarus	0.7946754817
VALSYN-PWY: L-valine biosynthesis|g__Bacteroides.s__Bacteroides_ovatus	0.6246679119
VALSYN-PWY: L-valine biosynthesis|g__Alistipes.s__Alistipes_onderdonkii	0.0330833452
VALSYN-PWY: L-valine biosynthesis|g__Bacteroides.s__Bacteroides_finegoldii	0.5513041073
PWY-6387: UDP-N-acetylmuramoyl-pentapeptide biosynthesis I (meso-diaminopimelate containing)	1.0000000000
PWY-6387: UDP-N-acetylmuramoyl-pentapeptide biosynthesis I (meso-diaminopimelate containing)|g__Bifidobacterium.s__Bifidobacterium_adolescentis	0.0000000000
PWY-6387: UDP-N-acetylmuramoyl-pentapeptide biosynthesis I (meso-diaminopimelate containing)|unclassified	0.9467595159
PWY-6387: UDP-N-acetylmuramoyl-pentapeptide biosynthesis I (meso-diaminopimelate containing)|g__Bifidobacterium.s__Bifidobacterium_longum	0.3294073211
PWY-6387: UDP-N-acetylmuramoyl-pentapeptide biosynthesis I (meso-diaminopimelate containing)|g__Akkermansia.s__Akkermansia_muciniphila	0.6836288048
PWY-6387: UDP-N-acetylmuramoyl-pentapeptide biosynthesis I (meso-diaminopimelate containing)|g__Alistipes.s__Alistipes_putredinis	0.5452898429
PWY-6387: UDP-N-acetylmuramoyl-pentapeptide biosynthesis I (meso-diaminopimelate containing)|g__Oscillibacter.s__Oscillibacter_sp_CAG_241	0.2063269133
PWY-6387: UDP-N-acetylmuramoyl-pentapeptide biosynthesis I (meso-diaminopimelate containing)|g__Blautia.s__Blautia_obeum	0.5736147556
PWY-6387: UDP-N-acetylmuramoyl-pentapeptide biosynthesis I (meso-diaminopimelate containing)|g__Firmicutes_unclassified.s__Firmicutes_bacterium_CAG_124	0.1125256424
PWY-6387: UDP-N-acetylmuramoyl-pentapeptide biosynthesis I (meso-diaminopimelate containing)|g__Collinsella.s__Collinsella_aerofaciens	0.0005323530
PWY-6387: UDP-N-acetylmuramoyl-pentapeptide biosynthesis I (meso-diaminopimelate containing)|g__Subdoligranulum.s__Subdoligranulum_sp_APC924_74	0.3190068351
PWY-6387: UDP-N-acetylmuramoyl-pentapeptide biosynthesis I (meso-diaminopimelate containing)|g__Barnesiella.s__Barnesiella_intestinihominis	0.2363602275
PWY-6387: UDP-N-acetylmuramoyl-pentapeptide biosynthesis I (meso-diaminopimelate containing)|g__Bacteroides.s__Bacteroides_uniformis	0.3377575762
PWY-6387: UDP-N-acetylmuramoyl-pentapeptide biosynthesis I (meso-diaminopimelate containing)|g__Bacteroides.s__Bacteroides_vulgatus	0.3772202206
PWY-6387: UDP-N-acetylmuramoyl-pentapeptide biosynthesis I (meso-diaminopimelate containing)|g__Eubacterium.s__Eubacterium_sp_CAG_251	0.2808415754
PWY-6387: UDP-N-acetylmuramoyl-pentapeptide biosynthesis I (meso-diaminopimelate containing)|g__Clostridium.s__Clostridium_sp_CAG_594	0.4592829057
PWY-6387: UDP-N-acetylmuramoyl-pentapeptide biosynthesis I (meso-diaminopimelate containing)|g__Faecalibacterium.s__Faecalibacterium_sp_CAG_74	0.2676549503
PWY-6387: UDP-N-acetylmuramoyl-pentapeptide biosynthesis I (meso-diaminopimelate containing)|g__Firmicutes_unclassified.s__Firmicutes_bacterium_CAG_129	0.2264874128
PWY-6387: UDP-N-acetylmuramoyl-pentapeptide biosynthesis I (meso-diaminopimelate containing)|g__Bacteroides.s__Bacteroides_dorei	0.2837131952
PWY-6387: UDP-N-acetylmuramoyl-pentapeptide biosynthesis I (meso-diaminopimelate containing)|g__Ruthenibacterium.s__Ruthenibacterium_lactatiformans	0.5356775537
PWY-6387: UDP-N-acetylmuramoyl-pentapeptide biosynthesis I (meso-diaminopimelate containing)|g__Senegalimassilia.s__Senegalimassilia_anaerobia	0.3996660548
PWY-6387: UDP-N-acetylmuramoyl-pentapeptide biosynthesis I (meso-diaminopimelate containing)|g__Bacteroides.s__Bacteroides_caccae	0.4669270256
PWY-6387: UDP-N-acetylmuramoyl-pentapeptide biosynthesis I (meso-diaminopimelate containing)|g__Streptococcus.s__Streptococcus_pneumoniae	0.2126618317
PWY-6387: UDP-N-acetylmuramoyl-pentapeptide biosynthesis I (meso-diaminopimelate containing)|g__Bifidobacterium.s__Bifidobacterium_catenulatum	0.0008842032
PWY-6387: UDP-N-acetylmuramoyl-pentapeptide biosynthesis I (meso-diaminopimelate containing)|g__Bifidobacterium.s__Bifidobacterium_pseudocatenulatum	0.0802369822
ARO-PWY: chorismate biosynthesis I	1.0000000000
ARO-PWY: chorismate biosynthesis I|g__Bifidobacterium.s__Bifidobacterium_adolescentis	0.0522324454
ARO-PWY: chorismate biosynthesis I|unclassified	0.9866447533
ARO-PWY: chorismate biosynthesis I|g__Bifidobacterium.s__Bifidobacterium_longum	0.4946184879
ARO-PWY: chorismate biosynthesis I|g__Alistipes.s__Alistipes_shahii	0.2563893866
ARO-PWY: chorismate biosynthesis I|g__Ruminococcus.s__Ruminococcus_bromii	0.6912920488
ARO-PWY: chorismate biosynthesis I|g__Akkermansia.s__Akkermansia_muciniphila	0.0009456325
ARO-PWY: chorismate biosynthesis I|g__Blautia.s__Blautia_obeum	0.0892443305
ARO-PWY: chorismate biosynthesis I|g__Subdoligranulum.s__Subdoligranulum_sp_APC924_74	0.5252322760
ARO-PWY: chorismate biosynthesis I|g__Collinsella.s__Collinsella_aerofaciens	0.0005229081
ARO-PWY: chorismate biosynthesis I|g__Faecalibacterium.s__Faecalibacterium_prausnitzii	0.6393431594
ARO-PWY: chorismate biosynthesis I|g__Bacteroides.s__Bacteroides_vulgatus	0.1353080910
ARO-PWY: chorismate biosynthesis I|g__Eubacterium.s__Eubacterium_sp_CAG_251	0.4219358352
ARO-PWY: chorismate biosynthesis I|g__Bacteroides.s__Bacteroides_dorei	0.5034238678
ARO-PWY: chorismate biosynthesis I|g__Clostridium.s__Clostridium_sp_CAG_138	0.1517808099
ARO-PWY: chorismate biosynthesis I|g__Bacteroides.s__Bacteroides_caccae	0.5974381312
ARO-PWY: chorismate biosynthesis I|g__Bifidobacterium.s__Bifidobacterium_bifidum	0.2230574296
ARO-PWY: chorismate biosynthesis I|g__Bifidobacterium.s__Bifidobacterium_pseudocatenulatum	0.0720390318
ARO-PWY: chorismate biosynthesis I|g__Bacteroides.s__Bacteroides_ovatus	0.4325323007
BRANCHED-CHAIN-AA-SYN-PWY: superpathway of branched chain amino acid biosynthesis	1.0000000000
BRANCHED-CHAIN-AA-SYN-PWY: superpathway of branched chain amino acid biosynthesis|g__Bifidobacterium.s__Bifidobacterium_adolescentis	0.9208857613
BRANCHED-CHAIN-AA-SYN-PWY: superpathway of branched chain amino acid biosynthesis|g__Bifidobacterium.s__Bifidobacterium_longum	0.8748536050
BRANCHED-CHAIN-AA-SYN-PWY: superpathway of branched chain amino acid biosynthesis|unclassified	0.0536616023
BRANCHED-CHAIN-AA-SYN-PWY: superpathway of branched chain amino acid biosynthesis|g__Akkermansia.s__Akkermansia_muciniphila	0.3113862904
BRANCHED-CHAIN-AA-SYN-PWY: superpathway of branched chain amino acid biosynthesis|g__Bacteroides.s__Bacteroides_uniformis	0.2371450836
BRANCHED-CHAIN-AA-SYN-PWY: superpathway of branched chain amino acid biosynthesis|g__Blautia.s__Blautia_obeum	0.0000000000
BRANCHED-CHAIN-AA-SYN-PWY: superpathway of branched chain amino acid biosynthesis|g__Bifidobacterium.s__Bifidobacterium_catenulatum	0.6076886759
BRANCHED-CHAIN-AA-SYN-PWY: superpathway of branched chain amino acid biosynthesis|g__Bacteroides.s__Bacteroides_caccae	0.4443786541
BRANCHED-CHAIN-AA-SYN-PWY: superpathway of branched chain amino acid biosynthesis|g__Bifidobacterium.s__Bifidobacterium_bifidum	0.0879608856
BRANCHED-CHAIN-AA-SYN-PWY: superpathway of branched chain amino acid biosynthesis|g__Bacteroides.s__Bacteroides_thetaiotaomicron	0.3029745333
BRANCHED-CHAIN-AA-SYN-PWY: superpathway of branched chain amino acid biosynthesis|g__Bifidobacterium.s__Bifidobacterium_pseudocatenulatum	0.1995395924
BRANCHED-CHAIN-AA-SYN-PWY: superpathway of branched chain amino acid biosynthesis|g__Blautia.s__Blautia_wexlerae	0.0421751768
DTDPRHAMSYN-PWY: dTDP-&beta;-L-rhamnose biosynthesis	1.0000000000
DTDPRHAMSYN-PWY: dTDP-&beta;-L-rhamnose biosynthesis|unclassified	0.9999999979
DTDPRHAMSYN-PWY: dTDP-&beta;-L-rhamnose biosynthesis|g__Bifidobacterium.s__Bifidobacterium_adolescentis	0.0000000000
DTDPRHAMSYN-PWY: dTDP-&beta;-L-rhamnose biosynthesis|g__Alistipes.s__Alistipes_shahii	0.6994067297
DTDPRHAMSYN-PWY: dTDP-&beta;-L-rhamnose biosynthesis|g__Alistipes.s__Alistipes_putredinis	0.2803460019
DTDPRHAMSYN-PWY: dTDP-&beta;-L-rhamnose biosynthesis|g__Akkermansia.s__Akkermansia_muciniphila	0.1452537410
DTDPRHAMSYN-PWY: dTDP-&beta;-L-rhamnose biosynthesis|g__Collinsella.s__Collinsella_aerofaciens	0.1776432338
DTDPRHAMSYN-PWY: dTDP-&beta;-L-rhamnose biosynthesis|g__Blautia.s__Blautia_obeum	0.7756041270
DTDPRHAMSYN-PWY: dTDP-&beta;-L-rhamnose biosynthesis|g__Oscillibacter.s__Oscillibacter_sp_CAG_241	0.3346583333
DTDPRHAMSYN-PWY: dTDP-&beta;-L-rhamnose biosynthesis|g__Subdoligranulum.s__Subdoligranulum_sp_APC924_74	0.7847384292
DTDPRHAMSYN-PWY: dTDP-&beta;-L-rhamnose biosynthesis|g__Ruminococcus.s__Ruminococcus_sp_CAG_177	0.5177239661
DTDPRHAMSYN-PWY: dTDP-&beta;-L-rhamnose biosynthesis|g__Bacteroides.s__Bacteroides_uniformis	0.9007390706
DTDPRHAMSYN-PWY: dTDP-&beta;-L-rhamnose biosynthesis|g__Bifidobacterium.s__Bifidobacterium_longum	0.0000000000
DTDPRHAMSYN-PWY: dTDP-&beta;-L-rhamnose biosynthesis|g__Barnesiella.s__Barnesiella_intestinihominis	0.1543831250
DTDPRHAMSYN-PWY: dTDP-&beta;-L-rhamnose biosynthesis|g__Alistipes.s__Alistipes_finegoldii	0.9822810063
DTDPRHAMSYN-PWY: dTDP-&beta;-L-rhamnose biosynthesis|g__Bacteroides.s__Bacteroides_caccae	0.9923195172
DTDPRHAMSYN-PWY: dTDP-&beta;-L-rhamnose biosynthesis|g__Faecalibacterium.s__Faecalibacterium_prausnitzii	0.9014825595
DTDPRHAMSYN-PWY: dTDP-&beta;-L-rhamnose biosynthesis|g__Bacteroides.s__Bacteroides_vulgatus	0.1864482054
DTDPRHAMSYN-PWY: dTDP-&beta;-L-rhamnose biosynthesis|g__Faecalibacterium.s__Faecalibacterium_sp_CAG_74	0.3656153095
DTDPRHAMSYN-PWY: dTDP-&beta;-L-rhamnose biosynthesis|g__Alistipes.s__Alistipes_indistinctus	0.8981340375
DTDPRHAMSYN-PWY: dTDP-&beta;-L-rhamnose biosynthesis|g__Bifidobacterium.s__Bifidobacterium_pseudocatenulatum	0.9267985471
DTDPRHAMSYN-PWY: dTDP-&beta;-L-rhamnose biosynthesis|g__Bifidobacterium.s__Bifidobacterium_bifidum	0.4096472274
DTDPRHAMSYN-PWY: dTDP-&beta;-L-rhamnose biosynthesis|g__Bacteroides.s__Bacteroides_sp_CAG_530	0.6085842860
DTDPRHAMSYN-PWY: dTDP-&beta;-L-rhamnose biosynthesis|g__Alistipes.s__Alistipes_onderdonkii	0.6895020583
DTDPRHAMSYN-PWY: dTDP-&beta;-L-rhamnose biosynthesis|g__Bacteroides.s__Bacteroides_dorei	0.1608931053
DTDPRHAMSYN-PWY: dTDP-&beta;-L-rhamnose biosynthesis|g__Bifidobacterium.s__Bifidobacterium_catenulatum	0.2323539076
DTDPRHAMSYN-PWY: dTDP-&beta;-L-rhamnose biosynthesis|g__Dorea.s__Dorea_longicatena	0.1216882074
DTDPRHAMSYN-PWY: dTDP-&beta;-L-rhamnose biosynthesis|g__Blautia.s__Blautia_wexlerae	0.1885739720
DTDPRHAMSYN-PWY: dTDP-&beta;-L-rhamnose biosynthesis|g__Bacteroides.s__Bacteroides_thetaiotaomicron	0.1515694263
DTDPRHAMSYN-PWY: dTDP-&beta;-L-rhamnose biosynthesis|g__Bacteroides.s__Bacteroides_intestinalis	0.7406531321
DTDPRHAMSYN-PWY: dTDP-&beta;-L-rhamnose biosynthesis|g__Streptococcus.s__Streptococcus_salivarius	0.0463487685
PEPTIDOGLYCANSYN-PWY: peptidoglycan biosynthesis I (meso-diaminopimelate containing)	1.0000000000
PEPTIDOGLYCANSYN-PWY: peptidoglycan biosynthesis I (meso-diaminopimelate containing)|g__Bifidobacterium.s__Bifidobacterium_adolescentis	0.0000000000
PEPTIDOGLYCANSYN-PWY: peptidoglycan biosynthesis I (meso-diaminopimelate containing)|unclassified	0.9560835331
PEPTIDOGLYCANSYN-PWY: peptidoglycan biosynthesis I (meso-diaminopimelate containing)|g__Bifidobacterium.s__Bifidobacterium_longum	0.3640621868
PEPTIDOGLYCANSYN-PWY: peptidoglycan biosynthesis I (meso-diaminopimelate containing)|g__Akkermansia.s__Akkermansia_muciniphila	0.7113830068
PEPTIDOGLYCANSYN-PWY: peptidoglycan biosynthesis I (meso-diaminopimelate containing)|g__Alistipes.s__Alistipes_putredinis	0.5129672589
PEPTIDOGLYCANSYN-PWY: peptidoglycan biosynthesis I (meso-diaminopimelate containing)|g__Blautia.s__Blautia_obeum	0.6186320387
PEPTIDOGLYCANSYN-PWY: peptidoglycan biosynthesis I (meso-diaminopimelate containing)|g__Oscillibacter.s__Oscillibacter_sp_CAG_241	0.1911287759
PEPTIDOGLYCANSYN-PWY: peptidoglycan biosynthesis I (meso-diaminopimelate containing)|g__Collinsella.s__Collinsella_aerofaciens	0.0006610616
PEPTIDOGLYCANSYN-PWY: peptidoglycan biosynthesis I (meso-diaminopimelate containing)|g__Subdoligranulum.s__Subdoligranulum_sp_APC924_74	0.0823177661
PEPTIDOGLYCANSYN-PWY: peptidoglycan biosynthesis I (meso-diaminopimelate containing)|g__Barnesiella.s__Barnesiella_intestinihominis	0.2747706492
PEPTIDOGLYCANSYN-PWY: peptidoglycan biosynthesis I (meso-diaminopimelate containing)|g__Bacteroides.s__Bacteroides_vulgatus	0.4021965258
PEPTIDOGLYCANSYN-PWY: peptidoglycan biosynthesis I (meso-diaminopimelate containing)|g__Bacteroides.s__Bacteroides_uniformis	0.3028826871
PEPTIDOGLYCANSYN-PWY: peptidoglycan biosynthesis I (meso-diaminopimelate containing)|g__Eubacterium.s__Eubacterium_sp_CAG_251	0.2526124697
PEPTIDOGLYCANSYN-PWY: peptidoglycan biosynthesis I (meso-diaminopimelate containing)|g__Clostridium.s__Clostridium_sp_CAG_594	0.3918220312
PEPTIDOGLYCANSYN-PWY: peptidoglycan biosynthesis I (meso-diaminopimelate containing)|g__Faecalibacterium.s__Faecalibacterium_sp_CAG_74	0.2504823214
PEPTIDOGLYCANSYN-PWY: peptidoglycan biosynthesis I (meso-diaminopimelate containing)|g__Bacteroides.s__Bacteroides_dorei	0.2232316529
PEPTIDOGLYCANSYN-PWY: peptidoglycan biosynthesis I (meso-diaminopimelate containing)|g__Ruthenibacterium.s__Ruthenibacterium_lactatiformans	0.5644976150
PEPTIDOGLYCANSYN-PWY: peptidoglycan biosynthesis I (meso-diaminopimelate containing)|g__Bacteroides.s__Bacteroides_caccae	0.4681061969
PEPTIDOGLYCANSYN-PWY: peptidoglycan biosynthesis I (meso-diaminopimelate containing)|g__Bifidobacterium.s__Bifidobacterium_catenulatum	0.0011003044
PEPTIDOGLYCANSYN-PWY: peptidoglycan biosynthesis I (meso-diaminopimelate containing)|g__Streptococcus.s__Streptococcus_pneumoniae	0.1258329293
PEPTIDOGLYCANSYN-PWY: peptidoglycan biosynthesis I (meso-diaminopimelate containing)|g__Bifidobacterium.s__Bifidobacterium_pseudocatenulatum	0.0922789340
ILEUSYN-PWY: L-isoleucine biosynthesis I (from threonine)	1.0000000000
ILEUSYN-PWY: L-isoleucine biosynthesis I (from threonine)|g__Bifidobacterium.s__Bifidobacterium_adolescentis	0.8873330921
ILEUSYN-PWY: L-isoleucine biosynthesis I (from threonine)|g__Bifidobacterium.s__Bifidobacterium_longum	0.8531439342
ILEUSYN-PWY: L-isoleucine biosynthesis I (from threonine)|unclassified	0.0369779559
ILEUSYN-PWY: L-isoleucine biosynthesis I (from threonine)|g__Akkermansia.s__Akkermansia_muciniphila	0.4362990200
ILEUSYN-PWY: L-isoleucine biosynthesis I (from threonine)|g__Bacteroides.s__Bacteroides_uniformis	0.2528457624
ILEUSYN-PWY: L-isoleucine biosynthesis I (from threonine)|g__Blautia.s__Blautia_obeum	0.0000000000
ILEUSYN-PWY: L-isoleucine biosynthesis I (from threonine)|g__Bifidobacterium.s__Bifidobacterium_catenulatum	0.5919339521
ILEUSYN-PWY: L-isoleucine biosynthesis I (from threonine)|g__Bifidobacterium.s__Bifidobacterium_bifidum	0.1151886518
ILEUSYN-PWY: L-isoleucine biosynthesis I (from threonine)|g__Bacteroides.s__Bacteroides_caccae	0.6108128644
ILEUSYN-PWY: L-isoleucine biosynthesis I (from threonine)|g__Bacteroides.s__Bacteroides_thetaiotaomicron	0.5613387703
ILEUSYN-PWY: L-isoleucine biosynthesis I (from threonine)|g__Bifidobacterium.s__Bifidobacterium_pseudocatenulatum	0.1532863033
ILEUSYN-PWY: L-isoleucine biosynthesis I (from threonine)|g__Blautia.s__Blautia_wexlerae	0.0415275974
ILEUSYN-PWY: L-isoleucine biosynthesis I (from threonine)|g__Bacteroides.s__Bacteroides_clarus	0.6126061229
ILEUSYN-PWY: L-isoleucine biosynthesis I (from threonine)|g__Bacteroides.s__Bacteroides_finegoldii	0.5434753058
PWY-6163: chorismate biosynthesis from 3-dehydroquinate	1.0000000000
PWY-6163: chorismate biosynthesis from 3-dehydroquinate|g__Bifidobacterium.s__Bifidobacterium_adolescentis	0.0378741059
PWY-6163: chorismate biosynthesis from 3-dehydroquinate|unclassified	0.9814533200
PWY-6163: chorismate biosynthesis from 3-dehydroquinate|g__Bifidobacterium.s__Bifidobacterium_longum	0.4899552562
PWY-6163: chorismate biosynthesis from 3-dehydroquinate|g__Alistipes.s__Alistipes_shahii	0.5117433819
PWY-6163: chorismate biosynthesis from 3-dehydroquinate|g__Ruminococcus.s__Ruminococcus_bromii	0.7872817333
PWY-6163: chorismate biosynthesis from 3-dehydroquinate|g__Blautia.s__Blautia_obeum	0.7184971573
PWY-6163: chorismate biosynthesis from 3-dehydroquinate|g__Akkermansia.s__Akkermansia_muciniphila	0.0006756370
PWY-6163: chorismate biosynthesis from 3-dehydroquinate|g__Ruminococcus.s__Ruminococcus_sp_CAG_177	0.4667755167
PWY-6163: chorismate biosynthesis from 3-dehydroquinate|g__Subdoligranulum.s__Subdoligranulum_sp_APC924_74	0.4540810617
PWY-6163: chorismate biosynthesis from 3-dehydroquinate|g__Firmicutes_unclassified.s__Firmicutes_bacterium_CAG_124	0.1994013792
PWY-6163: chorismate biosynthesis from 3-dehydroquinate|g__Collinsella.s__Collinsella_aerofaciens	0.0003735762
PWY-6163: chorismate biosynthesis from 3-dehydroquinate|g__Barnesiella.s__Barnesiella_intestinihominis	0.3406032169
PWY-6163: chorismate biosynthesis from 3-dehydroquinate|g__Bacteroides.s__Bacteroides_uniformis	0.5733058756
PWY-6163: chorismate biosynthesis from 3-dehydroquinate|g__Faecalibacterium.s__Faecalibacterium_prausnitzii	0.8289723551
PWY-6163: chorismate biosynthesis from 3-dehydroquinate|g__Bacteroides.s__Bacteroides_vulgatus	0.3152586062
PWY-6163: chorismate biosynthesis from 3-dehydroquinate|g__Faecalibacterium.s__Faecalibacterium_sp_CAG_74	0.4572145577
PWY-6163: chorismate biosynthesis from 3-dehydroquinate|g__Eubacterium.s__Eubacterium_sp_CAG_251	0.4612345854
PWY-6163: chorismate biosynthesis from 3-dehydroquinate|g__Bacteroides.s__Bacteroides_dorei	0.5901400755
PWY-6163: chorismate biosynthesis from 3-dehydroquinate|g__Clostridium.s__Clostridium_sp_CAG_138	0.2764508191
PWY-6163: chorismate biosynthesis from 3-dehydroquinate|g__Bacteroides.s__Bacteroides_caccae	0.6952313440
PWY-6163: chorismate biosynthesis from 3-dehydroquinate|g__Bifidobacterium.s__Bifidobacterium_bifidum	0.2441329361
PWY-6163: chorismate biosynthesis from 3-dehydroquinate|g__Ruthenibacterium.s__Ruthenibacterium_lactatiformans	0.2815087791
PWY-6163: chorismate biosynthesis from 3-dehydroquinate|g__Acidaminococcus.s__Acidaminococcus_fermentans	0.4348757354
PWY-6163: chorismate biosynthesis from 3-dehydroquinate|g__Bacteroides.s__Bacteroides_thetaiotaomicron	0.2357926249
PWY-6163: chorismate biosynthesis from 3-dehydroquinate|g__Bacteroides.s__Bacteroides_ovatus	0.6550472395
PWY-6163: chorismate biosynthesis from 3-dehydroquinate|g__Bifidobacterium.s__Bifidobacterium_pseudocatenulatum	0.0536494232
PWY-6163: chorismate biosynthesis from 3-dehydroquinate|g__Bacteroides.s__Bacteroides_finegoldii	0.5492511516
PWY-1042: glycolysis IV	1.0000000000
PWY-1042: glycolysis IV|unclassified	0.9125082155
PWY-1042: glycolysis IV|g__Alistipes.s__Alistipes_shahii	0.3940507518
PWY-1042: glycolysis IV|g__Alistipes.s__Alistipes_putredinis	0.4725451968
PWY-1042: glycolysis IV|g__Collinsella.s__Collinsella_aerofaciens	0.1216210549
PWY-1042: glycolysis IV|g__Blautia.s__Blautia_obeum	0.0000000812
PWY-1042: glycolysis IV|g__Bacteroides.s__Bacteroides_vulgatus	0.3126866835
PWY-1042: glycolysis IV|g__Bacteroides.s__Bacteroides_dorei	0.6447150049
PWY-1042: glycolysis IV|g__Faecalibacterium.s__Faecalibacterium_prausnitzii	0.5235653077
PWY-1042: glycolysis IV|g__Dorea.s__Dorea_longicatena	0.7872234658
PWY-1042: glycolysis IV|g__Bacteroides.s__Bacteroides_caccae	0.6672776899
PWY-1042: glycolysis IV|g__Ruthenibacterium.s__Ruthenibacterium_lactatiformans	0.3999867097
PWY-I9: L-cysteine biosynthesis VI (from L-methionine)	1.0000000000
PWY-I9: L-cysteine biosynthesis VI (from L-methionine)|g__Bifidobacterium.s__Bifidobacterium_longum	0.9601835843
PWY-5103: L-isoleucine biosynthesis III	1.0000000000
PWY-5103: L-isoleucine biosynthesis III|g__Bifidobacterium.s__Bifidobacterium_adolescentis	0.8311698320
PWY-5103: L-isoleucine biosynthesis III|g__Bifidobacterium.s__Bifidobacterium_longum	0.8273655198
PWY-5103: L-isoleucine biosynthesis III|unclassified	0.0238209854
PWY-5103: L-isoleucine biosynthesis III|g__Akkermansia.s__Akkermansia_muciniphila	0.4022524400
PWY-5103: L-isoleucine biosynthesis III|g__Bacteroides.s__Bacteroides_uniformis	0.1908733212
PWY-5103: L-isoleucine biosynthesis III|g__Bifidobacterium.s__Bifidobacterium_catenulatum	0.5413413441
PWY-5103: L-isoleucine biosynthesis III|g__Blautia.s__Blautia_obeum	0.0000000000
PWY-5103: L-isoleucine biosynthesis III|g__Bacteroides.s__Bacteroides_caccae	0.5308713970
PWY-5103: L-isoleucine biosynthesis III|g__Bifidobacterium.s__Bifidobacterium_bifidum	0.0760331379
PWY-5103: L-isoleucine biosynthesis III|g__Bacteroides.s__Bacteroides_thetaiotaomicron	0.5169012929
PWY-5103: L-isoleucine biosynthesis III|g__Bifidobacterium.s__Bifidobacterium_pseudocatenulatum	0.1072438694
PWY-5103: L-isoleucine biosynthesis III|g__Blautia.s__Blautia_wexlerae	0.0271753513
PWY-5103: L-isoleucine biosynthesis III|g__Bacteroides.s__Bacteroides_clarus	0.5372313327
PWY-5103: L-isoleucine biosynthesis III|g__Bacteroides.s__Bacteroides_finegoldii	0.5291674600
TRNA-CHARGING-PWY: tRNA charging	0.9999999996
TRNA-CHARGING-PWY: tRNA charging|unclassified	0.9324814862
TRNA-CHARGING-PWY: tRNA charging|g__Alistipes.s__Alistipes_shahii	0.2958585006
TRNA-CHARGING-PWY: tRNA charging|g__Alistipes.s__Alistipes_putredinis	0.3899474047
TRNA-CHARGING-PWY: tRNA charging|g__Ruminococcus.s__Ruminococcus_sp_CAG_177	0.1283395341
TRNA-CHARGING-PWY: tRNA charging|g__Subdoligranulum.s__Subdoligranulum_sp_APC924_74	0.3539369070
TRNA-CHARGING-PWY: tRNA charging|g__Barnesiella.s__Barnesiella_intestinihominis	0.1606689361
TRNA-CHARGING-PWY: tRNA charging|g__Bacteroides.s__Bacteroides_vulgatus	0.2971015124
TRNA-CHARGING-PWY: tRNA charging|g__Bacteroides.s__Bacteroides_uniformis	0.1653538899
TRNA-CHARGING-PWY: tRNA charging|g__Faecalibacterium.s__Faecalibacterium_sp_CAG_74	0.4098065551
TRNA-CHARGING-PWY: tRNA charging|g__Faecalibacterium.s__Faecalibacterium_prausnitzii	0.5386016580
TRNA-CHARGING-PWY: tRNA charging|g__Clostridium.s__Clostridium_sp_CAG_138	0.4379853794
TRNA-CHARGING-PWY: tRNA charging|g__Bacteroides.s__Bacteroides_caccae	0.4049222228
TRNA-CHARGING-PWY: tRNA charging|g__Bacteroides.s__Bacteroides_dorei	0.0000000465
TRNA-CHARGING-PWY: tRNA charging|g__Bacteroides.s__Bacteroides_ovatus	0.3579824176
COMPLETE-ARO-PWY: superpathway of aromatic amino acid biosynthesis	0.9928982708
COMPLETE-ARO-PWY: superpathway of aromatic amino acid biosynthesis|unclassified	0.9788011610
COMPLETE-ARO-PWY: superpathway of aromatic amino acid biosynthesis|g__Bifidobacterium.s__Bifidobacterium_longum	0.5279718920
COMPLETE-ARO-PWY: superpathway of aromatic amino acid biosynthesis|g__Blautia.s__Blautia_obeum	0.0993877332
COMPLETE-ARO-PWY: superpathway of aromatic amino acid biosynthesis|g__Eubacterium.s__Eubacterium_sp_CAG_251	0.4466971147
PWY-6385: peptidoglycan biosynthesis III (mycobacteria)	1.0000000000
PWY-6385: peptidoglycan biosynthesis III (mycobacteria)|g__Bifidobacterium.s__Bifidobacterium_adolescentis	0.0000000000
PWY-6385: peptidoglycan biosynthesis III (mycobacteria)|unclassified	0.0791121035
PWY-6385: peptidoglycan biosynthesis III (mycobacteria)|g__Alistipes.s__Alistipes_putredinis	0.3581639529
PWY-6385: peptidoglycan biosynthesis III (mycobacteria)|g__Blautia.s__Blautia_obeum	0.4739630396
PWY-6385: peptidoglycan biosynthesis III (mycobacteria)|g__Oscillibacter.s__Oscillibacter_sp_CAG_241	0.1630458823
PWY-6385: peptidoglycan biosynthesis III (mycobacteria)|g__Collinsella.s__Collinsella_aerofaciens	0.0006639080
PWY-6385: peptidoglycan biosynthesis III (mycobacteria)|g__Bacteroides.s__Bacteroides_uniformis	0.3446906699
PWY-6385: peptidoglycan biosynthesis III (mycobacteria)|g__Bacteroides.s__Bacteroides_vulgatus	0.3600309477
PWY-6385: peptidoglycan biosynthesis III (mycobacteria)|g__Eubacterium.s__Eubacterium_sp_CAG_251	0.1087052153
PWY-6385: peptidoglycan biosynthesis III (mycobacteria)|g__Bacteroides.s__Bacteroides_dorei	0.0900662620
PWY-6385: peptidoglycan biosynthesis III (mycobacteria)|g__Ruthenibacterium.s__Ruthenibacterium_lactatiformans	0.3547102687
PWY-6385: peptidoglycan biosynthesis III (mycobacteria)|g__Bacteroides.s__Bacteroides_caccae	0.4988362261
PWY-6385: peptidoglycan biosynthesis III (mycobacteria)|g__Bifidobacterium.s__Bifidobacterium_catenulatum	0.0011050093
PWY-6385: peptidoglycan biosynthesis III (mycobacteria)|g__Bifidobacterium.s__Bifidobacterium_pseudocatenulatum	0.0970300151
PWY-6122: 5-aminoimidazole ribonucleotide biosynthesis II	1.0000000000
PWY-6122: 5-aminoimidazole ribonucleotide biosynthesis II|g__Bifidobacterium.s__Bifidobacterium_adolescentis	0.5578854447
PWY-6122: 5-aminoimidazole ribonucleotide biosynthesis II|unclassified	0.9950193403
PWY-6122: 5-aminoimidazole ribonucleotide biosynthesis II|g__Bifidobacterium.s__Bifidobacterium_longum	0.2347619445
PWY-6122: 5-aminoimidazole ribonucleotide biosynthesis II|g__Alistipes.s__Alistipes_shahii	0.5878699024
PWY-6122: 5-aminoimidazole ribonucleotide biosynthesis II|g__Collinsella.s__Collinsella_aerofaciens	0.8770758670
PWY-6122: 5-aminoimidazole ribonucleotide biosynthesis II|g__Alistipes.s__Alistipes_putredinis	0.6482282000
PWY-6122: 5-aminoimidazole ribonucleotide biosynthesis II|g__Akkermansia.s__Akkermansia_muciniphila	0.1238023779
PWY-6122: 5-aminoimidazole ribonucleotide biosynthesis II|g__Blautia.s__Blautia_obeum	0.6248482894
PWY-6122: 5-aminoimidazole ribonucleotide biosynthesis II|g__Ruminococcus.s__Ruminococcus_sp_CAG_177	0.5292479231
PWY-6122: 5-aminoimidazole ribonucleotide biosynthesis II|g__Ruminococcus.s__Ruminococcus_bromii	0.0131626608
PWY-6122: 5-aminoimidazole ribonucleotide biosynthesis II|g__Subdoligranulum.s__Subdoligranulum_sp_APC924_74	0.3704032284
PWY-6122: 5-aminoimidazole ribonucleotide biosynthesis II|g__Barnesiella.s__Barnesiella_intestinihominis	0.6153138564
PWY-6122: 5-aminoimidazole ribonucleotide biosynthesis II|g__Bacteroides.s__Bacteroides_uniformis	0.2321868949
PWY-6122: 5-aminoimidazole ribonucleotide biosynthesis II|g__Bifidobacterium.s__Bifidobacterium_pseudocatenulatum	0.9911064666
PWY-6122: 5-aminoimidazole ribonucleotide biosynthesis II|g__Eubacterium.s__Eubacterium_sp_CAG_251	0.4014052133
PWY-6122: 5-aminoimidazole ribonucleotide biosynthesis II|g__Bacteroides.s__Bacteroides_vulgatus	0.1796688848
PWY-6122: 5-aminoimidazole ribonucleotide biosynthesis II|g__Faecalibacterium.s__Faecalibacterium_prausnitzii	0.7089226137
PWY-6122: 5-aminoimidazole ribonucleotide biosynthesis II|g__Bacteroides.s__Bacteroides_dorei	0.4606770463
PWY-6122: 5-aminoimidazole ribonucleotide biosynthesis II|g__Clostridium.s__Clostridium_sp_CAG_138	0.4901636932
PWY-6122: 5-aminoimidazole ribonucleotide biosynthesis II|g__Bifidobacterium.s__Bifidobacterium_catenulatum	0.6561341285
PWY-6122: 5-aminoimidazole ribonucleotide biosynthesis II|g__Bifidobacterium.s__Bifidobacterium_bifidum	0.3542241556
PWY-6122: 5-aminoimidazole ribonucleotide biosynthesis II|g__Bacteroides.s__Bacteroides_sp_CAG_530	0.5551908517
PWY-6122: 5-aminoimidazole ribonucleotide biosynthesis II|g__Bacteroides.s__Bacteroides_caccae	0.6884754340
PWY-6122: 5-aminoimidazole ribonucleotide biosynthesis II|g__Coprococcus.s__Coprococcus_comes	0.5902667311
PWY-6122: 5-aminoimidazole ribonucleotide biosynthesis II|g__Alistipes.s__Alistipes_finegoldii	0.2742789711
PWY-6122: 5-aminoimidazole ribonucleotide biosynthesis II|g__Bacteroides.s__Bacteroides_thetaiotaomicron	0.5071362841
PWY-6122: 5-aminoimidazole ribonucleotide biosynthesis II|g__Dorea.s__Dorea_longicatena	0.0384738646
PWY-6122: 5-aminoimidazole ribonucleotide biosynthesis II|g__Blautia.s__Blautia_wexlerae	0.1227562507
PWY-6122: 5-aminoimidazole ribonucleotide biosynthesis II|g__Bacteroides.s__Bacteroides_finegoldii	0.5172652329
PWY-6122: 5-aminoimidazole ribonucleotide biosynthesis II|g__Alistipes.s__Alistipes_onderdonkii	0.0033383713
PWY-6277: superpathway of 5-aminoimidazole ribonucleotide biosynthesis	1.0000000000
PWY-6277: superpathway of 5-aminoimidazole ribonucleotide biosynthesis|g__Bifidobacterium.s__Bifidobacterium_adolescentis	0.5578854447
PWY-6277: superpathway of 5-aminoimidazole ribonucleotide biosynthesis|unclassified	0.9950193403
PWY-6277: superpathway of 5-aminoimidazole ribonucleotide biosynthesis|g__Bifidobacterium.s__Bifidobacterium_longum	0.2347619445
PWY-6277: superpathway of 5-aminoimidazole ribonucleotide biosynthesis|g__Alistipes.s__Alistipes_shahii	0.5878699024
PWY-6277: superpathway of 5-aminoimidazole ribonucleotide biosynthesis|g__Collinsella.s__Collinsella_aerofaciens	0.8770758670
PWY-6277: superpathway of 5-aminoimidazole ribonucleotide biosynthesis|g__Alistipes.s__Alistipes_putredinis	0.6482282000
PWY-6277: superpathway of 5-aminoimidazole ribonucleotide biosynthesis|g__Akkermansia.s__Akkermansia_muciniphila	0.1238023779
PWY-6277: superpathway of 5-aminoimidazole ribonucleotide biosynthesis|g__Blautia.s__Blautia_obeum	0.6248482894
PWY-6277: superpathway of 5-aminoimidazole ribonucleotide biosynthesis|g__Ruminococcus.s__Ruminococcus_sp_CAG_177	0.5292479231
PWY-6277: superpathway of 5-aminoimidazole ribonucleotide biosynthesis|g__Ruminococcus.s__Ruminococcus_bromii	0.0131626608
PWY-6277: superpathway of 5-aminoimidazole ribonucleotide biosynthesis|g__Subdoligranulum.s__Subdoligranulum_sp_APC924_74	0.3704032284
PWY-6277: superpathway of 5-aminoimidazole ribonucleotide biosynthesis|g__Barnesiella.s__Barnesiella_intestinihominis	0.6153138564
PWY-6277: superpathway of 5-aminoimidazole ribonucleotide biosynthesis|g__Bacteroides.s__Bacteroides_uniformis	0.2321868949
PWY-6277: superpathway of 5-aminoimidazole ribonucleotide biosynthesis|g__Bifidobacterium.s__Bifidobacterium_pseudocatenulatum	0.9911064666
PWY-6277: superpathway of 5-aminoimidazole ribonucleotide biosynthesis|g__Eubacterium.s__Eubacterium_sp_CAG_251	0.4014052133
PWY-6277: superpathway of 5-aminoimidazole ribonucleotide biosynthesis|g__Bacteroides.s__Bacteroides_vulgatus	0.1796688848
PWY-6277: superpathway of 5-aminoimidazole ribonucleotide biosynthesis|g__Faecalibacterium.s__Faecalibacterium_prausnitzii	0.7089226137
PWY-6277: superpathway of 5-aminoimidazole ribonucleotide biosynthesis|g__Bacteroides.s__Bacteroides_dorei	0.4606770463
PWY-6277: superpathway of 5-aminoimidazole ribonucleotide biosynthesis|g__Clostridium.s__Clostridium_sp_CAG_138	0.4901636932
PWY-6277: superpathway of 5-aminoimidazole ribonucleotide biosynthesis|g__Bifidobacterium.s__Bifidobacterium_catenulatum	0.6561341285
PWY-6277: superpathway of 5-aminoimidazole ribonucleotide biosynthesis|g__Bifidobacterium.s__Bifidobacterium_bifidum	0.3542241556
PWY-6277: superpathway of 5-aminoimidazole ribonucleotide biosynthesis|g__Bacteroides.s__Bacteroides_sp_CAG_530	0.5551908517
PWY-6277: superpathway of 5-aminoimidazole ribonucleotide biosynthesis|g__Bacteroides.s__Bacteroides_caccae	0.6884754340
PWY-6277: superpathway of 5-aminoimidazole ribonucleotide biosynthesis|g__Coprococcus.s__Coprococcus_comes	0.5902667311
PWY-6277: superpathway of 5-aminoimidazole ribonucleotide biosynthesis|g__Alistipes.s__Alistipes_finegoldii	0.2742789711
PWY-6277: superpathway of 5-aminoimidazole ribonucleotide biosynthesis|g__Bacteroides.s__Bacteroides_thetaiotaomicron	0.5071362841
PWY-6277: superpathway of 5-aminoimidazole ribonucleotide biosynthesis|g__Dorea.s__Dorea_longicatena	0.0384738646
PWY-6277: superpathway of 5-aminoimidazole ribonucleotide biosynthesis|g__Blautia.s__Blautia_wexlerae	0.1227562507
PWY-6277: superpathway of 5-aminoimidazole ribonucleotide biosynthesis|g__Bacteroides.s__Bacteroides_finegoldii	0.5172652329
PWY-6277: superpathway of 5-aminoimidazole ribonucleotide biosynthesis|g__Alistipes.s__Alistipes_onderdonkii	0.0033383713
PWY-3841: folate transformations II (plants)	1.0000000000
PWY-3841: folate transformations II (plants)|g__Bifidobacterium.s__Bifidobacterium_adolescentis	0.0188966784
PWY-3841: folate transformations II (plants)|unclassified	0.9958104420
PWY-3841: folate transformations II (plants)|g__Bifidobacterium.s__Bifidobacterium_longum	0.6234265873
PWY-3841: folate transformations II (plants)|g__Alistipes.s__Alistipes_putredinis	0.4540663404
PWY-3841: folate transformations II (plants)|g__Akkermansia.s__Akkermansia_muciniphila	0.0092250723
PWY-3841: folate transformations II (plants)|g__Ruminococcus.s__Ruminococcus_sp_CAG_177	0.4837763482
PWY-3841: folate transformations II (plants)|g__Barnesiella.s__Barnesiella_intestinihominis	0.6956637364
PWY-3841: folate transformations II (plants)|g__Bacteroides.s__Bacteroides_uniformis	0.4409911865
PWY-3841: folate transformations II (plants)|g__Firmicutes_unclassified.s__Firmicutes_bacterium_CAG_129	0.5679657557
PWY-3841: folate transformations II (plants)|g__Eubacterium.s__Eubacterium_sp_CAG_251	0.3034415532
PWY-3841: folate transformations II (plants)|g__Bacteroides.s__Bacteroides_vulgatus	0.0081716270
PWY-3841: folate transformations II (plants)|g__Bacteroides.s__Bacteroides_dorei	0.3469978572
PWY-3841: folate transformations II (plants)|g__Bacteroides.s__Bacteroides_caccae	0.4677192454
PWY-3841: folate transformations II (plants)|g__Parabacteroides.s__Parabacteroides_merdae	0.5147432535
PWY-3841: folate transformations II (plants)|g__Bacteroides.s__Bacteroides_ovatus	0.5262246909
PWY-3841: folate transformations II (plants)|g__Bacteroides.s__Bacteroides_thetaiotaomicron	0.0677507819
PWY-3841: folate transformations II (plants)|g__Bacteroides.s__Bacteroides_finegoldii	0.5106270886
PWY-5097: L-lysine biosynthesis VI	1.0000000000
PWY-5097: L-lysine biosynthesis VI|g__Bifidobacterium.s__Bifidobacterium_adolescentis	0.9328516158
PWY-5097: L-lysine biosynthesis VI|g__Bifidobacterium.s__Bifidobacterium_longum	0.7852985336
PWY-5097: L-lysine biosynthesis VI|unclassified	0.0000884856
PWY-5097: L-lysine biosynthesis VI|g__Akkermansia.s__Akkermansia_muciniphila	0.1707875442
PWY-5097: L-lysine biosynthesis VI|g__Ruminococcus.s__Ruminococcus_bromii	0.0257153906
PWY-5097: L-lysine biosynthesis VI|g__Barnesiella.s__Barnesiella_intestinihominis	0.4771871439
PWY-5097: L-lysine biosynthesis VI|g__Blautia.s__Blautia_obeum	0.0000003873
PWY-5097: L-lysine biosynthesis VI|g__Bacteroides.s__Bacteroides_uniformis	0.3231148523
PWY-5097: L-lysine biosynthesis VI|g__Bacteroides.s__Bacteroides_vulgatus	0.0953562729
PWY-5097: L-lysine biosynthesis VI|g__Bifidobacterium.s__Bifidobacterium_catenulatum	0.6675485316
PWY-5097: L-lysine biosynthesis VI|g__Bifidobacterium.s__Bifidobacterium_bifidum	0.3106101991
PWY-5097: L-lysine biosynthesis VI|g__Bacteroides.s__Bacteroides_dorei	0.1219682078
PWY-5097: L-lysine biosynthesis VI|g__Faecalibacterium.s__Faecalibacterium_prausnitzii	0.0560344939
PWY-5097: L-lysine biosynthesis VI|g__Bacteroides.s__Bacteroides_caccae	0.4972447526
PWY-6151: S-adenosyl-L-methionine salvage I	1.0000000000
PWY-6151: S-adenosyl-L-methionine salvage I|g__Bifidobacterium.s__Bifidobacterium_adolescentis	0.6759608247
PWY-6151: S-adenosyl-L-methionine salvage I|g__Bifidobacterium.s__Bifidobacterium_longum	0.9507200184
PWY-6151: S-adenosyl-L-methionine salvage I|unclassified	0.0461679030
PWY-6151: S-adenosyl-L-methionine salvage I|g__Oscillibacter.s__Oscillibacter_sp_CAG_241	0.8980248891
PWY-6151: S-adenosyl-L-methionine salvage I|g__Ruminococcus.s__Ruminococcus_bromii	0.6434327122
PWY-6151: S-adenosyl-L-methionine salvage I|g__Ruminococcus.s__Ruminococcus_sp_CAG_177	0.2931586789
PWY-6151: S-adenosyl-L-methionine salvage I|g__Collinsella.s__Collinsella_aerofaciens	0.0504184730
PWY-6151: S-adenosyl-L-methionine salvage I|g__Barnesiella.s__Barnesiella_intestinihominis	0.3643722502
PWY-6151: S-adenosyl-L-methionine salvage I|g__Bacteroides.s__Bacteroides_uniformis	0.8364490924
PWY-6151: S-adenosyl-L-methionine salvage I|g__Bacteroides.s__Bacteroides_vulgatus	0.4079005751
PWY-6151: S-adenosyl-L-methionine salvage I|g__Blautia.s__Blautia_obeum	0.0000004899
PWY-6151: S-adenosyl-L-methionine salvage I|g__Faecalibacterium.s__Faecalibacterium_sp_CAG_74	0.4561999300
PWY-6151: S-adenosyl-L-methionine salvage I|g__Bacteroides.s__Bacteroides_dorei	0.5669022308
PWY-6151: S-adenosyl-L-methionine salvage I|g__Eubacterium.s__Eubacterium_hallii	0.8316569373
PWY-6151: S-adenosyl-L-methionine salvage I|g__Bifidobacterium.s__Bifidobacterium_bifidum	0.4762001101
PWY-6151: S-adenosyl-L-methionine salvage I|g__Senegalimassilia.s__Senegalimassilia_anaerobia	0.5369300108
PWY-6151: S-adenosyl-L-methionine salvage I|g__Bifidobacterium.s__Bifidobacterium_catenulatum	0.4429734556
PWY-6151: S-adenosyl-L-methionine salvage I|g__Dorea.s__Dorea_longicatena	0.2232236369
PWY-6151: S-adenosyl-L-methionine salvage I|g__Blautia.s__Blautia_wexlerae	0.3464512357
PWY-6151: S-adenosyl-L-methionine salvage I|g__Streptococcus.s__Streptococcus_salivarius	0.3847986917
PWY-6151: S-adenosyl-L-methionine salvage I|g__Erysipelatoclostridium.s__Clostridium_innocuum	0.4612903629
PWY-6151: S-adenosyl-L-methionine salvage I|g__Streptococcus.s__Streptococcus_pneumoniae	0.3971470459
PWY-6151: S-adenosyl-L-methionine salvage I|g__Bifidobacterium.s__Bifidobacterium_pseudocatenulatum	0.1954988180
PWY-7111: pyruvate fermentation to isobutanol (engineered)	1.0000000000
PWY-7111: pyruvate fermentation to isobutanol (engineered)|g__Bifidobacterium.s__Bifidobacterium_adolescentis	0.8309911134
PWY-7111: pyruvate fermentation to isobutanol (engineered)|g__Bifidobacterium.s__Bifidobacterium_longum	0.8746089378
PWY-7111: pyruvate fermentation to isobutanol (engineered)|unclassified	0.0241958902
PWY-7111: pyruvate fermentation to isobutanol (engineered)|g__Bifidobacterium.s__Bifidobacterium_bifidum	0.7944419815
PWY-7111: pyruvate fermentation to isobutanol (engineered)|g__Bacteroides.s__Bacteroides_uniformis	0.0135361712
PWY-7111: pyruvate fermentation to isobutanol (engineered)|g__Faecalibacterium.s__Faecalibacterium_prausnitzii	0.2819965224
PWY-7111: pyruvate fermentation to isobutanol (engineered)|g__Bacteroides.s__Bacteroides_vulgatus	0.0008426119
PWY-7111: pyruvate fermentation to isobutanol (engineered)|g__Blautia.s__Blautia_obeum	0.0000000000
PWY-7111: pyruvate fermentation to isobutanol (engineered)|g__Blautia.s__Blautia_wexlerae	0.1941326384
COA-PWY-1: superpathway of coenzyme A biosynthesis III (mammals)	1.0000000000
COA-PWY-1: superpathway of coenzyme A biosynthesis III (mammals)|g__Bifidobacterium.s__Bifidobacterium_adolescentis	0.0032853551
COA-PWY-1: superpathway of coenzyme A biosynthesis III (mammals)|unclassified	0.8527083101
COA-PWY-1: superpathway of coenzyme A biosynthesis III (mammals)|g__Alistipes.s__Alistipes_putredinis	0.2095168346
COA-PWY-1: superpathway of coenzyme A biosynthesis III (mammals)|g__Collinsella.s__Collinsella_aerofaciens	0.0201143346
COA-PWY-1: superpathway of coenzyme A biosynthesis III (mammals)|g__Subdoligranulum.s__Subdoligranulum_sp_APC924_74	0.1851398572
COA-PWY-1: superpathway of coenzyme A biosynthesis III (mammals)|g__Barnesiella.s__Barnesiella_intestinihominis	0.6103154393
COA-PWY-1: superpathway of coenzyme A biosynthesis III (mammals)|g__Blautia.s__Blautia_obeum	0.0501050034
COA-PWY-1: superpathway of coenzyme A biosynthesis III (mammals)|g__Bacteroides.s__Bacteroides_uniformis	0.2851329371
COA-PWY-1: superpathway of coenzyme A biosynthesis III (mammals)|g__Faecalibacterium.s__Faecalibacterium_sp_CAG_74	0.5875744253
COA-PWY-1: superpathway of coenzyme A biosynthesis III (mammals)|g__Bacteroides.s__Bacteroides_dorei	0.6704098130
COA-PWY-1: superpathway of coenzyme A biosynthesis III (mammals)|g__Bacteroides.s__Bacteroides_vulgatus	0.0952864733
COA-PWY-1: superpathway of coenzyme A biosynthesis III (mammals)|g__Bifidobacterium.s__Bifidobacterium_catenulatum	0.2087318017
PWY-6121: 5-aminoimidazole ribonucleotide biosynthesis I	1.0000000000
PWY-6121: 5-aminoimidazole ribonucleotide biosynthesis I|g__Bifidobacterium.s__Bifidobacterium_adolescentis	0.4543527199
PWY-6121: 5-aminoimidazole ribonucleotide biosynthesis I|unclassified	0.9958902578
PWY-6121: 5-aminoimidazole ribonucleotide biosynthesis I|g__Alistipes.s__Alistipes_shahii	0.5530905861
PWY-6121: 5-aminoimidazole ribonucleotide biosynthesis I|g__Bifidobacterium.s__Bifidobacterium_longum	0.0000000106
PWY-6121: 5-aminoimidazole ribonucleotide biosynthesis I|g__Collinsella.s__Collinsella_aerofaciens	0.8808137667
PWY-6121: 5-aminoimidazole ribonucleotide biosynthesis I|g__Akkermansia.s__Akkermansia_muciniphila	0.1497076936
PWY-6121: 5-aminoimidazole ribonucleotide biosynthesis I|g__Alistipes.s__Alistipes_putredinis	0.4782552747
PWY-6121: 5-aminoimidazole ribonucleotide biosynthesis I|g__Blautia.s__Blautia_obeum	0.5134441933
PWY-6121: 5-aminoimidazole ribonucleotide biosynthesis I|g__Ruminococcus.s__Ruminococcus_sp_CAG_177	0.5833092427
PWY-6121: 5-aminoimidazole ribonucleotide biosynthesis I|g__Ruminococcus.s__Ruminococcus_bromii	0.0158315708
PWY-6121: 5-aminoimidazole ribonucleotide biosynthesis I|g__Subdoligranulum.s__Subdoligranulum_sp_APC924_74	0.3849736108
PWY-6121: 5-aminoimidazole ribonucleotide biosynthesis I|g__Barnesiella.s__Barnesiella_intestinihominis	0.0506027022
PWY-6121: 5-aminoimidazole ribonucleotide biosynthesis I|g__Bacteroides.s__Bacteroides_uniformis	0.2709109196
PWY-6121: 5-aminoimidazole ribonucleotide biosynthesis I|g__Bacteroides.s__Bacteroides_vulgatus	0.2140809794
PWY-6121: 5-aminoimidazole ribonucleotide biosynthesis I|g__Clostridium.s__Clostridium_sp_CAG_138	0.5342442406
PWY-6121: 5-aminoimidazole ribonucleotide biosynthesis I|g__Faecalibacterium.s__Faecalibacterium_prausnitzii	0.5411294045
PWY-6121: 5-aminoimidazole ribonucleotide biosynthesis I|g__Bacteroides.s__Bacteroides_dorei	0.3533207920
PWY-6121: 5-aminoimidazole ribonucleotide biosynthesis I|g__Eubacterium.s__Eubacterium_sp_CAG_251	0.0889176003
PWY-6121: 5-aminoimidazole ribonucleotide biosynthesis I|g__Bacteroides.s__Bacteroides_caccae	0.7269841530
PWY-6121: 5-aminoimidazole ribonucleotide biosynthesis I|g__Bifidobacterium.s__Bifidobacterium_pseudocatenulatum	0.8004959952
PWY-6121: 5-aminoimidazole ribonucleotide biosynthesis I|g__Bifidobacterium.s__Bifidobacterium_catenulatum	0.4046187243
PWY-6121: 5-aminoimidazole ribonucleotide biosynthesis I|g__Alistipes.s__Alistipes_finegoldii	0.1835983490
PWY-6121: 5-aminoimidazole ribonucleotide biosynthesis I|g__Dorea.s__Dorea_longicatena	0.0467350767
PWY-6121: 5-aminoimidazole ribonucleotide biosynthesis I|g__Blautia.s__Blautia_wexlerae	0.0091668828
COA-PWY: coenzyme A biosynthesis I (prokaryotic)	1.0000000000
COA-PWY: coenzyme A biosynthesis I (prokaryotic)|g__Bifidobacterium.s__Bifidobacterium_adolescentis	0.9054006315
COA-PWY: coenzyme A biosynthesis I (prokaryotic)|unclassified	0.9999990886
COA-PWY: coenzyme A biosynthesis I (prokaryotic)|g__Akkermansia.s__Akkermansia_muciniphila	0.5538245631
COA-PWY: coenzyme A biosynthesis I (prokaryotic)|g__Alistipes.s__Alistipes_putredinis	0.7487817535
COA-PWY: coenzyme A biosynthesis I (prokaryotic)|g__Blautia.s__Blautia_obeum	0.3323474681
COA-PWY: coenzyme A biosynthesis I (prokaryotic)|g__Subdoligranulum.s__Subdoligranulum_sp_APC924_74	0.5093092936
COA-PWY: coenzyme A biosynthesis I (prokaryotic)|g__Collinsella.s__Collinsella_aerofaciens	0.0939656456
COA-PWY: coenzyme A biosynthesis I (prokaryotic)|g__Barnesiella.s__Barnesiella_intestinihominis	0.5767817968
COA-PWY: coenzyme A biosynthesis I (prokaryotic)|g__Bacteroides.s__Bacteroides_uniformis	0.4068615090
COA-PWY: coenzyme A biosynthesis I (prokaryotic)|g__Faecalibacterium.s__Faecalibacterium_prausnitzii	0.8080495839
COA-PWY: coenzyme A biosynthesis I (prokaryotic)|g__Faecalibacterium.s__Faecalibacterium_sp_CAG_74	0.5692039853
COA-PWY: coenzyme A biosynthesis I (prokaryotic)|g__Bacteroides.s__Bacteroides_vulgatus	0.1843626768
COA-PWY: coenzyme A biosynthesis I (prokaryotic)|g__Bacteroides.s__Bacteroides_dorei	0.7072020430
COA-PWY: coenzyme A biosynthesis I (prokaryotic)|g__Bifidobacterium.s__Bifidobacterium_catenulatum	0.5285048007
COA-PWY: coenzyme A biosynthesis I (prokaryotic)|g__Bacteroides.s__Bacteroides_caccae	0.4966890597
COA-PWY: coenzyme A biosynthesis I (prokaryotic)|g__Alistipes.s__Alistipes_finegoldii	0.3101337891
COA-PWY: coenzyme A biosynthesis I (prokaryotic)|g__Bacteroides.s__Bacteroides_clarus	0.9276442966
COA-PWY: coenzyme A biosynthesis I (prokaryotic)|g__Acidaminococcus.s__Acidaminococcus_fermentans	0.4184438974
COA-PWY: coenzyme A biosynthesis I (prokaryotic)|g__Blautia.s__Blautia_wexlerae	0.1217059970
COA-PWY: coenzyme A biosynthesis I (prokaryotic)|g__Bifidobacterium.s__Bifidobacterium_pseudocatenulatum	0.2446331011
HISTSYN-PWY: L-histidine biosynthesis	1.0000000000
HISTSYN-PWY: L-histidine biosynthesis|g__Bifidobacterium.s__Bifidobacterium_adolescentis	0.0020191810
HISTSYN-PWY: L-histidine biosynthesis|unclassified	0.7871308267
HISTSYN-PWY: L-histidine biosynthesis|g__Bifidobacterium.s__Bifidobacterium_longum	0.1041390191
HISTSYN-PWY: L-histidine biosynthesis|g__Alistipes.s__Alistipes_shahii	0.4004362566
HISTSYN-PWY: L-histidine biosynthesis|g__Subdoligranulum.s__Subdoligranulum_sp_APC924_74	0.7104858158
HISTSYN-PWY: L-histidine biosynthesis|g__Ruminococcus.s__Ruminococcus_bromii	0.0544186926
HISTSYN-PWY: L-histidine biosynthesis|g__Blautia.s__Blautia_obeum	0.2169371474
HISTSYN-PWY: L-histidine biosynthesis|g__Barnesiella.s__Barnesiella_intestinihominis	0.1816044299
HISTSYN-PWY: L-histidine biosynthesis|g__Bacteroides.s__Bacteroides_uniformis	0.3354198255
HISTSYN-PWY: L-histidine biosynthesis|g__Bacteroides.s__Bacteroides_vulgatus	0.2913101240
HISTSYN-PWY: L-histidine biosynthesis|g__Faecalibacterium.s__Faecalibacterium_sp_CAG_74	0.3248478515
HISTSYN-PWY: L-histidine biosynthesis|g__Bacteroides.s__Bacteroides_dorei	0.4896579188
HISTSYN-PWY: L-histidine biosynthesis|g__Faecalibacterium.s__Faecalibacterium_prausnitzii	0.2578987140
HISTSYN-PWY: L-histidine biosynthesis|g__Bacteroides.s__Bacteroides_caccae	0.2376446681
HISTSYN-PWY: L-histidine biosynthesis|g__Bacteroides.s__Bacteroides_finegoldii	0.5727715089
PWY-724: superpathway of L-lysine, L-threonine and L-methionine biosynthesis II	0.9999999963
PWY-724: superpathway of L-lysine, L-threonine and L-methionine biosynthesis II|g__Bifidobacterium.s__Bifidobacterium_adolescentis	0.6602650485
PWY-724: superpathway of L-lysine, L-threonine and L-methionine biosynthesis II|g__Bifidobacterium.s__Bifidobacterium_longum	0.0002933085
PWY-724: superpathway of L-lysine, L-threonine and L-methionine biosynthesis II|unclassified	0.0001264019
PWY-724: superpathway of L-lysine, L-threonine and L-methionine biosynthesis II|g__Bacteroides.s__Bacteroides_uniformis	0.1617227215
PWY-724: superpathway of L-lysine, L-threonine and L-methionine biosynthesis II|g__Blautia.s__Blautia_obeum	0.0000000002
PWY-724: superpathway of L-lysine, L-threonine and L-methionine biosynthesis II|g__Bifidobacterium.s__Bifidobacterium_catenulatum	0.3972523338
ANAGLYCOLYSIS-PWY: glycolysis III (from glucose)	0.0000010503
ANAGLYCOLYSIS-PWY: glycolysis III (from glucose)|unclassified	0.0002385479
ANAGLYCOLYSIS-PWY: glycolysis III (from glucose)|g__Collinsella.s__Collinsella_aerofaciens	0.0978566157
ANAGLYCOLYSIS-PWY: glycolysis III (from glucose)|g__Blautia.s__Blautia_obeum	0.0000000000
PWY-7953: UDP-N-acetylmuramoyl-pentapeptide biosynthesis III (meso-diaminopimelate containing)	0.9709485596
PWY-7953: UDP-N-acetylmuramoyl-pentapeptide biosynthesis III (meso-diaminopimelate containing)|unclassified	0.0567643350
PWY-7953: UDP-N-acetylmuramoyl-pentapeptide biosynthesis III (meso-diaminopimelate containing)|g__Akkermansia.s__Akkermansia_muciniphila	0.6823684131
PWY-7953: UDP-N-acetylmuramoyl-pentapeptide biosynthesis III (meso-diaminopimelate containing)|g__Alistipes.s__Alistipes_putredinis	0.3012070192
PWY-7953: UDP-N-acetylmuramoyl-pentapeptide biosynthesis III (meso-diaminopimelate containing)|g__Oscillibacter.s__Oscillibacter_sp_CAG_241	0.2411001430
PWY-7953: UDP-N-acetylmuramoyl-pentapeptide biosynthesis III (meso-diaminopimelate containing)|g__Blautia.s__Blautia_obeum	0.5561749562
PWY-7953: UDP-N-acetylmuramoyl-pentapeptide biosynthesis III (meso-diaminopimelate containing)|g__Firmicutes_unclassified.s__Firmicutes_bacterium_CAG_124	0.1001126059
PWY-7953: UDP-N-acetylmuramoyl-pentapeptide biosynthesis III (meso-diaminopimelate containing)|g__Bacteroides.s__Bacteroides_vulgatus	0.3487248226
PWY-7953: UDP-N-acetylmuramoyl-pentapeptide biosynthesis III (meso-diaminopimelate containing)|g__Bacteroides.s__Bacteroides_uniformis	0.0052400675
PWY-7953: UDP-N-acetylmuramoyl-pentapeptide biosynthesis III (meso-diaminopimelate containing)|g__Eubacterium.s__Eubacterium_sp_CAG_251	0.0883803748
PWY-7953: UDP-N-acetylmuramoyl-pentapeptide biosynthesis III (meso-diaminopimelate containing)|g__Bacteroides.s__Bacteroides_dorei	0.0537287036
PWY-7953: UDP-N-acetylmuramoyl-pentapeptide biosynthesis III (meso-diaminopimelate containing)|g__Ruthenibacterium.s__Ruthenibacterium_lactatiformans	0.2928908889
PWY-7953: UDP-N-acetylmuramoyl-pentapeptide biosynthesis III (meso-diaminopimelate containing)|g__Blautia.s__Blautia_wexlerae	0.4710303064
PWY-7851: coenzyme A biosynthesis II (eukaryotic)	1.0000000000
PWY-7851: coenzyme A biosynthesis II (eukaryotic)|g__Bifidobacterium.s__Bifidobacterium_adolescentis	0.0026300258
PWY-7851: coenzyme A biosynthesis II (eukaryotic)|unclassified	0.8224242459
PWY-7851: coenzyme A biosynthesis II (eukaryotic)|g__Alistipes.s__Alistipes_putredinis	0.2053079349
PWY-7851: coenzyme A biosynthesis II (eukaryotic)|g__Collinsella.s__Collinsella_aerofaciens	0.0161564630
PWY-7851: coenzyme A biosynthesis II (eukaryotic)|g__Subdoligranulum.s__Subdoligranulum_sp_APC924_74	0.1538071122
PWY-7851: coenzyme A biosynthesis II (eukaryotic)|g__Blautia.s__Blautia_obeum	0.0446995715
PWY-7851: coenzyme A biosynthesis II (eukaryotic)|g__Barnesiella.s__Barnesiella_intestinihominis	0.5767817968
PWY-7851: coenzyme A biosynthesis II (eukaryotic)|g__Bacteroides.s__Bacteroides_uniformis	0.2922201188
PWY-7851: coenzyme A biosynthesis II (eukaryotic)|g__Faecalibacterium.s__Faecalibacterium_sp_CAG_74	0.5692039853
PWY-7851: coenzyme A biosynthesis II (eukaryotic)|g__Bacteroides.s__Bacteroides_dorei	0.7072020430
PWY-7851: coenzyme A biosynthesis II (eukaryotic)|g__Bacteroides.s__Bacteroides_vulgatus	0.1259799222
PWY-7851: coenzyme A biosynthesis II (eukaryotic)|g__Bifidobacterium.s__Bifidobacterium_catenulatum	0.5285048007
PWY-7851: coenzyme A biosynthesis II (eukaryotic)|g__Bacteroides.s__Bacteroides_caccae	0.1748414920
PWY-7851: coenzyme A biosynthesis II (eukaryotic)|g__Bifidobacterium.s__Bifidobacterium_pseudocatenulatum	0.1910109856
ARGSYNBSUB-PWY: L-arginine biosynthesis II (acetyl cycle)	1.0000000000
ARGSYNBSUB-PWY: L-arginine biosynthesis II (acetyl cycle)|g__Bifidobacterium.s__Bifidobacterium_adolescentis	0.0018842413
ARGSYNBSUB-PWY: L-arginine biosynthesis II (acetyl cycle)|g__Bifidobacterium.s__Bifidobacterium_longum	0.0081812374
ARGSYNBSUB-PWY: L-arginine biosynthesis II (acetyl cycle)|unclassified	0.0000522387
ARGSYNBSUB-PWY: L-arginine biosynthesis II (acetyl cycle)|g__Akkermansia.s__Akkermansia_muciniphila	0.5192498201
ARGSYNBSUB-PWY: L-arginine biosynthesis II (acetyl cycle)|g__Ruminococcus.s__Ruminococcus_bromii	0.5068197276
ARGSYNBSUB-PWY: L-arginine biosynthesis II (acetyl cycle)|g__Collinsella.s__Collinsella_aerofaciens	0.0943321208
ARGSYNBSUB-PWY: L-arginine biosynthesis II (acetyl cycle)|g__Blautia.s__Blautia_obeum	0.1668149288
ARGSYNBSUB-PWY: L-arginine biosynthesis II (acetyl cycle)|g__Subdoligranulum.s__Subdoligranulum_sp_APC924_74	0.6941306074
ARGSYNBSUB-PWY: L-arginine biosynthesis II (acetyl cycle)|g__Faecalibacterium.s__Faecalibacterium_prausnitzii	0.7051242015
ARGSYNBSUB-PWY: L-arginine biosynthesis II (acetyl cycle)|g__Faecalibacterium.s__Faecalibacterium_sp_CAG_74	0.2074456050
ARGSYNBSUB-PWY: L-arginine biosynthesis II (acetyl cycle)|g__Bifidobacterium.s__Bifidobacterium_bifidum	0.5758063271
ARGSYNBSUB-PWY: L-arginine biosynthesis II (acetyl cycle)|g__Blautia.s__Blautia_wexlerae	0.5999532069
ARGSYNBSUB-PWY: L-arginine biosynthesis II (acetyl cycle)|g__Bifidobacterium.s__Bifidobacterium_catenulatum	0.0163443341
ARGSYNBSUB-PWY: L-arginine biosynthesis II (acetyl cycle)|g__Bifidobacterium.s__Bifidobacterium_pseudocatenulatum	0.2438369309
ARGSYN-PWY: L-arginine biosynthesis I (via L-ornithine)	1.0000000000
ARGSYN-PWY: L-arginine biosynthesis I (via L-ornithine)|g__Bifidobacterium.s__Bifidobacterium_adolescentis	0.0000411653
ARGSYN-PWY: L-arginine biosynthesis I (via L-ornithine)|g__Bifidobacterium.s__Bifidobacterium_longum	0.0214069525
ARGSYN-PWY: L-arginine biosynthesis I (via L-ornithine)|unclassified	0.0000202875
ARGSYN-PWY: L-arginine biosynthesis I (via L-ornithine)|g__Subdoligranulum.s__Subdoligranulum_sp_APC924_74	0.7167281281
ARGSYN-PWY: L-arginine biosynthesis I (via L-ornithine)|g__Collinsella.s__Collinsella_aerofaciens	0.0303247862
ARGSYN-PWY: L-arginine biosynthesis I (via L-ornithine)|g__Blautia.s__Blautia_obeum	0.0000000001
ARGSYN-PWY: L-arginine biosynthesis I (via L-ornithine)|g__Faecalibacterium.s__Faecalibacterium_prausnitzii	0.5116159520
ARGSYN-PWY: L-arginine biosynthesis I (via L-ornithine)|g__Bifidobacterium.s__Bifidobacterium_bifidum	0.5267455035
ARGSYN-PWY: L-arginine biosynthesis I (via L-ornithine)|g__Bifidobacterium.s__Bifidobacterium_catenulatum	0.0403429857
ARGSYN-PWY: L-arginine biosynthesis I (via L-ornithine)|g__Blautia.s__Blautia_wexlerae	0.1646247764
THRESYN-PWY: superpathway of L-threonine biosynthesis	0.9999999939
THRESYN-PWY: superpathway of L-threonine biosynthesis|g__Bifidobacterium.s__Bifidobacterium_adolescentis	0.0076344450
THRESYN-PWY: superpathway of L-threonine biosynthesis|unclassified	0.7950235471
THRESYN-PWY: superpathway of L-threonine biosynthesis|g__Bifidobacterium.s__Bifidobacterium_longum	0.0867942121
THRESYN-PWY: superpathway of L-threonine biosynthesis|g__Collinsella.s__Collinsella_aerofaciens	0.6621115310
THRESYN-PWY: superpathway of L-threonine biosynthesis|g__Bifidobacterium.s__Bifidobacterium_bifidum	0.6810476118
THRESYN-PWY: superpathway of L-threonine biosynthesis|g__Bacteroides.s__Bacteroides_uniformis	0.0024141488
THRESYN-PWY: superpathway of L-threonine biosynthesis|g__Bacteroides.s__Bacteroides_vulgatus	0.0003055910
THRESYN-PWY: superpathway of L-threonine biosynthesis|g__Bacteroides.s__Bacteroides_dorei	0.1136715089
THRESYN-PWY: superpathway of L-threonine biosynthesis|g__Bifidobacterium.s__Bifidobacterium_catenulatum	0.0841663963
THRESYN-PWY: superpathway of L-threonine biosynthesis|g__Blautia.s__Blautia_obeum	0.0000000000
THRESYN-PWY: superpathway of L-threonine biosynthesis|g__Bifidobacterium.s__Bifidobacterium_pseudocatenulatum	0.1035535756
PWY-6123: inosine-5'-phosphate biosynthesis I	1.0000000000
PWY-6123: inosine-5'-phosphate biosynthesis I|g__Bifidobacterium.s__Bifidobacterium_adolescentis	0.0001252470
PWY-6123: inosine-5'-phosphate biosynthesis I|unclassified	0.9905190354
PWY-6123: inosine-5'-phosphate biosynthesis I|g__Akkermansia.s__Akkermansia_muciniphila	0.4323683341
PWY-6123: inosine-5'-phosphate biosynthesis I|g__Alistipes.s__Alistipes_putredinis	0.4348544314
PWY-6123: inosine-5'-phosphate biosynthesis I|g__Collinsella.s__Collinsella_aerofaciens	0.0145561704
PWY-6123: inosine-5'-phosphate biosynthesis I|g__Barnesiella.s__Barnesiella_intestinihominis	0.3518089197
PWY-6123: inosine-5'-phosphate biosynthesis I|g__Bacteroides.s__Bacteroides_vulgatus	0.3478537644
PWY-6123: inosine-5'-phosphate biosynthesis I|g__Bacteroides.s__Bacteroides_uniformis	0.0917827860
PWY-6123: inosine-5'-phosphate biosynthesis I|g__Bacteroides.s__Bacteroides_dorei	0.7180415712
PWY-6123: inosine-5'-phosphate biosynthesis I|g__Blautia.s__Blautia_obeum	0.0000000000
PWY-6123: inosine-5'-phosphate biosynthesis I|g__Faecalibacterium.s__Faecalibacterium_prausnitzii	0.1919341032
PWY-6123: inosine-5'-phosphate biosynthesis I|g__Senegalimassilia.s__Senegalimassilia_anaerobia	0.4211777273
PWY-6123: inosine-5'-phosphate biosynthesis I|g__Bifidobacterium.s__Bifidobacterium_catenulatum	0.3672596768
PWY-6123: inosine-5'-phosphate biosynthesis I|g__Streptococcus.s__Streptococcus_salivarius	0.6997029785
PWY-6123: inosine-5'-phosphate biosynthesis I|g__Alistipes.s__Alistipes_onderdonkii	0.2098776259
PWY-6123: inosine-5'-phosphate biosynthesis I|g__Bacteroides.s__Bacteroides_caccae	0.1656089181
PWY-6123: inosine-5'-phosphate biosynthesis I|g__Bifidobacterium.s__Bifidobacterium_pseudocatenulatum	0.0984532692
PWY-6123: inosine-5'-phosphate biosynthesis I|g__Bacteroides.s__Bacteroides_clarus	0.4446783454
PWY-6124: inosine-5'-phosphate biosynthesis II	1.0000000000
PWY-6124: inosine-5'-phosphate biosynthesis II|g__Bifidobacterium.s__Bifidobacterium_adolescentis	0.0000695876
PWY-6124: inosine-5'-phosphate biosynthesis II|unclassified	0.9886443757
PWY-6124: inosine-5'-phosphate biosynthesis II|g__Akkermansia.s__Akkermansia_muciniphila	0.3891138360
PWY-6124: inosine-5'-phosphate biosynthesis II|g__Alistipes.s__Alistipes_putredinis	0.3240463366
PWY-6124: inosine-5'-phosphate biosynthesis II|g__Collinsella.s__Collinsella_aerofaciens	0.0125871873
PWY-6124: inosine-5'-phosphate biosynthesis II|g__Blautia.s__Blautia_obeum	0.1114593336
PWY-6124: inosine-5'-phosphate biosynthesis II|g__Barnesiella.s__Barnesiella_intestinihominis	0.3297922246
PWY-6124: inosine-5'-phosphate biosynthesis II|g__Bacteroides.s__Bacteroides_vulgatus	0.3078042721
PWY-6124: inosine-5'-phosphate biosynthesis II|g__Bacteroides.s__Bacteroides_dorei	0.7092195239
PWY-6124: inosine-5'-phosphate biosynthesis II|g__Bacteroides.s__Bacteroides_uniformis	0.0781550552
PWY-6124: inosine-5'-phosphate biosynthesis II|g__Faecalibacterium.s__Faecalibacterium_prausnitzii	0.1667219201
PWY-6124: inosine-5'-phosphate biosynthesis II|g__Senegalimassilia.s__Senegalimassilia_anaerobia	0.3872603029
PWY-6124: inosine-5'-phosphate biosynthesis II|g__Bacteroides.s__Bacteroides_caccae	0.5919729526
PWY-6124: inosine-5'-phosphate biosynthesis II|g__Blautia.s__Blautia_wexlerae	0.6667163331
PWY-6124: inosine-5'-phosphate biosynthesis II|g__Bifidobacterium.s__Bifidobacterium_catenulatum	0.3323852446
PWY-6124: inosine-5'-phosphate biosynthesis II|g__Coprococcus.s__Coprococcus_comes	0.6484691681
PWY-6124: inosine-5'-phosphate biosynthesis II|g__Alistipes.s__Alistipes_finegoldii	0.1320956700
PWY-6124: inosine-5'-phosphate biosynthesis II|g__Alistipes.s__Alistipes_onderdonkii	0.2832533347
PWY-6124: inosine-5'-phosphate biosynthesis II|g__Bacteroides.s__Bacteroides_thetaiotaomicron	0.3297730504
PWY-6124: inosine-5'-phosphate biosynthesis II|g__Bifidobacterium.s__Bifidobacterium_pseudocatenulatum	0.0836222999
PWY-6124: inosine-5'-phosphate biosynthesis II|g__Bacteroides.s__Bacteroides_clarus	0.4144955858
PWY-6124: inosine-5'-phosphate biosynthesis II|g__Blautia.s__Ruminococcus_torques	0.4144507970
OANTIGEN-PWY: O-antigen building blocks biosynthesis (E. coli)	0.9999188919
OANTIGEN-PWY: O-antigen building blocks biosynthesis (E. coli)|g__Bifidobacterium.s__Bifidobacterium_adolescentis	0.0000000000
OANTIGEN-PWY: O-antigen building blocks biosynthesis (E. coli)|g__Collinsella.s__Collinsella_aerofaciens	0.3218776599
OANTIGEN-PWY: O-antigen building blocks biosynthesis (E. coli)|g__Oscillibacter.s__Oscillibacter_sp_CAG_241	0.3160658313
OANTIGEN-PWY: O-antigen building blocks biosynthesis (E. coli)|unclassified	0.0000000000
OANTIGEN-PWY: O-antigen building blocks biosynthesis (E. coli)|g__Ruminococcus.s__Ruminococcus_sp_CAG_177	0.1348705033
OANTIGEN-PWY: O-antigen building blocks biosynthesis (E. coli)|g__Bifidobacterium.s__Bifidobacterium_catenulatum	0.3116677409
OANTIGEN-PWY: O-antigen building blocks biosynthesis (E. coli)|g__Bifidobacterium.s__Bifidobacterium_pseudocatenulatum	0.5699970503
SER-GLYSYN-PWY: superpathway of L-serine and glycine biosynthesis I	0.9999999999
SER-GLYSYN-PWY: superpathway of L-serine and glycine biosynthesis I|g__Bifidobacterium.s__Bifidobacterium_adolescentis	0.9756563129
SER-GLYSYN-PWY: superpathway of L-serine and glycine biosynthesis I|g__Bifidobacterium.s__Bifidobacterium_longum	0.7083162734
SER-GLYSYN-PWY: superpathway of L-serine and glycine biosynthesis I|unclassified	0.3353831909
SER-GLYSYN-PWY: superpathway of L-serine and glycine biosynthesis I|g__Alistipes.s__Alistipes_shahii	0.3351038877
SER-GLYSYN-PWY: superpathway of L-serine and glycine biosynthesis I|g__Alistipes.s__Alistipes_putredinis	0.4102589517
SER-GLYSYN-PWY: superpathway of L-serine and glycine biosynthesis I|g__Collinsella.s__Collinsella_aerofaciens	0.4332966620
SER-GLYSYN-PWY: superpathway of L-serine and glycine biosynthesis I|g__Blautia.s__Blautia_obeum	0.0000199441
SER-GLYSYN-PWY: superpathway of L-serine and glycine biosynthesis I|g__Bacteroides.s__Bacteroides_uniformis	0.1562718483
SER-GLYSYN-PWY: superpathway of L-serine and glycine biosynthesis I|g__Bacteroides.s__Bacteroides_vulgatus	0.0041322474
SER-GLYSYN-PWY: superpathway of L-serine and glycine biosynthesis I|g__Bacteroides.s__Bacteroides_dorei	0.1984071955
SER-GLYSYN-PWY: superpathway of L-serine and glycine biosynthesis I|g__Bifidobacterium.s__Bifidobacterium_catenulatum	0.5155069870
SER-GLYSYN-PWY: superpathway of L-serine and glycine biosynthesis I|g__Senegalimassilia.s__Senegalimassilia_anaerobia	0.3244901585
SER-GLYSYN-PWY: superpathway of L-serine and glycine biosynthesis I|g__Bacteroides.s__Bacteroides_caccae	0.5326977943
SER-GLYSYN-PWY: superpathway of L-serine and glycine biosynthesis I|g__Acidaminococcus.s__Acidaminococcus_fermentans	0.4594739894
SER-GLYSYN-PWY: superpathway of L-serine and glycine biosynthesis I|g__Blautia.s__Blautia_wexlerae	0.4075039914
SER-GLYSYN-PWY: superpathway of L-serine and glycine biosynthesis I|g__Alistipes.s__Alistipes_finegoldii	0.0502197734
SER-GLYSYN-PWY: superpathway of L-serine and glycine biosynthesis I|g__Bifidobacterium.s__Bifidobacterium_pseudocatenulatum	0.3100046845
SER-GLYSYN-PWY: superpathway of L-serine and glycine biosynthesis I|g__Bacteroides.s__Bacteroides_cellulosilyticus	0.6939168763
SER-GLYSYN-PWY: superpathway of L-serine and glycine biosynthesis I|g__Alistipes.s__Alistipes_onderdonkii	0.0097951595
SER-GLYSYN-PWY: superpathway of L-serine and glycine biosynthesis I|g__Bacteroides.s__Bacteroides_thetaiotaomicron	0.0652186861
SER-GLYSYN-PWY: superpathway of L-serine and glycine biosynthesis I|g__Blautia.s__Ruminococcus_torques	0.4696348000
SER-GLYSYN-PWY: superpathway of L-serine and glycine biosynthesis I|g__Bacteroides.s__Bacteroides_ovatus	0.3689692113
SER-GLYSYN-PWY: superpathway of L-serine and glycine biosynthesis I|g__Bacteroides.s__Bacteroides_clarus	0.3661485619
PWY-3001: superpathway of L-isoleucine biosynthesis I	0.0000000000
PWY-3001: superpathway of L-isoleucine biosynthesis I|g__Bifidobacterium.s__Bifidobacterium_longum	0.0005858935
PWY-3001: superpathway of L-isoleucine biosynthesis I|unclassified	0.0007350838
PWY-6628: superpathway of L-phenylalanine biosynthesis	0.9886055981
PWY-6628: superpathway of L-phenylalanine biosynthesis|g__Bifidobacterium.s__Bifidobacterium_longum	0.4608867469
UDPNAGSYN-PWY: UDP-N-acetyl-D-glucosamine biosynthesis I	0.9998378788
UDPNAGSYN-PWY: UDP-N-acetyl-D-glucosamine biosynthesis I|g__Bifidobacterium.s__Bifidobacterium_adolescentis	0.5461690636
UDPNAGSYN-PWY: UDP-N-acetyl-D-glucosamine biosynthesis I|g__Bifidobacterium.s__Bifidobacterium_longum	0.6549335547
UDPNAGSYN-PWY: UDP-N-acetyl-D-glucosamine biosynthesis I|g__Collinsella.s__Collinsella_aerofaciens	0.9362990419
UDPNAGSYN-PWY: UDP-N-acetyl-D-glucosamine biosynthesis I|g__Oscillibacter.s__Oscillibacter_sp_CAG_241	0.5759370873
UDPNAGSYN-PWY: UDP-N-acetyl-D-glucosamine biosynthesis I|g__Firmicutes_unclassified.s__Firmicutes_bacterium_CAG_124	0.4396400468
UDPNAGSYN-PWY: UDP-N-acetyl-D-glucosamine biosynthesis I|g__Ruminococcus.s__Ruminococcus_sp_CAG_177	0.3097723337
UDPNAGSYN-PWY: UDP-N-acetyl-D-glucosamine biosynthesis I|unclassified	0.0000000000
UDPNAGSYN-PWY: UDP-N-acetyl-D-glucosamine biosynthesis I|g__Eubacterium.s__Eubacterium_sp_CAG_251	0.4435123505
UDPNAGSYN-PWY: UDP-N-acetyl-D-glucosamine biosynthesis I|g__Bifidobacterium.s__Bifidobacterium_bifidum	0.6128527135
UDPNAGSYN-PWY: UDP-N-acetyl-D-glucosamine biosynthesis I|g__Firmicutes_unclassified.s__Firmicutes_bacterium_CAG_129	0.2213098868
UDPNAGSYN-PWY: UDP-N-acetyl-D-glucosamine biosynthesis I|g__Bilophila.s__Bilophila_wadsworthia	0.6911621922
UDPNAGSYN-PWY: UDP-N-acetyl-D-glucosamine biosynthesis I|g__Bifidobacterium.s__Bifidobacterium_catenulatum	0.3728435779
UDPNAGSYN-PWY: UDP-N-acetyl-D-glucosamine biosynthesis I|g__Streptococcus.s__Streptococcus_pneumoniae	0.7074957960
UDPNAGSYN-PWY: UDP-N-acetyl-D-glucosamine biosynthesis I|g__Bifidobacterium.s__Bifidobacterium_pseudocatenulatum	0.4842036700
UDPNAGSYN-PWY: UDP-N-acetyl-D-glucosamine biosynthesis I|g__Streptococcus.s__Streptococcus_salivarius	0.0121040678
GLYCOGENSYNTH-PWY: glycogen biosynthesis I (from ADP-D-Glucose)	0.9989975683
GLYCOGENSYNTH-PWY: glycogen biosynthesis I (from ADP-D-Glucose)|g__Bifidobacterium.s__Bifidobacterium_adolescentis	0.7101208703
GLYCOGENSYNTH-PWY: glycogen biosynthesis I (from ADP-D-Glucose)|unclassified	0.8185520690
GLYCOGENSYNTH-PWY: glycogen biosynthesis I (from ADP-D-Glucose)|g__Bifidobacterium.s__Bifidobacterium_longum	0.6714052091
GLYCOGENSYNTH-PWY: glycogen biosynthesis I (from ADP-D-Glucose)|g__Blautia.s__Blautia_obeum	0.7626201705
GLYCOGENSYNTH-PWY: glycogen biosynthesis I (from ADP-D-Glucose)|g__Ruminococcus.s__Ruminococcus_bromii	0.3982274181
GLYCOGENSYNTH-PWY: glycogen biosynthesis I (from ADP-D-Glucose)|g__Oscillibacter.s__Oscillibacter_sp_CAG_241	0.5335652934
GLYCOGENSYNTH-PWY: glycogen biosynthesis I (from ADP-D-Glucose)|g__Collinsella.s__Collinsella_aerofaciens	0.2529792224
GLYCOGENSYNTH-PWY: glycogen biosynthesis I (from ADP-D-Glucose)|g__Ruminococcus.s__Ruminococcus_sp_CAG_177	0.4934773390
GLYCOGENSYNTH-PWY: glycogen biosynthesis I (from ADP-D-Glucose)|g__Firmicutes_unclassified.s__Firmicutes_bacterium_CAG_124	0.4202572203
GLYCOGENSYNTH-PWY: glycogen biosynthesis I (from ADP-D-Glucose)|g__Subdoligranulum.s__Subdoligranulum_sp_APC924_74	0.1947306617
GLYCOGENSYNTH-PWY: glycogen biosynthesis I (from ADP-D-Glucose)|g__Eubacterium.s__Eubacterium_sp_CAG_251	0.6176367815
GLYCOGENSYNTH-PWY: glycogen biosynthesis I (from ADP-D-Glucose)|g__Faecalibacterium.s__Faecalibacterium_prausnitzii	0.6384876720
GLYCOGENSYNTH-PWY: glycogen biosynthesis I (from ADP-D-Glucose)|g__Clostridium.s__Clostridium_sp_CAG_138	0.4144800807
GLYCOGENSYNTH-PWY: glycogen biosynthesis I (from ADP-D-Glucose)|g__Coprococcus.s__Coprococcus_comes	0.8298971431
GLYCOGENSYNTH-PWY: glycogen biosynthesis I (from ADP-D-Glucose)|g__Faecalibacterium.s__Faecalibacterium_sp_CAG_74	0.0874610921
GLYCOGENSYNTH-PWY: glycogen biosynthesis I (from ADP-D-Glucose)|g__Bifidobacterium.s__Bifidobacterium_catenulatum	0.3861314038
GLYCOGENSYNTH-PWY: glycogen biosynthesis I (from ADP-D-Glucose)|g__Ruthenibacterium.s__Ruthenibacterium_lactatiformans	0.4570937513
GLYCOGENSYNTH-PWY: glycogen biosynthesis I (from ADP-D-Glucose)|g__Coprococcus.s__Coprococcus_catus	0.6031396424
GLYCOGENSYNTH-PWY: glycogen biosynthesis I (from ADP-D-Glucose)|g__Dorea.s__Dorea_longicatena	0.1955769529
GLYCOGENSYNTH-PWY: glycogen biosynthesis I (from ADP-D-Glucose)|g__Blautia.s__Blautia_wexlerae	0.3148015336
GLYCOGENSYNTH-PWY: glycogen biosynthesis I (from ADP-D-Glucose)|g__Streptococcus.s__Streptococcus_salivarius	0.0083657092
GLYCOGENSYNTH-PWY: glycogen biosynthesis I (from ADP-D-Glucose)|g__Bifidobacterium.s__Bifidobacterium_pseudocatenulatum	0.0373693068
GLYCOGENSYNTH-PWY: glycogen biosynthesis I (from ADP-D-Glucose)|g__Bifidobacterium.s__Bifidobacterium_bifidum	0.0000020033
GLUTORN-PWY: L-ornithine biosynthesis I	1.0000000000
GLUTORN-PWY: L-ornithine biosynthesis I|g__Bifidobacterium.s__Bifidobacterium_adolescentis	0.0000087880
GLUTORN-PWY: L-ornithine biosynthesis I|g__Bifidobacterium.s__Bifidobacterium_longum	0.0046479052
GLUTORN-PWY: L-ornithine biosynthesis I|unclassified	0.0000074316
GLUTORN-PWY: L-ornithine biosynthesis I|g__Ruminococcus.s__Ruminococcus_bromii	0.6743244255
GLUTORN-PWY: L-ornithine biosynthesis I|g__Subdoligranulum.s__Subdoligranulum_sp_APC924_74	0.6659158873
GLUTORN-PWY: L-ornithine biosynthesis I|g__Collinsella.s__Collinsella_aerofaciens	0.0594705607
GLUTORN-PWY: L-ornithine biosynthesis I|g__Blautia.s__Blautia_obeum	0.0985938853
GLUTORN-PWY: L-ornithine biosynthesis I|g__Faecalibacterium.s__Faecalibacterium_prausnitzii	0.7210876264
GLUTORN-PWY: L-ornithine biosynthesis I|g__Bifidobacterium.s__Bifidobacterium_bifidum	0.4209830495
GLUTORN-PWY: L-ornithine biosynthesis I|g__Bifidobacterium.s__Bifidobacterium_catenulatum	0.0093785163
GLUTORN-PWY: L-ornithine biosynthesis I|g__Blautia.s__Blautia_wexlerae	0.0431008148
DAPLYSINESYN-PWY: L-lysine biosynthesis I	0.8281141761
DAPLYSINESYN-PWY: L-lysine biosynthesis I|g__Bifidobacterium.s__Bifidobacterium_adolescentis	0.7168137047
DAPLYSINESYN-PWY: L-lysine biosynthesis I|g__Bifidobacterium.s__Bifidobacterium_longum	0.9616145056
DAPLYSINESYN-PWY: L-lysine biosynthesis I|unclassified	0.0000000000
DAPLYSINESYN-PWY: L-lysine biosynthesis I|g__Bifidobacterium.s__Bifidobacterium_catenulatum	0.5876180132
DAPLYSINESYN-PWY: L-lysine biosynthesis I|g__Bifidobacterium.s__Bifidobacterium_pseudocatenulatum	0.1408060406
PWY-5695: inosine 5'-phosphate degradation	0.9999999936
PWY-5695: inosine 5'-phosphate degradation|g__Alistipes.s__Alistipes_shahii	0.4419026685
PWY-5695: inosine 5'-phosphate degradation|unclassified	0.0010055574
PWY-5695: inosine 5'-phosphate degradation|g__Alistipes.s__Alistipes_putredinis	0.4452368299
PWY-5695: inosine 5'-phosphate degradation|g__Bacteroides.s__Bacteroides_vulgatus	0.8659898815
PWY-5695: inosine 5'-phosphate degradation|g__Barnesiella.s__Barnesiella_intestinihominis	0.3125558258
PWY-5695: inosine 5'-phosphate degradation|g__Bacteroides.s__Bacteroides_dorei	0.5325859784
PWY-5695: inosine 5'-phosphate degradation|g__Bacteroides.s__Bacteroides_uniformis	0.0489845890
PWY-5695: inosine 5'-phosphate degradation|g__Blautia.s__Blautia_obeum	0.0000000000
PWY-5695: inosine 5'-phosphate degradation|g__Faecalibacterium.s__Faecalibacterium_prausnitzii	0.0242707382
GLYCOLYSIS: glycolysis I (from glucose 6-phosphate)	0.0000002892
GLYCOLYSIS: glycolysis I (from glucose 6-phosphate)|unclassified	0.0000000000
PWY-6609: adenine and adenosine salvage III	0.9999999903
PWY-6609: adenine and adenosine salvage III|unclassified	0.6790863182
PWY-6609: adenine and adenosine salvage III|g__Alistipes.s__Alistipes_shahii	0.2546141104
PWY-6609: adenine and adenosine salvage III|g__Firmicutes_unclassified.s__Firmicutes_bacterium_CAG_124	0.7671270120
PWY-6609: adenine and adenosine salvage III|g__Blautia.s__Blautia_obeum	0.7071644532
PWY-6609: adenine and adenosine salvage III|g__Alistipes.s__Alistipes_putredinis	0.0579210806
PWY-6609: adenine and adenosine salvage III|g__Oscillibacter.s__Oscillibacter_sp_CAG_241	0.0700180355
PWY-6609: adenine and adenosine salvage III|g__Barnesiella.s__Barnesiella_intestinihominis	0.5096433538
PWY-6609: adenine and adenosine salvage III|g__Subdoligranulum.s__Subdoligranulum_sp_APC924_74	0.0957298698
PWY-6609: adenine and adenosine salvage III|g__Bacteroides.s__Bacteroides_vulgatus	0.7876850692
PWY-6609: adenine and adenosine salvage III|g__Eubacterium.s__Eubacterium_sp_CAG_251	0.6980935974
PWY-6609: adenine and adenosine salvage III|g__Ruminococcus.s__Ruminococcus_sp_CAG_177	0.0003100073
PWY-6609: adenine and adenosine salvage III|g__Faecalibacterium.s__Faecalibacterium_sp_CAG_74	0.4032533938
PWY-6609: adenine and adenosine salvage III|g__Clostridium.s__Clostridium_sp_CAG_138	0.6674133518
PWY-6609: adenine and adenosine salvage III|g__Firmicutes_unclassified.s__Firmicutes_bacterium_CAG_129	0.5407918468
PWY-6609: adenine and adenosine salvage III|g__Ruthenibacterium.s__Ruthenibacterium_lactatiformans	0.7853036599
PWY-6609: adenine and adenosine salvage III|g__Bacteroides.s__Bacteroides_uniformis	0.0648541598
PWY-6609: adenine and adenosine salvage III|g__Faecalibacterium.s__Faecalibacterium_prausnitzii	0.6193049333
PWY-6609: adenine and adenosine salvage III|g__Bacteroides.s__Bacteroides_dorei	0.4399986700
PWY-6609: adenine and adenosine salvage III|g__Bacteroides.s__Bacteroides_sp_CAG_530	0.6380016774
PWY-6609: adenine and adenosine salvage III|g__Dorea.s__Dorea_longicatena	0.5258804403
PWY-6609: adenine and adenosine salvage III|g__Blautia.s__Blautia_wexlerae	0.6789470887
PWY-6609: adenine and adenosine salvage III|g__Coprococcus.s__Coprococcus_comes	0.5510002998
PWY-6609: adenine and adenosine salvage III|g__Oscillibacter.s__Oscillibacter_sp_57_20	0.5572162780
PWY-2942: L-lysine biosynthesis III	0.0000000000
PWY-2942: L-lysine biosynthesis III|g__Akkermansia.s__Akkermansia_muciniphila	0.2488983375
PWY-2942: L-lysine biosynthesis III|unclassified	0.0000003512
PWY-2942: L-lysine biosynthesis III|g__Barnesiella.s__Barnesiella_intestinihominis	0.4950463186
PWY-2942: L-lysine biosynthesis III|g__Bacteroides.s__Bacteroides_uniformis	0.3953031495
PWY-702: L-methionine biosynthesis II	0.6123915981
PWY-702: L-methionine biosynthesis II|g__Bifidobacterium.s__Bifidobacterium_longum	0.0000395215
PWY-702: L-methionine biosynthesis II|g__Streptococcus.s__Streptococcus_pneumoniae	0.4212269125
PWY-5484: glycolysis II (from fructose 6-phosphate)	0.0000002892
PWY-5484: glycolysis II (from fructose 6-phosphate)|unclassified	0.0000000000
1CMET2-PWY: folate transformations III (E. coli)	0.0070284440
1CMET2-PWY: folate transformations III (E. coli)|unclassified	0.0755143714
1CMET2-PWY: folate transformations III (E. coli)|g__Alistipes.s__Alistipes_putredinis	0.3520448089
1CMET2-PWY: folate transformations III (E. coli)|g__Akkermansia.s__Akkermansia_muciniphila	0.0076196605
1CMET2-PWY: folate transformations III (E. coli)|g__Barnesiella.s__Barnesiella_intestinihominis	0.0011510460
1CMET2-PWY: folate transformations III (E. coli)|g__Bacteroides.s__Bacteroides_vulgatus	0.0082165377
1CMET2-PWY: folate transformations III (E. coli)|g__Bacteroides.s__Bacteroides_dorei	0.3740199400
PWY-6629: superpathway of L-tryptophan biosynthesis	0.0000000000
PWY-6629: superpathway of L-tryptophan biosynthesis|unclassified	0.0000000176
PWY-6629: superpathway of L-tryptophan biosynthesis|g__Blautia.s__Blautia_obeum	0.1391975799
PWY-7234: inosine-5'-phosphate biosynthesis III	0.1320390531
PWY-7234: inosine-5'-phosphate biosynthesis III|g__Bifidobacterium.s__Bifidobacterium_adolescentis	0.0001252470
PWY-7234: inosine-5'-phosphate biosynthesis III|g__Alistipes.s__Alistipes_putredinis	0.4348544314
PWY-7234: inosine-5'-phosphate biosynthesis III|unclassified	0.0000000000
PWY-7234: inosine-5'-phosphate biosynthesis III|g__Bifidobacterium.s__Bifidobacterium_catenulatum	0.0490032007
PWY-7234: inosine-5'-phosphate biosynthesis III|g__Bifidobacterium.s__Bifidobacterium_pseudocatenulatum	0.0659947061
P41-PWY: pyruvate fermentation to acetate and (S)-lactate I	0.8544381196
P41-PWY: pyruvate fermentation to acetate and (S)-lactate I|g__Bifidobacterium.s__Bifidobacterium_adolescentis	0.1571707427
P41-PWY: pyruvate fermentation to acetate and (S)-lactate I|g__Bifidobacterium.s__Bifidobacterium_longum	0.8146621874
P41-PWY: pyruvate fermentation to acetate and (S)-lactate I|unclassified	0.9102985374
P41-PWY: pyruvate fermentation to acetate and (S)-lactate I|g__Collinsella.s__Collinsella_aerofaciens	0.7068691300
P41-PWY: pyruvate fermentation to acetate and (S)-lactate I|g__Blautia.s__Blautia_obeum	0.0201659994
P41-PWY: pyruvate fermentation to acetate and (S)-lactate I|g__Bifidobacterium.s__Bifidobacterium_catenulatum	0.0687865904
P41-PWY: pyruvate fermentation to acetate and (S)-lactate I|g__Bifidobacterium.s__Bifidobacterium_bifidum	0.0101031319
P41-PWY: pyruvate fermentation to acetate and (S)-lactate I|g__Bifidobacterium.s__Bifidobacterium_pseudocatenulatum	0.1053727497
PWY-5100: pyruvate fermentation to acetate and lactate II	0.8544381196
PWY-5100: pyruvate fermentation to acetate and lactate II|g__Bifidobacterium.s__Bifidobacterium_adolescentis	0.1571707427
PWY-5100: pyruvate fermentation to acetate and lactate II|g__Bifidobacterium.s__Bifidobacterium_longum	0.8146621874
PWY-5100: pyruvate fermentation to acetate and lactate II|unclassified	0.9102985374
PWY-5100: pyruvate fermentation to acetate and lactate II|g__Collinsella.s__Collinsella_aerofaciens	0.7068691300
PWY-5100: pyruvate fermentation to acetate and lactate II|g__Blautia.s__Blautia_obeum	0.0201659994
PWY-5100: pyruvate fermentation to acetate and lactate II|g__Coprococcus.s__Coprococcus_catus	0.6710390233
PWY-5100: pyruvate fermentation to acetate and lactate II|g__Bifidobacterium.s__Bifidobacterium_catenulatum	0.0687865904
PWY-5100: pyruvate fermentation to acetate and lactate II|g__Bifidobacterium.s__Bifidobacterium_bifidum	0.0101031319
PWY-5100: pyruvate fermentation to acetate and lactate II|g__Bifidobacterium.s__Bifidobacterium_pseudocatenulatum	0.1053727497
CALVIN-PWY: Calvin-Benson-Bassham cycle	0.0000000980
CALVIN-PWY: Calvin-Benson-Bassham cycle|unclassified	0.0000010307
CALVIN-PWY: Calvin-Benson-Bassham cycle|g__Collinsella.s__Collinsella_aerofaciens	0.3865791950
CALVIN-PWY: Calvin-Benson-Bassham cycle|g__Blautia.s__Blautia_obeum	0.0941363243
CALVIN-PWY: Calvin-Benson-Bassham cycle|g__Eubacterium.s__Eubacterium_hallii	0.4417399781
CALVIN-PWY: Calvin-Benson-Bassham cycle|g__Blautia.s__Blautia_wexlerae	0.3034969400
HSERMETANA-PWY: L-methionine biosynthesis III	0.6118771019
HSERMETANA-PWY: L-methionine biosynthesis III|g__Bifidobacterium.s__Bifidobacterium_adolescentis	0.0000000000
HSERMETANA-PWY: L-methionine biosynthesis III|unclassified	0.8362735837
HSERMETANA-PWY: L-methionine biosynthesis III|g__Bifidobacterium.s__Bifidobacterium_longum	0.0000395379
HSERMETANA-PWY: L-methionine biosynthesis III|g__Akkermansia.s__Akkermansia_muciniphila	0.3060686619
HSERMETANA-PWY: L-methionine biosynthesis III|g__Blautia.s__Blautia_obeum	0.0030558635
HSERMETANA-PWY: L-methionine biosynthesis III|g__Bifidobacterium.s__Bifidobacterium_bifidum	0.6235424465
HSERMETANA-PWY: L-methionine biosynthesis III|g__Dorea.s__Dorea_longicatena	0.4602820094
PWY-6700: queuosine biosynthesis I (de novo)	0.1140925749
PWY-6700: queuosine biosynthesis I (de novo)|g__Akkermansia.s__Akkermansia_muciniphila	0.6088432115
PWY-6700: queuosine biosynthesis I (de novo)|unclassified	0.0000320246
PWY-6700: queuosine biosynthesis I (de novo)|g__Blautia.s__Blautia_obeum	0.5374067723
PWY-6700: queuosine biosynthesis I (de novo)|g__Ruminococcus.s__Ruminococcus_sp_CAG_177	0.5088286862
PWY-6700: queuosine biosynthesis I (de novo)|g__Collinsella.s__Collinsella_aerofaciens	0.1104021970
PWY-6700: queuosine biosynthesis I (de novo)|g__Barnesiella.s__Barnesiella_intestinihominis	0.7446793578
PWY-6700: queuosine biosynthesis I (de novo)|g__Oscillibacter.s__Oscillibacter_sp_CAG_241	0.0465666670
PWY-6700: queuosine biosynthesis I (de novo)|g__Ruminococcus.s__Ruminococcus_bromii	0.0204954904
PWY-6700: queuosine biosynthesis I (de novo)|g__Firmicutes_unclassified.s__Firmicutes_bacterium_CAG_124	0.1056992418
PWY-6700: queuosine biosynthesis I (de novo)|g__Subdoligranulum.s__Subdoligranulum_sp_APC924_74	0.0876395561
PWY-6700: queuosine biosynthesis I (de novo)|g__Bacteroides.s__Bacteroides_vulgatus	0.8157833565
PWY-6700: queuosine biosynthesis I (de novo)|g__Bacteroides.s__Bacteroides_uniformis	0.1657042445
PWY-6700: queuosine biosynthesis I (de novo)|g__Bacteroides.s__Bacteroides_dorei	0.6098409997
PWY-6700: queuosine biosynthesis I (de novo)|g__Clostridium.s__Clostridium_sp_CAG_594	0.3356678008
PWY-6700: queuosine biosynthesis I (de novo)|g__Eubacterium.s__Eubacterium_sp_CAG_251	0.1201482848
PWY-6700: queuosine biosynthesis I (de novo)|g__Bacteroides.s__Bacteroides_sp_CAG_530	0.5373147755
PWY-6700: queuosine biosynthesis I (de novo)|g__Faecalibacterium.s__Faecalibacterium_prausnitzii	0.1416519575
PWY-6700: queuosine biosynthesis I (de novo)|g__Senegalimassilia.s__Senegalimassilia_anaerobia	0.4065172240
PWY-6700: queuosine biosynthesis I (de novo)|g__Ruthenibacterium.s__Ruthenibacterium_lactatiformans	0.3872913090
PWY-6700: queuosine biosynthesis I (de novo)|g__Bacteroides.s__Bacteroides_caccae	0.5466891008
PWY-6700: queuosine biosynthesis I (de novo)|g__Bilophila.s__Bilophila_wadsworthia	0.5360610961
PWY-6700: queuosine biosynthesis I (de novo)|g__Bacteroides.s__Bacteroides_clarus	0.4748961943
PWY-7977: L-methionine biosynthesis IV	0.0035270984
PWY-7977: L-methionine biosynthesis IV|unclassified	0.0405815018
PWY-7977: L-methionine biosynthesis IV|g__Alistipes.s__Alistipes_shahii	0.1731930485
PWY-7977: L-methionine biosynthesis IV|g__Akkermansia.s__Akkermansia_muciniphila	0.2533798018
PWY-7977: L-methionine biosynthesis IV|g__Alistipes.s__Alistipes_putredinis	0.6003084333
PWY-7977: L-methionine biosynthesis IV|g__Collinsella.s__Collinsella_aerofaciens	0.8498432805
PWY-7977: L-methionine biosynthesis IV|g__Barnesiella.s__Barnesiella_intestinihominis	0.4047055556
PWY-7977: L-methionine biosynthesis IV|g__Bacteroides.s__Bacteroides_vulgatus	0.5524433304
PWY-7977: L-methionine biosynthesis IV|g__Bacteroides.s__Bacteroides_uniformis	0.1719084498
PWY-7977: L-methionine biosynthesis IV|g__Faecalibacterium.s__Faecalibacterium_prausnitzii	0.2175498496
PWY-7977: L-methionine biosynthesis IV|g__Bacteroides.s__Bacteroides_dorei	0.0809786783
PWY-7977: L-methionine biosynthesis IV|g__Bacteroides.s__Bacteroides_sp_CAG_530	0.2750072513
PWY-7977: L-methionine biosynthesis IV|g__Bacteroides.s__Bacteroides_caccae	0.3912137431
PWY-7977: L-methionine biosynthesis IV|g__Coprococcus.s__Coprococcus_catus	0.3792962751
PWY-7977: L-methionine biosynthesis IV|g__Bacteroides.s__Bacteroides_thetaiotaomicron	0.1873656627
PWY-7977: L-methionine biosynthesis IV|g__Bacteroides.s__Bacteroides_finegoldii	0.4011822150
PWY-7117: C4 photosynthetic carbon assimilation cycle, PEPCK type	0.0000000000
PWY-7117: C4 photosynthetic carbon assimilation cycle, PEPCK type|unclassified	0.0000000000
PWY-7357: thiamine phosphate formation from pyrithiamine and oxythiamine (yeast)	0.0000000128
PWY-7357: thiamine phosphate formation from pyrithiamine and oxythiamine (yeast)|g__Bifidobacterium.s__Bifidobacterium_adolescentis	0.0000001496
PWY-7357: thiamine phosphate formation from pyrithiamine and oxythiamine (yeast)|unclassified	0.0742900364
PWY-7357: thiamine phosphate formation from pyrithiamine and oxythiamine (yeast)|g__Collinsella.s__Collinsella_aerofaciens	0.3481882417
PWY-7357: thiamine phosphate formation from pyrithiamine and oxythiamine (yeast)|g__Blautia.s__Blautia_obeum	0.0000012314
PWY-7357: thiamine phosphate formation from pyrithiamine and oxythiamine (yeast)|g__Bacteroides.s__Bacteroides_uniformis	0.3322746549
PWY-7357: thiamine phosphate formation from pyrithiamine and oxythiamine (yeast)|g__Faecalibacterium.s__Faecalibacterium_prausnitzii	0.6849691314
PWY-7357: thiamine phosphate formation from pyrithiamine and oxythiamine (yeast)|g__Bifidobacterium.s__Bifidobacterium_bifidum	0.5436006752
PWY-5384: sucrose degradation IV (sucrose phosphorylase)	0.7515022579
PWY-5384: sucrose degradation IV (sucrose phosphorylase)|g__Bifidobacterium.s__Bifidobacterium_adolescentis	0.0453244086
PWY-5384: sucrose degradation IV (sucrose phosphorylase)|g__Bifidobacterium.s__Bifidobacterium_longum	0.8658344932
PWY-5384: sucrose degradation IV (sucrose phosphorylase)|g__Bifidobacterium.s__Bifidobacterium_bifidum	0.8654720343
PWY-5384: sucrose degradation IV (sucrose phosphorylase)|g__Bifidobacterium.s__Bifidobacterium_catenulatum	0.7125440557
PWY-5384: sucrose degradation IV (sucrose phosphorylase)|unclassified	0.0000000000
PWY-5384: sucrose degradation IV (sucrose phosphorylase)|g__Bifidobacterium.s__Bifidobacterium_pseudocatenulatum	0.5207674014
PWY-5384: sucrose degradation IV (sucrose phosphorylase)|g__Faecalibacterium.s__Faecalibacterium_prausnitzii	0.0265706053
PWY-5384: sucrose degradation IV (sucrose phosphorylase)|g__Hungatella.s__Hungatella_hathewayi	0.3478860360
PWY-6901: superpathway of glucose and xylose degradation	0.0000001745
PWY-6901: superpathway of glucose and xylose degradation|unclassified	0.0000000000
PANTOSYN-PWY: superpathway of coenzyme A biosynthesis I (bacteria)	0.0000106133
PANTOSYN-PWY: superpathway of coenzyme A biosynthesis I (bacteria)|unclassified	0.0000274719
PANTOSYN-PWY: superpathway of coenzyme A biosynthesis I (bacteria)|g__Akkermansia.s__Akkermansia_muciniphila	0.2212730324
PANTOSYN-PWY: superpathway of coenzyme A biosynthesis I (bacteria)|g__Alistipes.s__Alistipes_putredinis	0.2801796661
PANTOSYN-PWY: superpathway of coenzyme A biosynthesis I (bacteria)|g__Blautia.s__Blautia_obeum	0.0818942993
PANTOSYN-PWY: superpathway of coenzyme A biosynthesis I (bacteria)|g__Barnesiella.s__Barnesiella_intestinihominis	0.0375565389
PANTOSYN-PWY: superpathway of coenzyme A biosynthesis I (bacteria)|g__Bacteroides.s__Bacteroides_uniformis	0.4418133438
PANTOSYN-PWY: superpathway of coenzyme A biosynthesis I (bacteria)|g__Bacteroides.s__Bacteroides_vulgatus	0.1138043588
PANTOSYN-PWY: superpathway of coenzyme A biosynthesis I (bacteria)|g__Bacteroides.s__Bacteroides_dorei	0.4783112037
GLUCOSE1PMETAB-PWY: glucose and glucose-1-phosphate degradation	0.9979971444
GLUCOSE1PMETAB-PWY: glucose and glucose-1-phosphate degradation|unclassified	0.5729370205
PYRIDNUCSYN-PWY: NAD de novo biosynthesis I (from aspartate)	0.1317830500
PYRIDNUCSYN-PWY: NAD de novo biosynthesis I (from aspartate)|g__Bifidobacterium.s__Bifidobacterium_longum	0.3585176260
PYRIDNUCSYN-PWY: NAD de novo biosynthesis I (from aspartate)|g__Alistipes.s__Alistipes_shahii	0.2384600069
PYRIDNUCSYN-PWY: NAD de novo biosynthesis I (from aspartate)|g__Alistipes.s__Alistipes_putredinis	0.5786698892
PYRIDNUCSYN-PWY: NAD de novo biosynthesis I (from aspartate)|unclassified	0.0000000014
PYRIDNUCSYN-PWY: NAD de novo biosynthesis I (from aspartate)|g__Bacteroides.s__Bacteroides_vulgatus	0.3586683620
PYRIDNUCSYN-PWY: NAD de novo biosynthesis I (from aspartate)|g__Blautia.s__Blautia_obeum	0.0000000058
PYRIDNUCSYN-PWY: NAD de novo biosynthesis I (from aspartate)|g__Bacteroides.s__Bacteroides_uniformis	0.1010931212
PYRIDNUCSYN-PWY: NAD de novo biosynthesis I (from aspartate)|g__Bacteroides.s__Bacteroides_dorei	0.0000352605
PWY-5667: CDP-diacylglycerol biosynthesis I	0.2242815683
PWY-5667: CDP-diacylglycerol biosynthesis I|unclassified	0.9605904831
PWY-5667: CDP-diacylglycerol biosynthesis I|g__Blautia.s__Blautia_obeum	0.2310941147
PWY-5667: CDP-diacylglycerol biosynthesis I|g__Subdoligranulum.s__Subdoligranulum_sp_APC924_74	0.3511355364
PWY-5667: CDP-diacylglycerol biosynthesis I|g__Barnesiella.s__Barnesiella_intestinihominis	0.3210896974
PWY-5667: CDP-diacylglycerol biosynthesis I|g__Bacteroides.s__Bacteroides_uniformis	0.7103212857
PWY-5667: CDP-diacylglycerol biosynthesis I|g__Bacteroides.s__Bacteroides_vulgatus	0.3305870740
PWY-5667: CDP-diacylglycerol biosynthesis I|g__Bacteroides.s__Bacteroides_dorei	0.2217606839
PWY-5667: CDP-diacylglycerol biosynthesis I|g__Faecalibacterium.s__Faecalibacterium_prausnitzii	0.1448989771
PWY-5667: CDP-diacylglycerol biosynthesis I|g__Bacteroides.s__Bacteroides_caccae	0.3556652695
PWY-5667: CDP-diacylglycerol biosynthesis I|g__Blautia.s__Blautia_wexlerae	0.0518138971
PWY-5667: CDP-diacylglycerol biosynthesis I|g__Bacteroides.s__Bacteroides_thetaiotaomicron	0.1645549948
PWY-5667: CDP-diacylglycerol biosynthesis I|g__Bacteroides.s__Bacteroides_finegoldii	0.6286674012
PWY0-1319: CDP-diacylglycerol biosynthesis II	0.2242815683
PWY0-1319: CDP-diacylglycerol biosynthesis II|unclassified	0.9605904831
PWY0-1319: CDP-diacylglycerol biosynthesis II|g__Blautia.s__Blautia_obeum	0.2310941147
PWY0-1319: CDP-diacylglycerol biosynthesis II|g__Subdoligranulum.s__Subdoligranulum_sp_APC924_74	0.3511355364
PWY0-1319: CDP-diacylglycerol biosynthesis II|g__Barnesiella.s__Barnesiella_intestinihominis	0.3210896974
PWY0-1319: CDP-diacylglycerol biosynthesis II|g__Bacteroides.s__Bacteroides_uniformis	0.7103212857
PWY0-1319: CDP-diacylglycerol biosynthesis II|g__Bacteroides.s__Bacteroides_vulgatus	0.3305870740
PWY0-1319: CDP-diacylglycerol biosynthesis II|g__Bacteroides.s__Bacteroides_dorei	0.2217606839
PWY0-1319: CDP-diacylglycerol biosynthesis II|g__Faecalibacterium.s__Faecalibacterium_prausnitzii	0.1448989771
PWY0-1319: CDP-diacylglycerol biosynthesis II|g__Bacteroides.s__Bacteroides_caccae	0.3556652695
PWY0-1319: CDP-diacylglycerol biosynthesis II|g__Blautia.s__Blautia_wexlerae	0.0518138971
PWY0-1319: CDP-diacylglycerol biosynthesis II|g__Bacteroides.s__Bacteroides_thetaiotaomicron	0.1645549948
PWY0-1319: CDP-diacylglycerol biosynthesis II|g__Bacteroides.s__Bacteroides_finegoldii	0.6286674012
PWY-7199: pyrimidine deoxyribonucleosides salvage	0.3766547041
PWY-7199: pyrimidine deoxyribonucleosides salvage|unclassified	0.0000250322
PWY-7199: pyrimidine deoxyribonucleosides salvage|g__Oscillibacter.s__Oscillibacter_sp_CAG_241	0.1025194222
PWY-7199: pyrimidine deoxyribonucleosides salvage|g__Ruminococcus.s__Ruminococcus_sp_CAG_177	0.4478868746
PWY-7199: pyrimidine deoxyribonucleosides salvage|g__Barnesiella.s__Barnesiella_intestinihominis	0.3764750970
PWY-7199: pyrimidine deoxyribonucleosides salvage|g__Bacteroides.s__Bacteroides_vulgatus	0.4319173613
PWY-7199: pyrimidine deoxyribonucleosides salvage|g__Bacteroides.s__Bacteroides_uniformis	0.3383592528
PWY-7199: pyrimidine deoxyribonucleosides salvage|g__Firmicutes_unclassified.s__Firmicutes_bacterium_CAG_129	0.7634711444
PWY-7199: pyrimidine deoxyribonucleosides salvage|g__Bacteroides.s__Bacteroides_dorei	0.0008903994
PWY-6897: thiamine diphosphate salvage II	0.0000000144
PWY-6897: thiamine diphosphate salvage II|g__Bifidobacterium.s__Bifidobacterium_adolescentis	0.0000000673
PWY-6897: thiamine diphosphate salvage II|unclassified	0.0989456850
PWY-6897: thiamine diphosphate salvage II|g__Bacteroides.s__Bacteroides_uniformis	0.3601287273
PWY-6897: thiamine diphosphate salvage II|g__Faecalibacterium.s__Faecalibacterium_prausnitzii	0.4583276916
PWY-6936: seleno-amino acid biosynthesis (plants)	0.5090073932
PWY-6936: seleno-amino acid biosynthesis (plants)|unclassified	0.7599771135
PWY-6936: seleno-amino acid biosynthesis (plants)|g__Streptococcus.s__Streptococcus_salivarius	0.4322860355
PWY-6936: seleno-amino acid biosynthesis (plants)|g__Streptococcus.s__Streptococcus_pneumoniae	0.1741760686
PWY-5973: cis-vaccenate biosynthesis	0.0000101206
PWY-5973: cis-vaccenate biosynthesis|unclassified	0.0150495559
PWY-5973: cis-vaccenate biosynthesis|g__Bacteroides.s__Bacteroides_uniformis	0.2348858812
PWY-5973: cis-vaccenate biosynthesis|g__Alistipes.s__Alistipes_onderdonkii	0.6930264457
PWY-5973: cis-vaccenate biosynthesis|g__Alistipes.s__Alistipes_finegoldii	0.2774772746
PWY-5973: cis-vaccenate biosynthesis|g__Bacteroides.s__Bacteroides_caccae	0.3805978763
PWY-5973: cis-vaccenate biosynthesis|g__Bacteroides.s__Bacteroides_thetaiotaomicron	0.4794136556
PWY-5973: cis-vaccenate biosynthesis|g__Bacteroides.s__Bacteroides_clarus	0.3971147293
GLUCONEO-PWY: gluconeogenesis I	0.0000000000
GLUCONEO-PWY: gluconeogenesis I|unclassified	0.0000000000
PWY-8178: pentose phosphate pathway (non-oxidative branch) II	0.0000000646
PWY-8178: pentose phosphate pathway (non-oxidative branch) II|unclassified	0.8810592361
PWY-8178: pentose phosphate pathway (non-oxidative branch) II|g__Blautia.s__Blautia_obeum	0.0831362368
PWY-8178: pentose phosphate pathway (non-oxidative branch) II|g__Collinsella.s__Collinsella_aerofaciens	0.0000086098
PWY-8178: pentose phosphate pathway (non-oxidative branch) II|g__Eubacterium.s__Eubacterium_hallii	0.7704191234
PWY-6317: D-galactose degradation I (Leloir pathway)	0.0000044785
PWY-6317: D-galactose degradation I (Leloir pathway)|unclassified	0.7905754594
PWY-6317: D-galactose degradation I (Leloir pathway)|g__Blautia.s__Blautia_obeum	0.1323122060
PWY-6317: D-galactose degradation I (Leloir pathway)|g__Collinsella.s__Collinsella_aerofaciens	0.0019346085
PWY-6317: D-galactose degradation I (Leloir pathway)|g__Mitsuokella.s__Mitsuokella_multacida	0.4283081684
PWY-6317: D-galactose degradation I (Leloir pathway)|g__Blautia.s__Blautia_wexlerae	0.0084892008
PENTOSE-P-PWY: pentose phosphate pathway	0.0000000905
PENTOSE-P-PWY: pentose phosphate pathway|unclassified	0.2230080993
PWY0-1061: superpathway of L-alanine biosynthesis	0.0000000000
PWY0-1061: superpathway of L-alanine biosynthesis|g__Bifidobacterium.s__Bifidobacterium_adolescentis	0.0016227490
PWY0-1061: superpathway of L-alanine biosynthesis|g__Bifidobacterium.s__Bifidobacterium_longum	0.0005160183
PWY0-1061: superpathway of L-alanine biosynthesis|g__Bifidobacterium.s__Bifidobacterium_bifidum	0.0594989854
PANTO-PWY: phosphopantothenate biosynthesis I	0.0011640794
PANTO-PWY: phosphopantothenate biosynthesis I|unclassified	0.0451941720
PANTO-PWY: phosphopantothenate biosynthesis I|g__Akkermansia.s__Akkermansia_muciniphila	0.4762637930
PANTO-PWY: phosphopantothenate biosynthesis I|g__Alistipes.s__Alistipes_putredinis	0.3198589980
PANTO-PWY: phosphopantothenate biosynthesis I|g__Blautia.s__Blautia_obeum	0.1666844688
PANTO-PWY: phosphopantothenate biosynthesis I|g__Barnesiella.s__Barnesiella_intestinihominis	0.1239757013
PANTO-PWY: phosphopantothenate biosynthesis I|g__Bacteroides.s__Bacteroides_uniformis	0.6752669437
PANTO-PWY: phosphopantothenate biosynthesis I|g__Bacteroides.s__Bacteroides_vulgatus	0.0793019169
PANTO-PWY: phosphopantothenate biosynthesis I|g__Bacteroides.s__Bacteroides_dorei	0.4378097482
PANTO-PWY: phosphopantothenate biosynthesis I|g__Senegalimassilia.s__Senegalimassilia_anaerobia	0.4972139414
PANTO-PWY: phosphopantothenate biosynthesis I|g__Bacteroides.s__Bacteroides_sp_CAG_530	0.3248408512
PANTO-PWY: phosphopantothenate biosynthesis I|g__Bacteroides.s__Bacteroides_caccae	0.4763873039
PANTO-PWY: phosphopantothenate biosynthesis I|g__Bacteroides.s__Bacteroides_ovatus	0.7152690575
PANTO-PWY: phosphopantothenate biosynthesis I|g__Bacteroides.s__Bacteroides_thetaiotaomicron	0.1760519507
NONOXIPENT-PWY: pentose phosphate pathway (non-oxidative branch) I	0.0000000517
NONOXIPENT-PWY: pentose phosphate pathway (non-oxidative branch) I|unclassified	0.9375431786
NONOXIPENT-PWY: pentose phosphate pathway (non-oxidative branch) I|g__Collinsella.s__Collinsella_aerofaciens	0.2875825765
NONOXIPENT-PWY: pentose phosphate pathway (non-oxidative branch) I|g__Blautia.s__Blautia_obeum	0.8486804700
NONOXIPENT-PWY: pentose phosphate pathway (non-oxidative branch) I|g__Eubacterium.s__Eubacterium_hallii	0.6646877813
ANAEROFRUCAT-PWY: homolactic fermentation	0.0000000000
ANAEROFRUCAT-PWY: homolactic fermentation|unclassified	0.0000000000
PWY0-1586: peptidoglycan maturation (meso-diaminopimelate containing)	0.0000010332
PWY0-1586: peptidoglycan maturation (meso-diaminopimelate containing)|g__Collinsella.s__Collinsella_aerofaciens	0.3915452645
PWY0-1586: peptidoglycan maturation (meso-diaminopimelate containing)|unclassified	0.0000000000
PWY0-1586: peptidoglycan maturation (meso-diaminopimelate containing)|g__Bifidobacterium.s__Bifidobacterium_catenulatum	0.8221335172
PWY0-1586: peptidoglycan maturation (meso-diaminopimelate containing)|g__Bacteroides.s__Bacteroides_vulgatus	0.1353424674
PWY0-1586: peptidoglycan maturation (meso-diaminopimelate containing)|g__Bifidobacterium.s__Bifidobacterium_pseudocatenulatum	0.9259700644
PWY0-1586: peptidoglycan maturation (meso-diaminopimelate containing)|g__Bacteroides.s__Bacteroides_dorei	0.0494525549
PWY0-1586: peptidoglycan maturation (meso-diaminopimelate containing)|g__Oxalobacter.s__Oxalobacter_formigenes	0.3454461960
THISYN-PWY: superpathway of thiamine diphosphate biosynthesis I	0.0000000000
THISYN-PWY: superpathway of thiamine diphosphate biosynthesis I|unclassified	0.0000000000
THISYN-PWY: superpathway of thiamine diphosphate biosynthesis I|g__Bacteroides.s__Bacteroides_uniformis	0.3808388502
TRPSYN-PWY: L-tryptophan biosynthesis	0.0000000000
TRPSYN-PWY: L-tryptophan biosynthesis|unclassified	0.0000000074
TRPSYN-PWY: L-tryptophan biosynthesis|g__Ruminococcus.s__Ruminococcus_bromii	0.0239912084
TRPSYN-PWY: L-tryptophan biosynthesis|g__Blautia.s__Blautia_obeum	0.7445347281
TRPSYN-PWY: L-tryptophan biosynthesis|g__Blautia.s__Blautia_wexlerae	0.2206910646
TRPSYN-PWY: L-tryptophan biosynthesis|g__Streptococcus.s__Streptococcus_salivarius	0.0244446444
PWY-7663: gondoate biosynthesis (anaerobic)	0.0000080965
PWY-7663: gondoate biosynthesis (anaerobic)|g__Bifidobacterium.s__Bifidobacterium_longum	0.3874412585
PWY-7663: gondoate biosynthesis (anaerobic)|unclassified	0.0121971936
PWY-7663: gondoate biosynthesis (anaerobic)|g__Bacteroides.s__Bacteroides_uniformis	0.2162519551
PWY-7663: gondoate biosynthesis (anaerobic)|g__Alistipes.s__Alistipes_finegoldii	0.6696766185
PWY-7663: gondoate biosynthesis (anaerobic)|g__Alistipes.s__Alistipes_onderdonkii	0.7595225607
PWY-7663: gondoate biosynthesis (anaerobic)|g__Bacteroides.s__Bacteroides_caccae	0.6612706704
PWY-7663: gondoate biosynthesis (anaerobic)|g__Bacteroides.s__Bacteroides_thetaiotaomicron	0.4988366922
PWY-7663: gondoate biosynthesis (anaerobic)|g__Bacteroides.s__Bacteroides_clarus	0.4932657273
PWY-6630: superpathway of L-tyrosine biosynthesis	0.0000000000
PWY-6630: superpathway of L-tyrosine biosynthesis|unclassified	0.0002215527
PWY66-429: fatty acid biosynthesis initiation (mitochondria)	0.0000000000
PWY66-429: fatty acid biosynthesis initiation (mitochondria)|unclassified	0.1203086203
PWY66-429: fatty acid biosynthesis initiation (mitochondria)|g__Blautia.s__Blautia_obeum	0.7764046552
PWY66-429: fatty acid biosynthesis initiation (mitochondria)|g__Bacteroides.s__Bacteroides_vulgatus	0.8264718367
PWY66-429: fatty acid biosynthesis initiation (mitochondria)|g__Bacteroides.s__Bacteroides_dorei	0.6892400606
PWY66-429: fatty acid biosynthesis initiation (mitochondria)|g__Bacteroides.s__Bacteroides_uniformis	0.3828507381
PWY66-429: fatty acid biosynthesis initiation (mitochondria)|g__Bacteroides.s__Bacteroides_sp_CAG_530	0.3197834581
PWY66-429: fatty acid biosynthesis initiation (mitochondria)|g__Senegalimassilia.s__Senegalimassilia_anaerobia	0.2756585295
PWY66-429: fatty acid biosynthesis initiation (mitochondria)|g__Bacteroides.s__Bacteroides_caccae	0.2672952025
PWY66-429: fatty acid biosynthesis initiation (mitochondria)|g__Bacteroides.s__Bacteroides_thetaiotaomicron	0.3722110711
PWY66-429: fatty acid biosynthesis initiation (mitochondria)|g__Bacteroides.s__Bacteroides_ovatus	0.3041925933
PWY66-429: fatty acid biosynthesis initiation (mitochondria)|g__Bacteroides.s__Bacteroides_clarus	0.3217462040
PWY-5989: stearate biosynthesis II (bacteria and plants)	0.0000000000
PWY-5989: stearate biosynthesis II (bacteria and plants)|unclassified	0.0000000000
PWY-622: starch biosynthesis	0.0000000000
PWY-622: starch biosynthesis|unclassified	0.0000000000
FASYN-ELONG-PWY: fatty acid elongation -- saturated	0.0000000000
FASYN-ELONG-PWY: fatty acid elongation -- saturated|g__Bifidobacterium.s__Bifidobacterium_longum	0.3874412585
FASYN-ELONG-PWY: fatty acid elongation -- saturated|unclassified	0.0000000000
PWY-7664: oleate biosynthesis IV (anaerobic)	0.0000000000
PWY-7664: oleate biosynthesis IV (anaerobic)|g__Bifidobacterium.s__Bifidobacterium_longum	0.3874412585
PWY-7664: oleate biosynthesis IV (anaerobic)|unclassified	0.0000000000
RIBOSYN2-PWY: flavin biosynthesis I (bacteria and plants)	0.0000000000
RIBOSYN2-PWY: flavin biosynthesis I (bacteria and plants)|unclassified	0.0000000000
RIBOSYN2-PWY: flavin biosynthesis I (bacteria and plants)|g__Blautia.s__Blautia_obeum	0.0000468603
RIBOSYN2-PWY: flavin biosynthesis I (bacteria and plants)|g__Bacteroides.s__Bacteroides_vulgatus	0.1430529036
RIBOSYN2-PWY: flavin biosynthesis I (bacteria and plants)|g__Bacteroides.s__Bacteroides_dorei	0.7544178972
RIBOSYN2-PWY: flavin biosynthesis I (bacteria and plants)|g__Faecalibacterium.s__Faecalibacterium_prausnitzii	0.4463029642
RIBOSYN2-PWY: flavin biosynthesis I (bacteria and plants)|g__Bacteroides.s__Bacteroides_caccae	0.5057476535
PWY-6282: palmitoleate biosynthesis I (from (5Z)-dodec-5-enoate)	0.0000000000
PWY-6282: palmitoleate biosynthesis I (from (5Z)-dodec-5-enoate)|g__Bifidobacterium.s__Bifidobacterium_longum	0.3874412585
PWY-6282: palmitoleate biosynthesis I (from (5Z)-dodec-5-enoate)|unclassified	0.0000000000
PWY0-1296: purine ribonucleosides degradation	0.0000000000
PWY0-1296: purine ribonucleosides degradation|unclassified	0.0011336417
PWY0-1296: purine ribonucleosides degradation|g__Blautia.s__Blautia_obeum	0.6269410327
PWY0-1296: purine ribonucleosides degradation|g__Firmicutes_unclassified.s__Firmicutes_bacterium_CAG_124	0.2536709985
PWY0-1296: purine ribonucleosides degradation|g__Subdoligranulum.s__Subdoligranulum_sp_APC924_74	0.2223516754
PWY0-1296: purine ribonucleosides degradation|g__Faecalibacterium.s__Faecalibacterium_sp_CAG_74	0.8177184933
PWY0-1296: purine ribonucleosides degradation|g__Ruminococcus.s__Ruminococcus_sp_CAG_177	0.0003485033
PWY0-1296: purine ribonucleosides degradation|g__Eubacterium.s__Eubacterium_sp_CAG_251	0.4710513030
PWY0-1296: purine ribonucleosides degradation|g__Faecalibacterium.s__Faecalibacterium_prausnitzii	0.6795533503
PWY0-1296: purine ribonucleosides degradation|g__Ruthenibacterium.s__Ruthenibacterium_lactatiformans	0.5878182598
PWY0-1296: purine ribonucleosides degradation|g__Clostridium.s__Clostridium_sp_CAG_138	0.3292881073
PWY0-1296: purine ribonucleosides degradation|g__Mitsuokella.s__Mitsuokella_multacida	0.2007878121
PWY0-862: (5Z)-dodecenoate biosynthesis I	0.0000000000
PWY0-862: (5Z)-dodecenoate biosynthesis I|g__Bifidobacterium.s__Bifidobacterium_longum	0.3874412585
PWY0-862: (5Z)-dodecenoate biosynthesis I|unclassified	0.0000000000
PWY-7115: C4 photosynthetic carbon assimilation cycle, NAD-ME type	0.0000000000
PWY-7356: thiamine diphosphate salvage IV (yeast)	0.0000000004
PWY-7356: thiamine diphosphate salvage IV (yeast)|g__Bifidobacterium.s__Bifidobacterium_adolescentis	0.0000000748
PWY-7356: thiamine diphosphate salvage IV (yeast)|unclassified	0.0000000000
PWY-6703: preQ0 biosynthesis	0.0000000000
PWY-6703: preQ0 biosynthesis|g__Akkermansia.s__Akkermansia_muciniphila	0.7724586104
PWY-6703: preQ0 biosynthesis|g__Blautia.s__Blautia_obeum	0.3478576076
PWY-6703: preQ0 biosynthesis|g__Alistipes.s__Alistipes_putredinis	0.0000992618
PWY-6703: preQ0 biosynthesis|unclassified	0.0000000000
PWY-6703: preQ0 biosynthesis|g__Barnesiella.s__Barnesiella_intestinihominis	0.1565416071
PWY-6703: preQ0 biosynthesis|g__Bacteroides.s__Bacteroides_vulgatus	0.4794255056
PWY-6703: preQ0 biosynthesis|g__Bacteroides.s__Bacteroides_uniformis	0.3289207082
PWY-6703: preQ0 biosynthesis|g__Senegalimassilia.s__Senegalimassilia_anaerobia	0.8574129869
PWY-6703: preQ0 biosynthesis|g__Bacteroides.s__Bacteroides_sp_CAG_530	0.7392287329
PWY-6703: preQ0 biosynthesis|g__Bacteroides.s__Bacteroides_caccae	0.8082850749
PWY-6703: preQ0 biosynthesis|g__Victivallales_unclassified.s__Victivallales_bacterium_CCUG_44730	0.6400759198
PWY-6703: preQ0 biosynthesis|g__Bacteroides.s__Bacteroides_dorei	0.0012241914
PWY-6703: preQ0 biosynthesis|g__Bacteroides.s__Bacteroides_clarus	0.7015509385
PWY-6703: preQ0 biosynthesis|g__Bacteroides.s__Bacteroides_thetaiotaomicron	0.2526104974
PWY-7229: superpathway of adenosine nucleotides de novo biosynthesis I	0.0000000000
PWY-7229: superpathway of adenosine nucleotides de novo biosynthesis I|g__Bacteroides.s__Bacteroides_vulgatus	0.5921393648
PWY-7229: superpathway of adenosine nucleotides de novo biosynthesis I|g__Bacteroides.s__Bacteroides_dorei	0.0476357183
P124-PWY: Bifidobacterium shunt	0.0000000000
P124-PWY: Bifidobacterium shunt|g__Bifidobacterium.s__Bifidobacterium_longum	0.0000000000
P124-PWY: Bifidobacterium shunt|g__Collinsella.s__Collinsella_aerofaciens	0.0000000191
P124-PWY: Bifidobacterium shunt|g__Bifidobacterium.s__Bifidobacterium_pseudocatenulatum	0.7956743443
PWY-6969: TCA cycle V (2-oxoglutarate synthase)	0.0000000000
PWY-7400: L-arginine biosynthesis IV (archaebacteria)	0.0000000000
THISYNARA-PWY: superpathway of thiamine diphosphate biosynthesis III (eukaryotes)	0.0000000000
THISYNARA-PWY: superpathway of thiamine diphosphate biosynthesis III (eukaryotes)|unclassified	0.0001348251
THISYNARA-PWY: superpathway of thiamine diphosphate biosynthesis III (eukaryotes)|g__Bacteroides.s__Bacteroides_uniformis	0.3320259159
THISYNARA-PWY: superpathway of thiamine diphosphate biosynthesis III (eukaryotes)|g__Bifidobacterium.s__Bifidobacterium_bifidum	0.5875552801
THISYNARA-PWY: superpathway of thiamine diphosphate biosynthesis III (eukaryotes)|g__Faecalibacterium.s__Faecalibacterium_prausnitzii	0.0266287994
THISYNARA-PWY: superpathway of thiamine diphosphate biosynthesis III (eukaryotes)|g__Blautia.s__Blautia_obeum	0.0000000000
PWY-241: C4 photosynthetic carbon assimilation cycle, NADP-ME type	0.0000000000
PWY-241: C4 photosynthetic carbon assimilation cycle, NADP-ME type|unclassified	0.0000000000
PWY-7383: anaerobic energy metabolism (invertebrates, cytosol)	0.0000000000
PWY-7383: anaerobic energy metabolism (invertebrates, cytosol)|unclassified	0.0000004000
ASPASN-PWY: superpathway of L-aspartate and L-asparagine biosynthesis	0.0000000000
ASPASN-PWY: superpathway of L-aspartate and L-asparagine biosynthesis|unclassified	0.0000011164
ASPASN-PWY: superpathway of L-aspartate and L-asparagine biosynthesis|g__Bacteroides.s__Bacteroides_vulgatus	0.3147192181
ASPASN-PWY: superpathway of L-aspartate and L-asparagine biosynthesis|g__Bacteroides.s__Bacteroides_dorei	0.7118826525
ASPASN-PWY: superpathway of L-aspartate and L-asparagine biosynthesis|g__Blautia.s__Blautia_obeum	0.0000000003
ASPASN-PWY: superpathway of L-aspartate and L-asparagine biosynthesis|g__Bacteroides.s__Bacteroides_uniformis	0.0016253142
PWY-841: superpathway of purine nucleotides de novo biosynthesis I	0.0000000000
PWY-5154: L-arginine biosynthesis III (via N-acetyl-L-citrulline)	0.0000000000
CITRULBIO-PWY: L-citrulline biosynthesis	0.0000000000
CITRULBIO-PWY: L-citrulline biosynthesis|unclassified	0.0000000000
GLYCOCAT-PWY: glycogen degradation I	0.0000000000
PWY-5659: GDP-mannose biosynthesis	0.0000000000
PWY-5659: GDP-mannose biosynthesis|g__Alistipes.s__Alistipes_shahii	0.5036917817
PWY-5659: GDP-mannose biosynthesis|unclassified	0.0000000004
PWY-5659: GDP-mannose biosynthesis|g__Bacteroides.s__Bacteroides_vulgatus	0.0079846211
PWY-5659: GDP-mannose biosynthesis|g__Faecalibacterium.s__Faecalibacterium_prausnitzii	0.2152250130
PWY-6892: thiazole component of thiamine diphosphate biosynthesis I	0.0000000000
PWY-6892: thiazole component of thiamine diphosphate biosynthesis I|g__Blautia.s__Blautia_obeum	0.8904004515
PWY-6892: thiazole component of thiamine diphosphate biosynthesis I|unclassified	0.0000000000
PWY-6892: thiazole component of thiamine diphosphate biosynthesis I|g__Bacteroides.s__Bacteroides_uniformis	0.1962247649
PWY-6892: thiazole component of thiamine diphosphate biosynthesis I|g__Blautia.s__Blautia_wexlerae	0.6116138186
PWY-6892: thiazole component of thiamine diphosphate biosynthesis I|g__Bacteroides.s__Bacteroides_thetaiotaomicron	0.4922266441
PWY-6892: thiazole component of thiamine diphosphate biosynthesis I|g__Bacteroides.s__Bacteroides_ovatus	0.7065580362
PWY-6892: thiazole component of thiamine diphosphate biosynthesis I|g__Bacteroides.s__Bacteroides_caccae	0.0088531977
PWY-6527: stachyose degradation	0.0000000000
PWY-6527: stachyose degradation|unclassified	0.0000261208
PWY-6527: stachyose degradation|g__Blautia.s__Blautia_obeum	0.0000000000
PWY-6527: stachyose degradation|g__Mitsuokella.s__Mitsuokella_multacida	0.3775210563
PWY-6527: stachyose degradation|g__Blautia.s__Blautia_wexlerae	0.4247211453
PWY0-162: superpathway of pyrimidine ribonucleotides de novo biosynthesis	0.0000000000
PWY3O-4107: NAD salvage pathway V (PNC V cycle)	0.0000000000
HISDEG-PWY: L-histidine degradation I	0.0000000000
HISDEG-PWY: L-histidine degradation I|g__Alistipes.s__Alistipes_shahii	0.2423151674
HISDEG-PWY: L-histidine degradation I|g__Alistipes.s__Alistipes_putredinis	0.4653308167
HISDEG-PWY: L-histidine degradation I|g__Oscillibacter.s__Oscillibacter_sp_CAG_241	0.0131605351
HISDEG-PWY: L-histidine degradation I|g__Firmicutes_unclassified.s__Firmicutes_bacterium_CAG_124	0.2101975429
HISDEG-PWY: L-histidine degradation I|g__Bacteroides.s__Bacteroides_vulgatus	0.2194351682
HISDEG-PWY: L-histidine degradation I|g__Bacteroides.s__Bacteroides_uniformis	0.1791245587
HISDEG-PWY: L-histidine degradation I|g__Firmicutes_unclassified.s__Firmicutes_bacterium_CAG_129	0.5283053191
HISDEG-PWY: L-histidine degradation I|g__Bacteroides.s__Bacteroides_dorei	0.5288702095
HISDEG-PWY: L-histidine degradation I|g__Clostridium.s__Clostridium_sp_CAG_138	0.3671180454
HISDEG-PWY: L-histidine degradation I|g__Bacteroides.s__Bacteroides_clarus	0.5341032230
PWY-8187: L-arginine degradation XIII (reductive Stickland reaction)	0.0000000000
PWY-8187: L-arginine degradation XIII (reductive Stickland reaction)|unclassified	0.9455732463
PWY66-399: gluconeogenesis III	0.0000000000
PWY66-399: gluconeogenesis III|unclassified	0.0000000000
PWY-7282: 4-amino-2-methyl-5-diphosphomethylpyrimidine biosynthesis II	0.0000000000
PWY-7282: 4-amino-2-methyl-5-diphosphomethylpyrimidine biosynthesis II|g__Bacteroides.s__Bacteroides_uniformis	0.0778460561
PWY-4041: &gamma;-glutamyl cycle	0.0000000000
PWY-4041: &gamma;-glutamyl cycle|g__Bifidobacterium.s__Bifidobacterium_longum	0.0000098264
PWY-4041: &gamma;-glutamyl cycle|unclassified	0.0000000000
COLANSYN-PWY: colanic acid building blocks biosynthesis	0.0000000000
PWY-7237: myo-, chiro- and scyllo-inositol degradation	0.0000000000
PWY-7237: myo-, chiro- and scyllo-inositol degradation|unclassified	0.9999463387
PWY-7237: myo-, chiro- and scyllo-inositol degradation|g__Blautia.s__Blautia_obeum	0.2104683300
PWY-7237: myo-, chiro- and scyllo-inositol degradation|g__Dorea.s__Dorea_longicatena	0.9939649868
PWY-7237: myo-, chiro- and scyllo-inositol degradation|g__Anaerostipes.s__Anaerostipes_hadrus	0.2878594161
PWY-4984: urea cycle	0.0000000000
PWY-4984: urea cycle|unclassified	0.0000000000
PWY-6519: 8-amino-7-oxononanoate biosynthesis I	0.0000000000
PWY-6519: 8-amino-7-oxononanoate biosynthesis I|unclassified	0.0000000000
PWY-8004: Entner-Doudoroff pathway I	0.0000000000
PWY-8004: Entner-Doudoroff pathway I|unclassified	0.0000000000
PWY-6126: superpathway of adenosine nucleotides de novo biosynthesis II	0.0000000000
PWY-6126: superpathway of adenosine nucleotides de novo biosynthesis II|g__Bacteroides.s__Bacteroides_vulgatus	0.6251270627
PWY-6126: superpathway of adenosine nucleotides de novo biosynthesis II|g__Bacteroides.s__Bacteroides_dorei	0.0547092064
PWY-7328: superpathway of UDP-glucose-derived O-antigen building blocks biosynthesis	0.0000000000
PWY-7328: superpathway of UDP-glucose-derived O-antigen building blocks biosynthesis|unclassified	0.0000000000
PWY-1269: CMP-3-deoxy-D-manno-octulosonate biosynthesis	0.0000000000
PWY-1269: CMP-3-deoxy-D-manno-octulosonate biosynthesis|g__Alistipes.s__Alistipes_shahii	0.1481250510
PWY-1269: CMP-3-deoxy-D-manno-octulosonate biosynthesis|unclassified	0.0000000043
PWY-1269: CMP-3-deoxy-D-manno-octulosonate biosynthesis|g__Bacteroides.s__Bacteroides_uniformis	0.0390332319
BIOTIN-BIOSYNTHESIS-PWY: biotin biosynthesis I	0.0000000000
BIOTIN-BIOSYNTHESIS-PWY: biotin biosynthesis I|unclassified	0.0000000000
COBALSYN-PWY: superpathway of adenosylcobalamin salvage from cobinamide I	0.0000000000
COBALSYN-PWY: superpathway of adenosylcobalamin salvage from cobinamide I|unclassified	0.0000000000
COBALSYN-PWY: superpathway of adenosylcobalamin salvage from cobinamide I|g__Blautia.s__Blautia_obeum	0.0000048207
COBALSYN-PWY: superpathway of adenosylcobalamin salvage from cobinamide I|g__Bacteroides.s__Bacteroides_uniformis	0.1418835437
COBALSYN-PWY: superpathway of adenosylcobalamin salvage from cobinamide I|g__Gordonibacter.s__Gordonibacter_pamelaeae	0.4195865972
COBALSYN-PWY: superpathway of adenosylcobalamin salvage from cobinamide I|g__Collinsella.s__Collinsella_aerofaciens	0.0000000000
FERMENTATION-PWY: mixed acid fermentation	0.0000000000
FERMENTATION-PWY: mixed acid fermentation|unclassified	0.0000000000
PWY-5913: partial TCA cycle (obligate autotrophs)	0.0000000000
PWY-5913: partial TCA cycle (obligate autotrophs)|unclassified	0.0000000000
PWY-6823: molybdopterin biosynthesis	0.0000000000
PWY-6823: molybdopterin biosynthesis|unclassified	0.1169775546
PWY-6823: molybdopterin biosynthesis|g__Blautia.s__Blautia_obeum	0.9676240879
PWY-6823: molybdopterin biosynthesis|g__Faecalibacterium.s__Faecalibacterium_prausnitzii	0.7299621600
PWY-6823: molybdopterin biosynthesis|g__Senegalimassilia.s__Senegalimassilia_anaerobia	0.6644166691
PWY-6147: 6-hydroxymethyl-dihydropterin diphosphate biosynthesis I	0.0000000000
PWY-6147: 6-hydroxymethyl-dihydropterin diphosphate biosynthesis I|g__Alistipes.s__Alistipes_putredinis	0.4275841084
PWY-6147: 6-hydroxymethyl-dihydropterin diphosphate biosynthesis I|g__Bacteroides.s__Bacteroides_vulgatus	0.6100923257
PWY-6147: 6-hydroxymethyl-dihydropterin diphosphate biosynthesis I|g__Bacteroides.s__Bacteroides_uniformis	0.0020085571
PWY-6147: 6-hydroxymethyl-dihydropterin diphosphate biosynthesis I|g__Bacteroides.s__Bacteroides_dorei	0.0052403703
PWY-7228: superpathway of guanosine nucleotides de novo biosynthesis I	0.0000000000
PWY-7228: superpathway of guanosine nucleotides de novo biosynthesis I|g__Bacteroides.s__Bacteroides_vulgatus	0.9477310521
PWY-7228: superpathway of guanosine nucleotides de novo biosynthesis I|g__Collinsella.s__Collinsella_aerofaciens	0.0001210253
PWY-7228: superpathway of guanosine nucleotides de novo biosynthesis I|g__Bacteroides.s__Bacteroides_dorei	0.6095122931
PWY-7228: superpathway of guanosine nucleotides de novo biosynthesis I|g__Bacteroides.s__Bacteroides_caccae	0.4776573863
PWY-7228: superpathway of guanosine nucleotides de novo biosynthesis I|g__Bacteroides.s__Bacteroides_thetaiotaomicron	0.7114346321
PWY-7228: superpathway of guanosine nucleotides de novo biosynthesis I|g__Bacteroides.s__Bacteroides_cellulosilyticus	0.5521411223
PWY-5030: L-histidine degradation III	0.0000000000
PWY-5030: L-histidine degradation III|g__Alistipes.s__Alistipes_shahii	0.2517151810
PWY-5030: L-histidine degradation III|g__Alistipes.s__Alistipes_putredinis	0.4050452608
PWY-5030: L-histidine degradation III|g__Bacteroides.s__Bacteroides_uniformis	0.3862893877
PWY-5030: L-histidine degradation III|g__Bacteroides.s__Bacteroides_vulgatus	0.2547731401
PWY-5030: L-histidine degradation III|g__Bacteroides.s__Bacteroides_dorei	0.3065369028
PWY-5030: L-histidine degradation III|g__Bacteroides.s__Bacteroides_clarus	0.6085167732
FASYN-INITIAL-PWY: superpathway of fatty acid biosynthesis initiation (E. coli)	0.0000000000
FASYN-INITIAL-PWY: superpathway of fatty acid biosynthesis initiation (E. coli)|unclassified	0.0000000000
PYRIDNUCSAL-PWY: NAD salvage pathway I (PNC VI cycle)	0.0000000000
PWY-5188: tetrapyrrole biosynthesis I (from glutamate)	0.0000000000
PWY-5188: tetrapyrrole biosynthesis I (from glutamate)|g__Akkermansia.s__Akkermansia_muciniphila	0.0603711598
PWY-5188: tetrapyrrole biosynthesis I (from glutamate)|g__Ruminococcus.s__Ruminococcus_bromii	0.1152190170
PWY-5188: tetrapyrrole biosynthesis I (from glutamate)|g__Blautia.s__Blautia_obeum	0.0519314557
PWY-5188: tetrapyrrole biosynthesis I (from glutamate)|unclassified	0.0000000000
PWY-5188: tetrapyrrole biosynthesis I (from glutamate)|g__Mitsuokella.s__Mitsuokella_multacida	0.3371476849
PWY-6549: L-glutamine biosynthesis III	0.0000000000
PWY-6549: L-glutamine biosynthesis III|unclassified	0.0000000000
PWY0-1479: tRNA processing	0.0000000000
PWY0-1479: tRNA processing|unclassified	0.0000000000
PWY-7761: NAD salvage pathway II (PNC IV cycle)	0.0000000000
PWY-7761: NAD salvage pathway II (PNC IV cycle)|unclassified	0.0000000000
PWY-621: sucrose degradation III (sucrose invertase)	0.0000000000
PWY-621: sucrose degradation III (sucrose invertase)|g__Bifidobacterium.s__Bifidobacterium_longum	0.0000000000
PWY-621: sucrose degradation III (sucrose invertase)|unclassified	0.0000000000
PWY-621: sucrose degradation III (sucrose invertase)|g__Anaerostipes.s__Anaerostipes_hadrus	0.3308368796
PWY-7345: superpathway of anaerobic sucrose degradation	0.0000000000
GLCMANNANAUT-PWY: superpathway of N-acetylglucosamine, N-acetylmannosamine and N-acetylneuraminate degradation	0.0000000000
GLCMANNANAUT-PWY: superpathway of N-acetylglucosamine, N-acetylmannosamine and N-acetylneuraminate degradation|g__Faecalibacterium.s__Faecalibacterium_prausnitzii	0.2005667562
GLCMANNANAUT-PWY: superpathway of N-acetylglucosamine, N-acetylmannosamine and N-acetylneuraminate degradation|unclassified	0.0000000000
PWY-6125: superpathway of guanosine nucleotides de novo biosynthesis II	0.0000000000
PWY-6125: superpathway of guanosine nucleotides de novo biosynthesis II|g__Bacteroides.s__Bacteroides_vulgatus	0.7982663018
PWY-6125: superpathway of guanosine nucleotides de novo biosynthesis II|g__Bacteroides.s__Bacteroides_dorei	0.5386085831
PWY-6125: superpathway of guanosine nucleotides de novo biosynthesis II|g__Bacteroides.s__Bacteroides_caccae	0.3926664682
PWY-6125: superpathway of guanosine nucleotides de novo biosynthesis II|g__Bacteroides.s__Bacteroides_thetaiotaomicron	0.6609843805
PWY-7198: pyrimidine deoxyribonucleotides de novo biosynthesis IV	0.0000000000
PHOSLIPSYN-PWY: superpathway of phospholipid biosynthesis I (bacteria)	0.0000000000
RHAMCAT-PWY: L-rhamnose degradation I	0.0000000000
RHAMCAT-PWY: L-rhamnose degradation I|unclassified	0.0000000000
RHAMCAT-PWY: L-rhamnose degradation I|g__Bacteroides.s__Bacteroides_uniformis	0.2383727383
RHAMCAT-PWY: L-rhamnose degradation I|g__Bacteroides.s__Bacteroides_vulgatus	0.1176691698
RHAMCAT-PWY: L-rhamnose degradation I|g__Bacteroides.s__Bacteroides_thetaiotaomicron	0.4936057068
PWY-2941: L-lysine biosynthesis II	0.0000000000
PWY-6305: superpathway of putrescine biosynthesis	0.0000000000
PWY-7208: superpathway of pyrimidine nucleobases salvage	0.0000000000
PWY-7208: superpathway of pyrimidine nucleobases salvage|g__Blautia.s__Blautia_obeum	0.0038392260
PWY-7208: superpathway of pyrimidine nucleobases salvage|g__Collinsella.s__Collinsella_aerofaciens	0.0001157489
PWY-6270: isoprene biosynthesis I	0.0000000000
PWY-6270: isoprene biosynthesis I|unclassified	0.0000000000
PWY-7456: &beta;-(1,4)-mannan degradation	0.0000000000
PWY0-845: superpathway of pyridoxal 5'-phosphate biosynthesis and salvage	0.0000000000
PWY0-845: superpathway of pyridoxal 5'-phosphate biosynthesis and salvage|g__Bacteroides.s__Bacteroides_uniformis	0.0426940466
PWY0-845: superpathway of pyridoxal 5'-phosphate biosynthesis and salvage|g__Bacteroides.s__Bacteroides_caccae	0.0950588163
PWY-5505: L-glutamate and L-glutamine biosynthesis	0.0000000000
PWY-5505: L-glutamate and L-glutamine biosynthesis|unclassified	0.0000000000
PWY-7323: superpathway of GDP-mannose-derived O-antigen building blocks biosynthesis	0.0000000000
PWY-7323: superpathway of GDP-mannose-derived O-antigen building blocks biosynthesis|unclassified	0.0000000000
PWY-7560: methylerythritol phosphate pathway II	0.0000000000
PWY-7560: methylerythritol phosphate pathway II|unclassified	0.0000000000
PWY-6168: flavin biosynthesis III (fungi)	0.0000000000
PWY-5981: CDP-diacylglycerol biosynthesis III	0.0000000000
PWY-6470: peptidoglycan biosynthesis V (&beta;-lactam resistance)	0.0000000000
GALACTUROCAT-PWY: D-galacturonate degradation I	0.0000000000
GALACTUROCAT-PWY: D-galacturonate degradation I|g__Alistipes.s__Alistipes_shahii	0.1361338372
GALACTUROCAT-PWY: D-galacturonate degradation I|unclassified	0.0000000000
GALACTUROCAT-PWY: D-galacturonate degradation I|g__Faecalibacterium.s__Faecalibacterium_prausnitzii	0.1568237017
P42-PWY: incomplete reductive TCA cycle	0.0000000000
LACTOSECAT-PWY: lactose and galactose degradation I	0.0000000000
LACTOSECAT-PWY: lactose and galactose degradation I|g__Collinsella.s__Collinsella_aerofaciens	0.9999612665
LACTOSECAT-PWY: lactose and galactose degradation I|unclassified	0.0000000000
PWY-6292: superpathway of L-cysteine biosynthesis (mammalian)	0.0000000000
PWY-6292: superpathway of L-cysteine biosynthesis (mammalian)|unclassified	0.0000000000
PYRIDOXSYN-PWY: pyridoxal 5'-phosphate biosynthesis I	0.0000000000
PYRIDOXSYN-PWY: pyridoxal 5'-phosphate biosynthesis I|g__Bacteroides.s__Bacteroides_uniformis	0.0411771174
PYRIDOXSYN-PWY: pyridoxal 5'-phosphate biosynthesis I|g__Bacteroides.s__Bacteroides_caccae	0.2601965968
ARGININE-SYN4-PWY: L-ornithine biosynthesis II	0.0000000000
ARGININE-SYN4-PWY: L-ornithine biosynthesis II|g__Bacteroides.s__Bacteroides_vulgatus	0.4036275707
ARGININE-SYN4-PWY: L-ornithine biosynthesis II|g__Bacteroides.s__Bacteroides_uniformis	0.1089789923
ARGININE-SYN4-PWY: L-ornithine biosynthesis II|g__Bacteroides.s__Bacteroides_dorei	0.6571882523
ARGININE-SYN4-PWY: L-ornithine biosynthesis II|g__Bacteroides.s__Bacteroides_caccae	0.6494030895
ARGININE-SYN4-PWY: L-ornithine biosynthesis II|g__Bacteroides.s__Bacteroides_sp_CAG_530	0.3333797015
PWY-7220: adenosine deoxyribonucleotides de novo biosynthesis II	0.0000000000
PWY-7220: adenosine deoxyribonucleotides de novo biosynthesis II|g__Bacteroides.s__Bacteroides_vulgatus	0.9571734341
PWY-7220: adenosine deoxyribonucleotides de novo biosynthesis II|g__Bacteroides.s__Bacteroides_dorei	0.6015498573
PWY-7220: adenosine deoxyribonucleotides de novo biosynthesis II|g__Bilophila.s__Bilophila_wadsworthia	0.3988605632
PWY-7220: adenosine deoxyribonucleotides de novo biosynthesis II|g__Bacteroides.s__Bacteroides_caccae	0.4608883361
PWY-7220: adenosine deoxyribonucleotides de novo biosynthesis II|g__Bacteroides.s__Bacteroides_thetaiotaomicron	0.5627284369
PWY-7220: adenosine deoxyribonucleotides de novo biosynthesis II|g__Bacteroides.s__Bacteroides_cellulosilyticus	0.4948311401
PWY-7222: guanosine deoxyribonucleotides de novo biosynthesis II	0.0000000000
PWY-7222: guanosine deoxyribonucleotides de novo biosynthesis II|g__Bacteroides.s__Bacteroides_vulgatus	0.9571734341
PWY-7222: guanosine deoxyribonucleotides de novo biosynthesis II|g__Bacteroides.s__Bacteroides_dorei	0.6015498573
PWY-7222: guanosine deoxyribonucleotides de novo biosynthesis II|g__Bilophila.s__Bilophila_wadsworthia	0.3988605632
PWY-7222: guanosine deoxyribonucleotides de novo biosynthesis II|g__Bacteroides.s__Bacteroides_caccae	0.4608883361
PWY-7222: guanosine deoxyribonucleotides de novo biosynthesis II|g__Bacteroides.s__Bacteroides_thetaiotaomicron	0.5627284369
PWY-7222: guanosine deoxyribonucleotides de novo biosynthesis II|g__Bacteroides.s__Bacteroides_cellulosilyticus	0.4948311401
GLYCOLYSIS-E-D: superpathway of glycolysis and the Entner-Doudoroff pathway	0.0000000000
METH-ACETATE-PWY: methanogenesis from acetate	0.0000000000
METH-ACETATE-PWY: methanogenesis from acetate|g__Blautia.s__Blautia_obeum	0.0151945257
METH-ACETATE-PWY: methanogenesis from acetate|g__Blautia.s__Blautia_wexlerae	0.6690307557
PWY4FS-7: phosphatidylglycerol biosynthesis I (plastidic)	0.0000000000
PWY4FS-8: phosphatidylglycerol biosynthesis II (non-plastidic)	0.0000000000
GLUCUROCAT-PWY: superpathway of &beta;-D-glucuronosides degradation	0.0000000000
GLUCUROCAT-PWY: superpathway of &beta;-D-glucuronosides degradation|unclassified	0.0000000000
PWY-1861: formaldehyde assimilation II (assimilatory RuMP Cycle)	0.0000000000
PWY-1861: formaldehyde assimilation II (assimilatory RuMP Cycle)|unclassified	0.0000001665
PWY-7197: pyrimidine deoxyribonucleotide phosphorylation	0.0000000000
PWY-7197: pyrimidine deoxyribonucleotide phosphorylation|g__Collinsella.s__Collinsella_aerofaciens	0.0000806887
PWY-7197: pyrimidine deoxyribonucleotide phosphorylation|g__Bilophila.s__Bilophila_wadsworthia	0.8692457027
PWY-5121: superpathway of geranylgeranyl diphosphate biosynthesis II (via MEP)	0.0000000000
PWY-5121: superpathway of geranylgeranyl diphosphate biosynthesis II (via MEP)|g__Bacteroides.s__Bacteroides_vulgatus	0.2773680251
PWY-5121: superpathway of geranylgeranyl diphosphate biosynthesis II (via MEP)|g__Bacteroides.s__Bacteroides_dorei	0.0001463598
PWY-5130: 2-oxobutanoate degradation I	0.0000000000
PWY-5130: 2-oxobutanoate degradation I|g__Alistipes.s__Alistipes_putredinis	0.4305310906
PWY-6731: starch degradation III	0.0000000000
PWY-6507: 4-deoxy-L-threo-hex-4-enopyranuronate degradation	0.0000000000
PWY-6507: 4-deoxy-L-threo-hex-4-enopyranuronate degradation|unclassified	0.0000000000
PWY-6507: 4-deoxy-L-threo-hex-4-enopyranuronate degradation|g__Faecalibacterium.s__Faecalibacterium_prausnitzii	0.1153721381
PWY0-1241: ADP-L-glycero-&beta;-D-manno-heptose biosynthesis	0.0000000000
PWY0-1241: ADP-L-glycero-&beta;-D-manno-heptose biosynthesis|g__Akkermansia.s__Akkermansia_muciniphila	0.4004594831
PWY-7242: D-fructuronate degradation	0.0000000000
PWY-7242: D-fructuronate degradation|unclassified	0.0000000000
PWY-7242: D-fructuronate degradation|g__Faecalibacterium.s__Faecalibacterium_prausnitzii	0.1287054181
PWY-6902: chitin degradation II (Vibrio)	0.0000000000
PWY-6902: chitin degradation II (Vibrio)|g__Bacteroides.s__Bacteroides_uniformis	0.8056592942
PWY-6902: chitin degradation II (Vibrio)|unclassified	0.0000000000
PWY-6902: chitin degradation II (Vibrio)|g__Bacteroides.s__Bacteroides_vulgatus	0.0293346046
PWY-6902: chitin degradation II (Vibrio)|g__Bacteroides.s__Bacteroides_thetaiotaomicron	0.9112023346
PWY-6902: chitin degradation II (Vibrio)|g__Bifidobacterium.s__Bifidobacterium_bifidum	0.0577608636
FUC-RHAMCAT-PWY: superpathway of fucose and rhamnose degradation	0.0000000000
PWY-7992: superpathway of menaquinol-8 biosynthesis III	0.0000000000
PWY-7992: superpathway of menaquinol-8 biosynthesis III|unclassified	0.0000000000
PWY0-1261: anhydromuropeptides recycling I	0.0000000000
PWY0-1261: anhydromuropeptides recycling I|unclassified	0.0000000000
FUCCAT-PWY: fucose degradation	0.0000000000
FUCCAT-PWY: fucose degradation|unclassified	0.0000000000
PWY-7392: taxadiene biosynthesis (engineered)	0.0000000000
PWY-6608: guanosine nucleotides degradation III	0.0000000000
PWY-6608: guanosine nucleotides degradation III|unclassified	0.0000000000
PWY-6608: guanosine nucleotides degradation III|g__Blautia.s__Blautia_obeum	0.0000000000
PWY-7209: superpathway of pyrimidine ribonucleosides degradation	0.0000000000
P441-PWY: superpathway of N-acetylneuraminate degradation	0.0000000000
PPGPPMET-PWY: ppGpp metabolism	0.0000000000
PPGPPMET-PWY: ppGpp metabolism|unclassified	0.0000000000
PWY-6606: guanosine nucleotides degradation II	0.0000000000
PWY-6606: guanosine nucleotides degradation II|unclassified	0.0000000000
PWY-5345: superpathway of L-methionine biosynthesis (by sulfhydrylation)	0.0000000000
PWY-5345: superpathway of L-methionine biosynthesis (by sulfhydrylation)|unclassified	0.0000000000
PWY-5497: purine nucleobases degradation II (anaerobic)	0.0000000000
PWY-5497: purine nucleobases degradation II (anaerobic)|unclassified	0.0000000000
P164-PWY: purine nucleobases degradation I (anaerobic)	0.0000000000
PWY-6353: purine nucleotides degradation II (aerobic)	0.0000000000
PWY-6353: purine nucleotides degradation II (aerobic)|unclassified	0.0000000000
PWY-7200: superpathway of pyrimidine deoxyribonucleoside salvage	0.0000000000
SULFATE-CYS-PWY: superpathway of sulfate assimilation and cysteine biosynthesis	0.0000000000
SULFATE-CYS-PWY: superpathway of sulfate assimilation and cysteine biosynthesis|unclassified	0.0000000000
NAGLIPASYN-PWY: lipid IVA biosynthesis (E. coli)	0.0000000000
NAGLIPASYN-PWY: lipid IVA biosynthesis (E. coli)|g__Bacteroides.s__Bacteroides_uniformis	0.1317485054
PWY-8073: lipid IVA biosynthesis (P. putida)	0.0000000000
PWY-8073: lipid IVA biosynthesis (P. putida)|g__Bacteroides.s__Bacteroides_uniformis	0.1317485054
POLYISOPRENSYN-PWY: polyisoprenoid biosynthesis (E. coli)	0.0000000000
GALACT-GLUCUROCAT-PWY: superpathway of hexuronide and hexuronate degradation	0.0000000000
PWY-6590: superpathway of Clostridium acetobutylicum acidogenic fermentation	0.0000000000
PWY-6803: phosphatidylcholine acyl editing	0.0000000000
PWY-6803: phosphatidylcholine acyl editing|unclassified	0.0000000000
P461-PWY: hexitol fermentation to lactate, formate, ethanol and acetate	0.0000000000
PWY-7371: 1,4-dihydroxy-6-naphthoate biosynthesis II	0.0000000000
PWY-7371: 1,4-dihydroxy-6-naphthoate biosynthesis II|unclassified	0.0000000000
PWY-7371: 1,4-dihydroxy-6-naphthoate biosynthesis II|g__Mitsuokella.s__Mitsuokella_multacida	0.6312115466
RUMP-PWY: formaldehyde oxidation I	0.0000000000
RUMP-PWY: formaldehyde oxidation I|unclassified	0.0000000000
PWY-6595: superpathway of guanosine nucleotides degradation (plants)	0.0000000000
ARG+POLYAMINE-SYN: superpathway of arginine and polyamine biosynthesis	0.0000000000
PWY-6607: guanosine nucleotides degradation I	0.0000000000
CENTFERM-PWY: pyruvate fermentation to butanoate	0.0000000000
PWY-7196: superpathway of pyrimidine ribonucleosides salvage	0.0000000000
PWY-6859: all-trans-farnesol biosynthesis	0.0000000000
SALVADEHYPOX-PWY: adenosine nucleotides degradation II	0.0000000000
SALVADEHYPOX-PWY: adenosine nucleotides degradation II|unclassified	0.0000000000
PWY0-1477: ethanolamine utilization	0.0000000000
PWY0-1477: ethanolamine utilization|g__Desulfovibrio.s__Desulfovibrio_piger	0.5007757694
SO4ASSIM-PWY: assimilatory sulfate reduction I	0.0000000000
SO4ASSIM-PWY: assimilatory sulfate reduction I|unclassified	0.0000000000
FOLSYN-PWY: superpathway of tetrahydrofolate biosynthesis and salvage	0.0000000000
POLYAMSYN-PWY: superpathway of polyamine biosynthesis I	0.0000000000
PWY-8131: 5'-deoxyadenosine degradation II	0.0000000000
PWY0-1297: superpathway of purine deoxyribonucleosides degradation	0.0000000000
PWY-5918: superpathway of heme b biosynthesis from glutamate	0.0000000000
PWY4LZ-257: superpathway of fermentation (Chlamydomonas reinhardtii)	0.0000000000
PWY-6612: superpathway of tetrahydrofolate biosynthesis	0.0000000000
PWY0-1298: superpathway of pyrimidine deoxyribonucleosides degradation	0.0000000000
PWY-5676: acetyl-CoA fermentation to butanoate II	0.0000000000
PWY-5656: mannosylglycerate biosynthesis I	0.0000000000
PWY-5189: tetrapyrrole biosynthesis II (from glycine)	0.0000000000
PWY1ZNC-1: assimilatory sulfate reduction IV	0.0000000000
GOLPDLCAT-PWY: superpathway of glycerol degradation to 1,3-propanediol	0.0000000000
P161-PWY: acetylene degradation (anaerobic)	0.0000000000
METHGLYUT-PWY: superpathway of methylglyoxal degradation	0.0000000000
P185-PWY: formaldehyde assimilation III (dihydroxyacetone cycle)	0.0000000000
P185-PWY: formaldehyde assimilation III (dihydroxyacetone cycle)|unclassified	0.0000000000
PWY-5136: fatty acid &beta;-oxidation II (plant peroxisome)	0.0000000000
PWY-5136: fatty acid &beta;-oxidation II (plant peroxisome)|g__Coprococcus.s__Coprococcus_catus	0.5969290840
HEME-BIOSYNTHESIS-II: heme b biosynthesis I (aerobic)	0.0000000000
HEME-BIOSYNTHESIS-II: heme b biosynthesis I (aerobic)|unclassified	0.0000000000
PWY-3781: aerobic respiration I (cytochrome c)	0.0000000000
HEMESYN2-PWY: heme b biosynthesis II (oxygen-independent)	0.0000000000
PWY-5920: superpathway of heme b biosynthesis from glycine	0.0000000000
PWY-6435: 4-hydroxybenzoate biosynthesis III (plants)	0.0000000000
PWY-822: fructan biosynthesis	0.0000000000
PWY-822: fructan biosynthesis|g__Streptococcus.s__Streptococcus_pneumoniae	0.5531041775
PWY-822: fructan biosynthesis|g__Streptococcus.s__Streptococcus_salivarius	0.1462800515
HEME-BIOSYNTHESIS-II-1: heme b biosynthesis V (aerobic)	0.0000000000
HEME-BIOSYNTHESIS-II-1: heme b biosynthesis V (aerobic)|unclassified	0.0000000000