# Pathway	43_S26_L001_R2_001_Abundance
UNMAPPED	996288.7661053734
UNINTEGRATED	1739938.4489910002
UNINTEGRATED|g__Bifidobacterium.s__Bifidobacterium_adolescentis	344995.5797073568
UNINTEGRATED|unclassified	228598.4665332786
UNINTEGRATED|g__Bifidobacterium.s__Bifidobacterium_longum	146268.1535488061
UNINTEGRATED|g__Akkermansia.s__Akkermansia_muciniphila	65626.5207864650
UNINTEGRATED|g__Alistipes.s__Alistipes_putredinis	59274.5417990016
UNINTEGRATED|g__Blautia.s__Blautia_obeum	50375.4747594763
UNINTEGRATED|g__Bacteroides.s__Bacteroides_uniformis	47306.8204326075
UNINTEGRATED|g__Alistipes.s__Alistipes_shahii	42930.0910548800
UNINTEGRATED|g__Bacteroides.s__Bacteroides_vulgatus	38263.2884655506
UNINTEGRATED|g__Collinsella.s__Collinsella_aerofaciens	37246.1004412453
UNINTEGRATED|g__Hungatella.s__Hungatella_hathewayi	33261.7576850283
UNINTEGRATED|g__Bacteroides.s__Bacteroides_dorei	31269.2044023048
UNINTEGRATED|g__Oscillibacter.s__Oscillibacter_sp_CAG_241	30899.3594091069
UNINTEGRATED|g__Firmicutes_unclassified.s__Firmicutes_bacterium_CAG_124	29425.1084024030
UNINTEGRATED|g__Faecalibacterium.s__Faecalibacterium_prausnitzii	26397.8072459666
UNINTEGRATED|g__Subdoligranulum.s__Subdoligranulum_sp_APC924_74	25608.6357044399
UNINTEGRATED|g__Ruminococcus.s__Ruminococcus_bromii	23837.1104418891
UNINTEGRATED|g__Barnesiella.s__Barnesiella_intestinihominis	23094.4930055467
UNINTEGRATED|g__Ruminococcus.s__Ruminococcus_sp_CAG_177	22869.3503878322
UNINTEGRATED|g__Bacteroides.s__Bacteroides_caccae	12664.4336192187
UNINTEGRATED|g__Bacteroides.s__Bacteroides_thetaiotaomicron	12634.2770744231
UNINTEGRATED|g__Bifidobacterium.s__Bifidobacterium_bifidum	12296.3897011444
UNINTEGRATED|g__Bifidobacterium.s__Bifidobacterium_catenulatum	11019.5151744176
UNINTEGRATED|g__Dorea.s__Dorea_longicatena	10902.3977610067
UNINTEGRATED|g__Coprococcus.s__Coprococcus_comes	10557.6722382743
UNINTEGRATED|g__Ruthenibacterium.s__Ruthenibacterium_lactatiformans	9843.8481118103
UNINTEGRATED|g__Faecalibacterium.s__Faecalibacterium_sp_CAG_74	9282.5404953378
UNINTEGRATED|g__Bacteroides.s__Bacteroides_ovatus	8936.9108661050
UNINTEGRATED|g__Parabacteroides.s__Parabacteroides_merdae	8891.5055966631
UNINTEGRATED|g__Fusicatenibacter.s__Fusicatenibacter_saccharivorans	8230.2099322045
UNINTEGRATED|g__Eubacterium.s__Eubacterium_sp_CAG_251	8035.8773834996
UNINTEGRATED|g__Alistipes.s__Alistipes_finegoldii	7842.3472332486
UNINTEGRATED|g__Blautia.s__Ruminococcus_torques	7632.9406574715
UNINTEGRATED|g__Bifidobacterium.s__Bifidobacterium_pseudocatenulatum	6461.2448736454
UNINTEGRATED|g__Eubacterium.s__Eubacterium_hallii	6178.1133943364
UNINTEGRATED|g__Bacteroides.s__Bacteroides_sp_CAG_530	5787.9038965534
UNINTEGRATED|g__Blautia.s__Blautia_wexlerae	5435.6468769749
UNINTEGRATED|g__Clostridium.s__Clostridium_sp_CAG_138	5387.3722080101
UNINTEGRATED|g__Clostridium.s__Clostridium_sp_CAG_594	4868.7931727988
UNINTEGRATED|g__Senegalimassilia.s__Senegalimassilia_anaerobia	4492.6745544557
UNINTEGRATED|g__Bacteroides.s__Bacteroides_cellulosilyticus	4488.0123289849
UNINTEGRATED|g__Firmicutes_unclassified.s__Firmicutes_bacterium_CAG_129	4396.9519218652
UNINTEGRATED|g__Desulfovibrio.s__Desulfovibrio_piger	3964.7522543105
UNINTEGRATED|g__Bacteroides.s__Bacteroides_clarus	3851.9218483778
UNINTEGRATED|g__Coprococcus.s__Coprococcus_catus	3772.1583237158
UNINTEGRATED|g__Anaerostipes.s__Anaerostipes_hadrus	3728.0238172860
UNINTEGRATED|g__Streptococcus.s__Streptococcus_pneumoniae	3655.2391278664
UNINTEGRATED|g__Streptococcus.s__Streptococcus_salivarius	3534.3267766532
UNINTEGRATED|g__Bilophila.s__Bilophila_wadsworthia	3471.7151052143
UNINTEGRATED|g__Erysipelatoclostridium.s__Clostridium_innocuum	3103.1028152954
UNINTEGRATED|g__Mitsuokella.s__Mitsuokella_multacida	2563.5628060116
UNINTEGRATED|g__Victivallales_unclassified.s__Victivallales_bacterium_CCUG_44730	2440.0588424362
UNINTEGRATED|g__Alistipes.s__Alistipes_onderdonkii	2223.3152924605
UNINTEGRATED|g__Bacteroides.s__Bacteroides_finegoldii	1650.8110797952
UNINTEGRATED|g__Intestinibacter.s__Intestinibacter_bartlettii	1319.6984302127
UNINTEGRATED|g__Alistipes.s__Alistipes_indistinctus	637.0430531611
UNINTEGRATED|g__Gordonibacter.s__Gordonibacter_pamelaeae	296.3694726752
PWY-7238: sucrose biosynthesis II	1835.7362956131
PWY-7238: sucrose biosynthesis II|g__Bifidobacterium.s__Bifidobacterium_adolescentis	581.5359646493
PWY-7238: sucrose biosynthesis II|unclassified	155.0614544081
PWY-7238: sucrose biosynthesis II|g__Bifidobacterium.s__Bifidobacterium_longum	141.7912367433
PWY-7238: sucrose biosynthesis II|g__Blautia.s__Blautia_obeum	90.3081659455
PWY-7238: sucrose biosynthesis II|g__Collinsella.s__Collinsella_aerofaciens	74.1499536926
PWY-7238: sucrose biosynthesis II|g__Ruminococcus.s__Ruminococcus_bromii	64.3101693730
PWY-7238: sucrose biosynthesis II|g__Alistipes.s__Alistipes_shahii	63.0890324583
PWY-7238: sucrose biosynthesis II|g__Firmicutes_unclassified.s__Firmicutes_bacterium_CAG_124	58.6181172613
PWY-7238: sucrose biosynthesis II|g__Subdoligranulum.s__Subdoligranulum_sp_APC924_74	53.7735317607
PWY-7238: sucrose biosynthesis II|g__Oscillibacter.s__Oscillibacter_sp_CAG_241	46.6423487481
PWY-7238: sucrose biosynthesis II|g__Eubacterium.s__Eubacterium_sp_CAG_251	41.4968437097
PWY-7238: sucrose biosynthesis II|g__Bacteroides.s__Bacteroides_uniformis	26.8988686024
PWY-7238: sucrose biosynthesis II|g__Faecalibacterium.s__Faecalibacterium_sp_CAG_74	23.0385374077
PWY-7238: sucrose biosynthesis II|g__Faecalibacterium.s__Faecalibacterium_prausnitzii	15.3822922161
PWY-7238: sucrose biosynthesis II|g__Clostridium.s__Clostridium_sp_CAG_138	15.3371815440
PWY-7238: sucrose biosynthesis II|g__Bifidobacterium.s__Bifidobacterium_catenulatum	14.7894014505
PWY-7238: sucrose biosynthesis II|g__Firmicutes_unclassified.s__Firmicutes_bacterium_CAG_129	13.0629082159
PWY-7238: sucrose biosynthesis II|g__Ruthenibacterium.s__Ruthenibacterium_lactatiformans	11.5458290692
PWY-7238: sucrose biosynthesis II|g__Bifidobacterium.s__Bifidobacterium_bifidum	10.8091172722
PWY-7238: sucrose biosynthesis II|g__Bifidobacterium.s__Bifidobacterium_pseudocatenulatum	9.2934487616
PWY-7238: sucrose biosynthesis II|g__Dorea.s__Dorea_longicatena	7.0546737213
PWY-7238: sucrose biosynthesis II|g__Coprococcus.s__Coprococcus_comes	6.8631408962
PWY-7238: sucrose biosynthesis II|g__Bacteroides.s__Bacteroides_thetaiotaomicron	6.4402460911
PWY-7238: sucrose biosynthesis II|g__Blautia.s__Blautia_wexlerae	5.8034139327
PWY-7221: guanosine ribonucleotides de novo biosynthesis	1495.6685817532
PWY-7221: guanosine ribonucleotides de novo biosynthesis|g__Bifidobacterium.s__Bifidobacterium_adolescentis	448.3627823347
PWY-7221: guanosine ribonucleotides de novo biosynthesis|unclassified	151.0574176861
PWY-7221: guanosine ribonucleotides de novo biosynthesis|g__Bifidobacterium.s__Bifidobacterium_longum	96.9024722488
PWY-7221: guanosine ribonucleotides de novo biosynthesis|g__Alistipes.s__Alistipes_shahii	86.9269338377
PWY-7221: guanosine ribonucleotides de novo biosynthesis|g__Akkermansia.s__Akkermansia_muciniphila	68.4776722486
PWY-7221: guanosine ribonucleotides de novo biosynthesis|g__Alistipes.s__Alistipes_putredinis	59.5680322922
PWY-7221: guanosine ribonucleotides de novo biosynthesis|g__Collinsella.s__Collinsella_aerofaciens	36.8328068954
PWY-7221: guanosine ribonucleotides de novo biosynthesis|g__Blautia.s__Blautia_obeum	35.1090886667
PWY-7221: guanosine ribonucleotides de novo biosynthesis|g__Ruminococcus.s__Ruminococcus_bromii	30.1044369835
PWY-7221: guanosine ribonucleotides de novo biosynthesis|g__Barnesiella.s__Barnesiella_intestinihominis	29.9152765127
PWY-7221: guanosine ribonucleotides de novo biosynthesis|g__Bacteroides.s__Bacteroides_uniformis	16.1715164021
PWY-7221: guanosine ribonucleotides de novo biosynthesis|g__Bacteroides.s__Bacteroides_vulgatus	16.1569437444
PWY-7221: guanosine ribonucleotides de novo biosynthesis|g__Faecalibacterium.s__Faecalibacterium_prausnitzii	14.5260897178
PWY-7221: guanosine ribonucleotides de novo biosynthesis|g__Faecalibacterium.s__Faecalibacterium_sp_CAG_74	14.2199376795
PWY-7221: guanosine ribonucleotides de novo biosynthesis|g__Bifidobacterium.s__Bifidobacterium_catenulatum	11.9249755707
PWY-7221: guanosine ribonucleotides de novo biosynthesis|g__Bacteroides.s__Bacteroides_dorei	11.4640268733
PWY-7221: guanosine ribonucleotides de novo biosynthesis|g__Eubacterium.s__Eubacterium_sp_CAG_251	11.2608083652
PWY-7221: guanosine ribonucleotides de novo biosynthesis|g__Bacteroides.s__Bacteroides_caccae	10.0614556314
PWY-7221: guanosine ribonucleotides de novo biosynthesis|g__Bilophila.s__Bilophila_wadsworthia	8.5859586553
PWY-7221: guanosine ribonucleotides de novo biosynthesis|g__Bacteroides.s__Bacteroides_sp_CAG_530	8.4928897492
PWY-7221: guanosine ribonucleotides de novo biosynthesis|g__Bacteroides.s__Bacteroides_thetaiotaomicron	7.3388090992
PWY-7221: guanosine ribonucleotides de novo biosynthesis|g__Bifidobacterium.s__Bifidobacterium_bifidum	6.9266381966
PWY-7221: guanosine ribonucleotides de novo biosynthesis|g__Streptococcus.s__Streptococcus_salivarius	5.5841549603
PWY-7221: guanosine ribonucleotides de novo biosynthesis|g__Blautia.s__Blautia_wexlerae	5.3773766084
PWY-7221: guanosine ribonucleotides de novo biosynthesis|g__Dorea.s__Dorea_longicatena	5.1001821494
PWY-7221: guanosine ribonucleotides de novo biosynthesis|g__Alistipes.s__Alistipes_finegoldii	4.7276963207
PWY-7221: guanosine ribonucleotides de novo biosynthesis|g__Alistipes.s__Alistipes_onderdonkii	2.3856384565
PWY-7221: guanosine ribonucleotides de novo biosynthesis|g__Blautia.s__Ruminococcus_torques	2.1053324520
PWY-7221: guanosine ribonucleotides de novo biosynthesis|g__Bifidobacterium.s__Bifidobacterium_pseudocatenulatum	2.0506167687
PWY-5941: glycogen degradation II	1489.8268434756
PWY-5941: glycogen degradation II|g__Bifidobacterium.s__Bifidobacterium_adolescentis	491.0484523325
PWY-5941: glycogen degradation II|unclassified	139.9777380438
PWY-5941: glycogen degradation II|g__Bifidobacterium.s__Bifidobacterium_longum	139.2738338977
PWY-5941: glycogen degradation II|g__Blautia.s__Blautia_obeum	80.5812228924
PWY-5941: glycogen degradation II|g__Collinsella.s__Collinsella_aerofaciens	77.5173272186
PWY-5941: glycogen degradation II|g__Bifidobacterium.s__Bifidobacterium_bifidum	12.7208336547
PWY-5941: glycogen degradation II|g__Bifidobacterium.s__Bifidobacterium_catenulatum	10.9145765789
PWY-5941: glycogen degradation II|g__Faecalibacterium.s__Faecalibacterium_prausnitzii	10.5476301923
PWY-5941: glycogen degradation II|g__Dorea.s__Dorea_longicatena	7.5471698113
PWY-5941: glycogen degradation II|g__Bifidobacterium.s__Bifidobacterium_pseudocatenulatum	7.4060974863
PWY-5941: glycogen degradation II|g__Coprococcus.s__Coprococcus_comes	7.1671026744
PWY-5941: glycogen degradation II|g__Bacteroides.s__Bacteroides_thetaiotaomicron	6.8340911050
PWY-5941: glycogen degradation II|g__Blautia.s__Blautia_wexlerae	5.8323900628
PWY-5686: UMP biosynthesis I	1485.6420839469
PWY-5686: UMP biosynthesis I|g__Bifidobacterium.s__Bifidobacterium_adolescentis	384.8803282892
PWY-5686: UMP biosynthesis I|unclassified	179.3845510753
PWY-5686: UMP biosynthesis I|g__Akkermansia.s__Akkermansia_muciniphila	86.1287934546
PWY-5686: UMP biosynthesis I|g__Bifidobacterium.s__Bifidobacterium_longum	84.9847234615
PWY-5686: UMP biosynthesis I|g__Alistipes.s__Alistipes_putredinis	76.1085142953
PWY-5686: UMP biosynthesis I|g__Ruminococcus.s__Ruminococcus_sp_CAG_177	46.1713463139
PWY-5686: UMP biosynthesis I|g__Collinsella.s__Collinsella_aerofaciens	44.7350517506
PWY-5686: UMP biosynthesis I|g__Blautia.s__Blautia_obeum	36.1219432959
PWY-5686: UMP biosynthesis I|g__Barnesiella.s__Barnesiella_intestinihominis	33.0810958443
PWY-5686: UMP biosynthesis I|g__Bacteroides.s__Bacteroides_vulgatus	19.4112138889
PWY-5686: UMP biosynthesis I|g__Faecalibacterium.s__Faecalibacterium_sp_CAG_74	18.3052562396
PWY-5686: UMP biosynthesis I|g__Bacteroides.s__Bacteroides_uniformis	17.7045366783
PWY-5686: UMP biosynthesis I|g__Eubacterium.s__Eubacterium_sp_CAG_251	16.2542107867
PWY-5686: UMP biosynthesis I|g__Bacteroides.s__Bacteroides_dorei	14.1656196994
PWY-5686: UMP biosynthesis I|g__Bifidobacterium.s__Bifidobacterium_bifidum	13.1047569953
PWY-5686: UMP biosynthesis I|g__Bifidobacterium.s__Bifidobacterium_catenulatum	12.4091288998
PWY-5686: UMP biosynthesis I|g__Faecalibacterium.s__Faecalibacterium_prausnitzii	10.5355318101
PWY-5686: UMP biosynthesis I|g__Ruthenibacterium.s__Ruthenibacterium_lactatiformans	10.2087038468
PWY-5686: UMP biosynthesis I|g__Bacteroides.s__Bacteroides_sp_CAG_530	8.8009518123
PWY-5686: UMP biosynthesis I|g__Bacteroides.s__Bacteroides_caccae	7.0233214345
PWY-5686: UMP biosynthesis I|g__Alistipes.s__Alistipes_finegoldii	4.4563029198
PWY-5686: UMP biosynthesis I|g__Bifidobacterium.s__Bifidobacterium_pseudocatenulatum	4.1514815560
PWY-7790: UMP biosynthesis II	1485.6420839469
PWY-7790: UMP biosynthesis II|g__Bifidobacterium.s__Bifidobacterium_adolescentis	363.4770930694
PWY-7790: UMP biosynthesis II|unclassified	179.3845510753
PWY-7790: UMP biosynthesis II|g__Akkermansia.s__Akkermansia_muciniphila	86.1287934546
PWY-7790: UMP biosynthesis II|g__Alistipes.s__Alistipes_putredinis	71.1572893121
PWY-7790: UMP biosynthesis II|g__Ruminococcus.s__Ruminococcus_sp_CAG_177	46.1713463139
PWY-7790: UMP biosynthesis II|g__Collinsella.s__Collinsella_aerofaciens	44.7350517506
PWY-7790: UMP biosynthesis II|g__Blautia.s__Blautia_obeum	36.1219432959
PWY-7790: UMP biosynthesis II|g__Barnesiella.s__Barnesiella_intestinihominis	33.0810958443
PWY-7790: UMP biosynthesis II|g__Bacteroides.s__Bacteroides_vulgatus	19.4112138889
PWY-7790: UMP biosynthesis II|g__Faecalibacterium.s__Faecalibacterium_sp_CAG_74	18.3052562396
PWY-7790: UMP biosynthesis II|g__Bacteroides.s__Bacteroides_uniformis	17.7045366783
PWY-7790: UMP biosynthesis II|g__Eubacterium.s__Eubacterium_sp_CAG_251	16.2542107867
PWY-7790: UMP biosynthesis II|g__Bacteroides.s__Bacteroides_dorei	14.1656196994
PWY-7790: UMP biosynthesis II|g__Bifidobacterium.s__Bifidobacterium_catenulatum	12.5798146346
PWY-7790: UMP biosynthesis II|g__Bifidobacterium.s__Bifidobacterium_bifidum	11.5863435212
PWY-7790: UMP biosynthesis II|g__Faecalibacterium.s__Faecalibacterium_prausnitzii	10.5355318101
PWY-7790: UMP biosynthesis II|g__Ruthenibacterium.s__Ruthenibacterium_lactatiformans	10.2087038468
PWY-7790: UMP biosynthesis II|g__Bacteroides.s__Bacteroides_sp_CAG_530	8.8009518123
PWY-7790: UMP biosynthesis II|g__Bacteroides.s__Bacteroides_caccae	7.0233214345
PWY-7790: UMP biosynthesis II|g__Alistipes.s__Alistipes_finegoldii	4.4563029198
PWY-7790: UMP biosynthesis II|g__Bifidobacterium.s__Bifidobacterium_pseudocatenulatum	2.3398497902
PWY-7790: UMP biosynthesis II|g__Bacteroides.s__Bacteroides_thetaiotaomicron	2.1745128864
PWY-7791: UMP biosynthesis III	1485.6420839469
PWY-7791: UMP biosynthesis III|g__Bifidobacterium.s__Bifidobacterium_adolescentis	363.4770930694
PWY-7791: UMP biosynthesis III|unclassified	179.3845510753
PWY-7791: UMP biosynthesis III|g__Akkermansia.s__Akkermansia_muciniphila	86.1287934546
PWY-7791: UMP biosynthesis III|g__Alistipes.s__Alistipes_putredinis	71.1572893121
PWY-7791: UMP biosynthesis III|g__Ruminococcus.s__Ruminococcus_sp_CAG_177	46.1713463139
PWY-7791: UMP biosynthesis III|g__Collinsella.s__Collinsella_aerofaciens	44.7350517506
PWY-7791: UMP biosynthesis III|g__Blautia.s__Blautia_obeum	36.1219432959
PWY-7791: UMP biosynthesis III|g__Barnesiella.s__Barnesiella_intestinihominis	33.0810958443
PWY-7791: UMP biosynthesis III|g__Bacteroides.s__Bacteroides_vulgatus	20.1856068305
PWY-7791: UMP biosynthesis III|g__Faecalibacterium.s__Faecalibacterium_sp_CAG_74	18.3052562396
PWY-7791: UMP biosynthesis III|g__Bacteroides.s__Bacteroides_uniformis	17.7045366783
PWY-7791: UMP biosynthesis III|g__Bacteroides.s__Bacteroides_dorei	17.0704696904
PWY-7791: UMP biosynthesis III|g__Eubacterium.s__Eubacterium_sp_CAG_251	16.2542107867
PWY-7791: UMP biosynthesis III|g__Bifidobacterium.s__Bifidobacterium_bifidum	11.5863435212
PWY-7791: UMP biosynthesis III|g__Faecalibacterium.s__Faecalibacterium_prausnitzii	10.5355318101
PWY-7791: UMP biosynthesis III|g__Bifidobacterium.s__Bifidobacterium_catenulatum	10.2798016485
PWY-7791: UMP biosynthesis III|g__Ruthenibacterium.s__Ruthenibacterium_lactatiformans	10.2087038468
PWY-7791: UMP biosynthesis III|g__Bacteroides.s__Bacteroides_sp_CAG_530	8.8009518123
PWY-7791: UMP biosynthesis III|g__Bacteroides.s__Bacteroides_caccae	8.6994767439
PWY-7791: UMP biosynthesis III|g__Alistipes.s__Alistipes_finegoldii	4.4563029198
PWY-7791: UMP biosynthesis III|g__Bacteroides.s__Bacteroides_ovatus	2.9017066585
PWY-7791: UMP biosynthesis III|g__Bifidobacterium.s__Bifidobacterium_pseudocatenulatum	2.3398497902
PWY-7791: UMP biosynthesis III|g__Bacteroides.s__Bacteroides_thetaiotaomicron	2.2889941750
VALSYN-PWY: L-valine biosynthesis	1480.2334956121
VALSYN-PWY: L-valine biosynthesis|g__Bifidobacterium.s__Bifidobacterium_adolescentis	488.2750691550
VALSYN-PWY: L-valine biosynthesis|g__Bifidobacterium.s__Bifidobacterium_longum	147.3002727940
VALSYN-PWY: L-valine biosynthesis|unclassified	122.3423004772
VALSYN-PWY: L-valine biosynthesis|g__Akkermansia.s__Akkermansia_muciniphila	70.4935238999
VALSYN-PWY: L-valine biosynthesis|g__Ruminococcus.s__Ruminococcus_bromii	59.9054539282
VALSYN-PWY: L-valine biosynthesis|g__Blautia.s__Blautia_obeum	51.0247616902
VALSYN-PWY: L-valine biosynthesis|g__Subdoligranulum.s__Subdoligranulum_sp_APC924_74	32.1809348939
VALSYN-PWY: L-valine biosynthesis|g__Barnesiella.s__Barnesiella_intestinihominis	29.8126568587
VALSYN-PWY: L-valine biosynthesis|g__Bacteroides.s__Bacteroides_uniformis	19.5266659156
VALSYN-PWY: L-valine biosynthesis|g__Bacteroides.s__Bacteroides_vulgatus	19.3010439139
VALSYN-PWY: L-valine biosynthesis|g__Eubacterium.s__Eubacterium_sp_CAG_251	14.8968856199
VALSYN-PWY: L-valine biosynthesis|g__Faecalibacterium.s__Faecalibacterium_prausnitzii	14.6759070526
VALSYN-PWY: L-valine biosynthesis|g__Bifidobacterium.s__Bifidobacterium_bifidum	14.3834993405
VALSYN-PWY: L-valine biosynthesis|g__Faecalibacterium.s__Faecalibacterium_sp_CAG_74	13.5510461600
VALSYN-PWY: L-valine biosynthesis|g__Bacteroides.s__Bacteroides_dorei	12.7389035584
VALSYN-PWY: L-valine biosynthesis|g__Bacteroides.s__Bacteroides_caccae	11.2121334207
VALSYN-PWY: L-valine biosynthesis|g__Ruthenibacterium.s__Ruthenibacterium_lactatiformans	10.6884185360
VALSYN-PWY: L-valine biosynthesis|g__Bifidobacterium.s__Bifidobacterium_catenulatum	10.3076641259
VALSYN-PWY: L-valine biosynthesis|g__Alistipes.s__Alistipes_finegoldii	8.1585621859
VALSYN-PWY: L-valine biosynthesis|g__Blautia.s__Blautia_wexlerae	7.9171330440
VALSYN-PWY: L-valine biosynthesis|g__Bacteroides.s__Bacteroides_sp_CAG_530	6.9749338315
VALSYN-PWY: L-valine biosynthesis|g__Bifidobacterium.s__Bifidobacterium_pseudocatenulatum	6.1081907026
VALSYN-PWY: L-valine biosynthesis|g__Parabacteroides.s__Parabacteroides_merdae	4.8512957891
VALSYN-PWY: L-valine biosynthesis|g__Streptococcus.s__Streptococcus_salivarius	4.5044895484
VALSYN-PWY: L-valine biosynthesis|g__Bacteroides.s__Bacteroides_thetaiotaomicron	4.0834837666
VALSYN-PWY: L-valine biosynthesis|g__Blautia.s__Ruminococcus_torques	3.6499680628
VALSYN-PWY: L-valine biosynthesis|g__Bacteroides.s__Bacteroides_ovatus	3.0566056621
VALSYN-PWY: L-valine biosynthesis|g__Alistipes.s__Alistipes_onderdonkii	1.8493546523
VALSYN-PWY: L-valine biosynthesis|g__Bacteroides.s__Bacteroides_clarus	1.7289820618
VALSYN-PWY: L-valine biosynthesis|g__Bacteroides.s__Bacteroides_finegoldii	1.4300403894
VALSYN-PWY: L-valine biosynthesis|g__Streptococcus.s__Streptococcus_pneumoniae	1.1236518686
PWY-6386: UDP-N-acetylmuramoyl-pentapeptide biosynthesis II (lysine-containing)	1470.4442531633
PWY-6386: UDP-N-acetylmuramoyl-pentapeptide biosynthesis II (lysine-containing)|g__Bifidobacterium.s__Bifidobacterium_adolescentis	252.1382535581
PWY-6386: UDP-N-acetylmuramoyl-pentapeptide biosynthesis II (lysine-containing)|unclassified	170.6976522202
PWY-6386: UDP-N-acetylmuramoyl-pentapeptide biosynthesis II (lysine-containing)|g__Bifidobacterium.s__Bifidobacterium_longum	125.5159924830
PWY-6386: UDP-N-acetylmuramoyl-pentapeptide biosynthesis II (lysine-containing)|g__Oscillibacter.s__Oscillibacter_sp_CAG_241	59.9927872739
PWY-6386: UDP-N-acetylmuramoyl-pentapeptide biosynthesis II (lysine-containing)|g__Alistipes.s__Alistipes_putredinis	55.3103916338
PWY-6386: UDP-N-acetylmuramoyl-pentapeptide biosynthesis II (lysine-containing)|g__Blautia.s__Blautia_obeum	53.7198300342
PWY-6386: UDP-N-acetylmuramoyl-pentapeptide biosynthesis II (lysine-containing)|g__Collinsella.s__Collinsella_aerofaciens	48.1419194629
PWY-6386: UDP-N-acetylmuramoyl-pentapeptide biosynthesis II (lysine-containing)|g__Subdoligranulum.s__Subdoligranulum_sp_APC924_74	39.2497523177
PWY-6386: UDP-N-acetylmuramoyl-pentapeptide biosynthesis II (lysine-containing)|g__Bacteroides.s__Bacteroides_vulgatus	21.3096275219
PWY-6386: UDP-N-acetylmuramoyl-pentapeptide biosynthesis II (lysine-containing)|g__Bacteroides.s__Bacteroides_uniformis	21.1659302103
PWY-6386: UDP-N-acetylmuramoyl-pentapeptide biosynthesis II (lysine-containing)|g__Clostridium.s__Clostridium_sp_CAG_594	18.2751871723
PWY-6386: UDP-N-acetylmuramoyl-pentapeptide biosynthesis II (lysine-containing)|g__Eubacterium.s__Eubacterium_sp_CAG_251	16.4952593928
PWY-6386: UDP-N-acetylmuramoyl-pentapeptide biosynthesis II (lysine-containing)|g__Bacteroides.s__Bacteroides_dorei	13.1242786636
PWY-6386: UDP-N-acetylmuramoyl-pentapeptide biosynthesis II (lysine-containing)|g__Bifidobacterium.s__Bifidobacterium_catenulatum	11.6962223848
PWY-6386: UDP-N-acetylmuramoyl-pentapeptide biosynthesis II (lysine-containing)|g__Bifidobacterium.s__Bifidobacterium_bifidum	8.3637374057
PWY-6386: UDP-N-acetylmuramoyl-pentapeptide biosynthesis II (lysine-containing)|g__Senegalimassilia.s__Senegalimassilia_anaerobia	7.7073766017
PWY-6386: UDP-N-acetylmuramoyl-pentapeptide biosynthesis II (lysine-containing)|g__Bifidobacterium.s__Bifidobacterium_pseudocatenulatum	4.2924511557
NONMEVIPP-PWY: methylerythritol phosphate pathway I	1469.3986076543
NONMEVIPP-PWY: methylerythritol phosphate pathway I|g__Bifidobacterium.s__Bifidobacterium_adolescentis	341.6969068703
NONMEVIPP-PWY: methylerythritol phosphate pathway I|unclassified	131.4153970699
NONMEVIPP-PWY: methylerythritol phosphate pathway I|g__Bifidobacterium.s__Bifidobacterium_longum	119.9277342421
NONMEVIPP-PWY: methylerythritol phosphate pathway I|g__Alistipes.s__Alistipes_putredinis	60.1354854421
NONMEVIPP-PWY: methylerythritol phosphate pathway I|g__Oscillibacter.s__Oscillibacter_sp_CAG_241	55.4838241194
NONMEVIPP-PWY: methylerythritol phosphate pathway I|g__Collinsella.s__Collinsella_aerofaciens	51.7901663413
NONMEVIPP-PWY: methylerythritol phosphate pathway I|g__Ruminococcus.s__Ruminococcus_bromii	47.5943791676
NONMEVIPP-PWY: methylerythritol phosphate pathway I|g__Blautia.s__Blautia_obeum	39.6628871892
NONMEVIPP-PWY: methylerythritol phosphate pathway I|g__Subdoligranulum.s__Subdoligranulum_sp_APC924_74	31.0531475604
NONMEVIPP-PWY: methylerythritol phosphate pathway I|g__Barnesiella.s__Barnesiella_intestinihominis	30.8740145427
NONMEVIPP-PWY: methylerythritol phosphate pathway I|g__Bacteroides.s__Bacteroides_uniformis	21.9072560911
NONMEVIPP-PWY: methylerythritol phosphate pathway I|g__Bacteroides.s__Bacteroides_vulgatus	20.5487655393
NONMEVIPP-PWY: methylerythritol phosphate pathway I|g__Eubacterium.s__Eubacterium_sp_CAG_251	16.5538571753
NONMEVIPP-PWY: methylerythritol phosphate pathway I|g__Faecalibacterium.s__Faecalibacterium_sp_CAG_74	14.6921805414
NONMEVIPP-PWY: methylerythritol phosphate pathway I|g__Bacteroides.s__Bacteroides_sp_CAG_530	11.2401096040
NONMEVIPP-PWY: methylerythritol phosphate pathway I|g__Firmicutes_unclassified.s__Firmicutes_bacterium_CAG_129	10.7493939660
NONMEVIPP-PWY: methylerythritol phosphate pathway I|g__Ruthenibacterium.s__Ruthenibacterium_lactatiformans	8.9917773535
PWY-6387: UDP-N-acetylmuramoyl-pentapeptide biosynthesis I (meso-diaminopimelate containing)	1440.8295268526
PWY-6387: UDP-N-acetylmuramoyl-pentapeptide biosynthesis I (meso-diaminopimelate containing)|g__Bifidobacterium.s__Bifidobacterium_adolescentis	235.1512121078
PWY-6387: UDP-N-acetylmuramoyl-pentapeptide biosynthesis I (meso-diaminopimelate containing)|unclassified	161.8513095673
PWY-6387: UDP-N-acetylmuramoyl-pentapeptide biosynthesis I (meso-diaminopimelate containing)|g__Bifidobacterium.s__Bifidobacterium_longum	121.1267763798
PWY-6387: UDP-N-acetylmuramoyl-pentapeptide biosynthesis I (meso-diaminopimelate containing)|g__Akkermansia.s__Akkermansia_muciniphila	73.1316235243
PWY-6387: UDP-N-acetylmuramoyl-pentapeptide biosynthesis I (meso-diaminopimelate containing)|g__Oscillibacter.s__Oscillibacter_sp_CAG_241	59.0220190519
PWY-6387: UDP-N-acetylmuramoyl-pentapeptide biosynthesis I (meso-diaminopimelate containing)|g__Alistipes.s__Alistipes_putredinis	57.2210400808
PWY-6387: UDP-N-acetylmuramoyl-pentapeptide biosynthesis I (meso-diaminopimelate containing)|g__Blautia.s__Blautia_obeum	52.9620141004
PWY-6387: UDP-N-acetylmuramoyl-pentapeptide biosynthesis I (meso-diaminopimelate containing)|g__Collinsella.s__Collinsella_aerofaciens	40.0336450221
PWY-6387: UDP-N-acetylmuramoyl-pentapeptide biosynthesis I (meso-diaminopimelate containing)|g__Firmicutes_unclassified.s__Firmicutes_bacterium_CAG_124	39.9217782769
PWY-6387: UDP-N-acetylmuramoyl-pentapeptide biosynthesis I (meso-diaminopimelate containing)|g__Subdoligranulum.s__Subdoligranulum_sp_APC924_74	38.2827993293
PWY-6387: UDP-N-acetylmuramoyl-pentapeptide biosynthesis I (meso-diaminopimelate containing)|g__Barnesiella.s__Barnesiella_intestinihominis	24.1618658309
PWY-6387: UDP-N-acetylmuramoyl-pentapeptide biosynthesis I (meso-diaminopimelate containing)|g__Bacteroides.s__Bacteroides_uniformis	23.4237035530
PWY-6387: UDP-N-acetylmuramoyl-pentapeptide biosynthesis I (meso-diaminopimelate containing)|g__Bacteroides.s__Bacteroides_vulgatus	22.9215402357
PWY-6387: UDP-N-acetylmuramoyl-pentapeptide biosynthesis I (meso-diaminopimelate containing)|g__Clostridium.s__Clostridium_sp_CAG_594	18.4471028864
PWY-6387: UDP-N-acetylmuramoyl-pentapeptide biosynthesis I (meso-diaminopimelate containing)|g__Eubacterium.s__Eubacterium_sp_CAG_251	15.4173586707
PWY-6387: UDP-N-acetylmuramoyl-pentapeptide biosynthesis I (meso-diaminopimelate containing)|g__Faecalibacterium.s__Faecalibacterium_sp_CAG_74	13.3441356509
PWY-6387: UDP-N-acetylmuramoyl-pentapeptide biosynthesis I (meso-diaminopimelate containing)|g__Bacteroides.s__Bacteroides_dorei	12.5276464510
PWY-6387: UDP-N-acetylmuramoyl-pentapeptide biosynthesis I (meso-diaminopimelate containing)|g__Firmicutes_unclassified.s__Firmicutes_bacterium_CAG_129	12.0947123969
PWY-6387: UDP-N-acetylmuramoyl-pentapeptide biosynthesis I (meso-diaminopimelate containing)|g__Bifidobacterium.s__Bifidobacterium_catenulatum	9.3453998087
PWY-6387: UDP-N-acetylmuramoyl-pentapeptide biosynthesis I (meso-diaminopimelate containing)|g__Bifidobacterium.s__Bifidobacterium_bifidum	8.7625759030
PWY-6387: UDP-N-acetylmuramoyl-pentapeptide biosynthesis I (meso-diaminopimelate containing)|g__Bacteroides.s__Bacteroides_caccae	7.8650851001
PWY-6387: UDP-N-acetylmuramoyl-pentapeptide biosynthesis I (meso-diaminopimelate containing)|g__Senegalimassilia.s__Senegalimassilia_anaerobia	7.7509991522
PWY-6387: UDP-N-acetylmuramoyl-pentapeptide biosynthesis I (meso-diaminopimelate containing)|g__Dorea.s__Dorea_longicatena	7.6769439147
PWY-6387: UDP-N-acetylmuramoyl-pentapeptide biosynthesis I (meso-diaminopimelate containing)|g__Alistipes.s__Alistipes_onderdonkii	3.3996349961
PWY-6387: UDP-N-acetylmuramoyl-pentapeptide biosynthesis I (meso-diaminopimelate containing)|g__Blautia.s__Blautia_wexlerae	3.0843355482
PWY-6387: UDP-N-acetylmuramoyl-pentapeptide biosynthesis I (meso-diaminopimelate containing)|g__Bifidobacterium.s__Bifidobacterium_pseudocatenulatum	2.3797028376
ARO-PWY: chorismate biosynthesis I	1428.8112887827
ARO-PWY: chorismate biosynthesis I|g__Bifidobacterium.s__Bifidobacterium_adolescentis	349.0731674830
ARO-PWY: chorismate biosynthesis I|unclassified	130.7790571031
ARO-PWY: chorismate biosynthesis I|g__Bifidobacterium.s__Bifidobacterium_longum	117.5283525343
ARO-PWY: chorismate biosynthesis I|g__Alistipes.s__Alistipes_shahii	94.0753875297
ARO-PWY: chorismate biosynthesis I|g__Akkermansia.s__Akkermansia_muciniphila	62.3797351370
ARO-PWY: chorismate biosynthesis I|g__Ruminococcus.s__Ruminococcus_bromii	61.6805495168
ARO-PWY: chorismate biosynthesis I|g__Blautia.s__Blautia_obeum	52.7443941804
ARO-PWY: chorismate biosynthesis I|g__Collinsella.s__Collinsella_aerofaciens	38.1358057829
ARO-PWY: chorismate biosynthesis I|g__Subdoligranulum.s__Subdoligranulum_sp_APC924_74	35.7095472139
ARO-PWY: chorismate biosynthesis I|g__Faecalibacterium.s__Faecalibacterium_prausnitzii	18.5753946864
ARO-PWY: chorismate biosynthesis I|g__Eubacterium.s__Eubacterium_sp_CAG_251	18.3186974277
ARO-PWY: chorismate biosynthesis I|g__Bacteroides.s__Bacteroides_vulgatus	17.3357613286
ARO-PWY: chorismate biosynthesis I|g__Clostridium.s__Clostridium_sp_CAG_138	14.5867573795
ARO-PWY: chorismate biosynthesis I|g__Bacteroides.s__Bacteroides_dorei	10.2346402470
ARO-PWY: chorismate biosynthesis I|g__Bifidobacterium.s__Bifidobacterium_bifidum	9.6809451695
ARO-PWY: chorismate biosynthesis I|g__Bacteroides.s__Bacteroides_caccae	7.7223626752
ARO-PWY: chorismate biosynthesis I|g__Bifidobacterium.s__Bifidobacterium_catenulatum	5.5590449994
ARO-PWY: chorismate biosynthesis I|g__Bifidobacterium.s__Bifidobacterium_pseudocatenulatum	5.2341950035
BRANCHED-CHAIN-AA-SYN-PWY: superpathway of branched chain amino acid biosynthesis	1425.3847686598
BRANCHED-CHAIN-AA-SYN-PWY: superpathway of branched chain amino acid biosynthesis|g__Bifidobacterium.s__Bifidobacterium_adolescentis	491.1544721550
BRANCHED-CHAIN-AA-SYN-PWY: superpathway of branched chain amino acid biosynthesis|g__Bifidobacterium.s__Bifidobacterium_longum	145.7954161052
BRANCHED-CHAIN-AA-SYN-PWY: superpathway of branched chain amino acid biosynthesis|unclassified	125.9224838118
BRANCHED-CHAIN-AA-SYN-PWY: superpathway of branched chain amino acid biosynthesis|g__Akkermansia.s__Akkermansia_muciniphila	69.3627497417
BRANCHED-CHAIN-AA-SYN-PWY: superpathway of branched chain amino acid biosynthesis|g__Blautia.s__Blautia_obeum	18.6817951721
BRANCHED-CHAIN-AA-SYN-PWY: superpathway of branched chain amino acid biosynthesis|g__Bacteroides.s__Bacteroides_uniformis	17.4118361209
BRANCHED-CHAIN-AA-SYN-PWY: superpathway of branched chain amino acid biosynthesis|g__Bifidobacterium.s__Bifidobacterium_catenulatum	11.1985596494
BRANCHED-CHAIN-AA-SYN-PWY: superpathway of branched chain amino acid biosynthesis|g__Bacteroides.s__Bacteroides_caccae	9.2918409308
BRANCHED-CHAIN-AA-SYN-PWY: superpathway of branched chain amino acid biosynthesis|g__Bifidobacterium.s__Bifidobacterium_pseudocatenulatum	5.1033531733
BRANCHED-CHAIN-AA-SYN-PWY: superpathway of branched chain amino acid biosynthesis|g__Blautia.s__Blautia_wexlerae	4.9448722272
BRANCHED-CHAIN-AA-SYN-PWY: superpathway of branched chain amino acid biosynthesis|g__Bacteroides.s__Bacteroides_ovatus	2.1015642818
BRANCHED-CHAIN-AA-SYN-PWY: superpathway of branched chain amino acid biosynthesis|g__Bacteroides.s__Bacteroides_clarus	1.3484206623
PEPTIDOGLYCANSYN-PWY: peptidoglycan biosynthesis I (meso-diaminopimelate containing)	1421.3401479984
PEPTIDOGLYCANSYN-PWY: peptidoglycan biosynthesis I (meso-diaminopimelate containing)|g__Bifidobacterium.s__Bifidobacterium_adolescentis	244.3015430758
PEPTIDOGLYCANSYN-PWY: peptidoglycan biosynthesis I (meso-diaminopimelate containing)|unclassified	158.9919069912
PEPTIDOGLYCANSYN-PWY: peptidoglycan biosynthesis I (meso-diaminopimelate containing)|g__Bifidobacterium.s__Bifidobacterium_longum	116.8175882743
PEPTIDOGLYCANSYN-PWY: peptidoglycan biosynthesis I (meso-diaminopimelate containing)|g__Akkermansia.s__Akkermansia_muciniphila	69.5252595248
PEPTIDOGLYCANSYN-PWY: peptidoglycan biosynthesis I (meso-diaminopimelate containing)|g__Alistipes.s__Alistipes_putredinis	57.8635041606
PEPTIDOGLYCANSYN-PWY: peptidoglycan biosynthesis I (meso-diaminopimelate containing)|g__Oscillibacter.s__Oscillibacter_sp_CAG_241	57.5978355290
PEPTIDOGLYCANSYN-PWY: peptidoglycan biosynthesis I (meso-diaminopimelate containing)|g__Blautia.s__Blautia_obeum	53.2320829769
PEPTIDOGLYCANSYN-PWY: peptidoglycan biosynthesis I (meso-diaminopimelate containing)|g__Collinsella.s__Collinsella_aerofaciens	39.6753277838
PEPTIDOGLYCANSYN-PWY: peptidoglycan biosynthesis I (meso-diaminopimelate containing)|g__Subdoligranulum.s__Subdoligranulum_sp_APC924_74	34.7360005826
PEPTIDOGLYCANSYN-PWY: peptidoglycan biosynthesis I (meso-diaminopimelate containing)|g__Barnesiella.s__Barnesiella_intestinihominis	26.0559148719
PEPTIDOGLYCANSYN-PWY: peptidoglycan biosynthesis I (meso-diaminopimelate containing)|g__Bacteroides.s__Bacteroides_uniformis	21.3624743047
PEPTIDOGLYCANSYN-PWY: peptidoglycan biosynthesis I (meso-diaminopimelate containing)|g__Bacteroides.s__Bacteroides_vulgatus	21.3386064383
PEPTIDOGLYCANSYN-PWY: peptidoglycan biosynthesis I (meso-diaminopimelate containing)|g__Clostridium.s__Clostridium_sp_CAG_594	18.2554458717
PEPTIDOGLYCANSYN-PWY: peptidoglycan biosynthesis I (meso-diaminopimelate containing)|g__Eubacterium.s__Eubacterium_sp_CAG_251	15.4941577461
PEPTIDOGLYCANSYN-PWY: peptidoglycan biosynthesis I (meso-diaminopimelate containing)|g__Faecalibacterium.s__Faecalibacterium_sp_CAG_74	12.8608941238
PEPTIDOGLYCANSYN-PWY: peptidoglycan biosynthesis I (meso-diaminopimelate containing)|g__Bacteroides.s__Bacteroides_dorei	11.6946130934
PEPTIDOGLYCANSYN-PWY: peptidoglycan biosynthesis I (meso-diaminopimelate containing)|g__Bifidobacterium.s__Bifidobacterium_catenulatum	8.9881690706
PEPTIDOGLYCANSYN-PWY: peptidoglycan biosynthesis I (meso-diaminopimelate containing)|g__Bifidobacterium.s__Bifidobacterium_bifidum	8.9547361704
PEPTIDOGLYCANSYN-PWY: peptidoglycan biosynthesis I (meso-diaminopimelate containing)|g__Senegalimassilia.s__Senegalimassilia_anaerobia	7.8362229405
PEPTIDOGLYCANSYN-PWY: peptidoglycan biosynthesis I (meso-diaminopimelate containing)|g__Bacteroides.s__Bacteroides_caccae	7.2772633443
PEPTIDOGLYCANSYN-PWY: peptidoglycan biosynthesis I (meso-diaminopimelate containing)|g__Alistipes.s__Alistipes_onderdonkii	3.6388481455
PEPTIDOGLYCANSYN-PWY: peptidoglycan biosynthesis I (meso-diaminopimelate containing)|g__Blautia.s__Blautia_wexlerae	3.3156089400
PEPTIDOGLYCANSYN-PWY: peptidoglycan biosynthesis I (meso-diaminopimelate containing)|g__Bifidobacterium.s__Bifidobacterium_pseudocatenulatum	2.6162502808
ILEUSYN-PWY: L-isoleucine biosynthesis I (from threonine)	1397.1048852459
ILEUSYN-PWY: L-isoleucine biosynthesis I (from threonine)|g__Bifidobacterium.s__Bifidobacterium_adolescentis	472.0131777260
ILEUSYN-PWY: L-isoleucine biosynthesis I (from threonine)|g__Bifidobacterium.s__Bifidobacterium_longum	141.2644196520
ILEUSYN-PWY: L-isoleucine biosynthesis I (from threonine)|unclassified	117.6348200265
ILEUSYN-PWY: L-isoleucine biosynthesis I (from threonine)|g__Akkermansia.s__Akkermansia_muciniphila	67.5572140037
ILEUSYN-PWY: L-isoleucine biosynthesis I (from threonine)|g__Blautia.s__Blautia_obeum	17.9614725593
ILEUSYN-PWY: L-isoleucine biosynthesis I (from threonine)|g__Bacteroides.s__Bacteroides_uniformis	17.1972570547
ILEUSYN-PWY: L-isoleucine biosynthesis I (from threonine)|g__Bifidobacterium.s__Bifidobacterium_catenulatum	10.1273528967
ILEUSYN-PWY: L-isoleucine biosynthesis I (from threonine)|g__Bacteroides.s__Bacteroides_caccae	9.3311210964
ILEUSYN-PWY: L-isoleucine biosynthesis I (from threonine)|g__Bifidobacterium.s__Bifidobacterium_pseudocatenulatum	5.2246030632
ILEUSYN-PWY: L-isoleucine biosynthesis I (from threonine)|g__Blautia.s__Blautia_wexlerae	5.0110657224
ILEUSYN-PWY: L-isoleucine biosynthesis I (from threonine)|g__Bacteroides.s__Bacteroides_thetaiotaomicron	4.0504042466
ILEUSYN-PWY: L-isoleucine biosynthesis I (from threonine)|g__Bacteroides.s__Bacteroides_ovatus	2.3715773567
ILEUSYN-PWY: L-isoleucine biosynthesis I (from threonine)|g__Bacteroides.s__Bacteroides_clarus	1.3384641124
DTDPRHAMSYN-PWY: dTDP-&beta;-L-rhamnose biosynthesis	1396.6009523030
DTDPRHAMSYN-PWY: dTDP-&beta;-L-rhamnose biosynthesis|unclassified	206.8838283783
DTDPRHAMSYN-PWY: dTDP-&beta;-L-rhamnose biosynthesis|g__Bifidobacterium.s__Bifidobacterium_adolescentis	181.7547572247
DTDPRHAMSYN-PWY: dTDP-&beta;-L-rhamnose biosynthesis|g__Alistipes.s__Alistipes_shahii	135.0033589472
DTDPRHAMSYN-PWY: dTDP-&beta;-L-rhamnose biosynthesis|g__Alistipes.s__Alistipes_putredinis	64.2460819624
DTDPRHAMSYN-PWY: dTDP-&beta;-L-rhamnose biosynthesis|g__Akkermansia.s__Akkermansia_muciniphila	60.7587448886
DTDPRHAMSYN-PWY: dTDP-&beta;-L-rhamnose biosynthesis|g__Blautia.s__Blautia_obeum	54.0370530958
DTDPRHAMSYN-PWY: dTDP-&beta;-L-rhamnose biosynthesis|g__Oscillibacter.s__Oscillibacter_sp_CAG_241	53.1320800167
DTDPRHAMSYN-PWY: dTDP-&beta;-L-rhamnose biosynthesis|g__Subdoligranulum.s__Subdoligranulum_sp_APC924_74	42.7334782845
DTDPRHAMSYN-PWY: dTDP-&beta;-L-rhamnose biosynthesis|g__Bifidobacterium.s__Bifidobacterium_longum	42.4845352266
DTDPRHAMSYN-PWY: dTDP-&beta;-L-rhamnose biosynthesis|g__Ruminococcus.s__Ruminococcus_sp_CAG_177	40.4021788824
DTDPRHAMSYN-PWY: dTDP-&beta;-L-rhamnose biosynthesis|g__Bacteroides.s__Bacteroides_uniformis	37.8331526881
DTDPRHAMSYN-PWY: dTDP-&beta;-L-rhamnose biosynthesis|g__Bacteroides.s__Bacteroides_caccae	29.4014540350
DTDPRHAMSYN-PWY: dTDP-&beta;-L-rhamnose biosynthesis|g__Barnesiella.s__Barnesiella_intestinihominis	29.1424618060
DTDPRHAMSYN-PWY: dTDP-&beta;-L-rhamnose biosynthesis|g__Collinsella.s__Collinsella_aerofaciens	23.8243548167
DTDPRHAMSYN-PWY: dTDP-&beta;-L-rhamnose biosynthesis|g__Alistipes.s__Alistipes_finegoldii	21.7434723581
DTDPRHAMSYN-PWY: dTDP-&beta;-L-rhamnose biosynthesis|g__Bacteroides.s__Bacteroides_dorei	21.6606498195
DTDPRHAMSYN-PWY: dTDP-&beta;-L-rhamnose biosynthesis|g__Faecalibacterium.s__Faecalibacterium_prausnitzii	19.1386692271
DTDPRHAMSYN-PWY: dTDP-&beta;-L-rhamnose biosynthesis|g__Bacteroides.s__Bacteroides_vulgatus	18.7604296080
DTDPRHAMSYN-PWY: dTDP-&beta;-L-rhamnose biosynthesis|g__Faecalibacterium.s__Faecalibacterium_sp_CAG_74	16.6805089802
DTDPRHAMSYN-PWY: dTDP-&beta;-L-rhamnose biosynthesis|g__Coprococcus.s__Coprococcus_comes	13.4076078051
DTDPRHAMSYN-PWY: dTDP-&beta;-L-rhamnose biosynthesis|g__Bifidobacterium.s__Bifidobacterium_catenulatum	12.0051294644
DTDPRHAMSYN-PWY: dTDP-&beta;-L-rhamnose biosynthesis|g__Alistipes.s__Alistipes_indistinctus	11.0104008966
DTDPRHAMSYN-PWY: dTDP-&beta;-L-rhamnose biosynthesis|g__Ruthenibacterium.s__Ruthenibacterium_lactatiformans	10.4214830275
DTDPRHAMSYN-PWY: dTDP-&beta;-L-rhamnose biosynthesis|g__Bifidobacterium.s__Bifidobacterium_pseudocatenulatum	10.3630384960
DTDPRHAMSYN-PWY: dTDP-&beta;-L-rhamnose biosynthesis|g__Bifidobacterium.s__Bifidobacterium_bifidum	10.2101538750
DTDPRHAMSYN-PWY: dTDP-&beta;-L-rhamnose biosynthesis|g__Alistipes.s__Alistipes_onderdonkii	7.8145350352
DTDPRHAMSYN-PWY: dTDP-&beta;-L-rhamnose biosynthesis|g__Bilophila.s__Bilophila_wadsworthia	6.5382370111
DTDPRHAMSYN-PWY: dTDP-&beta;-L-rhamnose biosynthesis|g__Coprococcus.s__Coprococcus_catus	5.5272612421
DTDPRHAMSYN-PWY: dTDP-&beta;-L-rhamnose biosynthesis|g__Blautia.s__Blautia_wexlerae	3.8516774055
DTDPRHAMSYN-PWY: dTDP-&beta;-L-rhamnose biosynthesis|g__Dorea.s__Dorea_longicatena	1.9068049100
PWY-3841: folate transformations II (plants)	1393.2803580940
PWY-3841: folate transformations II (plants)|g__Bifidobacterium.s__Bifidobacterium_adolescentis	311.7273499637
PWY-3841: folate transformations II (plants)|unclassified	186.8418571280
PWY-3841: folate transformations II (plants)|g__Bifidobacterium.s__Bifidobacterium_longum	140.4158091966
PWY-3841: folate transformations II (plants)|g__Akkermansia.s__Akkermansia_muciniphila	70.4866407487
PWY-3841: folate transformations II (plants)|g__Alistipes.s__Alistipes_putredinis	67.2259614046
PWY-3841: folate transformations II (plants)|g__Ruminococcus.s__Ruminococcus_sp_CAG_177	38.0347699936
PWY-3841: folate transformations II (plants)|g__Barnesiella.s__Barnesiella_intestinihominis	32.6085851687
PWY-3841: folate transformations II (plants)|g__Bacteroides.s__Bacteroides_uniformis	30.3076043916
PWY-3841: folate transformations II (plants)|g__Bacteroides.s__Bacteroides_vulgatus	24.7524596443
PWY-3841: folate transformations II (plants)|g__Firmicutes_unclassified.s__Firmicutes_bacterium_CAG_129	19.2029543007
PWY-3841: folate transformations II (plants)|g__Eubacterium.s__Eubacterium_sp_CAG_251	18.4849886644
PWY-3841: folate transformations II (plants)|g__Bacteroides.s__Bacteroides_dorei	15.7268005718
PWY-3841: folate transformations II (plants)|g__Bacteroides.s__Bacteroides_sp_CAG_530	9.7195504708
PWY-3841: folate transformations II (plants)|g__Bacteroides.s__Bacteroides_thetaiotaomicron	9.2399554012
PWY-3841: folate transformations II (plants)|g__Bacteroides.s__Bacteroides_caccae	9.0919593398
PWY-3841: folate transformations II (plants)|g__Coprococcus.s__Coprococcus_catus	8.2030248654
PWY-6163: chorismate biosynthesis from 3-dehydroquinate	1375.6445294843
PWY-6163: chorismate biosynthesis from 3-dehydroquinate|g__Bifidobacterium.s__Bifidobacterium_adolescentis	291.4468985708
PWY-6163: chorismate biosynthesis from 3-dehydroquinate|unclassified	133.2526308550
PWY-6163: chorismate biosynthesis from 3-dehydroquinate|g__Bifidobacterium.s__Bifidobacterium_longum	114.0780898059
PWY-6163: chorismate biosynthesis from 3-dehydroquinate|g__Alistipes.s__Alistipes_shahii	97.0597548541
PWY-6163: chorismate biosynthesis from 3-dehydroquinate|g__Ruminococcus.s__Ruminococcus_bromii	61.6006018470
PWY-6163: chorismate biosynthesis from 3-dehydroquinate|g__Blautia.s__Blautia_obeum	56.8164345609
PWY-6163: chorismate biosynthesis from 3-dehydroquinate|g__Akkermansia.s__Akkermansia_muciniphila	54.0714417547
PWY-6163: chorismate biosynthesis from 3-dehydroquinate|g__Ruminococcus.s__Ruminococcus_sp_CAG_177	40.0177498221
PWY-6163: chorismate biosynthesis from 3-dehydroquinate|g__Firmicutes_unclassified.s__Firmicutes_bacterium_CAG_124	37.6672145794
PWY-6163: chorismate biosynthesis from 3-dehydroquinate|g__Subdoligranulum.s__Subdoligranulum_sp_APC924_74	34.8986548814
PWY-6163: chorismate biosynthesis from 3-dehydroquinate|g__Collinsella.s__Collinsella_aerofaciens	34.4063228486
PWY-6163: chorismate biosynthesis from 3-dehydroquinate|g__Eubacterium.s__Eubacterium_sp_CAG_251	21.2672057091
PWY-6163: chorismate biosynthesis from 3-dehydroquinate|g__Barnesiella.s__Barnesiella_intestinihominis	20.3823978250
PWY-6163: chorismate biosynthesis from 3-dehydroquinate|g__Bacteroides.s__Bacteroides_uniformis	20.2716399757
PWY-6163: chorismate biosynthesis from 3-dehydroquinate|g__Faecalibacterium.s__Faecalibacterium_prausnitzii	18.7219930398
PWY-6163: chorismate biosynthesis from 3-dehydroquinate|g__Bacteroides.s__Bacteroides_vulgatus	17.1139264577
PWY-6163: chorismate biosynthesis from 3-dehydroquinate|g__Faecalibacterium.s__Faecalibacterium_sp_CAG_74	15.6408120924
PWY-6163: chorismate biosynthesis from 3-dehydroquinate|g__Clostridium.s__Clostridium_sp_CAG_138	15.5118559936
PWY-6163: chorismate biosynthesis from 3-dehydroquinate|g__Bacteroides.s__Bacteroides_dorei	11.5993345645
PWY-6163: chorismate biosynthesis from 3-dehydroquinate|g__Senegalimassilia.s__Senegalimassilia_anaerobia	9.2596910763
PWY-6163: chorismate biosynthesis from 3-dehydroquinate|g__Bacteroides.s__Bacteroides_caccae	8.6324724840
PWY-6163: chorismate biosynthesis from 3-dehydroquinate|g__Bifidobacterium.s__Bifidobacterium_bifidum	8.5916942534
PWY-6163: chorismate biosynthesis from 3-dehydroquinate|g__Bifidobacterium.s__Bifidobacterium_pseudocatenulatum	5.3531695370
PWY-6163: chorismate biosynthesis from 3-dehydroquinate|g__Bifidobacterium.s__Bifidobacterium_catenulatum	5.0591460162
PWY-6163: chorismate biosynthesis from 3-dehydroquinate|g__Blautia.s__Blautia_wexlerae	4.2469062200
PWY-6163: chorismate biosynthesis from 3-dehydroquinate|g__Bacteroides.s__Bacteroides_thetaiotaomicron	2.8274945571
PWY-1042: glycolysis IV	1351.2288058522
PWY-1042: glycolysis IV|unclassified	157.1304936725
PWY-1042: glycolysis IV|g__Alistipes.s__Alistipes_shahii	118.6014850424
PWY-1042: glycolysis IV|g__Alistipes.s__Alistipes_putredinis	66.7790156293
PWY-1042: glycolysis IV|g__Collinsella.s__Collinsella_aerofaciens	52.2657231087
PWY-1042: glycolysis IV|g__Blautia.s__Blautia_obeum	29.5522981118
PWY-1042: glycolysis IV|g__Bacteroides.s__Bacteroides_vulgatus	28.0825619499
PWY-1042: glycolysis IV|g__Bacteroides.s__Bacteroides_dorei	22.9418844815
PWY-1042: glycolysis IV|g__Bacteroides.s__Bacteroides_caccae	9.5335386962
PWY-1042: glycolysis IV|g__Streptococcus.s__Streptococcus_salivarius	6.0755630935
TRNA-CHARGING-PWY: tRNA charging	1346.4287385751
TRNA-CHARGING-PWY: tRNA charging|unclassified	135.4574400312
TRNA-CHARGING-PWY: tRNA charging|g__Alistipes.s__Alistipes_shahii	89.9495329379
TRNA-CHARGING-PWY: tRNA charging|g__Alistipes.s__Alistipes_putredinis	60.9176892931
TRNA-CHARGING-PWY: tRNA charging|g__Ruminococcus.s__Ruminococcus_sp_CAG_177	41.2781296848
TRNA-CHARGING-PWY: tRNA charging|g__Subdoligranulum.s__Subdoligranulum_sp_APC924_74	38.3822225212
TRNA-CHARGING-PWY: tRNA charging|g__Barnesiella.s__Barnesiella_intestinihominis	27.2549052493
TRNA-CHARGING-PWY: tRNA charging|g__Bacteroides.s__Bacteroides_vulgatus	19.8496907357
TRNA-CHARGING-PWY: tRNA charging|g__Bacteroides.s__Bacteroides_uniformis	18.3167309872
TRNA-CHARGING-PWY: tRNA charging|g__Faecalibacterium.s__Faecalibacterium_sp_CAG_74	17.3222290712
TRNA-CHARGING-PWY: tRNA charging|g__Faecalibacterium.s__Faecalibacterium_prausnitzii	14.7480930994
TRNA-CHARGING-PWY: tRNA charging|g__Clostridium.s__Clostridium_sp_CAG_138	13.5585935725
TRNA-CHARGING-PWY: tRNA charging|g__Bacteroides.s__Bacteroides_caccae	7.6985494172
TRNA-CHARGING-PWY: tRNA charging|g__Bacteroides.s__Bacteroides_ovatus	2.1143412748
TRNA-CHARGING-PWY: tRNA charging|g__Bacteroides.s__Bacteroides_finegoldii	1.1344685756
PWY-5103: L-isoleucine biosynthesis III	1334.3263516232
PWY-5103: L-isoleucine biosynthesis III|g__Bifidobacterium.s__Bifidobacterium_adolescentis	452.3453118719
PWY-5103: L-isoleucine biosynthesis III|g__Bifidobacterium.s__Bifidobacterium_longum	132.8869320334
PWY-5103: L-isoleucine biosynthesis III|unclassified	111.4859650313
PWY-5103: L-isoleucine biosynthesis III|g__Akkermansia.s__Akkermansia_muciniphila	65.0284097502
PWY-5103: L-isoleucine biosynthesis III|g__Bacteroides.s__Bacteroides_uniformis	15.4120067526
PWY-5103: L-isoleucine biosynthesis III|g__Blautia.s__Blautia_obeum	12.7540536303
PWY-5103: L-isoleucine biosynthesis III|g__Bifidobacterium.s__Bifidobacterium_catenulatum	9.6771860238
PWY-5103: L-isoleucine biosynthesis III|g__Bacteroides.s__Bacteroides_caccae	8.1654022868
PWY-5103: L-isoleucine biosynthesis III|g__Bifidobacterium.s__Bifidobacterium_pseudocatenulatum	4.5803971395
PWY-5103: L-isoleucine biosynthesis III|g__Blautia.s__Blautia_wexlerae	4.0445437112
PWY-5103: L-isoleucine biosynthesis III|g__Bacteroides.s__Bacteroides_thetaiotaomicron	3.8893684723
PWY-5103: L-isoleucine biosynthesis III|g__Bacteroides.s__Bacteroides_ovatus	1.9907302310
PWY-5103: L-isoleucine biosynthesis III|g__Bacteroides.s__Bacteroides_clarus	1.1029006287
PWY-6385: peptidoglycan biosynthesis III (mycobacteria)	1302.2469517026
PWY-6385: peptidoglycan biosynthesis III (mycobacteria)|g__Bifidobacterium.s__Bifidobacterium_adolescentis	255.4539901394
PWY-6385: peptidoglycan biosynthesis III (mycobacteria)|unclassified	124.1184372569
PWY-6385: peptidoglycan biosynthesis III (mycobacteria)|g__Alistipes.s__Alistipes_putredinis	56.5030646397
PWY-6385: peptidoglycan biosynthesis III (mycobacteria)|g__Oscillibacter.s__Oscillibacter_sp_CAG_241	56.4049489577
PWY-6385: peptidoglycan biosynthesis III (mycobacteria)|g__Blautia.s__Blautia_obeum	50.0692703340
PWY-6385: peptidoglycan biosynthesis III (mycobacteria)|g__Collinsella.s__Collinsella_aerofaciens	40.9867493277
PWY-6385: peptidoglycan biosynthesis III (mycobacteria)|g__Bacteroides.s__Bacteroides_uniformis	22.2874806996
PWY-6385: peptidoglycan biosynthesis III (mycobacteria)|g__Bacteroides.s__Bacteroides_vulgatus	21.7108850348
PWY-6385: peptidoglycan biosynthesis III (mycobacteria)|g__Eubacterium.s__Eubacterium_sp_CAG_251	14.3629751820
PWY-6385: peptidoglycan biosynthesis III (mycobacteria)|g__Bacteroides.s__Bacteroides_dorei	12.2573410293
PWY-6385: peptidoglycan biosynthesis III (mycobacteria)|g__Bifidobacterium.s__Bifidobacterium_catenulatum	10.4353421231
PWY-6385: peptidoglycan biosynthesis III (mycobacteria)|g__Bifidobacterium.s__Bifidobacterium_bifidum	8.5762322488
PWY-6385: peptidoglycan biosynthesis III (mycobacteria)|g__Bacteroides.s__Bacteroides_caccae	7.3527402504
PWY-6385: peptidoglycan biosynthesis III (mycobacteria)|g__Bifidobacterium.s__Bifidobacterium_pseudocatenulatum	2.6650513684
PWY-5097: L-lysine biosynthesis VI	1291.3196200220
PWY-5097: L-lysine biosynthesis VI|g__Bifidobacterium.s__Bifidobacterium_adolescentis	425.6205641264
PWY-5097: L-lysine biosynthesis VI|g__Bifidobacterium.s__Bifidobacterium_longum	125.5075178566
PWY-5097: L-lysine biosynthesis VI|unclassified	81.2605604488
PWY-5097: L-lysine biosynthesis VI|g__Akkermansia.s__Akkermansia_muciniphila	64.7319523416
PWY-5097: L-lysine biosynthesis VI|g__Ruminococcus.s__Ruminococcus_bromii	43.6931648624
PWY-5097: L-lysine biosynthesis VI|g__Blautia.s__Blautia_obeum	38.4766892067
PWY-5097: L-lysine biosynthesis VI|g__Barnesiella.s__Barnesiella_intestinihominis	32.5603996174
PWY-5097: L-lysine biosynthesis VI|g__Bacteroides.s__Bacteroides_uniformis	24.6291159670
PWY-5097: L-lysine biosynthesis VI|g__Bacteroides.s__Bacteroides_vulgatus	13.5259211389
PWY-5097: L-lysine biosynthesis VI|g__Bacteroides.s__Bacteroides_dorei	12.9371902215
PWY-5097: L-lysine biosynthesis VI|g__Bacteroides.s__Bacteroides_sp_CAG_530	9.4893555933
PWY-5097: L-lysine biosynthesis VI|g__Bifidobacterium.s__Bifidobacterium_catenulatum	8.7211928421
PWY-5097: L-lysine biosynthesis VI|g__Faecalibacterium.s__Faecalibacterium_prausnitzii	8.2689954858
PWY-5097: L-lysine biosynthesis VI|g__Ruthenibacterium.s__Ruthenibacterium_lactatiformans	7.2213588031
PWY-5097: L-lysine biosynthesis VI|g__Bilophila.s__Bilophila_wadsworthia	6.7800540100
PWY-5097: L-lysine biosynthesis VI|g__Bacteroides.s__Bacteroides_caccae	4.3260827102
PWY-5097: L-lysine biosynthesis VI|g__Bifidobacterium.s__Bifidobacterium_pseudocatenulatum	3.8982548496
PWY-5097: L-lysine biosynthesis VI|g__Bacteroides.s__Bacteroides_ovatus	1.4754703062
COMPLETE-ARO-PWY: superpathway of aromatic amino acid biosynthesis	1288.4403343764
COMPLETE-ARO-PWY: superpathway of aromatic amino acid biosynthesis|unclassified	138.6209306960
COMPLETE-ARO-PWY: superpathway of aromatic amino acid biosynthesis|g__Bifidobacterium.s__Bifidobacterium_longum	123.8231616033
COMPLETE-ARO-PWY: superpathway of aromatic amino acid biosynthesis|g__Blautia.s__Blautia_obeum	54.8602833438
COMPLETE-ARO-PWY: superpathway of aromatic amino acid biosynthesis|g__Eubacterium.s__Eubacterium_sp_CAG_251	19.2327035248
PWY-6122: 5-aminoimidazole ribonucleotide biosynthesis II	1265.8776936512
PWY-6122: 5-aminoimidazole ribonucleotide biosynthesis II|g__Bifidobacterium.s__Bifidobacterium_adolescentis	315.7183012582
PWY-6122: 5-aminoimidazole ribonucleotide biosynthesis II|unclassified	152.9823102802
PWY-6122: 5-aminoimidazole ribonucleotide biosynthesis II|g__Alistipes.s__Alistipes_shahii	106.2764924814
PWY-6122: 5-aminoimidazole ribonucleotide biosynthesis II|g__Bifidobacterium.s__Bifidobacterium_longum	97.5930195844
PWY-6122: 5-aminoimidazole ribonucleotide biosynthesis II|g__Akkermansia.s__Akkermansia_muciniphila	71.7567622068
PWY-6122: 5-aminoimidazole ribonucleotide biosynthesis II|g__Collinsella.s__Collinsella_aerofaciens	66.7096482863
PWY-6122: 5-aminoimidazole ribonucleotide biosynthesis II|g__Alistipes.s__Alistipes_putredinis	60.8045043519
PWY-6122: 5-aminoimidazole ribonucleotide biosynthesis II|g__Blautia.s__Blautia_obeum	42.2053315936
PWY-6122: 5-aminoimidazole ribonucleotide biosynthesis II|g__Ruminococcus.s__Ruminococcus_sp_CAG_177	41.1311696781
PWY-6122: 5-aminoimidazole ribonucleotide biosynthesis II|g__Ruminococcus.s__Ruminococcus_bromii	35.5936761543
PWY-6122: 5-aminoimidazole ribonucleotide biosynthesis II|g__Subdoligranulum.s__Subdoligranulum_sp_APC924_74	33.7657196907
PWY-6122: 5-aminoimidazole ribonucleotide biosynthesis II|g__Barnesiella.s__Barnesiella_intestinihominis	26.3941546268
PWY-6122: 5-aminoimidazole ribonucleotide biosynthesis II|g__Bacteroides.s__Bacteroides_uniformis	21.6808447442
PWY-6122: 5-aminoimidazole ribonucleotide biosynthesis II|g__Bifidobacterium.s__Bifidobacterium_pseudocatenulatum	19.4611169491
PWY-6122: 5-aminoimidazole ribonucleotide biosynthesis II|g__Clostridium.s__Clostridium_sp_CAG_138	15.4288921530
PWY-6122: 5-aminoimidazole ribonucleotide biosynthesis II|g__Faecalibacterium.s__Faecalibacterium_prausnitzii	14.8331056291
PWY-6122: 5-aminoimidazole ribonucleotide biosynthesis II|g__Bifidobacterium.s__Bifidobacterium_bifidum	13.8103277038
PWY-6122: 5-aminoimidazole ribonucleotide biosynthesis II|g__Eubacterium.s__Eubacterium_sp_CAG_251	13.7331571954
PWY-6122: 5-aminoimidazole ribonucleotide biosynthesis II|g__Bacteroides.s__Bacteroides_dorei	10.0500025708
PWY-6122: 5-aminoimidazole ribonucleotide biosynthesis II|g__Bacteroides.s__Bacteroides_sp_CAG_530	9.9502487562
PWY-6122: 5-aminoimidazole ribonucleotide biosynthesis II|g__Bacteroides.s__Bacteroides_vulgatus	8.7964884432
PWY-6122: 5-aminoimidazole ribonucleotide biosynthesis II|g__Senegalimassilia.s__Senegalimassilia_anaerobia	8.4050009756
PWY-6122: 5-aminoimidazole ribonucleotide biosynthesis II|g__Bifidobacterium.s__Bifidobacterium_catenulatum	7.5380403642
PWY-6122: 5-aminoimidazole ribonucleotide biosynthesis II|g__Desulfovibrio.s__Desulfovibrio_piger	7.0311532835
PWY-6122: 5-aminoimidazole ribonucleotide biosynthesis II|g__Bacteroides.s__Bacteroides_caccae	6.5239551478
PWY-6122: 5-aminoimidazole ribonucleotide biosynthesis II|g__Coprococcus.s__Coprococcus_comes	5.5212404326
PWY-6122: 5-aminoimidazole ribonucleotide biosynthesis II|g__Alistipes.s__Alistipes_finegoldii	5.1494085753
PWY-6122: 5-aminoimidazole ribonucleotide biosynthesis II|g__Bacteroides.s__Bacteroides_thetaiotaomicron	3.1392841742
PWY-6122: 5-aminoimidazole ribonucleotide biosynthesis II|g__Blautia.s__Blautia_wexlerae	2.9715983771
PWY-6122: 5-aminoimidazole ribonucleotide biosynthesis II|g__Bacteroides.s__Bacteroides_ovatus	1.9704433498
PWY-6122: 5-aminoimidazole ribonucleotide biosynthesis II|g__Alistipes.s__Alistipes_onderdonkii	1.2587751150
PWY-6277: superpathway of 5-aminoimidazole ribonucleotide biosynthesis	1265.8776936512
PWY-6277: superpathway of 5-aminoimidazole ribonucleotide biosynthesis|g__Bifidobacterium.s__Bifidobacterium_adolescentis	315.7183012582
PWY-6277: superpathway of 5-aminoimidazole ribonucleotide biosynthesis|unclassified	152.9823102802
PWY-6277: superpathway of 5-aminoimidazole ribonucleotide biosynthesis|g__Alistipes.s__Alistipes_shahii	106.2764924814
PWY-6277: superpathway of 5-aminoimidazole ribonucleotide biosynthesis|g__Bifidobacterium.s__Bifidobacterium_longum	97.5930195844
PWY-6277: superpathway of 5-aminoimidazole ribonucleotide biosynthesis|g__Akkermansia.s__Akkermansia_muciniphila	71.7567622068
PWY-6277: superpathway of 5-aminoimidazole ribonucleotide biosynthesis|g__Collinsella.s__Collinsella_aerofaciens	66.7096482863
PWY-6277: superpathway of 5-aminoimidazole ribonucleotide biosynthesis|g__Alistipes.s__Alistipes_putredinis	60.8045043519
PWY-6277: superpathway of 5-aminoimidazole ribonucleotide biosynthesis|g__Blautia.s__Blautia_obeum	42.2053315936
PWY-6277: superpathway of 5-aminoimidazole ribonucleotide biosynthesis|g__Ruminococcus.s__Ruminococcus_sp_CAG_177	41.1311696781
PWY-6277: superpathway of 5-aminoimidazole ribonucleotide biosynthesis|g__Ruminococcus.s__Ruminococcus_bromii	35.5936761543
PWY-6277: superpathway of 5-aminoimidazole ribonucleotide biosynthesis|g__Subdoligranulum.s__Subdoligranulum_sp_APC924_74	33.7657196907
PWY-6277: superpathway of 5-aminoimidazole ribonucleotide biosynthesis|g__Barnesiella.s__Barnesiella_intestinihominis	26.3941546268
PWY-6277: superpathway of 5-aminoimidazole ribonucleotide biosynthesis|g__Bacteroides.s__Bacteroides_uniformis	21.6808447442
PWY-6277: superpathway of 5-aminoimidazole ribonucleotide biosynthesis|g__Bifidobacterium.s__Bifidobacterium_pseudocatenulatum	19.4611169491
PWY-6277: superpathway of 5-aminoimidazole ribonucleotide biosynthesis|g__Clostridium.s__Clostridium_sp_CAG_138	15.4288921530
PWY-6277: superpathway of 5-aminoimidazole ribonucleotide biosynthesis|g__Faecalibacterium.s__Faecalibacterium_prausnitzii	14.8331056291
PWY-6277: superpathway of 5-aminoimidazole ribonucleotide biosynthesis|g__Bifidobacterium.s__Bifidobacterium_bifidum	13.8103277038
PWY-6277: superpathway of 5-aminoimidazole ribonucleotide biosynthesis|g__Eubacterium.s__Eubacterium_sp_CAG_251	13.7331571954
PWY-6277: superpathway of 5-aminoimidazole ribonucleotide biosynthesis|g__Bacteroides.s__Bacteroides_dorei	10.0500025708
PWY-6277: superpathway of 5-aminoimidazole ribonucleotide biosynthesis|g__Bacteroides.s__Bacteroides_sp_CAG_530	9.9502487562
PWY-6277: superpathway of 5-aminoimidazole ribonucleotide biosynthesis|g__Bacteroides.s__Bacteroides_vulgatus	8.7964884432
PWY-6277: superpathway of 5-aminoimidazole ribonucleotide biosynthesis|g__Senegalimassilia.s__Senegalimassilia_anaerobia	8.4050009756
PWY-6277: superpathway of 5-aminoimidazole ribonucleotide biosynthesis|g__Bifidobacterium.s__Bifidobacterium_catenulatum	7.5380403642
PWY-6277: superpathway of 5-aminoimidazole ribonucleotide biosynthesis|g__Desulfovibrio.s__Desulfovibrio_piger	7.0311532835
PWY-6277: superpathway of 5-aminoimidazole ribonucleotide biosynthesis|g__Bacteroides.s__Bacteroides_caccae	6.5239551478
PWY-6277: superpathway of 5-aminoimidazole ribonucleotide biosynthesis|g__Coprococcus.s__Coprococcus_comes	5.5212404326
PWY-6277: superpathway of 5-aminoimidazole ribonucleotide biosynthesis|g__Alistipes.s__Alistipes_finegoldii	5.1494085753
PWY-6277: superpathway of 5-aminoimidazole ribonucleotide biosynthesis|g__Bacteroides.s__Bacteroides_thetaiotaomicron	3.1392841742
PWY-6277: superpathway of 5-aminoimidazole ribonucleotide biosynthesis|g__Blautia.s__Blautia_wexlerae	2.9715983771
PWY-6277: superpathway of 5-aminoimidazole ribonucleotide biosynthesis|g__Bacteroides.s__Bacteroides_ovatus	1.9704433498
PWY-6277: superpathway of 5-aminoimidazole ribonucleotide biosynthesis|g__Alistipes.s__Alistipes_onderdonkii	1.2587751150
PWY-6151: S-adenosyl-L-methionine salvage I	1259.6791285587
PWY-6151: S-adenosyl-L-methionine salvage I|g__Bifidobacterium.s__Bifidobacterium_adolescentis	378.5875934669
PWY-6151: S-adenosyl-L-methionine salvage I|g__Bifidobacterium.s__Bifidobacterium_longum	138.1949543064
PWY-6151: S-adenosyl-L-methionine salvage I|unclassified	92.6557131348
PWY-6151: S-adenosyl-L-methionine salvage I|g__Ruminococcus.s__Ruminococcus_bromii	55.7903634827
PWY-6151: S-adenosyl-L-methionine salvage I|g__Collinsella.s__Collinsella_aerofaciens	55.1183663249
PWY-6151: S-adenosyl-L-methionine salvage I|g__Ruminococcus.s__Ruminococcus_sp_CAG_177	52.2683714329
PWY-6151: S-adenosyl-L-methionine salvage I|g__Oscillibacter.s__Oscillibacter_sp_CAG_241	50.2329611834
PWY-6151: S-adenosyl-L-methionine salvage I|g__Bacteroides.s__Bacteroides_uniformis	29.2743384768
PWY-6151: S-adenosyl-L-methionine salvage I|g__Barnesiella.s__Barnesiella_intestinihominis	27.4812445510
PWY-6151: S-adenosyl-L-methionine salvage I|g__Bacteroides.s__Bacteroides_vulgatus	21.4563838573
PWY-6151: S-adenosyl-L-methionine salvage I|g__Blautia.s__Blautia_obeum	14.7990234428
PWY-6151: S-adenosyl-L-methionine salvage I|g__Bifidobacterium.s__Bifidobacterium_bifidum	14.1510509385
PWY-6151: S-adenosyl-L-methionine salvage I|g__Bacteroides.s__Bacteroides_dorei	13.1593298040
PWY-6151: S-adenosyl-L-methionine salvage I|g__Faecalibacterium.s__Faecalibacterium_prausnitzii	11.3597472857
PWY-6151: S-adenosyl-L-methionine salvage I|g__Eubacterium.s__Eubacterium_sp_CAG_251	9.7719869707
PWY-6151: S-adenosyl-L-methionine salvage I|g__Blautia.s__Blautia_wexlerae	9.0353968015
PWY-6151: S-adenosyl-L-methionine salvage I|g__Erysipelatoclostridium.s__Clostridium_innocuum	7.0790195558
PWY-6151: S-adenosyl-L-methionine salvage I|g__Coprococcus.s__Coprococcus_comes	7.0758889085
PWY-6151: S-adenosyl-L-methionine salvage I|g__Bifidobacterium.s__Bifidobacterium_pseudocatenulatum	6.0382425972
PWY-6151: S-adenosyl-L-methionine salvage I|g__Bifidobacterium.s__Bifidobacterium_catenulatum	4.8865619546
PWY-6151: S-adenosyl-L-methionine salvage I|g__Bacteroides.s__Bacteroides_clarus	3.4820457018
PWY-7111: pyruvate fermentation to isobutanol (engineered)	1210.7529890696
PWY-7111: pyruvate fermentation to isobutanol (engineered)|g__Bifidobacterium.s__Bifidobacterium_adolescentis	405.3896223071
PWY-7111: pyruvate fermentation to isobutanol (engineered)|g__Bifidobacterium.s__Bifidobacterium_longum	141.5589769360
PWY-7111: pyruvate fermentation to isobutanol (engineered)|unclassified	116.0173232246
PWY-7111: pyruvate fermentation to isobutanol (engineered)|g__Faecalibacterium.s__Faecalibacterium_prausnitzii	13.0706108197
PWY-7111: pyruvate fermentation to isobutanol (engineered)|g__Bacteroides.s__Bacteroides_vulgatus	11.0880729490
PWY-7111: pyruvate fermentation to isobutanol (engineered)|g__Bacteroides.s__Bacteroides_uniformis	10.4970998420
PWY-7111: pyruvate fermentation to isobutanol (engineered)|g__Bifidobacterium.s__Bifidobacterium_catenulatum	9.4694735477
PWY-7111: pyruvate fermentation to isobutanol (engineered)|g__Bifidobacterium.s__Bifidobacterium_pseudocatenulatum	5.7812932047
PWY-7111: pyruvate fermentation to isobutanol (engineered)|g__Streptococcus.s__Streptococcus_salivarius	4.2444715497
PWY-7111: pyruvate fermentation to isobutanol (engineered)|g__Blautia.s__Ruminococcus_torques	1.7876935178
PWY-6121: 5-aminoimidazole ribonucleotide biosynthesis I	1181.8875836452
PWY-6121: 5-aminoimidazole ribonucleotide biosynthesis I|g__Bifidobacterium.s__Bifidobacterium_adolescentis	307.6107406460
PWY-6121: 5-aminoimidazole ribonucleotide biosynthesis I|unclassified	148.1589245783
PWY-6121: 5-aminoimidazole ribonucleotide biosynthesis I|g__Alistipes.s__Alistipes_shahii	106.4361797348
PWY-6121: 5-aminoimidazole ribonucleotide biosynthesis I|g__Akkermansia.s__Akkermansia_muciniphila	72.0135527029
PWY-6121: 5-aminoimidazole ribonucleotide biosynthesis I|g__Bifidobacterium.s__Bifidobacterium_longum	69.5210434274
PWY-6121: 5-aminoimidazole ribonucleotide biosynthesis I|g__Collinsella.s__Collinsella_aerofaciens	67.4625560636
PWY-6121: 5-aminoimidazole ribonucleotide biosynthesis I|g__Alistipes.s__Alistipes_putredinis	59.0522898066
PWY-6121: 5-aminoimidazole ribonucleotide biosynthesis I|g__Blautia.s__Blautia_obeum	43.9472537694
PWY-6121: 5-aminoimidazole ribonucleotide biosynthesis I|g__Ruminococcus.s__Ruminococcus_sp_CAG_177	38.2316121456
PWY-6121: 5-aminoimidazole ribonucleotide biosynthesis I|g__Ruminococcus.s__Ruminococcus_bromii	35.6028141294
PWY-6121: 5-aminoimidazole ribonucleotide biosynthesis I|g__Subdoligranulum.s__Subdoligranulum_sp_APC924_74	33.2939071931
PWY-6121: 5-aminoimidazole ribonucleotide biosynthesis I|g__Barnesiella.s__Barnesiella_intestinihominis	25.4551958143
PWY-6121: 5-aminoimidazole ribonucleotide biosynthesis I|g__Clostridium.s__Clostridium_sp_CAG_138	17.3458208923
PWY-6121: 5-aminoimidazole ribonucleotide biosynthesis I|g__Bacteroides.s__Bacteroides_uniformis	16.4393768653
PWY-6121: 5-aminoimidazole ribonucleotide biosynthesis I|g__Eubacterium.s__Eubacterium_sp_CAG_251	14.7377040219
PWY-6121: 5-aminoimidazole ribonucleotide biosynthesis I|g__Faecalibacterium.s__Faecalibacterium_prausnitzii	14.5278283923
PWY-6121: 5-aminoimidazole ribonucleotide biosynthesis I|g__Bacteroides.s__Bacteroides_dorei	11.0708906040
PWY-6121: 5-aminoimidazole ribonucleotide biosynthesis I|g__Bacteroides.s__Bacteroides_vulgatus	10.3450604239
PWY-6121: 5-aminoimidazole ribonucleotide biosynthesis I|g__Senegalimassilia.s__Senegalimassilia_anaerobia	9.7719148171
PWY-6121: 5-aminoimidazole ribonucleotide biosynthesis I|g__Bifidobacterium.s__Bifidobacterium_pseudocatenulatum	9.7182347689
PWY-6121: 5-aminoimidazole ribonucleotide biosynthesis I|g__Bifidobacterium.s__Bifidobacterium_catenulatum	7.2835840483
PWY-6121: 5-aminoimidazole ribonucleotide biosynthesis I|g__Bacteroides.s__Bacteroides_caccae	6.9553121196
PWY-6121: 5-aminoimidazole ribonucleotide biosynthesis I|g__Alistipes.s__Alistipes_finegoldii	5.9813542590
COA-PWY-1: superpathway of coenzyme A biosynthesis III (mammals)	1174.8484668235
COA-PWY-1: superpathway of coenzyme A biosynthesis III (mammals)|g__Bifidobacterium.s__Bifidobacterium_adolescentis	352.7257223739
COA-PWY-1: superpathway of coenzyme A biosynthesis III (mammals)|unclassified	156.0410880085
COA-PWY-1: superpathway of coenzyme A biosynthesis III (mammals)|g__Alistipes.s__Alistipes_putredinis	47.5607172580
COA-PWY-1: superpathway of coenzyme A biosynthesis III (mammals)|g__Subdoligranulum.s__Subdoligranulum_sp_APC924_74	38.2046831264
COA-PWY-1: superpathway of coenzyme A biosynthesis III (mammals)|g__Blautia.s__Blautia_obeum	33.2428155422
COA-PWY-1: superpathway of coenzyme A biosynthesis III (mammals)|g__Collinsella.s__Collinsella_aerofaciens	31.7965665225
COA-PWY-1: superpathway of coenzyme A biosynthesis III (mammals)|g__Barnesiella.s__Barnesiella_intestinihominis	20.6799812839
COA-PWY-1: superpathway of coenzyme A biosynthesis III (mammals)|g__Bacteroides.s__Bacteroides_uniformis	18.9512619519
COA-PWY-1: superpathway of coenzyme A biosynthesis III (mammals)|g__Faecalibacterium.s__Faecalibacterium_sp_CAG_74	13.7935811481
COA-PWY-1: superpathway of coenzyme A biosynthesis III (mammals)|g__Bacteroides.s__Bacteroides_dorei	12.1569029895
COA-PWY-1: superpathway of coenzyme A biosynthesis III (mammals)|g__Faecalibacterium.s__Faecalibacterium_prausnitzii	9.6365644555
COA-PWY-1: superpathway of coenzyme A biosynthesis III (mammals)|g__Bifidobacterium.s__Bifidobacterium_catenulatum	9.0753513457
COA-PWY-1: superpathway of coenzyme A biosynthesis III (mammals)|g__Bacteroides.s__Bacteroides_vulgatus	8.9514141098
COA-PWY: coenzyme A biosynthesis I (prokaryotic)	1153.7869714223
COA-PWY: coenzyme A biosynthesis I (prokaryotic)|g__Bifidobacterium.s__Bifidobacterium_adolescentis	369.5856944955
COA-PWY: coenzyme A biosynthesis I (prokaryotic)|unclassified	157.8596232426
COA-PWY: coenzyme A biosynthesis I (prokaryotic)|g__Akkermansia.s__Akkermansia_muciniphila	65.9269312351
COA-PWY: coenzyme A biosynthesis I (prokaryotic)|g__Alistipes.s__Alistipes_putredinis	57.3271480067
COA-PWY: coenzyme A biosynthesis I (prokaryotic)|g__Subdoligranulum.s__Subdoligranulum_sp_APC924_74	48.3702126677
COA-PWY: coenzyme A biosynthesis I (prokaryotic)|g__Blautia.s__Blautia_obeum	43.6839418539
COA-PWY: coenzyme A biosynthesis I (prokaryotic)|g__Barnesiella.s__Barnesiella_intestinihominis	28.8575171705
COA-PWY: coenzyme A biosynthesis I (prokaryotic)|g__Collinsella.s__Collinsella_aerofaciens	28.5229879326
COA-PWY: coenzyme A biosynthesis I (prokaryotic)|g__Bacteroides.s__Bacteroides_uniformis	20.3135349967
COA-PWY: coenzyme A biosynthesis I (prokaryotic)|g__Bacteroides.s__Bacteroides_vulgatus	17.8448509105
COA-PWY: coenzyme A biosynthesis I (prokaryotic)|g__Faecalibacterium.s__Faecalibacterium_prausnitzii	15.2661350780
COA-PWY: coenzyme A biosynthesis I (prokaryotic)|g__Faecalibacterium.s__Faecalibacterium_sp_CAG_74	13.6137410384
COA-PWY: coenzyme A biosynthesis I (prokaryotic)|g__Bacteroides.s__Bacteroides_dorei	11.4481118049
COA-PWY: coenzyme A biosynthesis I (prokaryotic)|g__Bifidobacterium.s__Bifidobacterium_catenulatum	9.6538408495
COA-PWY: coenzyme A biosynthesis I (prokaryotic)|g__Alistipes.s__Alistipes_finegoldii	8.0200501253
COA-PWY: coenzyme A biosynthesis I (prokaryotic)|g__Bacteroides.s__Bacteroides_caccae	7.4696545285
COA-PWY: coenzyme A biosynthesis I (prokaryotic)|g__Mitsuokella.s__Mitsuokella_multacida	5.8922558923
COA-PWY: coenzyme A biosynthesis I (prokaryotic)|g__Bifidobacterium.s__Bifidobacterium_pseudocatenulatum	3.2025620496
ANAGLYCOLYSIS-PWY: glycolysis III (from glucose)	1150.3413027231
ANAGLYCOLYSIS-PWY: glycolysis III (from glucose)|unclassified	120.1233674970
ANAGLYCOLYSIS-PWY: glycolysis III (from glucose)|g__Collinsella.s__Collinsella_aerofaciens	46.6538328581
ANAGLYCOLYSIS-PWY: glycolysis III (from glucose)|g__Blautia.s__Blautia_obeum	13.7275104471
ANAGLYCOLYSIS-PWY: glycolysis III (from glucose)|g__Streptococcus.s__Streptococcus_salivarius	4.9686599804
PWY-724: superpathway of L-lysine, L-threonine and L-methionine biosynthesis II	1145.9936459911
PWY-724: superpathway of L-lysine, L-threonine and L-methionine biosynthesis II|g__Bifidobacterium.s__Bifidobacterium_adolescentis	412.0995130161
PWY-724: superpathway of L-lysine, L-threonine and L-methionine biosynthesis II|g__Bifidobacterium.s__Bifidobacterium_longum	110.5480228554
PWY-724: superpathway of L-lysine, L-threonine and L-methionine biosynthesis II|unclassified	87.7943479268
PWY-724: superpathway of L-lysine, L-threonine and L-methionine biosynthesis II|g__Bacteroides.s__Bacteroides_uniformis	21.4559522086
PWY-724: superpathway of L-lysine, L-threonine and L-methionine biosynthesis II|g__Blautia.s__Blautia_obeum	18.2542029588
PWY-724: superpathway of L-lysine, L-threonine and L-methionine biosynthesis II|g__Bifidobacterium.s__Bifidobacterium_catenulatum	8.5893812765
PWY-724: superpathway of L-lysine, L-threonine and L-methionine biosynthesis II|g__Bifidobacterium.s__Bifidobacterium_pseudocatenulatum	4.0123288098
ARGSYNBSUB-PWY: L-arginine biosynthesis II (acetyl cycle)	1141.9739111159
ARGSYNBSUB-PWY: L-arginine biosynthesis II (acetyl cycle)|g__Bifidobacterium.s__Bifidobacterium_adolescentis	285.6861259214
ARGSYNBSUB-PWY: L-arginine biosynthesis II (acetyl cycle)|unclassified	112.0622499449
ARGSYNBSUB-PWY: L-arginine biosynthesis II (acetyl cycle)|g__Bifidobacterium.s__Bifidobacterium_longum	99.8263466757
ARGSYNBSUB-PWY: L-arginine biosynthesis II (acetyl cycle)|g__Akkermansia.s__Akkermansia_muciniphila	82.4025372909
ARGSYNBSUB-PWY: L-arginine biosynthesis II (acetyl cycle)|g__Ruminococcus.s__Ruminococcus_bromii	56.7786932649
ARGSYNBSUB-PWY: L-arginine biosynthesis II (acetyl cycle)|g__Collinsella.s__Collinsella_aerofaciens	54.6967275177
ARGSYNBSUB-PWY: L-arginine biosynthesis II (acetyl cycle)|g__Blautia.s__Blautia_obeum	40.4061592206
ARGSYNBSUB-PWY: L-arginine biosynthesis II (acetyl cycle)|g__Subdoligranulum.s__Subdoligranulum_sp_APC924_74	40.0635533506
ARGSYNBSUB-PWY: L-arginine biosynthesis II (acetyl cycle)|g__Faecalibacterium.s__Faecalibacterium_prausnitzii	20.9423907329
ARGSYNBSUB-PWY: L-arginine biosynthesis II (acetyl cycle)|g__Faecalibacterium.s__Faecalibacterium_sp_CAG_74	17.4253123965
ARGSYNBSUB-PWY: L-arginine biosynthesis II (acetyl cycle)|g__Bifidobacterium.s__Bifidobacterium_catenulatum	8.3915732997
ARGSYNBSUB-PWY: L-arginine biosynthesis II (acetyl cycle)|g__Blautia.s__Blautia_wexlerae	7.3257455374
ARGSYNBSUB-PWY: L-arginine biosynthesis II (acetyl cycle)|g__Bifidobacterium.s__Bifidobacterium_pseudocatenulatum	3.7855957151
ARGSYN-PWY: L-arginine biosynthesis I (via L-ornithine)	1134.8426997153
ARGSYN-PWY: L-arginine biosynthesis I (via L-ornithine)|g__Bifidobacterium.s__Bifidobacterium_adolescentis	264.3504684623
ARGSYN-PWY: L-arginine biosynthesis I (via L-ornithine)|unclassified	109.3761729473
ARGSYN-PWY: L-arginine biosynthesis I (via L-ornithine)|g__Bifidobacterium.s__Bifidobacterium_longum	107.8078065706
ARGSYN-PWY: L-arginine biosynthesis I (via L-ornithine)|g__Collinsella.s__Collinsella_aerofaciens	49.6044883512
ARGSYN-PWY: L-arginine biosynthesis I (via L-ornithine)|g__Subdoligranulum.s__Subdoligranulum_sp_APC924_74	38.9000766625
ARGSYN-PWY: L-arginine biosynthesis I (via L-ornithine)|g__Faecalibacterium.s__Faecalibacterium_prausnitzii	21.8270664189
ARGSYN-PWY: L-arginine biosynthesis I (via L-ornithine)|g__Blautia.s__Blautia_obeum	20.4126774540
ARGSYN-PWY: L-arginine biosynthesis I (via L-ornithine)|g__Blautia.s__Blautia_wexlerae	6.2900276293
PWY-7953: UDP-N-acetylmuramoyl-pentapeptide biosynthesis III (meso-diaminopimelate containing)	1128.7988386985
PWY-7953: UDP-N-acetylmuramoyl-pentapeptide biosynthesis III (meso-diaminopimelate containing)|unclassified	91.8202794381
PWY-7953: UDP-N-acetylmuramoyl-pentapeptide biosynthesis III (meso-diaminopimelate containing)|g__Akkermansia.s__Akkermansia_muciniphila	73.5847572246
PWY-7953: UDP-N-acetylmuramoyl-pentapeptide biosynthesis III (meso-diaminopimelate containing)|g__Oscillibacter.s__Oscillibacter_sp_CAG_241	58.8019117862
PWY-7953: UDP-N-acetylmuramoyl-pentapeptide biosynthesis III (meso-diaminopimelate containing)|g__Alistipes.s__Alistipes_putredinis	56.6422184747
PWY-7953: UDP-N-acetylmuramoyl-pentapeptide biosynthesis III (meso-diaminopimelate containing)|g__Blautia.s__Blautia_obeum	47.8078483573
PWY-7953: UDP-N-acetylmuramoyl-pentapeptide biosynthesis III (meso-diaminopimelate containing)|g__Firmicutes_unclassified.s__Firmicutes_bacterium_CAG_124	45.0803116671
PWY-7953: UDP-N-acetylmuramoyl-pentapeptide biosynthesis III (meso-diaminopimelate containing)|g__Bacteroides.s__Bacteroides_uniformis	23.3947094762
PWY-7953: UDP-N-acetylmuramoyl-pentapeptide biosynthesis III (meso-diaminopimelate containing)|g__Bacteroides.s__Bacteroides_vulgatus	18.6350275942
PWY-7953: UDP-N-acetylmuramoyl-pentapeptide biosynthesis III (meso-diaminopimelate containing)|g__Eubacterium.s__Eubacterium_sp_CAG_251	15.0006762932
PWY-7953: UDP-N-acetylmuramoyl-pentapeptide biosynthesis III (meso-diaminopimelate containing)|g__Bacteroides.s__Bacteroides_dorei	11.3067045429
PWY-7953: UDP-N-acetylmuramoyl-pentapeptide biosynthesis III (meso-diaminopimelate containing)|g__Bifidobacterium.s__Bifidobacterium_bifidum	8.7882398153
PWY-7953: UDP-N-acetylmuramoyl-pentapeptide biosynthesis III (meso-diaminopimelate containing)|g__Bacteroides.s__Bacteroides_caccae	8.2979463534
PWY-7953: UDP-N-acetylmuramoyl-pentapeptide biosynthesis III (meso-diaminopimelate containing)|g__Dorea.s__Dorea_longicatena	7.1803610495
HISTSYN-PWY: L-histidine biosynthesis	1116.7069196295
HISTSYN-PWY: L-histidine biosynthesis|g__Bifidobacterium.s__Bifidobacterium_adolescentis	305.6987846523
HISTSYN-PWY: L-histidine biosynthesis|unclassified	124.3885306893
HISTSYN-PWY: L-histidine biosynthesis|g__Bifidobacterium.s__Bifidobacterium_longum	111.0974386967
HISTSYN-PWY: L-histidine biosynthesis|g__Alistipes.s__Alistipes_shahii	92.2586689107
HISTSYN-PWY: L-histidine biosynthesis|g__Subdoligranulum.s__Subdoligranulum_sp_APC924_74	45.2361452210
HISTSYN-PWY: L-histidine biosynthesis|g__Blautia.s__Blautia_obeum	39.8488589344
HISTSYN-PWY: L-histidine biosynthesis|g__Ruminococcus.s__Ruminococcus_bromii	36.3170456696
HISTSYN-PWY: L-histidine biosynthesis|g__Barnesiella.s__Barnesiella_intestinihominis	30.5005108414
HISTSYN-PWY: L-histidine biosynthesis|g__Faecalibacterium.s__Faecalibacterium_sp_CAG_74	16.4950584931
HISTSYN-PWY: L-histidine biosynthesis|g__Bacteroides.s__Bacteroides_vulgatus	15.9231360522
HISTSYN-PWY: L-histidine biosynthesis|g__Faecalibacterium.s__Faecalibacterium_prausnitzii	14.2539112333
HISTSYN-PWY: L-histidine biosynthesis|g__Bacteroides.s__Bacteroides_dorei	12.8230883041
HISTSYN-PWY: L-histidine biosynthesis|g__Bacteroides.s__Bacteroides_caccae	6.7509037734
PWY-6123: inosine-5'-phosphate biosynthesis I	1101.8831809327
PWY-6123: inosine-5'-phosphate biosynthesis I|g__Bifidobacterium.s__Bifidobacterium_adolescentis	288.2780890382
PWY-6123: inosine-5'-phosphate biosynthesis I|unclassified	134.8387431925
PWY-6123: inosine-5'-phosphate biosynthesis I|g__Akkermansia.s__Akkermansia_muciniphila	74.5580696360
PWY-6123: inosine-5'-phosphate biosynthesis I|g__Alistipes.s__Alistipes_putredinis	61.0671142991
PWY-6123: inosine-5'-phosphate biosynthesis I|g__Collinsella.s__Collinsella_aerofaciens	43.4400391713
PWY-6123: inosine-5'-phosphate biosynthesis I|g__Barnesiella.s__Barnesiella_intestinihominis	27.7514781752
PWY-6123: inosine-5'-phosphate biosynthesis I|g__Bacteroides.s__Bacteroides_uniformis	20.3502245784
PWY-6123: inosine-5'-phosphate biosynthesis I|g__Bacteroides.s__Bacteroides_dorei	11.4004411410
PWY-6123: inosine-5'-phosphate biosynthesis I|g__Bacteroides.s__Bacteroides_vulgatus	11.0655444086
PWY-6123: inosine-5'-phosphate biosynthesis I|g__Faecalibacterium.s__Faecalibacterium_prausnitzii	10.7360296560
PWY-6123: inosine-5'-phosphate biosynthesis I|g__Bifidobacterium.s__Bifidobacterium_catenulatum	9.1125854269
PWY-6123: inosine-5'-phosphate biosynthesis I|g__Alistipes.s__Alistipes_finegoldii	8.7786469467
PWY-6123: inosine-5'-phosphate biosynthesis I|g__Bacteroides.s__Bacteroides_caccae	6.6410394422
PWY-6123: inosine-5'-phosphate biosynthesis I|g__Coprococcus.s__Coprococcus_catus	5.1695124888
PWY-6123: inosine-5'-phosphate biosynthesis I|g__Bacteroides.s__Bacteroides_thetaiotaomicron	4.9856429538
PWY-6123: inosine-5'-phosphate biosynthesis I|g__Bacteroides.s__Bacteroides_ovatus	4.2076191114
PWY-6123: inosine-5'-phosphate biosynthesis I|g__Bifidobacterium.s__Bifidobacterium_bifidum	3.6690367833
PWY-6123: inosine-5'-phosphate biosynthesis I|g__Bifidobacterium.s__Bifidobacterium_pseudocatenulatum	2.6101141925
PWY-6123: inosine-5'-phosphate biosynthesis I|g__Bacteroides.s__Bacteroides_clarus	2.0434227331
THRESYN-PWY: superpathway of L-threonine biosynthesis	1093.1256828568
THRESYN-PWY: superpathway of L-threonine biosynthesis|g__Bifidobacterium.s__Bifidobacterium_adolescentis	386.5873111953
THRESYN-PWY: superpathway of L-threonine biosynthesis|g__Bifidobacterium.s__Bifidobacterium_longum	125.3543807717
THRESYN-PWY: superpathway of L-threonine biosynthesis|unclassified	110.1018245700
THRESYN-PWY: superpathway of L-threonine biosynthesis|g__Collinsella.s__Collinsella_aerofaciens	55.3158754451
THRESYN-PWY: superpathway of L-threonine biosynthesis|g__Bifidobacterium.s__Bifidobacterium_bifidum	17.2582902693
THRESYN-PWY: superpathway of L-threonine biosynthesis|g__Bacteroides.s__Bacteroides_dorei	12.5520030288
THRESYN-PWY: superpathway of L-threonine biosynthesis|g__Bacteroides.s__Bacteroides_uniformis	12.2325844305
THRESYN-PWY: superpathway of L-threonine biosynthesis|g__Bacteroides.s__Bacteroides_vulgatus	10.6822687790
THRESYN-PWY: superpathway of L-threonine biosynthesis|g__Bifidobacterium.s__Bifidobacterium_catenulatum	8.4456581622
THRESYN-PWY: superpathway of L-threonine biosynthesis|g__Blautia.s__Blautia_obeum	7.1467514165
THRESYN-PWY: superpathway of L-threonine biosynthesis|g__Bifidobacterium.s__Bifidobacterium_pseudocatenulatum	3.8108978140
THRESYN-PWY: superpathway of L-threonine biosynthesis|g__Streptococcus.s__Streptococcus_salivarius	1.5469898157
PWY-7851: coenzyme A biosynthesis II (eukaryotic)	1091.3119565335
PWY-7851: coenzyme A biosynthesis II (eukaryotic)|g__Bifidobacterium.s__Bifidobacterium_adolescentis	348.9326694445
PWY-7851: coenzyme A biosynthesis II (eukaryotic)|unclassified	138.0139333246
PWY-7851: coenzyme A biosynthesis II (eukaryotic)|g__Alistipes.s__Alistipes_putredinis	45.6317897208
PWY-7851: coenzyme A biosynthesis II (eukaryotic)|g__Blautia.s__Blautia_obeum	35.5380240911
PWY-7851: coenzyme A biosynthesis II (eukaryotic)|g__Subdoligranulum.s__Subdoligranulum_sp_APC924_74	34.2814747995
PWY-7851: coenzyme A biosynthesis II (eukaryotic)|g__Collinsella.s__Collinsella_aerofaciens	27.1274325371
PWY-7851: coenzyme A biosynthesis II (eukaryotic)|g__Barnesiella.s__Barnesiella_intestinihominis	18.9298903003
PWY-7851: coenzyme A biosynthesis II (eukaryotic)|g__Bacteroides.s__Bacteroides_uniformis	17.4216499168
PWY-7851: coenzyme A biosynthesis II (eukaryotic)|g__Faecalibacterium.s__Faecalibacterium_sp_CAG_74	13.6137410384
PWY-7851: coenzyme A biosynthesis II (eukaryotic)|g__Bacteroides.s__Bacteroides_dorei	11.0181011662
PWY-7851: coenzyme A biosynthesis II (eukaryotic)|g__Bacteroides.s__Bacteroides_vulgatus	9.6660158791
PWY-7851: coenzyme A biosynthesis II (eukaryotic)|g__Bifidobacterium.s__Bifidobacterium_catenulatum	9.5798549336
PWY-7851: coenzyme A biosynthesis II (eukaryotic)|g__Faecalibacterium.s__Faecalibacterium_prausnitzii	8.2472708529
PWY-7851: coenzyme A biosynthesis II (eukaryotic)|g__Bacteroides.s__Bacteroides_caccae	7.4696545285
PWY-6124: inosine-5'-phosphate biosynthesis II	1065.1138211843
PWY-6124: inosine-5'-phosphate biosynthesis II|g__Bifidobacterium.s__Bifidobacterium_adolescentis	251.2759656053
PWY-6124: inosine-5'-phosphate biosynthesis II|unclassified	124.8803655559
PWY-6124: inosine-5'-phosphate biosynthesis II|g__Akkermansia.s__Akkermansia_muciniphila	70.9867045970
PWY-6124: inosine-5'-phosphate biosynthesis II|g__Alistipes.s__Alistipes_putredinis	59.1008002413
PWY-6124: inosine-5'-phosphate biosynthesis II|g__Collinsella.s__Collinsella_aerofaciens	39.0746705113
PWY-6124: inosine-5'-phosphate biosynthesis II|g__Blautia.s__Blautia_obeum	28.5256597815
PWY-6124: inosine-5'-phosphate biosynthesis II|g__Barnesiella.s__Barnesiella_intestinihominis	27.3351418582
PWY-6124: inosine-5'-phosphate biosynthesis II|g__Bacteroides.s__Bacteroides_uniformis	21.9540251201
PWY-6124: inosine-5'-phosphate biosynthesis II|g__Faecalibacterium.s__Faecalibacterium_prausnitzii	11.3156523811
PWY-6124: inosine-5'-phosphate biosynthesis II|g__Bacteroides.s__Bacteroides_dorei	11.0060540781
PWY-6124: inosine-5'-phosphate biosynthesis II|g__Bacteroides.s__Bacteroides_vulgatus	10.1875509891
PWY-6124: inosine-5'-phosphate biosynthesis II|g__Blautia.s__Blautia_wexlerae	9.7404285579
PWY-6124: inosine-5'-phosphate biosynthesis II|g__Alistipes.s__Alistipes_finegoldii	8.8089951948
PWY-6124: inosine-5'-phosphate biosynthesis II|g__Bifidobacterium.s__Bifidobacterium_catenulatum	8.7194594613
PWY-6124: inosine-5'-phosphate biosynthesis II|g__Coprococcus.s__Coprococcus_comes	7.4576827627
PWY-6124: inosine-5'-phosphate biosynthesis II|g__Bacteroides.s__Bacteroides_caccae	6.0134241812
PWY-6124: inosine-5'-phosphate biosynthesis II|g__Alistipes.s__Alistipes_onderdonkii	5.0401621341
PWY-6124: inosine-5'-phosphate biosynthesis II|g__Bacteroides.s__Bacteroides_thetaiotaomicron	4.3765376445
PWY-6124: inosine-5'-phosphate biosynthesis II|g__Bacteroides.s__Bacteroides_ovatus	3.6928042230
PWY-6124: inosine-5'-phosphate biosynthesis II|g__Bifidobacterium.s__Bifidobacterium_pseudocatenulatum	2.3767082591
PWY-6124: inosine-5'-phosphate biosynthesis II|g__Bacteroides.s__Bacteroides_clarus	1.9408054343
PWY-6124: inosine-5'-phosphate biosynthesis II|g__Blautia.s__Ruminococcus_torques	1.3763954170
PWY-6124: inosine-5'-phosphate biosynthesis II|g__Bacteroides.s__Bacteroides_finegoldii	1.0957703265
PWY-6124: inosine-5'-phosphate biosynthesis II|g__Bacteroides.s__Bacteroides_cellulosilyticus	1.0165700925
PWY-3001: superpathway of L-isoleucine biosynthesis I	1062.3144643197
PWY-3001: superpathway of L-isoleucine biosynthesis I|g__Bifidobacterium.s__Bifidobacterium_longum	126.0805735434
PWY-3001: superpathway of L-isoleucine biosynthesis I|unclassified	110.9880518103
PWY-I9: L-cysteine biosynthesis VI (from L-methionine)	1044.2365341694
PWY-I9: L-cysteine biosynthesis VI (from L-methionine)|g__Bifidobacterium.s__Bifidobacterium_longum	165.4497682602
SER-GLYSYN-PWY: superpathway of L-serine and glycine biosynthesis I	1030.9447494714
SER-GLYSYN-PWY: superpathway of L-serine and glycine biosynthesis I|g__Bifidobacterium.s__Bifidobacterium_adolescentis	391.9628754460
SER-GLYSYN-PWY: superpathway of L-serine and glycine biosynthesis I|g__Bifidobacterium.s__Bifidobacterium_longum	116.0841857235
SER-GLYSYN-PWY: superpathway of L-serine and glycine biosynthesis I|unclassified	102.1254688524
SER-GLYSYN-PWY: superpathway of L-serine and glycine biosynthesis I|g__Alistipes.s__Alistipes_shahii	72.8743116110
SER-GLYSYN-PWY: superpathway of L-serine and glycine biosynthesis I|g__Alistipes.s__Alistipes_putredinis	61.7606696394
SER-GLYSYN-PWY: superpathway of L-serine and glycine biosynthesis I|g__Collinsella.s__Collinsella_aerofaciens	50.4353985141
SER-GLYSYN-PWY: superpathway of L-serine and glycine biosynthesis I|g__Blautia.s__Blautia_obeum	26.5305939659
SER-GLYSYN-PWY: superpathway of L-serine and glycine biosynthesis I|g__Bacteroides.s__Bacteroides_uniformis	21.0392280725
SER-GLYSYN-PWY: superpathway of L-serine and glycine biosynthesis I|g__Bacteroides.s__Bacteroides_vulgatus	18.9754899921
SER-GLYSYN-PWY: superpathway of L-serine and glycine biosynthesis I|g__Bacteroides.s__Bacteroides_dorei	10.4506858263
SER-GLYSYN-PWY: superpathway of L-serine and glycine biosynthesis I|g__Bifidobacterium.s__Bifidobacterium_catenulatum	9.9667774086
SER-GLYSYN-PWY: superpathway of L-serine and glycine biosynthesis I|g__Senegalimassilia.s__Senegalimassilia_anaerobia	8.0990396853
SER-GLYSYN-PWY: superpathway of L-serine and glycine biosynthesis I|g__Alistipes.s__Alistipes_onderdonkii	7.1437360938
SER-GLYSYN-PWY: superpathway of L-serine and glycine biosynthesis I|g__Alistipes.s__Alistipes_finegoldii	7.0791964301
SER-GLYSYN-PWY: superpathway of L-serine and glycine biosynthesis I|g__Bifidobacterium.s__Bifidobacterium_pseudocatenulatum	5.2700922266
SER-GLYSYN-PWY: superpathway of L-serine and glycine biosynthesis I|g__Bacteroides.s__Bacteroides_caccae	4.6322984552
SER-GLYSYN-PWY: superpathway of L-serine and glycine biosynthesis I|g__Bacteroides.s__Bacteroides_thetaiotaomicron	2.1084072740
SER-GLYSYN-PWY: superpathway of L-serine and glycine biosynthesis I|g__Bacteroides.s__Bacteroides_finegoldii	1.3404825737
SER-GLYSYN-PWY: superpathway of L-serine and glycine biosynthesis I|g__Bacteroides.s__Bacteroides_clarus	1.1218622914
OANTIGEN-PWY: O-antigen building blocks biosynthesis (E. coli)	1029.9760160928
OANTIGEN-PWY: O-antigen building blocks biosynthesis (E. coli)|g__Bifidobacterium.s__Bifidobacterium_adolescentis	247.8947915341
OANTIGEN-PWY: O-antigen building blocks biosynthesis (E. coli)|g__Oscillibacter.s__Oscillibacter_sp_CAG_241	50.4461539701
OANTIGEN-PWY: O-antigen building blocks biosynthesis (E. coli)|unclassified	46.5777739395
OANTIGEN-PWY: O-antigen building blocks biosynthesis (E. coli)|g__Collinsella.s__Collinsella_aerofaciens	38.0990222833
OANTIGEN-PWY: O-antigen building blocks biosynthesis (E. coli)|g__Ruminococcus.s__Ruminococcus_sp_CAG_177	36.7462001993
OANTIGEN-PWY: O-antigen building blocks biosynthesis (E. coli)|g__Bifidobacterium.s__Bifidobacterium_catenulatum	10.0298942953
OANTIGEN-PWY: O-antigen building blocks biosynthesis (E. coli)|g__Bifidobacterium.s__Bifidobacterium_pseudocatenulatum	3.3711481841
GLYCOGENSYNTH-PWY: glycogen biosynthesis I (from ADP-D-Glucose)	1020.6852907064
GLYCOGENSYNTH-PWY: glycogen biosynthesis I (from ADP-D-Glucose)|g__Bifidobacterium.s__Bifidobacterium_adolescentis	364.9881682720
GLYCOGENSYNTH-PWY: glycogen biosynthesis I (from ADP-D-Glucose)|unclassified	134.6849156085
GLYCOGENSYNTH-PWY: glycogen biosynthesis I (from ADP-D-Glucose)|g__Bifidobacterium.s__Bifidobacterium_longum	117.4175577589
GLYCOGENSYNTH-PWY: glycogen biosynthesis I (from ADP-D-Glucose)|g__Blautia.s__Blautia_obeum	64.6021063320
GLYCOGENSYNTH-PWY: glycogen biosynthesis I (from ADP-D-Glucose)|g__Ruminococcus.s__Ruminococcus_bromii	58.4537377112
GLYCOGENSYNTH-PWY: glycogen biosynthesis I (from ADP-D-Glucose)|g__Oscillibacter.s__Oscillibacter_sp_CAG_241	48.5487533543
GLYCOGENSYNTH-PWY: glycogen biosynthesis I (from ADP-D-Glucose)|g__Collinsella.s__Collinsella_aerofaciens	46.1613143131
GLYCOGENSYNTH-PWY: glycogen biosynthesis I (from ADP-D-Glucose)|g__Ruminococcus.s__Ruminococcus_sp_CAG_177	44.0354899396
GLYCOGENSYNTH-PWY: glycogen biosynthesis I (from ADP-D-Glucose)|g__Subdoligranulum.s__Subdoligranulum_sp_APC924_74	39.1684838177
GLYCOGENSYNTH-PWY: glycogen biosynthesis I (from ADP-D-Glucose)|g__Firmicutes_unclassified.s__Firmicutes_bacterium_CAG_124	34.1953163330
GLYCOGENSYNTH-PWY: glycogen biosynthesis I (from ADP-D-Glucose)|g__Faecalibacterium.s__Faecalibacterium_prausnitzii	28.4969719547
GLYCOGENSYNTH-PWY: glycogen biosynthesis I (from ADP-D-Glucose)|g__Eubacterium.s__Eubacterium_hallii	18.2186079927
GLYCOGENSYNTH-PWY: glycogen biosynthesis I (from ADP-D-Glucose)|g__Eubacterium.s__Eubacterium_sp_CAG_251	15.8725440378
GLYCOGENSYNTH-PWY: glycogen biosynthesis I (from ADP-D-Glucose)|g__Clostridium.s__Clostridium_sp_CAG_138	14.4535686064
GLYCOGENSYNTH-PWY: glycogen biosynthesis I (from ADP-D-Glucose)|g__Dorea.s__Dorea_longicatena	13.4693096506
GLYCOGENSYNTH-PWY: glycogen biosynthesis I (from ADP-D-Glucose)|g__Coprococcus.s__Coprococcus_comes	12.8272652738
GLYCOGENSYNTH-PWY: glycogen biosynthesis I (from ADP-D-Glucose)|g__Faecalibacterium.s__Faecalibacterium_sp_CAG_74	12.3179149835
GLYCOGENSYNTH-PWY: glycogen biosynthesis I (from ADP-D-Glucose)|g__Mitsuokella.s__Mitsuokella_multacida	8.9722414783
GLYCOGENSYNTH-PWY: glycogen biosynthesis I (from ADP-D-Glucose)|g__Bifidobacterium.s__Bifidobacterium_bifidum	8.3413255960
GLYCOGENSYNTH-PWY: glycogen biosynthesis I (from ADP-D-Glucose)|g__Blautia.s__Blautia_wexlerae	7.7918385088
GLYCOGENSYNTH-PWY: glycogen biosynthesis I (from ADP-D-Glucose)|g__Bifidobacterium.s__Bifidobacterium_catenulatum	6.6761920417
GLYCOGENSYNTH-PWY: glycogen biosynthesis I (from ADP-D-Glucose)|g__Coprococcus.s__Coprococcus_catus	6.0459492140
GLYCOGENSYNTH-PWY: glycogen biosynthesis I (from ADP-D-Glucose)|g__Bacteroides.s__Bacteroides_thetaiotaomicron	4.7404598246
GLYCOGENSYNTH-PWY: glycogen biosynthesis I (from ADP-D-Glucose)|g__Bacteroides.s__Bacteroides_caccae	4.0689006001
GLYCOGENSYNTH-PWY: glycogen biosynthesis I (from ADP-D-Glucose)|g__Bifidobacterium.s__Bifidobacterium_pseudocatenulatum	3.0669470733
GLYCOGENSYNTH-PWY: glycogen biosynthesis I (from ADP-D-Glucose)|g__Streptococcus.s__Streptococcus_salivarius	2.5025416439
GLYCOGENSYNTH-PWY: glycogen biosynthesis I (from ADP-D-Glucose)|g__Bacteroides.s__Bacteroides_ovatus	2.2756364671
GLUTORN-PWY: L-ornithine biosynthesis I	1019.0280601807
GLUTORN-PWY: L-ornithine biosynthesis I|g__Bifidobacterium.s__Bifidobacterium_adolescentis	269.5767588987
GLUTORN-PWY: L-ornithine biosynthesis I|g__Bifidobacterium.s__Bifidobacterium_longum	92.1699915509
GLUTORN-PWY: L-ornithine biosynthesis I|unclassified	83.7348076914
GLUTORN-PWY: L-ornithine biosynthesis I|g__Blautia.s__Blautia_obeum	53.0141096665
GLUTORN-PWY: L-ornithine biosynthesis I|g__Ruminococcus.s__Ruminococcus_bromii	53.0103714210
GLUTORN-PWY: L-ornithine biosynthesis I|g__Collinsella.s__Collinsella_aerofaciens	41.9296302927
GLUTORN-PWY: L-ornithine biosynthesis I|g__Subdoligranulum.s__Subdoligranulum_sp_APC924_74	38.8153962312
GLUTORN-PWY: L-ornithine biosynthesis I|g__Faecalibacterium.s__Faecalibacterium_prausnitzii	18.5781797098
GLUTORN-PWY: L-ornithine biosynthesis I|g__Blautia.s__Blautia_wexlerae	4.8537409306
UDPNAGSYN-PWY: UDP-N-acetyl-D-glucosamine biosynthesis I	1000.4295501103
UDPNAGSYN-PWY: UDP-N-acetyl-D-glucosamine biosynthesis I|g__Bifidobacterium.s__Bifidobacterium_adolescentis	333.5209629721
UDPNAGSYN-PWY: UDP-N-acetyl-D-glucosamine biosynthesis I|g__Bifidobacterium.s__Bifidobacterium_longum	128.5854237489
UDPNAGSYN-PWY: UDP-N-acetyl-D-glucosamine biosynthesis I|g__Collinsella.s__Collinsella_aerofaciens	74.8991564784
UDPNAGSYN-PWY: UDP-N-acetyl-D-glucosamine biosynthesis I|g__Oscillibacter.s__Oscillibacter_sp_CAG_241	53.0867070240
UDPNAGSYN-PWY: UDP-N-acetyl-D-glucosamine biosynthesis I|g__Firmicutes_unclassified.s__Firmicutes_bacterium_CAG_124	50.0131434322
UDPNAGSYN-PWY: UDP-N-acetyl-D-glucosamine biosynthesis I|g__Ruminococcus.s__Ruminococcus_sp_CAG_177	44.4362240760
UDPNAGSYN-PWY: UDP-N-acetyl-D-glucosamine biosynthesis I|unclassified	28.2166983828
UDPNAGSYN-PWY: UDP-N-acetyl-D-glucosamine biosynthesis I|g__Firmicutes_unclassified.s__Firmicutes_bacterium_CAG_129	11.5496421388
UDPNAGSYN-PWY: UDP-N-acetyl-D-glucosamine biosynthesis I|g__Eubacterium.s__Eubacterium_sp_CAG_251	10.8997225525
UDPNAGSYN-PWY: UDP-N-acetyl-D-glucosamine biosynthesis I|g__Bifidobacterium.s__Bifidobacterium_catenulatum	9.4635518062
UDPNAGSYN-PWY: UDP-N-acetyl-D-glucosamine biosynthesis I|g__Bifidobacterium.s__Bifidobacterium_bifidum	8.8801226500
UDPNAGSYN-PWY: UDP-N-acetyl-D-glucosamine biosynthesis I|g__Erysipelatoclostridium.s__Clostridium_innocuum	4.9493283054
UDPNAGSYN-PWY: UDP-N-acetyl-D-glucosamine biosynthesis I|g__Bifidobacterium.s__Bifidobacterium_pseudocatenulatum	2.3906858878
PWY-6628: superpathway of L-phenylalanine biosynthesis	998.6001855036
PWY-6628: superpathway of L-phenylalanine biosynthesis|g__Bifidobacterium.s__Bifidobacterium_longum	118.8955800701
PWY-6628: superpathway of L-phenylalanine biosynthesis|unclassified	33.0734600522
GLYCOLYSIS: glycolysis I (from glucose 6-phosphate)	988.5619729025
GLYCOLYSIS: glycolysis I (from glucose 6-phosphate)|unclassified	94.0440867372
DAPLYSINESYN-PWY: L-lysine biosynthesis I	982.5664068830
DAPLYSINESYN-PWY: L-lysine biosynthesis I|g__Bifidobacterium.s__Bifidobacterium_adolescentis	394.4574738721
DAPLYSINESYN-PWY: L-lysine biosynthesis I|g__Bifidobacterium.s__Bifidobacterium_longum	151.3868202794
DAPLYSINESYN-PWY: L-lysine biosynthesis I|unclassified	41.2978290712
DAPLYSINESYN-PWY: L-lysine biosynthesis I|g__Bifidobacterium.s__Bifidobacterium_catenulatum	8.5597113666
DAPLYSINESYN-PWY: L-lysine biosynthesis I|g__Bifidobacterium.s__Bifidobacterium_pseudocatenulatum	4.7604652084
PWY-5695: inosine 5'-phosphate degradation	964.3200984209
PWY-5695: inosine 5'-phosphate degradation|g__Alistipes.s__Alistipes_shahii	97.8934001189
PWY-5695: inosine 5'-phosphate degradation|unclassified	85.8987295079
PWY-5695: inosine 5'-phosphate degradation|g__Alistipes.s__Alistipes_putredinis	69.3629616105
PWY-5695: inosine 5'-phosphate degradation|g__Barnesiella.s__Barnesiella_intestinihominis	27.7679062742
PWY-5695: inosine 5'-phosphate degradation|g__Bacteroides.s__Bacteroides_uniformis	16.8811119748
PWY-5695: inosine 5'-phosphate degradation|g__Bacteroides.s__Bacteroides_vulgatus	13.3150331894
PWY-5695: inosine 5'-phosphate degradation|g__Bacteroides.s__Bacteroides_dorei	11.5091714764
PWY-5695: inosine 5'-phosphate degradation|g__Streptococcus.s__Streptococcus_salivarius	9.0317160260
PWY-5695: inosine 5'-phosphate degradation|g__Bacteroides.s__Bacteroides_sp_CAG_530	8.7617554953
PWY-5695: inosine 5'-phosphate degradation|g__Bilophila.s__Bilophila_wadsworthia	8.2253752827
PWY-5695: inosine 5'-phosphate degradation|g__Blautia.s__Blautia_obeum	7.2160100963
PWY-5695: inosine 5'-phosphate degradation|g__Bacteroides.s__Bacteroides_caccae	6.7864507179
PWY-5484: glycolysis II (from fructose 6-phosphate)	944.7770489914
PWY-5484: glycolysis II (from fructose 6-phosphate)|unclassified	79.7971943099
PWY-2942: L-lysine biosynthesis III	942.8222655046
PWY-2942: L-lysine biosynthesis III|g__Akkermansia.s__Akkermansia_muciniphila	72.7760539314
PWY-2942: L-lysine biosynthesis III|unclassified	72.6829478673
PWY-2942: L-lysine biosynthesis III|g__Barnesiella.s__Barnesiella_intestinihominis	32.4577126477
PWY-2942: L-lysine biosynthesis III|g__Bacteroides.s__Bacteroides_uniformis	22.9133877675
PWY-6609: adenine and adenosine salvage III	915.4223124757
PWY-6609: adenine and adenosine salvage III|unclassified	108.4421608141
PWY-6609: adenine and adenosine salvage III|g__Alistipes.s__Alistipes_shahii	85.5534728547
PWY-6609: adenine and adenosine salvage III|g__Alistipes.s__Alistipes_putredinis	56.4300564301
PWY-6609: adenine and adenosine salvage III|g__Oscillibacter.s__Oscillibacter_sp_CAG_241	51.0638297872
PWY-6609: adenine and adenosine salvage III|g__Ruminococcus.s__Ruminococcus_sp_CAG_177	45.2333955397
PWY-6609: adenine and adenosine salvage III|g__Firmicutes_unclassified.s__Firmicutes_bacterium_CAG_124	43.7489901689
PWY-6609: adenine and adenosine salvage III|g__Blautia.s__Blautia_obeum	30.8346624136
PWY-6609: adenine and adenosine salvage III|g__Faecalibacterium.s__Faecalibacterium_sp_CAG_74	29.8781277319
PWY-6609: adenine and adenosine salvage III|g__Subdoligranulum.s__Subdoligranulum_sp_APC924_74	25.7193547555
PWY-6609: adenine and adenosine salvage III|g__Barnesiella.s__Barnesiella_intestinihominis	24.4929200153
PWY-6609: adenine and adenosine salvage III|g__Bacteroides.s__Bacteroides_vulgatus	19.9319630109
PWY-6609: adenine and adenosine salvage III|g__Bacteroides.s__Bacteroides_uniformis	17.9142674344
PWY-6609: adenine and adenosine salvage III|g__Eubacterium.s__Eubacterium_sp_CAG_251	14.7254561535
PWY-6609: adenine and adenosine salvage III|g__Clostridium.s__Clostridium_sp_CAG_138	10.6809078772
PWY-6609: adenine and adenosine salvage III|g__Bacteroides.s__Bacteroides_dorei	10.3819058213
PWY-6609: adenine and adenosine salvage III|g__Streptococcus.s__Streptococcus_salivarius	8.4787538204
PWY-6609: adenine and adenosine salvage III|g__Hungatella.s__Hungatella_hathewayi	8.0862533693
PWY-6609: adenine and adenosine salvage III|g__Bacteroides.s__Bacteroides_sp_CAG_530	7.9720976582
PWY-6609: adenine and adenosine salvage III|g__Bacteroides.s__Bacteroides_ovatus	6.4102564103
PWY-6609: adenine and adenosine salvage III|g__Alistipes.s__Alistipes_finegoldii	6.0994205550
PWY-6609: adenine and adenosine salvage III|g__Streptococcus.s__Streptococcus_pneumoniae	4.9782202862
PWY-6609: adenine and adenosine salvage III|g__Bacteroides.s__Bacteroides_caccae	3.3783783784
PWY-6609: adenine and adenosine salvage III|g__Bacteroides.s__Bacteroides_clarus	2.7894002789
PWY-6609: adenine and adenosine salvage III|g__Alistipes.s__Alistipes_onderdonkii	2.7720027720
1CMET2-PWY: folate transformations III (E. coli)	905.1795405949
1CMET2-PWY: folate transformations III (E. coli)|unclassified	118.7819227193
1CMET2-PWY: folate transformations III (E. coli)|g__Akkermansia.s__Akkermansia_muciniphila	68.7483157739
1CMET2-PWY: folate transformations III (E. coli)|g__Alistipes.s__Alistipes_putredinis	62.7381529608
1CMET2-PWY: folate transformations III (E. coli)|g__Barnesiella.s__Barnesiella_intestinihominis	24.8117682656
1CMET2-PWY: folate transformations III (E. coli)|g__Bacteroides.s__Bacteroides_vulgatus	16.9000392073
1CMET2-PWY: folate transformations III (E. coli)|g__Bacteroides.s__Bacteroides_dorei	16.0510526630
1CMET2-PWY: folate transformations III (E. coli)|g__Bacteroides.s__Bacteroides_thetaiotaomicron	5.8072669414
PWY-6629: superpathway of L-tryptophan biosynthesis	881.2865903070
PWY-6629: superpathway of L-tryptophan biosynthesis|unclassified	88.8736297862
PWY-6629: superpathway of L-tryptophan biosynthesis|g__Bifidobacterium.s__Bifidobacterium_longum	57.3530774802
PWY-6629: superpathway of L-tryptophan biosynthesis|g__Blautia.s__Blautia_obeum	50.4382027382
PWY-7234: inosine-5'-phosphate biosynthesis III	866.6710885756
PWY-7234: inosine-5'-phosphate biosynthesis III|g__Bifidobacterium.s__Bifidobacterium_adolescentis	288.2780890382
PWY-7234: inosine-5'-phosphate biosynthesis III|g__Alistipes.s__Alistipes_putredinis	59.8334583049
PWY-7234: inosine-5'-phosphate biosynthesis III|unclassified	29.3910102136
PWY-7234: inosine-5'-phosphate biosynthesis III|g__Bifidobacterium.s__Bifidobacterium_catenulatum	7.8954636257
PWY-7234: inosine-5'-phosphate biosynthesis III|g__Bifidobacterium.s__Bifidobacterium_pseudocatenulatum	2.6101141925
PWY-7977: L-methionine biosynthesis IV	829.9000834007
PWY-7977: L-methionine biosynthesis IV|unclassified	106.0637491221
PWY-7977: L-methionine biosynthesis IV|g__Alistipes.s__Alistipes_shahii	99.8760202901
PWY-7977: L-methionine biosynthesis IV|g__Akkermansia.s__Akkermansia_muciniphila	61.5809152653
PWY-7977: L-methionine biosynthesis IV|g__Collinsella.s__Collinsella_aerofaciens	55.8644732765
PWY-7977: L-methionine biosynthesis IV|g__Alistipes.s__Alistipes_putredinis	54.3811911052
PWY-7977: L-methionine biosynthesis IV|g__Barnesiella.s__Barnesiella_intestinihominis	41.0813488542
PWY-7977: L-methionine biosynthesis IV|g__Bacteroides.s__Bacteroides_uniformis	19.8234935716
PWY-7977: L-methionine biosynthesis IV|g__Bacteroides.s__Bacteroides_vulgatus	17.1350711172
PWY-7977: L-methionine biosynthesis IV|g__Bacteroides.s__Bacteroides_dorei	14.0692694484
PWY-7977: L-methionine biosynthesis IV|g__Bacteroides.s__Bacteroides_sp_CAG_530	8.5245334730
PWY-7977: L-methionine biosynthesis IV|g__Dorea.s__Dorea_longicatena	7.5195144449
PWY-7977: L-methionine biosynthesis IV|g__Faecalibacterium.s__Faecalibacterium_prausnitzii	7.0072992701
PWY-7977: L-methionine biosynthesis IV|g__Bacteroides.s__Bacteroides_caccae	3.7180819072
PWY-7977: L-methionine biosynthesis IV|g__Parabacteroides.s__Parabacteroides_merdae	3.6620862405
PWY-7977: L-methionine biosynthesis IV|g__Bacteroides.s__Bacteroides_thetaiotaomicron	2.8887600360
PWY-7977: L-methionine biosynthesis IV|g__Bacteroides.s__Bacteroides_ovatus	1.4435221942
CALVIN-PWY: Calvin-Benson-Bassham cycle	812.9118947245
CALVIN-PWY: Calvin-Benson-Bassham cycle|unclassified	96.7622818930
CALVIN-PWY: Calvin-Benson-Bassham cycle|g__Collinsella.s__Collinsella_aerofaciens	58.2575897720
CALVIN-PWY: Calvin-Benson-Bassham cycle|g__Blautia.s__Blautia_obeum	31.8174396207
CALVIN-PWY: Calvin-Benson-Bassham cycle|g__Eubacterium.s__Eubacterium_hallii	9.3459127170
CALVIN-PWY: Calvin-Benson-Bassham cycle|g__Blautia.s__Blautia_wexlerae	5.4305705837
PWY-5384: sucrose degradation IV (sucrose phosphorylase)	811.1498468135
PWY-5384: sucrose degradation IV (sucrose phosphorylase)|g__Bifidobacterium.s__Bifidobacterium_adolescentis	334.9914780848
PWY-5384: sucrose degradation IV (sucrose phosphorylase)|g__Bifidobacterium.s__Bifidobacterium_longum	133.0188101196
PWY-5384: sucrose degradation IV (sucrose phosphorylase)|g__Bifidobacterium.s__Bifidobacterium_bifidum	22.7961583935
PWY-5384: sucrose degradation IV (sucrose phosphorylase)|g__Bifidobacterium.s__Bifidobacterium_pseudocatenulatum	8.4822151078
PWY-5384: sucrose degradation IV (sucrose phosphorylase)|g__Bifidobacterium.s__Bifidobacterium_catenulatum	8.1787046976
PWY-5384: sucrose degradation IV (sucrose phosphorylase)|g__Faecalibacterium.s__Faecalibacterium_prausnitzii	6.5859564165
HSERMETANA-PWY: L-methionine biosynthesis III	795.4372841620
HSERMETANA-PWY: L-methionine biosynthesis III|g__Bifidobacterium.s__Bifidobacterium_adolescentis	238.1402288009
HSERMETANA-PWY: L-methionine biosynthesis III|unclassified	136.7831342294
HSERMETANA-PWY: L-methionine biosynthesis III|g__Bifidobacterium.s__Bifidobacterium_longum	96.0534441062
HSERMETANA-PWY: L-methionine biosynthesis III|g__Akkermansia.s__Akkermansia_muciniphila	64.9822824521
HSERMETANA-PWY: L-methionine biosynthesis III|g__Blautia.s__Blautia_obeum	25.9965767951
HSERMETANA-PWY: L-methionine biosynthesis III|g__Bifidobacterium.s__Bifidobacterium_bifidum	21.2818959560
HSERMETANA-PWY: L-methionine biosynthesis III|g__Dorea.s__Dorea_longicatena	10.0872818554
PWY-7117: C4 photosynthetic carbon assimilation cycle, PEPCK type	785.9048730538
PWY-7117: C4 photosynthetic carbon assimilation cycle, PEPCK type|unclassified	10.1873275294
PWY-7357: thiamine phosphate formation from pyrithiamine and oxythiamine (yeast)	784.3682561228
PWY-7357: thiamine phosphate formation from pyrithiamine and oxythiamine (yeast)|g__Bifidobacterium.s__Bifidobacterium_adolescentis	303.6739048737
PWY-7357: thiamine phosphate formation from pyrithiamine and oxythiamine (yeast)|unclassified	81.4020252964
PWY-7357: thiamine phosphate formation from pyrithiamine and oxythiamine (yeast)|g__Collinsella.s__Collinsella_aerofaciens	49.5867768595
PWY-7357: thiamine phosphate formation from pyrithiamine and oxythiamine (yeast)|g__Blautia.s__Blautia_obeum	21.2780978936
PWY-7357: thiamine phosphate formation from pyrithiamine and oxythiamine (yeast)|g__Bacteroides.s__Bacteroides_uniformis	13.9251523064
PWY-7357: thiamine phosphate formation from pyrithiamine and oxythiamine (yeast)|g__Faecalibacterium.s__Faecalibacterium_prausnitzii	12.3762376238
PWY-7357: thiamine phosphate formation from pyrithiamine and oxythiamine (yeast)|g__Bifidobacterium.s__Bifidobacterium_bifidum	11.6948542641
PWY-7357: thiamine phosphate formation from pyrithiamine and oxythiamine (yeast)|g__Blautia.s__Blautia_wexlerae	4.4101433297
P41-PWY: pyruvate fermentation to acetate and (S)-lactate I	781.3811245721
P41-PWY: pyruvate fermentation to acetate and (S)-lactate I|g__Bifidobacterium.s__Bifidobacterium_adolescentis	290.1287312281
P41-PWY: pyruvate fermentation to acetate and (S)-lactate I|g__Bifidobacterium.s__Bifidobacterium_longum	128.4569079796
P41-PWY: pyruvate fermentation to acetate and (S)-lactate I|unclassified	99.8710755107
P41-PWY: pyruvate fermentation to acetate and (S)-lactate I|g__Collinsella.s__Collinsella_aerofaciens	59.0864623786
P41-PWY: pyruvate fermentation to acetate and (S)-lactate I|g__Blautia.s__Blautia_obeum	31.6387550431
P41-PWY: pyruvate fermentation to acetate and (S)-lactate I|g__Bifidobacterium.s__Bifidobacterium_bifidum	3.3958952488
P41-PWY: pyruvate fermentation to acetate and (S)-lactate I|g__Bifidobacterium.s__Bifidobacterium_catenulatum	3.0461408016
P41-PWY: pyruvate fermentation to acetate and (S)-lactate I|g__Bifidobacterium.s__Bifidobacterium_pseudocatenulatum	1.2075107167
PWY-5100: pyruvate fermentation to acetate and lactate II	781.3811245721
PWY-5100: pyruvate fermentation to acetate and lactate II|g__Bifidobacterium.s__Bifidobacterium_adolescentis	290.1287312281
PWY-5100: pyruvate fermentation to acetate and lactate II|g__Bifidobacterium.s__Bifidobacterium_longum	128.4569079796
PWY-5100: pyruvate fermentation to acetate and lactate II|unclassified	99.8710755107
PWY-5100: pyruvate fermentation to acetate and lactate II|g__Collinsella.s__Collinsella_aerofaciens	59.0864623786
PWY-5100: pyruvate fermentation to acetate and lactate II|g__Blautia.s__Blautia_obeum	31.6387550431
PWY-5100: pyruvate fermentation to acetate and lactate II|g__Eubacterium.s__Eubacterium_hallii	11.2586424289
PWY-5100: pyruvate fermentation to acetate and lactate II|g__Bifidobacterium.s__Bifidobacterium_bifidum	3.3958952488
PWY-5100: pyruvate fermentation to acetate and lactate II|g__Bifidobacterium.s__Bifidobacterium_catenulatum	3.0461408016
PWY-5100: pyruvate fermentation to acetate and lactate II|g__Bifidobacterium.s__Bifidobacterium_pseudocatenulatum	1.2075107167
PWY-6700: queuosine biosynthesis I (de novo)	767.2230892318
PWY-6700: queuosine biosynthesis I (de novo)|unclassified	72.7124350721
PWY-6700: queuosine biosynthesis I (de novo)|g__Akkermansia.s__Akkermansia_muciniphila	71.6692173233
PWY-6700: queuosine biosynthesis I (de novo)|g__Ruminococcus.s__Ruminococcus_bromii	50.9226304550
PWY-6700: queuosine biosynthesis I (de novo)|g__Oscillibacter.s__Oscillibacter_sp_CAG_241	42.4114478502
PWY-6700: queuosine biosynthesis I (de novo)|g__Collinsella.s__Collinsella_aerofaciens	41.5602202731
PWY-6700: queuosine biosynthesis I (de novo)|g__Blautia.s__Blautia_obeum	37.5488822928
PWY-6700: queuosine biosynthesis I (de novo)|g__Ruminococcus.s__Ruminococcus_sp_CAG_177	35.0947752579
PWY-6700: queuosine biosynthesis I (de novo)|g__Firmicutes_unclassified.s__Firmicutes_bacterium_CAG_124	34.6749687739
PWY-6700: queuosine biosynthesis I (de novo)|g__Subdoligranulum.s__Subdoligranulum_sp_APC924_74	34.4682034870
PWY-6700: queuosine biosynthesis I (de novo)|g__Barnesiella.s__Barnesiella_intestinihominis	33.7879813952
PWY-6700: queuosine biosynthesis I (de novo)|g__Bacteroides.s__Bacteroides_vulgatus	25.0193462287
PWY-6700: queuosine biosynthesis I (de novo)|g__Bacteroides.s__Bacteroides_uniformis	22.3247981606
PWY-6700: queuosine biosynthesis I (de novo)|g__Bacteroides.s__Bacteroides_sp_CAG_530	13.6742964838
PWY-6700: queuosine biosynthesis I (de novo)|g__Bacteroides.s__Bacteroides_dorei	13.2898215613
PWY-6700: queuosine biosynthesis I (de novo)|g__Eubacterium.s__Eubacterium_sp_CAG_251	11.0545166197
PWY-6700: queuosine biosynthesis I (de novo)|g__Senegalimassilia.s__Senegalimassilia_anaerobia	10.3842159917
PWY-6700: queuosine biosynthesis I (de novo)|g__Faecalibacterium.s__Faecalibacterium_prausnitzii	8.8544734454
PWY-6700: queuosine biosynthesis I (de novo)|g__Eubacterium.s__Eubacterium_hallii	6.9221300176
PWY-6700: queuosine biosynthesis I (de novo)|g__Bacteroides.s__Bacteroides_caccae	5.6918227887
PWY-6700: queuosine biosynthesis I (de novo)|g__Bacteroides.s__Bacteroides_finegoldii	2.2111663903
PWY-6700: queuosine biosynthesis I (de novo)|g__Bacteroides.s__Bacteroides_thetaiotaomicron	1.6804413122
PWY-6700: queuosine biosynthesis I (de novo)|g__Bacteroides.s__Bacteroides_ovatus	1.4278074857
PANTOSYN-PWY: superpathway of coenzyme A biosynthesis I (bacteria)	760.1992399825
PANTOSYN-PWY: superpathway of coenzyme A biosynthesis I (bacteria)|unclassified	87.7032289826
PANTOSYN-PWY: superpathway of coenzyme A biosynthesis I (bacteria)|g__Akkermansia.s__Akkermansia_muciniphila	65.8719715583
PANTOSYN-PWY: superpathway of coenzyme A biosynthesis I (bacteria)|g__Alistipes.s__Alistipes_putredinis	49.1809937624
PANTOSYN-PWY: superpathway of coenzyme A biosynthesis I (bacteria)|g__Blautia.s__Blautia_obeum	39.9582228325
PANTOSYN-PWY: superpathway of coenzyme A biosynthesis I (bacteria)|g__Barnesiella.s__Barnesiella_intestinihominis	25.3773663639
PANTOSYN-PWY: superpathway of coenzyme A biosynthesis I (bacteria)|g__Bacteroides.s__Bacteroides_uniformis	19.3781661377
PANTOSYN-PWY: superpathway of coenzyme A biosynthesis I (bacteria)|g__Bacteroides.s__Bacteroides_vulgatus	12.9724341358
PANTOSYN-PWY: superpathway of coenzyme A biosynthesis I (bacteria)|g__Bacteroides.s__Bacteroides_dorei	12.1258463377
PWY-6901: superpathway of glucose and xylose degradation	744.5238146118
PWY-6901: superpathway of glucose and xylose degradation|unclassified	86.3419460952
PWY-5667: CDP-diacylglycerol biosynthesis I	744.0209754485
PWY-5667: CDP-diacylglycerol biosynthesis I|unclassified	166.2782160284
PWY-5667: CDP-diacylglycerol biosynthesis I|g__Blautia.s__Blautia_obeum	49.1112532244
PWY-5667: CDP-diacylglycerol biosynthesis I|g__Subdoligranulum.s__Subdoligranulum_sp_APC924_74	29.7769509211
PWY-5667: CDP-diacylglycerol biosynthesis I|g__Barnesiella.s__Barnesiella_intestinihominis	27.7887030418
PWY-5667: CDP-diacylglycerol biosynthesis I|g__Bacteroides.s__Bacteroides_uniformis	17.5135280778
PWY-5667: CDP-diacylglycerol biosynthesis I|g__Bacteroides.s__Bacteroides_vulgatus	13.3156104593
PWY-5667: CDP-diacylglycerol biosynthesis I|g__Bacteroides.s__Bacteroides_caccae	6.9360152592
PWY-5667: CDP-diacylglycerol biosynthesis I|g__Bacteroides.s__Bacteroides_dorei	5.6472561863
PWY0-1319: CDP-diacylglycerol biosynthesis II	744.0209754485
PWY0-1319: CDP-diacylglycerol biosynthesis II|unclassified	166.2782160284
PWY0-1319: CDP-diacylglycerol biosynthesis II|g__Blautia.s__Blautia_obeum	49.1112532244
PWY0-1319: CDP-diacylglycerol biosynthesis II|g__Subdoligranulum.s__Subdoligranulum_sp_APC924_74	29.7769509211
PWY0-1319: CDP-diacylglycerol biosynthesis II|g__Barnesiella.s__Barnesiella_intestinihominis	27.7887030418
PWY0-1319: CDP-diacylglycerol biosynthesis II|g__Bacteroides.s__Bacteroides_uniformis	17.5135280778
PWY0-1319: CDP-diacylglycerol biosynthesis II|g__Bacteroides.s__Bacteroides_vulgatus	13.3156104593
PWY0-1319: CDP-diacylglycerol biosynthesis II|g__Bacteroides.s__Bacteroides_caccae	6.9360152592
PWY0-1319: CDP-diacylglycerol biosynthesis II|g__Bacteroides.s__Bacteroides_dorei	5.6472561863
PWY-702: L-methionine biosynthesis II	737.5551336693
PWY-702: L-methionine biosynthesis II|g__Bifidobacterium.s__Bifidobacterium_longum	89.8432357722
PWY-7199: pyrimidine deoxyribonucleosides salvage	712.2758965895
PWY-7199: pyrimidine deoxyribonucleosides salvage|g__Oscillibacter.s__Oscillibacter_sp_CAG_241	63.6574188729
PWY-7199: pyrimidine deoxyribonucleosides salvage|unclassified	54.2950419946
PWY-7199: pyrimidine deoxyribonucleosides salvage|g__Ruminococcus.s__Ruminococcus_sp_CAG_177	42.7734202292
PWY-7199: pyrimidine deoxyribonucleosides salvage|g__Barnesiella.s__Barnesiella_intestinihominis	39.3467195453
PWY-7199: pyrimidine deoxyribonucleosides salvage|g__Bacteroides.s__Bacteroides_vulgatus	23.7959832326
PWY-7199: pyrimidine deoxyribonucleosides salvage|g__Firmicutes_unclassified.s__Firmicutes_bacterium_CAG_129	16.0742989820
PWY-7199: pyrimidine deoxyribonucleosides salvage|g__Bacteroides.s__Bacteroides_uniformis	16.0200770993
PWY-7199: pyrimidine deoxyribonucleosides salvage|g__Bacteroides.s__Bacteroides_dorei	5.9016393443
PWY-7199: pyrimidine deoxyribonucleosides salvage|g__Bacteroides.s__Bacteroides_caccae	4.2016806723
PYRIDNUCSYN-PWY: NAD de novo biosynthesis I (from aspartate)	698.2828948679
PYRIDNUCSYN-PWY: NAD de novo biosynthesis I (from aspartate)|g__Alistipes.s__Alistipes_shahii	110.2990365412
PYRIDNUCSYN-PWY: NAD de novo biosynthesis I (from aspartate)|g__Bifidobacterium.s__Bifidobacterium_longum	101.4962797165
PYRIDNUCSYN-PWY: NAD de novo biosynthesis I (from aspartate)|unclassified	74.7290942625
PYRIDNUCSYN-PWY: NAD de novo biosynthesis I (from aspartate)|g__Alistipes.s__Alistipes_putredinis	62.8451446004
PYRIDNUCSYN-PWY: NAD de novo biosynthesis I (from aspartate)|g__Bacteroides.s__Bacteroides_vulgatus	19.0049032650
PYRIDNUCSYN-PWY: NAD de novo biosynthesis I (from aspartate)|g__Bacteroides.s__Bacteroides_uniformis	13.8467180895
PWY-6897: thiamine diphosphate salvage II	696.7695942605
PWY-6897: thiamine diphosphate salvage II|g__Bifidobacterium.s__Bifidobacterium_adolescentis	279.7299989855
PWY-6897: thiamine diphosphate salvage II|unclassified	88.9225956163
PWY-6897: thiamine diphosphate salvage II|g__Bacteroides.s__Bacteroides_uniformis	12.0623219970
PWY0-1061: superpathway of L-alanine biosynthesis	641.5162030327
PWY0-1061: superpathway of L-alanine biosynthesis|g__Bifidobacterium.s__Bifidobacterium_adolescentis	339.8782655203
PWY0-1061: superpathway of L-alanine biosynthesis|g__Bifidobacterium.s__Bifidobacterium_longum	79.6232746577
PWY0-1061: superpathway of L-alanine biosynthesis|g__Bifidobacterium.s__Bifidobacterium_bifidum	12.8787308596
GLUCONEO-PWY: gluconeogenesis I	638.9279744783
GLUCONEO-PWY: gluconeogenesis I|unclassified	80.8226562975
PWY-6936: seleno-amino acid biosynthesis (plants)	635.5371716118
PWY-6936: seleno-amino acid biosynthesis (plants)|unclassified	101.4723143913
PWY-6936: seleno-amino acid biosynthesis (plants)|g__Mitsuokella.s__Mitsuokella_multacida	7.7795786062
TRPSYN-PWY: L-tryptophan biosynthesis	633.8361092942
TRPSYN-PWY: L-tryptophan biosynthesis|g__Ruminococcus.s__Ruminococcus_bromii	67.5737020806
TRPSYN-PWY: L-tryptophan biosynthesis|unclassified	62.3406674855
TRPSYN-PWY: L-tryptophan biosynthesis|g__Blautia.s__Blautia_obeum	47.8921801446
TRPSYN-PWY: L-tryptophan biosynthesis|g__Bifidobacterium.s__Bifidobacterium_longum	33.4509246025
TRPSYN-PWY: L-tryptophan biosynthesis|g__Bacteroides.s__Bacteroides_vulgatus	25.7926682934
PANTO-PWY: phosphopantothenate biosynthesis I	630.8846539499
PANTO-PWY: phosphopantothenate biosynthesis I|unclassified	103.4520634938
PANTO-PWY: phosphopantothenate biosynthesis I|g__Akkermansia.s__Akkermansia_muciniphila	68.9026643695
PANTO-PWY: phosphopantothenate biosynthesis I|g__Alistipes.s__Alistipes_putredinis	57.8730035710
PANTO-PWY: phosphopantothenate biosynthesis I|g__Blautia.s__Blautia_obeum	37.0416400984
PANTO-PWY: phosphopantothenate biosynthesis I|g__Barnesiella.s__Barnesiella_intestinihominis	32.3489677705
PANTO-PWY: phosphopantothenate biosynthesis I|g__Bacteroides.s__Bacteroides_uniformis	20.9045535095
PANTO-PWY: phosphopantothenate biosynthesis I|g__Bacteroides.s__Bacteroides_dorei	15.1403059030
PANTO-PWY: phosphopantothenate biosynthesis I|g__Bacteroides.s__Bacteroides_vulgatus	14.9649528304
PANTO-PWY: phosphopantothenate biosynthesis I|g__Bacteroides.s__Bacteroides_sp_CAG_530	7.0028011204
PANTO-PWY: phosphopantothenate biosynthesis I|g__Eubacterium.s__Eubacterium_hallii	6.3161219012
PWY-6317: D-galactose degradation I (Leloir pathway)	629.3656339369
PWY-6317: D-galactose degradation I (Leloir pathway)|unclassified	106.0374302378
PWY-6317: D-galactose degradation I (Leloir pathway)|g__Blautia.s__Blautia_obeum	39.5625608833
PWY-6317: D-galactose degradation I (Leloir pathway)|g__Collinsella.s__Collinsella_aerofaciens	34.8431548204
PWY-6317: D-galactose degradation I (Leloir pathway)|g__Faecalibacterium.s__Faecalibacterium_prausnitzii	8.0020964244
PWY-6317: D-galactose degradation I (Leloir pathway)|g__Mitsuokella.s__Mitsuokella_multacida	7.2324011572
PWY-6317: D-galactose degradation I (Leloir pathway)|g__Blautia.s__Blautia_wexlerae	7.1021676407
PENTOSE-P-PWY: pentose phosphate pathway	622.8117784830
PENTOSE-P-PWY: pentose phosphate pathway|unclassified	102.6965755180
ANAEROFRUCAT-PWY: homolactic fermentation	614.0456199301
ANAEROFRUCAT-PWY: homolactic fermentation|unclassified	77.8821540942
PWY-8178: pentose phosphate pathway (non-oxidative branch) II	613.7297110332
PWY-8178: pentose phosphate pathway (non-oxidative branch) II|unclassified	119.5403713000
PWY-8178: pentose phosphate pathway (non-oxidative branch) II|g__Collinsella.s__Collinsella_aerofaciens	75.5780835490
PWY-8178: pentose phosphate pathway (non-oxidative branch) II|g__Blautia.s__Blautia_obeum	33.5231526131
THISYN-PWY: superpathway of thiamine diphosphate biosynthesis I	612.3652721406
THISYN-PWY: superpathway of thiamine diphosphate biosynthesis I|unclassified	81.2934264379
THISYN-PWY: superpathway of thiamine diphosphate biosynthesis I|g__Bacteroides.s__Bacteroides_uniformis	13.9760096233
NONOXIPENT-PWY: pentose phosphate pathway (non-oxidative branch) I	602.8212628869
NONOXIPENT-PWY: pentose phosphate pathway (non-oxidative branch) I|unclassified	115.8320346929
NONOXIPENT-PWY: pentose phosphate pathway (non-oxidative branch) I|g__Collinsella.s__Collinsella_aerofaciens	86.8586171933
NONOXIPENT-PWY: pentose phosphate pathway (non-oxidative branch) I|g__Blautia.s__Blautia_obeum	40.6759819321
NONOXIPENT-PWY: pentose phosphate pathway (non-oxidative branch) I|g__Eubacterium.s__Eubacterium_hallii	8.9186176143
NONOXIPENT-PWY: pentose phosphate pathway (non-oxidative branch) I|g__Anaerostipes.s__Anaerostipes_hadrus	8.0819883639
NONOXIPENT-PWY: pentose phosphate pathway (non-oxidative branch) I|g__Erysipelatoclostridium.s__Clostridium_innocuum	7.2844374928
PWY-5973: cis-vaccenate biosynthesis	601.2833183021
PWY-5973: cis-vaccenate biosynthesis|unclassified	70.0259902006
PWY-5973: cis-vaccenate biosynthesis|g__Bacteroides.s__Bacteroides_uniformis	17.3135572157
PWY-5973: cis-vaccenate biosynthesis|g__Alistipes.s__Alistipes_finegoldii	8.6879860124
PWY-5973: cis-vaccenate biosynthesis|g__Alistipes.s__Alistipes_onderdonkii	5.7943323639
PWY-5973: cis-vaccenate biosynthesis|g__Bacteroides.s__Bacteroides_caccae	5.5398454246
PWY0-1586: peptidoglycan maturation (meso-diaminopimelate containing)	592.8376930988
PWY0-1586: peptidoglycan maturation (meso-diaminopimelate containing)|g__Collinsella.s__Collinsella_aerofaciens	50.7812500000
PWY0-1586: peptidoglycan maturation (meso-diaminopimelate containing)|unclassified	30.2449256074
PWY0-1586: peptidoglycan maturation (meso-diaminopimelate containing)|g__Bacteroides.s__Bacteroides_vulgatus	20.0731424700
PWY0-1586: peptidoglycan maturation (meso-diaminopimelate containing)|g__Bifidobacterium.s__Bifidobacterium_catenulatum	13.9559250228
PWY0-1586: peptidoglycan maturation (meso-diaminopimelate containing)|g__Bifidobacterium.s__Bifidobacterium_pseudocatenulatum	12.7788497984
PWY0-1586: peptidoglycan maturation (meso-diaminopimelate containing)|g__Bacteroides.s__Bacteroides_dorei	12.3962332173
PWY0-1586: peptidoglycan maturation (meso-diaminopimelate containing)|g__Bacteroides.s__Bacteroides_thetaiotaomicron	6.5279477764
PWY0-1586: peptidoglycan maturation (meso-diaminopimelate containing)|g__Streptococcus.s__Streptococcus_salivarius	5.1987309965
PWY-622: starch biosynthesis	566.9732803119
PWY0-1296: purine ribonucleosides degradation	561.1379295091
PWY0-1296: purine ribonucleosides degradation|unclassified	85.9469552410
PWY0-1296: purine ribonucleosides degradation|g__Blautia.s__Blautia_obeum	47.1161657189
PWY0-1296: purine ribonucleosides degradation|g__Firmicutes_unclassified.s__Firmicutes_bacterium_CAG_124	39.2345593264
PWY0-1296: purine ribonucleosides degradation|g__Ruminococcus.s__Ruminococcus_sp_CAG_177	36.3587395637
PWY0-1296: purine ribonucleosides degradation|g__Subdoligranulum.s__Subdoligranulum_sp_APC924_74	32.3784540933
PWY0-1296: purine ribonucleosides degradation|g__Faecalibacterium.s__Faecalibacterium_sp_CAG_74	22.9047503142
PWY0-1296: purine ribonucleosides degradation|g__Ruthenibacterium.s__Ruthenibacterium_lactatiformans	21.1911523650
PWY0-1296: purine ribonucleosides degradation|g__Eubacterium.s__Eubacterium_sp_CAG_251	15.4312670355
PWY0-1296: purine ribonucleosides degradation|g__Faecalibacterium.s__Faecalibacterium_prausnitzii	12.6934806332
PWY0-1296: purine ribonucleosides degradation|g__Clostridium.s__Clostridium_sp_CAG_138	9.8360655738
PWY0-1296: purine ribonucleosides degradation|g__Hungatella.s__Hungatella_hathewayi	8.2342177493
PWY0-1296: purine ribonucleosides degradation|g__Streptococcus.s__Streptococcus_salivarius	7.0585338495
PWY0-1296: purine ribonucleosides degradation|g__Streptococcus.s__Streptococcus_pneumoniae	6.5210947535
PWY0-1296: purine ribonucleosides degradation|g__Coprococcus.s__Coprococcus_comes	6.4051240993
PWY0-1296: purine ribonucleosides degradation|g__Intestinibacter.s__Intestinibacter_bartlettii	6.0827250608
PWY0-1296: purine ribonucleosides degradation|g__Fusicatenibacter.s__Fusicatenibacter_saccharivorans	4.1594454073
PWY0-1296: purine ribonucleosides degradation|g__Blautia.s__Ruminococcus_torques	1.7605633803
PWY-7663: gondoate biosynthesis (anaerobic)	546.7950695917
PWY-7663: gondoate biosynthesis (anaerobic)|g__Bifidobacterium.s__Bifidobacterium_longum	90.2978361603
PWY-7663: gondoate biosynthesis (anaerobic)|unclassified	66.2453358503
PWY-7663: gondoate biosynthesis (anaerobic)|g__Bacteroides.s__Bacteroides_uniformis	16.2688954373
PWY-7663: gondoate biosynthesis (anaerobic)|g__Alistipes.s__Alistipes_finegoldii	9.7666137022
PWY-7663: gondoate biosynthesis (anaerobic)|g__Bacteroides.s__Bacteroides_caccae	8.4906848792
PWY-7663: gondoate biosynthesis (anaerobic)|g__Alistipes.s__Alistipes_onderdonkii	5.5122067587
PWY66-429: fatty acid biosynthesis initiation (mitochondria)	532.0302913837
PWY66-429: fatty acid biosynthesis initiation (mitochondria)|unclassified	81.9365310713
PWY66-429: fatty acid biosynthesis initiation (mitochondria)|g__Blautia.s__Blautia_obeum	53.7406076090
PWY66-429: fatty acid biosynthesis initiation (mitochondria)|g__Bacteroides.s__Bacteroides_vulgatus	28.1330227701
PWY66-429: fatty acid biosynthesis initiation (mitochondria)|g__Bacteroides.s__Bacteroides_uniformis	21.8426077096
PWY66-429: fatty acid biosynthesis initiation (mitochondria)|g__Bacteroides.s__Bacteroides_dorei	13.8165753762
PWY66-429: fatty acid biosynthesis initiation (mitochondria)|g__Bacteroides.s__Bacteroides_sp_CAG_530	9.4090390216
PWY66-429: fatty acid biosynthesis initiation (mitochondria)|g__Streptococcus.s__Streptococcus_pneumoniae	8.9384226477
PWY66-429: fatty acid biosynthesis initiation (mitochondria)|g__Senegalimassilia.s__Senegalimassilia_anaerobia	6.8193995681
PWY66-429: fatty acid biosynthesis initiation (mitochondria)|g__Bacteroides.s__Bacteroides_thetaiotaomicron	4.7745834295
PWY66-429: fatty acid biosynthesis initiation (mitochondria)|g__Bacteroides.s__Bacteroides_caccae	3.4957162821
PWY66-429: fatty acid biosynthesis initiation (mitochondria)|g__Bacteroides.s__Bacteroides_finegoldii	1.9255599215
PWY66-429: fatty acid biosynthesis initiation (mitochondria)|g__Streptococcus.s__Streptococcus_salivarius	1.2873119318
PWY-7229: superpathway of adenosine nucleotides de novo biosynthesis I	515.9523842214
PWY-7229: superpathway of adenosine nucleotides de novo biosynthesis I|unclassified	27.5188817848
PWY-7229: superpathway of adenosine nucleotides de novo biosynthesis I|g__Bacteroides.s__Bacteroides_vulgatus	25.0432349655
PWY-7229: superpathway of adenosine nucleotides de novo biosynthesis I|g__Bacteroides.s__Bacteroides_dorei	15.9436636100
PWY-7229: superpathway of adenosine nucleotides de novo biosynthesis I|g__Desulfovibrio.s__Desulfovibrio_piger	7.1858343470
PWY-7229: superpathway of adenosine nucleotides de novo biosynthesis I|g__Bacteroides.s__Bacteroides_thetaiotaomicron	6.5579706270
PWY-7229: superpathway of adenosine nucleotides de novo biosynthesis I|g__Bacteroides.s__Bacteroides_caccae	5.5578445585
PWY-5989: stearate biosynthesis II (bacteria and plants)	509.8207328194
PWY-5989: stearate biosynthesis II (bacteria and plants)|unclassified	38.5303005705
FASYN-ELONG-PWY: fatty acid elongation -- saturated	498.6568705281
FASYN-ELONG-PWY: fatty acid elongation -- saturated|g__Bifidobacterium.s__Bifidobacterium_longum	90.2978361603
FASYN-ELONG-PWY: fatty acid elongation -- saturated|unclassified	44.2573419080
FASYN-ELONG-PWY: fatty acid elongation -- saturated|g__Alistipes.s__Alistipes_finegoldii	9.6177053424
FASYN-ELONG-PWY: fatty acid elongation -- saturated|g__Alistipes.s__Alistipes_onderdonkii	4.7958054837
PWY-6630: superpathway of L-tyrosine biosynthesis	486.5814292522
PWY-6630: superpathway of L-tyrosine biosynthesis|unclassified	72.4123342862
PWY-7664: oleate biosynthesis IV (anaerobic)	484.8325402226
PWY-7664: oleate biosynthesis IV (anaerobic)|g__Bifidobacterium.s__Bifidobacterium_longum	90.2978361603
PWY-7664: oleate biosynthesis IV (anaerobic)|unclassified	41.3430172634
PWY-7664: oleate biosynthesis IV (anaerobic)|g__Alistipes.s__Alistipes_finegoldii	9.1421211193
PWY-7664: oleate biosynthesis IV (anaerobic)|g__Alistipes.s__Alistipes_onderdonkii	4.5019166924
PWY-7115: C4 photosynthetic carbon assimilation cycle, NAD-ME type	484.2320703481
PWY-6282: palmitoleate biosynthesis I (from (5Z)-dodec-5-enoate)	473.2838095361
PWY-6282: palmitoleate biosynthesis I (from (5Z)-dodec-5-enoate)|g__Bifidobacterium.s__Bifidobacterium_longum	90.2978361603
PWY-6282: palmitoleate biosynthesis I (from (5Z)-dodec-5-enoate)|unclassified	39.2148575943
PWY-6282: palmitoleate biosynthesis I (from (5Z)-dodec-5-enoate)|g__Alistipes.s__Alistipes_finegoldii	9.2136932565
PWY-6282: palmitoleate biosynthesis I (from (5Z)-dodec-5-enoate)|g__Alistipes.s__Alistipes_onderdonkii	4.4419780614
PWY0-862: (5Z)-dodecenoate biosynthesis I	467.5499418084
PWY0-862: (5Z)-dodecenoate biosynthesis I|g__Bifidobacterium.s__Bifidobacterium_longum	90.2978361603
PWY0-862: (5Z)-dodecenoate biosynthesis I|unclassified	38.0061056030
PWY0-862: (5Z)-dodecenoate biosynthesis I|g__Alistipes.s__Alistipes_finegoldii	8.5766475975
PWY0-862: (5Z)-dodecenoate biosynthesis I|g__Alistipes.s__Alistipes_onderdonkii	4.1618626492
RIBOSYN2-PWY: flavin biosynthesis I (bacteria and plants)	465.6138456619
RIBOSYN2-PWY: flavin biosynthesis I (bacteria and plants)|unclassified	64.0366429987
RIBOSYN2-PWY: flavin biosynthesis I (bacteria and plants)|g__Bacteroides.s__Bacteroides_vulgatus	23.0503705764
RIBOSYN2-PWY: flavin biosynthesis I (bacteria and plants)|g__Blautia.s__Blautia_obeum	19.4157964437
RIBOSYN2-PWY: flavin biosynthesis I (bacteria and plants)|g__Bacteroides.s__Bacteroides_dorei	14.7013744193
RIBOSYN2-PWY: flavin biosynthesis I (bacteria and plants)|g__Faecalibacterium.s__Faecalibacterium_prausnitzii	13.4910461530
RIBOSYN2-PWY: flavin biosynthesis I (bacteria and plants)|g__Desulfovibrio.s__Desulfovibrio_piger	9.5726663528
THISYNARA-PWY: superpathway of thiamine diphosphate biosynthesis III (eukaryotes)	454.5017549951
THISYNARA-PWY: superpathway of thiamine diphosphate biosynthesis III (eukaryotes)|unclassified	53.2246114747
THISYNARA-PWY: superpathway of thiamine diphosphate biosynthesis III (eukaryotes)|g__Bacteroides.s__Bacteroides_uniformis	16.4013133547
THISYNARA-PWY: superpathway of thiamine diphosphate biosynthesis III (eukaryotes)|g__Bifidobacterium.s__Bifidobacterium_bifidum	12.1693342806
THISYNARA-PWY: superpathway of thiamine diphosphate biosynthesis III (eukaryotes)|g__Faecalibacterium.s__Faecalibacterium_prausnitzii	12.0699606759
PWY-841: superpathway of purine nucleotides de novo biosynthesis I	443.8697795212
PWY-841: superpathway of purine nucleotides de novo biosynthesis I|unclassified	29.9101161577
PWY-7356: thiamine diphosphate salvage IV (yeast)	438.6213909821
PWY-7356: thiamine diphosphate salvage IV (yeast)|g__Bifidobacterium.s__Bifidobacterium_adolescentis	261.1728338986
PWY-7356: thiamine diphosphate salvage IV (yeast)|unclassified	19.0079660195
PWY-7282: 4-amino-2-methyl-5-diphosphomethylpyrimidine biosynthesis II	433.4252717556
PWY-7282: 4-amino-2-methyl-5-diphosphomethylpyrimidine biosynthesis II|g__Bacteroides.s__Bacteroides_uniformis	9.6815234338
P124-PWY: Bifidobacterium shunt	432.7314434714
P124-PWY: Bifidobacterium shunt|g__Bifidobacterium.s__Bifidobacterium_longum	33.8217728576
P124-PWY: Bifidobacterium shunt|g__Collinsella.s__Collinsella_aerofaciens	25.3986948836
P124-PWY: Bifidobacterium shunt|g__Bifidobacterium.s__Bifidobacterium_pseudocatenulatum	9.3749047024
PWY-7383: anaerobic energy metabolism (invertebrates, cytosol)	432.3106669668
PWY-7383: anaerobic energy metabolism (invertebrates, cytosol)|unclassified	72.7306063877
PWY-6703: preQ0 biosynthesis	410.0929530207
PWY-6703: preQ0 biosynthesis|g__Akkermansia.s__Akkermansia_muciniphila	52.5635694187
PWY-6703: preQ0 biosynthesis|g__Blautia.s__Blautia_obeum	40.9694604937
PWY-6703: preQ0 biosynthesis|g__Barnesiella.s__Barnesiella_intestinihominis	24.9221183801
PWY-6703: preQ0 biosynthesis|unclassified	24.4593103648
PWY-6703: preQ0 biosynthesis|g__Bacteroides.s__Bacteroides_uniformis	24.0034290613
PWY-6703: preQ0 biosynthesis|g__Bacteroides.s__Bacteroides_vulgatus	19.9348284455
PWY-6703: preQ0 biosynthesis|g__Alistipes.s__Alistipes_putredinis	17.7741341983
PWY-6703: preQ0 biosynthesis|g__Bacteroides.s__Bacteroides_dorei	15.4156726005
PWY-6703: preQ0 biosynthesis|g__Bacteroides.s__Bacteroides_caccae	9.9669710511
PWY-6703: preQ0 biosynthesis|g__Senegalimassilia.s__Senegalimassilia_anaerobia	8.9542692677
PWY-6703: preQ0 biosynthesis|g__Bacteroides.s__Bacteroides_thetaiotaomicron	6.1396776669
PWY-6703: preQ0 biosynthesis|g__Victivallales_unclassified.s__Victivallales_bacterium_CCUG_44730	5.7720057720
PWY-6703: preQ0 biosynthesis|g__Bacteroides.s__Bacteroides_clarus	5.0632911392
PWY0-162: superpathway of pyrimidine ribonucleotides de novo biosynthesis	409.2330651383
PWY0-162: superpathway of pyrimidine ribonucleotides de novo biosynthesis|unclassified	22.4567497866
PWY-5154: L-arginine biosynthesis III (via N-acetyl-L-citrulline)	401.9561708798
ASPASN-PWY: superpathway of L-aspartate and L-asparagine biosynthesis	401.4201160056
ASPASN-PWY: superpathway of L-aspartate and L-asparagine biosynthesis|unclassified	63.2064199388
ASPASN-PWY: superpathway of L-aspartate and L-asparagine biosynthesis|g__Bacteroides.s__Bacteroides_vulgatus	14.6997920559
ASPASN-PWY: superpathway of L-aspartate and L-asparagine biosynthesis|g__Bacteroides.s__Bacteroides_dorei	12.0448172348
ASPASN-PWY: superpathway of L-aspartate and L-asparagine biosynthesis|g__Bacteroides.s__Bacteroides_uniformis	9.3023255814
ASPASN-PWY: superpathway of L-aspartate and L-asparagine biosynthesis|g__Blautia.s__Blautia_obeum	6.6207404069
ASPASN-PWY: superpathway of L-aspartate and L-asparagine biosynthesis|g__Blautia.s__Blautia_wexlerae	3.4209963652
PWY-4041: &gamma;-glutamyl cycle	398.5276304508
PWY-4041: &gamma;-glutamyl cycle|g__Bifidobacterium.s__Bifidobacterium_longum	93.2710183244
PWY-4041: &gamma;-glutamyl cycle|unclassified	42.8522353983
PWY-4041: &gamma;-glutamyl cycle|g__Streptococcus.s__Streptococcus_pneumoniae	4.0774719674
PWY-4041: &gamma;-glutamyl cycle|g__Streptococcus.s__Streptococcus_salivarius	2.1869874248
PWY-5659: GDP-mannose biosynthesis	394.4201204851
PWY-5659: GDP-mannose biosynthesis|g__Alistipes.s__Alistipes_shahii	82.8570977336
PWY-5659: GDP-mannose biosynthesis|unclassified	35.4567901860
PWY-5659: GDP-mannose biosynthesis|g__Bacteroides.s__Bacteroides_vulgatus	17.5118569865
PWY-5659: GDP-mannose biosynthesis|g__Faecalibacterium.s__Faecalibacterium_prausnitzii	14.1745334855
PWY-5659: GDP-mannose biosynthesis|g__Blautia.s__Blautia_obeum	6.3778200269
PWY-5659: GDP-mannose biosynthesis|g__Bacteroides.s__Bacteroides_dorei	4.0320645130
PWY-6527: stachyose degradation	394.2048637442
PWY-6527: stachyose degradation|unclassified	82.9007691609
PWY-6527: stachyose degradation|g__Blautia.s__Blautia_obeum	12.1811002392
PWY-6527: stachyose degradation|g__Blautia.s__Blautia_wexlerae	7.9484181157
PWY-241: C4 photosynthetic carbon assimilation cycle, NADP-ME type	385.7178922360
PWY-241: C4 photosynthetic carbon assimilation cycle, NADP-ME type|unclassified	10.0961642225
CITRULBIO-PWY: L-citrulline biosynthesis	375.1919344096
PWY3O-4107: NAD salvage pathway V (PNC V cycle)	371.1563132324
PWY66-399: gluconeogenesis III	369.4040941557
PWY66-399: gluconeogenesis III|unclassified	65.5134885070
PWY-6270: isoprene biosynthesis I	363.6110535796
PWY-6270: isoprene biosynthesis I|unclassified	39.2285940934
PWY-6270: isoprene biosynthesis I|g__Blautia.s__Blautia_obeum	27.1658478021
COLANSYN-PWY: colanic acid building blocks biosynthesis	360.2490520892
COLANSYN-PWY: colanic acid building blocks biosynthesis|unclassified	19.8668587095
PWY-7400: L-arginine biosynthesis IV (archaebacteria)	357.9416773572
PWY-6892: thiazole component of thiamine diphosphate biosynthesis I	357.2128596950
PWY-6892: thiazole component of thiamine diphosphate biosynthesis I|g__Blautia.s__Blautia_obeum	54.7202714686
PWY-6892: thiazole component of thiamine diphosphate biosynthesis I|unclassified	49.3357650639
PWY-6892: thiazole component of thiamine diphosphate biosynthesis I|g__Bacteroides.s__Bacteroides_uniformis	23.2469318602
PWY-6892: thiazole component of thiamine diphosphate biosynthesis I|g__Coprococcus.s__Coprococcus_comes	8.8015384255
PWY-6892: thiazole component of thiamine diphosphate biosynthesis I|g__Blautia.s__Blautia_wexlerae	8.2417176836
PWY-6892: thiazole component of thiamine diphosphate biosynthesis I|g__Bacteroides.s__Bacteroides_caccae	5.6121654761
PWY-6892: thiazole component of thiamine diphosphate biosynthesis I|g__Bacteroides.s__Bacteroides_thetaiotaomicron	2.1130213158
PWY-6892: thiazole component of thiamine diphosphate biosynthesis I|g__Bacteroides.s__Bacteroides_ovatus	1.3774104683
GLYCOCAT-PWY: glycogen degradation I	356.2023635662
PWY-6126: superpathway of adenosine nucleotides de novo biosynthesis II	351.2466341886
PWY-6126: superpathway of adenosine nucleotides de novo biosynthesis II|g__Bacteroides.s__Bacteroides_vulgatus	24.5971633923
PWY-6126: superpathway of adenosine nucleotides de novo biosynthesis II|unclassified	17.6703827944
PWY-6126: superpathway of adenosine nucleotides de novo biosynthesis II|g__Bacteroides.s__Bacteroides_dorei	14.5431865737
PWY-6126: superpathway of adenosine nucleotides de novo biosynthesis II|g__Desulfovibrio.s__Desulfovibrio_piger	7.1693683802
PWY-6126: superpathway of adenosine nucleotides de novo biosynthesis II|g__Bacteroides.s__Bacteroides_thetaiotaomicron	5.7688321122
PWY-6126: superpathway of adenosine nucleotides de novo biosynthesis II|g__Bacteroides.s__Bacteroides_caccae	5.6958951748
PWY-8187: L-arginine degradation XIII (reductive Stickland reaction)	350.6564196935
PWY-8187: L-arginine degradation XIII (reductive Stickland reaction)|unclassified	127.9237254246
PWY-8187: L-arginine degradation XIII (reductive Stickland reaction)|g__Senegalimassilia.s__Senegalimassilia_anaerobia	7.0025384202
HISDEG-PWY: L-histidine degradation I	338.9557439181
HISDEG-PWY: L-histidine degradation I|g__Alistipes.s__Alistipes_shahii	84.0644221187
HISDEG-PWY: L-histidine degradation I|g__Alistipes.s__Alistipes_putredinis	57.0945822969
HISDEG-PWY: L-histidine degradation I|g__Firmicutes_unclassified.s__Firmicutes_bacterium_CAG_124	39.9313932677
HISDEG-PWY: L-histidine degradation I|g__Oscillibacter.s__Oscillibacter_sp_CAG_241	34.8544063928
HISDEG-PWY: L-histidine degradation I|g__Bacteroides.s__Bacteroides_uniformis	24.1617213395
HISDEG-PWY: L-histidine degradation I|g__Bacteroides.s__Bacteroides_vulgatus	17.8153095767
HISDEG-PWY: L-histidine degradation I|g__Firmicutes_unclassified.s__Firmicutes_bacterium_CAG_129	15.6572256684
HISDEG-PWY: L-histidine degradation I|g__Clostridium.s__Clostridium_sp_CAG_138	13.7658408389
HISDEG-PWY: L-histidine degradation I|g__Bacteroides.s__Bacteroides_dorei	9.6826740197
HISDEG-PWY: L-histidine degradation I|g__Bacteroides.s__Bacteroides_clarus	2.0104543627
PWY-7328: superpathway of UDP-glucose-derived O-antigen building blocks biosynthesis	335.2688078467
PWY-7328: superpathway of UDP-glucose-derived O-antigen building blocks biosynthesis|unclassified	32.4181092440
PWY-7560: methylerythritol phosphate pathway II	330.2615088900
PWY-7560: methylerythritol phosphate pathway II|unclassified	36.7382129498
PWY-7560: methylerythritol phosphate pathway II|g__Blautia.s__Blautia_obeum	27.4827962634
PWY-8004: Entner-Doudoroff pathway I	317.0902171208
PWY-8004: Entner-Doudoroff pathway I|unclassified	54.6799866292
PWY-4984: urea cycle	316.8708774441
PWY-7228: superpathway of guanosine nucleotides de novo biosynthesis I	306.3643895147
PWY-7228: superpathway of guanosine nucleotides de novo biosynthesis I|g__Collinsella.s__Collinsella_aerofaciens	34.2782981075
PWY-7228: superpathway of guanosine nucleotides de novo biosynthesis I|g__Bacteroides.s__Bacteroides_vulgatus	19.2838248960
PWY-7228: superpathway of guanosine nucleotides de novo biosynthesis I|unclassified	15.5811327342
PWY-7228: superpathway of guanosine nucleotides de novo biosynthesis I|g__Bacteroides.s__Bacteroides_dorei	12.4332991410
PWY-7228: superpathway of guanosine nucleotides de novo biosynthesis I|g__Bacteroides.s__Bacteroides_caccae	9.6923817163
PWY-7228: superpathway of guanosine nucleotides de novo biosynthesis I|g__Bacteroides.s__Bacteroides_thetaiotaomicron	5.5508139219
FERMENTATION-PWY: mixed acid fermentation	304.1841424058
FERMENTATION-PWY: mixed acid fermentation|unclassified	83.7474241168
PWY-5913: partial TCA cycle (obligate autotrophs)	304.1841424058
PWY-5913: partial TCA cycle (obligate autotrophs)|unclassified	16.7949416190
PWY-7237: myo-, chiro- and scyllo-inositol degradation	303.2775895522
PWY-7237: myo-, chiro- and scyllo-inositol degradation|unclassified	161.1908364656
PWY-7237: myo-, chiro- and scyllo-inositol degradation|g__Blautia.s__Blautia_obeum	33.3333333333
PWY-7237: myo-, chiro- and scyllo-inositol degradation|g__Mitsuokella.s__Mitsuokella_multacida	8.1300813008
PWY-6519: 8-amino-7-oxononanoate biosynthesis I	299.8099748886
PWY-6519: 8-amino-7-oxononanoate biosynthesis I|unclassified	34.6090567150
COBALSYN-PWY: superpathway of adenosylcobalamin salvage from cobinamide I	281.7437597721
COBALSYN-PWY: superpathway of adenosylcobalamin salvage from cobinamide I|unclassified	47.2168953188
COBALSYN-PWY: superpathway of adenosylcobalamin salvage from cobinamide I|g__Blautia.s__Blautia_obeum	24.4107407967
COBALSYN-PWY: superpathway of adenosylcobalamin salvage from cobinamide I|g__Bacteroides.s__Bacteroides_uniformis	17.8292005881
COBALSYN-PWY: superpathway of adenosylcobalamin salvage from cobinamide I|g__Gordonibacter.s__Gordonibacter_pamelaeae	17.5401517982
COBALSYN-PWY: superpathway of adenosylcobalamin salvage from cobinamide I|g__Desulfovibrio.s__Desulfovibrio_piger	7.8810870012
PWY-6969: TCA cycle V (2-oxoglutarate synthase)	281.6098062867
BIOTIN-BIOSYNTHESIS-PWY: biotin biosynthesis I	276.3344960858
BIOTIN-BIOSYNTHESIS-PWY: biotin biosynthesis I|unclassified	31.6974276230
PWY-1269: CMP-3-deoxy-D-manno-octulosonate biosynthesis	265.5658214215
PWY-1269: CMP-3-deoxy-D-manno-octulosonate biosynthesis|g__Alistipes.s__Alistipes_shahii	81.7061170987
PWY-1269: CMP-3-deoxy-D-manno-octulosonate biosynthesis|unclassified	29.6689523307
PWY-1269: CMP-3-deoxy-D-manno-octulosonate biosynthesis|g__Bacteroides.s__Bacteroides_uniformis	20.1409869084
PWY-1269: CMP-3-deoxy-D-manno-octulosonate biosynthesis|g__Bacteroides.s__Bacteroides_caccae	3.8536404137
PWY-1269: CMP-3-deoxy-D-manno-octulosonate biosynthesis|g__Bacteroides.s__Bacteroides_thetaiotaomicron	2.0248038471
PYRIDNUCSAL-PWY: NAD salvage pathway I (PNC VI cycle)	265.1062425655
PWY0-845: superpathway of pyridoxal 5'-phosphate biosynthesis and salvage	261.1743500330
PWY0-845: superpathway of pyridoxal 5'-phosphate biosynthesis and salvage|g__Bacteroides.s__Bacteroides_uniformis	9.3424678372
PWY-6823: molybdopterin biosynthesis	258.7623616979
PWY-6823: molybdopterin biosynthesis|g__Blautia.s__Blautia_obeum	77.7145553224
PWY-6823: molybdopterin biosynthesis|unclassified	73.0790862855
PWY-6823: molybdopterin biosynthesis|g__Faecalibacterium.s__Faecalibacterium_prausnitzii	19.6805899221
PWY-6823: molybdopterin biosynthesis|g__Bilophila.s__Bilophila_wadsworthia	7.7917478307
PWY-6147: 6-hydroxymethyl-dihydropterin diphosphate biosynthesis I	253.1932156801
PWY-6147: 6-hydroxymethyl-dihydropterin diphosphate biosynthesis I|g__Alistipes.s__Alistipes_putredinis	63.5904850593
PWY-6147: 6-hydroxymethyl-dihydropterin diphosphate biosynthesis I|g__Bacteroides.s__Bacteroides_dorei	23.1660231660
PWY-6147: 6-hydroxymethyl-dihydropterin diphosphate biosynthesis I|g__Bacteroides.s__Bacteroides_uniformis	20.8101077666
PWY-6147: 6-hydroxymethyl-dihydropterin diphosphate biosynthesis I|g__Bacteroides.s__Bacteroides_vulgatus	20.3956985871
PWY-6125: superpathway of guanosine nucleotides de novo biosynthesis II	251.0349985234
PWY-6125: superpathway of guanosine nucleotides de novo biosynthesis II|g__Bacteroides.s__Bacteroides_vulgatus	15.6200631835
PWY-6125: superpathway of guanosine nucleotides de novo biosynthesis II|unclassified	12.4291518428
PWY-6125: superpathway of guanosine nucleotides de novo biosynthesis II|g__Bacteroides.s__Bacteroides_dorei	11.9133716732
PWY-6125: superpathway of guanosine nucleotides de novo biosynthesis II|g__Bacteroides.s__Bacteroides_caccae	8.6730286013
PWY-5030: L-histidine degradation III	249.7515061010
PWY-5030: L-histidine degradation III|g__Alistipes.s__Alistipes_shahii	82.8326224280
PWY-5030: L-histidine degradation III|g__Alistipes.s__Alistipes_putredinis	59.7902045902
PWY-5030: L-histidine degradation III|g__Bacteroides.s__Bacteroides_uniformis	25.7314845712
PWY-5030: L-histidine degradation III|g__Bacteroides.s__Bacteroides_vulgatus	19.6569976817
PWY-5030: L-histidine degradation III|g__Bacteroides.s__Bacteroides_dorei	11.1761183996
PWY-7761: NAD salvage pathway II (PNC IV cycle)	245.0163119334
PWY-7761: NAD salvage pathway II (PNC IV cycle)|unclassified	47.5236931022
PWY-7198: pyrimidine deoxyribonucleotides de novo biosynthesis IV	241.0680946588
PWY-7198: pyrimidine deoxyribonucleotides de novo biosynthesis IV|unclassified	11.5908905103
PWY-6549: L-glutamine biosynthesis III	237.4850235394
PWY-6549: L-glutamine biosynthesis III|unclassified	38.2556811034
PWY-5188: tetrapyrrole biosynthesis I (from glutamate)	234.4078990738
PWY-5188: tetrapyrrole biosynthesis I (from glutamate)|g__Akkermansia.s__Akkermansia_muciniphila	62.8553150401
PWY-5188: tetrapyrrole biosynthesis I (from glutamate)|g__Ruminococcus.s__Ruminococcus_bromii	52.6561833623
PWY-5188: tetrapyrrole biosynthesis I (from glutamate)|g__Blautia.s__Blautia_obeum	34.5025083441
PWY-5188: tetrapyrrole biosynthesis I (from glutamate)|unclassified	22.4798704481
FASYN-INITIAL-PWY: superpathway of fatty acid biosynthesis initiation (E. coli)	233.8701063929
FASYN-INITIAL-PWY: superpathway of fatty acid biosynthesis initiation (E. coli)|unclassified	33.7460579555
PWY-2941: L-lysine biosynthesis II	230.1500771196
PWY-2941: L-lysine biosynthesis II|unclassified	41.3646381323
PWY-7208: superpathway of pyrimidine nucleobases salvage	220.9317186572
PWY-7208: superpathway of pyrimidine nucleobases salvage|g__Collinsella.s__Collinsella_aerofaciens	25.5978305451
PWY-7208: superpathway of pyrimidine nucleobases salvage|g__Blautia.s__Blautia_obeum	24.0352909060
PWY-7208: superpathway of pyrimidine nucleobases salvage|unclassified	10.7922364538
PWY-7208: superpathway of pyrimidine nucleobases salvage|g__Desulfovibrio.s__Desulfovibrio_piger	6.0060060060
RHAMCAT-PWY: L-rhamnose degradation I	211.1482937247
RHAMCAT-PWY: L-rhamnose degradation I|unclassified	29.9161250051
RHAMCAT-PWY: L-rhamnose degradation I|g__Bacteroides.s__Bacteroides_vulgatus	20.7540628885
RHAMCAT-PWY: L-rhamnose degradation I|g__Bacteroides.s__Bacteroides_uniformis	17.0965173972
RHAMCAT-PWY: L-rhamnose degradation I|g__Bacteroides.s__Bacteroides_dorei	15.8113176094
RHAMCAT-PWY: L-rhamnose degradation I|g__Bacteroides.s__Bacteroides_caccae	6.8452050228
RHAMCAT-PWY: L-rhamnose degradation I|g__Bacteroides.s__Bacteroides_thetaiotaomicron	4.1651171439
RHAMCAT-PWY: L-rhamnose degradation I|g__Bacteroides.s__Bacteroides_ovatus	1.7061207080
PYRIDOXSYN-PWY: pyridoxal 5'-phosphate biosynthesis I	208.9883005660
PYRIDOXSYN-PWY: pyridoxal 5'-phosphate biosynthesis I|g__Bacteroides.s__Bacteroides_uniformis	19.1794457050
PYRIDOXSYN-PWY: pyridoxal 5'-phosphate biosynthesis I|g__Bacteroides.s__Bacteroides_caccae	7.7754850607
GLCMANNANAUT-PWY: superpathway of N-acetylglucosamine, N-acetylmannosamine and N-acetylneuraminate degradation	208.2173063896
GLCMANNANAUT-PWY: superpathway of N-acetylglucosamine, N-acetylmannosamine and N-acetylneuraminate degradation|g__Faecalibacterium.s__Faecalibacterium_prausnitzii	9.7059377209
PWY-6470: peptidoglycan biosynthesis V (&beta;-lactam resistance)	202.1658698589
PWY-621: sucrose degradation III (sucrose invertase)	195.8104869917
PWY-621: sucrose degradation III (sucrose invertase)|g__Bifidobacterium.s__Bifidobacterium_bifidum	15.9877438074
PWY-621: sucrose degradation III (sucrose invertase)|g__Streptococcus.s__Streptococcus_pneumoniae	4.2598509052
PWY-621: sucrose degradation III (sucrose invertase)|g__Streptococcus.s__Streptococcus_salivarius	1.7446298114
PWY-7345: superpathway of anaerobic sucrose degradation	195.6917789697
PHOSLIPSYN-PWY: superpathway of phospholipid biosynthesis I (bacteria)	195.1005009772
PWY-7456: &beta;-(1,4)-mannan degradation	193.2679466497
PWY0-1479: tRNA processing	193.0088466423
PWY-6305: superpathway of putrescine biosynthesis	182.7049964525
PWY-5505: L-glutamate and L-glutamine biosynthesis	172.0417606010
PWY-7220: adenosine deoxyribonucleotides de novo biosynthesis II	169.8043839779
PWY-7220: adenosine deoxyribonucleotides de novo biosynthesis II|g__Bacteroides.s__Bacteroides_vulgatus	27.6319377510
PWY-7220: adenosine deoxyribonucleotides de novo biosynthesis II|g__Bacteroides.s__Bacteroides_dorei	12.5703142285
PWY-7220: adenosine deoxyribonucleotides de novo biosynthesis II|unclassified	8.1797729173
PWY-7220: adenosine deoxyribonucleotides de novo biosynthesis II|g__Bacteroides.s__Bacteroides_caccae	7.4294205052
PWY-7220: adenosine deoxyribonucleotides de novo biosynthesis II|g__Desulfovibrio.s__Desulfovibrio_piger	7.2063415806
PWY-7220: adenosine deoxyribonucleotides de novo biosynthesis II|g__Bacteroides.s__Bacteroides_thetaiotaomicron	4.2735042735
PWY-7220: adenosine deoxyribonucleotides de novo biosynthesis II|g__Bacteroides.s__Bacteroides_cellulosilyticus	1.2033694344
PWY-7222: guanosine deoxyribonucleotides de novo biosynthesis II	169.8043839779
PWY-7222: guanosine deoxyribonucleotides de novo biosynthesis II|g__Bacteroides.s__Bacteroides_vulgatus	27.6319377510
PWY-7222: guanosine deoxyribonucleotides de novo biosynthesis II|g__Bacteroides.s__Bacteroides_dorei	12.5703142285
PWY-7222: guanosine deoxyribonucleotides de novo biosynthesis II|unclassified	8.1797729173
PWY-7222: guanosine deoxyribonucleotides de novo biosynthesis II|g__Bacteroides.s__Bacteroides_caccae	7.4294205052
PWY-7222: guanosine deoxyribonucleotides de novo biosynthesis II|g__Desulfovibrio.s__Desulfovibrio_piger	7.2063415806
PWY-7222: guanosine deoxyribonucleotides de novo biosynthesis II|g__Bacteroides.s__Bacteroides_thetaiotaomicron	4.2735042735
PWY-7222: guanosine deoxyribonucleotides de novo biosynthesis II|g__Bacteroides.s__Bacteroides_cellulosilyticus	1.2033694344
PWY-7323: superpathway of GDP-mannose-derived O-antigen building blocks biosynthesis	169.3540522057
PWY-5981: CDP-diacylglycerol biosynthesis III	168.5951857342
LACTOSECAT-PWY: lactose and galactose degradation I	167.3170957559
LACTOSECAT-PWY: lactose and galactose degradation I|g__Collinsella.s__Collinsella_aerofaciens	117.0491638073
LACTOSECAT-PWY: lactose and galactose degradation I|unclassified	50.5195659390
PWY-5121: superpathway of geranylgeranyl diphosphate biosynthesis II (via MEP)	165.2648522351
PWY-5121: superpathway of geranylgeranyl diphosphate biosynthesis II (via MEP)|unclassified	20.8548320819
PWY-5121: superpathway of geranylgeranyl diphosphate biosynthesis II (via MEP)|g__Bacteroides.s__Bacteroides_vulgatus	19.8496398909
ARGININE-SYN4-PWY: L-ornithine biosynthesis II	156.2521813405
ARGININE-SYN4-PWY: L-ornithine biosynthesis II|g__Bacteroides.s__Bacteroides_uniformis	22.6318404862
ARGININE-SYN4-PWY: L-ornithine biosynthesis II|g__Bacteroides.s__Bacteroides_vulgatus	18.6501561741
ARGININE-SYN4-PWY: L-ornithine biosynthesis II|g__Bacteroides.s__Bacteroides_dorei	11.8090098073
ARGININE-SYN4-PWY: L-ornithine biosynthesis II|g__Bacteroides.s__Bacteroides_caccae	8.3713282009
ARGININE-SYN4-PWY: L-ornithine biosynthesis II|g__Bacteroides.s__Bacteroides_thetaiotaomicron	2.5713551041
PWY-7197: pyrimidine deoxyribonucleotide phosphorylation	155.8695376863
PWY-7197: pyrimidine deoxyribonucleotide phosphorylation|g__Collinsella.s__Collinsella_aerofaciens	36.5907291758
PWY-7197: pyrimidine deoxyribonucleotide phosphorylation|g__Senegalimassilia.s__Senegalimassilia_anaerobia	12.5356125356
PWY-7197: pyrimidine deoxyribonucleotide phosphorylation|unclassified	7.4019057610
GALACTUROCAT-PWY: D-galacturonate degradation I	142.9541721183
GALACTUROCAT-PWY: D-galacturonate degradation I|g__Alistipes.s__Alistipes_shahii	89.1592954141
GALACTUROCAT-PWY: D-galacturonate degradation I|g__Faecalibacterium.s__Faecalibacterium_prausnitzii	14.1488969770
GLUCUROCAT-PWY: superpathway of &beta;-D-glucuronosides degradation	140.4083041819
PWY-1861: formaldehyde assimilation II (assimilatory RuMP Cycle)	136.3968329488
PWY-1861: formaldehyde assimilation II (assimilatory RuMP Cycle)|unclassified	71.6643488039
PWY-6731: starch degradation III	136.2766924083
PWY-6731: starch degradation III|g__Coprococcus.s__Coprococcus_comes	7.7059421764
P42-PWY: incomplete reductive TCA cycle	135.6890010921
PWY4FS-8: phosphatidylglycerol biosynthesis II (non-plastidic)	133.6076063814
PWY4FS-7: phosphatidylglycerol biosynthesis I (plastidic)	133.6076063814
PWY-6292: superpathway of L-cysteine biosynthesis (mammalian)	129.9472524044
PWY-6292: superpathway of L-cysteine biosynthesis (mammalian)|unclassified	11.6324711019
PWY66-409: superpathway of purine nucleotide salvage	129.3307699852
PWY-6507: 4-deoxy-L-threo-hex-4-enopyranuronate degradation	129.0638459105
PWY-6507: 4-deoxy-L-threo-hex-4-enopyranuronate degradation|g__Faecalibacterium.s__Faecalibacterium_prausnitzii	14.9331390344
PWY-6507: 4-deoxy-L-threo-hex-4-enopyranuronate degradation|unclassified	8.7356111712
GLYCOLYSIS-E-D: superpathway of glycolysis and the Entner-Doudoroff pathway	126.6665855757
PWY-7242: D-fructuronate degradation	124.1783190409
PWY-7242: D-fructuronate degradation|g__Faecalibacterium.s__Faecalibacterium_prausnitzii	11.9902560791
PWY-5130: 2-oxobutanoate degradation I	121.4129966143
PWY-5130: 2-oxobutanoate degradation I|g__Alistipes.s__Alistipes_putredinis	53.1624530675
PWY-7392: taxadiene biosynthesis (engineered)	114.1041918243
METH-ACETATE-PWY: methanogenesis from acetate	111.0725847298
METH-ACETATE-PWY: methanogenesis from acetate|g__Blautia.s__Blautia_obeum	26.0590536477
METH-ACETATE-PWY: methanogenesis from acetate|g__Blautia.s__Blautia_wexlerae	4.5391680556
PWY-7200: superpathway of pyrimidine deoxyribonucleoside salvage	107.7471072262
PWY-7200: superpathway of pyrimidine deoxyribonucleoside salvage|unclassified	11.5168199455
PWY-6608: guanosine nucleotides degradation III	102.5809455814
PWY-6608: guanosine nucleotides degradation III|unclassified	45.3536749540
PWY-6608: guanosine nucleotides degradation III|g__Coprococcus.s__Coprococcus_catus	6.2909567497
FUC-RHAMCAT-PWY: superpathway of fucose and rhamnose degradation	99.3714228849
PWY-6902: chitin degradation II (Vibrio)	98.9641664720
PWY-6902: chitin degradation II (Vibrio)|g__Bacteroides.s__Bacteroides_uniformis	27.3436790691
PWY-6902: chitin degradation II (Vibrio)|unclassified	20.1265065411
PWY-6902: chitin degradation II (Vibrio)|g__Bacteroides.s__Bacteroides_vulgatus	15.8384385579
PWY-6902: chitin degradation II (Vibrio)|g__Bifidobacterium.s__Bifidobacterium_bifidum	13.4496171416
PWY-6902: chitin degradation II (Vibrio)|g__Bifidobacterium.s__Bifidobacterium_pseudocatenulatum	4.7933231828
PWY0-1241: ADP-L-glycero-&beta;-D-manno-heptose biosynthesis	98.9035451260
PWY0-1241: ADP-L-glycero-&beta;-D-manno-heptose biosynthesis|g__Akkermansia.s__Akkermansia_muciniphila	74.2658865811
FUCCAT-PWY: fucose degradation	91.0303008812
FUCCAT-PWY: fucose degradation|unclassified	16.6259439695
ARG+POLYAMINE-SYN: superpathway of arginine and polyamine biosynthesis	88.9661136780
PWY-6606: guanosine nucleotides degradation II	84.4851808858
PWY-7209: superpathway of pyrimidine ribonucleosides degradation	83.3706958578
PWY-5345: superpathway of L-methionine biosynthesis (by sulfhydrylation)	82.2879554040
PWY-5345: superpathway of L-methionine biosynthesis (by sulfhydrylation)|unclassified	37.8903784005
POLYISOPRENSYN-PWY: polyisoprenoid biosynthesis (E. coli)	78.0321160705
POLYISOPRENSYN-PWY: polyisoprenoid biosynthesis (E. coli)|unclassified	11.2969633322
PWY-7992: superpathway of menaquinol-8 biosynthesis III	77.1804421723
PPGPPMET-PWY: ppGpp metabolism	68.7235926736
PPGPPMET-PWY: ppGpp metabolism|unclassified	33.7562440038
SULFATE-CYS-PWY: superpathway of sulfate assimilation and cysteine biosynthesis	68.4508525439
SULFATE-CYS-PWY: superpathway of sulfate assimilation and cysteine biosynthesis|unclassified	30.4163837604
P441-PWY: superpathway of N-acetylneuraminate degradation	67.4091958104
PWY0-1261: anhydromuropeptides recycling I	66.8385965506
PWY-7196: superpathway of pyrimidine ribonucleosides salvage	62.0032995732
P461-PWY: hexitol fermentation to lactate, formate, ethanol and acetate	58.2856934257
P461-PWY: hexitol fermentation to lactate, formate, ethanol and acetate|unclassified	21.2513934879
PWY0-1297: superpathway of purine deoxyribonucleosides degradation	54.4046926660
PWY0-781: aspartate superpathway	51.5562622195
PWY-821: superpathway of sulfur amino acid biosynthesis (Saccharomyces cerevisiae)	51.1781444790
PWY-821: superpathway of sulfur amino acid biosynthesis (Saccharomyces cerevisiae)|unclassified	25.4377197290
POLYAMSYN-PWY: superpathway of polyamine biosynthesis I	50.4617816102
PWY-6859: all-trans-farnesol biosynthesis	49.9489110949
P4-PWY: superpathway of L-lysine, L-threonine and L-methionine biosynthesis I	48.7712492901
P164-PWY: purine nucleobases degradation I (anaerobic)	45.4377288927
NAGLIPASYN-PWY: lipid IVA biosynthesis (E. coli)	45.0851823604
NAGLIPASYN-PWY: lipid IVA biosynthesis (E. coli)|g__Bacteroides.s__Bacteroides_uniformis	23.0521957984
PWY-8073: lipid IVA biosynthesis (P. putida)	45.0851823604
PWY-8073: lipid IVA biosynthesis (P. putida)|g__Bacteroides.s__Bacteroides_uniformis	23.0521957984
GALACT-GLUCUROCAT-PWY: superpathway of hexuronide and hexuronate degradation	37.0690519169
PWY-5004: superpathway of L-citrulline metabolism	35.8875593444
PWY-7371: 1,4-dihydroxy-6-naphthoate biosynthesis II	35.1029987265
PWY-6803: phosphatidylcholine acyl editing	34.2080650265
PWY-6803: phosphatidylcholine acyl editing|unclassified	26.9220087987
PWY-6590: superpathway of Clostridium acetobutylicum acidogenic fermentation	33.0661840728
FOLSYN-PWY: superpathway of tetrahydrofolate biosynthesis and salvage	32.5130304363
PWY1ZNC-1: assimilatory sulfate reduction IV	31.8357476158
PWY1ZNC-1: assimilatory sulfate reduction IV|unclassified	14.5954103279
SO4ASSIM-PWY: assimilatory sulfate reduction I	31.8357476158
SO4ASSIM-PWY: assimilatory sulfate reduction I|unclassified	17.2087432975
PWY-8131: 5'-deoxyadenosine degradation II	30.6042876711
PWY-5497: purine nucleobases degradation II (anaerobic)	26.4952886340
CENTFERM-PWY: pyruvate fermentation to butanoate	25.0489857884
PWY-6353: purine nucleotides degradation II (aerobic)	24.6274619047
MET-SAM-PWY: superpathway of S-adenosyl-L-methionine biosynthesis	23.7710552404
PWY-5347: superpathway of L-methionine biosynthesis (transsulfuration)	23.6474198496
PWY-5189: tetrapyrrole biosynthesis II (from glycine)	22.0276320444
PWY-5189: tetrapyrrole biosynthesis II (from glycine)|unclassified	14.0725118121
PWY-6876: isopropanol biosynthesis (engineered)	21.9723909670
PWY-6876: isopropanol biosynthesis (engineered)|unclassified	17.2504486556
PWY-6612: superpathway of tetrahydrofolate biosynthesis	21.8979608554
PWY4LZ-257: superpathway of fermentation (Chlamydomonas reinhardtii)	21.7181591643
METSYN-PWY: superpathway of L-homoserine and L-methionine biosynthesis	20.8347833221
PWY-6922: L-N&delta;-acetylornithine biosynthesis	19.9358049072
PWY0-1298: superpathway of pyrimidine deoxyribonucleosides degradation	19.0911117431
PWY0-1298: superpathway of pyrimidine deoxyribonucleosides degradation|unclassified	12.7931918082
P161-PWY: acetylene degradation (anaerobic)	17.7846518610
PWY0-1477: ethanolamine utilization	17.7846518610
GOLPDLCAT-PWY: superpathway of glycerol degradation to 1,3-propanediol	15.0022850645
HEMESYN2-PWY: heme b biosynthesis II (oxygen-independent)	14.8780344611
HEMESYN2-PWY: heme b biosynthesis II (oxygen-independent)|unclassified	4.7221419159
PWY-6595: superpathway of guanosine nucleotides degradation (plants)	14.7215307166
PWY-6588: pyruvate fermentation to acetone	14.2061906459
HOMOSER-METSYN-PWY: L-methionine biosynthesis I	11.9745131020
SALVADEHYPOX-PWY: adenosine nucleotides degradation II	11.8171895254
PWY-7315: dTDP-N-acetylthomosamine biosynthesis	11.0210758234
PWY-7315: dTDP-N-acetylthomosamine biosynthesis|unclassified	10.6260678839
PWY-6607: guanosine nucleotides degradation I	10.5369599046
GLYOXYLATE-BYPASS: glyoxylate cycle	10.0477922526
GLYOXYLATE-BYPASS: glyoxylate cycle|unclassified	9.4683930623
PWY-7013: (S)-propane-1,2-diol degradation	9.8148605977
PWY-7013: (S)-propane-1,2-diol degradation|unclassified	9.4983564313
P185-PWY: formaldehyde assimilation III (dihydroxyacetone cycle)	9.2518011553
P185-PWY: formaldehyde assimilation III (dihydroxyacetone cycle)|unclassified	8.9250824589
PWY0-301: L-ascorbate degradation I (bacterial, anaerobic)	8.5505848742
PWY-5136: fatty acid &beta;-oxidation II (plant peroxisome)	7.5126810825
PWY-5136: fatty acid &beta;-oxidation II (plant peroxisome)|unclassified	4.2110351105
GLYCOL-GLYOXDEG-PWY: superpathway of glycol metabolism and degradation	6.6178887596
PWY-5675: nitrate reduction V (assimilatory)	6.5981833866
PWY-5675: nitrate reduction V (assimilatory)|unclassified	6.5269606020
PWY-7118: chitin deacetylation	6.3391494534
PWY-822: fructan biosynthesis	5.7873090482
PWY-822: fructan biosynthesis|g__Streptococcus.s__Streptococcus_pneumoniae	3.9855072464
PWY-822: fructan biosynthesis|g__Streptococcus.s__Streptococcus_salivarius	1.8018018018
PWY-6435: 4-hydroxybenzoate biosynthesis III (plants)	5.6167172476