# Pathway	52_S37_L002_R1_001_Abundance
UNMAPPED	827284.7557488746
UNINTEGRATED	1183073.8726920497
UNINTEGRATED|g__Prevotella.s__Prevotella_copri	209393.8467597925
UNINTEGRATED|unclassified	175058.6590239997
UNINTEGRATED|g__Faecalibacterium.s__Faecalibacterium_prausnitzii	94962.0501238626
UNINTEGRATED|g__Bacteroides.s__Bacteroides_vulgatus	33565.5772722645
UNINTEGRATED|g__Lachnospiraceae_unclassified.s__Eubacterium_rectale	31380.5326408670
UNINTEGRATED|g__Butyrivibrio.s__Butyrivibrio_crossotus	23948.6712172434
UNINTEGRATED|g__Bifidobacterium.s__Bifidobacterium_adolescentis	23379.5697616042
UNINTEGRATED|g__Blautia.s__Ruminococcus_torques	21080.1653405210
UNINTEGRATED|g__Blautia.s__Blautia_obeum	20761.4220294773
UNINTEGRATED|g__Bacteroides.s__Bacteroides_uniformis	19483.5313968102
UNINTEGRATED|g__Clostridium.s__Clostridium_sp_CAG_813	18467.6950900907
UNINTEGRATED|g__Ruminococcus.s__Ruminococcus_bicirculans	18088.3960652651
UNINTEGRATED|g__Firmicutes_unclassified.s__Firmicutes_bacterium_CAG_65_45_313	16038.9500634347
UNINTEGRATED|g__Escherichia.s__Escherichia_coli	13145.2716818363
UNINTEGRATED|g__Roseburia.s__Roseburia_hominis	11499.1368985890
UNINTEGRATED|g__Eubacterium.s__Eubacterium_eligens	10869.6009727243
UNINTEGRATED|g__Blautia.s__Blautia_wexlerae	10341.8988252301
UNINTEGRATED|g__Collinsella.s__Collinsella_aerofaciens	10113.5907696157
UNINTEGRATED|g__Bacteroides.s__Bacteroides_thetaiotaomicron	9782.1218440162
UNINTEGRATED|g__Prevotella.s__Prevotella_sp_CAG_386	9597.8501573757
UNINTEGRATED|g__Roseburia.s__Roseburia_faecis	9558.6961641903
UNINTEGRATED|g__Holdemanella.s__Holdemanella_biformis	9403.8928506281
UNINTEGRATED|g__Coprococcus.s__Coprococcus_sp_CAG_782	8416.4142211708
UNINTEGRATED|g__Sutterella.s__Sutterella_wadsworthensis	8234.1045218512
UNINTEGRATED|g__Ruminococcus.s__Ruminococcus_lactaris	7640.0052259243
UNINTEGRATED|g__Coprococcus.s__Coprococcus_comes	7637.8716335127
UNINTEGRATED|g__Eubacterium.s__Eubacterium_hallii	7566.0236126096
UNINTEGRATED|g__Fusicatenibacter.s__Fusicatenibacter_saccharivorans	6348.8077118700
UNINTEGRATED|g__Alistipes.s__Alistipes_putredinis	5721.2464348358
UNINTEGRATED|g__Ruminococcus.s__Ruminococcus_bromii	5658.1596120021
UNINTEGRATED|g__Dorea.s__Dorea_longicatena	5527.8444771752
UNINTEGRATED|g__Firmicutes_unclassified.s__Firmicutes_bacterium_CAG_124	5462.9326963532
UNINTEGRATED|g__Clostridium.s__Clostridium_sp_44_14	5137.0199920931
UNINTEGRATED|g__Blautia.s__Blautia_sp	5013.6174732793
UNINTEGRATED|g__Bacteroides.s__Bacteroides_ovatus	4827.1883903475
UNINTEGRATED|g__Bacteroides.s__Bacteroides_caccae	4806.7107434868
UNINTEGRATED|g__Lachnospira.s__Lachnospira_pectinoschiza	4588.0478478606
UNINTEGRATED|g__Firmicutes_unclassified.s__Firmicutes_bacterium_CAG_176	4529.0580698454
UNINTEGRATED|g__Lactobacillus.s__Lactobacillus_ruminis	3883.9188108420
UNINTEGRATED|g__Firmicutes_unclassified.s__Firmicutes_bacterium_CAG_56	3792.0111556052
UNINTEGRATED|g__Alistipes.s__Alistipes_onderdonkii	3739.0239145413
UNINTEGRATED|g__Dorea.s__Dorea_formicigenerans	3656.9958177911
UNINTEGRATED|g__Bifidobacterium.s__Bifidobacterium_bifidum	3016.1873343767
UNINTEGRATED|g__Phascolarctobacterium.s__Phascolarctobacterium_succinatutens	2970.6319736360
UNINTEGRATED|g__Eubacterium.s__Eubacterium_sp_CAG_581	2950.1880167863
UNINTEGRATED|g__Blautia.s__Blautia_sp_CAG_52	2884.7157901382
UNINTEGRATED|g__Bifidobacterium.s__Bifidobacterium_longum	2733.9752099427
UNINTEGRATED|g__Subdoligranulum.s__Subdoligranulum_sp_APC924_74	2680.9102039974
UNINTEGRATED|g__Gemmiger.s__Gemmiger_formicilis	2610.5403027761
UNINTEGRATED|g__Firmicutes_unclassified.s__Firmicutes_bacterium_CAG_129	2597.8235008917
UNINTEGRATED|g__Oscillibacter.s__Oscillibacter_sp_57_20	2567.8112173563
UNINTEGRATED|g__Alistipes.s__Alistipes_finegoldii	2040.8373701167
UNINTEGRATED|g__Bacteroides.s__Bacteroides_stercoris	1993.8451126106
UNINTEGRATED|g__Eubacterium.s__Eubacterium_sp_CAG_115	1853.7105130723
UNINTEGRATED|g__Roseburia.s__Roseburia_sp_CAG_100	1200.6749785315
UNINTEGRATED|g__Bifidobacterium.s__Bifidobacterium_pseudocatenulatum	699.7990615804
PWY-1042: glycolysis IV	1265.5734662216
PWY-1042: glycolysis IV|g__Prevotella.s__Prevotella_copri	218.9599395948
PWY-1042: glycolysis IV|unclassified	103.4349782540
PWY-1042: glycolysis IV|g__Faecalibacterium.s__Faecalibacterium_prausnitzii	91.2648066297
PWY-1042: glycolysis IV|g__Bacteroides.s__Bacteroides_vulgatus	31.4527958861
PWY-1042: glycolysis IV|g__Blautia.s__Ruminococcus_torques	30.7383715791
PWY-1042: glycolysis IV|g__Butyrivibrio.s__Butyrivibrio_crossotus	29.3545965578
PWY-1042: glycolysis IV|g__Roseburia.s__Roseburia_hominis	26.6966538324
PWY-1042: glycolysis IV|g__Lachnospiraceae_unclassified.s__Eubacterium_rectale	22.1710938487
PWY-1042: glycolysis IV|g__Ruminococcus.s__Ruminococcus_bicirculans	21.8831109260
PWY-1042: glycolysis IV|g__Eubacterium.s__Eubacterium_eligens	17.1014594992
PWY-1042: glycolysis IV|g__Blautia.s__Blautia_wexlerae	16.7691167931
PWY-1042: glycolysis IV|g__Coprococcus.s__Coprococcus_sp_CAG_782	15.5123880203
PWY-1042: glycolysis IV|g__Collinsella.s__Collinsella_aerofaciens	14.5291405620
PWY-1042: glycolysis IV|g__Blautia.s__Blautia_obeum	13.8121751417
PWY-1042: glycolysis IV|g__Eubacterium.s__Eubacterium_sp_CAG_581	12.1754640465
PWY-1042: glycolysis IV|g__Blautia.s__Blautia_sp	11.9862595480
PWY-1042: glycolysis IV|g__Eubacterium.s__Eubacterium_hallii	9.8480176326
PWY-1042: glycolysis IV|g__Dorea.s__Dorea_longicatena	9.0068501718
VALSYN-PWY: L-valine biosynthesis	1160.5305420867
VALSYN-PWY: L-valine biosynthesis|g__Prevotella.s__Prevotella_copri	262.7890682438
VALSYN-PWY: L-valine biosynthesis|unclassified	178.1848407429
VALSYN-PWY: L-valine biosynthesis|g__Faecalibacterium.s__Faecalibacterium_prausnitzii	60.8393654761
VALSYN-PWY: L-valine biosynthesis|g__Blautia.s__Ruminococcus_torques	38.4857681674
VALSYN-PWY: L-valine biosynthesis|g__Bifidobacterium.s__Bifidobacterium_adolescentis	35.9905296119
VALSYN-PWY: L-valine biosynthesis|g__Butyrivibrio.s__Butyrivibrio_crossotus	33.2245587431
VALSYN-PWY: L-valine biosynthesis|g__Roseburia.s__Roseburia_hominis	27.7849512922
VALSYN-PWY: L-valine biosynthesis|g__Ruminococcus.s__Ruminococcus_bicirculans	24.6833420945
VALSYN-PWY: L-valine biosynthesis|g__Firmicutes_unclassified.s__Firmicutes_bacterium_CAG_65_45_313	24.6592453343
VALSYN-PWY: L-valine biosynthesis|g__Clostridium.s__Clostridium_sp_CAG_813	24.5363684459
VALSYN-PWY: L-valine biosynthesis|g__Prevotella.s__Prevotella_sp_CAG_386	23.1875958022
VALSYN-PWY: L-valine biosynthesis|g__Lachnospiraceae_unclassified.s__Eubacterium_rectale	18.6992421095
VALSYN-PWY: L-valine biosynthesis|g__Bacteroides.s__Bacteroides_vulgatus	16.2260834291
VALSYN-PWY: L-valine biosynthesis|g__Blautia.s__Blautia_obeum	15.9331349806
VALSYN-PWY: L-valine biosynthesis|g__Roseburia.s__Roseburia_faecis	13.5473753362
VALSYN-PWY: L-valine biosynthesis|g__Blautia.s__Blautia_sp	11.7971286605
VALSYN-PWY: L-valine biosynthesis|g__Bacteroides.s__Bacteroides_uniformis	11.5978702093
VALSYN-PWY: L-valine biosynthesis|g__Eubacterium.s__Eubacterium_sp_CAG_581	10.2868231273
VALSYN-PWY: L-valine biosynthesis|g__Ruminococcus.s__Ruminococcus_bromii	9.8780828199
VALSYN-PWY: L-valine biosynthesis|g__Gemmiger.s__Gemmiger_formicilis	9.7654547040
VALSYN-PWY: L-valine biosynthesis|g__Blautia.s__Blautia_wexlerae	9.6064585350
VALSYN-PWY: L-valine biosynthesis|g__Eubacterium.s__Eubacterium_eligens	9.5798549336
VALSYN-PWY: L-valine biosynthesis|g__Coprococcus.s__Coprococcus_comes	8.6228522810
VALSYN-PWY: L-valine biosynthesis|g__Alistipes.s__Alistipes_onderdonkii	7.5601374570
VALSYN-PWY: L-valine biosynthesis|g__Clostridium.s__Clostridium_sp_44_14	7.4528135404
VALSYN-PWY: L-valine biosynthesis|g__Bacteroides.s__Bacteroides_thetaiotaomicron	4.5692409812
VALSYN-PWY: L-valine biosynthesis|g__Bifidobacterium.s__Bifidobacterium_bifidum	3.2520325203
VALSYN-PWY: L-valine biosynthesis|g__Bacteroides.s__Bacteroides_caccae	2.6996736862
VALSYN-PWY: L-valine biosynthesis|g__Alistipes.s__Alistipes_finegoldii	1.9915339652
VALSYN-PWY: L-valine biosynthesis|g__Bifidobacterium.s__Bifidobacterium_longum	1.9799258424
VALSYN-PWY: L-valine biosynthesis|g__Bacteroides.s__Bacteroides_ovatus	1.8825012061
VALSYN-PWY: L-valine biosynthesis|g__Ruminococcus.s__Ruminococcus_lactaris	1.7320013126
VALSYN-PWY: L-valine biosynthesis|g__Bifidobacterium.s__Bifidobacterium_pseudocatenulatum	1.5772912265
VALSYN-PWY: L-valine biosynthesis|g__Bacteroides.s__Bacteroides_stercoris	1.2980691222
PWY-5686: UMP biosynthesis I	1141.4352097074
PWY-5686: UMP biosynthesis I|g__Prevotella.s__Prevotella_copri	321.9071722092
PWY-5686: UMP biosynthesis I|unclassified	146.8591835198
PWY-5686: UMP biosynthesis I|g__Faecalibacterium.s__Faecalibacterium_prausnitzii	92.7936107422
PWY-5686: UMP biosynthesis I|g__Bifidobacterium.s__Bifidobacterium_adolescentis	32.0619808883
PWY-5686: UMP biosynthesis I|g__Butyrivibrio.s__Butyrivibrio_crossotus	29.2660023718
PWY-5686: UMP biosynthesis I|g__Blautia.s__Ruminococcus_torques	25.2221773186
PWY-5686: UMP biosynthesis I|g__Firmicutes_unclassified.s__Firmicutes_bacterium_CAG_65_45_313	23.4552430806
PWY-5686: UMP biosynthesis I|g__Lachnospiraceae_unclassified.s__Eubacterium_rectale	21.1357752169
PWY-5686: UMP biosynthesis I|g__Bacteroides.s__Bacteroides_vulgatus	19.2930490846
PWY-5686: UMP biosynthesis I|g__Ruminococcus.s__Ruminococcus_bicirculans	16.8944655863
PWY-5686: UMP biosynthesis I|g__Holdemanella.s__Holdemanella_biformis	14.7758457073
PWY-5686: UMP biosynthesis I|g__Blautia.s__Blautia_wexlerae	14.3670982873
PWY-5686: UMP biosynthesis I|g__Eubacterium.s__Eubacterium_eligens	13.6404009167
PWY-5686: UMP biosynthesis I|g__Coprococcus.s__Coprococcus_sp_CAG_782	12.7640054279
PWY-5686: UMP biosynthesis I|g__Prevotella.s__Prevotella_sp_CAG_386	11.6363211708
PWY-5686: UMP biosynthesis I|g__Bacteroides.s__Bacteroides_uniformis	7.2167295664
PWY-5686: UMP biosynthesis I|g__Roseburia.s__Roseburia_faecis	5.9518738706
PWY-5686: UMP biosynthesis I|g__Blautia.s__Blautia_obeum	5.6729097919
PWY-5686: UMP biosynthesis I|g__Alistipes.s__Alistipes_onderdonkii	5.1393349547
PWY-5686: UMP biosynthesis I|g__Ruminococcus.s__Ruminococcus_lactaris	3.0018540178
PWY-7790: UMP biosynthesis II	1141.4352097074
PWY-7790: UMP biosynthesis II|g__Prevotella.s__Prevotella_copri	321.9071722092
PWY-7790: UMP biosynthesis II|unclassified	146.8591835198
PWY-7790: UMP biosynthesis II|g__Faecalibacterium.s__Faecalibacterium_prausnitzii	92.7936107422
PWY-7790: UMP biosynthesis II|g__Bifidobacterium.s__Bifidobacterium_adolescentis	32.0619808883
PWY-7790: UMP biosynthesis II|g__Butyrivibrio.s__Butyrivibrio_crossotus	29.2660023718
PWY-7790: UMP biosynthesis II|g__Blautia.s__Ruminococcus_torques	25.2221773186
PWY-7790: UMP biosynthesis II|g__Firmicutes_unclassified.s__Firmicutes_bacterium_CAG_65_45_313	23.4552430806
PWY-7790: UMP biosynthesis II|g__Lachnospiraceae_unclassified.s__Eubacterium_rectale	21.1357752169
PWY-7790: UMP biosynthesis II|g__Bacteroides.s__Bacteroides_vulgatus	19.2930490846
PWY-7790: UMP biosynthesis II|g__Ruminococcus.s__Ruminococcus_bicirculans	16.8944655863
PWY-7790: UMP biosynthesis II|g__Holdemanella.s__Holdemanella_biformis	14.7758457073
PWY-7790: UMP biosynthesis II|g__Blautia.s__Blautia_wexlerae	14.3670982873
PWY-7790: UMP biosynthesis II|g__Eubacterium.s__Eubacterium_eligens	13.6404009167
PWY-7790: UMP biosynthesis II|g__Coprococcus.s__Coprococcus_sp_CAG_782	12.7640054279
PWY-7790: UMP biosynthesis II|g__Prevotella.s__Prevotella_sp_CAG_386	11.6363211708
PWY-7790: UMP biosynthesis II|g__Bacteroides.s__Bacteroides_uniformis	7.2167295664
PWY-7790: UMP biosynthesis II|g__Roseburia.s__Roseburia_faecis	5.9518738706
PWY-7790: UMP biosynthesis II|g__Blautia.s__Blautia_obeum	5.6729097919
PWY-7790: UMP biosynthesis II|g__Ruminococcus.s__Ruminococcus_lactaris	3.0018540178
PWY-7791: UMP biosynthesis III	1141.4352097074
PWY-7791: UMP biosynthesis III|g__Prevotella.s__Prevotella_copri	321.9071722092
PWY-7791: UMP biosynthesis III|unclassified	146.8591835198
PWY-7791: UMP biosynthesis III|g__Faecalibacterium.s__Faecalibacterium_prausnitzii	92.7936107422
PWY-7791: UMP biosynthesis III|g__Bifidobacterium.s__Bifidobacterium_adolescentis	32.0619808883
PWY-7791: UMP biosynthesis III|g__Butyrivibrio.s__Butyrivibrio_crossotus	29.2660023718
PWY-7791: UMP biosynthesis III|g__Blautia.s__Ruminococcus_torques	25.2221773186
PWY-7791: UMP biosynthesis III|g__Bacteroides.s__Bacteroides_vulgatus	24.6052925318
PWY-7791: UMP biosynthesis III|g__Firmicutes_unclassified.s__Firmicutes_bacterium_CAG_65_45_313	23.4552430806
PWY-7791: UMP biosynthesis III|g__Lachnospiraceae_unclassified.s__Eubacterium_rectale	21.1357752169
PWY-7791: UMP biosynthesis III|g__Ruminococcus.s__Ruminococcus_bicirculans	16.8944655863
PWY-7791: UMP biosynthesis III|g__Holdemanella.s__Holdemanella_biformis	14.7758457073
PWY-7791: UMP biosynthesis III|g__Blautia.s__Blautia_wexlerae	14.3670982873
PWY-7791: UMP biosynthesis III|g__Eubacterium.s__Eubacterium_eligens	13.6404009167
PWY-7791: UMP biosynthesis III|g__Coprococcus.s__Coprococcus_sp_CAG_782	12.7640054279
PWY-7791: UMP biosynthesis III|g__Prevotella.s__Prevotella_sp_CAG_386	11.6363211708
PWY-7791: UMP biosynthesis III|g__Bacteroides.s__Bacteroides_uniformis	7.2167295664
PWY-7791: UMP biosynthesis III|g__Roseburia.s__Roseburia_faecis	5.9518738706
PWY-7791: UMP biosynthesis III|g__Blautia.s__Blautia_obeum	5.6729097919
PWY-7791: UMP biosynthesis III|g__Bacteroides.s__Bacteroides_thetaiotaomicron	3.0163184827
PWY-7791: UMP biosynthesis III|g__Ruminococcus.s__Ruminococcus_lactaris	3.0018540178
PWY-7791: UMP biosynthesis III|g__Bacteroides.s__Bacteroides_caccae	2.4610614706
DTDPRHAMSYN-PWY: dTDP-&beta;-L-rhamnose biosynthesis	1111.8102354794
DTDPRHAMSYN-PWY: dTDP-&beta;-L-rhamnose biosynthesis|g__Prevotella.s__Prevotella_copri	414.3877081874
DTDPRHAMSYN-PWY: dTDP-&beta;-L-rhamnose biosynthesis|unclassified	243.4033730137
DTDPRHAMSYN-PWY: dTDP-&beta;-L-rhamnose biosynthesis|g__Faecalibacterium.s__Faecalibacterium_prausnitzii	79.0366360615
DTDPRHAMSYN-PWY: dTDP-&beta;-L-rhamnose biosynthesis|g__Butyrivibrio.s__Butyrivibrio_crossotus	31.1656238612
DTDPRHAMSYN-PWY: dTDP-&beta;-L-rhamnose biosynthesis|g__Collinsella.s__Collinsella_aerofaciens	27.0750258789
DTDPRHAMSYN-PWY: dTDP-&beta;-L-rhamnose biosynthesis|g__Blautia.s__Blautia_obeum	25.1248362147
DTDPRHAMSYN-PWY: dTDP-&beta;-L-rhamnose biosynthesis|g__Firmicutes_unclassified.s__Firmicutes_bacterium_CAG_65_45_313	22.1264283913
DTDPRHAMSYN-PWY: dTDP-&beta;-L-rhamnose biosynthesis|g__Bacteroides.s__Bacteroides_vulgatus	21.9820470392
DTDPRHAMSYN-PWY: dTDP-&beta;-L-rhamnose biosynthesis|g__Bacteroides.s__Bacteroides_uniformis	14.4527540473
DTDPRHAMSYN-PWY: dTDP-&beta;-L-rhamnose biosynthesis|g__Eubacterium.s__Eubacterium_eligens	14.2050628301
DTDPRHAMSYN-PWY: dTDP-&beta;-L-rhamnose biosynthesis|g__Prevotella.s__Prevotella_sp_CAG_386	13.0846694978
DTDPRHAMSYN-PWY: dTDP-&beta;-L-rhamnose biosynthesis|g__Roseburia.s__Roseburia_faecis	11.9077152071
DTDPRHAMSYN-PWY: dTDP-&beta;-L-rhamnose biosynthesis|g__Blautia.s__Blautia_wexlerae	11.6523160577
DTDPRHAMSYN-PWY: dTDP-&beta;-L-rhamnose biosynthesis|g__Bacteroides.s__Bacteroides_caccae	11.2191698643
DTDPRHAMSYN-PWY: dTDP-&beta;-L-rhamnose biosynthesis|g__Fusicatenibacter.s__Fusicatenibacter_saccharivorans	11.0422098580
DTDPRHAMSYN-PWY: dTDP-&beta;-L-rhamnose biosynthesis|g__Alistipes.s__Alistipes_onderdonkii	10.0233879051
DTDPRHAMSYN-PWY: dTDP-&beta;-L-rhamnose biosynthesis|g__Blautia.s__Blautia_sp_CAG_52	9.9037428440
DTDPRHAMSYN-PWY: dTDP-&beta;-L-rhamnose biosynthesis|g__Eubacterium.s__Eubacterium_sp_CAG_581	9.2673037938
DTDPRHAMSYN-PWY: dTDP-&beta;-L-rhamnose biosynthesis|g__Lachnospira.s__Lachnospira_pectinoschiza	8.7465723262
DTDPRHAMSYN-PWY: dTDP-&beta;-L-rhamnose biosynthesis|g__Sutterella.s__Sutterella_wadsworthensis	8.6984752520
DTDPRHAMSYN-PWY: dTDP-&beta;-L-rhamnose biosynthesis|g__Holdemanella.s__Holdemanella_biformis	8.5197018104
DTDPRHAMSYN-PWY: dTDP-&beta;-L-rhamnose biosynthesis|g__Firmicutes_unclassified.s__Firmicutes_bacterium_CAG_56	8.4493141913
DTDPRHAMSYN-PWY: dTDP-&beta;-L-rhamnose biosynthesis|g__Bacteroides.s__Bacteroides_thetaiotaomicron	7.9468626413
DTDPRHAMSYN-PWY: dTDP-&beta;-L-rhamnose biosynthesis|g__Bifidobacterium.s__Bifidobacterium_bifidum	7.5034106412
DTDPRHAMSYN-PWY: dTDP-&beta;-L-rhamnose biosynthesis|g__Subdoligranulum.s__Subdoligranulum_sp_APC924_74	7.2859744991
DTDPRHAMSYN-PWY: dTDP-&beta;-L-rhamnose biosynthesis|g__Clostridium.s__Clostridium_sp_44_14	6.8085106383
DTDPRHAMSYN-PWY: dTDP-&beta;-L-rhamnose biosynthesis|g__Alistipes.s__Alistipes_finegoldii	6.3643595863
DTDPRHAMSYN-PWY: dTDP-&beta;-L-rhamnose biosynthesis|g__Blautia.s__Ruminococcus_torques	5.4127198917
DTDPRHAMSYN-PWY: dTDP-&beta;-L-rhamnose biosynthesis|g__Coprococcus.s__Coprococcus_comes	3.5723854604
DTDPRHAMSYN-PWY: dTDP-&beta;-L-rhamnose biosynthesis|g__Dorea.s__Dorea_longicatena	2.9755262962
DTDPRHAMSYN-PWY: dTDP-&beta;-L-rhamnose biosynthesis|g__Eubacterium.s__Eubacterium_hallii	2.0813014280
DTDPRHAMSYN-PWY: dTDP-&beta;-L-rhamnose biosynthesis|g__Dorea.s__Dorea_formicigenerans	1.8480018480
DTDPRHAMSYN-PWY: dTDP-&beta;-L-rhamnose biosynthesis|g__Blautia.s__Blautia_sp	1.7933198834
PWY-6386: UDP-N-acetylmuramoyl-pentapeptide biosynthesis II (lysine-containing)	1110.0614304208
PWY-6386: UDP-N-acetylmuramoyl-pentapeptide biosynthesis II (lysine-containing)|unclassified	187.8237339172
PWY-6386: UDP-N-acetylmuramoyl-pentapeptide biosynthesis II (lysine-containing)|g__Faecalibacterium.s__Faecalibacterium_prausnitzii	65.9602512968
PWY-6386: UDP-N-acetylmuramoyl-pentapeptide biosynthesis II (lysine-containing)|g__Prevotella.s__Prevotella_copri	58.6683915889
PWY-6386: UDP-N-acetylmuramoyl-pentapeptide biosynthesis II (lysine-containing)|g__Bifidobacterium.s__Bifidobacterium_adolescentis	30.1273399346
PWY-6386: UDP-N-acetylmuramoyl-pentapeptide biosynthesis II (lysine-containing)|g__Butyrivibrio.s__Butyrivibrio_crossotus	29.5495081245
PWY-6386: UDP-N-acetylmuramoyl-pentapeptide biosynthesis II (lysine-containing)|g__Ruminococcus.s__Ruminococcus_bicirculans	22.2519788037
PWY-6386: UDP-N-acetylmuramoyl-pentapeptide biosynthesis II (lysine-containing)|g__Bacteroides.s__Bacteroides_vulgatus	22.1944100410
PWY-6386: UDP-N-acetylmuramoyl-pentapeptide biosynthesis II (lysine-containing)|g__Blautia.s__Ruminococcus_torques	20.3039433590
PWY-6386: UDP-N-acetylmuramoyl-pentapeptide biosynthesis II (lysine-containing)|g__Lachnospiraceae_unclassified.s__Eubacterium_rectale	17.2324183212
PWY-6386: UDP-N-acetylmuramoyl-pentapeptide biosynthesis II (lysine-containing)|g__Collinsella.s__Collinsella_aerofaciens	15.6753858802
PWY-6386: UDP-N-acetylmuramoyl-pentapeptide biosynthesis II (lysine-containing)|g__Sutterella.s__Sutterella_wadsworthensis	15.4419237862
PWY-6386: UDP-N-acetylmuramoyl-pentapeptide biosynthesis II (lysine-containing)|g__Prevotella.s__Prevotella_sp_CAG_386	14.0621167374
PWY-6386: UDP-N-acetylmuramoyl-pentapeptide biosynthesis II (lysine-containing)|g__Blautia.s__Blautia_wexlerae	11.9802195969
PWY-6386: UDP-N-acetylmuramoyl-pentapeptide biosynthesis II (lysine-containing)|g__Coprococcus.s__Coprococcus_sp_CAG_782	11.1518651655
PWY-6386: UDP-N-acetylmuramoyl-pentapeptide biosynthesis II (lysine-containing)|g__Roseburia.s__Roseburia_faecis	10.4630068221
PWY-6386: UDP-N-acetylmuramoyl-pentapeptide biosynthesis II (lysine-containing)|g__Blautia.s__Blautia_obeum	8.6572577163
PWY-6386: UDP-N-acetylmuramoyl-pentapeptide biosynthesis II (lysine-containing)|g__Blautia.s__Blautia_sp	7.2129098502
PWY-6386: UDP-N-acetylmuramoyl-pentapeptide biosynthesis II (lysine-containing)|g__Coprococcus.s__Coprococcus_comes	7.1561975653
ILEUSYN-PWY: L-isoleucine biosynthesis I (from threonine)	1105.6064089658
ILEUSYN-PWY: L-isoleucine biosynthesis I (from threonine)|g__Prevotella.s__Prevotella_copri	220.9983266591
ILEUSYN-PWY: L-isoleucine biosynthesis I (from threonine)|unclassified	96.3946608070
ILEUSYN-PWY: L-isoleucine biosynthesis I (from threonine)|g__Bifidobacterium.s__Bifidobacterium_adolescentis	35.6890285815
ILEUSYN-PWY: L-isoleucine biosynthesis I (from threonine)|g__Butyrivibrio.s__Butyrivibrio_crossotus	33.2245587431
ILEUSYN-PWY: L-isoleucine biosynthesis I (from threonine)|g__Clostridium.s__Clostridium_sp_CAG_813	23.4406639111
ILEUSYN-PWY: L-isoleucine biosynthesis I (from threonine)|g__Ruminococcus.s__Ruminococcus_bicirculans	22.9246240869
ILEUSYN-PWY: L-isoleucine biosynthesis I (from threonine)|g__Blautia.s__Ruminococcus_torques	21.9401969090
ILEUSYN-PWY: L-isoleucine biosynthesis I (from threonine)|g__Lachnospiraceae_unclassified.s__Eubacterium_rectale	17.4401675443
ILEUSYN-PWY: L-isoleucine biosynthesis I (from threonine)|g__Blautia.s__Blautia_obeum	9.7947393911
ILEUSYN-PWY: L-isoleucine biosynthesis I (from threonine)|g__Bacteroides.s__Bacteroides_uniformis	9.6225342256
ILEUSYN-PWY: L-isoleucine biosynthesis I (from threonine)|g__Eubacterium.s__Eubacterium_eligens	9.5204093776
ILEUSYN-PWY: L-isoleucine biosynthesis I (from threonine)|g__Blautia.s__Blautia_sp	8.7629831843
ILEUSYN-PWY: L-isoleucine biosynthesis I (from threonine)|g__Blautia.s__Blautia_wexlerae	7.4846577579
ILEUSYN-PWY: L-isoleucine biosynthesis I (from threonine)|g__Bacteroides.s__Bacteroides_thetaiotaomicron	4.4547452066
ILEUSYN-PWY: L-isoleucine biosynthesis I (from threonine)|g__Bacteroides.s__Bacteroides_caccae	2.2214070270
PWY-6151: S-adenosyl-L-methionine salvage I	1105.3372874304
PWY-6151: S-adenosyl-L-methionine salvage I|g__Prevotella.s__Prevotella_copri	398.5814604788
PWY-6151: S-adenosyl-L-methionine salvage I|unclassified	215.7472523471
PWY-6151: S-adenosyl-L-methionine salvage I|g__Faecalibacterium.s__Faecalibacterium_prausnitzii	68.6130697126
PWY-6151: S-adenosyl-L-methionine salvage I|g__Butyrivibrio.s__Butyrivibrio_crossotus	35.7774382715
PWY-6151: S-adenosyl-L-methionine salvage I|g__Bifidobacterium.s__Bifidobacterium_adolescentis	30.5544387998
PWY-6151: S-adenosyl-L-methionine salvage I|g__Holdemanella.s__Holdemanella_biformis	23.8266153213
PWY-6151: S-adenosyl-L-methionine salvage I|g__Blautia.s__Ruminococcus_torques	22.0540079254
PWY-6151: S-adenosyl-L-methionine salvage I|g__Bacteroides.s__Bacteroides_vulgatus	21.5942767616
PWY-6151: S-adenosyl-L-methionine salvage I|g__Firmicutes_unclassified.s__Firmicutes_bacterium_CAG_65_45_313	20.2226435273
PWY-6151: S-adenosyl-L-methionine salvage I|g__Collinsella.s__Collinsella_aerofaciens	17.8211216824
PWY-6151: S-adenosyl-L-methionine salvage I|g__Roseburia.s__Roseburia_hominis	17.5144032922
PWY-6151: S-adenosyl-L-methionine salvage I|g__Eubacterium.s__Eubacterium_eligens	16.0433169558
PWY-6151: S-adenosyl-L-methionine salvage I|g__Eubacterium.s__Eubacterium_sp_CAG_581	14.0670963477
PWY-6151: S-adenosyl-L-methionine salvage I|g__Lachnospiraceae_unclassified.s__Eubacterium_rectale	13.8142786653
PWY-6151: S-adenosyl-L-methionine salvage I|g__Coprococcus.s__Coprococcus_sp_CAG_782	11.5804767301
PWY-6151: S-adenosyl-L-methionine salvage I|g__Gemmiger.s__Gemmiger_formicilis	10.9538275707
PWY-6151: S-adenosyl-L-methionine salvage I|g__Bacteroides.s__Bacteroides_uniformis	10.4917594580
PWY-6151: S-adenosyl-L-methionine salvage I|g__Blautia.s__Blautia_wexlerae	10.3265458306
PWY-6151: S-adenosyl-L-methionine salvage I|g__Ruminococcus.s__Ruminococcus_lactaris	10.1023588965
PWY-6151: S-adenosyl-L-methionine salvage I|g__Prevotella.s__Prevotella_sp_CAG_386	9.9492968526
PWY-6151: S-adenosyl-L-methionine salvage I|g__Roseburia.s__Roseburia_faecis	9.3132633484
PWY-6151: S-adenosyl-L-methionine salvage I|g__Coprococcus.s__Coprococcus_comes	6.3705632831
PWY-6151: S-adenosyl-L-methionine salvage I|g__Dorea.s__Dorea_longicatena	2.9894163296
PWY-7221: guanosine ribonucleotides de novo biosynthesis	1105.2050587728
PWY-7221: guanosine ribonucleotides de novo biosynthesis|g__Prevotella.s__Prevotella_copri	401.0457148810
PWY-7221: guanosine ribonucleotides de novo biosynthesis|unclassified	125.4645946649
PWY-7221: guanosine ribonucleotides de novo biosynthesis|g__Faecalibacterium.s__Faecalibacterium_prausnitzii	71.4783869570
PWY-7221: guanosine ribonucleotides de novo biosynthesis|g__Blautia.s__Ruminococcus_torques	36.2249015889
PWY-7221: guanosine ribonucleotides de novo biosynthesis|g__Bifidobacterium.s__Bifidobacterium_adolescentis	34.2677541769
PWY-7221: guanosine ribonucleotides de novo biosynthesis|g__Collinsella.s__Collinsella_aerofaciens	25.3272943629
PWY-7221: guanosine ribonucleotides de novo biosynthesis|g__Bacteroides.s__Bacteroides_vulgatus	24.3637861897
PWY-7221: guanosine ribonucleotides de novo biosynthesis|g__Butyrivibrio.s__Butyrivibrio_crossotus	21.7932016611
PWY-7221: guanosine ribonucleotides de novo biosynthesis|g__Firmicutes_unclassified.s__Firmicutes_bacterium_CAG_65_45_313	21.2597474063
PWY-7221: guanosine ribonucleotides de novo biosynthesis|g__Ruminococcus.s__Ruminococcus_bicirculans	20.1195998435
PWY-7221: guanosine ribonucleotides de novo biosynthesis|g__Blautia.s__Blautia_wexlerae	17.8999251321
PWY-7221: guanosine ribonucleotides de novo biosynthesis|g__Prevotella.s__Prevotella_sp_CAG_386	17.7655956550
PWY-7221: guanosine ribonucleotides de novo biosynthesis|g__Coprococcus.s__Coprococcus_sp_CAG_782	12.5671839409
PWY-7221: guanosine ribonucleotides de novo biosynthesis|g__Roseburia.s__Roseburia_faecis	12.4516468676
PWY-7221: guanosine ribonucleotides de novo biosynthesis|g__Roseburia.s__Roseburia_hominis	12.0888313230
PWY-7221: guanosine ribonucleotides de novo biosynthesis|g__Bacteroides.s__Bacteroides_thetaiotaomicron	10.2252134231
PWY-7221: guanosine ribonucleotides de novo biosynthesis|g__Blautia.s__Blautia_sp	7.9469996256
PWY-7221: guanosine ribonucleotides de novo biosynthesis|g__Bacteroides.s__Bacteroides_uniformis	7.9240587788
PWY-7221: guanosine ribonucleotides de novo biosynthesis|g__Eubacterium.s__Eubacterium_eligens	7.7605321508
PWY-7221: guanosine ribonucleotides de novo biosynthesis|g__Dorea.s__Dorea_longicatena	7.7014494785
PWY-7221: guanosine ribonucleotides de novo biosynthesis|g__Lactobacillus.s__Lactobacillus_ruminis	5.6182593429
PWY-7221: guanosine ribonucleotides de novo biosynthesis|g__Coprococcus.s__Coprococcus_comes	5.3891266445
PWY-7221: guanosine ribonucleotides de novo biosynthesis|g__Lachnospira.s__Lachnospira_pectinoschiza	2.7689228991
PWY-7221: guanosine ribonucleotides de novo biosynthesis|g__Blautia.s__Blautia_obeum	2.6069173482
PWY-7221: guanosine ribonucleotides de novo biosynthesis|g__Bifidobacterium.s__Bifidobacterium_longum	1.1035243810
PWY-6387: UDP-N-acetylmuramoyl-pentapeptide biosynthesis I (meso-diaminopimelate containing)	1104.8413136413
PWY-6387: UDP-N-acetylmuramoyl-pentapeptide biosynthesis I (meso-diaminopimelate containing)|unclassified	184.8914015645
PWY-6387: UDP-N-acetylmuramoyl-pentapeptide biosynthesis I (meso-diaminopimelate containing)|g__Prevotella.s__Prevotella_copri	177.7476471743
PWY-6387: UDP-N-acetylmuramoyl-pentapeptide biosynthesis I (meso-diaminopimelate containing)|g__Faecalibacterium.s__Faecalibacterium_prausnitzii	61.6488801678
PWY-6387: UDP-N-acetylmuramoyl-pentapeptide biosynthesis I (meso-diaminopimelate containing)|g__Bifidobacterium.s__Bifidobacterium_adolescentis	29.3762327039
PWY-6387: UDP-N-acetylmuramoyl-pentapeptide biosynthesis I (meso-diaminopimelate containing)|g__Blautia.s__Ruminococcus_torques	28.2749804574
PWY-6387: UDP-N-acetylmuramoyl-pentapeptide biosynthesis I (meso-diaminopimelate containing)|g__Butyrivibrio.s__Butyrivibrio_crossotus	28.0778404249
PWY-6387: UDP-N-acetylmuramoyl-pentapeptide biosynthesis I (meso-diaminopimelate containing)|g__Bacteroides.s__Bacteroides_vulgatus	21.9156679857
PWY-6387: UDP-N-acetylmuramoyl-pentapeptide biosynthesis I (meso-diaminopimelate containing)|g__Ruminococcus.s__Ruminococcus_bicirculans	20.2386428681
PWY-6387: UDP-N-acetylmuramoyl-pentapeptide biosynthesis I (meso-diaminopimelate containing)|g__Lachnospiraceae_unclassified.s__Eubacterium_rectale	19.8790766341
PWY-6387: UDP-N-acetylmuramoyl-pentapeptide biosynthesis I (meso-diaminopimelate containing)|g__Sutterella.s__Sutterella_wadsworthensis	14.9836909729
PWY-6387: UDP-N-acetylmuramoyl-pentapeptide biosynthesis I (meso-diaminopimelate containing)|g__Collinsella.s__Collinsella_aerofaciens	14.8259140326
PWY-6387: UDP-N-acetylmuramoyl-pentapeptide biosynthesis I (meso-diaminopimelate containing)|g__Prevotella.s__Prevotella_sp_CAG_386	14.5503460805
PWY-6387: UDP-N-acetylmuramoyl-pentapeptide biosynthesis I (meso-diaminopimelate containing)|g__Coprococcus.s__Coprococcus_sp_CAG_782	13.1942625911
PWY-6387: UDP-N-acetylmuramoyl-pentapeptide biosynthesis I (meso-diaminopimelate containing)|g__Blautia.s__Blautia_wexlerae	11.7903894064
PWY-6387: UDP-N-acetylmuramoyl-pentapeptide biosynthesis I (meso-diaminopimelate containing)|g__Blautia.s__Blautia_obeum	11.2843327546
PWY-6387: UDP-N-acetylmuramoyl-pentapeptide biosynthesis I (meso-diaminopimelate containing)|g__Firmicutes_unclassified.s__Firmicutes_bacterium_CAG_176	10.0686510773
PWY-6387: UDP-N-acetylmuramoyl-pentapeptide biosynthesis I (meso-diaminopimelate containing)|g__Eubacterium.s__Eubacterium_eligens	10.0491926287
PWY-6387: UDP-N-acetylmuramoyl-pentapeptide biosynthesis I (meso-diaminopimelate containing)|g__Roseburia.s__Roseburia_faecis	9.9738686829
PWY-6387: UDP-N-acetylmuramoyl-pentapeptide biosynthesis I (meso-diaminopimelate containing)|g__Bacteroides.s__Bacteroides_uniformis	8.8910614721
PWY-6387: UDP-N-acetylmuramoyl-pentapeptide biosynthesis I (meso-diaminopimelate containing)|g__Blautia.s__Blautia_sp_CAG_52	8.2049775420
PWY-6387: UDP-N-acetylmuramoyl-pentapeptide biosynthesis I (meso-diaminopimelate containing)|g__Blautia.s__Blautia_sp	8.0873080540
PWY-6387: UDP-N-acetylmuramoyl-pentapeptide biosynthesis I (meso-diaminopimelate containing)|g__Firmicutes_unclassified.s__Firmicutes_bacterium_CAG_124	7.8162704931
PWY-6387: UDP-N-acetylmuramoyl-pentapeptide biosynthesis I (meso-diaminopimelate containing)|g__Coprococcus.s__Coprococcus_comes	6.8310089543
PWY-6387: UDP-N-acetylmuramoyl-pentapeptide biosynthesis I (meso-diaminopimelate containing)|g__Alistipes.s__Alistipes_onderdonkii	3.6495101673
PWY-6387: UDP-N-acetylmuramoyl-pentapeptide biosynthesis I (meso-diaminopimelate containing)|g__Alistipes.s__Alistipes_finegoldii	1.7958611240
PWY-6609: adenine and adenosine salvage III	1093.8411404612
PWY-6609: adenine and adenosine salvage III|unclassified	165.7658746432
PWY-6609: adenine and adenosine salvage III|g__Prevotella.s__Prevotella_copri	94.5195286888
PWY-6609: adenine and adenosine salvage III|g__Faecalibacterium.s__Faecalibacterium_prausnitzii	84.5498428831
PWY-6609: adenine and adenosine salvage III|g__Clostridium.s__Clostridium_sp_CAG_813	35.5587526462
PWY-6609: adenine and adenosine salvage III|g__Butyrivibrio.s__Butyrivibrio_crossotus	29.4089923650
PWY-6609: adenine and adenosine salvage III|g__Blautia.s__Ruminococcus_torques	24.6183827754
PWY-6609: adenine and adenosine salvage III|g__Lachnospiraceae_unclassified.s__Eubacterium_rectale	22.8758169935
PWY-6609: adenine and adenosine salvage III|g__Roseburia.s__Roseburia_hominis	20.7317698979
PWY-6609: adenine and adenosine salvage III|g__Firmicutes_unclassified.s__Firmicutes_bacterium_CAG_65_45_313	16.2325571395
PWY-6609: adenine and adenosine salvage III|g__Bacteroides.s__Bacteroides_vulgatus	15.6043692234
PWY-6609: adenine and adenosine salvage III|g__Ruminococcus.s__Ruminococcus_bicirculans	13.3136094675
PWY-6609: adenine and adenosine salvage III|g__Blautia.s__Blautia_wexlerae	13.2732875089
PWY-6609: adenine and adenosine salvage III|g__Prevotella.s__Prevotella_sp_CAG_386	11.6754232341
PWY-6609: adenine and adenosine salvage III|g__Bacteroides.s__Bacteroides_uniformis	10.4692465881
PWY-6609: adenine and adenosine salvage III|g__Coprococcus.s__Coprococcus_sp_CAG_782	9.1365920512
PWY-6609: adenine and adenosine salvage III|g__Blautia.s__Blautia_obeum	8.1799591002
PWY-6609: adenine and adenosine salvage III|g__Fusicatenibacter.s__Fusicatenibacter_saccharivorans	7.7745383868
PWY-6609: adenine and adenosine salvage III|g__Oscillibacter.s__Oscillibacter_sp_57_20	7.1684587814
PWY-6609: adenine and adenosine salvage III|g__Firmicutes_unclassified.s__Firmicutes_bacterium_CAG_124	6.9025021570
PWY-6609: adenine and adenosine salvage III|g__Firmicutes_unclassified.s__Firmicutes_bacterium_CAG_129	6.7226890756
PWY-6609: adenine and adenosine salvage III|g__Bacteroides.s__Bacteroides_caccae	3.9244542556
PWY-6609: adenine and adenosine salvage III|g__Bacteroides.s__Bacteroides_thetaiotaomicron	3.6231884058
PWY-6609: adenine and adenosine salvage III|g__Bacteroides.s__Bacteroides_stercoris	2.7894002789
PEPTIDOGLYCANSYN-PWY: peptidoglycan biosynthesis I (meso-diaminopimelate containing)	1062.9022708839
PEPTIDOGLYCANSYN-PWY: peptidoglycan biosynthesis I (meso-diaminopimelate containing)|unclassified	184.9623477296
PEPTIDOGLYCANSYN-PWY: peptidoglycan biosynthesis I (meso-diaminopimelate containing)|g__Prevotella.s__Prevotella_copri	170.2678730624
PEPTIDOGLYCANSYN-PWY: peptidoglycan biosynthesis I (meso-diaminopimelate containing)|g__Faecalibacterium.s__Faecalibacterium_prausnitzii	62.5859401304
PEPTIDOGLYCANSYN-PWY: peptidoglycan biosynthesis I (meso-diaminopimelate containing)|g__Butyrivibrio.s__Butyrivibrio_crossotus	27.8638682357
PEPTIDOGLYCANSYN-PWY: peptidoglycan biosynthesis I (meso-diaminopimelate containing)|g__Bifidobacterium.s__Bifidobacterium_adolescentis	27.7233019352
PEPTIDOGLYCANSYN-PWY: peptidoglycan biosynthesis I (meso-diaminopimelate containing)|g__Blautia.s__Ruminococcus_torques	25.0882158265
PEPTIDOGLYCANSYN-PWY: peptidoglycan biosynthesis I (meso-diaminopimelate containing)|g__Bacteroides.s__Bacteroides_vulgatus	22.5119010725
PEPTIDOGLYCANSYN-PWY: peptidoglycan biosynthesis I (meso-diaminopimelate containing)|g__Ruminococcus.s__Ruminococcus_bicirculans	16.4944218960
PEPTIDOGLYCANSYN-PWY: peptidoglycan biosynthesis I (meso-diaminopimelate containing)|g__Sutterella.s__Sutterella_wadsworthensis	15.7463204301
PEPTIDOGLYCANSYN-PWY: peptidoglycan biosynthesis I (meso-diaminopimelate containing)|g__Collinsella.s__Collinsella_aerofaciens	15.1845963375
PEPTIDOGLYCANSYN-PWY: peptidoglycan biosynthesis I (meso-diaminopimelate containing)|g__Prevotella.s__Prevotella_sp_CAG_386	14.8345546824
PEPTIDOGLYCANSYN-PWY: peptidoglycan biosynthesis I (meso-diaminopimelate containing)|g__Lachnospiraceae_unclassified.s__Eubacterium_rectale	14.6575852749
PEPTIDOGLYCANSYN-PWY: peptidoglycan biosynthesis I (meso-diaminopimelate containing)|g__Coprococcus.s__Coprococcus_sp_CAG_782	12.9528102154
PEPTIDOGLYCANSYN-PWY: peptidoglycan biosynthesis I (meso-diaminopimelate containing)|g__Blautia.s__Blautia_wexlerae	11.8352244276
PEPTIDOGLYCANSYN-PWY: peptidoglycan biosynthesis I (meso-diaminopimelate containing)|g__Blautia.s__Blautia_obeum	11.2271013882
PEPTIDOGLYCANSYN-PWY: peptidoglycan biosynthesis I (meso-diaminopimelate containing)|g__Eubacterium.s__Eubacterium_eligens	10.6532140238
PEPTIDOGLYCANSYN-PWY: peptidoglycan biosynthesis I (meso-diaminopimelate containing)|g__Firmicutes_unclassified.s__Firmicutes_bacterium_CAG_176	10.5652804386
PEPTIDOGLYCANSYN-PWY: peptidoglycan biosynthesis I (meso-diaminopimelate containing)|g__Roseburia.s__Roseburia_faecis	10.1216821760
PEPTIDOGLYCANSYN-PWY: peptidoglycan biosynthesis I (meso-diaminopimelate containing)|g__Blautia.s__Blautia_sp_CAG_52	7.8918364527
PEPTIDOGLYCANSYN-PWY: peptidoglycan biosynthesis I (meso-diaminopimelate containing)|g__Bacteroides.s__Bacteroides_uniformis	7.8225409477
PEPTIDOGLYCANSYN-PWY: peptidoglycan biosynthesis I (meso-diaminopimelate containing)|g__Blautia.s__Blautia_sp	6.8922532774
PEPTIDOGLYCANSYN-PWY: peptidoglycan biosynthesis I (meso-diaminopimelate containing)|g__Alistipes.s__Alistipes_onderdonkii	4.0099491634
PEPTIDOGLYCANSYN-PWY: peptidoglycan biosynthesis I (meso-diaminopimelate containing)|g__Alistipes.s__Alistipes_finegoldii	1.7319953837
PWY-6385: peptidoglycan biosynthesis III (mycobacteria)	1055.9896112569
PWY-6385: peptidoglycan biosynthesis III (mycobacteria)|g__Prevotella.s__Prevotella_copri	167.6506255945
PWY-6385: peptidoglycan biosynthesis III (mycobacteria)|unclassified	159.8699982132
PWY-6385: peptidoglycan biosynthesis III (mycobacteria)|g__Bifidobacterium.s__Bifidobacterium_adolescentis	30.0067710711
PWY-6385: peptidoglycan biosynthesis III (mycobacteria)|g__Butyrivibrio.s__Butyrivibrio_crossotus	27.8638682357
PWY-6385: peptidoglycan biosynthesis III (mycobacteria)|g__Bacteroides.s__Bacteroides_vulgatus	22.1207844626
PWY-6385: peptidoglycan biosynthesis III (mycobacteria)|g__Blautia.s__Ruminococcus_torques	20.6851045802
PWY-6385: peptidoglycan biosynthesis III (mycobacteria)|g__Ruminococcus.s__Ruminococcus_bicirculans	19.8457318864
PWY-6385: peptidoglycan biosynthesis III (mycobacteria)|g__Sutterella.s__Sutterella_wadsworthensis	15.8016563293
PWY-6385: peptidoglycan biosynthesis III (mycobacteria)|g__Prevotella.s__Prevotella_sp_CAG_386	15.1374479316
PWY-6385: peptidoglycan biosynthesis III (mycobacteria)|g__Lachnospiraceae_unclassified.s__Eubacterium_rectale	14.6575852749
PWY-6385: peptidoglycan biosynthesis III (mycobacteria)|g__Collinsella.s__Collinsella_aerofaciens	13.3793714687
PWY-6385: peptidoglycan biosynthesis III (mycobacteria)|g__Coprococcus.s__Coprococcus_sp_CAG_782	11.6942084312
PWY-6385: peptidoglycan biosynthesis III (mycobacteria)|g__Blautia.s__Blautia_wexlerae	10.5825644112
PWY-6385: peptidoglycan biosynthesis III (mycobacteria)|g__Roseburia.s__Roseburia_faecis	9.5629534880
PWY-6385: peptidoglycan biosynthesis III (mycobacteria)|g__Blautia.s__Blautia_obeum	8.4143385583
PWY-6385: peptidoglycan biosynthesis III (mycobacteria)|g__Bacteroides.s__Bacteroides_uniformis	8.0488257684
BRANCHED-CHAIN-AA-SYN-PWY: superpathway of branched chain amino acid biosynthesis	1054.3194722916
BRANCHED-CHAIN-AA-SYN-PWY: superpathway of branched chain amino acid biosynthesis|g__Prevotella.s__Prevotella_copri	251.5116985666
BRANCHED-CHAIN-AA-SYN-PWY: superpathway of branched chain amino acid biosynthesis|unclassified	89.8376908017
BRANCHED-CHAIN-AA-SYN-PWY: superpathway of branched chain amino acid biosynthesis|g__Butyrivibrio.s__Butyrivibrio_crossotus	32.5559553863
BRANCHED-CHAIN-AA-SYN-PWY: superpathway of branched chain amino acid biosynthesis|g__Bifidobacterium.s__Bifidobacterium_adolescentis	23.5651731928
BRANCHED-CHAIN-AA-SYN-PWY: superpathway of branched chain amino acid biosynthesis|g__Blautia.s__Ruminococcus_torques	22.4300516127
BRANCHED-CHAIN-AA-SYN-PWY: superpathway of branched chain amino acid biosynthesis|g__Ruminococcus.s__Ruminococcus_bicirculans	21.0134356344
BRANCHED-CHAIN-AA-SYN-PWY: superpathway of branched chain amino acid biosynthesis|g__Lachnospiraceae_unclassified.s__Eubacterium_rectale	18.3050309704
BRANCHED-CHAIN-AA-SYN-PWY: superpathway of branched chain amino acid biosynthesis|g__Blautia.s__Blautia_obeum	10.6896967416
BRANCHED-CHAIN-AA-SYN-PWY: superpathway of branched chain amino acid biosynthesis|g__Eubacterium.s__Eubacterium_eligens	10.0380176332
BRANCHED-CHAIN-AA-SYN-PWY: superpathway of branched chain amino acid biosynthesis|g__Bacteroides.s__Bacteroides_uniformis	9.0544087654
BRANCHED-CHAIN-AA-SYN-PWY: superpathway of branched chain amino acid biosynthesis|g__Blautia.s__Blautia_sp	8.1172075509
BRANCHED-CHAIN-AA-SYN-PWY: superpathway of branched chain amino acid biosynthesis|g__Blautia.s__Blautia_wexlerae	8.0827571382
BRANCHED-CHAIN-AA-SYN-PWY: superpathway of branched chain amino acid biosynthesis|g__Bacteroides.s__Bacteroides_thetaiotaomicron	5.1381190460
BRANCHED-CHAIN-AA-SYN-PWY: superpathway of branched chain amino acid biosynthesis|g__Bacteroides.s__Bacteroides_caccae	2.3112499675
PWY-7953: UDP-N-acetylmuramoyl-pentapeptide biosynthesis III (meso-diaminopimelate containing)	1046.8970668857
PWY-7953: UDP-N-acetylmuramoyl-pentapeptide biosynthesis III (meso-diaminopimelate containing)|g__Prevotella.s__Prevotella_copri	171.6662526483
PWY-7953: UDP-N-acetylmuramoyl-pentapeptide biosynthesis III (meso-diaminopimelate containing)|unclassified	126.3624328644
PWY-7953: UDP-N-acetylmuramoyl-pentapeptide biosynthesis III (meso-diaminopimelate containing)|g__Blautia.s__Ruminococcus_torques	28.4400425114
PWY-7953: UDP-N-acetylmuramoyl-pentapeptide biosynthesis III (meso-diaminopimelate containing)|g__Butyrivibrio.s__Butyrivibrio_crossotus	27.4066512028
PWY-7953: UDP-N-acetylmuramoyl-pentapeptide biosynthesis III (meso-diaminopimelate containing)|g__Lachnospiraceae_unclassified.s__Eubacterium_rectale	19.9891411368
PWY-7953: UDP-N-acetylmuramoyl-pentapeptide biosynthesis III (meso-diaminopimelate containing)|g__Bacteroides.s__Bacteroides_vulgatus	19.3696402734
PWY-7953: UDP-N-acetylmuramoyl-pentapeptide biosynthesis III (meso-diaminopimelate containing)|g__Ruminococcus.s__Ruminococcus_bicirculans	15.8534897736
PWY-7953: UDP-N-acetylmuramoyl-pentapeptide biosynthesis III (meso-diaminopimelate containing)|g__Prevotella.s__Prevotella_sp_CAG_386	13.6025192729
PWY-7953: UDP-N-acetylmuramoyl-pentapeptide biosynthesis III (meso-diaminopimelate containing)|g__Sutterella.s__Sutterella_wadsworthensis	12.3980173144
PWY-7953: UDP-N-acetylmuramoyl-pentapeptide biosynthesis III (meso-diaminopimelate containing)|g__Blautia.s__Blautia_wexlerae	11.5922433167
PWY-7953: UDP-N-acetylmuramoyl-pentapeptide biosynthesis III (meso-diaminopimelate containing)|g__Coprococcus.s__Coprococcus_sp_CAG_782	11.4975728935
PWY-7953: UDP-N-acetylmuramoyl-pentapeptide biosynthesis III (meso-diaminopimelate containing)|g__Eubacterium.s__Eubacterium_eligens	10.3583415851
PWY-7953: UDP-N-acetylmuramoyl-pentapeptide biosynthesis III (meso-diaminopimelate containing)|g__Firmicutes_unclassified.s__Firmicutes_bacterium_CAG_176	9.6121449990
PWY-7953: UDP-N-acetylmuramoyl-pentapeptide biosynthesis III (meso-diaminopimelate containing)|g__Roseburia.s__Roseburia_faecis	9.1001605911
PWY-7953: UDP-N-acetylmuramoyl-pentapeptide biosynthesis III (meso-diaminopimelate containing)|g__Bacteroides.s__Bacteroides_uniformis	8.8376100195
PWY-7953: UDP-N-acetylmuramoyl-pentapeptide biosynthesis III (meso-diaminopimelate containing)|g__Blautia.s__Blautia_obeum	7.7683414864
PWY-7953: UDP-N-acetylmuramoyl-pentapeptide biosynthesis III (meso-diaminopimelate containing)|g__Firmicutes_unclassified.s__Firmicutes_bacterium_CAG_124	7.5020566816
PWY-7953: UDP-N-acetylmuramoyl-pentapeptide biosynthesis III (meso-diaminopimelate containing)|g__Blautia.s__Blautia_sp	6.7152446695
PWY-7953: UDP-N-acetylmuramoyl-pentapeptide biosynthesis III (meso-diaminopimelate containing)|g__Alistipes.s__Alistipes_onderdonkii	3.4278858514
PWY-7953: UDP-N-acetylmuramoyl-pentapeptide biosynthesis III (meso-diaminopimelate containing)|g__Alistipes.s__Alistipes_finegoldii	1.6452442376
PWY-5103: L-isoleucine biosynthesis III	1042.2343342305
PWY-5103: L-isoleucine biosynthesis III|g__Prevotella.s__Prevotella_copri	190.7957279112
PWY-5103: L-isoleucine biosynthesis III|unclassified	73.7070317204
PWY-5103: L-isoleucine biosynthesis III|g__Bifidobacterium.s__Bifidobacterium_adolescentis	34.2693922243
PWY-5103: L-isoleucine biosynthesis III|g__Butyrivibrio.s__Butyrivibrio_crossotus	31.2088331357
PWY-5103: L-isoleucine biosynthesis III|g__Clostridium.s__Clostridium_sp_CAG_813	22.5049805346
PWY-5103: L-isoleucine biosynthesis III|g__Ruminococcus.s__Ruminococcus_bicirculans	21.1967815043
PWY-5103: L-isoleucine biosynthesis III|g__Blautia.s__Ruminococcus_torques	17.1783661367
PWY-5103: L-isoleucine biosynthesis III|g__Lachnospiraceae_unclassified.s__Eubacterium_rectale	15.3855340302
PWY-5103: L-isoleucine biosynthesis III|g__Eubacterium.s__Eubacterium_eligens	9.1257528746
PWY-5103: L-isoleucine biosynthesis III|g__Bacteroides.s__Bacteroides_uniformis	8.6821999116
PWY-5103: L-isoleucine biosynthesis III|g__Blautia.s__Blautia_obeum	7.5485087889
PWY-5103: L-isoleucine biosynthesis III|g__Blautia.s__Blautia_sp	7.4023019358
PWY-5103: L-isoleucine biosynthesis III|g__Blautia.s__Blautia_wexlerae	6.0501442715
PWY-5103: L-isoleucine biosynthesis III|g__Bacteroides.s__Bacteroides_thetaiotaomicron	4.1808854437
PWY-5103: L-isoleucine biosynthesis III|g__Bacteroides.s__Bacteroides_caccae	1.8721960000
PWY-6163: chorismate biosynthesis from 3-dehydroquinate	1033.5328655337
PWY-6163: chorismate biosynthesis from 3-dehydroquinate|unclassified	155.9613198835
PWY-6163: chorismate biosynthesis from 3-dehydroquinate|g__Faecalibacterium.s__Faecalibacterium_prausnitzii	125.1889045239
PWY-6163: chorismate biosynthesis from 3-dehydroquinate|g__Butyrivibrio.s__Butyrivibrio_crossotus	41.2698924472
PWY-6163: chorismate biosynthesis from 3-dehydroquinate|g__Prevotella.s__Prevotella_copri	39.0729531384
PWY-6163: chorismate biosynthesis from 3-dehydroquinate|g__Lachnospiraceae_unclassified.s__Eubacterium_rectale	25.0680885768
PWY-6163: chorismate biosynthesis from 3-dehydroquinate|g__Blautia.s__Ruminococcus_torques	24.0414510343
PWY-6163: chorismate biosynthesis from 3-dehydroquinate|g__Blautia.s__Blautia_obeum	22.5641234534
PWY-6163: chorismate biosynthesis from 3-dehydroquinate|g__Ruminococcus.s__Ruminococcus_bicirculans	21.1206168131
PWY-6163: chorismate biosynthesis from 3-dehydroquinate|g__Bacteroides.s__Bacteroides_vulgatus	19.7957439151
PWY-6163: chorismate biosynthesis from 3-dehydroquinate|g__Roseburia.s__Roseburia_hominis	19.6371315998
PWY-6163: chorismate biosynthesis from 3-dehydroquinate|g__Holdemanella.s__Holdemanella_biformis	18.1513394621
PWY-6163: chorismate biosynthesis from 3-dehydroquinate|g__Coprococcus.s__Coprococcus_sp_CAG_782	16.1808322994
PWY-6163: chorismate biosynthesis from 3-dehydroquinate|g__Eubacterium.s__Eubacterium_eligens	15.7193906300
PWY-6163: chorismate biosynthesis from 3-dehydroquinate|g__Prevotella.s__Prevotella_sp_CAG_386	13.6966714078
PWY-6163: chorismate biosynthesis from 3-dehydroquinate|g__Collinsella.s__Collinsella_aerofaciens	12.7323656735
PWY-6163: chorismate biosynthesis from 3-dehydroquinate|g__Roseburia.s__Roseburia_faecis	12.1648628557
PWY-6163: chorismate biosynthesis from 3-dehydroquinate|g__Firmicutes_unclassified.s__Firmicutes_bacterium_CAG_176	10.3206782160
PWY-6163: chorismate biosynthesis from 3-dehydroquinate|g__Blautia.s__Blautia_sp	7.8727759408
PWY-6163: chorismate biosynthesis from 3-dehydroquinate|g__Fusicatenibacter.s__Fusicatenibacter_saccharivorans	7.5385478524
PWY-6163: chorismate biosynthesis from 3-dehydroquinate|g__Blautia.s__Blautia_sp_CAG_52	6.8838596314
PWY-6163: chorismate biosynthesis from 3-dehydroquinate|g__Blautia.s__Blautia_wexlerae	6.8621972045
PWY-6163: chorismate biosynthesis from 3-dehydroquinate|g__Firmicutes_unclassified.s__Firmicutes_bacterium_CAG_56	6.6318456119
PWY-6163: chorismate biosynthesis from 3-dehydroquinate|g__Bacteroides.s__Bacteroides_thetaiotaomicron	4.3546632701
PWY-6163: chorismate biosynthesis from 3-dehydroquinate|g__Ruminococcus.s__Ruminococcus_lactaris	2.9777477167
PWY-6163: chorismate biosynthesis from 3-dehydroquinate|g__Bacteroides.s__Bacteroides_caccae	2.7639579878
PWY-7238: sucrose biosynthesis II	1003.2042482219
PWY-7238: sucrose biosynthesis II|unclassified	185.0476675470
PWY-7238: sucrose biosynthesis II|g__Faecalibacterium.s__Faecalibacterium_prausnitzii	166.6896117137
PWY-7238: sucrose biosynthesis II|g__Bifidobacterium.s__Bifidobacterium_adolescentis	45.2190750989
PWY-7238: sucrose biosynthesis II|g__Lachnospiraceae_unclassified.s__Eubacterium_rectale	44.9223879530
PWY-7238: sucrose biosynthesis II|g__Firmicutes_unclassified.s__Firmicutes_bacterium_CAG_65_45_313	42.2156076281
PWY-7238: sucrose biosynthesis II|g__Blautia.s__Ruminococcus_torques	41.4276442219
PWY-7238: sucrose biosynthesis II|g__Blautia.s__Blautia_obeum	40.3744770929
PWY-7238: sucrose biosynthesis II|g__Butyrivibrio.s__Butyrivibrio_crossotus	37.3000333868
PWY-7238: sucrose biosynthesis II|g__Coprococcus.s__Coprococcus_sp_CAG_782	30.4432010037
PWY-7238: sucrose biosynthesis II|g__Ruminococcus.s__Ruminococcus_bicirculans	28.4625694406
PWY-7238: sucrose biosynthesis II|g__Blautia.s__Blautia_wexlerae	26.6865461101
PWY-7238: sucrose biosynthesis II|g__Collinsella.s__Collinsella_aerofaciens	26.1047422740
PWY-7238: sucrose biosynthesis II|g__Roseburia.s__Roseburia_hominis	24.0885658073
PWY-7238: sucrose biosynthesis II|g__Roseburia.s__Roseburia_faecis	20.0094440725
PWY-7238: sucrose biosynthesis II|g__Eubacterium.s__Eubacterium_eligens	16.8468022157
PWY-7238: sucrose biosynthesis II|g__Clostridium.s__Clostridium_sp_44_14	15.2661507215
PWY-7238: sucrose biosynthesis II|g__Bacteroides.s__Bacteroides_uniformis	10.6729006899
PWY-7238: sucrose biosynthesis II|g__Blautia.s__Blautia_sp_CAG_52	10.6173395514
PWY-7238: sucrose biosynthesis II|g__Blautia.s__Blautia_sp	10.0675820584
PWY-7238: sucrose biosynthesis II|g__Eubacterium.s__Eubacterium_sp_CAG_581	9.9147669686
PWY-7238: sucrose biosynthesis II|g__Holdemanella.s__Holdemanella_biformis	9.6959387625
PWY-7238: sucrose biosynthesis II|g__Gemmiger.s__Gemmiger_formicilis	8.7724399205
PWY-7238: sucrose biosynthesis II|g__Eubacterium.s__Eubacterium_sp_CAG_115	8.3682008368
PWY-7238: sucrose biosynthesis II|g__Fusicatenibacter.s__Fusicatenibacter_saccharivorans	8.2110734264
PWY-7238: sucrose biosynthesis II|g__Lachnospira.s__Lachnospira_pectinoschiza	7.6923076923
PWY-7238: sucrose biosynthesis II|g__Firmicutes_unclassified.s__Firmicutes_bacterium_CAG_124	6.3669030198
NONMEVIPP-PWY: methylerythritol phosphate pathway I	987.4019368692
NONMEVIPP-PWY: methylerythritol phosphate pathway I|unclassified	145.7970484341
NONMEVIPP-PWY: methylerythritol phosphate pathway I|g__Butyrivibrio.s__Butyrivibrio_crossotus	29.4258233847
NONMEVIPP-PWY: methylerythritol phosphate pathway I|g__Blautia.s__Ruminococcus_torques	29.0345971394
NONMEVIPP-PWY: methylerythritol phosphate pathway I|g__Clostridium.s__Clostridium_sp_CAG_813	24.8065075549
NONMEVIPP-PWY: methylerythritol phosphate pathway I|g__Bacteroides.s__Bacteroides_vulgatus	23.8148275218
NONMEVIPP-PWY: methylerythritol phosphate pathway I|g__Bifidobacterium.s__Bifidobacterium_adolescentis	22.1914071465
NONMEVIPP-PWY: methylerythritol phosphate pathway I|g__Ruminococcus.s__Ruminococcus_bicirculans	16.5259708964
NONMEVIPP-PWY: methylerythritol phosphate pathway I|g__Firmicutes_unclassified.s__Firmicutes_bacterium_CAG_65_45_313	15.1395009811
NONMEVIPP-PWY: methylerythritol phosphate pathway I|g__Blautia.s__Blautia_obeum	14.8897836979
NONMEVIPP-PWY: methylerythritol phosphate pathway I|g__Coprococcus.s__Coprococcus_sp_CAG_782	13.3964320640
NONMEVIPP-PWY: methylerythritol phosphate pathway I|g__Sutterella.s__Sutterella_wadsworthensis	13.3121947907
NONMEVIPP-PWY: methylerythritol phosphate pathway I|g__Eubacterium.s__Eubacterium_eligens	11.8696791792
NONMEVIPP-PWY: methylerythritol phosphate pathway I|g__Blautia.s__Blautia_wexlerae	10.8755053416
NONMEVIPP-PWY: methylerythritol phosphate pathway I|g__Roseburia.s__Roseburia_faecis	8.8143371550
NONMEVIPP-PWY: methylerythritol phosphate pathway I|g__Eubacterium.s__Eubacterium_sp_CAG_581	8.5255312508
PWY-6122: 5-aminoimidazole ribonucleotide biosynthesis II	966.9553524082
PWY-6122: 5-aminoimidazole ribonucleotide biosynthesis II|g__Prevotella.s__Prevotella_copri	373.3897197055
PWY-6122: 5-aminoimidazole ribonucleotide biosynthesis II|unclassified	145.5296139245
PWY-6122: 5-aminoimidazole ribonucleotide biosynthesis II|g__Faecalibacterium.s__Faecalibacterium_prausnitzii	71.6558416087
PWY-6122: 5-aminoimidazole ribonucleotide biosynthesis II|g__Butyrivibrio.s__Butyrivibrio_crossotus	37.1456679524
PWY-6122: 5-aminoimidazole ribonucleotide biosynthesis II|g__Firmicutes_unclassified.s__Firmicutes_bacterium_CAG_65_45_313	26.2076803872
PWY-6122: 5-aminoimidazole ribonucleotide biosynthesis II|g__Blautia.s__Ruminococcus_torques	25.9073907049
PWY-6122: 5-aminoimidazole ribonucleotide biosynthesis II|g__Roseburia.s__Roseburia_hominis	23.8166883279
PWY-6122: 5-aminoimidazole ribonucleotide biosynthesis II|g__Holdemanella.s__Holdemanella_biformis	21.2062387041
PWY-6122: 5-aminoimidazole ribonucleotide biosynthesis II|g__Blautia.s__Blautia_obeum	20.3264246703
PWY-6122: 5-aminoimidazole ribonucleotide biosynthesis II|g__Lachnospiraceae_unclassified.s__Eubacterium_rectale	20.1279174985
PWY-6122: 5-aminoimidazole ribonucleotide biosynthesis II|g__Ruminococcus.s__Ruminococcus_bicirculans	17.8387560795
PWY-6122: 5-aminoimidazole ribonucleotide biosynthesis II|g__Coprococcus.s__Coprococcus_sp_CAG_782	17.0025622923
PWY-6122: 5-aminoimidazole ribonucleotide biosynthesis II|g__Collinsella.s__Collinsella_aerofaciens	16.8850072780
PWY-6122: 5-aminoimidazole ribonucleotide biosynthesis II|g__Bacteroides.s__Bacteroides_vulgatus	15.7575500501
PWY-6122: 5-aminoimidazole ribonucleotide biosynthesis II|g__Eubacterium.s__Eubacterium_eligens	13.3432889946
PWY-6122: 5-aminoimidazole ribonucleotide biosynthesis II|g__Sutterella.s__Sutterella_wadsworthensis	13.2251448217
PWY-6122: 5-aminoimidazole ribonucleotide biosynthesis II|g__Bifidobacterium.s__Bifidobacterium_adolescentis	13.0652256810
PWY-6122: 5-aminoimidazole ribonucleotide biosynthesis II|g__Coprococcus.s__Coprococcus_comes	9.3858655294
PWY-6122: 5-aminoimidazole ribonucleotide biosynthesis II|g__Bacteroides.s__Bacteroides_uniformis	9.1653447419
PWY-6122: 5-aminoimidazole ribonucleotide biosynthesis II|g__Lachnospira.s__Lachnospira_pectinoschiza	8.3752093802
PWY-6122: 5-aminoimidazole ribonucleotide biosynthesis II|g__Blautia.s__Blautia_wexlerae	8.2402921389
PWY-6122: 5-aminoimidazole ribonucleotide biosynthesis II|g__Roseburia.s__Roseburia_faecis	7.8362455165
PWY-6122: 5-aminoimidazole ribonucleotide biosynthesis II|g__Clostridium.s__Clostridium_sp_44_14	7.4084989831
PWY-6122: 5-aminoimidazole ribonucleotide biosynthesis II|g__Blautia.s__Blautia_sp	6.0898437729
PWY-6122: 5-aminoimidazole ribonucleotide biosynthesis II|g__Ruminococcus.s__Ruminococcus_lactaris	5.9120964605
PWY-6122: 5-aminoimidazole ribonucleotide biosynthesis II|g__Bacteroides.s__Bacteroides_caccae	5.6759153680
PWY-6122: 5-aminoimidazole ribonucleotide biosynthesis II|g__Firmicutes_unclassified.s__Firmicutes_bacterium_CAG_56	5.5881531154
PWY-6122: 5-aminoimidazole ribonucleotide biosynthesis II|g__Alistipes.s__Alistipes_onderdonkii	4.2767295597
PWY-6122: 5-aminoimidazole ribonucleotide biosynthesis II|g__Alistipes.s__Alistipes_finegoldii	3.7969230320
PWY-6122: 5-aminoimidazole ribonucleotide biosynthesis II|g__Bacteroides.s__Bacteroides_thetaiotaomicron	3.6579789666
PWY-6122: 5-aminoimidazole ribonucleotide biosynthesis II|g__Bifidobacterium.s__Bifidobacterium_pseudocatenulatum	2.6472534745
PWY-6122: 5-aminoimidazole ribonucleotide biosynthesis II|g__Bacteroides.s__Bacteroides_ovatus	1.3017201302
PWY-6277: superpathway of 5-aminoimidazole ribonucleotide biosynthesis	966.9553524082
PWY-6277: superpathway of 5-aminoimidazole ribonucleotide biosynthesis|g__Prevotella.s__Prevotella_copri	373.3897197055
PWY-6277: superpathway of 5-aminoimidazole ribonucleotide biosynthesis|unclassified	145.5296139245
PWY-6277: superpathway of 5-aminoimidazole ribonucleotide biosynthesis|g__Faecalibacterium.s__Faecalibacterium_prausnitzii	71.6558416087
PWY-6277: superpathway of 5-aminoimidazole ribonucleotide biosynthesis|g__Butyrivibrio.s__Butyrivibrio_crossotus	37.1456679524
PWY-6277: superpathway of 5-aminoimidazole ribonucleotide biosynthesis|g__Firmicutes_unclassified.s__Firmicutes_bacterium_CAG_65_45_313	26.2076803872
PWY-6277: superpathway of 5-aminoimidazole ribonucleotide biosynthesis|g__Blautia.s__Ruminococcus_torques	25.9073907049
PWY-6277: superpathway of 5-aminoimidazole ribonucleotide biosynthesis|g__Roseburia.s__Roseburia_hominis	23.8166883279
PWY-6277: superpathway of 5-aminoimidazole ribonucleotide biosynthesis|g__Holdemanella.s__Holdemanella_biformis	21.2062387041
PWY-6277: superpathway of 5-aminoimidazole ribonucleotide biosynthesis|g__Blautia.s__Blautia_obeum	20.3264246703
PWY-6277: superpathway of 5-aminoimidazole ribonucleotide biosynthesis|g__Lachnospiraceae_unclassified.s__Eubacterium_rectale	20.1279174985
PWY-6277: superpathway of 5-aminoimidazole ribonucleotide biosynthesis|g__Ruminococcus.s__Ruminococcus_bicirculans	17.8387560795
PWY-6277: superpathway of 5-aminoimidazole ribonucleotide biosynthesis|g__Coprococcus.s__Coprococcus_sp_CAG_782	17.0025622923
PWY-6277: superpathway of 5-aminoimidazole ribonucleotide biosynthesis|g__Collinsella.s__Collinsella_aerofaciens	16.8850072780
PWY-6277: superpathway of 5-aminoimidazole ribonucleotide biosynthesis|g__Bacteroides.s__Bacteroides_vulgatus	15.7575500501
PWY-6277: superpathway of 5-aminoimidazole ribonucleotide biosynthesis|g__Eubacterium.s__Eubacterium_eligens	13.3432889946
PWY-6277: superpathway of 5-aminoimidazole ribonucleotide biosynthesis|g__Sutterella.s__Sutterella_wadsworthensis	13.2251448217
PWY-6277: superpathway of 5-aminoimidazole ribonucleotide biosynthesis|g__Bifidobacterium.s__Bifidobacterium_adolescentis	13.0652256810
PWY-6277: superpathway of 5-aminoimidazole ribonucleotide biosynthesis|g__Coprococcus.s__Coprococcus_comes	9.3858655294
PWY-6277: superpathway of 5-aminoimidazole ribonucleotide biosynthesis|g__Bacteroides.s__Bacteroides_uniformis	9.1653447419
PWY-6277: superpathway of 5-aminoimidazole ribonucleotide biosynthesis|g__Lachnospira.s__Lachnospira_pectinoschiza	8.3752093802
PWY-6277: superpathway of 5-aminoimidazole ribonucleotide biosynthesis|g__Blautia.s__Blautia_wexlerae	8.2402921389
PWY-6277: superpathway of 5-aminoimidazole ribonucleotide biosynthesis|g__Roseburia.s__Roseburia_faecis	7.8362455165
PWY-6277: superpathway of 5-aminoimidazole ribonucleotide biosynthesis|g__Clostridium.s__Clostridium_sp_44_14	7.4084989831
PWY-6277: superpathway of 5-aminoimidazole ribonucleotide biosynthesis|g__Blautia.s__Blautia_sp	6.0898437729
PWY-6277: superpathway of 5-aminoimidazole ribonucleotide biosynthesis|g__Ruminococcus.s__Ruminococcus_lactaris	5.9120964605
PWY-6277: superpathway of 5-aminoimidazole ribonucleotide biosynthesis|g__Bacteroides.s__Bacteroides_caccae	5.6759153680
PWY-6277: superpathway of 5-aminoimidazole ribonucleotide biosynthesis|g__Firmicutes_unclassified.s__Firmicutes_bacterium_CAG_56	5.5881531154
PWY-6277: superpathway of 5-aminoimidazole ribonucleotide biosynthesis|g__Alistipes.s__Alistipes_onderdonkii	4.2767295597
PWY-6277: superpathway of 5-aminoimidazole ribonucleotide biosynthesis|g__Alistipes.s__Alistipes_finegoldii	3.7969230320
PWY-6277: superpathway of 5-aminoimidazole ribonucleotide biosynthesis|g__Bacteroides.s__Bacteroides_thetaiotaomicron	3.6579789666
PWY-6277: superpathway of 5-aminoimidazole ribonucleotide biosynthesis|g__Bifidobacterium.s__Bifidobacterium_pseudocatenulatum	2.6472534745
PWY-6277: superpathway of 5-aminoimidazole ribonucleotide biosynthesis|g__Bacteroides.s__Bacteroides_ovatus	1.3017201302
TRNA-CHARGING-PWY: tRNA charging	962.4613475113
TRNA-CHARGING-PWY: tRNA charging|g__Prevotella.s__Prevotella_copri	144.0318192389
TRNA-CHARGING-PWY: tRNA charging|unclassified	125.5430827499
TRNA-CHARGING-PWY: tRNA charging|g__Faecalibacterium.s__Faecalibacterium_prausnitzii	72.7954414102
TRNA-CHARGING-PWY: tRNA charging|g__Blautia.s__Ruminococcus_torques	23.0184999471
TRNA-CHARGING-PWY: tRNA charging|g__Lachnospiraceae_unclassified.s__Eubacterium_rectale	18.0172560354
TRNA-CHARGING-PWY: tRNA charging|g__Bacteroides.s__Bacteroides_vulgatus	17.3398469126
TRNA-CHARGING-PWY: tRNA charging|g__Holdemanella.s__Holdemanella_biformis	12.8173003021
COMPLETE-ARO-PWY: superpathway of aromatic amino acid biosynthesis	961.9489648771
COMPLETE-ARO-PWY: superpathway of aromatic amino acid biosynthesis|unclassified	165.8395748473
COMPLETE-ARO-PWY: superpathway of aromatic amino acid biosynthesis|g__Butyrivibrio.s__Butyrivibrio_crossotus	40.0710205119
COMPLETE-ARO-PWY: superpathway of aromatic amino acid biosynthesis|g__Blautia.s__Ruminococcus_torques	25.8502442768
COMPLETE-ARO-PWY: superpathway of aromatic amino acid biosynthesis|g__Eubacterium.s__Eubacterium_eligens	15.1509171792
COMPLETE-ARO-PWY: superpathway of aromatic amino acid biosynthesis|g__Coprococcus.s__Coprococcus_sp_CAG_782	14.4032267411
COMPLETE-ARO-PWY: superpathway of aromatic amino acid biosynthesis|g__Blautia.s__Blautia_obeum	12.7539695861
COMPLETE-ARO-PWY: superpathway of aromatic amino acid biosynthesis|g__Blautia.s__Blautia_wexlerae	6.5083864061
COA-PWY-1: superpathway of coenzyme A biosynthesis III (mammals)	923.0993721622
COA-PWY-1: superpathway of coenzyme A biosynthesis III (mammals)|unclassified	155.9809196723
COA-PWY-1: superpathway of coenzyme A biosynthesis III (mammals)|g__Faecalibacterium.s__Faecalibacterium_prausnitzii	87.1580048049
COA-PWY-1: superpathway of coenzyme A biosynthesis III (mammals)|g__Butyrivibrio.s__Butyrivibrio_crossotus	37.4838872746
COA-PWY-1: superpathway of coenzyme A biosynthesis III (mammals)|g__Bifidobacterium.s__Bifidobacterium_adolescentis	23.6381218438
COA-PWY-1: superpathway of coenzyme A biosynthesis III (mammals)|g__Blautia.s__Ruminococcus_torques	21.6042239907
COA-PWY-1: superpathway of coenzyme A biosynthesis III (mammals)|g__Sutterella.s__Sutterella_wadsworthensis	16.5630277210
COA-PWY-1: superpathway of coenzyme A biosynthesis III (mammals)|g__Ruminococcus.s__Ruminococcus_bicirculans	16.0189269783
COA-PWY-1: superpathway of coenzyme A biosynthesis III (mammals)|g__Bacteroides.s__Bacteroides_vulgatus	15.2656590316
COA-PWY-1: superpathway of coenzyme A biosynthesis III (mammals)|g__Coprococcus.s__Coprococcus_sp_CAG_782	11.4825343693
COA-PWY-1: superpathway of coenzyme A biosynthesis III (mammals)|g__Blautia.s__Blautia_obeum	9.3773527346
COA-PWY-1: superpathway of coenzyme A biosynthesis III (mammals)|g__Blautia.s__Blautia_wexlerae	9.3559956339
COA-PWY-1: superpathway of coenzyme A biosynthesis III (mammals)|g__Alistipes.s__Alistipes_putredinis	8.9566752821
COA-PWY-1: superpathway of coenzyme A biosynthesis III (mammals)|g__Alistipes.s__Alistipes_onderdonkii	8.2467230837
COA-PWY-1: superpathway of coenzyme A biosynthesis III (mammals)|g__Bacteroides.s__Bacteroides_uniformis	7.8549453427
COA-PWY-1: superpathway of coenzyme A biosynthesis III (mammals)|g__Roseburia.s__Roseburia_faecis	7.1138934339
ARO-PWY: chorismate biosynthesis I	916.9602171748
ARO-PWY: chorismate biosynthesis I|unclassified	155.2032867254
ARO-PWY: chorismate biosynthesis I|g__Faecalibacterium.s__Faecalibacterium_prausnitzii	125.7825660523
ARO-PWY: chorismate biosynthesis I|g__Butyrivibrio.s__Butyrivibrio_crossotus	37.9995433434
ARO-PWY: chorismate biosynthesis I|g__Blautia.s__Ruminococcus_torques	26.3314581755
ARO-PWY: chorismate biosynthesis I|g__Lachnospiraceae_unclassified.s__Eubacterium_rectale	21.0674232548
ARO-PWY: chorismate biosynthesis I|g__Roseburia.s__Roseburia_hominis	19.7895612643
ARO-PWY: chorismate biosynthesis I|g__Holdemanella.s__Holdemanella_biformis	19.7090558890
ARO-PWY: chorismate biosynthesis I|g__Blautia.s__Blautia_obeum	17.9628013685
ARO-PWY: chorismate biosynthesis I|g__Bacteroides.s__Bacteroides_vulgatus	16.6970119628
ARO-PWY: chorismate biosynthesis I|g__Coprococcus.s__Coprococcus_sp_CAG_782	15.6322689583
ARO-PWY: chorismate biosynthesis I|g__Eubacterium.s__Eubacterium_eligens	15.1828447357
ARO-PWY: chorismate biosynthesis I|g__Collinsella.s__Collinsella_aerofaciens	13.2117412718
ARO-PWY: chorismate biosynthesis I|g__Blautia.s__Blautia_sp	7.9772079772
ARO-PWY: chorismate biosynthesis I|g__Roseburia.s__Roseburia_faecis	7.6794817656
ARO-PWY: chorismate biosynthesis I|g__Firmicutes_unclassified.s__Firmicutes_bacterium_CAG_56	6.8255196698
ARO-PWY: chorismate biosynthesis I|g__Blautia.s__Blautia_wexlerae	5.9459801098
ARO-PWY: chorismate biosynthesis I|g__Bacteroides.s__Bacteroides_caccae	2.6784006122
COA-PWY: coenzyme A biosynthesis I (prokaryotic)	916.1333530186
COA-PWY: coenzyme A biosynthesis I (prokaryotic)|g__Prevotella.s__Prevotella_copri	291.8895616706
COA-PWY: coenzyme A biosynthesis I (prokaryotic)|unclassified	151.0504078715
COA-PWY: coenzyme A biosynthesis I (prokaryotic)|g__Faecalibacterium.s__Faecalibacterium_prausnitzii	76.5769572108
COA-PWY: coenzyme A biosynthesis I (prokaryotic)|g__Butyrivibrio.s__Butyrivibrio_crossotus	40.9081041848
COA-PWY: coenzyme A biosynthesis I (prokaryotic)|g__Bifidobacterium.s__Bifidobacterium_adolescentis	30.4024874762
COA-PWY: coenzyme A biosynthesis I (prokaryotic)|g__Blautia.s__Ruminococcus_torques	26.6210087193
COA-PWY: coenzyme A biosynthesis I (prokaryotic)|g__Ruminococcus.s__Ruminococcus_bicirculans	21.7591430245
COA-PWY: coenzyme A biosynthesis I (prokaryotic)|g__Prevotella.s__Prevotella_sp_CAG_386	17.1858216971
COA-PWY: coenzyme A biosynthesis I (prokaryotic)|g__Lachnospiraceae_unclassified.s__Eubacterium_rectale	16.4899882214
COA-PWY: coenzyme A biosynthesis I (prokaryotic)|g__Blautia.s__Blautia_obeum	15.8534565625
COA-PWY: coenzyme A biosynthesis I (prokaryotic)|g__Sutterella.s__Sutterella_wadsworthensis	15.1551892831
COA-PWY: coenzyme A biosynthesis I (prokaryotic)|g__Holdemanella.s__Holdemanella_biformis	14.2493638677
COA-PWY: coenzyme A biosynthesis I (prokaryotic)|g__Bacteroides.s__Bacteroides_vulgatus	14.1342756184
COA-PWY: coenzyme A biosynthesis I (prokaryotic)|g__Coprococcus.s__Coprococcus_sp_CAG_782	10.9058011426
COA-PWY: coenzyme A biosynthesis I (prokaryotic)|g__Blautia.s__Blautia_wexlerae	9.8501949518
COA-PWY: coenzyme A biosynthesis I (prokaryotic)|g__Clostridium.s__Clostridium_sp_44_14	9.6533567354
COA-PWY: coenzyme A biosynthesis I (prokaryotic)|g__Eubacterium.s__Eubacterium_sp_CAG_581	9.2355782893
COA-PWY: coenzyme A biosynthesis I (prokaryotic)|g__Alistipes.s__Alistipes_putredinis	9.1024349013
COA-PWY: coenzyme A biosynthesis I (prokaryotic)|g__Firmicutes_unclassified.s__Firmicutes_bacterium_CAG_56	8.0260847755
COA-PWY: coenzyme A biosynthesis I (prokaryotic)|g__Alistipes.s__Alistipes_onderdonkii	7.8762306610
COA-PWY: coenzyme A biosynthesis I (prokaryotic)|g__Blautia.s__Blautia_sp	7.8027030793
COA-PWY: coenzyme A biosynthesis I (prokaryotic)|g__Bacteroides.s__Bacteroides_uniformis	6.9945355191
COA-PWY: coenzyme A biosynthesis I (prokaryotic)|g__Roseburia.s__Roseburia_faecis	6.9342116668
COA-PWY: coenzyme A biosynthesis I (prokaryotic)|g__Eubacterium.s__Eubacterium_eligens	6.6487661424
COA-PWY: coenzyme A biosynthesis I (prokaryotic)|g__Alistipes.s__Alistipes_finegoldii	3.2206119163
COA-PWY: coenzyme A biosynthesis I (prokaryotic)|g__Bacteroides.s__Bacteroides_ovatus	2.2929206076
PWY-7851: coenzyme A biosynthesis II (eukaryotic)	916.1333530186
PWY-7851: coenzyme A biosynthesis II (eukaryotic)|g__Prevotella.s__Prevotella_copri	291.8895616706
PWY-7851: coenzyme A biosynthesis II (eukaryotic)|unclassified	151.0504078715
PWY-7851: coenzyme A biosynthesis II (eukaryotic)|g__Faecalibacterium.s__Faecalibacterium_prausnitzii	74.9152417479
PWY-7851: coenzyme A biosynthesis II (eukaryotic)|g__Butyrivibrio.s__Butyrivibrio_crossotus	39.0728823566
PWY-7851: coenzyme A biosynthesis II (eukaryotic)|g__Blautia.s__Ruminococcus_torques	26.6210087193
PWY-7851: coenzyme A biosynthesis II (eukaryotic)|g__Bifidobacterium.s__Bifidobacterium_adolescentis	26.1399079162
PWY-7851: coenzyme A biosynthesis II (eukaryotic)|g__Ruminococcus.s__Ruminococcus_bicirculans	15.3473820908
PWY-7851: coenzyme A biosynthesis II (eukaryotic)|g__Sutterella.s__Sutterella_wadsworthensis	15.1551892831
PWY-7851: coenzyme A biosynthesis II (eukaryotic)|g__Bacteroides.s__Bacteroides_vulgatus	14.1342756184
PWY-7851: coenzyme A biosynthesis II (eukaryotic)|g__Coprococcus.s__Coprococcus_sp_CAG_782	10.9058011426
PWY-7851: coenzyme A biosynthesis II (eukaryotic)|g__Blautia.s__Blautia_wexlerae	9.8501949518
PWY-7851: coenzyme A biosynthesis II (eukaryotic)|g__Alistipes.s__Alistipes_putredinis	9.1024349013
PWY-7851: coenzyme A biosynthesis II (eukaryotic)|g__Blautia.s__Blautia_obeum	8.7656915268
PWY-7851: coenzyme A biosynthesis II (eukaryotic)|g__Alistipes.s__Alistipes_onderdonkii	7.8762306610
PWY-7851: coenzyme A biosynthesis II (eukaryotic)|g__Bacteroides.s__Bacteroides_uniformis	6.9945355191
PWY-7851: coenzyme A biosynthesis II (eukaryotic)|g__Roseburia.s__Roseburia_faecis	6.9342116668
PWY-5695: inosine 5'-phosphate degradation	896.6685824999
PWY-5695: inosine 5'-phosphate degradation|g__Prevotella.s__Prevotella_copri	365.8083314986
PWY-5695: inosine 5'-phosphate degradation|unclassified	116.5395438094
PWY-5695: inosine 5'-phosphate degradation|g__Faecalibacterium.s__Faecalibacterium_prausnitzii	42.5730942186
PWY-5695: inosine 5'-phosphate degradation|g__Blautia.s__Ruminococcus_torques	28.1549013728
PWY-5695: inosine 5'-phosphate degradation|g__Bacteroides.s__Bacteroides_vulgatus	19.5134550696
PWY-5695: inosine 5'-phosphate degradation|g__Ruminococcus.s__Ruminococcus_bicirculans	18.3928180425
PWY-5695: inosine 5'-phosphate degradation|g__Blautia.s__Blautia_wexlerae	16.2083936324
PWY-5695: inosine 5'-phosphate degradation|g__Prevotella.s__Prevotella_sp_CAG_386	13.9909059112
PWY-5695: inosine 5'-phosphate degradation|g__Roseburia.s__Roseburia_faecis	13.0903490760
PWY-5695: inosine 5'-phosphate degradation|g__Sutterella.s__Sutterella_wadsworthensis	10.4835675062
PWY-5695: inosine 5'-phosphate degradation|g__Bacteroides.s__Bacteroides_uniformis	7.6770370837
PWY-5695: inosine 5'-phosphate degradation|g__Fusicatenibacter.s__Fusicatenibacter_saccharivorans	7.4680453827
PWY-5695: inosine 5'-phosphate degradation|g__Alistipes.s__Alistipes_onderdonkii	6.9408294291
PWY-5695: inosine 5'-phosphate degradation|g__Coprococcus.s__Coprococcus_comes	5.2236369572
PWY-5695: inosine 5'-phosphate degradation|g__Lachnospira.s__Lachnospira_pectinoschiza	2.7573390612
PWY-5695: inosine 5'-phosphate degradation|g__Blautia.s__Blautia_obeum	2.4852438646
PWY-5695: inosine 5'-phosphate degradation|g__Alistipes.s__Alistipes_finegoldii	1.2126724269
GLYCOGENSYNTH-PWY: glycogen biosynthesis I (from ADP-D-Glucose)	869.1530710077
GLYCOGENSYNTH-PWY: glycogen biosynthesis I (from ADP-D-Glucose)|unclassified	169.6096428190
GLYCOGENSYNTH-PWY: glycogen biosynthesis I (from ADP-D-Glucose)|g__Faecalibacterium.s__Faecalibacterium_prausnitzii	118.5004273161
GLYCOGENSYNTH-PWY: glycogen biosynthesis I (from ADP-D-Glucose)|g__Blautia.s__Ruminococcus_torques	47.4624315352
GLYCOGENSYNTH-PWY: glycogen biosynthesis I (from ADP-D-Glucose)|g__Butyrivibrio.s__Butyrivibrio_crossotus	35.3586545021
GLYCOGENSYNTH-PWY: glycogen biosynthesis I (from ADP-D-Glucose)|g__Roseburia.s__Roseburia_hominis	29.2392896392
GLYCOGENSYNTH-PWY: glycogen biosynthesis I (from ADP-D-Glucose)|g__Bifidobacterium.s__Bifidobacterium_adolescentis	28.7420281998
GLYCOGENSYNTH-PWY: glycogen biosynthesis I (from ADP-D-Glucose)|g__Firmicutes_unclassified.s__Firmicutes_bacterium_CAG_65_45_313	26.3991399736
GLYCOGENSYNTH-PWY: glycogen biosynthesis I (from ADP-D-Glucose)|g__Blautia.s__Blautia_obeum	25.8535401684
GLYCOGENSYNTH-PWY: glycogen biosynthesis I (from ADP-D-Glucose)|g__Holdemanella.s__Holdemanella_biformis	24.3093837648
GLYCOGENSYNTH-PWY: glycogen biosynthesis I (from ADP-D-Glucose)|g__Blautia.s__Blautia_wexlerae	21.8420547116
GLYCOGENSYNTH-PWY: glycogen biosynthesis I (from ADP-D-Glucose)|g__Ruminococcus.s__Ruminococcus_bicirculans	19.9231052288
GLYCOGENSYNTH-PWY: glycogen biosynthesis I (from ADP-D-Glucose)|g__Collinsella.s__Collinsella_aerofaciens	15.7450768680
GLYCOGENSYNTH-PWY: glycogen biosynthesis I (from ADP-D-Glucose)|g__Roseburia.s__Roseburia_faecis	14.1507108983
GLYCOGENSYNTH-PWY: glycogen biosynthesis I (from ADP-D-Glucose)|g__Firmicutes_unclassified.s__Firmicutes_bacterium_CAG_176	13.1279199969
GLYCOGENSYNTH-PWY: glycogen biosynthesis I (from ADP-D-Glucose)|g__Fusicatenibacter.s__Fusicatenibacter_saccharivorans	12.4697342949
GLYCOGENSYNTH-PWY: glycogen biosynthesis I (from ADP-D-Glucose)|g__Eubacterium.s__Eubacterium_eligens	10.0832019508
GLYCOGENSYNTH-PWY: glycogen biosynthesis I (from ADP-D-Glucose)|g__Coprococcus.s__Coprococcus_comes	10.0795872319
GLYCOGENSYNTH-PWY: glycogen biosynthesis I (from ADP-D-Glucose)|g__Blautia.s__Blautia_sp	9.5546951126
GLYCOGENSYNTH-PWY: glycogen biosynthesis I (from ADP-D-Glucose)|g__Lachnospiraceae_unclassified.s__Eubacterium_rectale	8.8226147084
GLYCOGENSYNTH-PWY: glycogen biosynthesis I (from ADP-D-Glucose)|g__Dorea.s__Dorea_longicatena	8.1386992732
GLYCOGENSYNTH-PWY: glycogen biosynthesis I (from ADP-D-Glucose)|g__Blautia.s__Blautia_sp_CAG_52	7.9814286543
GLYCOGENSYNTH-PWY: glycogen biosynthesis I (from ADP-D-Glucose)|g__Bacteroides.s__Bacteroides_thetaiotaomicron	7.4022854056
GLYCOGENSYNTH-PWY: glycogen biosynthesis I (from ADP-D-Glucose)|g__Ruminococcus.s__Ruminococcus_lactaris	7.3439460057
GLYCOGENSYNTH-PWY: glycogen biosynthesis I (from ADP-D-Glucose)|g__Clostridium.s__Clostridium_sp_44_14	7.2684245159
GLYCOGENSYNTH-PWY: glycogen biosynthesis I (from ADP-D-Glucose)|g__Eubacterium.s__Eubacterium_hallii	5.7367392724
GLYCOGENSYNTH-PWY: glycogen biosynthesis I (from ADP-D-Glucose)|g__Bacteroides.s__Bacteroides_caccae	2.9884198730
GLYCOGENSYNTH-PWY: glycogen biosynthesis I (from ADP-D-Glucose)|g__Bifidobacterium.s__Bifidobacterium_bifidum	1.4749262537
GLYCOGENSYNTH-PWY: glycogen biosynthesis I (from ADP-D-Glucose)|g__Bacteroides.s__Bacteroides_ovatus	1.3320013320
PWY-5097: L-lysine biosynthesis VI	868.5569381843
PWY-5097: L-lysine biosynthesis VI|g__Prevotella.s__Prevotella_copri	286.2213689849
PWY-5097: L-lysine biosynthesis VI|unclassified	121.9821413203
PWY-5097: L-lysine biosynthesis VI|g__Faecalibacterium.s__Faecalibacterium_prausnitzii	62.8393245255
PWY-5097: L-lysine biosynthesis VI|g__Butyrivibrio.s__Butyrivibrio_crossotus	35.3121996613
PWY-5097: L-lysine biosynthesis VI|g__Bifidobacterium.s__Bifidobacterium_adolescentis	29.3058160687
PWY-5097: L-lysine biosynthesis VI|g__Roseburia.s__Roseburia_hominis	20.0242098024
PWY-5097: L-lysine biosynthesis VI|g__Blautia.s__Ruminococcus_torques	18.5589921426
PWY-5097: L-lysine biosynthesis VI|g__Blautia.s__Blautia_obeum	16.4431592391
PWY-5097: L-lysine biosynthesis VI|g__Bacteroides.s__Bacteroides_vulgatus	16.3244173509
PWY-5097: L-lysine biosynthesis VI|g__Blautia.s__Blautia_wexlerae	14.1358400355
PWY-5097: L-lysine biosynthesis VI|g__Coprococcus.s__Coprococcus_sp_CAG_782	13.5978522367
PWY-5097: L-lysine biosynthesis VI|g__Prevotella.s__Prevotella_sp_CAG_386	12.9304931312
PWY-5097: L-lysine biosynthesis VI|g__Eubacterium.s__Eubacterium_eligens	10.3993358415
PWY-5097: L-lysine biosynthesis VI|g__Bacteroides.s__Bacteroides_uniformis	8.5943095254
PWY-5097: L-lysine biosynthesis VI|g__Bacteroides.s__Bacteroides_thetaiotaomicron	6.0963471683
PWY-3841: folate transformations II (plants)	850.0429347102
PWY-3841: folate transformations II (plants)|unclassified	149.5592679440
PWY-3841: folate transformations II (plants)|g__Butyrivibrio.s__Butyrivibrio_crossotus	36.3441099622
PWY-3841: folate transformations II (plants)|g__Prevotella.s__Prevotella_copri	25.7793907222
PWY-3841: folate transformations II (plants)|g__Blautia.s__Ruminococcus_torques	23.6076896354
PWY-3841: folate transformations II (plants)|g__Roseburia.s__Roseburia_hominis	20.6598847283
PWY-3841: folate transformations II (plants)|g__Bacteroides.s__Bacteroides_vulgatus	20.5794885168
PWY-3841: folate transformations II (plants)|g__Lachnospiraceae_unclassified.s__Eubacterium_rectale	20.4909852971
PWY-3841: folate transformations II (plants)|g__Bifidobacterium.s__Bifidobacterium_adolescentis	20.2576945992
PWY-3841: folate transformations II (plants)|g__Firmicutes_unclassified.s__Firmicutes_bacterium_CAG_65_45_313	20.1054550830
PWY-3841: folate transformations II (plants)|g__Coprococcus.s__Coprococcus_sp_CAG_782	17.5534832693
PWY-3841: folate transformations II (plants)|g__Sutterella.s__Sutterella_wadsworthensis	14.6871995783
PWY-3841: folate transformations II (plants)|g__Firmicutes_unclassified.s__Firmicutes_bacterium_CAG_129	13.4430112345
PWY-3841: folate transformations II (plants)|g__Bacteroides.s__Bacteroides_uniformis	10.2798682670
PWY-3841: folate transformations II (plants)|g__Roseburia.s__Roseburia_faecis	7.6935406315
PWY-3841: folate transformations II (plants)|g__Bacteroides.s__Bacteroides_thetaiotaomicron	6.3066614111
PWY-3841: folate transformations II (plants)|g__Dorea.s__Dorea_longicatena	4.1764552336
PWY-3841: folate transformations II (plants)|g__Blautia.s__Blautia_obeum	2.0987514778
PWY-3841: folate transformations II (plants)|g__Bacteroides.s__Bacteroides_caccae	2.0529197686
HISTSYN-PWY: L-histidine biosynthesis	829.7145191823
HISTSYN-PWY: L-histidine biosynthesis|unclassified	139.3237290204
HISTSYN-PWY: L-histidine biosynthesis|g__Prevotella.s__Prevotella_copri	61.9199545331
HISTSYN-PWY: L-histidine biosynthesis|g__Faecalibacterium.s__Faecalibacterium_prausnitzii	58.2168759909
HISTSYN-PWY: L-histidine biosynthesis|g__Bacteroides.s__Bacteroides_vulgatus	22.6327740294
HISTSYN-PWY: L-histidine biosynthesis|g__Blautia.s__Ruminococcus_torques	19.4888242087
HISTSYN-PWY: L-histidine biosynthesis|g__Roseburia.s__Roseburia_hominis	19.4226324146
HISTSYN-PWY: L-histidine biosynthesis|g__Bifidobacterium.s__Bifidobacterium_adolescentis	19.0233339860
HISTSYN-PWY: L-histidine biosynthesis|g__Collinsella.s__Collinsella_aerofaciens	15.7456515431
HISTSYN-PWY: L-histidine biosynthesis|g__Sutterella.s__Sutterella_wadsworthensis	15.1981191603
HISTSYN-PWY: L-histidine biosynthesis|g__Prevotella.s__Prevotella_sp_CAG_386	14.0445469847
HISTSYN-PWY: L-histidine biosynthesis|g__Bacteroides.s__Bacteroides_uniformis	7.6472888906
HISTSYN-PWY: L-histidine biosynthesis|g__Bacteroides.s__Bacteroides_thetaiotaomicron	6.2383916952
HISTSYN-PWY: L-histidine biosynthesis|g__Blautia.s__Blautia_obeum	5.2682642896
PWY-7977: L-methionine biosynthesis IV	807.3966601057
PWY-7977: L-methionine biosynthesis IV|unclassified	140.7164092779
PWY-7977: L-methionine biosynthesis IV|g__Prevotella.s__Prevotella_copri	102.8698066497
PWY-7977: L-methionine biosynthesis IV|g__Faecalibacterium.s__Faecalibacterium_prausnitzii	32.4532627451
PWY-7977: L-methionine biosynthesis IV|g__Bacteroides.s__Bacteroides_vulgatus	17.6056448846
PWY-7977: L-methionine biosynthesis IV|g__Roseburia.s__Roseburia_hominis	16.3853514044
PWY-7977: L-methionine biosynthesis IV|g__Collinsella.s__Collinsella_aerofaciens	16.0267207580
PWY-7977: L-methionine biosynthesis IV|g__Blautia.s__Ruminococcus_torques	13.0065390888
PWY-7977: L-methionine biosynthesis IV|g__Prevotella.s__Prevotella_sp_CAG_386	11.3494845228
PWY-7977: L-methionine biosynthesis IV|g__Eubacterium.s__Eubacterium_eligens	10.7689295404
PWY-7977: L-methionine biosynthesis IV|g__Bacteroides.s__Bacteroides_uniformis	9.3847758081
PWY-7977: L-methionine biosynthesis IV|g__Lachnospira.s__Lachnospira_pectinoschiza	5.9355987535
PWY-7977: L-methionine biosynthesis IV|g__Bacteroides.s__Bacteroides_thetaiotaomicron	4.8100048100
PWY-7977: L-methionine biosynthesis IV|g__Bacteroides.s__Bacteroides_caccae	4.5559973492
PWY-7977: L-methionine biosynthesis IV|g__Alistipes.s__Alistipes_finegoldii	1.6695361820
PWY-7977: L-methionine biosynthesis IV|g__Bacteroides.s__Bacteroides_ovatus	1.2492192380
PWY-6121: 5-aminoimidazole ribonucleotide biosynthesis I	802.5148612159
PWY-6121: 5-aminoimidazole ribonucleotide biosynthesis I|unclassified	143.0969295569
PWY-6121: 5-aminoimidazole ribonucleotide biosynthesis I|g__Faecalibacterium.s__Faecalibacterium_prausnitzii	69.7543713282
PWY-6121: 5-aminoimidazole ribonucleotide biosynthesis I|g__Butyrivibrio.s__Butyrivibrio_crossotus	36.5272362430
PWY-6121: 5-aminoimidazole ribonucleotide biosynthesis I|g__Firmicutes_unclassified.s__Firmicutes_bacterium_CAG_65_45_313	23.5893178329
PWY-6121: 5-aminoimidazole ribonucleotide biosynthesis I|g__Roseburia.s__Roseburia_hominis	23.5794042778
PWY-6121: 5-aminoimidazole ribonucleotide biosynthesis I|g__Blautia.s__Ruminococcus_torques	21.9740923343
PWY-6121: 5-aminoimidazole ribonucleotide biosynthesis I|g__Holdemanella.s__Holdemanella_biformis	21.5402356371
PWY-6121: 5-aminoimidazole ribonucleotide biosynthesis I|g__Lachnospiraceae_unclassified.s__Eubacterium_rectale	19.8626336436
PWY-6121: 5-aminoimidazole ribonucleotide biosynthesis I|g__Coprococcus.s__Coprococcus_sp_CAG_782	18.8628594065
PWY-6121: 5-aminoimidazole ribonucleotide biosynthesis I|g__Ruminococcus.s__Ruminococcus_bicirculans	17.9922422258
PWY-6121: 5-aminoimidazole ribonucleotide biosynthesis I|g__Blautia.s__Blautia_obeum	17.7917521594
PWY-6121: 5-aminoimidazole ribonucleotide biosynthesis I|g__Collinsella.s__Collinsella_aerofaciens	17.6743052170
PWY-6121: 5-aminoimidazole ribonucleotide biosynthesis I|g__Bacteroides.s__Bacteroides_vulgatus	16.8493945323
PWY-6121: 5-aminoimidazole ribonucleotide biosynthesis I|g__Eubacterium.s__Eubacterium_eligens	13.7501155570
PWY-6121: 5-aminoimidazole ribonucleotide biosynthesis I|g__Bifidobacterium.s__Bifidobacterium_adolescentis	10.2583838277
PWY-6121: 5-aminoimidazole ribonucleotide biosynthesis I|g__Sutterella.s__Sutterella_wadsworthensis	9.1987363097
PWY-6121: 5-aminoimidazole ribonucleotide biosynthesis I|g__Clostridium.s__Clostridium_sp_44_14	7.8700443395
PWY-6121: 5-aminoimidazole ribonucleotide biosynthesis I|g__Lachnospira.s__Lachnospira_pectinoschiza	7.7184316147
PWY-6121: 5-aminoimidazole ribonucleotide biosynthesis I|g__Blautia.s__Blautia_wexlerae	7.1922299183
PWY-6121: 5-aminoimidazole ribonucleotide biosynthesis I|g__Bacteroides.s__Bacteroides_uniformis	6.6231807596
PWY-6121: 5-aminoimidazole ribonucleotide biosynthesis I|g__Ruminococcus.s__Ruminococcus_lactaris	6.2827571384
PWY-6121: 5-aminoimidazole ribonucleotide biosynthesis I|g__Blautia.s__Blautia_sp	6.1362394918
PWY-6121: 5-aminoimidazole ribonucleotide biosynthesis I|g__Firmicutes_unclassified.s__Firmicutes_bacterium_CAG_56	5.7155921353
PWY-6121: 5-aminoimidazole ribonucleotide biosynthesis I|g__Alistipes.s__Alistipes_finegoldii	3.9667283035
PWY-6121: 5-aminoimidazole ribonucleotide biosynthesis I|g__Alistipes.s__Alistipes_onderdonkii	3.4577091660
PWY-2942: L-lysine biosynthesis III	793.2447425669
PWY-2942: L-lysine biosynthesis III|unclassified	91.7946125233
PWY-2942: L-lysine biosynthesis III|g__Blautia.s__Ruminococcus_torques	12.9179913168
PWY-2942: L-lysine biosynthesis III|g__Coprococcus.s__Coprococcus_sp_CAG_782	11.4930673229
PWY-2942: L-lysine biosynthesis III|g__Bacteroides.s__Bacteroides_uniformis	8.7823906098
CALVIN-PWY: Calvin-Benson-Bassham cycle	774.8973379165
CALVIN-PWY: Calvin-Benson-Bassham cycle|unclassified	77.1307903792
CALVIN-PWY: Calvin-Benson-Bassham cycle|g__Blautia.s__Ruminococcus_torques	32.8766943816
CALVIN-PWY: Calvin-Benson-Bassham cycle|g__Blautia.s__Blautia_wexlerae	26.0865037502
CALVIN-PWY: Calvin-Benson-Bassham cycle|g__Collinsella.s__Collinsella_aerofaciens	18.8820058455
CALVIN-PWY: Calvin-Benson-Bassham cycle|g__Eubacterium.s__Eubacterium_hallii	13.6800958158
CALVIN-PWY: Calvin-Benson-Bassham cycle|g__Blautia.s__Blautia_sp	13.4057923271
CALVIN-PWY: Calvin-Benson-Bassham cycle|g__Eubacterium.s__Eubacterium_eligens	12.1377997263
CALVIN-PWY: Calvin-Benson-Bassham cycle|g__Lachnospiraceae_unclassified.s__Eubacterium_rectale	10.9863131712
CALVIN-PWY: Calvin-Benson-Bassham cycle|g__Blautia.s__Blautia_obeum	7.2810720253
CALVIN-PWY: Calvin-Benson-Bassham cycle|g__Roseburia.s__Roseburia_faecis	7.1928995812
CALVIN-PWY: Calvin-Benson-Bassham cycle|g__Fusicatenibacter.s__Fusicatenibacter_saccharivorans	4.5300113250
ARGSYN-PWY: L-arginine biosynthesis I (via L-ornithine)	759.8546575999
ARGSYN-PWY: L-arginine biosynthesis I (via L-ornithine)|g__Faecalibacterium.s__Faecalibacterium_prausnitzii	95.2033869033
ARGSYN-PWY: L-arginine biosynthesis I (via L-ornithine)|unclassified	86.5002738837
ARGSYN-PWY: L-arginine biosynthesis I (via L-ornithine)|g__Butyrivibrio.s__Butyrivibrio_crossotus	27.0469993829
ARGSYN-PWY: L-arginine biosynthesis I (via L-ornithine)|g__Ruminococcus.s__Ruminococcus_bicirculans	25.0727117189
ARGSYN-PWY: L-arginine biosynthesis I (via L-ornithine)|g__Blautia.s__Ruminococcus_torques	24.8150127594
ARGSYN-PWY: L-arginine biosynthesis I (via L-ornithine)|g__Bifidobacterium.s__Bifidobacterium_adolescentis	23.0527657327
ARGSYN-PWY: L-arginine biosynthesis I (via L-ornithine)|g__Firmicutes_unclassified.s__Firmicutes_bacterium_CAG_65_45_313	21.0809207181
ARGSYN-PWY: L-arginine biosynthesis I (via L-ornithine)|g__Blautia.s__Blautia_wexlerae	20.4886826713
ARGSYN-PWY: L-arginine biosynthesis I (via L-ornithine)|g__Roseburia.s__Roseburia_hominis	18.9756732149
ARGSYN-PWY: L-arginine biosynthesis I (via L-ornithine)|g__Collinsella.s__Collinsella_aerofaciens	17.8330807615
ARGSYN-PWY: L-arginine biosynthesis I (via L-ornithine)|g__Lachnospiraceae_unclassified.s__Eubacterium_rectale	17.7743326657
ARGSYN-PWY: L-arginine biosynthesis I (via L-ornithine)|g__Eubacterium.s__Eubacterium_eligens	9.9505338545
ARGSYN-PWY: L-arginine biosynthesis I (via L-ornithine)|g__Eubacterium.s__Eubacterium_sp_CAG_581	9.7214405929
ARGSYN-PWY: L-arginine biosynthesis I (via L-ornithine)|g__Roseburia.s__Roseburia_faecis	5.1711734905
ARGSYN-PWY: L-arginine biosynthesis I (via L-ornithine)|g__Ruminococcus.s__Ruminococcus_lactaris	4.1586340660
ARGSYN-PWY: L-arginine biosynthesis I (via L-ornithine)|g__Blautia.s__Blautia_obeum	2.3588727748
PWY-6629: superpathway of L-tryptophan biosynthesis	753.3572491861
PWY-6629: superpathway of L-tryptophan biosynthesis|unclassified	118.8660471257
PWY-6629: superpathway of L-tryptophan biosynthesis|g__Butyrivibrio.s__Butyrivibrio_crossotus	39.7703593827
PWY-6629: superpathway of L-tryptophan biosynthesis|g__Blautia.s__Blautia_obeum	8.5403034830
PWY-6629: superpathway of L-tryptophan biosynthesis|g__Blautia.s__Blautia_wexlerae	6.9011923449
PWY-5941: glycogen degradation II	753.1007972799
PWY-5941: glycogen degradation II|g__Faecalibacterium.s__Faecalibacterium_prausnitzii	115.8462479618
PWY-5941: glycogen degradation II|unclassified	109.7207122374
PWY-5941: glycogen degradation II|g__Bifidobacterium.s__Bifidobacterium_adolescentis	38.3387528829
PWY-5941: glycogen degradation II|g__Blautia.s__Blautia_obeum	28.0229751064
PWY-5941: glycogen degradation II|g__Blautia.s__Blautia_wexlerae	25.5445378493
PWY-5941: glycogen degradation II|g__Collinsella.s__Collinsella_aerofaciens	24.7867871926
PWY-5941: glycogen degradation II|g__Blautia.s__Ruminococcus_torques	24.2888201578
PWY-5941: glycogen degradation II|g__Roseburia.s__Roseburia_hominis	22.9906350505
PWY-5941: glycogen degradation II|g__Roseburia.s__Roseburia_faecis	17.6769258487
PWY-5941: glycogen degradation II|g__Eubacterium.s__Eubacterium_eligens	14.2047238448
PWY-5941: glycogen degradation II|g__Holdemanella.s__Holdemanella_biformis	11.5654738939
PWY-5941: glycogen degradation II|g__Blautia.s__Blautia_sp	11.4246951591
PWY-5941: glycogen degradation II|g__Fusicatenibacter.s__Fusicatenibacter_saccharivorans	10.1873201672
PWY-5941: glycogen degradation II|g__Blautia.s__Blautia_sp_CAG_52	9.9527798157
PWY-5941: glycogen degradation II|g__Bacteroides.s__Bacteroides_thetaiotaomicron	5.7080728459
PANTOSYN-PWY: superpathway of coenzyme A biosynthesis I (bacteria)	745.1780670144
PANTOSYN-PWY: superpathway of coenzyme A biosynthesis I (bacteria)|unclassified	139.7411068532
PANTOSYN-PWY: superpathway of coenzyme A biosynthesis I (bacteria)|g__Butyrivibrio.s__Butyrivibrio_crossotus	38.1623123191
PANTOSYN-PWY: superpathway of coenzyme A biosynthesis I (bacteria)|g__Bacteroides.s__Bacteroides_vulgatus	16.4125590502
PANTOSYN-PWY: superpathway of coenzyme A biosynthesis I (bacteria)|g__Blautia.s__Ruminococcus_torques	15.4732585353
PANTOSYN-PWY: superpathway of coenzyme A biosynthesis I (bacteria)|g__Coprococcus.s__Coprococcus_sp_CAG_782	13.3562150021
PANTOSYN-PWY: superpathway of coenzyme A biosynthesis I (bacteria)|g__Roseburia.s__Roseburia_faecis	8.6074000870
PANTOSYN-PWY: superpathway of coenzyme A biosynthesis I (bacteria)|g__Bacteroides.s__Bacteroides_uniformis	6.9892895609
ARGSYNBSUB-PWY: L-arginine biosynthesis II (acetyl cycle)	738.8767912463
ARGSYNBSUB-PWY: L-arginine biosynthesis II (acetyl cycle)|unclassified	116.7497541046
ARGSYNBSUB-PWY: L-arginine biosynthesis II (acetyl cycle)|g__Faecalibacterium.s__Faecalibacterium_prausnitzii	99.0710639381
ARGSYNBSUB-PWY: L-arginine biosynthesis II (acetyl cycle)|g__Blautia.s__Ruminococcus_torques	28.5747355312
ARGSYNBSUB-PWY: L-arginine biosynthesis II (acetyl cycle)|g__Butyrivibrio.s__Butyrivibrio_crossotus	27.3732475050
ARGSYNBSUB-PWY: L-arginine biosynthesis II (acetyl cycle)|g__Bifidobacterium.s__Bifidobacterium_adolescentis	26.5183118780
ARGSYNBSUB-PWY: L-arginine biosynthesis II (acetyl cycle)|g__Ruminococcus.s__Ruminococcus_bicirculans	23.5070342191
ARGSYNBSUB-PWY: L-arginine biosynthesis II (acetyl cycle)|g__Firmicutes_unclassified.s__Firmicutes_bacterium_CAG_65_45_313	23.1058048248
ARGSYNBSUB-PWY: L-arginine biosynthesis II (acetyl cycle)|g__Roseburia.s__Roseburia_hominis	21.6910448074
ARGSYNBSUB-PWY: L-arginine biosynthesis II (acetyl cycle)|g__Blautia.s__Blautia_wexlerae	19.3916541870
ARGSYNBSUB-PWY: L-arginine biosynthesis II (acetyl cycle)|g__Lachnospiraceae_unclassified.s__Eubacterium_rectale	19.1733384086
ARGSYNBSUB-PWY: L-arginine biosynthesis II (acetyl cycle)|g__Coprococcus.s__Coprococcus_sp_CAG_782	19.1661367616
ARGSYNBSUB-PWY: L-arginine biosynthesis II (acetyl cycle)|g__Collinsella.s__Collinsella_aerofaciens	17.1824497749
ARGSYNBSUB-PWY: L-arginine biosynthesis II (acetyl cycle)|g__Sutterella.s__Sutterella_wadsworthensis	10.4765356690
ARGSYNBSUB-PWY: L-arginine biosynthesis II (acetyl cycle)|g__Eubacterium.s__Eubacterium_sp_CAG_581	10.2966279019
ARGSYNBSUB-PWY: L-arginine biosynthesis II (acetyl cycle)|g__Eubacterium.s__Eubacterium_eligens	9.8116468519
ARGSYNBSUB-PWY: L-arginine biosynthesis II (acetyl cycle)|g__Gemmiger.s__Gemmiger_formicilis	7.4061786693
ARGSYNBSUB-PWY: L-arginine biosynthesis II (acetyl cycle)|g__Roseburia.s__Roseburia_faecis	7.0478045613
ARGSYNBSUB-PWY: L-arginine biosynthesis II (acetyl cycle)|g__Blautia.s__Blautia_sp	6.6457755692
ARGSYNBSUB-PWY: L-arginine biosynthesis II (acetyl cycle)|g__Ruminococcus.s__Ruminococcus_lactaris	5.3483886001
ARGSYNBSUB-PWY: L-arginine biosynthesis II (acetyl cycle)|g__Blautia.s__Blautia_obeum	3.6120086407
GLUTORN-PWY: L-ornithine biosynthesis I	734.6640197764
GLUTORN-PWY: L-ornithine biosynthesis I|unclassified	96.9650235866
GLUTORN-PWY: L-ornithine biosynthesis I|g__Faecalibacterium.s__Faecalibacterium_prausnitzii	91.1376011766
GLUTORN-PWY: L-ornithine biosynthesis I|g__Blautia.s__Ruminococcus_torques	28.3868792081
GLUTORN-PWY: L-ornithine biosynthesis I|g__Butyrivibrio.s__Butyrivibrio_crossotus	26.6669432230
GLUTORN-PWY: L-ornithine biosynthesis I|g__Firmicutes_unclassified.s__Firmicutes_bacterium_CAG_65_45_313	23.5330145513
GLUTORN-PWY: L-ornithine biosynthesis I|g__Ruminococcus.s__Ruminococcus_bicirculans	18.7029169682
GLUTORN-PWY: L-ornithine biosynthesis I|g__Bifidobacterium.s__Bifidobacterium_adolescentis	17.4931893273
GLUTORN-PWY: L-ornithine biosynthesis I|g__Lachnospiraceae_unclassified.s__Eubacterium_rectale	17.1981530109
GLUTORN-PWY: L-ornithine biosynthesis I|g__Roseburia.s__Roseburia_hominis	16.1916284253
GLUTORN-PWY: L-ornithine biosynthesis I|g__Collinsella.s__Collinsella_aerofaciens	14.3908962465
GLUTORN-PWY: L-ornithine biosynthesis I|g__Blautia.s__Blautia_wexlerae	11.4531952582
GLUTORN-PWY: L-ornithine biosynthesis I|g__Eubacterium.s__Eubacterium_sp_CAG_581	9.2275435755
GLUTORN-PWY: L-ornithine biosynthesis I|g__Eubacterium.s__Eubacterium_eligens	8.7578989341
GLUTORN-PWY: L-ornithine biosynthesis I|g__Blautia.s__Blautia_sp	7.2967094647
GLUTORN-PWY: L-ornithine biosynthesis I|g__Roseburia.s__Roseburia_faecis	6.4560756283
GLUTORN-PWY: L-ornithine biosynthesis I|g__Ruminococcus.s__Ruminococcus_lactaris	5.1345245430
GLUTORN-PWY: L-ornithine biosynthesis I|g__Blautia.s__Blautia_obeum	2.5242644924
ANAGLYCOLYSIS-PWY: glycolysis III (from glucose)	719.5952910937
ANAGLYCOLYSIS-PWY: glycolysis III (from glucose)|unclassified	80.3281397196
ANAGLYCOLYSIS-PWY: glycolysis III (from glucose)|g__Blautia.s__Ruminococcus_torques	23.5991752319
ANAGLYCOLYSIS-PWY: glycolysis III (from glucose)|g__Roseburia.s__Roseburia_hominis	20.0310062601
ANAGLYCOLYSIS-PWY: glycolysis III (from glucose)|g__Collinsella.s__Collinsella_aerofaciens	15.2240736601
ANAGLYCOLYSIS-PWY: glycolysis III (from glucose)|g__Ruminococcus.s__Ruminococcus_bicirculans	15.0538220462
ANAGLYCOLYSIS-PWY: glycolysis III (from glucose)|g__Lachnospiraceae_unclassified.s__Eubacterium_rectale	14.9817945571
ANAGLYCOLYSIS-PWY: glycolysis III (from glucose)|g__Eubacterium.s__Eubacterium_eligens	12.4827453948
ANAGLYCOLYSIS-PWY: glycolysis III (from glucose)|g__Blautia.s__Blautia_obeum	11.8098664386
ANAGLYCOLYSIS-PWY: glycolysis III (from glucose)|g__Blautia.s__Blautia_wexlerae	10.8939879519
PWY-6700: queuosine biosynthesis I (de novo)	710.8787578508
PWY-6700: queuosine biosynthesis I (de novo)|g__Prevotella.s__Prevotella_copri	318.4459710499
PWY-6700: queuosine biosynthesis I (de novo)|unclassified	124.3705442237
PWY-6700: queuosine biosynthesis I (de novo)|g__Faecalibacterium.s__Faecalibacterium_prausnitzii	56.6390016179
PWY-6700: queuosine biosynthesis I (de novo)|g__Butyrivibrio.s__Butyrivibrio_crossotus	28.9208395307
PWY-6700: queuosine biosynthesis I (de novo)|g__Lachnospiraceae_unclassified.s__Eubacterium_rectale	26.0857418654
PWY-6700: queuosine biosynthesis I (de novo)|g__Blautia.s__Ruminococcus_torques	21.6644850447
PWY-6700: queuosine biosynthesis I (de novo)|g__Bacteroides.s__Bacteroides_vulgatus	21.0820138471
PWY-6700: queuosine biosynthesis I (de novo)|g__Roseburia.s__Roseburia_hominis	20.6470935245
PWY-6700: queuosine biosynthesis I (de novo)|g__Firmicutes_unclassified.s__Firmicutes_bacterium_CAG_65_45_313	19.4891069813
PWY-6700: queuosine biosynthesis I (de novo)|g__Ruminococcus.s__Ruminococcus_bicirculans	16.7089421078
PWY-6700: queuosine biosynthesis I (de novo)|g__Coprococcus.s__Coprococcus_sp_CAG_782	16.2727624952
PWY-6700: queuosine biosynthesis I (de novo)|g__Prevotella.s__Prevotella_sp_CAG_386	15.3081570844
PWY-6700: queuosine biosynthesis I (de novo)|g__Collinsella.s__Collinsella_aerofaciens	13.5010739491
PWY-6700: queuosine biosynthesis I (de novo)|g__Bacteroides.s__Bacteroides_uniformis	10.9222806374
PWY-6700: queuosine biosynthesis I (de novo)|g__Eubacterium.s__Eubacterium_eligens	10.6809078772
PWY-6700: queuosine biosynthesis I (de novo)|g__Roseburia.s__Roseburia_faecis	9.2472626578
PWY-6700: queuosine biosynthesis I (de novo)|g__Blautia.s__Blautia_wexlerae	9.1428571429
PWY-6700: queuosine biosynthesis I (de novo)|g__Phascolarctobacterium.s__Phascolarctobacterium_succinatutens	8.1688223281
PWY-6700: queuosine biosynthesis I (de novo)|g__Blautia.s__Blautia_obeum	7.7911959486
PWY-6700: queuosine biosynthesis I (de novo)|g__Lactobacillus.s__Lactobacillus_ruminis	7.1652485446
PWY-6700: queuosine biosynthesis I (de novo)|g__Eubacterium.s__Eubacterium_hallii	7.0528078991
PWY-6700: queuosine biosynthesis I (de novo)|g__Bacteroides.s__Bacteroides_ovatus	3.0705368003
PWY-6700: queuosine biosynthesis I (de novo)|g__Ruminococcus.s__Ruminococcus_lactaris	1.9872813990
PWY-5154: L-arginine biosynthesis III (via N-acetyl-L-citrulline)	704.2955606534
PWY-5154: L-arginine biosynthesis III (via N-acetyl-L-citrulline)|unclassified	28.5965382123
PWY-7199: pyrimidine deoxyribonucleosides salvage	696.2407371882
PWY-7199: pyrimidine deoxyribonucleosides salvage|unclassified	71.0964045609
PWY-7199: pyrimidine deoxyribonucleosides salvage|g__Bacteroides.s__Bacteroides_vulgatus	17.0794747553
PWY-7199: pyrimidine deoxyribonucleosides salvage|g__Blautia.s__Ruminococcus_torques	13.1721924763
PWY-7199: pyrimidine deoxyribonucleosides salvage|g__Bacteroides.s__Bacteroides_uniformis	11.2087520393
PWY0-1296: purine ribonucleosides degradation	677.8495413995
PWY0-1296: purine ribonucleosides degradation|g__Faecalibacterium.s__Faecalibacterium_prausnitzii	117.3204125788
PWY0-1296: purine ribonucleosides degradation|unclassified	112.4813433278
PWY0-1296: purine ribonucleosides degradation|g__Clostridium.s__Clostridium_sp_CAG_813	37.7221617700
PWY0-1296: purine ribonucleosides degradation|g__Butyrivibrio.s__Butyrivibrio_crossotus	27.9937791602
PWY0-1296: purine ribonucleosides degradation|g__Blautia.s__Ruminococcus_torques	22.4065912029
PWY0-1296: purine ribonucleosides degradation|g__Lachnospiraceae_unclassified.s__Eubacterium_rectale	18.8948872658
PWY0-1296: purine ribonucleosides degradation|g__Firmicutes_unclassified.s__Firmicutes_bacterium_CAG_65_45_313	18.2683600212
PWY0-1296: purine ribonucleosides degradation|g__Blautia.s__Blautia_obeum	18.0952380952
PWY0-1296: purine ribonucleosides degradation|g__Roseburia.s__Roseburia_hominis	15.2137073997
PWY0-1296: purine ribonucleosides degradation|g__Blautia.s__Blautia_wexlerae	10.9393992013
PWY0-1296: purine ribonucleosides degradation|g__Roseburia.s__Roseburia_faecis	9.9541791752
PWY0-1296: purine ribonucleosides degradation|g__Fusicatenibacter.s__Fusicatenibacter_saccharivorans	6.7114093960
1CMET2-PWY: folate transformations III (E. coli)	668.3768642223
1CMET2-PWY: folate transformations III (E. coli)|unclassified	111.7580951178
1CMET2-PWY: folate transformations III (E. coli)|g__Blautia.s__Ruminococcus_torques	16.5257836760
1CMET2-PWY: folate transformations III (E. coli)|g__Roseburia.s__Roseburia_faecis	7.3075154752
1CMET2-PWY: folate transformations III (E. coli)|g__Blautia.s__Blautia_obeum	2.2448582056
PWY-724: superpathway of L-lysine, L-threonine and L-methionine biosynthesis II	658.8803355716
PWY-724: superpathway of L-lysine, L-threonine and L-methionine biosynthesis II|unclassified	85.3451275782
PWY-724: superpathway of L-lysine, L-threonine and L-methionine biosynthesis II|g__Faecalibacterium.s__Faecalibacterium_prausnitzii	41.9590457711
PWY-724: superpathway of L-lysine, L-threonine and L-methionine biosynthesis II|g__Bifidobacterium.s__Bifidobacterium_adolescentis	29.9488730960
PWY-724: superpathway of L-lysine, L-threonine and L-methionine biosynthesis II|g__Blautia.s__Blautia_obeum	18.0882471396
PWY-724: superpathway of L-lysine, L-threonine and L-methionine biosynthesis II|g__Blautia.s__Ruminococcus_torques	16.0980617542
PWY-724: superpathway of L-lysine, L-threonine and L-methionine biosynthesis II|g__Roseburia.s__Roseburia_hominis	15.6573110167
PWY-724: superpathway of L-lysine, L-threonine and L-methionine biosynthesis II|g__Coprococcus.s__Coprococcus_sp_CAG_782	11.5873219842
PWY-724: superpathway of L-lysine, L-threonine and L-methionine biosynthesis II|g__Bacteroides.s__Bacteroides_uniformis	8.0157059256
PANTO-PWY: phosphopantothenate biosynthesis I	657.2416256516
PANTO-PWY: phosphopantothenate biosynthesis I|unclassified	171.9376973677
PANTO-PWY: phosphopantothenate biosynthesis I|g__Butyrivibrio.s__Butyrivibrio_crossotus	41.5240439835
PANTO-PWY: phosphopantothenate biosynthesis I|g__Bacteroides.s__Bacteroides_vulgatus	25.6998237811
PANTO-PWY: phosphopantothenate biosynthesis I|g__Clostridium.s__Clostridium_sp_CAG_813	19.5944242337
PANTO-PWY: phosphopantothenate biosynthesis I|g__Coprococcus.s__Coprococcus_sp_CAG_782	15.4746207851
PANTO-PWY: phosphopantothenate biosynthesis I|g__Blautia.s__Ruminococcus_torques	11.4158057019
PANTO-PWY: phosphopantothenate biosynthesis I|g__Roseburia.s__Roseburia_faecis	10.0707349239
PANTO-PWY: phosphopantothenate biosynthesis I|g__Phascolarctobacterium.s__Phascolarctobacterium_succinatutens	8.4691933093
PANTO-PWY: phosphopantothenate biosynthesis I|g__Alistipes.s__Alistipes_onderdonkii	7.0333485786
PANTO-PWY: phosphopantothenate biosynthesis I|g__Bacteroides.s__Bacteroides_uniformis	6.5166795966
PANTO-PWY: phosphopantothenate biosynthesis I|g__Blautia.s__Blautia_wexlerae	6.1119599944
PANTO-PWY: phosphopantothenate biosynthesis I|g__Bacteroides.s__Bacteroides_caccae	5.8931860037
PANTO-PWY: phosphopantothenate biosynthesis I|g__Bacteroides.s__Bacteroides_thetaiotaomicron	3.2639738882
PANTO-PWY: phosphopantothenate biosynthesis I|g__Blautia.s__Blautia_sp	2.1711737908
PWY0-1319: CDP-diacylglycerol biosynthesis II	656.9806025078
PWY0-1319: CDP-diacylglycerol biosynthesis II|unclassified	85.2254970358
PWY0-1319: CDP-diacylglycerol biosynthesis II|g__Faecalibacterium.s__Faecalibacterium_prausnitzii	53.5462723243
PWY0-1319: CDP-diacylglycerol biosynthesis II|g__Butyrivibrio.s__Butyrivibrio_crossotus	29.0557018397
PWY0-1319: CDP-diacylglycerol biosynthesis II|g__Firmicutes_unclassified.s__Firmicutes_bacterium_CAG_65_45_313	28.9899611868
PWY0-1319: CDP-diacylglycerol biosynthesis II|g__Lachnospiraceae_unclassified.s__Eubacterium_rectale	24.6708575495
PWY0-1319: CDP-diacylglycerol biosynthesis II|g__Coprococcus.s__Coprococcus_sp_CAG_782	15.0119413170
PWY0-1319: CDP-diacylglycerol biosynthesis II|g__Blautia.s__Ruminococcus_torques	15.0067003350
PWY0-1319: CDP-diacylglycerol biosynthesis II|g__Blautia.s__Blautia_obeum	13.1476861319
PWY0-1319: CDP-diacylglycerol biosynthesis II|g__Blautia.s__Blautia_wexlerae	11.2727341988
PWY0-1319: CDP-diacylglycerol biosynthesis II|g__Eubacterium.s__Eubacterium_eligens	10.8087149261
PWY0-1319: CDP-diacylglycerol biosynthesis II|g__Bacteroides.s__Bacteroides_vulgatus	9.2403934382
PWY0-1319: CDP-diacylglycerol biosynthesis II|g__Blautia.s__Blautia_sp	5.5382485289
PWY0-1319: CDP-diacylglycerol biosynthesis II|g__Bacteroides.s__Bacteroides_ovatus	2.0095453404
PWY0-1319: CDP-diacylglycerol biosynthesis II|g__Bacteroides.s__Bacteroides_caccae	1.9885657470
PWY-5667: CDP-diacylglycerol biosynthesis I	656.9806025078
PWY-5667: CDP-diacylglycerol biosynthesis I|unclassified	85.2254970358
PWY-5667: CDP-diacylglycerol biosynthesis I|g__Faecalibacterium.s__Faecalibacterium_prausnitzii	53.5462723243
PWY-5667: CDP-diacylglycerol biosynthesis I|g__Butyrivibrio.s__Butyrivibrio_crossotus	29.0557018397
PWY-5667: CDP-diacylglycerol biosynthesis I|g__Firmicutes_unclassified.s__Firmicutes_bacterium_CAG_65_45_313	28.9899611868
PWY-5667: CDP-diacylglycerol biosynthesis I|g__Lachnospiraceae_unclassified.s__Eubacterium_rectale	24.6708575495
PWY-5667: CDP-diacylglycerol biosynthesis I|g__Coprococcus.s__Coprococcus_sp_CAG_782	15.0119413170
PWY-5667: CDP-diacylglycerol biosynthesis I|g__Blautia.s__Ruminococcus_torques	15.0067003350
PWY-5667: CDP-diacylglycerol biosynthesis I|g__Blautia.s__Blautia_obeum	13.1476861319
PWY-5667: CDP-diacylglycerol biosynthesis I|g__Blautia.s__Blautia_wexlerae	11.2727341988
PWY-5667: CDP-diacylglycerol biosynthesis I|g__Eubacterium.s__Eubacterium_eligens	10.8087149261
PWY-5667: CDP-diacylglycerol biosynthesis I|g__Bacteroides.s__Bacteroides_vulgatus	9.2403934382
PWY-5667: CDP-diacylglycerol biosynthesis I|g__Blautia.s__Blautia_sp	5.5382485289
PWY-5667: CDP-diacylglycerol biosynthesis I|g__Bacteroides.s__Bacteroides_ovatus	2.0095453404
PWY-5667: CDP-diacylglycerol biosynthesis I|g__Bacteroides.s__Bacteroides_caccae	1.9885657470
HSERMETANA-PWY: L-methionine biosynthesis III	655.9319624472
HSERMETANA-PWY: L-methionine biosynthesis III|unclassified	190.5070580559
HSERMETANA-PWY: L-methionine biosynthesis III|g__Ruminococcus.s__Ruminococcus_bicirculans	19.7017765111
HSERMETANA-PWY: L-methionine biosynthesis III|g__Bifidobacterium.s__Bifidobacterium_adolescentis	18.2769353023
HSERMETANA-PWY: L-methionine biosynthesis III|g__Blautia.s__Ruminococcus_torques	11.1626467487
HSERMETANA-PWY: L-methionine biosynthesis III|g__Roseburia.s__Roseburia_hominis	10.8713421612
HSERMETANA-PWY: L-methionine biosynthesis III|g__Fusicatenibacter.s__Fusicatenibacter_saccharivorans	10.5333082540
HSERMETANA-PWY: L-methionine biosynthesis III|g__Roseburia.s__Roseburia_faecis	10.4230002494
HSERMETANA-PWY: L-methionine biosynthesis III|g__Blautia.s__Blautia_wexlerae	9.0583285260
HSERMETANA-PWY: L-methionine biosynthesis III|g__Eubacterium.s__Eubacterium_eligens	7.9437131185
HSERMETANA-PWY: L-methionine biosynthesis III|g__Dorea.s__Dorea_longicatena	7.9314844770
HSERMETANA-PWY: L-methionine biosynthesis III|g__Lachnospira.s__Lachnospira_pectinoschiza	7.0344688976
HSERMETANA-PWY: L-methionine biosynthesis III|g__Ruminococcus.s__Ruminococcus_lactaris	6.9397443190
PWY-7111: pyruvate fermentation to isobutanol (engineered)	648.0683457484
PWY-7111: pyruvate fermentation to isobutanol (engineered)|unclassified	71.3407618637
PWY-7111: pyruvate fermentation to isobutanol (engineered)|g__Butyrivibrio.s__Butyrivibrio_crossotus	36.5137209169
PWY-7111: pyruvate fermentation to isobutanol (engineered)|g__Faecalibacterium.s__Faecalibacterium_prausnitzii	35.4908725364
PWY-7111: pyruvate fermentation to isobutanol (engineered)|g__Bifidobacterium.s__Bifidobacterium_adolescentis	30.8362649062
PWY-7111: pyruvate fermentation to isobutanol (engineered)|g__Roseburia.s__Roseburia_hominis	22.5031726042
PWY-7111: pyruvate fermentation to isobutanol (engineered)|g__Blautia.s__Ruminococcus_torques	16.6656108628
PWY-7111: pyruvate fermentation to isobutanol (engineered)|g__Roseburia.s__Roseburia_faecis	14.3407153410
PWY-7111: pyruvate fermentation to isobutanol (engineered)|g__Eubacterium.s__Eubacterium_eligens	10.2894713633
PWY-7111: pyruvate fermentation to isobutanol (engineered)|g__Blautia.s__Blautia_wexlerae	10.0015002589
PWY-7111: pyruvate fermentation to isobutanol (engineered)|g__Blautia.s__Blautia_obeum	6.9950073968
PWY-7111: pyruvate fermentation to isobutanol (engineered)|g__Coprococcus.s__Coprococcus_comes	3.7012810699
PWY-7111: pyruvate fermentation to isobutanol (engineered)|g__Ruminococcus.s__Ruminococcus_lactaris	2.0810034326
PWY66-429: fatty acid biosynthesis initiation (mitochondria)	638.4574523827
PWY66-429: fatty acid biosynthesis initiation (mitochondria)|unclassified	93.0026237086
PWY66-429: fatty acid biosynthesis initiation (mitochondria)|g__Clostridium.s__Clostridium_sp_CAG_813	30.8413547386
PWY66-429: fatty acid biosynthesis initiation (mitochondria)|g__Bacteroides.s__Bacteroides_vulgatus	29.3835611347
PWY66-429: fatty acid biosynthesis initiation (mitochondria)|g__Blautia.s__Ruminococcus_torques	17.9246211022
PWY66-429: fatty acid biosynthesis initiation (mitochondria)|g__Roseburia.s__Roseburia_hominis	17.0248082186
PWY66-429: fatty acid biosynthesis initiation (mitochondria)|g__Sutterella.s__Sutterella_wadsworthensis	16.6253809312
PWY66-429: fatty acid biosynthesis initiation (mitochondria)|g__Eubacterium.s__Eubacterium_eligens	16.3590252915
PWY66-429: fatty acid biosynthesis initiation (mitochondria)|g__Blautia.s__Blautia_obeum	13.7008569903
PWY66-429: fatty acid biosynthesis initiation (mitochondria)|g__Clostridium.s__Clostridium_sp_44_14	9.4331065760
PWY66-429: fatty acid biosynthesis initiation (mitochondria)|g__Lachnospira.s__Lachnospira_pectinoschiza	8.7418955343
PWY66-429: fatty acid biosynthesis initiation (mitochondria)|g__Blautia.s__Blautia_sp_CAG_52	8.7031054263
PWY66-429: fatty acid biosynthesis initiation (mitochondria)|g__Eubacterium.s__Eubacterium_sp_CAG_581	7.9121198104
PWY66-429: fatty acid biosynthesis initiation (mitochondria)|g__Bacteroides.s__Bacteroides_caccae	6.5889339776
PWY66-429: fatty acid biosynthesis initiation (mitochondria)|g__Blautia.s__Blautia_wexlerae	5.3546178499
PWY66-429: fatty acid biosynthesis initiation (mitochondria)|g__Bacteroides.s__Bacteroides_thetaiotaomicron	5.1469204166
PWY66-429: fatty acid biosynthesis initiation (mitochondria)|g__Bacteroides.s__Bacteroides_uniformis	4.2193033127
PWY-3001: superpathway of L-isoleucine biosynthesis I	636.2671953325
PWY-3001: superpathway of L-isoleucine biosynthesis I|unclassified	80.9715399426
PWY-6527: stachyose degradation	633.2118448574
PWY-6527: stachyose degradation|unclassified	40.7446965402
PWY-6527: stachyose degradation|g__Firmicutes_unclassified.s__Firmicutes_bacterium_CAG_65_45_313	25.3288878878
PWY-6527: stachyose degradation|g__Blautia.s__Blautia_obeum	23.8698902455
PWY-6527: stachyose degradation|g__Blautia.s__Ruminococcus_torques	18.9363365356
PWY-6527: stachyose degradation|g__Roseburia.s__Roseburia_faecis	18.2450683735
PWY-6527: stachyose degradation|g__Faecalibacterium.s__Faecalibacterium_prausnitzii	15.2673622523
PWY-6527: stachyose degradation|g__Blautia.s__Blautia_wexlerae	13.1134920216
PWY-6527: stachyose degradation|g__Ruminococcus.s__Ruminococcus_bicirculans	12.9871536392
PWY-6527: stachyose degradation|g__Clostridium.s__Clostridium_sp_44_14	10.0860584147
PWY-6527: stachyose degradation|g__Lachnospiraceae_unclassified.s__Eubacterium_rectale	5.0045329155
PWY-6527: stachyose degradation|g__Dorea.s__Dorea_longicatena	3.3716049700
PWY-5973: cis-vaccenate biosynthesis	626.0304267202
PWY-5973: cis-vaccenate biosynthesis|unclassified	27.7394328128
PWY-5973: cis-vaccenate biosynthesis|g__Blautia.s__Ruminococcus_torques	16.6381186230
PWY-5973: cis-vaccenate biosynthesis|g__Bacteroides.s__Bacteroides_uniformis	6.4157791506
PWY-5973: cis-vaccenate biosynthesis|g__Alistipes.s__Alistipes_onderdonkii	2.6301946344
PWY-5973: cis-vaccenate biosynthesis|g__Alistipes.s__Alistipes_finegoldii	2.1824530773
PWY-5973: cis-vaccenate biosynthesis|g__Bacteroides.s__Bacteroides_ovatus	1.8224895207
TRPSYN-PWY: L-tryptophan biosynthesis	615.5407210888
TRPSYN-PWY: L-tryptophan biosynthesis|unclassified	91.0178871384
TRPSYN-PWY: L-tryptophan biosynthesis|g__Prevotella.s__Prevotella_copri	70.0527225957
TRPSYN-PWY: L-tryptophan biosynthesis|g__Butyrivibrio.s__Butyrivibrio_crossotus	42.8580535989
TRPSYN-PWY: L-tryptophan biosynthesis|g__Lachnospiraceae_unclassified.s__Eubacterium_rectale	24.7665779086
TRPSYN-PWY: L-tryptophan biosynthesis|g__Firmicutes_unclassified.s__Firmicutes_bacterium_CAG_65_45_313	19.3487760952
TRPSYN-PWY: L-tryptophan biosynthesis|g__Ruminococcus.s__Ruminococcus_bicirculans	18.3503138483
TRPSYN-PWY: L-tryptophan biosynthesis|g__Blautia.s__Blautia_wexlerae	9.0981214913
TRPSYN-PWY: L-tryptophan biosynthesis|g__Blautia.s__Blautia_obeum	6.2213755125
PWY0-1586: peptidoglycan maturation (meso-diaminopimelate containing)	600.5089828993
PWY0-1586: peptidoglycan maturation (meso-diaminopimelate containing)|unclassified	45.8928678393
PWY0-1586: peptidoglycan maturation (meso-diaminopimelate containing)|g__Ruminococcus.s__Ruminococcus_bicirculans	28.6456834565
PWY0-1586: peptidoglycan maturation (meso-diaminopimelate containing)|g__Blautia.s__Ruminococcus_torques	18.4043817131
PWY0-1586: peptidoglycan maturation (meso-diaminopimelate containing)|g__Bacteroides.s__Bacteroides_vulgatus	17.8819512133
PWY0-1586: peptidoglycan maturation (meso-diaminopimelate containing)|g__Prevotella.s__Prevotella_copri	17.1701229833
PWY0-1586: peptidoglycan maturation (meso-diaminopimelate containing)|g__Sutterella.s__Sutterella_wadsworthensis	16.5812861830
PWY0-1586: peptidoglycan maturation (meso-diaminopimelate containing)|g__Escherichia.s__Escherichia_coli	11.6076610563
PWY0-1586: peptidoglycan maturation (meso-diaminopimelate containing)|g__Lachnospira.s__Lachnospira_pectinoschiza	9.8835286060
PWY0-1586: peptidoglycan maturation (meso-diaminopimelate containing)|g__Eubacterium.s__Eubacterium_hallii	9.2421441774
PWY0-1586: peptidoglycan maturation (meso-diaminopimelate containing)|g__Collinsella.s__Collinsella_aerofaciens	8.2458770615
PWY0-1586: peptidoglycan maturation (meso-diaminopimelate containing)|g__Bacteroides.s__Bacteroides_thetaiotaomicron	5.5749128920
PWY-6936: seleno-amino acid biosynthesis (plants)	588.7048916332
PWY-6936: seleno-amino acid biosynthesis (plants)|unclassified	119.7324760422
PWY-6936: seleno-amino acid biosynthesis (plants)|g__Butyrivibrio.s__Butyrivibrio_crossotus	34.2675345417
PWY-6936: seleno-amino acid biosynthesis (plants)|g__Roseburia.s__Roseburia_hominis	16.6271913554
PWY-6936: seleno-amino acid biosynthesis (plants)|g__Ruminococcus.s__Ruminococcus_bicirculans	15.3550016368
PWY-6936: seleno-amino acid biosynthesis (plants)|g__Eubacterium.s__Eubacterium_eligens	13.4705378265
PWY-6936: seleno-amino acid biosynthesis (plants)|g__Holdemanella.s__Holdemanella_biformis	10.5522405473
PWY-6936: seleno-amino acid biosynthesis (plants)|g__Roseburia.s__Roseburia_faecis	10.2243042151
PYRIDNUCSYN-PWY: NAD de novo biosynthesis I (from aspartate)	583.2398626716
PYRIDNUCSYN-PWY: NAD de novo biosynthesis I (from aspartate)|unclassified	87.5741676069
PYRIDNUCSYN-PWY: NAD de novo biosynthesis I (from aspartate)|g__Bacteroides.s__Bacteroides_vulgatus	15.5290254965
PYRIDNUCSYN-PWY: NAD de novo biosynthesis I (from aspartate)|g__Ruminococcus.s__Ruminococcus_bicirculans	14.1775696126
PYRIDNUCSYN-PWY: NAD de novo biosynthesis I (from aspartate)|g__Blautia.s__Blautia_obeum	7.0147551147
RIBOSYN2-PWY: flavin biosynthesis I (bacteria and plants)	581.6279750358
RIBOSYN2-PWY: flavin biosynthesis I (bacteria and plants)|g__Faecalibacterium.s__Faecalibacterium_prausnitzii	68.1292922108
RIBOSYN2-PWY: flavin biosynthesis I (bacteria and plants)|unclassified	40.3503820348
RIBOSYN2-PWY: flavin biosynthesis I (bacteria and plants)|g__Butyrivibrio.s__Butyrivibrio_crossotus	28.2372959672
RIBOSYN2-PWY: flavin biosynthesis I (bacteria and plants)|g__Bacteroides.s__Bacteroides_vulgatus	24.6091567710
RIBOSYN2-PWY: flavin biosynthesis I (bacteria and plants)|g__Blautia.s__Ruminococcus_torques	18.0959499523
RIBOSYN2-PWY: flavin biosynthesis I (bacteria and plants)|g__Blautia.s__Blautia_obeum	7.9569950151
RIBOSYN2-PWY: flavin biosynthesis I (bacteria and plants)|g__Blautia.s__Blautia_wexlerae	5.9619626781
RIBOSYN2-PWY: flavin biosynthesis I (bacteria and plants)|g__Bacteroides.s__Bacteroides_thetaiotaomicron	4.5721470517
ASPASN-PWY: superpathway of L-aspartate and L-asparagine biosynthesis	575.2729422946
ASPASN-PWY: superpathway of L-aspartate and L-asparagine biosynthesis|g__Prevotella.s__Prevotella_copri	308.2773526586
ASPASN-PWY: superpathway of L-aspartate and L-asparagine biosynthesis|unclassified	86.6979567809
ASPASN-PWY: superpathway of L-aspartate and L-asparagine biosynthesis|g__Bacteroides.s__Bacteroides_vulgatus	22.3752104986
ASPASN-PWY: superpathway of L-aspartate and L-asparagine biosynthesis|g__Blautia.s__Blautia_obeum	8.1475346460
ASPASN-PWY: superpathway of L-aspartate and L-asparagine biosynthesis|g__Bacteroides.s__Bacteroides_uniformis	7.1428571429
ASPASN-PWY: superpathway of L-aspartate and L-asparagine biosynthesis|g__Blautia.s__Blautia_wexlerae	4.1154753979
PWY-6317: D-galactose degradation I (Leloir pathway)	574.5993192309
PWY-6317: D-galactose degradation I (Leloir pathway)|unclassified	67.0796841794
PWY-6317: D-galactose degradation I (Leloir pathway)|g__Faecalibacterium.s__Faecalibacterium_prausnitzii	58.4004724872
PWY-6317: D-galactose degradation I (Leloir pathway)|g__Roseburia.s__Roseburia_hominis	30.8959628189
PWY-6317: D-galactose degradation I (Leloir pathway)|g__Holdemanella.s__Holdemanella_biformis	18.2297345915
PWY-6317: D-galactose degradation I (Leloir pathway)|g__Blautia.s__Ruminococcus_torques	17.6996925039
PWY-6317: D-galactose degradation I (Leloir pathway)|g__Blautia.s__Blautia_obeum	14.4536163468
PWY-6317: D-galactose degradation I (Leloir pathway)|g__Blautia.s__Blautia_wexlerae	13.7593417853
PWY-6317: D-galactose degradation I (Leloir pathway)|g__Eubacterium.s__Eubacterium_eligens	9.0208725959
PWY-6317: D-galactose degradation I (Leloir pathway)|g__Blautia.s__Blautia_sp	8.7907448753
PWY-6317: D-galactose degradation I (Leloir pathway)|g__Lachnospiraceae_unclassified.s__Eubacterium_rectale	6.1202756795
PWY-6317: D-galactose degradation I (Leloir pathway)|g__Dorea.s__Dorea_longicatena	2.6553640089
THRESYN-PWY: superpathway of L-threonine biosynthesis	563.3847939705
THRESYN-PWY: superpathway of L-threonine biosynthesis|unclassified	75.6258154268
THRESYN-PWY: superpathway of L-threonine biosynthesis|g__Faecalibacterium.s__Faecalibacterium_prausnitzii	32.3895730145
THRESYN-PWY: superpathway of L-threonine biosynthesis|g__Bifidobacterium.s__Bifidobacterium_adolescentis	27.2580116646
THRESYN-PWY: superpathway of L-threonine biosynthesis|g__Blautia.s__Ruminococcus_torques	17.0663399198
THRESYN-PWY: superpathway of L-threonine biosynthesis|g__Bacteroides.s__Bacteroides_vulgatus	15.9821236129
THRESYN-PWY: superpathway of L-threonine biosynthesis|g__Blautia.s__Blautia_obeum	13.0563550653
THRESYN-PWY: superpathway of L-threonine biosynthesis|g__Roseburia.s__Roseburia_hominis	12.7060453230
THRESYN-PWY: superpathway of L-threonine biosynthesis|g__Collinsella.s__Collinsella_aerofaciens	11.6753183770
THRESYN-PWY: superpathway of L-threonine biosynthesis|g__Bacteroides.s__Bacteroides_uniformis	7.6612045116
PWY-7663: gondoate biosynthesis (anaerobic)	560.7041197050
PWY-7663: gondoate biosynthesis (anaerobic)|unclassified	41.4761813208
PWY-7663: gondoate biosynthesis (anaerobic)|g__Bacteroides.s__Bacteroides_vulgatus	13.0015817856
PWY-7663: gondoate biosynthesis (anaerobic)|g__Bacteroides.s__Bacteroides_uniformis	6.4526536538
PWY-7663: gondoate biosynthesis (anaerobic)|g__Alistipes.s__Alistipes_finegoldii	5.4674685621
PWY-7663: gondoate biosynthesis (anaerobic)|g__Alistipes.s__Alistipes_onderdonkii	3.4281796366
PWY-7663: gondoate biosynthesis (anaerobic)|g__Bacteroides.s__Bacteroides_ovatus	1.8289894833
PWY-8178: pentose phosphate pathway (non-oxidative branch) II	548.2756333857
PWY-8178: pentose phosphate pathway (non-oxidative branch) II|unclassified	62.0527194221
PWY-8178: pentose phosphate pathway (non-oxidative branch) II|g__Blautia.s__Ruminococcus_torques	30.9385046672
PWY-8178: pentose phosphate pathway (non-oxidative branch) II|g__Lachnospiraceae_unclassified.s__Eubacterium_rectale	29.7017939497
PWY-8178: pentose phosphate pathway (non-oxidative branch) II|g__Butyrivibrio.s__Butyrivibrio_crossotus	29.1762041163
PWY-8178: pentose phosphate pathway (non-oxidative branch) II|g__Roseburia.s__Roseburia_hominis	27.3365930085
PWY-8178: pentose phosphate pathway (non-oxidative branch) II|g__Eubacterium.s__Eubacterium_hallii	15.5225002221
PWY-8178: pentose phosphate pathway (non-oxidative branch) II|g__Collinsella.s__Collinsella_aerofaciens	11.8435300487
PWY-8178: pentose phosphate pathway (non-oxidative branch) II|g__Blautia.s__Blautia_wexlerae	11.0601746900
PWY-8178: pentose phosphate pathway (non-oxidative branch) II|g__Lachnospira.s__Lachnospira_pectinoschiza	8.8141782353
PWY-8178: pentose phosphate pathway (non-oxidative branch) II|g__Roseburia.s__Roseburia_faecis	6.4136086231
PWY-8178: pentose phosphate pathway (non-oxidative branch) II|g__Blautia.s__Blautia_obeum	5.5388083326
PWY-6703: preQ0 biosynthesis	543.3479031191
PWY-6703: preQ0 biosynthesis|unclassified	51.1564944595
PWY-6703: preQ0 biosynthesis|g__Prevotella.s__Prevotella_copri	46.5725866182
PWY-6703: preQ0 biosynthesis|g__Clostridium.s__Clostridium_sp_CAG_813	27.6431901088
PWY-6703: preQ0 biosynthesis|g__Butyrivibrio.s__Butyrivibrio_crossotus	26.6814897165
PWY-6703: preQ0 biosynthesis|g__Bacteroides.s__Bacteroides_vulgatus	23.7172177879
PWY-6703: preQ0 biosynthesis|g__Prevotella.s__Prevotella_sp_CAG_386	17.6012069399
PWY-6703: preQ0 biosynthesis|g__Coprococcus.s__Coprococcus_sp_CAG_782	12.2922558177
PWY-6703: preQ0 biosynthesis|g__Eubacterium.s__Eubacterium_eligens	9.9477741855
PWY-6703: preQ0 biosynthesis|g__Blautia.s__Ruminococcus_torques	9.5199238406
PWY-6703: preQ0 biosynthesis|g__Bacteroides.s__Bacteroides_uniformis	7.7594568380
PWY-6703: preQ0 biosynthesis|g__Lachnospira.s__Lachnospira_pectinoschiza	5.7695081494
OANTIGEN-PWY: O-antigen building blocks biosynthesis (E. coli)	516.6658612079
OANTIGEN-PWY: O-antigen building blocks biosynthesis (E. coli)|unclassified	52.1826964548
OANTIGEN-PWY: O-antigen building blocks biosynthesis (E. coli)|g__Collinsella.s__Collinsella_aerofaciens	22.4267079200
RHAMCAT-PWY: L-rhamnose degradation I	507.3845735906
RHAMCAT-PWY: L-rhamnose degradation I|g__Prevotella.s__Prevotella_copri	304.1157537208
RHAMCAT-PWY: L-rhamnose degradation I|unclassified	24.7266671568
RHAMCAT-PWY: L-rhamnose degradation I|g__Bacteroides.s__Bacteroides_vulgatus	21.7563410669
RHAMCAT-PWY: L-rhamnose degradation I|g__Blautia.s__Ruminococcus_torques	11.5609182672
RHAMCAT-PWY: L-rhamnose degradation I|g__Escherichia.s__Escherichia_coli	9.6360664200
RHAMCAT-PWY: L-rhamnose degradation I|g__Roseburia.s__Roseburia_faecis	9.1318855002
RHAMCAT-PWY: L-rhamnose degradation I|g__Roseburia.s__Roseburia_sp_CAG_100	8.3507306889
RHAMCAT-PWY: L-rhamnose degradation I|g__Bacteroides.s__Bacteroides_thetaiotaomicron	7.8044879419
PWY-6123: inosine-5'-phosphate biosynthesis I	504.9452386484
PWY-6123: inosine-5'-phosphate biosynthesis I|g__Faecalibacterium.s__Faecalibacterium_prausnitzii	70.6915016735
PWY-6123: inosine-5'-phosphate biosynthesis I|unclassified	63.7873488644
PWY-6123: inosine-5'-phosphate biosynthesis I|g__Blautia.s__Ruminococcus_torques	26.0089330237
PWY-6123: inosine-5'-phosphate biosynthesis I|g__Bifidobacterium.s__Bifidobacterium_adolescentis	23.3121740615
PWY-6123: inosine-5'-phosphate biosynthesis I|g__Holdemanella.s__Holdemanella_biformis	16.4900988936
PWY-6123: inosine-5'-phosphate biosynthesis I|g__Sutterella.s__Sutterella_wadsworthensis	13.9287684820
PWY-6123: inosine-5'-phosphate biosynthesis I|g__Blautia.s__Blautia_wexlerae	13.8209144539
PWY-6123: inosine-5'-phosphate biosynthesis I|g__Bacteroides.s__Bacteroides_vulgatus	9.9341373142
PWY-6123: inosine-5'-phosphate biosynthesis I|g__Ruminococcus.s__Ruminococcus_lactaris	7.4723124138
PWY-6123: inosine-5'-phosphate biosynthesis I|g__Coprococcus.s__Coprococcus_comes	7.4276646747
PWY-6123: inosine-5'-phosphate biosynthesis I|g__Bacteroides.s__Bacteroides_uniformis	6.7117018958
PWY-6123: inosine-5'-phosphate biosynthesis I|g__Alistipes.s__Alistipes_onderdonkii	5.1657339647
PWY-6123: inosine-5'-phosphate biosynthesis I|g__Bacteroides.s__Bacteroides_thetaiotaomicron	4.3526914377
PWY-6123: inosine-5'-phosphate biosynthesis I|g__Blautia.s__Blautia_obeum	3.0488721090
PWY-6123: inosine-5'-phosphate biosynthesis I|g__Roseburia.s__Roseburia_hominis	2.1336403969
PWY-7357: thiamine phosphate formation from pyrithiamine and oxythiamine (yeast)	479.4233871587
PWY-7357: thiamine phosphate formation from pyrithiamine and oxythiamine (yeast)|g__Faecalibacterium.s__Faecalibacterium_prausnitzii	80.7810486144
PWY-7357: thiamine phosphate formation from pyrithiamine and oxythiamine (yeast)|g__Prevotella.s__Prevotella_copri	42.3070346066
PWY-7357: thiamine phosphate formation from pyrithiamine and oxythiamine (yeast)|g__Butyrivibrio.s__Butyrivibrio_crossotus	35.6556553774
PWY-7357: thiamine phosphate formation from pyrithiamine and oxythiamine (yeast)|unclassified	20.6081437849
PWY-7357: thiamine phosphate formation from pyrithiamine and oxythiamine (yeast)|g__Blautia.s__Ruminococcus_torques	20.0546166965
PWY-7357: thiamine phosphate formation from pyrithiamine and oxythiamine (yeast)|g__Bifidobacterium.s__Bifidobacterium_adolescentis	19.9004975124
PWY-7357: thiamine phosphate formation from pyrithiamine and oxythiamine (yeast)|g__Lachnospiraceae_unclassified.s__Eubacterium_rectale	18.8991287458
PWY-7357: thiamine phosphate formation from pyrithiamine and oxythiamine (yeast)|g__Roseburia.s__Roseburia_faecis	11.9321710314
PWY-7357: thiamine phosphate formation from pyrithiamine and oxythiamine (yeast)|g__Collinsella.s__Collinsella_aerofaciens	11.5495058144
PWY-7357: thiamine phosphate formation from pyrithiamine and oxythiamine (yeast)|g__Blautia.s__Blautia_obeum	7.8137330047
PWY-7357: thiamine phosphate formation from pyrithiamine and oxythiamine (yeast)|g__Blautia.s__Blautia_wexlerae	4.5749142204
PWY-6897: thiamine diphosphate salvage II	464.9775092410
PWY-6897: thiamine diphosphate salvage II|g__Faecalibacterium.s__Faecalibacterium_prausnitzii	71.6741305459
PWY-6897: thiamine diphosphate salvage II|g__Prevotella.s__Prevotella_copri	29.7464385207
PWY-6897: thiamine diphosphate salvage II|unclassified	24.6638973705
PWY-6897: thiamine diphosphate salvage II|g__Bifidobacterium.s__Bifidobacterium_adolescentis	15.5934161132
PWY-6897: thiamine diphosphate salvage II|g__Lachnospiraceae_unclassified.s__Eubacterium_rectale	15.4488577096
PWY-6124: inosine-5'-phosphate biosynthesis II	455.7326724283
PWY-6124: inosine-5'-phosphate biosynthesis II|g__Faecalibacterium.s__Faecalibacterium_prausnitzii	67.6507230368
PWY-6124: inosine-5'-phosphate biosynthesis II|unclassified	56.3930466328
PWY-6124: inosine-5'-phosphate biosynthesis II|g__Blautia.s__Ruminococcus_torques	24.6501032493
PWY-6124: inosine-5'-phosphate biosynthesis II|g__Bifidobacterium.s__Bifidobacterium_adolescentis	22.0068954699
PWY-6124: inosine-5'-phosphate biosynthesis II|g__Blautia.s__Blautia_wexlerae	19.6248343358
PWY-6124: inosine-5'-phosphate biosynthesis II|g__Holdemanella.s__Holdemanella_biformis	15.3285819097
PWY-6124: inosine-5'-phosphate biosynthesis II|g__Bacteroides.s__Bacteroides_vulgatus	15.0466928262
PWY-6124: inosine-5'-phosphate biosynthesis II|g__Sutterella.s__Sutterella_wadsworthensis	13.6577799787
PWY-6124: inosine-5'-phosphate biosynthesis II|g__Coprococcus.s__Coprococcus_comes	8.2604908233
PWY-6124: inosine-5'-phosphate biosynthesis II|g__Ruminococcus.s__Ruminococcus_lactaris	7.3317622414
PWY-6124: inosine-5'-phosphate biosynthesis II|g__Bacteroides.s__Bacteroides_uniformis	7.0925905457
PWY-6124: inosine-5'-phosphate biosynthesis II|g__Blautia.s__Blautia_sp	5.3754770736
PWY-6124: inosine-5'-phosphate biosynthesis II|g__Bacteroides.s__Bacteroides_thetaiotaomicron	4.1824992953
PWY-6124: inosine-5'-phosphate biosynthesis II|g__Alistipes.s__Alistipes_onderdonkii	2.8272547357
PWY-6124: inosine-5'-phosphate biosynthesis II|g__Blautia.s__Blautia_obeum	2.6933732224
PWY-6124: inosine-5'-phosphate biosynthesis II|g__Bacteroides.s__Bacteroides_stercoris	2.1929824561
PWY-6124: inosine-5'-phosphate biosynthesis II|g__Roseburia.s__Roseburia_hominis	1.8091906887
PWY-6124: inosine-5'-phosphate biosynthesis II|g__Bacteroides.s__Bacteroides_caccae	1.7486841033
PWY-6124: inosine-5'-phosphate biosynthesis II|g__Bifidobacterium.s__Bifidobacterium_pseudocatenulatum	1.4417531719
THISYN-PWY: superpathway of thiamine diphosphate biosynthesis I	453.7035674216
THISYN-PWY: superpathway of thiamine diphosphate biosynthesis I|unclassified	31.4650342075
PWY-7229: superpathway of adenosine nucleotides de novo biosynthesis I	422.0571576655
PWY-7229: superpathway of adenosine nucleotides de novo biosynthesis I|g__Clostridium.s__Clostridium_sp_CAG_813	26.8586306613
PWY-7229: superpathway of adenosine nucleotides de novo biosynthesis I|g__Bacteroides.s__Bacteroides_vulgatus	15.6427344195
PWY-7229: superpathway of adenosine nucleotides de novo biosynthesis I|g__Sutterella.s__Sutterella_wadsworthensis	10.8173765378
PWY-6270: isoprene biosynthesis I	410.7700919642
PWY-6270: isoprene biosynthesis I|unclassified	29.1958074094
PWY-6270: isoprene biosynthesis I|g__Blautia.s__Ruminococcus_torques	22.1550378820
PWY-6270: isoprene biosynthesis I|g__Blautia.s__Blautia_wexlerae	9.6287137671
PWY-6270: isoprene biosynthesis I|g__Blautia.s__Blautia_obeum	6.1783300555
PWY-7560: methylerythritol phosphate pathway II	396.9726468175
PWY-7560: methylerythritol phosphate pathway II|g__Prevotella.s__Prevotella_copri	243.1869701192
PWY-7560: methylerythritol phosphate pathway II|unclassified	26.2129929882
PWY-7560: methylerythritol phosphate pathway II|g__Blautia.s__Ruminococcus_torques	23.0186681612
PWY-7560: methylerythritol phosphate pathway II|g__Blautia.s__Blautia_obeum	14.8897836979
PWY-7560: methylerythritol phosphate pathway II|g__Eubacterium.s__Eubacterium_eligens	11.8696791792
PWY-7560: methylerythritol phosphate pathway II|g__Blautia.s__Blautia_wexlerae	9.4524563166
P41-PWY: pyruvate fermentation to acetate and (S)-lactate I	392.6005303831
P41-PWY: pyruvate fermentation to acetate and (S)-lactate I|g__Holdemanella.s__Holdemanella_biformis	26.8219168977
P41-PWY: pyruvate fermentation to acetate and (S)-lactate I|g__Bifidobacterium.s__Bifidobacterium_adolescentis	26.1918930188
P41-PWY: pyruvate fermentation to acetate and (S)-lactate I|unclassified	22.6013990141
P41-PWY: pyruvate fermentation to acetate and (S)-lactate I|g__Lachnospiraceae_unclassified.s__Eubacterium_rectale	19.3534370693
P41-PWY: pyruvate fermentation to acetate and (S)-lactate I|g__Blautia.s__Ruminococcus_torques	19.3039535363
P41-PWY: pyruvate fermentation to acetate and (S)-lactate I|g__Blautia.s__Blautia_obeum	18.3861062843
P41-PWY: pyruvate fermentation to acetate and (S)-lactate I|g__Collinsella.s__Collinsella_aerofaciens	18.2793351100
P41-PWY: pyruvate fermentation to acetate and (S)-lactate I|g__Roseburia.s__Roseburia_faecis	10.7042070778
P41-PWY: pyruvate fermentation to acetate and (S)-lactate I|g__Bifidobacterium.s__Bifidobacterium_longum	5.3170323120
P41-PWY: pyruvate fermentation to acetate and (S)-lactate I|g__Blautia.s__Blautia_sp	4.0828825151
P41-PWY: pyruvate fermentation to acetate and (S)-lactate I|g__Blautia.s__Blautia_wexlerae	2.1478027671
PWY-5100: pyruvate fermentation to acetate and lactate II	392.6005303831
PWY-5100: pyruvate fermentation to acetate and lactate II|unclassified	30.4577623946
PWY-5100: pyruvate fermentation to acetate and lactate II|g__Holdemanella.s__Holdemanella_biformis	26.8219168977
PWY-5100: pyruvate fermentation to acetate and lactate II|g__Bifidobacterium.s__Bifidobacterium_adolescentis	26.1918930188
PWY-5100: pyruvate fermentation to acetate and lactate II|g__Lachnospiraceae_unclassified.s__Eubacterium_rectale	19.3534370693
PWY-5100: pyruvate fermentation to acetate and lactate II|g__Blautia.s__Ruminococcus_torques	19.3039535363
PWY-5100: pyruvate fermentation to acetate and lactate II|g__Blautia.s__Blautia_obeum	18.3861062843
PWY-5100: pyruvate fermentation to acetate and lactate II|g__Collinsella.s__Collinsella_aerofaciens	18.2793351100
PWY-5100: pyruvate fermentation to acetate and lactate II|g__Roseburia.s__Roseburia_faecis	10.7042070778
PWY-5100: pyruvate fermentation to acetate and lactate II|g__Eubacterium.s__Eubacterium_hallii	9.5988952008
PWY-5100: pyruvate fermentation to acetate and lactate II|g__Bifidobacterium.s__Bifidobacterium_longum	5.3170323120
PWY-5100: pyruvate fermentation to acetate and lactate II|g__Blautia.s__Blautia_sp	4.0828825151
PWY-5100: pyruvate fermentation to acetate and lactate II|g__Blautia.s__Blautia_wexlerae	2.1478027671
NONOXIPENT-PWY: pentose phosphate pathway (non-oxidative branch) I	379.1574910099
NONOXIPENT-PWY: pentose phosphate pathway (non-oxidative branch) I|unclassified	53.0356630164
NONOXIPENT-PWY: pentose phosphate pathway (non-oxidative branch) I|g__Roseburia.s__Roseburia_hominis	31.6758748052
NONOXIPENT-PWY: pentose phosphate pathway (non-oxidative branch) I|g__Blautia.s__Ruminococcus_torques	31.4544370045
NONOXIPENT-PWY: pentose phosphate pathway (non-oxidative branch) I|g__Butyrivibrio.s__Butyrivibrio_crossotus	31.0658379847
NONOXIPENT-PWY: pentose phosphate pathway (non-oxidative branch) I|g__Lachnospiraceae_unclassified.s__Eubacterium_rectale	27.8982404773
NONOXIPENT-PWY: pentose phosphate pathway (non-oxidative branch) I|g__Eubacterium.s__Eubacterium_hallii	15.1920182422
NONOXIPENT-PWY: pentose phosphate pathway (non-oxidative branch) I|g__Collinsella.s__Collinsella_aerofaciens	13.5264557835
NONOXIPENT-PWY: pentose phosphate pathway (non-oxidative branch) I|g__Escherichia.s__Escherichia_coli	11.5544727578
NONOXIPENT-PWY: pentose phosphate pathway (non-oxidative branch) I|g__Lachnospira.s__Lachnospira_pectinoschiza	9.3112191878
NONOXIPENT-PWY: pentose phosphate pathway (non-oxidative branch) I|g__Phascolarctobacterium.s__Phascolarctobacterium_succinatutens	7.3602698766
NONOXIPENT-PWY: pentose phosphate pathway (non-oxidative branch) I|g__Roseburia.s__Roseburia_faecis	5.2735662492
NONOXIPENT-PWY: pentose phosphate pathway (non-oxidative branch) I|g__Blautia.s__Blautia_obeum	3.9717717405
UDPNAGSYN-PWY: UDP-N-acetyl-D-glucosamine biosynthesis I	372.1837721414
UDPNAGSYN-PWY: UDP-N-acetyl-D-glucosamine biosynthesis I|unclassified	30.9318028151
UDPNAGSYN-PWY: UDP-N-acetyl-D-glucosamine biosynthesis I|g__Collinsella.s__Collinsella_aerofaciens	28.0776532241
UDPNAGSYN-PWY: UDP-N-acetyl-D-glucosamine biosynthesis I|g__Bifidobacterium.s__Bifidobacterium_adolescentis	26.9335839806
UDPNAGSYN-PWY: UDP-N-acetyl-D-glucosamine biosynthesis I|g__Clostridium.s__Clostridium_sp_CAG_813	25.2992596151
UDPNAGSYN-PWY: UDP-N-acetyl-D-glucosamine biosynthesis I|g__Roseburia.s__Roseburia_hominis	25.2100452771
UDPNAGSYN-PWY: UDP-N-acetyl-D-glucosamine biosynthesis I|g__Sutterella.s__Sutterella_wadsworthensis	22.9728220795
UDPNAGSYN-PWY: UDP-N-acetyl-D-glucosamine biosynthesis I|g__Ruminococcus.s__Ruminococcus_bicirculans	16.6936773207
UDPNAGSYN-PWY: UDP-N-acetyl-D-glucosamine biosynthesis I|g__Firmicutes_unclassified.s__Firmicutes_bacterium_CAG_124	11.0359614687
UDPNAGSYN-PWY: UDP-N-acetyl-D-glucosamine biosynthesis I|g__Firmicutes_unclassified.s__Firmicutes_bacterium_CAG_129	9.1205427789
UDPNAGSYN-PWY: UDP-N-acetyl-D-glucosamine biosynthesis I|g__Bifidobacterium.s__Bifidobacterium_longum	4.0000000000
PWY-6823: molybdopterin biosynthesis	363.2575768825
PWY-6823: molybdopterin biosynthesis|g__Faecalibacterium.s__Faecalibacterium_prausnitzii	88.5667880766
PWY-6823: molybdopterin biosynthesis|unclassified	36.1512112870
PWY-6823: molybdopterin biosynthesis|g__Blautia.s__Ruminococcus_torques	36.0744184779
PWY-6823: molybdopterin biosynthesis|g__Blautia.s__Blautia_obeum	27.4142433208
PWY-6823: molybdopterin biosynthesis|g__Holdemanella.s__Holdemanella_biformis	21.2121212121
PWY-6823: molybdopterin biosynthesis|g__Firmicutes_unclassified.s__Firmicutes_bacterium_CAG_65_45_313	18.5758513932
PWY-6823: molybdopterin biosynthesis|g__Sutterella.s__Sutterella_wadsworthensis	16.6991372112
PWY-6823: molybdopterin biosynthesis|g__Lachnospiraceae_unclassified.s__Eubacterium_rectale	11.2570356473
PWY-6823: molybdopterin biosynthesis|g__Blautia.s__Blautia_sp	8.9887640449
PWY-6823: molybdopterin biosynthesis|g__Blautia.s__Blautia_sp_CAG_52	8.0645161290
PWY-6823: molybdopterin biosynthesis|g__Phascolarctobacterium.s__Phascolarctobacterium_succinatutens	8.0515297907
PWY-6823: molybdopterin biosynthesis|g__Oscillibacter.s__Oscillibacter_sp_57_20	7.1794871795
PWY-6823: molybdopterin biosynthesis|g__Roseburia.s__Roseburia_sp_CAG_100	5.3655264923
SER-GLYSYN-PWY: superpathway of L-serine and glycine biosynthesis I	358.3815475524
SER-GLYSYN-PWY: superpathway of L-serine and glycine biosynthesis I|unclassified	48.0058980568
SER-GLYSYN-PWY: superpathway of L-serine and glycine biosynthesis I|g__Bifidobacterium.s__Bifidobacterium_adolescentis	24.7631660437
SER-GLYSYN-PWY: superpathway of L-serine and glycine biosynthesis I|g__Blautia.s__Ruminococcus_torques	20.4803409645
SER-GLYSYN-PWY: superpathway of L-serine and glycine biosynthesis I|g__Collinsella.s__Collinsella_aerofaciens	17.6097973778
SER-GLYSYN-PWY: superpathway of L-serine and glycine biosynthesis I|g__Blautia.s__Blautia_wexlerae	14.4762188832
SER-GLYSYN-PWY: superpathway of L-serine and glycine biosynthesis I|g__Bacteroides.s__Bacteroides_vulgatus	12.4381970157
SER-GLYSYN-PWY: superpathway of L-serine and glycine biosynthesis I|g__Eubacterium.s__Eubacterium_eligens	11.2391121101
SER-GLYSYN-PWY: superpathway of L-serine and glycine biosynthesis I|g__Firmicutes_unclassified.s__Firmicutes_bacterium_CAG_56	7.7659131882
SER-GLYSYN-PWY: superpathway of L-serine and glycine biosynthesis I|g__Roseburia.s__Roseburia_faecis	7.6884001263
SER-GLYSYN-PWY: superpathway of L-serine and glycine biosynthesis I|g__Blautia.s__Blautia_obeum	5.5366535612
SER-GLYSYN-PWY: superpathway of L-serine and glycine biosynthesis I|g__Bacteroides.s__Bacteroides_uniformis	5.4945780666
SER-GLYSYN-PWY: superpathway of L-serine and glycine biosynthesis I|g__Coprococcus.s__Coprococcus_comes	5.4075976747
SER-GLYSYN-PWY: superpathway of L-serine and glycine biosynthesis I|g__Alistipes.s__Alistipes_putredinis	3.5755787968
SER-GLYSYN-PWY: superpathway of L-serine and glycine biosynthesis I|g__Ruminococcus.s__Ruminococcus_lactaris	3.4921789742
SER-GLYSYN-PWY: superpathway of L-serine and glycine biosynthesis I|g__Alistipes.s__Alistipes_onderdonkii	3.3860045147
SER-GLYSYN-PWY: superpathway of L-serine and glycine biosynthesis I|g__Bacteroides.s__Bacteroides_thetaiotaomicron	1.7799532762
PWY-841: superpathway of purine nucleotides de novo biosynthesis I	357.4809551005
GLUCONEO-PWY: gluconeogenesis I	355.6699197356
GLUCONEO-PWY: gluconeogenesis I|unclassified	63.7016889577
PWY-7761: NAD salvage pathway II (PNC IV cycle)	351.8561103579
PWY-7761: NAD salvage pathway II (PNC IV cycle)|unclassified	33.4854254709
PWY-6628: superpathway of L-phenylalanine biosynthesis	347.9013419910
PWY-1269: CMP-3-deoxy-D-manno-octulosonate biosynthesis	342.8651199086
PWY-1269: CMP-3-deoxy-D-manno-octulosonate biosynthesis|unclassified	50.6231099640
PWY-1269: CMP-3-deoxy-D-manno-octulosonate biosynthesis|g__Prevotella.s__Prevotella_copri	14.7988814411
PWY-1269: CMP-3-deoxy-D-manno-octulosonate biosynthesis|g__Bacteroides.s__Bacteroides_uniformis	7.8815380941
GLUCOSE1PMETAB-PWY: glucose and glucose-1-phosphate degradation	327.9362308378
GLUCOSE1PMETAB-PWY: glucose and glucose-1-phosphate degradation|unclassified	36.4332572866
PWY-6126: superpathway of adenosine nucleotides de novo biosynthesis II	309.4144044826
PWY-6126: superpathway of adenosine nucleotides de novo biosynthesis II|g__Clostridium.s__Clostridium_sp_CAG_813	26.1508626316
PWY-6126: superpathway of adenosine nucleotides de novo biosynthesis II|g__Bacteroides.s__Bacteroides_vulgatus	16.5508245678
PWY-6126: superpathway of adenosine nucleotides de novo biosynthesis II|g__Sutterella.s__Sutterella_wadsworthensis	10.0840848946
PWY-7400: L-arginine biosynthesis IV (archaebacteria)	291.7330604292
THISYNARA-PWY: superpathway of thiamine diphosphate biosynthesis III (eukaryotes)	286.8773077780
THISYNARA-PWY: superpathway of thiamine diphosphate biosynthesis III (eukaryotes)|g__Faecalibacterium.s__Faecalibacterium_prausnitzii	38.6414331582
THISYNARA-PWY: superpathway of thiamine diphosphate biosynthesis III (eukaryotes)|g__Butyrivibrio.s__Butyrivibrio_crossotus	26.6518945097
THISYNARA-PWY: superpathway of thiamine diphosphate biosynthesis III (eukaryotes)|g__Lachnospiraceae_unclassified.s__Eubacterium_rectale	15.6761189817
THISYNARA-PWY: superpathway of thiamine diphosphate biosynthesis III (eukaryotes)|g__Roseburia.s__Roseburia_faecis	15.3184852339
THISYNARA-PWY: superpathway of thiamine diphosphate biosynthesis III (eukaryotes)|g__Blautia.s__Ruminococcus_torques	11.5368258555
THISYNARA-PWY: superpathway of thiamine diphosphate biosynthesis III (eukaryotes)|unclassified	9.5806319803
GLYCOLYSIS: glycolysis I (from glucose 6-phosphate)	271.6272136038
GLYCOLYSIS: glycolysis I (from glucose 6-phosphate)|unclassified	78.3706722004
PWY-6892: thiazole component of thiamine diphosphate biosynthesis I	269.9324602807
PWY-6892: thiazole component of thiamine diphosphate biosynthesis I|unclassified	40.9110076920
PWY-6892: thiazole component of thiamine diphosphate biosynthesis I|g__Blautia.s__Blautia_wexlerae	20.4252555549
PWY-6892: thiazole component of thiamine diphosphate biosynthesis I|g__Blautia.s__Blautia_obeum	12.8790660573
PWY-6892: thiazole component of thiamine diphosphate biosynthesis I|g__Blautia.s__Blautia_sp_CAG_52	7.0199385755
PWY-6892: thiazole component of thiamine diphosphate biosynthesis I|g__Bacteroides.s__Bacteroides_thetaiotaomicron	6.0579550124
PWY-6892: thiazole component of thiamine diphosphate biosynthesis I|g__Blautia.s__Blautia_sp	5.2013162220
PWY-6892: thiazole component of thiamine diphosphate biosynthesis I|g__Bacteroides.s__Bacteroides_caccae	3.8710990693
PWY-7228: superpathway of guanosine nucleotides de novo biosynthesis I	269.1209530318
PWY-7228: superpathway of guanosine nucleotides de novo biosynthesis I|g__Bacteroides.s__Bacteroides_vulgatus	25.4977062207
PWY-7228: superpathway of guanosine nucleotides de novo biosynthesis I|g__Collinsella.s__Collinsella_aerofaciens	19.4854124379
PWY-7228: superpathway of guanosine nucleotides de novo biosynthesis I|g__Bacteroides.s__Bacteroides_thetaiotaomicron	7.9687637336
FERMENTATION-PWY: mixed acid fermentation	257.1434136907
FERMENTATION-PWY: mixed acid fermentation|unclassified	52.6973952230
PWY-6630: superpathway of L-tyrosine biosynthesis	254.7309586969
PWY-6630: superpathway of L-tyrosine biosynthesis|g__Butyrivibrio.s__Butyrivibrio_crossotus	36.2584155333
ANAEROFRUCAT-PWY: homolactic fermentation	242.1737099461
ANAEROFRUCAT-PWY: homolactic fermentation|unclassified	57.2685628028
PWY-6125: superpathway of guanosine nucleotides de novo biosynthesis II	227.9973945439
PWY-6125: superpathway of guanosine nucleotides de novo biosynthesis II|g__Bacteroides.s__Bacteroides_vulgatus	21.7899770016
PWY-6125: superpathway of guanosine nucleotides de novo biosynthesis II|g__Bacteroides.s__Bacteroides_thetaiotaomicron	7.6599852580
PWY-5484: glycolysis II (from fructose 6-phosphate)	217.6935765337
PWY-5484: glycolysis II (from fructose 6-phosphate)|unclassified	60.7807202411
COBALSYN-PWY: superpathway of adenosylcobalamin salvage from cobinamide I	214.9060143013
COBALSYN-PWY: superpathway of adenosylcobalamin salvage from cobinamide I|g__Faecalibacterium.s__Faecalibacterium_prausnitzii	50.6747613231
COBALSYN-PWY: superpathway of adenosylcobalamin salvage from cobinamide I|g__Blautia.s__Blautia_wexlerae	9.4247554797
COBALSYN-PWY: superpathway of adenosylcobalamin salvage from cobinamide I|g__Blautia.s__Blautia_obeum	6.4385197696
PWY-7208: superpathway of pyrimidine nucleobases salvage	212.8128528852
PWY-7208: superpathway of pyrimidine nucleobases salvage|g__Clostridium.s__Clostridium_sp_CAG_813	24.4362990114
PWY-7208: superpathway of pyrimidine nucleobases salvage|g__Sutterella.s__Sutterella_wadsworthensis	9.0412197427
PWY-6549: L-glutamine biosynthesis III	210.6556166261
PWY-6549: L-glutamine biosynthesis III|unclassified	35.6613420271
PWY-6895: superpathway of thiamine diphosphate biosynthesis II	207.5268842906
PWY66-409: superpathway of purine nucleotide salvage	205.3711735281
PWY-7328: superpathway of UDP-glucose-derived O-antigen building blocks biosynthesis	205.0126191068
PWY-7328: superpathway of UDP-glucose-derived O-antigen building blocks biosynthesis|unclassified	56.0647729569
PWY-7328: superpathway of UDP-glucose-derived O-antigen building blocks biosynthesis|g__Blautia.s__Ruminococcus_torques	6.3063592229
PWY-5971: palmitate biosynthesis (type II fatty acid synthase)	202.4167509110
PWY-2941: L-lysine biosynthesis II	201.6546382691
PWY-2941: L-lysine biosynthesis II|g__Roseburia.s__Roseburia_hominis	19.6042274319
FASYN-ELONG-PWY: fatty acid elongation -- saturated	201.1363975831
FASYN-ELONG-PWY: fatty acid elongation -- saturated|unclassified	29.5495391113
FASYN-ELONG-PWY: fatty acid elongation -- saturated|g__Alistipes.s__Alistipes_finegoldii	3.2341526520
FASYN-ELONG-PWY: fatty acid elongation -- saturated|g__Alistipes.s__Alistipes_onderdonkii	2.9810702042
PWY4FS-7: phosphatidylglycerol biosynthesis I (plastidic)	193.2270037035
PWY4FS-7: phosphatidylglycerol biosynthesis I (plastidic)|unclassified	33.5942890808
PWY4FS-8: phosphatidylglycerol biosynthesis II (non-plastidic)	193.2270037035
PWY4FS-8: phosphatidylglycerol biosynthesis II (non-plastidic)|unclassified	33.5942890808
PWY-6901: superpathway of glucose and xylose degradation	191.6528805175
PWY-7117: C4 photosynthetic carbon assimilation cycle, PEPCK type	189.0415648660
PWY-7117: C4 photosynthetic carbon assimilation cycle, PEPCK type|unclassified	11.8025814032
PWY-5121: superpathway of geranylgeranyl diphosphate biosynthesis II (via MEP)	186.4098510237
PWY-5121: superpathway of geranylgeranyl diphosphate biosynthesis II (via MEP)|g__Bacteroides.s__Bacteroides_vulgatus	23.1862098579
PWY-5121: superpathway of geranylgeranyl diphosphate biosynthesis II (via MEP)|unclassified	17.9547354556
PWY-241: C4 photosynthetic carbon assimilation cycle, NADP-ME type	186.2295469879
PWY-241: C4 photosynthetic carbon assimilation cycle, NADP-ME type|unclassified	11.2634449956
PWY-7664: oleate biosynthesis IV (anaerobic)	182.7520698474
PWY-7664: oleate biosynthesis IV (anaerobic)|unclassified	25.5845283563
PWY-7664: oleate biosynthesis IV (anaerobic)|g__Alistipes.s__Alistipes_finegoldii	3.0182821663
PWY-7664: oleate biosynthesis IV (anaerobic)|g__Alistipes.s__Alistipes_onderdonkii	2.7819728162
PWY-5188: tetrapyrrole biosynthesis I (from glutamate)	180.5800264825
PWY-5188: tetrapyrrole biosynthesis I (from glutamate)|unclassified	29.5073537274
PWY-5188: tetrapyrrole biosynthesis I (from glutamate)|g__Ruminococcus.s__Ruminococcus_bicirculans	18.7662843595
PWY-5188: tetrapyrrole biosynthesis I (from glutamate)|g__Sutterella.s__Sutterella_wadsworthensis	8.7500219960
PWY-5188: tetrapyrrole biosynthesis I (from glutamate)|g__Roseburia.s__Roseburia_faecis	8.2558684142
PWY-5188: tetrapyrrole biosynthesis I (from glutamate)|g__Eubacterium.s__Eubacterium_eligens	7.5391000199
PWY-5188: tetrapyrrole biosynthesis I (from glutamate)|g__Blautia.s__Blautia_wexlerae	7.4091572889
PWY-5188: tetrapyrrole biosynthesis I (from glutamate)|g__Blautia.s__Blautia_obeum	3.3769600202
PHOSLIPSYN-PWY: superpathway of phospholipid biosynthesis I (bacteria)	171.9839107018
PHOSLIPSYN-PWY: superpathway of phospholipid biosynthesis I (bacteria)|unclassified	47.2989271370
PWY-5505: L-glutamate and L-glutamine biosynthesis	169.5442789936
PWY-5505: L-glutamate and L-glutamine biosynthesis|unclassified	41.5143825449
COLANSYN-PWY: colanic acid building blocks biosynthesis	167.0555864506
COLANSYN-PWY: colanic acid building blocks biosynthesis|unclassified	33.2531351776
PWY-6282: palmitoleate biosynthesis I (from (5Z)-dodec-5-enoate)	164.7647976364
PWY-6282: palmitoleate biosynthesis I (from (5Z)-dodec-5-enoate)|unclassified	26.3708594113
PWY-6282: palmitoleate biosynthesis I (from (5Z)-dodec-5-enoate)|g__Alistipes.s__Alistipes_finegoldii	2.8181362725
PWY-6282: palmitoleate biosynthesis I (from (5Z)-dodec-5-enoate)|g__Alistipes.s__Alistipes_onderdonkii	2.7484272888
GLCMANNANAUT-PWY: superpathway of N-acetylglucosamine, N-acetylmannosamine and N-acetylneuraminate degradation	163.6008752188
GLCMANNANAUT-PWY: superpathway of N-acetylglucosamine, N-acetylmannosamine and N-acetylneuraminate degradation|g__Faecalibacterium.s__Faecalibacterium_prausnitzii	35.7444094662
GLCMANNANAUT-PWY: superpathway of N-acetylglucosamine, N-acetylmannosamine and N-acetylneuraminate degradation|unclassified	18.6279352475
PWY0-862: (5Z)-dodecenoate biosynthesis I	162.8995472145
PWY0-862: (5Z)-dodecenoate biosynthesis I|unclassified	21.7018671587
PWY0-862: (5Z)-dodecenoate biosynthesis I|g__Alistipes.s__Alistipes_finegoldii	2.7716186253
PWY0-862: (5Z)-dodecenoate biosynthesis I|g__Alistipes.s__Alistipes_onderdonkii	2.5544959128
PWY-7234: inosine-5'-phosphate biosynthesis III	162.7389937205
PWY-7234: inosine-5'-phosphate biosynthesis III|unclassified	28.2102966729
PWY-7234: inosine-5'-phosphate biosynthesis III|g__Sutterella.s__Sutterella_wadsworthensis	13.9287684820
PWY-7234: inosine-5'-phosphate biosynthesis III|g__Bifidobacterium.s__Bifidobacterium_adolescentis	11.9244145690
PWY-7234: inosine-5'-phosphate biosynthesis III|g__Alistipes.s__Alistipes_onderdonkii	3.0785017958
PWY0-1061: superpathway of L-alanine biosynthesis	160.0013893957
PWY0-1061: superpathway of L-alanine biosynthesis|g__Bifidobacterium.s__Bifidobacterium_adolescentis	32.5142928981
PWY0-1061: superpathway of L-alanine biosynthesis|g__Blautia.s__Ruminococcus_torques	21.7539556575
PWY0-1061: superpathway of L-alanine biosynthesis|g__Lachnospiraceae_unclassified.s__Eubacterium_rectale	16.7436291488
PWY-5989: stearate biosynthesis II (bacteria and plants)	153.9953204917
PWY-5989: stearate biosynthesis II (bacteria and plants)|g__Alistipes.s__Alistipes_onderdonkii	2.8213055591
PWY-5989: stearate biosynthesis II (bacteria and plants)|g__Alistipes.s__Alistipes_finegoldii	2.6466696074
PWY-7220: adenosine deoxyribonucleotides de novo biosynthesis II	152.7397960763
PWY-7220: adenosine deoxyribonucleotides de novo biosynthesis II|g__Bacteroides.s__Bacteroides_vulgatus	27.1463265958
PWY-7220: adenosine deoxyribonucleotides de novo biosynthesis II|g__Clostridium.s__Clostridium_sp_CAG_813	24.0825688073
PWY-7220: adenosine deoxyribonucleotides de novo biosynthesis II|g__Sutterella.s__Sutterella_wadsworthensis	8.6206896552
PWY-7220: adenosine deoxyribonucleotides de novo biosynthesis II|g__Bacteroides.s__Bacteroides_thetaiotaomicron	6.3038453457
PWY-7222: guanosine deoxyribonucleotides de novo biosynthesis II	152.7397960763
PWY-7222: guanosine deoxyribonucleotides de novo biosynthesis II|g__Bacteroides.s__Bacteroides_vulgatus	27.1463265958
PWY-7222: guanosine deoxyribonucleotides de novo biosynthesis II|g__Clostridium.s__Clostridium_sp_CAG_813	24.0825688073
PWY-7222: guanosine deoxyribonucleotides de novo biosynthesis II|g__Sutterella.s__Sutterella_wadsworthensis	8.6206896552
PWY-7222: guanosine deoxyribonucleotides de novo biosynthesis II|g__Bacteroides.s__Bacteroides_thetaiotaomicron	6.3038453457
PENTOSE-P-PWY: pentose phosphate pathway	152.5885342762
PWY-6519: 8-amino-7-oxononanoate biosynthesis I	150.3020020193
PWY-1861: formaldehyde assimilation II (assimilatory RuMP Cycle)	148.8711067812
PWY-1861: formaldehyde assimilation II (assimilatory RuMP Cycle)|unclassified	27.7122577102
PWY-1861: formaldehyde assimilation II (assimilatory RuMP Cycle)|g__Blautia.s__Blautia_obeum	4.9284135968
PWY0-162: superpathway of pyrimidine ribonucleotides de novo biosynthesis	142.4467998367
BIOTIN-BIOSYNTHESIS-PWY: biotin biosynthesis I	141.8324847039
PWY-7242: D-fructuronate degradation	141.6903710948
PWY-7242: D-fructuronate degradation|g__Faecalibacterium.s__Faecalibacterium_prausnitzii	55.5618260191
PWY-7242: D-fructuronate degradation|unclassified	23.7267511688
PWY-7197: pyrimidine deoxyribonucleotide phosphorylation	141.6189054441
PWY-7197: pyrimidine deoxyribonucleotide phosphorylation|g__Clostridium.s__Clostridium_sp_CAG_813	33.4528370427
PWY-7197: pyrimidine deoxyribonucleotide phosphorylation|g__Collinsella.s__Collinsella_aerofaciens	25.8046221466
PWY-7345: superpathway of anaerobic sucrose degradation	139.3183785401
PWY-7345: superpathway of anaerobic sucrose degradation|unclassified	40.4108331419
GLUCUROCAT-PWY: superpathway of &beta;-D-glucuronosides degradation	136.4337776025
GLUCUROCAT-PWY: superpathway of &beta;-D-glucuronosides degradation|g__Faecalibacterium.s__Faecalibacterium_prausnitzii	49.4606387951
GLUCUROCAT-PWY: superpathway of &beta;-D-glucuronosides degradation|unclassified	24.8327021711
PWY-7115: C4 photosynthetic carbon assimilation cycle, NAD-ME type	131.3804638894
PWY-7323: superpathway of GDP-mannose-derived O-antigen building blocks biosynthesis	126.8256382935
PWY-7323: superpathway of GDP-mannose-derived O-antigen building blocks biosynthesis|unclassified	16.3148024629
PWY-5913: partial TCA cycle (obligate autotrophs)	124.3982100926
PWY-5913: partial TCA cycle (obligate autotrophs)|unclassified	23.1197546175
CITRULBIO-PWY: L-citrulline biosynthesis	122.1227975581
CITRULBIO-PWY: L-citrulline biosynthesis|g__Alistipes.s__Alistipes_onderdonkii	8.3773848122
CITRULBIO-PWY: L-citrulline biosynthesis|g__Alistipes.s__Alistipes_finegoldii	1.8413945495
PWY-5659: GDP-mannose biosynthesis	121.9194175231
PWY-5659: GDP-mannose biosynthesis|g__Faecalibacterium.s__Faecalibacterium_prausnitzii	44.2861177233
PWY-5659: GDP-mannose biosynthesis|unclassified	20.7206489444
PWY-5659: GDP-mannose biosynthesis|g__Bacteroides.s__Bacteroides_vulgatus	14.7368421053
PWY-7456: &beta;-(1,4)-mannan degradation	120.6736474467
PWY-6292: superpathway of L-cysteine biosynthesis (mammalian)	119.6703374880
PWY-6292: superpathway of L-cysteine biosynthesis (mammalian)|unclassified	20.0041102059
PWY-6470: peptidoglycan biosynthesis V (&beta;-lactam resistance)	117.8254321045
PWY-6470: peptidoglycan biosynthesis V (&beta;-lactam resistance)|unclassified	22.7755624551
PWY-6969: TCA cycle V (2-oxoglutarate synthase)	115.6356645899
PWY-6969: TCA cycle V (2-oxoglutarate synthase)|unclassified	20.8684638189
LACTOSECAT-PWY: lactose and galactose degradation I	112.0553182748
LACTOSECAT-PWY: lactose and galactose degradation I|g__Collinsella.s__Collinsella_aerofaciens	47.0133795210
LACTOSECAT-PWY: lactose and galactose degradation I|unclassified	22.0791824383
GLYCOLYSIS-E-D: superpathway of glycolysis and the Entner-Doudoroff pathway	111.6294247146
PWY-8004: Entner-Doudoroff pathway I	110.0007704107
METH-ACETATE-PWY: methanogenesis from acetate	106.5526592903
METH-ACETATE-PWY: methanogenesis from acetate|g__Blautia.s__Blautia_obeum	11.7505144613
METH-ACETATE-PWY: methanogenesis from acetate|g__Blautia.s__Blautia_wexlerae	10.1756218723
HISDEG-PWY: L-histidine degradation I	106.1102751764
HISDEG-PWY: L-histidine degradation I|unclassified	34.7681548108
HISDEG-PWY: L-histidine degradation I|g__Firmicutes_unclassified.s__Firmicutes_bacterium_CAG_129	19.9288729036
HISDEG-PWY: L-histidine degradation I|g__Bacteroides.s__Bacteroides_vulgatus	17.2519875979
HISDEG-PWY: L-histidine degradation I|g__Bacteroides.s__Bacteroides_uniformis	7.3978591044
PWY-6168: flavin biosynthesis III (fungi)	105.9134319817
PWY66-399: gluconeogenesis III	105.8066355907
PWY66-399: gluconeogenesis III|unclassified	24.4605605945
PWY-8187: L-arginine degradation XIII (reductive Stickland reaction)	105.2677311331
PWY-8187: L-arginine degradation XIII (reductive Stickland reaction)|unclassified	57.1043954597
DAPLYSINESYN-PWY: L-lysine biosynthesis I	105.1305138622
DAPLYSINESYN-PWY: L-lysine biosynthesis I|g__Bifidobacterium.s__Bifidobacterium_adolescentis	28.0311319482
PWY-7198: pyrimidine deoxyribonucleotides de novo biosynthesis IV	105.0718663622
PWY-7383: anaerobic energy metabolism (invertebrates, cytosol)	104.6013721913
PWY-7383: anaerobic energy metabolism (invertebrates, cytosol)|unclassified	20.3196587047
PWY-6353: purine nucleotides degradation II (aerobic)	104.0796070829
PWY-6353: purine nucleotides degradation II (aerobic)|unclassified	20.3600383353
PWY-6353: purine nucleotides degradation II (aerobic)|g__Blautia.s__Ruminococcus_torques	11.4384975679
PWY0-1297: superpathway of purine deoxyribonucleosides degradation	103.6452557425
PWY0-1297: superpathway of purine deoxyribonucleosides degradation|g__Butyrivibrio.s__Butyrivibrio_crossotus	24.7296422053
PWY0-1297: superpathway of purine deoxyribonucleosides degradation|unclassified	20.1220239887
PWY-4041: &gamma;-glutamyl cycle	103.4392606377
PWY-4041: &gamma;-glutamyl cycle|unclassified	21.9064406798
PWY-4041: &gamma;-glutamyl cycle|g__Escherichia.s__Escherichia_coli	9.8576310773
PWY-4984: urea cycle	102.9437129282
PWY-4984: urea cycle|g__Alistipes.s__Alistipes_onderdonkii	5.2634744947
PWY-4984: urea cycle|g__Alistipes.s__Alistipes_finegoldii	1.8037518038
PWY0-1261: anhydromuropeptides recycling I	100.4753916420
PWY-6731: starch degradation III	99.2877882317
PWY-6731: starch degradation III|g__Blautia.s__Blautia_wexlerae	18.3306133765
PWY-6731: starch degradation III|g__Blautia.s__Blautia_obeum	10.5530444849
PWY-6731: starch degradation III|g__Fusicatenibacter.s__Fusicatenibacter_saccharivorans	9.6660284275
PWY-6731: starch degradation III|g__Coprococcus.s__Coprococcus_comes	8.1542512529
PWY-6731: starch degradation III|g__Blautia.s__Ruminococcus_torques	7.7248906909
PWY-7392: taxadiene biosynthesis (engineered)	98.8900613661
PWY-7356: thiamine diphosphate salvage IV (yeast)	95.5533438813
PWY-7356: thiamine diphosphate salvage IV (yeast)|g__Bifidobacterium.s__Bifidobacterium_adolescentis	22.6679637436
PWY-7356: thiamine diphosphate salvage IV (yeast)|unclassified	16.4740800036
PWY-6147: 6-hydroxymethyl-dihydropterin diphosphate biosynthesis I	94.2479874036
PWY-6147: 6-hydroxymethyl-dihydropterin diphosphate biosynthesis I|g__Bacteroides.s__Bacteroides_vulgatus	21.7835262083
PWY-6147: 6-hydroxymethyl-dihydropterin diphosphate biosynthesis I|g__Prevotella.s__Prevotella_copri	19.4081132443
PWY-6147: 6-hydroxymethyl-dihydropterin diphosphate biosynthesis I|g__Bacteroides.s__Bacteroides_uniformis	9.5934764360
PWY-5384: sucrose degradation IV (sucrose phosphorylase)	93.1733113356
PWY-5384: sucrose degradation IV (sucrose phosphorylase)|g__Bifidobacterium.s__Bifidobacterium_adolescentis	25.3477927003
PWY-5384: sucrose degradation IV (sucrose phosphorylase)|unclassified	15.2080181934
PWY-5384: sucrose degradation IV (sucrose phosphorylase)|g__Faecalibacterium.s__Faecalibacterium_prausnitzii	12.9303106633
PWY-5384: sucrose degradation IV (sucrose phosphorylase)|g__Bacteroides.s__Bacteroides_thetaiotaomicron	4.7130906092
PWY-5384: sucrose degradation IV (sucrose phosphorylase)|g__Bifidobacterium.s__Bifidobacterium_longum	1.2639428698
ARG+POLYAMINE-SYN: superpathway of arginine and polyamine biosynthesis	92.8206828216
GALACTUROCAT-PWY: D-galacturonate degradation I	92.5295210910
GALACTUROCAT-PWY: D-galacturonate degradation I|g__Faecalibacterium.s__Faecalibacterium_prausnitzii	63.1261284455
GALACTUROCAT-PWY: D-galacturonate degradation I|unclassified	12.9874893225
ARGININE-SYN4-PWY: L-ornithine biosynthesis II	90.2836150671
ARGININE-SYN4-PWY: L-ornithine biosynthesis II|g__Bacteroides.s__Bacteroides_vulgatus	22.9781836588
ARGININE-SYN4-PWY: L-ornithine biosynthesis II|g__Bacteroides.s__Bacteroides_uniformis	8.3834008663
ARGININE-SYN4-PWY: L-ornithine biosynthesis II|g__Bacteroides.s__Bacteroides_thetaiotaomicron	7.7450958204
ARGININE-SYN4-PWY: L-ornithine biosynthesis II|g__Bacteroides.s__Bacteroides_ovatus	2.5027373690
PWY0-1479: tRNA processing	88.2616058828
PWY0-1479: tRNA processing|unclassified	19.9253151557
PWY0-1479: tRNA processing|g__Sutterella.s__Sutterella_wadsworthensis	15.4437834265
PWY-621: sucrose degradation III (sucrose invertase)	88.0958161511
PWY-621: sucrose degradation III (sucrose invertase)|g__Ruminococcus.s__Ruminococcus_bicirculans	15.1515151515
PWY-621: sucrose degradation III (sucrose invertase)|unclassified	11.4704122714
PWY-621: sucrose degradation III (sucrose invertase)|g__Bacteroides.s__Bacteroides_thetaiotaomicron	4.9182343539
PWY-6608: guanosine nucleotides degradation III	83.2450909116
PWY-6608: guanosine nucleotides degradation III|g__Faecalibacterium.s__Faecalibacterium_prausnitzii	25.5820734464
PWY-6608: guanosine nucleotides degradation III|unclassified	19.1964094463
PWY-6608: guanosine nucleotides degradation III|g__Blautia.s__Blautia_wexlerae	9.9308388012
PWY-6608: guanosine nucleotides degradation III|g__Blautia.s__Ruminococcus_torques	9.9178844062
PWY-6608: guanosine nucleotides degradation III|g__Blautia.s__Blautia_obeum	6.0033018160
PWY-6590: superpathway of Clostridium acetobutylicum acidogenic fermentation	82.8619843115
PWY-6507: 4-deoxy-L-threo-hex-4-enopyranuronate degradation	81.2431104994
PWY-6507: 4-deoxy-L-threo-hex-4-enopyranuronate degradation|g__Faecalibacterium.s__Faecalibacterium_prausnitzii	56.6124424039
PWY-6507: 4-deoxy-L-threo-hex-4-enopyranuronate degradation|unclassified	11.3299752275
P124-PWY: Bifidobacterium shunt	80.5694803408
PWY-6305: superpathway of putrescine biosynthesis	79.4270098527
PWY-6305: superpathway of putrescine biosynthesis|unclassified	8.9386112957
NAGLIPASYN-PWY: lipid IVA biosynthesis (E. coli)	75.5340673493
NAGLIPASYN-PWY: lipid IVA biosynthesis (E. coli)|unclassified	10.7105037287
NAGLIPASYN-PWY: lipid IVA biosynthesis (E. coli)|g__Bacteroides.s__Bacteroides_uniformis	8.0938479285
PWY-8073: lipid IVA biosynthesis (P. putida)	75.5340673493
PWY-8073: lipid IVA biosynthesis (P. putida)|unclassified	10.7105037287
PWY-8073: lipid IVA biosynthesis (P. putida)|g__Bacteroides.s__Bacteroides_uniformis	8.0938479285
POLYISOPRENSYN-PWY: polyisoprenoid biosynthesis (E. coli)	71.5276459742
SALVADEHYPOX-PWY: adenosine nucleotides degradation II	70.4402282554
SALVADEHYPOX-PWY: adenosine nucleotides degradation II|g__Faecalibacterium.s__Faecalibacterium_prausnitzii	23.4867700182
SALVADEHYPOX-PWY: adenosine nucleotides degradation II|unclassified	12.3940636598
SALVADEHYPOX-PWY: adenosine nucleotides degradation II|g__Blautia.s__Ruminococcus_torques	8.7801606074
PWY-6902: chitin degradation II (Vibrio)	67.7766772523
PWY-6902: chitin degradation II (Vibrio)|unclassified	25.1925832439
PWY-6902: chitin degradation II (Vibrio)|g__Bacteroides.s__Bacteroides_vulgatus	9.4312064067
PWY-6902: chitin degradation II (Vibrio)|g__Fusicatenibacter.s__Fusicatenibacter_saccharivorans	8.5311432277
PWY-6902: chitin degradation II (Vibrio)|g__Bacteroides.s__Bacteroides_thetaiotaomicron	6.4216574776
CENTFERM-PWY: pyruvate fermentation to butanoate	65.2908193840
POLYAMSYN-PWY: superpathway of polyamine biosynthesis I	57.8471778815
POLYAMSYN-PWY: superpathway of polyamine biosynthesis I|unclassified	10.2099845632
FUC-RHAMCAT-PWY: superpathway of fucose and rhamnose degradation	50.9802873428
PWY0-781: aspartate superpathway	50.7825026830
PWY-6284: superpathway of unsaturated fatty acids biosynthesis (E. coli)	49.4745996495
PWY0-1477: ethanolamine utilization	49.3107462423
PWY0-1477: ethanolamine utilization|unclassified	20.2528740475
PWY0-1477: ethanolamine utilization|g__Escherichia.s__Escherichia_coli	8.2389396662
PWY-7211: superpathway of pyrimidine deoxyribonucleotides de novo biosynthesis	48.8419159995
P4-PWY: superpathway of L-lysine, L-threonine and L-methionine biosynthesis I	48.0953861690
PWY-5030: L-histidine degradation III	47.4102958926
PWY-5030: L-histidine degradation III|g__Bacteroides.s__Bacteroides_vulgatus	16.7727015485
PWY-5030: L-histidine degradation III|g__Bacteroides.s__Bacteroides_uniformis	8.6903404824
PWY-6606: guanosine nucleotides degradation II	45.6323971087
PWY-6606: guanosine nucleotides degradation II|unclassified	11.0199578323
PWY-6606: guanosine nucleotides degradation II|g__Blautia.s__Ruminococcus_torques	6.8677119783
PWY-5345: superpathway of L-methionine biosynthesis (by sulfhydrylation)	44.9405274548
PWY-5345: superpathway of L-methionine biosynthesis (by sulfhydrylation)|unclassified	25.4713709333
P164-PWY: purine nucleobases degradation I (anaerobic)	44.8426744700
P164-PWY: purine nucleobases degradation I (anaerobic)|unclassified	15.7609807035
PWY-5723: Rubisco shunt	43.7616976329
PWY-5723: Rubisco shunt|unclassified	30.8996054649
GLYCOCAT-PWY: glycogen degradation I	43.5976890230
PWY-7282: 4-amino-2-methyl-5-diphosphomethylpyrimidine biosynthesis II	43.1264506753
PWY-6906: chitin derivatives degradation	41.9193566307
PWY-6859: all-trans-farnesol biosynthesis	40.8028591342
GLUDEG-I-PWY: GABA shunt	39.5928884694
PWY-8131: 5'-deoxyadenosine degradation II	38.8498948383
PWY-8131: 5'-deoxyadenosine degradation II|unclassified	8.5725035489
PWY-702: L-methionine biosynthesis II	37.9299339881
PWY-702: L-methionine biosynthesis II|unclassified	13.8873047950
PWY-5675: nitrate reduction V (assimilatory)	37.8435224767
PWY-5675: nitrate reduction V (assimilatory)|unclassified	26.5488401673
SULFATE-CYS-PWY: superpathway of sulfate assimilation and cysteine biosynthesis	36.4939962810
SULFATE-CYS-PWY: superpathway of sulfate assimilation and cysteine biosynthesis|unclassified	16.4091945883
PWY0-166: superpathway of pyrimidine deoxyribonucleotides de novo biosynthesis (E. coli)	36.4051501360
PWY-I9: L-cysteine biosynthesis VI (from L-methionine)	33.6610805815
PWY-I9: L-cysteine biosynthesis VI (from L-methionine)|unclassified	12.8279030934
PWY-6545: pyrimidine deoxyribonucleotides de novo biosynthesis III	33.1507737545
PWY-7184: pyrimidine deoxyribonucleotides de novo biosynthesis I	33.0646367191
POLYAMINSYN3-PWY: superpathway of polyamine biosynthesis II	32.0239033365
MET-SAM-PWY: superpathway of S-adenosyl-L-methionine biosynthesis	31.7264844254
MET-SAM-PWY: superpathway of S-adenosyl-L-methionine biosynthesis|unclassified	13.5021155681
PWY-5347: superpathway of L-methionine biosynthesis (transsulfuration)	31.6493632240
PWY-5347: superpathway of L-methionine biosynthesis (transsulfuration)|unclassified	13.3989098227
PWY0-1241: ADP-L-glycero-&beta;-D-manno-heptose biosynthesis	30.9957250972
PWY0-1241: ADP-L-glycero-&beta;-D-manno-heptose biosynthesis|unclassified	7.4192321117
PWY-7883: anhydromuropeptides recycling II	30.8805540273
PWY-5676: acetyl-CoA fermentation to butanoate II	28.7383587392
PWY-5676: acetyl-CoA fermentation to butanoate II|unclassified	7.1221875902
GOLPDLCAT-PWY: superpathway of glycerol degradation to 1,3-propanediol	28.5426565767
GOLPDLCAT-PWY: superpathway of glycerol degradation to 1,3-propanediol|unclassified	7.7635186637
GOLPDLCAT-PWY: superpathway of glycerol degradation to 1,3-propanediol|g__Blautia.s__Ruminococcus_torques	7.3484027430
P461-PWY: hexitol fermentation to lactate, formate, ethanol and acetate	28.4133320537
PWY-7209: superpathway of pyrimidine ribonucleosides degradation	28.1107134568
METSYN-PWY: superpathway of L-homoserine and L-methionine biosynthesis	27.8699337179
METSYN-PWY: superpathway of L-homoserine and L-methionine biosynthesis|unclassified	11.9231737878
PWY-5690: TCA cycle II (plants and fungi)	27.7653256194
PWY-5690: TCA cycle II (plants and fungi)|unclassified	16.2372790614
PWY-5497: purine nucleobases degradation II (anaerobic)	27.3013709744
PWY-821: superpathway of sulfur amino acid biosynthesis (Saccharomyces cerevisiae)	26.9606883238
PWY-821: superpathway of sulfur amino acid biosynthesis (Saccharomyces cerevisiae)|unclassified	15.6486367466
PWY-5130: 2-oxobutanoate degradation I	25.7673336906
FUCCAT-PWY: fucose degradation	25.4660180147
FUCCAT-PWY: fucose degradation|g__Blautia.s__Ruminococcus_torques	6.0783675242
P105-PWY: TCA cycle IV (2-oxoglutarate decarboxylase)	25.0047292182
P105-PWY: TCA cycle IV (2-oxoglutarate decarboxylase)|unclassified	18.3026719678
HEMESYN2-PWY: heme b biosynthesis II (oxygen-independent)	24.8508912507
HEMESYN2-PWY: heme b biosynthesis II (oxygen-independent)|g__Sutterella.s__Sutterella_wadsworthensis	14.6273270671
RUMP-PWY: formaldehyde oxidation I	24.6113109748
PWY-6531: mannitol cycle	22.7644603490
PWY-6531: mannitol cycle|unclassified	5.1360605516
PWY-5189: tetrapyrrole biosynthesis II (from glycine)	21.6661043396
PWY-5189: tetrapyrrole biosynthesis II (from glycine)|unclassified	15.0471668535
PWY0-1298: superpathway of pyrimidine deoxyribonucleosides degradation	20.1372481254
GLYOXYLATE-BYPASS: glyoxylate cycle	19.9402225003
PWY-5104: L-isoleucine biosynthesis IV	19.9260899267
PWY-5104: L-isoleucine biosynthesis IV|unclassified	16.8125167525
PWY-5136: fatty acid &beta;-oxidation II (plant peroxisome)	19.0227423635
PWY0-845: superpathway of pyridoxal 5'-phosphate biosynthesis and salvage	18.9987064828
ORNDEG-PWY: superpathway of ornithine degradation	17.7682481538
PWY-5367: petroselinate biosynthesis	17.6563076503
PWY-5367: petroselinate biosynthesis|g__Blautia.s__Ruminococcus_torques	14.2581836995
SO4ASSIM-PWY: assimilatory sulfate reduction I	17.1517893208
SO4ASSIM-PWY: assimilatory sulfate reduction I|unclassified	10.4452200307
P42-PWY: incomplete reductive TCA cycle	16.5271536082
P42-PWY: incomplete reductive TCA cycle|unclassified	4.6934308244
PYRIDOXSYN-PWY: pyridoxal 5'-phosphate biosynthesis I	16.1888724468
PYRIDOXSYN-PWY: pyridoxal 5'-phosphate biosynthesis I|unclassified	9.7865082508
PYRIDOXSYN-PWY: pyridoxal 5'-phosphate biosynthesis I|g__Bacteroides.s__Bacteroides_thetaiotaomicron	3.9038340275
HOMOSER-METSYN-PWY: L-methionine biosynthesis I	16.1497319133
HOMOSER-METSYN-PWY: L-methionine biosynthesis I|unclassified	7.0646598446
PWY-6749: CMP-legionaminate biosynthesis I	15.5706495351
PWY1ZNC-1: assimilatory sulfate reduction IV	15.0616327957
PWY1ZNC-1: assimilatory sulfate reduction IV|unclassified	8.0785043586
PPGPPMET-PWY: ppGpp metabolism	12.3386839458
PWY-5656: mannosylglycerate biosynthesis I	11.0393898079
PWY-5656: mannosylglycerate biosynthesis I|unclassified	8.8840988413
P185-PWY: formaldehyde assimilation III (dihydroxyacetone cycle)	10.7847218252
P185-PWY: formaldehyde assimilation III (dihydroxyacetone cycle)|unclassified	10.2219265874
PWY0-301: L-ascorbate degradation I (bacterial, anaerobic)	9.3460405141
PWY-6803: phosphatidylcholine acyl editing	9.3359390092
P108-PWY: pyruvate fermentation to propanoate I	9.3075624308
PWY-7118: chitin deacetylation	9.1600327989
PWY-5918: superpathway of heme b biosynthesis from glutamate	8.8494170119
PWY-6961: L-ascorbate degradation II (bacterial, aerobic)	8.5145324253
HEXITOLDEGSUPER-PWY: superpathway of hexitol degradation (bacteria)	7.5183863757
PWY-7204: pyridoxal 5'-phosphate salvage II (plants)	6.3225050326
P23-PWY: reductive TCA cycle I	5.7670310591
PWY-3781: aerobic respiration I (cytochrome c)	3.9981298103
PWY-3781: aerobic respiration I (cytochrome c)|unclassified	3.8986221134
HEME-BIOSYNTHESIS-II: heme b biosynthesis I (aerobic)	3.9283974356
HEME-BIOSYNTHESIS-II-1: heme b biosynthesis V (aerobic)	3.9283974356
GALACTITOLCAT-PWY: galactitol degradation	2.3059367915
GALACTITOLCAT-PWY: galactitol degradation|unclassified	2.2143753046