# Pathway	55_S66_L001_R2_001_Abundance
UNMAPPED	884926.8777786402
UNINTEGRATED	2027188.0166160553
UNINTEGRATED|g__Faecalibacterium.s__Faecalibacterium_prausnitzii	331858.7218027682
UNINTEGRATED|unclassified	188749.5027666758
UNINTEGRATED|g__Roseburia.s__Roseburia_faecis	156764.6836686281
UNINTEGRATED|g__Bacteroides.s__Bacteroides_vulgatus	141383.9066357448
UNINTEGRATED|g__Alistipes.s__Alistipes_putredinis	73094.1387983215
UNINTEGRATED|g__Lachnospiraceae_unclassified.s__Eubacterium_rectale	70931.8496657370
UNINTEGRATED|g__Subdoligranulum.s__Subdoligranulum_sp_APC924_74	66312.5579481933
UNINTEGRATED|g__Roseburia.s__Roseburia_intestinalis	45349.1286753733
UNINTEGRATED|g__Clostridium.s__Clostridium_sp_CAG_217	44429.8180871355
UNINTEGRATED|g__Bacteroides.s__Bacteroides_ovatus	43836.3203947302
UNINTEGRATED|g__Coprococcus.s__Coprococcus_eutactus	37081.2447910208
UNINTEGRATED|g__Bifidobacterium.s__Bifidobacterium_adolescentis	35393.3374408173
UNINTEGRATED|g__Faecalibacterium.s__Faecalibacterium_sp_CAG_74	33231.1134846523
UNINTEGRATED|g__Gemmiger.s__Gemmiger_formicilis	33082.5269231345
UNINTEGRATED|g__Parabacteroides.s__Parabacteroides_distasonis	32312.7235501073
UNINTEGRATED|g__Firmicutes_unclassified.s__Firmicutes_bacterium_CAG_65_45_313	31353.2451836171
UNINTEGRATED|g__Ruminococcus.s__Ruminococcus_bromii	29008.5592098761
UNINTEGRATED|g__Fusicatenibacter.s__Fusicatenibacter_saccharivorans	24911.5396839227
UNINTEGRATED|g__Parabacteroides.s__Parabacteroides_merdae	22087.7778144328
UNINTEGRATED|g__Bacteroides.s__Bacteroides_uniformis	20692.0750140329
UNINTEGRATED|g__Acetobacter.s__Acetobacter_sp_CAG_267	18909.5225081923
UNINTEGRATED|g__Blautia.s__Blautia_obeum	16633.0849802525
UNINTEGRATED|g__Eubacterium.s__Eubacterium_eligens	15417.1486154081
UNINTEGRATED|g__Bifidobacterium.s__Bifidobacterium_bifidum	15249.7874267344
UNINTEGRATED|g__Bacteroides.s__Bacteroides_stercoris	14004.4452016702
UNINTEGRATED|g__Bacteroides.s__Bacteroides_dorei	13708.0345944626
UNINTEGRATED|g__Firmicutes_unclassified.s__Firmicutes_bacterium_CAG_176	13624.7771868659
UNINTEGRATED|g__Bacteroides.s__Bacteroides_xylanisolvens	12569.6503012406
UNINTEGRATED|g__Bacteroides.s__Bacteroides_thetaiotaomicron	12471.3551035400
UNINTEGRATED|g__Clostridium.s__Clostridium_sp_CAG_440	11713.4532331531
UNINTEGRATED|g__Clostridium.s__Clostridium_sp_CAG_75	10967.8284860873
UNINTEGRATED|g__Eubacterium.s__Eubacterium_sp_CAG_115	10727.1443770794
UNINTEGRATED|g__Bacteroides.s__Bacteroides_caccae	10674.1428272565
UNINTEGRATED|g__Blautia.s__Blautia_sp	10096.0137944473
UNINTEGRATED|g__Firmicutes_unclassified.s__Firmicutes_bacterium_CAG_129	8839.7468992426
UNINTEGRATED|g__Ruminococcus.s__Ruminococcus_bicirculans	7989.0397903323
UNINTEGRATED|g__Lachnospira.s__Lachnospira_pectinoschiza	7358.2488124870
UNINTEGRATED|g__Blautia.s__Blautia_wexlerae	7021.8388217874
UNINTEGRATED|g__Phascolarctobacterium.s__Phascolarctobacterium_succinatutens	6699.7269410720
UNINTEGRATED|g__Coprococcus.s__Coprococcus_comes	6644.9790442166
UNINTEGRATED|g__Catenibacterium.s__Catenibacterium_mitsuokai	6618.0559047380
UNINTEGRATED|g__Eubacterium.s__Eubacterium_ventriosum	6051.9999704369
UNINTEGRATED|g__Klebsiella.s__Klebsiella_pneumoniae	6001.8378088417
UNINTEGRATED|g__Anaerostipes.s__Anaerostipes_hadrus	5335.1683140006
UNINTEGRATED|g__Roseburia.s__Roseburia_hominis	5151.9074916382
UNINTEGRATED|g__Oscillibacter.s__Oscillibacter_sp_57_20	5049.5683012089
UNINTEGRATED|g__Odoribacter.s__Odoribacter_splanchnicus	4998.3208809282
UNINTEGRATED|g__Alistipes.s__Alistipes_shahii	4781.2708085635
UNINTEGRATED|g__Eubacterium.s__Eubacterium_hallii	4451.1273499083
UNINTEGRATED|g__Bifidobacterium.s__Bifidobacterium_catenulatum	3895.7543942617
UNINTEGRATED|g__Clostridium.s__Clostridium_sp_CAG_302	3729.5429258470
UNINTEGRATED|g__Bifidobacterium.s__Bifidobacterium_pseudocatenulatum	3705.2400299846
UNINTEGRATED|g__Bifidobacterium.s__Bifidobacterium_longum	3554.8699458816
UNINTEGRATED|g__Ruminococcus.s__Ruminococcus_sp_CAG_254	3474.1553092425
UNINTEGRATED|g__Collinsella.s__Collinsella_aerofaciens	3318.3933071038
UNINTEGRATED|g__Asaccharobacter.s__Asaccharobacter_celatus	2708.6499637578
UNINTEGRATED|g__Clostridium.s__Clostridium_sp_CAG_138	2494.3525430282
UNINTEGRATED|g__Alistipes.s__Alistipes_finegoldii	2358.7721888559
UNINTEGRATED|g__Firmicutes_unclassified.s__Firmicutes_bacterium_CAG_110	2109.3244751767
UNINTEGRATED|g__Enterobacter.s__Enterobacter_soli	1726.4874555474
UNINTEGRATED|g__Bacteroides.s__Bacteroides_sp_CAG_144	1219.0073476278
UNINTEGRATED|g__Alistipes.s__Alistipes_onderdonkii	932.6094162202
UNINTEGRATED|g__Adlercreutzia.s__Adlercreutzia_equolifaciens	836.5957284077
UNINTEGRATED|g__Alistipes.s__Alistipes_timonensis	743.8428560057
UNINTEGRATED|g__Raoultella.s__Raoultella_ornithinolytica	336.6639773405
PWY-7238: sucrose biosynthesis II	2758.0075058887
PWY-7238: sucrose biosynthesis II|g__Faecalibacterium.s__Faecalibacterium_prausnitzii	568.6531619358
PWY-7238: sucrose biosynthesis II|unclassified	320.6022489008
PWY-7238: sucrose biosynthesis II|g__Roseburia.s__Roseburia_faecis	263.1555686181
PWY-7238: sucrose biosynthesis II|g__Subdoligranulum.s__Subdoligranulum_sp_APC924_74	148.9066196803
PWY-7238: sucrose biosynthesis II|g__Clostridium.s__Clostridium_sp_CAG_217	134.5562644103
PWY-7238: sucrose biosynthesis II|g__Lachnospiraceae_unclassified.s__Eubacterium_rectale	96.8132232319
PWY-7238: sucrose biosynthesis II|g__Firmicutes_unclassified.s__Firmicutes_bacterium_CAG_65_45_313	85.0962895059
PWY-7238: sucrose biosynthesis II|g__Acetobacter.s__Acetobacter_sp_CAG_267	76.6565108330
PWY-7238: sucrose biosynthesis II|g__Coprococcus.s__Coprococcus_eutactus	68.0718267327
PWY-7238: sucrose biosynthesis II|g__Ruminococcus.s__Ruminococcus_bromii	66.8066002309
PWY-7238: sucrose biosynthesis II|g__Faecalibacterium.s__Faecalibacterium_sp_CAG_74	64.0991942872
PWY-7238: sucrose biosynthesis II|g__Gemmiger.s__Gemmiger_formicilis	57.7144804123
PWY-7238: sucrose biosynthesis II|g__Bifidobacterium.s__Bifidobacterium_adolescentis	52.9049541576
PWY-7238: sucrose biosynthesis II|g__Eubacterium.s__Eubacterium_sp_CAG_115	50.7992207078
PWY-7238: sucrose biosynthesis II|g__Roseburia.s__Roseburia_intestinalis	41.8097551095
PWY-7238: sucrose biosynthesis II|g__Firmicutes_unclassified.s__Firmicutes_bacterium_CAG_176	34.5288185400
PWY-7238: sucrose biosynthesis II|g__Fusicatenibacter.s__Fusicatenibacter_saccharivorans	21.3596310574
PWY-7238: sucrose biosynthesis II|g__Clostridium.s__Clostridium_sp_CAG_75	20.9991583422
PWY-7238: sucrose biosynthesis II|g__Firmicutes_unclassified.s__Firmicutes_bacterium_CAG_129	20.7296849088
PWY-7238: sucrose biosynthesis II|g__Blautia.s__Blautia_obeum	18.1815892695
PWY-7238: sucrose biosynthesis II|g__Eubacterium.s__Eubacterium_eligens	17.6864325333
PWY-7238: sucrose biosynthesis II|g__Blautia.s__Blautia_sp	15.5381946258
PWY-7238: sucrose biosynthesis II|g__Ruminococcus.s__Ruminococcus_bicirculans	15.3386670321
PWY-7238: sucrose biosynthesis II|g__Bacteroides.s__Bacteroides_stercoris	15.1891741159
PWY-7238: sucrose biosynthesis II|g__Bifidobacterium.s__Bifidobacterium_bifidum	14.5410001945
PWY-7238: sucrose biosynthesis II|g__Bacteroides.s__Bacteroides_uniformis	11.9994674693
PWY-7238: sucrose biosynthesis II|g__Ruminococcus.s__Ruminococcus_sp_CAG_254	9.8609034224
PWY-7238: sucrose biosynthesis II|g__Lachnospira.s__Lachnospira_pectinoschiza	9.2305386978
PWY-7238: sucrose biosynthesis II|g__Bifidobacterium.s__Bifidobacterium_catenulatum	8.5019167268
PWY-7238: sucrose biosynthesis II|g__Bacteroides.s__Bacteroides_thetaiotaomicron	8.1649190439
PWY-7238: sucrose biosynthesis II|g__Firmicutes_unclassified.s__Firmicutes_bacterium_CAG_110	7.6399380916
PWY-7238: sucrose biosynthesis II|g__Blautia.s__Blautia_wexlerae	7.5399233652
PWY-7238: sucrose biosynthesis II|g__Bifidobacterium.s__Bifidobacterium_pseudocatenulatum	3.5366931919
PWY-7238: sucrose biosynthesis II|g__Catenibacterium.s__Catenibacterium_mitsuokai	2.6220911177
PWY-6163: chorismate biosynthesis from 3-dehydroquinate	1812.0253676344
PWY-6163: chorismate biosynthesis from 3-dehydroquinate|g__Faecalibacterium.s__Faecalibacterium_prausnitzii	443.3516800560
PWY-6163: chorismate biosynthesis from 3-dehydroquinate|g__Roseburia.s__Roseburia_faecis	153.3806042493
PWY-6163: chorismate biosynthesis from 3-dehydroquinate|g__Clostridium.s__Clostridium_sp_CAG_217	113.5293978230
PWY-6163: chorismate biosynthesis from 3-dehydroquinate|g__Subdoligranulum.s__Subdoligranulum_sp_APC924_74	103.3713477145
PWY-6163: chorismate biosynthesis from 3-dehydroquinate|unclassified	89.3215479025
PWY-6163: chorismate biosynthesis from 3-dehydroquinate|g__Bacteroides.s__Bacteroides_vulgatus	83.6563813811
PWY-6163: chorismate biosynthesis from 3-dehydroquinate|g__Ruminococcus.s__Ruminococcus_bromii	66.5015844392
PWY-6163: chorismate biosynthesis from 3-dehydroquinate|g__Lachnospiraceae_unclassified.s__Eubacterium_rectale	51.7200177256
PWY-6163: chorismate biosynthesis from 3-dehydroquinate|g__Faecalibacterium.s__Faecalibacterium_sp_CAG_74	44.7921100479
PWY-6163: chorismate biosynthesis from 3-dehydroquinate|g__Coprococcus.s__Coprococcus_eutactus	38.9095042708
PWY-6163: chorismate biosynthesis from 3-dehydroquinate|g__Firmicutes_unclassified.s__Firmicutes_bacterium_CAG_65_45_313	38.7095077310
PWY-6163: chorismate biosynthesis from 3-dehydroquinate|g__Roseburia.s__Roseburia_intestinalis	32.8182244305
PWY-6163: chorismate biosynthesis from 3-dehydroquinate|g__Bifidobacterium.s__Bifidobacterium_adolescentis	32.7011701957
PWY-6163: chorismate biosynthesis from 3-dehydroquinate|g__Fusicatenibacter.s__Fusicatenibacter_saccharivorans	25.5795700306
PWY-6163: chorismate biosynthesis from 3-dehydroquinate|g__Firmicutes_unclassified.s__Firmicutes_bacterium_CAG_176	23.0166796198
PWY-6163: chorismate biosynthesis from 3-dehydroquinate|g__Bacteroides.s__Bacteroides_ovatus	22.3902488670
PWY-6163: chorismate biosynthesis from 3-dehydroquinate|g__Eubacterium.s__Eubacterium_sp_CAG_115	16.8016699923
PWY-6163: chorismate biosynthesis from 3-dehydroquinate|g__Parabacteroides.s__Parabacteroides_distasonis	16.4715001523
PWY-6163: chorismate biosynthesis from 3-dehydroquinate|g__Alistipes.s__Alistipes_shahii	15.1748610917
PWY-6163: chorismate biosynthesis from 3-dehydroquinate|g__Blautia.s__Blautia_sp	13.0514956020
PWY-6163: chorismate biosynthesis from 3-dehydroquinate|g__Bacteroides.s__Bacteroides_stercoris	12.9542186138
PWY-6163: chorismate biosynthesis from 3-dehydroquinate|g__Eubacterium.s__Eubacterium_eligens	10.2239034864
PWY-6163: chorismate biosynthesis from 3-dehydroquinate|g__Blautia.s__Blautia_obeum	8.4827874843
PWY-6163: chorismate biosynthesis from 3-dehydroquinate|g__Parabacteroides.s__Parabacteroides_merdae	7.8678206137
PWY-6163: chorismate biosynthesis from 3-dehydroquinate|g__Bacteroides.s__Bacteroides_uniformis	6.1213919103
PWY-6163: chorismate biosynthesis from 3-dehydroquinate|g__Bacteroides.s__Bacteroides_xylanisolvens	4.9850448654
PWY-6163: chorismate biosynthesis from 3-dehydroquinate|g__Bacteroides.s__Bacteroides_caccae	4.8857945523
PWY-6163: chorismate biosynthesis from 3-dehydroquinate|g__Blautia.s__Blautia_wexlerae	4.8135997225
PWY-6163: chorismate biosynthesis from 3-dehydroquinate|g__Bacteroides.s__Bacteroides_thetaiotaomicron	3.8277511962
PWY-6163: chorismate biosynthesis from 3-dehydroquinate|g__Bacteroides.s__Bacteroides_dorei	3.2399295742
VALSYN-PWY: L-valine biosynthesis	1811.8454030188
VALSYN-PWY: L-valine biosynthesis|g__Faecalibacterium.s__Faecalibacterium_prausnitzii	287.9931874203
VALSYN-PWY: L-valine biosynthesis|g__Roseburia.s__Roseburia_faecis	142.6393224793
VALSYN-PWY: L-valine biosynthesis|unclassified	135.2788658185
VALSYN-PWY: L-valine biosynthesis|g__Subdoligranulum.s__Subdoligranulum_sp_APC924_74	102.2012515051
VALSYN-PWY: L-valine biosynthesis|g__Clostridium.s__Clostridium_sp_CAG_217	92.1804106376
VALSYN-PWY: L-valine biosynthesis|g__Bacteroides.s__Bacteroides_vulgatus	79.8242497268
VALSYN-PWY: L-valine biosynthesis|g__Ruminococcus.s__Ruminococcus_bromii	78.7697462543
VALSYN-PWY: L-valine biosynthesis|g__Lachnospiraceae_unclassified.s__Eubacterium_rectale	60.6142325082
VALSYN-PWY: L-valine biosynthesis|g__Gemmiger.s__Gemmiger_formicilis	56.7151053742
VALSYN-PWY: L-valine biosynthesis|g__Bifidobacterium.s__Bifidobacterium_adolescentis	53.9637411132
VALSYN-PWY: L-valine biosynthesis|g__Faecalibacterium.s__Faecalibacterium_sp_CAG_74	49.9176036905
VALSYN-PWY: L-valine biosynthesis|g__Coprococcus.s__Coprococcus_eutactus	45.3607595400
VALSYN-PWY: L-valine biosynthesis|g__Firmicutes_unclassified.s__Firmicutes_bacterium_CAG_65_45_313	35.7147086211
VALSYN-PWY: L-valine biosynthesis|g__Roseburia.s__Roseburia_intestinalis	32.4670844536
VALSYN-PWY: L-valine biosynthesis|g__Eubacterium.s__Eubacterium_eligens	22.9870515989
VALSYN-PWY: L-valine biosynthesis|g__Parabacteroides.s__Parabacteroides_distasonis	21.6243142319
VALSYN-PWY: L-valine biosynthesis|g__Bacteroides.s__Bacteroides_xylanisolvens	21.5945949863
VALSYN-PWY: L-valine biosynthesis|g__Blautia.s__Blautia_sp	16.4217175263
VALSYN-PWY: L-valine biosynthesis|g__Eubacterium.s__Eubacterium_sp_CAG_115	15.2268072769
VALSYN-PWY: L-valine biosynthesis|g__Bifidobacterium.s__Bifidobacterium_bifidum	14.7843226613
VALSYN-PWY: L-valine biosynthesis|g__Ruminococcus.s__Ruminococcus_bicirculans	13.7307907369
VALSYN-PWY: L-valine biosynthesis|g__Blautia.s__Blautia_obeum	13.5149859748
VALSYN-PWY: L-valine biosynthesis|g__Bacteroides.s__Bacteroides_ovatus	12.6339502279
VALSYN-PWY: L-valine biosynthesis|g__Parabacteroides.s__Parabacteroides_merdae	11.7538576097
VALSYN-PWY: L-valine biosynthesis|g__Bacteroides.s__Bacteroides_stercoris	11.1925383078
VALSYN-PWY: L-valine biosynthesis|g__Catenibacterium.s__Catenibacterium_mitsuokai	7.8391847248
VALSYN-PWY: L-valine biosynthesis|g__Eubacterium.s__Eubacterium_ventriosum	7.5850463245
VALSYN-PWY: L-valine biosynthesis|g__Anaerostipes.s__Anaerostipes_hadrus	7.5210444609
VALSYN-PWY: L-valine biosynthesis|g__Bifidobacterium.s__Bifidobacterium_catenulatum	7.1102231458
VALSYN-PWY: L-valine biosynthesis|g__Bifidobacterium.s__Bifidobacterium_longum	6.4829821718
VALSYN-PWY: L-valine biosynthesis|g__Bacteroides.s__Bacteroides_caccae	6.3602785018
VALSYN-PWY: L-valine biosynthesis|g__Bacteroides.s__Bacteroides_uniformis	5.0046207436
VALSYN-PWY: L-valine biosynthesis|g__Blautia.s__Blautia_wexlerae	4.2465963054
VALSYN-PWY: L-valine biosynthesis|g__Alistipes.s__Alistipes_onderdonkii	3.8211131196
VALSYN-PWY: L-valine biosynthesis|g__Bacteroides.s__Bacteroides_thetaiotaomicron	3.7657691584
VALSYN-PWY: L-valine biosynthesis|g__Asaccharobacter.s__Asaccharobacter_celatus	3.4831069314
VALSYN-PWY: L-valine biosynthesis|g__Adlercreutzia.s__Adlercreutzia_equolifaciens	2.9215562156
VALSYN-PWY: L-valine biosynthesis|g__Bifidobacterium.s__Bifidobacterium_pseudocatenulatum	1.6870413482
VALSYN-PWY: L-valine biosynthesis|g__Bacteroides.s__Bacteroides_dorei	1.6765673835
VALSYN-PWY: L-valine biosynthesis|g__Alistipes.s__Alistipes_finegoldii	1.0503098414
VALSYN-PWY: L-valine biosynthesis|g__Roseburia.s__Roseburia_hominis	0.9768009768
PWY-1042: glycolysis IV	1799.6647947141
PWY-1042: glycolysis IV|g__Faecalibacterium.s__Faecalibacterium_prausnitzii	314.0369128689
PWY-1042: glycolysis IV|unclassified	196.2943132757
PWY-1042: glycolysis IV|g__Roseburia.s__Roseburia_faecis	192.2906088930
PWY-1042: glycolysis IV|g__Bacteroides.s__Bacteroides_vulgatus	139.7542495110
PWY-1042: glycolysis IV|g__Alistipes.s__Alistipes_putredinis	71.4967751843
PWY-1042: glycolysis IV|g__Acetobacter.s__Acetobacter_sp_CAG_267	49.6636273523
PWY-1042: glycolysis IV|g__Lachnospiraceae_unclassified.s__Eubacterium_rectale	45.8550089670
PWY-1042: glycolysis IV|g__Roseburia.s__Roseburia_intestinalis	28.1850723853
PWY-1042: glycolysis IV|g__Blautia.s__Blautia_sp	19.6779656720
PWY-1042: glycolysis IV|g__Fusicatenibacter.s__Fusicatenibacter_saccharivorans	18.0229870248
PWY-1042: glycolysis IV|g__Eubacterium.s__Eubacterium_eligens	17.1913640801
PWY-1042: glycolysis IV|g__Alistipes.s__Alistipes_shahii	11.9675072000
PWY-1042: glycolysis IV|g__Bacteroides.s__Bacteroides_dorei	7.0594316390
PWY-1042: glycolysis IV|g__Eubacterium.s__Eubacterium_ventriosum	6.0093574280
PWY-1042: glycolysis IV|g__Blautia.s__Blautia_obeum	5.1992001580
PWY-1042: glycolysis IV|g__Blautia.s__Blautia_wexlerae	4.2564932522
PWY-5686: UMP biosynthesis I	1775.7280187654
PWY-5686: UMP biosynthesis I|g__Faecalibacterium.s__Faecalibacterium_prausnitzii	312.9735228205
PWY-5686: UMP biosynthesis I|g__Roseburia.s__Roseburia_faecis	174.2952437488
PWY-5686: UMP biosynthesis I|unclassified	152.8817567073
PWY-5686: UMP biosynthesis I|g__Alistipes.s__Alistipes_putredinis	100.0036403052
PWY-5686: UMP biosynthesis I|g__Bacteroides.s__Bacteroides_vulgatus	95.4242969940
PWY-5686: UMP biosynthesis I|g__Clostridium.s__Clostridium_sp_CAG_217	93.2249381107
PWY-5686: UMP biosynthesis I|g__Faecalibacterium.s__Faecalibacterium_sp_CAG_74	65.9012533371
PWY-5686: UMP biosynthesis I|g__Lachnospiraceae_unclassified.s__Eubacterium_rectale	54.8442764630
PWY-5686: UMP biosynthesis I|g__Firmicutes_unclassified.s__Firmicutes_bacterium_CAG_65_45_313	47.4826234058
PWY-5686: UMP biosynthesis I|g__Bifidobacterium.s__Bifidobacterium_adolescentis	42.9218241729
PWY-5686: UMP biosynthesis I|g__Gemmiger.s__Gemmiger_formicilis	39.6489127475
PWY-5686: UMP biosynthesis I|g__Roseburia.s__Roseburia_intestinalis	23.9415145910
PWY-5686: UMP biosynthesis I|g__Parabacteroides.s__Parabacteroides_distasonis	20.5340970625
PWY-5686: UMP biosynthesis I|g__Blautia.s__Blautia_sp	16.7929792070
PWY-5686: UMP biosynthesis I|g__Eubacterium.s__Eubacterium_eligens	16.5101405331
PWY-5686: UMP biosynthesis I|g__Fusicatenibacter.s__Fusicatenibacter_saccharivorans	15.0304603721
PWY-5686: UMP biosynthesis I|g__Bifidobacterium.s__Bifidobacterium_bifidum	13.4434357196
PWY-5686: UMP biosynthesis I|g__Bacteroides.s__Bacteroides_stercoris	10.9046537594
PWY-5686: UMP biosynthesis I|g__Oscillibacter.s__Oscillibacter_sp_57_20	10.4682684145
PWY-5686: UMP biosynthesis I|g__Bacteroides.s__Bacteroides_ovatus	8.8030258496
PWY-5686: UMP biosynthesis I|g__Parabacteroides.s__Parabacteroides_merdae	7.2151809000
PWY-5686: UMP biosynthesis I|g__Bacteroides.s__Bacteroides_caccae	6.1562982731
PWY-5686: UMP biosynthesis I|g__Bifidobacterium.s__Bifidobacterium_catenulatum	5.6633632011
PWY-5686: UMP biosynthesis I|g__Bacteroides.s__Bacteroides_dorei	5.2544821882
PWY-5686: UMP biosynthesis I|g__Bacteroides.s__Bacteroides_uniformis	2.9981977713
PWY-5686: UMP biosynthesis I|g__Bacteroides.s__Bacteroides_thetaiotaomicron	2.4428137124
PWY-7790: UMP biosynthesis II	1775.7280187654
PWY-7790: UMP biosynthesis II|g__Faecalibacterium.s__Faecalibacterium_prausnitzii	312.9735228205
PWY-7790: UMP biosynthesis II|g__Roseburia.s__Roseburia_faecis	174.2952437488
PWY-7790: UMP biosynthesis II|unclassified	152.8817567073
PWY-7790: UMP biosynthesis II|g__Bacteroides.s__Bacteroides_vulgatus	95.4242969940
PWY-7790: UMP biosynthesis II|g__Clostridium.s__Clostridium_sp_CAG_217	93.2249381107
PWY-7790: UMP biosynthesis II|g__Alistipes.s__Alistipes_putredinis	87.6087798407
PWY-7790: UMP biosynthesis II|g__Faecalibacterium.s__Faecalibacterium_sp_CAG_74	65.9012533371
PWY-7790: UMP biosynthesis II|g__Lachnospiraceae_unclassified.s__Eubacterium_rectale	54.8442764630
PWY-7790: UMP biosynthesis II|g__Firmicutes_unclassified.s__Firmicutes_bacterium_CAG_65_45_313	47.4826234058
PWY-7790: UMP biosynthesis II|g__Bifidobacterium.s__Bifidobacterium_adolescentis	42.9218241729
PWY-7790: UMP biosynthesis II|g__Gemmiger.s__Gemmiger_formicilis	39.6489127475
PWY-7790: UMP biosynthesis II|g__Roseburia.s__Roseburia_intestinalis	23.9415145910
PWY-7790: UMP biosynthesis II|g__Parabacteroides.s__Parabacteroides_distasonis	22.1072142410
PWY-7790: UMP biosynthesis II|g__Bacteroides.s__Bacteroides_ovatus	18.2681231935
PWY-7790: UMP biosynthesis II|g__Blautia.s__Blautia_sp	16.7929792070
PWY-7790: UMP biosynthesis II|g__Eubacterium.s__Eubacterium_eligens	16.5101405331
PWY-7790: UMP biosynthesis II|g__Fusicatenibacter.s__Fusicatenibacter_saccharivorans	15.0304603721
PWY-7790: UMP biosynthesis II|g__Bifidobacterium.s__Bifidobacterium_bifidum	11.6768474202
PWY-7790: UMP biosynthesis II|g__Bacteroides.s__Bacteroides_stercoris	10.9046537594
PWY-7790: UMP biosynthesis II|g__Oscillibacter.s__Oscillibacter_sp_57_20	10.4682684145
PWY-7790: UMP biosynthesis II|g__Parabacteroides.s__Parabacteroides_merdae	7.2151809000
PWY-7790: UMP biosynthesis II|g__Bacteroides.s__Bacteroides_caccae	7.0653764823
PWY-7790: UMP biosynthesis II|g__Bifidobacterium.s__Bifidobacterium_catenulatum	6.7767247908
PWY-7790: UMP biosynthesis II|g__Bacteroides.s__Bacteroides_dorei	5.2544821882
PWY-7790: UMP biosynthesis II|g__Bacteroides.s__Bacteroides_xylanisolvens	4.0132429397
PWY-7790: UMP biosynthesis II|g__Bacteroides.s__Bacteroides_uniformis	2.9981977713
PWY-7790: UMP biosynthesis II|g__Bacteroides.s__Bacteroides_thetaiotaomicron	2.8359622458
PWY-7791: UMP biosynthesis III	1775.7280187654
PWY-7791: UMP biosynthesis III|g__Faecalibacterium.s__Faecalibacterium_prausnitzii	312.9735228205
PWY-7791: UMP biosynthesis III|g__Roseburia.s__Roseburia_faecis	174.2952437488
PWY-7791: UMP biosynthesis III|unclassified	152.8817567073
PWY-7791: UMP biosynthesis III|g__Bacteroides.s__Bacteroides_vulgatus	99.9370932614
PWY-7791: UMP biosynthesis III|g__Clostridium.s__Clostridium_sp_CAG_217	93.2249381107
PWY-7791: UMP biosynthesis III|g__Alistipes.s__Alistipes_putredinis	87.6087798407
PWY-7791: UMP biosynthesis III|g__Faecalibacterium.s__Faecalibacterium_sp_CAG_74	65.9012533371
PWY-7791: UMP biosynthesis III|g__Lachnospiraceae_unclassified.s__Eubacterium_rectale	54.8442764630
PWY-7791: UMP biosynthesis III|g__Firmicutes_unclassified.s__Firmicutes_bacterium_CAG_65_45_313	47.4826234058
PWY-7791: UMP biosynthesis III|g__Bifidobacterium.s__Bifidobacterium_adolescentis	42.9218241729
PWY-7791: UMP biosynthesis III|g__Gemmiger.s__Gemmiger_formicilis	39.6489127475
PWY-7791: UMP biosynthesis III|g__Roseburia.s__Roseburia_intestinalis	23.9415145910
PWY-7791: UMP biosynthesis III|g__Parabacteroides.s__Parabacteroides_distasonis	20.5340970625
PWY-7791: UMP biosynthesis III|g__Bacteroides.s__Bacteroides_ovatus	17.9729010486
PWY-7791: UMP biosynthesis III|g__Blautia.s__Blautia_sp	16.7929792070
PWY-7791: UMP biosynthesis III|g__Eubacterium.s__Eubacterium_eligens	16.5101405331
PWY-7791: UMP biosynthesis III|g__Fusicatenibacter.s__Fusicatenibacter_saccharivorans	15.0304603721
PWY-7791: UMP biosynthesis III|g__Bifidobacterium.s__Bifidobacterium_bifidum	11.6768474202
PWY-7791: UMP biosynthesis III|g__Bacteroides.s__Bacteroides_stercoris	10.9046537594
PWY-7791: UMP biosynthesis III|g__Oscillibacter.s__Oscillibacter_sp_57_20	10.4682684145
PWY-7791: UMP biosynthesis III|g__Parabacteroides.s__Parabacteroides_merdae	9.3112762212
PWY-7791: UMP biosynthesis III|g__Bacteroides.s__Bacteroides_dorei	7.0103100337
PWY-7791: UMP biosynthesis III|g__Bacteroides.s__Bacteroides_caccae	6.1562982731
PWY-7791: UMP biosynthesis III|g__Bifidobacterium.s__Bifidobacterium_catenulatum	5.4451839656
PWY-7791: UMP biosynthesis III|g__Bacteroides.s__Bacteroides_uniformis	2.9981977713
PWY-7791: UMP biosynthesis III|g__Bacteroides.s__Bacteroides_xylanisolvens	2.7384127337
PWY-7791: UMP biosynthesis III|g__Bacteroides.s__Bacteroides_thetaiotaomicron	2.4428137124
PWY-5941: glycogen degradation II	1732.4859228154
PWY-5941: glycogen degradation II|g__Faecalibacterium.s__Faecalibacterium_prausnitzii	346.1239134874
PWY-5941: glycogen degradation II|g__Roseburia.s__Roseburia_faecis	227.6334646302
PWY-5941: glycogen degradation II|unclassified	162.6573041216
PWY-5941: glycogen degradation II|g__Coprococcus.s__Coprococcus_eutactus	50.1623121807
PWY-5941: glycogen degradation II|g__Bifidobacterium.s__Bifidobacterium_adolescentis	45.2011074755
PWY-5941: glycogen degradation II|g__Roseburia.s__Roseburia_intestinalis	41.7074484764
PWY-5941: glycogen degradation II|g__Fusicatenibacter.s__Fusicatenibacter_saccharivorans	25.0520769799
PWY-5941: glycogen degradation II|g__Bacteroides.s__Bacteroides_ovatus	22.5542624761
PWY-5941: glycogen degradation II|g__Blautia.s__Blautia_sp	17.9935395039
PWY-5941: glycogen degradation II|g__Eubacterium.s__Eubacterium_eligens	17.4018671724
PWY-5941: glycogen degradation II|g__Bifidobacterium.s__Bifidobacterium_bifidum	15.0281782972
PWY-5941: glycogen degradation II|g__Bacteroides.s__Bacteroides_xylanisolvens	9.0127044046
PWY-5941: glycogen degradation II|g__Bifidobacterium.s__Bifidobacterium_catenulatum	8.8843057153
PWY-5941: glycogen degradation II|g__Lachnospira.s__Lachnospira_pectinoschiza	8.6744251734
PWY-5941: glycogen degradation II|g__Blautia.s__Blautia_wexlerae	7.5673507428
PWY-5941: glycogen degradation II|g__Blautia.s__Blautia_obeum	7.5243253413
PWY-5941: glycogen degradation II|g__Bacteroides.s__Bacteroides_thetaiotaomicron	7.4433577198
PWY-5941: glycogen degradation II|g__Bifidobacterium.s__Bifidobacterium_pseudocatenulatum	3.0534351145
PWY-6386: UDP-N-acetylmuramoyl-pentapeptide biosynthesis II (lysine-containing)	1712.2837368210
PWY-6386: UDP-N-acetylmuramoyl-pentapeptide biosynthesis II (lysine-containing)|g__Faecalibacterium.s__Faecalibacterium_prausnitzii	277.4535113644
PWY-6386: UDP-N-acetylmuramoyl-pentapeptide biosynthesis II (lysine-containing)|g__Roseburia.s__Roseburia_faecis	155.3698634149
PWY-6386: UDP-N-acetylmuramoyl-pentapeptide biosynthesis II (lysine-containing)|unclassified	127.6167989173
PWY-6386: UDP-N-acetylmuramoyl-pentapeptide biosynthesis II (lysine-containing)|g__Bacteroides.s__Bacteroides_vulgatus	89.6377882004
PWY-6386: UDP-N-acetylmuramoyl-pentapeptide biosynthesis II (lysine-containing)|g__Alistipes.s__Alistipes_putredinis	83.7491183927
PWY-6386: UDP-N-acetylmuramoyl-pentapeptide biosynthesis II (lysine-containing)|g__Subdoligranulum.s__Subdoligranulum_sp_APC924_74	78.4576859941
PWY-6386: UDP-N-acetylmuramoyl-pentapeptide biosynthesis II (lysine-containing)|g__Lachnospiraceae_unclassified.s__Eubacterium_rectale	44.5242463542
PWY-6386: UDP-N-acetylmuramoyl-pentapeptide biosynthesis II (lysine-containing)|g__Bifidobacterium.s__Bifidobacterium_adolescentis	41.1500375583
PWY-6386: UDP-N-acetylmuramoyl-pentapeptide biosynthesis II (lysine-containing)|g__Gemmiger.s__Gemmiger_formicilis	40.7717932251
PWY-6386: UDP-N-acetylmuramoyl-pentapeptide biosynthesis II (lysine-containing)|g__Parabacteroides.s__Parabacteroides_distasonis	21.6903427127
PWY-6386: UDP-N-acetylmuramoyl-pentapeptide biosynthesis II (lysine-containing)|g__Fusicatenibacter.s__Fusicatenibacter_saccharivorans	20.0938634222
PWY-6386: UDP-N-acetylmuramoyl-pentapeptide biosynthesis II (lysine-containing)|g__Blautia.s__Blautia_sp	16.3740517738
PWY-6386: UDP-N-acetylmuramoyl-pentapeptide biosynthesis II (lysine-containing)|g__Bifidobacterium.s__Bifidobacterium_bifidum	12.5287070487
PWY-6386: UDP-N-acetylmuramoyl-pentapeptide biosynthesis II (lysine-containing)|g__Eubacterium.s__Eubacterium_eligens	9.3529538702
PWY-6386: UDP-N-acetylmuramoyl-pentapeptide biosynthesis II (lysine-containing)|g__Parabacteroides.s__Parabacteroides_merdae	9.1825539425
PWY-6386: UDP-N-acetylmuramoyl-pentapeptide biosynthesis II (lysine-containing)|g__Bacteroides.s__Bacteroides_stercoris	8.6945510369
PWY-6386: UDP-N-acetylmuramoyl-pentapeptide biosynthesis II (lysine-containing)|g__Bacteroides.s__Bacteroides_caccae	6.0609929039
PWY-6386: UDP-N-acetylmuramoyl-pentapeptide biosynthesis II (lysine-containing)|g__Catenibacterium.s__Catenibacterium_mitsuokai	5.8268186264
PWY-6386: UDP-N-acetylmuramoyl-pentapeptide biosynthesis II (lysine-containing)|g__Bacteroides.s__Bacteroides_uniformis	4.8419311235
DTDPRHAMSYN-PWY: dTDP-&beta;-L-rhamnose biosynthesis	1706.4942297983
DTDPRHAMSYN-PWY: dTDP-&beta;-L-rhamnose biosynthesis|g__Faecalibacterium.s__Faecalibacterium_prausnitzii	293.0166454378
DTDPRHAMSYN-PWY: dTDP-&beta;-L-rhamnose biosynthesis|g__Roseburia.s__Roseburia_faecis	175.7220883271
DTDPRHAMSYN-PWY: dTDP-&beta;-L-rhamnose biosynthesis|unclassified	150.5335636839
DTDPRHAMSYN-PWY: dTDP-&beta;-L-rhamnose biosynthesis|g__Bacteroides.s__Bacteroides_vulgatus	138.9694157970
DTDPRHAMSYN-PWY: dTDP-&beta;-L-rhamnose biosynthesis|g__Subdoligranulum.s__Subdoligranulum_sp_APC924_74	110.5342159735
DTDPRHAMSYN-PWY: dTDP-&beta;-L-rhamnose biosynthesis|g__Parabacteroides.s__Parabacteroides_distasonis	64.2846132427
DTDPRHAMSYN-PWY: dTDP-&beta;-L-rhamnose biosynthesis|g__Alistipes.s__Alistipes_putredinis	62.5255871078
DTDPRHAMSYN-PWY: dTDP-&beta;-L-rhamnose biosynthesis|g__Faecalibacterium.s__Faecalibacterium_sp_CAG_74	56.5349245087
DTDPRHAMSYN-PWY: dTDP-&beta;-L-rhamnose biosynthesis|g__Bacteroides.s__Bacteroides_dorei	47.8448987764
DTDPRHAMSYN-PWY: dTDP-&beta;-L-rhamnose biosynthesis|g__Firmicutes_unclassified.s__Firmicutes_bacterium_CAG_65_45_313	47.8096729659
DTDPRHAMSYN-PWY: dTDP-&beta;-L-rhamnose biosynthesis|g__Lachnospiraceae_unclassified.s__Eubacterium_rectale	47.0641785001
DTDPRHAMSYN-PWY: dTDP-&beta;-L-rhamnose biosynthesis|g__Roseburia.s__Roseburia_intestinalis	46.8489100626
DTDPRHAMSYN-PWY: dTDP-&beta;-L-rhamnose biosynthesis|g__Bacteroides.s__Bacteroides_ovatus	43.6456424523
DTDPRHAMSYN-PWY: dTDP-&beta;-L-rhamnose biosynthesis|g__Acetobacter.s__Acetobacter_sp_CAG_267	41.3038624693
DTDPRHAMSYN-PWY: dTDP-&beta;-L-rhamnose biosynthesis|g__Gemmiger.s__Gemmiger_formicilis	35.3112891675
DTDPRHAMSYN-PWY: dTDP-&beta;-L-rhamnose biosynthesis|g__Fusicatenibacter.s__Fusicatenibacter_saccharivorans	25.3429114286
DTDPRHAMSYN-PWY: dTDP-&beta;-L-rhamnose biosynthesis|g__Blautia.s__Blautia_obeum	22.4620768068
DTDPRHAMSYN-PWY: dTDP-&beta;-L-rhamnose biosynthesis|g__Clostridium.s__Clostridium_sp_CAG_75	15.6617071261
DTDPRHAMSYN-PWY: dTDP-&beta;-L-rhamnose biosynthesis|g__Alistipes.s__Alistipes_shahii	14.8641679768
DTDPRHAMSYN-PWY: dTDP-&beta;-L-rhamnose biosynthesis|g__Bifidobacterium.s__Bifidobacterium_bifidum	14.4540044433
DTDPRHAMSYN-PWY: dTDP-&beta;-L-rhamnose biosynthesis|g__Eubacterium.s__Eubacterium_eligens	13.4360777824
DTDPRHAMSYN-PWY: dTDP-&beta;-L-rhamnose biosynthesis|g__Bacteroides.s__Bacteroides_stercoris	12.9280875132
DTDPRHAMSYN-PWY: dTDP-&beta;-L-rhamnose biosynthesis|g__Blautia.s__Blautia_wexlerae	9.8022567995
DTDPRHAMSYN-PWY: dTDP-&beta;-L-rhamnose biosynthesis|g__Bacteroides.s__Bacteroides_thetaiotaomicron	8.8744474943
DTDPRHAMSYN-PWY: dTDP-&beta;-L-rhamnose biosynthesis|g__Parabacteroides.s__Parabacteroides_merdae	8.2009310033
DTDPRHAMSYN-PWY: dTDP-&beta;-L-rhamnose biosynthesis|g__Bacteroides.s__Bacteroides_caccae	7.7055290619
DTDPRHAMSYN-PWY: dTDP-&beta;-L-rhamnose biosynthesis|g__Bacteroides.s__Bacteroides_uniformis	7.1469820171
DTDPRHAMSYN-PWY: dTDP-&beta;-L-rhamnose biosynthesis|g__Blautia.s__Blautia_sp	6.4803564196
DTDPRHAMSYN-PWY: dTDP-&beta;-L-rhamnose biosynthesis|g__Catenibacterium.s__Catenibacterium_mitsuokai	4.6544265912
DTDPRHAMSYN-PWY: dTDP-&beta;-L-rhamnose biosynthesis|g__Coprococcus.s__Coprococcus_comes	4.3518468150
DTDPRHAMSYN-PWY: dTDP-&beta;-L-rhamnose biosynthesis|g__Alistipes.s__Alistipes_finegoldii	3.8975919902
DTDPRHAMSYN-PWY: dTDP-&beta;-L-rhamnose biosynthesis|g__Coprococcus.s__Coprococcus_eutactus	3.7609302034
DTDPRHAMSYN-PWY: dTDP-&beta;-L-rhamnose biosynthesis|g__Bacteroides.s__Bacteroides_xylanisolvens	3.4389507229
DTDPRHAMSYN-PWY: dTDP-&beta;-L-rhamnose biosynthesis|g__Alistipes.s__Alistipes_onderdonkii	2.2868581014
DTDPRHAMSYN-PWY: dTDP-&beta;-L-rhamnose biosynthesis|g__Lachnospira.s__Lachnospira_pectinoschiza	2.0070233389
GLYCOGENSYNTH-PWY: glycogen biosynthesis I (from ADP-D-Glucose)	1695.3796216137
GLYCOGENSYNTH-PWY: glycogen biosynthesis I (from ADP-D-Glucose)|g__Faecalibacterium.s__Faecalibacterium_prausnitzii	411.2948537386
GLYCOGENSYNTH-PWY: glycogen biosynthesis I (from ADP-D-Glucose)|g__Roseburia.s__Roseburia_faecis	189.3340079100
GLYCOGENSYNTH-PWY: glycogen biosynthesis I (from ADP-D-Glucose)|unclassified	111.2795718843
GLYCOGENSYNTH-PWY: glycogen biosynthesis I (from ADP-D-Glucose)|g__Clostridium.s__Clostridium_sp_CAG_217	91.2742821637
GLYCOGENSYNTH-PWY: glycogen biosynthesis I (from ADP-D-Glucose)|g__Subdoligranulum.s__Subdoligranulum_sp_APC924_74	83.8288302715
GLYCOGENSYNTH-PWY: glycogen biosynthesis I (from ADP-D-Glucose)|g__Ruminococcus.s__Ruminococcus_bromii	59.0481031460
GLYCOGENSYNTH-PWY: glycogen biosynthesis I (from ADP-D-Glucose)|g__Coprococcus.s__Coprococcus_eutactus	51.3514523560
GLYCOGENSYNTH-PWY: glycogen biosynthesis I (from ADP-D-Glucose)|g__Lachnospiraceae_unclassified.s__Eubacterium_rectale	46.0303035462
GLYCOGENSYNTH-PWY: glycogen biosynthesis I (from ADP-D-Glucose)|g__Faecalibacterium.s__Faecalibacterium_sp_CAG_74	45.1324238090
GLYCOGENSYNTH-PWY: glycogen biosynthesis I (from ADP-D-Glucose)|g__Gemmiger.s__Gemmiger_formicilis	44.3590817596
GLYCOGENSYNTH-PWY: glycogen biosynthesis I (from ADP-D-Glucose)|g__Bifidobacterium.s__Bifidobacterium_adolescentis	39.6768053993
GLYCOGENSYNTH-PWY: glycogen biosynthesis I (from ADP-D-Glucose)|g__Firmicutes_unclassified.s__Firmicutes_bacterium_CAG_65_45_313	38.1839593250
GLYCOGENSYNTH-PWY: glycogen biosynthesis I (from ADP-D-Glucose)|g__Roseburia.s__Roseburia_intestinalis	36.2149682412
GLYCOGENSYNTH-PWY: glycogen biosynthesis I (from ADP-D-Glucose)|g__Fusicatenibacter.s__Fusicatenibacter_saccharivorans	31.7614590441
GLYCOGENSYNTH-PWY: glycogen biosynthesis I (from ADP-D-Glucose)|g__Firmicutes_unclassified.s__Firmicutes_bacterium_CAG_176	23.2693426411
GLYCOGENSYNTH-PWY: glycogen biosynthesis I (from ADP-D-Glucose)|g__Clostridium.s__Clostridium_sp_CAG_75	20.0148527832
GLYCOGENSYNTH-PWY: glycogen biosynthesis I (from ADP-D-Glucose)|g__Eubacterium.s__Eubacterium_sp_CAG_115	16.6272826679
GLYCOGENSYNTH-PWY: glycogen biosynthesis I (from ADP-D-Glucose)|g__Blautia.s__Blautia_sp	15.5514263188
GLYCOGENSYNTH-PWY: glycogen biosynthesis I (from ADP-D-Glucose)|g__Blautia.s__Blautia_obeum	13.3674022984
GLYCOGENSYNTH-PWY: glycogen biosynthesis I (from ADP-D-Glucose)|g__Eubacterium.s__Eubacterium_eligens	13.1502280251
GLYCOGENSYNTH-PWY: glycogen biosynthesis I (from ADP-D-Glucose)|g__Ruminococcus.s__Ruminococcus_bicirculans	11.5233659651
GLYCOGENSYNTH-PWY: glycogen biosynthesis I (from ADP-D-Glucose)|g__Blautia.s__Blautia_wexlerae	9.4475064625
GLYCOGENSYNTH-PWY: glycogen biosynthesis I (from ADP-D-Glucose)|g__Bifidobacterium.s__Bifidobacterium_bifidum	9.4162848190
GLYCOGENSYNTH-PWY: glycogen biosynthesis I (from ADP-D-Glucose)|g__Bacteroides.s__Bacteroides_caccae	6.4188731543
GLYCOGENSYNTH-PWY: glycogen biosynthesis I (from ADP-D-Glucose)|g__Bifidobacterium.s__Bifidobacterium_catenulatum	5.6422463193
GLYCOGENSYNTH-PWY: glycogen biosynthesis I (from ADP-D-Glucose)|g__Bacteroides.s__Bacteroides_ovatus	5.0276020729
GLYCOGENSYNTH-PWY: glycogen biosynthesis I (from ADP-D-Glucose)|g__Bacteroides.s__Bacteroides_thetaiotaomicron	3.2252862442
GLYCOGENSYNTH-PWY: glycogen biosynthesis I (from ADP-D-Glucose)|g__Bacteroides.s__Bacteroides_xylanisolvens	1.8845086144
GLYCOGENSYNTH-PWY: glycogen biosynthesis I (from ADP-D-Glucose)|g__Bifidobacterium.s__Bifidobacterium_pseudocatenulatum	1.0660980810
PWY-6387: UDP-N-acetylmuramoyl-pentapeptide biosynthesis I (meso-diaminopimelate containing)	1682.7140184669
PWY-6387: UDP-N-acetylmuramoyl-pentapeptide biosynthesis I (meso-diaminopimelate containing)|g__Faecalibacterium.s__Faecalibacterium_prausnitzii	260.1904392749
PWY-6387: UDP-N-acetylmuramoyl-pentapeptide biosynthesis I (meso-diaminopimelate containing)|g__Roseburia.s__Roseburia_faecis	155.8734878002
PWY-6387: UDP-N-acetylmuramoyl-pentapeptide biosynthesis I (meso-diaminopimelate containing)|unclassified	125.9435429599
PWY-6387: UDP-N-acetylmuramoyl-pentapeptide biosynthesis I (meso-diaminopimelate containing)|g__Clostridium.s__Clostridium_sp_CAG_217	100.7333508103
PWY-6387: UDP-N-acetylmuramoyl-pentapeptide biosynthesis I (meso-diaminopimelate containing)|g__Bacteroides.s__Bacteroides_vulgatus	97.4269895322
PWY-6387: UDP-N-acetylmuramoyl-pentapeptide biosynthesis I (meso-diaminopimelate containing)|g__Alistipes.s__Alistipes_putredinis	83.0887168742
PWY-6387: UDP-N-acetylmuramoyl-pentapeptide biosynthesis I (meso-diaminopimelate containing)|g__Subdoligranulum.s__Subdoligranulum_sp_APC924_74	79.2444119833
PWY-6387: UDP-N-acetylmuramoyl-pentapeptide biosynthesis I (meso-diaminopimelate containing)|g__Faecalibacterium.s__Faecalibacterium_sp_CAG_74	54.0970537504
PWY-6387: UDP-N-acetylmuramoyl-pentapeptide biosynthesis I (meso-diaminopimelate containing)|g__Lachnospiraceae_unclassified.s__Eubacterium_rectale	45.3706814101
PWY-6387: UDP-N-acetylmuramoyl-pentapeptide biosynthesis I (meso-diaminopimelate containing)|g__Gemmiger.s__Gemmiger_formicilis	40.9452016874
PWY-6387: UDP-N-acetylmuramoyl-pentapeptide biosynthesis I (meso-diaminopimelate containing)|g__Bifidobacterium.s__Bifidobacterium_adolescentis	40.6878922355
PWY-6387: UDP-N-acetylmuramoyl-pentapeptide biosynthesis I (meso-diaminopimelate containing)|g__Clostridium.s__Clostridium_sp_CAG_440	36.8251608261
PWY-6387: UDP-N-acetylmuramoyl-pentapeptide biosynthesis I (meso-diaminopimelate containing)|g__Firmicutes_unclassified.s__Firmicutes_bacterium_CAG_176	26.7801718159
PWY-6387: UDP-N-acetylmuramoyl-pentapeptide biosynthesis I (meso-diaminopimelate containing)|g__Roseburia.s__Roseburia_intestinalis	24.7552443020
PWY-6387: UDP-N-acetylmuramoyl-pentapeptide biosynthesis I (meso-diaminopimelate containing)|g__Parabacteroides.s__Parabacteroides_distasonis	23.1313583417
PWY-6387: UDP-N-acetylmuramoyl-pentapeptide biosynthesis I (meso-diaminopimelate containing)|g__Fusicatenibacter.s__Fusicatenibacter_saccharivorans	18.9215664460
PWY-6387: UDP-N-acetylmuramoyl-pentapeptide biosynthesis I (meso-diaminopimelate containing)|g__Firmicutes_unclassified.s__Firmicutes_bacterium_CAG_129	18.8903743725
PWY-6387: UDP-N-acetylmuramoyl-pentapeptide biosynthesis I (meso-diaminopimelate containing)|g__Eubacterium.s__Eubacterium_sp_CAG_115	16.6993203328
PWY-6387: UDP-N-acetylmuramoyl-pentapeptide biosynthesis I (meso-diaminopimelate containing)|g__Blautia.s__Blautia_sp	16.1111121349
PWY-6387: UDP-N-acetylmuramoyl-pentapeptide biosynthesis I (meso-diaminopimelate containing)|g__Bifidobacterium.s__Bifidobacterium_bifidum	12.6642347276
PWY-6387: UDP-N-acetylmuramoyl-pentapeptide biosynthesis I (meso-diaminopimelate containing)|g__Eubacterium.s__Eubacterium_eligens	10.0688528242
PWY-6387: UDP-N-acetylmuramoyl-pentapeptide biosynthesis I (meso-diaminopimelate containing)|g__Bacteroides.s__Bacteroides_stercoris	9.6797990627
PWY-6387: UDP-N-acetylmuramoyl-pentapeptide biosynthesis I (meso-diaminopimelate containing)|g__Parabacteroides.s__Parabacteroides_merdae	9.3749096371
PWY-6387: UDP-N-acetylmuramoyl-pentapeptide biosynthesis I (meso-diaminopimelate containing)|g__Oscillibacter.s__Oscillibacter_sp_57_20	9.3497993689
PWY-6387: UDP-N-acetylmuramoyl-pentapeptide biosynthesis I (meso-diaminopimelate containing)|g__Catenibacterium.s__Catenibacterium_mitsuokai	7.6628483560
PWY-6387: UDP-N-acetylmuramoyl-pentapeptide biosynthesis I (meso-diaminopimelate containing)|g__Bacteroides.s__Bacteroides_caccae	5.6641372775
PWY-6387: UDP-N-acetylmuramoyl-pentapeptide biosynthesis I (meso-diaminopimelate containing)|g__Bacteroides.s__Bacteroides_dorei	3.9363454284
PWY-6387: UDP-N-acetylmuramoyl-pentapeptide biosynthesis I (meso-diaminopimelate containing)|g__Bacteroides.s__Bacteroides_uniformis	3.6875280886
PWY-6700: queuosine biosynthesis I (de novo)	1674.6274666063
PWY-6700: queuosine biosynthesis I (de novo)|g__Faecalibacterium.s__Faecalibacterium_prausnitzii	231.7244208846
PWY-6700: queuosine biosynthesis I (de novo)|unclassified	140.6211923156
PWY-6700: queuosine biosynthesis I (de novo)|g__Roseburia.s__Roseburia_faecis	129.4864626689
PWY-6700: queuosine biosynthesis I (de novo)|g__Bacteroides.s__Bacteroides_vulgatus	107.8713007022
PWY-6700: queuosine biosynthesis I (de novo)|g__Subdoligranulum.s__Subdoligranulum_sp_APC924_74	86.4632416853
PWY-6700: queuosine biosynthesis I (de novo)|g__Clostridium.s__Clostridium_sp_CAG_217	83.4046675502
PWY-6700: queuosine biosynthesis I (de novo)|g__Ruminococcus.s__Ruminococcus_bromii	51.7447477800
PWY-6700: queuosine biosynthesis I (de novo)|g__Clostridium.s__Clostridium_sp_CAG_440	45.1632246139
PWY-6700: queuosine biosynthesis I (de novo)|g__Acetobacter.s__Acetobacter_sp_CAG_267	43.8734275780
PWY-6700: queuosine biosynthesis I (de novo)|g__Gemmiger.s__Gemmiger_formicilis	39.6902388604
PWY-6700: queuosine biosynthesis I (de novo)|g__Lachnospiraceae_unclassified.s__Eubacterium_rectale	35.2626628930
PWY-6700: queuosine biosynthesis I (de novo)|g__Firmicutes_unclassified.s__Firmicutes_bacterium_CAG_176	35.0205631472
PWY-6700: queuosine biosynthesis I (de novo)|g__Firmicutes_unclassified.s__Firmicutes_bacterium_CAG_65_45_313	32.4247547789
PWY-6700: queuosine biosynthesis I (de novo)|g__Bacteroides.s__Bacteroides_ovatus	28.3437954740
PWY-6700: queuosine biosynthesis I (de novo)|g__Coprococcus.s__Coprococcus_eutactus	24.3610159701
PWY-6700: queuosine biosynthesis I (de novo)|g__Firmicutes_unclassified.s__Firmicutes_bacterium_CAG_129	22.2168860863
PWY-6700: queuosine biosynthesis I (de novo)|g__Parabacteroides.s__Parabacteroides_distasonis	21.6165230372
PWY-6700: queuosine biosynthesis I (de novo)|g__Bacteroides.s__Bacteroides_dorei	19.2937633040
PWY-6700: queuosine biosynthesis I (de novo)|g__Bacteroides.s__Bacteroides_stercoris	17.4894213643
PWY-6700: queuosine biosynthesis I (de novo)|g__Clostridium.s__Clostridium_sp_CAG_75	15.8213597642
PWY-6700: queuosine biosynthesis I (de novo)|g__Blautia.s__Blautia_sp	13.7573546572
PWY-6700: queuosine biosynthesis I (de novo)|g__Eubacterium.s__Eubacterium_eligens	13.1319763624
PWY-6700: queuosine biosynthesis I (de novo)|g__Roseburia.s__Roseburia_intestinalis	11.5302688275
PWY-6700: queuosine biosynthesis I (de novo)|g__Catenibacterium.s__Catenibacterium_mitsuokai	10.4726617917
PWY-6700: queuosine biosynthesis I (de novo)|g__Eubacterium.s__Eubacterium_sp_CAG_115	9.6672564844
PWY-6700: queuosine biosynthesis I (de novo)|g__Bacteroides.s__Bacteroides_thetaiotaomicron	7.4407429421
PWY-6700: queuosine biosynthesis I (de novo)|g__Oscillibacter.s__Oscillibacter_sp_57_20	7.1666240082
PWY-6700: queuosine biosynthesis I (de novo)|g__Parabacteroides.s__Parabacteroides_merdae	5.4600054600
PWY-6700: queuosine biosynthesis I (de novo)|g__Bacteroides.s__Bacteroides_caccae	5.1079314417
PWY-6700: queuosine biosynthesis I (de novo)|g__Blautia.s__Blautia_wexlerae	4.9785921099
PWY-6700: queuosine biosynthesis I (de novo)|g__Blautia.s__Blautia_obeum	3.6965470890
PWY-6700: queuosine biosynthesis I (de novo)|g__Bacteroides.s__Bacteroides_uniformis	3.5469956866
PWY-6609: adenine and adenosine salvage III	1674.4239487320
PWY-6609: adenine and adenosine salvage III|g__Faecalibacterium.s__Faecalibacterium_prausnitzii	216.8951407333
PWY-6609: adenine and adenosine salvage III|unclassified	160.0797485660
PWY-6609: adenine and adenosine salvage III|g__Roseburia.s__Roseburia_faecis	136.5497789711
PWY-6609: adenine and adenosine salvage III|g__Subdoligranulum.s__Subdoligranulum_sp_APC924_74	98.3599170947
PWY-6609: adenine and adenosine salvage III|g__Clostridium.s__Clostridium_sp_CAG_217	95.2380952381
PWY-6609: adenine and adenosine salvage III|g__Faecalibacterium.s__Faecalibacterium_sp_CAG_74	84.1653146357
PWY-6609: adenine and adenosine salvage III|g__Bacteroides.s__Bacteroides_vulgatus	82.4124046946
PWY-6609: adenine and adenosine salvage III|g__Alistipes.s__Alistipes_putredinis	68.6468646865
PWY-6609: adenine and adenosine salvage III|g__Firmicutes_unclassified.s__Firmicutes_bacterium_CAG_129	39.3253592836
PWY-6609: adenine and adenosine salvage III|g__Firmicutes_unclassified.s__Firmicutes_bacterium_CAG_65_45_313	38.5851825637
PWY-6609: adenine and adenosine salvage III|g__Lachnospiraceae_unclassified.s__Eubacterium_rectale	37.6522702104
PWY-6609: adenine and adenosine salvage III|g__Fusicatenibacter.s__Fusicatenibacter_saccharivorans	29.9372062360
PWY-6609: adenine and adenosine salvage III|g__Gemmiger.s__Gemmiger_formicilis	28.8808664260
PWY-6609: adenine and adenosine salvage III|g__Firmicutes_unclassified.s__Firmicutes_bacterium_CAG_176	26.3614290669
PWY-6609: adenine and adenosine salvage III|g__Roseburia.s__Roseburia_intestinalis	25.3784505788
PWY-6609: adenine and adenosine salvage III|g__Oscillibacter.s__Oscillibacter_sp_57_20	21.0880751203
PWY-6609: adenine and adenosine salvage III|g__Bacteroides.s__Bacteroides_ovatus	17.9142674344
PWY-6609: adenine and adenosine salvage III|g__Parabacteroides.s__Parabacteroides_merdae	15.3937240971
PWY-6609: adenine and adenosine salvage III|g__Blautia.s__Blautia_sp	14.7196574334
PWY-6609: adenine and adenosine salvage III|g__Parabacteroides.s__Parabacteroides_distasonis	14.5785876993
PWY-6609: adenine and adenosine salvage III|g__Eubacterium.s__Eubacterium_sp_CAG_115	13.4093194770
PWY-6609: adenine and adenosine salvage III|g__Alistipes.s__Alistipes_shahii	12.3086391261
PWY-6609: adenine and adenosine salvage III|g__Eubacterium.s__Eubacterium_eligens	11.0650069156
PWY-6609: adenine and adenosine salvage III|g__Catenibacterium.s__Catenibacterium_mitsuokai	10.8489286683
PWY-6609: adenine and adenosine salvage III|g__Bacteroides.s__Bacteroides_stercoris	10.5715229600
PWY-6609: adenine and adenosine salvage III|g__Clostridium.s__Clostridium_sp_CAG_75	8.8054686595
PWY-6609: adenine and adenosine salvage III|g__Alistipes.s__Alistipes_finegoldii	7.1781067743
PWY-6609: adenine and adenosine salvage III|g__Blautia.s__Blautia_wexlerae	6.6334991708
PWY-6609: adenine and adenosine salvage III|g__Bacteroides.s__Bacteroides_sp_CAG_144	6.5681444992
PWY-6609: adenine and adenosine salvage III|g__Bacteroides.s__Bacteroides_caccae	5.6199508254
PWY-6609: adenine and adenosine salvage III|g__Bacteroides.s__Bacteroides_thetaiotaomicron	5.5788005579
PWY-6609: adenine and adenosine salvage III|g__Bacteroides.s__Bacteroides_xylanisolvens	1.9814732253
ARO-PWY: chorismate biosynthesis I	1670.5736597026
ARO-PWY: chorismate biosynthesis I|g__Faecalibacterium.s__Faecalibacterium_prausnitzii	442.2747220956
ARO-PWY: chorismate biosynthesis I|g__Roseburia.s__Roseburia_faecis	138.1090538699
ARO-PWY: chorismate biosynthesis I|g__Clostridium.s__Clostridium_sp_CAG_217	104.2805110219
ARO-PWY: chorismate biosynthesis I|g__Subdoligranulum.s__Subdoligranulum_sp_APC924_74	102.8372148014
ARO-PWY: chorismate biosynthesis I|unclassified	99.5384962905
ARO-PWY: chorismate biosynthesis I|g__Bacteroides.s__Bacteroides_vulgatus	76.7642455945
ARO-PWY: chorismate biosynthesis I|g__Ruminococcus.s__Ruminococcus_bromii	58.9599597533
ARO-PWY: chorismate biosynthesis I|g__Lachnospiraceae_unclassified.s__Eubacterium_rectale	44.9442040453
ARO-PWY: chorismate biosynthesis I|g__Bifidobacterium.s__Bifidobacterium_adolescentis	39.1524221178
ARO-PWY: chorismate biosynthesis I|g__Firmicutes_unclassified.s__Firmicutes_bacterium_CAG_65_45_313	37.6897493168
ARO-PWY: chorismate biosynthesis I|g__Roseburia.s__Roseburia_intestinalis	29.8287200838
ARO-PWY: chorismate biosynthesis I|g__Fusicatenibacter.s__Fusicatenibacter_saccharivorans	19.7474222901
ARO-PWY: chorismate biosynthesis I|g__Parabacteroides.s__Parabacteroides_distasonis	16.8885014243
ARO-PWY: chorismate biosynthesis I|g__Alistipes.s__Alistipes_shahii	14.4194964268
ARO-PWY: chorismate biosynthesis I|g__Blautia.s__Blautia_sp	14.0626272058
ARO-PWY: chorismate biosynthesis I|g__Bacteroides.s__Bacteroides_stercoris	12.3599511652
ARO-PWY: chorismate biosynthesis I|g__Eubacterium.s__Eubacterium_sp_CAG_115	11.9885253286
ARO-PWY: chorismate biosynthesis I|g__Eubacterium.s__Eubacterium_eligens	10.8126325250
ARO-PWY: chorismate biosynthesis I|g__Parabacteroides.s__Parabacteroides_merdae	7.1737849402
ARO-PWY: chorismate biosynthesis I|g__Bacteroides.s__Bacteroides_caccae	4.2085644286
TRNA-CHARGING-PWY: tRNA charging	1656.0399214797
TRNA-CHARGING-PWY: tRNA charging|g__Faecalibacterium.s__Faecalibacterium_prausnitzii	263.0672070836
TRNA-CHARGING-PWY: tRNA charging|unclassified	171.1976087559
TRNA-CHARGING-PWY: tRNA charging|g__Subdoligranulum.s__Subdoligranulum_sp_APC924_74	97.8186393860
TRNA-CHARGING-PWY: tRNA charging|g__Bacteroides.s__Bacteroides_vulgatus	78.6279588768
TRNA-CHARGING-PWY: tRNA charging|g__Alistipes.s__Alistipes_putredinis	73.8170283324
TRNA-CHARGING-PWY: tRNA charging|g__Faecalibacterium.s__Faecalibacterium_sp_CAG_74	52.5114554724
TRNA-CHARGING-PWY: tRNA charging|g__Lachnospiraceae_unclassified.s__Eubacterium_rectale	46.7946474827
TRNA-CHARGING-PWY: tRNA charging|g__Gemmiger.s__Gemmiger_formicilis	44.9069031876
TRNA-CHARGING-PWY: tRNA charging|g__Roseburia.s__Roseburia_intestinalis	21.8309425918
TRNA-CHARGING-PWY: tRNA charging|g__Parabacteroides.s__Parabacteroides_distasonis	17.2920762156
TRNA-CHARGING-PWY: tRNA charging|g__Alistipes.s__Alistipes_shahii	11.7393117737
TRNA-CHARGING-PWY: tRNA charging|g__Parabacteroides.s__Parabacteroides_merdae	9.2821929782
TRNA-CHARGING-PWY: tRNA charging|g__Bacteroides.s__Bacteroides_caccae	5.2285381609
TRNA-CHARGING-PWY: tRNA charging|g__Bacteroides.s__Bacteroides_ovatus	5.1519728291
TRNA-CHARGING-PWY: tRNA charging|g__Bacteroides.s__Bacteroides_xylanisolvens	3.6900572677
TRNA-CHARGING-PWY: tRNA charging|g__Bacteroides.s__Bacteroides_dorei	2.5537729804
PEPTIDOGLYCANSYN-PWY: peptidoglycan biosynthesis I (meso-diaminopimelate containing)	1640.7718683613
PEPTIDOGLYCANSYN-PWY: peptidoglycan biosynthesis I (meso-diaminopimelate containing)|g__Faecalibacterium.s__Faecalibacterium_prausnitzii	167.7444220082
PEPTIDOGLYCANSYN-PWY: peptidoglycan biosynthesis I (meso-diaminopimelate containing)|g__Roseburia.s__Roseburia_faecis	151.0129448095
PEPTIDOGLYCANSYN-PWY: peptidoglycan biosynthesis I (meso-diaminopimelate containing)|unclassified	138.3207291475
PEPTIDOGLYCANSYN-PWY: peptidoglycan biosynthesis I (meso-diaminopimelate containing)|g__Clostridium.s__Clostridium_sp_CAG_217	101.0816573867
PEPTIDOGLYCANSYN-PWY: peptidoglycan biosynthesis I (meso-diaminopimelate containing)|g__Bacteroides.s__Bacteroides_vulgatus	100.0304660268
PEPTIDOGLYCANSYN-PWY: peptidoglycan biosynthesis I (meso-diaminopimelate containing)|g__Subdoligranulum.s__Subdoligranulum_sp_APC924_74	81.1430097227
PEPTIDOGLYCANSYN-PWY: peptidoglycan biosynthesis I (meso-diaminopimelate containing)|g__Alistipes.s__Alistipes_putredinis	81.0011472363
PEPTIDOGLYCANSYN-PWY: peptidoglycan biosynthesis I (meso-diaminopimelate containing)|g__Faecalibacterium.s__Faecalibacterium_sp_CAG_74	52.1908014295
PEPTIDOGLYCANSYN-PWY: peptidoglycan biosynthesis I (meso-diaminopimelate containing)|g__Lachnospiraceae_unclassified.s__Eubacterium_rectale	44.9687859454
PEPTIDOGLYCANSYN-PWY: peptidoglycan biosynthesis I (meso-diaminopimelate containing)|g__Bifidobacterium.s__Bifidobacterium_adolescentis	38.5926847211
PEPTIDOGLYCANSYN-PWY: peptidoglycan biosynthesis I (meso-diaminopimelate containing)|g__Clostridium.s__Clostridium_sp_CAG_440	37.7570635587
PEPTIDOGLYCANSYN-PWY: peptidoglycan biosynthesis I (meso-diaminopimelate containing)|g__Gemmiger.s__Gemmiger_formicilis	37.1580173966
PEPTIDOGLYCANSYN-PWY: peptidoglycan biosynthesis I (meso-diaminopimelate containing)|g__Firmicutes_unclassified.s__Firmicutes_bacterium_CAG_176	27.5806585300
PEPTIDOGLYCANSYN-PWY: peptidoglycan biosynthesis I (meso-diaminopimelate containing)|g__Roseburia.s__Roseburia_intestinalis	24.3617443931
PEPTIDOGLYCANSYN-PWY: peptidoglycan biosynthesis I (meso-diaminopimelate containing)|g__Parabacteroides.s__Parabacteroides_distasonis	23.9609315254
PEPTIDOGLYCANSYN-PWY: peptidoglycan biosynthesis I (meso-diaminopimelate containing)|g__Fusicatenibacter.s__Fusicatenibacter_saccharivorans	19.1873664603
PEPTIDOGLYCANSYN-PWY: peptidoglycan biosynthesis I (meso-diaminopimelate containing)|g__Eubacterium.s__Eubacterium_sp_CAG_115	16.8106382028
PEPTIDOGLYCANSYN-PWY: peptidoglycan biosynthesis I (meso-diaminopimelate containing)|g__Blautia.s__Blautia_sp	15.0500918751
PEPTIDOGLYCANSYN-PWY: peptidoglycan biosynthesis I (meso-diaminopimelate containing)|g__Bifidobacterium.s__Bifidobacterium_bifidum	11.5336693238
PEPTIDOGLYCANSYN-PWY: peptidoglycan biosynthesis I (meso-diaminopimelate containing)|g__Eubacterium.s__Eubacterium_eligens	10.8191464058
PEPTIDOGLYCANSYN-PWY: peptidoglycan biosynthesis I (meso-diaminopimelate containing)|g__Bacteroides.s__Bacteroides_stercoris	9.9498837957
PEPTIDOGLYCANSYN-PWY: peptidoglycan biosynthesis I (meso-diaminopimelate containing)|g__Oscillibacter.s__Oscillibacter_sp_57_20	9.5264145102
PEPTIDOGLYCANSYN-PWY: peptidoglycan biosynthesis I (meso-diaminopimelate containing)|g__Parabacteroides.s__Parabacteroides_merdae	9.4229253655
PEPTIDOGLYCANSYN-PWY: peptidoglycan biosynthesis I (meso-diaminopimelate containing)|g__Catenibacterium.s__Catenibacterium_mitsuokai	6.7557274805
PEPTIDOGLYCANSYN-PWY: peptidoglycan biosynthesis I (meso-diaminopimelate containing)|g__Bacteroides.s__Bacteroides_caccae	5.2558408058
PEPTIDOGLYCANSYN-PWY: peptidoglycan biosynthesis I (meso-diaminopimelate containing)|g__Bacteroides.s__Bacteroides_dorei	3.9285247022
PEPTIDOGLYCANSYN-PWY: peptidoglycan biosynthesis I (meso-diaminopimelate containing)|g__Bacteroides.s__Bacteroides_uniformis	3.8880626756
ARGSYNBSUB-PWY: L-arginine biosynthesis II (acetyl cycle)	1634.2318862732
ARGSYNBSUB-PWY: L-arginine biosynthesis II (acetyl cycle)|g__Faecalibacterium.s__Faecalibacterium_prausnitzii	384.8224099469
ARGSYNBSUB-PWY: L-arginine biosynthesis II (acetyl cycle)|unclassified	188.2070801204
ARGSYNBSUB-PWY: L-arginine biosynthesis II (acetyl cycle)|g__Roseburia.s__Roseburia_faecis	163.9368611587
ARGSYNBSUB-PWY: L-arginine biosynthesis II (acetyl cycle)|g__Subdoligranulum.s__Subdoligranulum_sp_APC924_74	108.2023969847
ARGSYNBSUB-PWY: L-arginine biosynthesis II (acetyl cycle)|g__Clostridium.s__Clostridium_sp_CAG_217	97.4913632699
ARGSYNBSUB-PWY: L-arginine biosynthesis II (acetyl cycle)|g__Ruminococcus.s__Ruminococcus_bromii	69.6341281555
ARGSYNBSUB-PWY: L-arginine biosynthesis II (acetyl cycle)|g__Gemmiger.s__Gemmiger_formicilis	58.8590044217
ARGSYNBSUB-PWY: L-arginine biosynthesis II (acetyl cycle)|g__Faecalibacterium.s__Faecalibacterium_sp_CAG_74	56.9668215256
ARGSYNBSUB-PWY: L-arginine biosynthesis II (acetyl cycle)|g__Lachnospiraceae_unclassified.s__Eubacterium_rectale	47.8191472279
ARGSYNBSUB-PWY: L-arginine biosynthesis II (acetyl cycle)|g__Firmicutes_unclassified.s__Firmicutes_bacterium_CAG_65_45_313	40.0098806263
ARGSYNBSUB-PWY: L-arginine biosynthesis II (acetyl cycle)|g__Bifidobacterium.s__Bifidobacterium_adolescentis	36.3159208233
ARGSYNBSUB-PWY: L-arginine biosynthesis II (acetyl cycle)|g__Roseburia.s__Roseburia_intestinalis	21.1563365974
ARGSYNBSUB-PWY: L-arginine biosynthesis II (acetyl cycle)|g__Blautia.s__Blautia_sp	18.4363031021
ARGSYNBSUB-PWY: L-arginine biosynthesis II (acetyl cycle)|g__Fusicatenibacter.s__Fusicatenibacter_saccharivorans	17.0198834040
ARGSYNBSUB-PWY: L-arginine biosynthesis II (acetyl cycle)|g__Bifidobacterium.s__Bifidobacterium_bifidum	13.7995142854
ARGSYNBSUB-PWY: L-arginine biosynthesis II (acetyl cycle)|g__Clostridium.s__Clostridium_sp_CAG_75	13.6418001454
ARGSYNBSUB-PWY: L-arginine biosynthesis II (acetyl cycle)|g__Ruminococcus.s__Ruminococcus_bicirculans	12.7451826868
ARGSYNBSUB-PWY: L-arginine biosynthesis II (acetyl cycle)|g__Eubacterium.s__Eubacterium_eligens	8.2512031225
ARGSYNBSUB-PWY: L-arginine biosynthesis II (acetyl cycle)|g__Ruminococcus.s__Ruminococcus_sp_CAG_254	7.6075173139
ARGSYNBSUB-PWY: L-arginine biosynthesis II (acetyl cycle)|g__Bifidobacterium.s__Bifidobacterium_catenulatum	4.0909264497
ARGSYNBSUB-PWY: L-arginine biosynthesis II (acetyl cycle)|g__Lachnospira.s__Lachnospira_pectinoschiza	3.3458234504
PWY-7221: guanosine ribonucleotides de novo biosynthesis	1597.9771109655
PWY-7221: guanosine ribonucleotides de novo biosynthesis|g__Faecalibacterium.s__Faecalibacterium_prausnitzii	248.6160320277
PWY-7221: guanosine ribonucleotides de novo biosynthesis|g__Roseburia.s__Roseburia_faecis	151.0506433632
PWY-7221: guanosine ribonucleotides de novo biosynthesis|unclassified	138.3375822547
PWY-7221: guanosine ribonucleotides de novo biosynthesis|g__Bacteroides.s__Bacteroides_vulgatus	124.4606003956
PWY-7221: guanosine ribonucleotides de novo biosynthesis|g__Clostridium.s__Clostridium_sp_CAG_217	89.0378983665
PWY-7221: guanosine ribonucleotides de novo biosynthesis|g__Alistipes.s__Alistipes_putredinis	58.5801614385
PWY-7221: guanosine ribonucleotides de novo biosynthesis|g__Faecalibacterium.s__Faecalibacterium_sp_CAG_74	49.7966641338
PWY-7221: guanosine ribonucleotides de novo biosynthesis|g__Bifidobacterium.s__Bifidobacterium_adolescentis	48.9959123715
PWY-7221: guanosine ribonucleotides de novo biosynthesis|g__Lachnospiraceae_unclassified.s__Eubacterium_rectale	47.9662302437
PWY-7221: guanosine ribonucleotides de novo biosynthesis|g__Ruminococcus.s__Ruminococcus_bromii	42.6691178861
PWY-7221: guanosine ribonucleotides de novo biosynthesis|g__Bacteroides.s__Bacteroides_ovatus	31.4400191556
PWY-7221: guanosine ribonucleotides de novo biosynthesis|g__Firmicutes_unclassified.s__Firmicutes_bacterium_CAG_65_45_313	31.3011504899
PWY-7221: guanosine ribonucleotides de novo biosynthesis|g__Parabacteroides.s__Parabacteroides_distasonis	28.0637950265
PWY-7221: guanosine ribonucleotides de novo biosynthesis|g__Roseburia.s__Roseburia_intestinalis	24.3460397024
PWY-7221: guanosine ribonucleotides de novo biosynthesis|g__Fusicatenibacter.s__Fusicatenibacter_saccharivorans	15.9260046160
PWY-7221: guanosine ribonucleotides de novo biosynthesis|g__Clostridium.s__Clostridium_sp_CAG_75	15.3977853995
PWY-7221: guanosine ribonucleotides de novo biosynthesis|g__Bifidobacterium.s__Bifidobacterium_bifidum	15.0426443881
PWY-7221: guanosine ribonucleotides de novo biosynthesis|g__Eubacterium.s__Eubacterium_eligens	14.0061494679
PWY-7221: guanosine ribonucleotides de novo biosynthesis|g__Ruminococcus.s__Ruminococcus_bicirculans	11.2289411182
PWY-7221: guanosine ribonucleotides de novo biosynthesis|g__Blautia.s__Blautia_wexlerae	9.5872136845
PWY-7221: guanosine ribonucleotides de novo biosynthesis|g__Bacteroides.s__Bacteroides_stercoris	8.1223771490
PWY-7221: guanosine ribonucleotides de novo biosynthesis|g__Blautia.s__Blautia_sp	8.0017781729
PWY-7221: guanosine ribonucleotides de novo biosynthesis|g__Bacteroides.s__Bacteroides_caccae	7.9001190322
PWY-7221: guanosine ribonucleotides de novo biosynthesis|g__Catenibacterium.s__Catenibacterium_mitsuokai	7.6759062129
PWY-7221: guanosine ribonucleotides de novo biosynthesis|g__Alistipes.s__Alistipes_shahii	6.1998541211
PWY-7221: guanosine ribonucleotides de novo biosynthesis|g__Bacteroides.s__Bacteroides_thetaiotaomicron	2.8594294043
PWY-7221: guanosine ribonucleotides de novo biosynthesis|g__Blautia.s__Blautia_obeum	1.4503183475
COMPLETE-ARO-PWY: superpathway of aromatic amino acid biosynthesis	1596.4782616856
COMPLETE-ARO-PWY: superpathway of aromatic amino acid biosynthesis|g__Roseburia.s__Roseburia_faecis	147.1964545541
COMPLETE-ARO-PWY: superpathway of aromatic amino acid biosynthesis|g__Clostridium.s__Clostridium_sp_CAG_217	110.6559922867
COMPLETE-ARO-PWY: superpathway of aromatic amino acid biosynthesis|unclassified	96.2477665397
COMPLETE-ARO-PWY: superpathway of aromatic amino acid biosynthesis|g__Lachnospiraceae_unclassified.s__Eubacterium_rectale	47.8165069076
COMPLETE-ARO-PWY: superpathway of aromatic amino acid biosynthesis|g__Roseburia.s__Roseburia_intestinalis	28.5447893539
COMPLETE-ARO-PWY: superpathway of aromatic amino acid biosynthesis|g__Fusicatenibacter.s__Fusicatenibacter_saccharivorans	20.5384201134
COMPLETE-ARO-PWY: superpathway of aromatic amino acid biosynthesis|g__Parabacteroides.s__Parabacteroides_distasonis	17.6023471348
COMPLETE-ARO-PWY: superpathway of aromatic amino acid biosynthesis|g__Blautia.s__Blautia_sp	13.8415559672
ARGSYN-PWY: L-arginine biosynthesis I (via L-ornithine)	1586.7713097475
ARGSYN-PWY: L-arginine biosynthesis I (via L-ornithine)|g__Faecalibacterium.s__Faecalibacterium_prausnitzii	382.2092280077
ARGSYN-PWY: L-arginine biosynthesis I (via L-ornithine)|unclassified	177.3855769239
ARGSYN-PWY: L-arginine biosynthesis I (via L-ornithine)|g__Roseburia.s__Roseburia_faecis	157.1673997581
ARGSYN-PWY: L-arginine biosynthesis I (via L-ornithine)|g__Subdoligranulum.s__Subdoligranulum_sp_APC924_74	103.0343210678
ARGSYN-PWY: L-arginine biosynthesis I (via L-ornithine)|g__Clostridium.s__Clostridium_sp_CAG_217	90.3328586811
ARGSYN-PWY: L-arginine biosynthesis I (via L-ornithine)|g__Gemmiger.s__Gemmiger_formicilis	54.7026618190
ARGSYN-PWY: L-arginine biosynthesis I (via L-ornithine)|g__Lachnospiraceae_unclassified.s__Eubacterium_rectale	45.3726145234
ARGSYN-PWY: L-arginine biosynthesis I (via L-ornithine)|g__Firmicutes_unclassified.s__Firmicutes_bacterium_CAG_65_45_313	39.3999697865
ARGSYN-PWY: L-arginine biosynthesis I (via L-ornithine)|g__Bifidobacterium.s__Bifidobacterium_adolescentis	35.3060532032
ARGSYN-PWY: L-arginine biosynthesis I (via L-ornithine)|g__Roseburia.s__Roseburia_intestinalis	17.2156961811
ARGSYN-PWY: L-arginine biosynthesis I (via L-ornithine)|g__Fusicatenibacter.s__Fusicatenibacter_saccharivorans	15.5462601327
ARGSYN-PWY: L-arginine biosynthesis I (via L-ornithine)|g__Ruminococcus.s__Ruminococcus_bicirculans	10.8668508684
ARGSYN-PWY: L-arginine biosynthesis I (via L-ornithine)|g__Eubacterium.s__Eubacterium_eligens	7.1643914259
PWY-6385: peptidoglycan biosynthesis III (mycobacteria)	1549.2774938784
PWY-6385: peptidoglycan biosynthesis III (mycobacteria)|g__Roseburia.s__Roseburia_faecis	148.2559259801
PWY-6385: peptidoglycan biosynthesis III (mycobacteria)|unclassified	127.5423375140
PWY-6385: peptidoglycan biosynthesis III (mycobacteria)|g__Bacteroides.s__Bacteroides_vulgatus	94.2677007759
PWY-6385: peptidoglycan biosynthesis III (mycobacteria)|g__Alistipes.s__Alistipes_putredinis	81.0011472363
PWY-6385: peptidoglycan biosynthesis III (mycobacteria)|g__Lachnospiraceae_unclassified.s__Eubacterium_rectale	44.9687859454
PWY-6385: peptidoglycan biosynthesis III (mycobacteria)|g__Bifidobacterium.s__Bifidobacterium_adolescentis	39.7956202247
PWY-6385: peptidoglycan biosynthesis III (mycobacteria)|g__Parabacteroides.s__Parabacteroides_distasonis	24.0821982203
PWY-6385: peptidoglycan biosynthesis III (mycobacteria)|g__Fusicatenibacter.s__Fusicatenibacter_saccharivorans	15.7985143790
PWY-6385: peptidoglycan biosynthesis III (mycobacteria)|g__Blautia.s__Blautia_sp	13.6814919564
PWY-6385: peptidoglycan biosynthesis III (mycobacteria)|g__Bacteroides.s__Bacteroides_stercoris	10.1904639436
PWY-6385: peptidoglycan biosynthesis III (mycobacteria)|g__Eubacterium.s__Eubacterium_eligens	9.8583060794
PWY-6385: peptidoglycan biosynthesis III (mycobacteria)|g__Parabacteroides.s__Parabacteroides_merdae	9.4184878801
PWY-6385: peptidoglycan biosynthesis III (mycobacteria)|g__Catenibacterium.s__Catenibacterium_mitsuokai	7.0483807579
PWY-6385: peptidoglycan biosynthesis III (mycobacteria)|g__Bacteroides.s__Bacteroides_caccae	5.4437737837
PWY-6385: peptidoglycan biosynthesis III (mycobacteria)|g__Bacteroides.s__Bacteroides_uniformis	4.1126954013
PWY-6385: peptidoglycan biosynthesis III (mycobacteria)|g__Bacteroides.s__Bacteroides_dorei	3.4411742024
NONMEVIPP-PWY: methylerythritol phosphate pathway I	1541.8004181131
NONMEVIPP-PWY: methylerythritol phosphate pathway I|g__Roseburia.s__Roseburia_faecis	156.5255723845
NONMEVIPP-PWY: methylerythritol phosphate pathway I|unclassified	100.3546119159
NONMEVIPP-PWY: methylerythritol phosphate pathway I|g__Bacteroides.s__Bacteroides_vulgatus	94.2230563145
NONMEVIPP-PWY: methylerythritol phosphate pathway I|g__Clostridium.s__Clostridium_sp_CAG_217	83.9333278110
NONMEVIPP-PWY: methylerythritol phosphate pathway I|g__Subdoligranulum.s__Subdoligranulum_sp_APC924_74	79.1397381358
NONMEVIPP-PWY: methylerythritol phosphate pathway I|g__Alistipes.s__Alistipes_putredinis	73.7540844255
NONMEVIPP-PWY: methylerythritol phosphate pathway I|g__Ruminococcus.s__Ruminococcus_bromii	51.1756951338
NONMEVIPP-PWY: methylerythritol phosphate pathway I|g__Faecalibacterium.s__Faecalibacterium_sp_CAG_74	47.9987559613
NONMEVIPP-PWY: methylerythritol phosphate pathway I|g__Gemmiger.s__Gemmiger_formicilis	36.7138417580
NONMEVIPP-PWY: methylerythritol phosphate pathway I|g__Bifidobacterium.s__Bifidobacterium_adolescentis	34.7403874309
NONMEVIPP-PWY: methylerythritol phosphate pathway I|g__Firmicutes_unclassified.s__Firmicutes_bacterium_CAG_65_45_313	30.9213111103
NONMEVIPP-PWY: methylerythritol phosphate pathway I|g__Bacteroides.s__Bacteroides_ovatus	26.2768045372
NONMEVIPP-PWY: methylerythritol phosphate pathway I|g__Parabacteroides.s__Parabacteroides_distasonis	22.9666449230
NONMEVIPP-PWY: methylerythritol phosphate pathway I|g__Fusicatenibacter.s__Fusicatenibacter_saccharivorans	18.3431201336
NONMEVIPP-PWY: methylerythritol phosphate pathway I|g__Roseburia.s__Roseburia_intestinalis	17.0174996431
NONMEVIPP-PWY: methylerythritol phosphate pathway I|g__Firmicutes_unclassified.s__Firmicutes_bacterium_CAG_129	15.4009753951
NONMEVIPP-PWY: methylerythritol phosphate pathway I|g__Bifidobacterium.s__Bifidobacterium_bifidum	14.0898864030
NONMEVIPP-PWY: methylerythritol phosphate pathway I|g__Bacteroides.s__Bacteroides_stercoris	9.5341603761
NONMEVIPP-PWY: methylerythritol phosphate pathway I|g__Bacteroides.s__Bacteroides_uniformis	8.8926449866
NONMEVIPP-PWY: methylerythritol phosphate pathway I|g__Blautia.s__Blautia_obeum	2.8951772419
PWY-6122: 5-aminoimidazole ribonucleotide biosynthesis II	1526.1093004100
PWY-6122: 5-aminoimidazole ribonucleotide biosynthesis II|g__Faecalibacterium.s__Faecalibacterium_prausnitzii	269.2333166539
PWY-6122: 5-aminoimidazole ribonucleotide biosynthesis II|unclassified	161.6759508716
PWY-6122: 5-aminoimidazole ribonucleotide biosynthesis II|g__Roseburia.s__Roseburia_faecis	149.2041531332
PWY-6122: 5-aminoimidazole ribonucleotide biosynthesis II|g__Clostridium.s__Clostridium_sp_CAG_217	106.4400703147
PWY-6122: 5-aminoimidazole ribonucleotide biosynthesis II|g__Subdoligranulum.s__Subdoligranulum_sp_APC924_74	84.2890759153
PWY-6122: 5-aminoimidazole ribonucleotide biosynthesis II|g__Alistipes.s__Alistipes_putredinis	77.3458849447
PWY-6122: 5-aminoimidazole ribonucleotide biosynthesis II|g__Bacteroides.s__Bacteroides_vulgatus	67.9201302666
PWY-6122: 5-aminoimidazole ribonucleotide biosynthesis II|g__Ruminococcus.s__Ruminococcus_bromii	60.8793545149
PWY-6122: 5-aminoimidazole ribonucleotide biosynthesis II|g__Lachnospiraceae_unclassified.s__Eubacterium_rectale	44.1064776361
PWY-6122: 5-aminoimidazole ribonucleotide biosynthesis II|g__Firmicutes_unclassified.s__Firmicutes_bacterium_CAG_65_45_313	43.2598774719
PWY-6122: 5-aminoimidazole ribonucleotide biosynthesis II|g__Gemmiger.s__Gemmiger_formicilis	40.6296596515
PWY-6122: 5-aminoimidazole ribonucleotide biosynthesis II|g__Coprococcus.s__Coprococcus_eutactus	36.5923830982
PWY-6122: 5-aminoimidazole ribonucleotide biosynthesis II|g__Bifidobacterium.s__Bifidobacterium_adolescentis	22.2262487166
PWY-6122: 5-aminoimidazole ribonucleotide biosynthesis II|g__Roseburia.s__Roseburia_intestinalis	21.5168360980
PWY-6122: 5-aminoimidazole ribonucleotide biosynthesis II|g__Fusicatenibacter.s__Fusicatenibacter_saccharivorans	20.9851263591
PWY-6122: 5-aminoimidazole ribonucleotide biosynthesis II|g__Parabacteroides.s__Parabacteroides_distasonis	20.1812667215
PWY-6122: 5-aminoimidazole ribonucleotide biosynthesis II|g__Bacteroides.s__Bacteroides_ovatus	18.2410141174
PWY-6122: 5-aminoimidazole ribonucleotide biosynthesis II|g__Blautia.s__Blautia_sp	17.8032357599
PWY-6122: 5-aminoimidazole ribonucleotide biosynthesis II|g__Bifidobacterium.s__Bifidobacterium_bifidum	15.8549615690
PWY-6122: 5-aminoimidazole ribonucleotide biosynthesis II|g__Ruminococcus.s__Ruminococcus_bicirculans	12.8461314467
PWY-6122: 5-aminoimidazole ribonucleotide biosynthesis II|g__Clostridium.s__Clostridium_sp_CAG_75	12.4243656639
PWY-6122: 5-aminoimidazole ribonucleotide biosynthesis II|g__Bifidobacterium.s__Bifidobacterium_catenulatum	11.7054503503
PWY-6122: 5-aminoimidazole ribonucleotide biosynthesis II|g__Oscillibacter.s__Oscillibacter_sp_57_20	11.5178452769
PWY-6122: 5-aminoimidazole ribonucleotide biosynthesis II|g__Alistipes.s__Alistipes_shahii	10.9763305283
PWY-6122: 5-aminoimidazole ribonucleotide biosynthesis II|g__Parabacteroides.s__Parabacteroides_merdae	10.0374869410
PWY-6122: 5-aminoimidazole ribonucleotide biosynthesis II|g__Eubacterium.s__Eubacterium_eligens	9.9334314548
PWY-6122: 5-aminoimidazole ribonucleotide biosynthesis II|g__Firmicutes_unclassified.s__Firmicutes_bacterium_CAG_110	9.4923612595
PWY-6122: 5-aminoimidazole ribonucleotide biosynthesis II|g__Lachnospira.s__Lachnospira_pectinoschiza	9.1018355368
PWY-6122: 5-aminoimidazole ribonucleotide biosynthesis II|g__Eubacterium.s__Eubacterium_sp_CAG_115	8.2571512828
PWY-6122: 5-aminoimidazole ribonucleotide biosynthesis II|g__Bifidobacterium.s__Bifidobacterium_pseudocatenulatum	8.2083516280
PWY-6122: 5-aminoimidazole ribonucleotide biosynthesis II|g__Phascolarctobacterium.s__Phascolarctobacterium_succinatutens	8.1797732385
PWY-6122: 5-aminoimidazole ribonucleotide biosynthesis II|g__Bacteroides.s__Bacteroides_uniformis	6.4673561774
PWY-6122: 5-aminoimidazole ribonucleotide biosynthesis II|g__Catenibacterium.s__Catenibacterium_mitsuokai	6.2984359000
PWY-6122: 5-aminoimidazole ribonucleotide biosynthesis II|g__Clostridium.s__Clostridium_sp_CAG_138	5.1636222810
PWY-6122: 5-aminoimidazole ribonucleotide biosynthesis II|g__Bacteroides.s__Bacteroides_caccae	5.0944385165
PWY-6122: 5-aminoimidazole ribonucleotide biosynthesis II|g__Blautia.s__Blautia_wexlerae	3.1234210647
PWY-6122: 5-aminoimidazole ribonucleotide biosynthesis II|g__Blautia.s__Blautia_obeum	2.9036997640
PWY-6122: 5-aminoimidazole ribonucleotide biosynthesis II|g__Bacteroides.s__Bacteroides_thetaiotaomicron	2.4525905488
PWY-6122: 5-aminoimidazole ribonucleotide biosynthesis II|g__Bacteroides.s__Bacteroides_dorei	1.8096969595
PWY-6277: superpathway of 5-aminoimidazole ribonucleotide biosynthesis	1526.1093004100
PWY-6277: superpathway of 5-aminoimidazole ribonucleotide biosynthesis|g__Faecalibacterium.s__Faecalibacterium_prausnitzii	269.2333166539
PWY-6277: superpathway of 5-aminoimidazole ribonucleotide biosynthesis|unclassified	161.6759508716
PWY-6277: superpathway of 5-aminoimidazole ribonucleotide biosynthesis|g__Roseburia.s__Roseburia_faecis	149.2041531332
PWY-6277: superpathway of 5-aminoimidazole ribonucleotide biosynthesis|g__Clostridium.s__Clostridium_sp_CAG_217	106.4400703147
PWY-6277: superpathway of 5-aminoimidazole ribonucleotide biosynthesis|g__Subdoligranulum.s__Subdoligranulum_sp_APC924_74	84.2890759153
PWY-6277: superpathway of 5-aminoimidazole ribonucleotide biosynthesis|g__Alistipes.s__Alistipes_putredinis	77.3458849447
PWY-6277: superpathway of 5-aminoimidazole ribonucleotide biosynthesis|g__Bacteroides.s__Bacteroides_vulgatus	67.9201302666
PWY-6277: superpathway of 5-aminoimidazole ribonucleotide biosynthesis|g__Ruminococcus.s__Ruminococcus_bromii	60.8793545149
PWY-6277: superpathway of 5-aminoimidazole ribonucleotide biosynthesis|g__Lachnospiraceae_unclassified.s__Eubacterium_rectale	44.1064776361
PWY-6277: superpathway of 5-aminoimidazole ribonucleotide biosynthesis|g__Firmicutes_unclassified.s__Firmicutes_bacterium_CAG_65_45_313	43.2598774719
PWY-6277: superpathway of 5-aminoimidazole ribonucleotide biosynthesis|g__Gemmiger.s__Gemmiger_formicilis	40.6296596515
PWY-6277: superpathway of 5-aminoimidazole ribonucleotide biosynthesis|g__Coprococcus.s__Coprococcus_eutactus	36.5923830982
PWY-6277: superpathway of 5-aminoimidazole ribonucleotide biosynthesis|g__Bifidobacterium.s__Bifidobacterium_adolescentis	22.2262487166
PWY-6277: superpathway of 5-aminoimidazole ribonucleotide biosynthesis|g__Roseburia.s__Roseburia_intestinalis	21.5168360980
PWY-6277: superpathway of 5-aminoimidazole ribonucleotide biosynthesis|g__Fusicatenibacter.s__Fusicatenibacter_saccharivorans	20.9851263591
PWY-6277: superpathway of 5-aminoimidazole ribonucleotide biosynthesis|g__Parabacteroides.s__Parabacteroides_distasonis	20.1812667215
PWY-6277: superpathway of 5-aminoimidazole ribonucleotide biosynthesis|g__Bacteroides.s__Bacteroides_ovatus	18.2410141174
PWY-6277: superpathway of 5-aminoimidazole ribonucleotide biosynthesis|g__Blautia.s__Blautia_sp	17.8032357599
PWY-6277: superpathway of 5-aminoimidazole ribonucleotide biosynthesis|g__Bifidobacterium.s__Bifidobacterium_bifidum	15.8549615690
PWY-6277: superpathway of 5-aminoimidazole ribonucleotide biosynthesis|g__Ruminococcus.s__Ruminococcus_bicirculans	12.8461314467
PWY-6277: superpathway of 5-aminoimidazole ribonucleotide biosynthesis|g__Clostridium.s__Clostridium_sp_CAG_75	12.4243656639
PWY-6277: superpathway of 5-aminoimidazole ribonucleotide biosynthesis|g__Bifidobacterium.s__Bifidobacterium_catenulatum	11.7054503503
PWY-6277: superpathway of 5-aminoimidazole ribonucleotide biosynthesis|g__Oscillibacter.s__Oscillibacter_sp_57_20	11.5178452769
PWY-6277: superpathway of 5-aminoimidazole ribonucleotide biosynthesis|g__Alistipes.s__Alistipes_shahii	10.9763305283
PWY-6277: superpathway of 5-aminoimidazole ribonucleotide biosynthesis|g__Parabacteroides.s__Parabacteroides_merdae	10.0374869410
PWY-6277: superpathway of 5-aminoimidazole ribonucleotide biosynthesis|g__Eubacterium.s__Eubacterium_eligens	9.9334314548
PWY-6277: superpathway of 5-aminoimidazole ribonucleotide biosynthesis|g__Firmicutes_unclassified.s__Firmicutes_bacterium_CAG_110	9.4923612595
PWY-6277: superpathway of 5-aminoimidazole ribonucleotide biosynthesis|g__Lachnospira.s__Lachnospira_pectinoschiza	9.1018355368
PWY-6277: superpathway of 5-aminoimidazole ribonucleotide biosynthesis|g__Eubacterium.s__Eubacterium_sp_CAG_115	8.2571512828
PWY-6277: superpathway of 5-aminoimidazole ribonucleotide biosynthesis|g__Bifidobacterium.s__Bifidobacterium_pseudocatenulatum	8.2083516280
PWY-6277: superpathway of 5-aminoimidazole ribonucleotide biosynthesis|g__Phascolarctobacterium.s__Phascolarctobacterium_succinatutens	8.1797732385
PWY-6277: superpathway of 5-aminoimidazole ribonucleotide biosynthesis|g__Bacteroides.s__Bacteroides_uniformis	6.4673561774
PWY-6277: superpathway of 5-aminoimidazole ribonucleotide biosynthesis|g__Catenibacterium.s__Catenibacterium_mitsuokai	6.2984359000
PWY-6277: superpathway of 5-aminoimidazole ribonucleotide biosynthesis|g__Clostridium.s__Clostridium_sp_CAG_138	5.1636222810
PWY-6277: superpathway of 5-aminoimidazole ribonucleotide biosynthesis|g__Bacteroides.s__Bacteroides_caccae	5.0944385165
PWY-6277: superpathway of 5-aminoimidazole ribonucleotide biosynthesis|g__Blautia.s__Blautia_wexlerae	3.1234210647
PWY-6277: superpathway of 5-aminoimidazole ribonucleotide biosynthesis|g__Blautia.s__Blautia_obeum	2.9036997640
PWY-6277: superpathway of 5-aminoimidazole ribonucleotide biosynthesis|g__Bacteroides.s__Bacteroides_thetaiotaomicron	2.4525905488
PWY-6277: superpathway of 5-aminoimidazole ribonucleotide biosynthesis|g__Bacteroides.s__Bacteroides_dorei	1.8096969595
PWY-6121: 5-aminoimidazole ribonucleotide biosynthesis I	1513.7445073681
PWY-6121: 5-aminoimidazole ribonucleotide biosynthesis I|g__Faecalibacterium.s__Faecalibacterium_prausnitzii	264.1162022603
PWY-6121: 5-aminoimidazole ribonucleotide biosynthesis I|unclassified	165.4430575190
PWY-6121: 5-aminoimidazole ribonucleotide biosynthesis I|g__Roseburia.s__Roseburia_faecis	145.9393697158
PWY-6121: 5-aminoimidazole ribonucleotide biosynthesis I|g__Clostridium.s__Clostridium_sp_CAG_217	96.3222791804
PWY-6121: 5-aminoimidazole ribonucleotide biosynthesis I|g__Subdoligranulum.s__Subdoligranulum_sp_APC924_74	87.8695352383
PWY-6121: 5-aminoimidazole ribonucleotide biosynthesis I|g__Alistipes.s__Alistipes_putredinis	78.9900926772
PWY-6121: 5-aminoimidazole ribonucleotide biosynthesis I|g__Bacteroides.s__Bacteroides_vulgatus	74.8086993046
PWY-6121: 5-aminoimidazole ribonucleotide biosynthesis I|g__Ruminococcus.s__Ruminococcus_bromii	60.4306774095
PWY-6121: 5-aminoimidazole ribonucleotide biosynthesis I|g__Lachnospiraceae_unclassified.s__Eubacterium_rectale	45.2224200533
PWY-6121: 5-aminoimidazole ribonucleotide biosynthesis I|g__Firmicutes_unclassified.s__Firmicutes_bacterium_CAG_65_45_313	42.8212591214
PWY-6121: 5-aminoimidazole ribonucleotide biosynthesis I|g__Gemmiger.s__Gemmiger_formicilis	42.7532233403
PWY-6121: 5-aminoimidazole ribonucleotide biosynthesis I|g__Coprococcus.s__Coprococcus_eutactus	37.5481460983
PWY-6121: 5-aminoimidazole ribonucleotide biosynthesis I|g__Roseburia.s__Roseburia_intestinalis	22.1335956285
PWY-6121: 5-aminoimidazole ribonucleotide biosynthesis I|g__Fusicatenibacter.s__Fusicatenibacter_saccharivorans	21.7050446060
PWY-6121: 5-aminoimidazole ribonucleotide biosynthesis I|g__Parabacteroides.s__Parabacteroides_distasonis	20.8939594170
PWY-6121: 5-aminoimidazole ribonucleotide biosynthesis I|g__Bacteroides.s__Bacteroides_ovatus	20.0723766844
PWY-6121: 5-aminoimidazole ribonucleotide biosynthesis I|g__Blautia.s__Blautia_sp	18.3770656059
PWY-6121: 5-aminoimidazole ribonucleotide biosynthesis I|g__Bifidobacterium.s__Bifidobacterium_bifidum	13.9767499803
PWY-6121: 5-aminoimidazole ribonucleotide biosynthesis I|g__Ruminococcus.s__Ruminococcus_bicirculans	12.7590798646
PWY-6121: 5-aminoimidazole ribonucleotide biosynthesis I|g__Clostridium.s__Clostridium_sp_CAG_75	12.4549124070
PWY-6121: 5-aminoimidazole ribonucleotide biosynthesis I|g__Oscillibacter.s__Oscillibacter_sp_57_20	12.0730859515
PWY-6121: 5-aminoimidazole ribonucleotide biosynthesis I|g__Bifidobacterium.s__Bifidobacterium_catenulatum	10.8743386520
PWY-6121: 5-aminoimidazole ribonucleotide biosynthesis I|g__Alistipes.s__Alistipes_shahii	10.1996649802
PWY-6121: 5-aminoimidazole ribonucleotide biosynthesis I|g__Parabacteroides.s__Parabacteroides_merdae	9.9155960184
PWY-6121: 5-aminoimidazole ribonucleotide biosynthesis I|g__Eubacterium.s__Eubacterium_eligens	9.8405561202
PWY-6121: 5-aminoimidazole ribonucleotide biosynthesis I|g__Lachnospira.s__Lachnospira_pectinoschiza	9.0707588969
PWY-6121: 5-aminoimidazole ribonucleotide biosynthesis I|g__Bifidobacterium.s__Bifidobacterium_adolescentis	8.8048725399
PWY-6121: 5-aminoimidazole ribonucleotide biosynthesis I|g__Eubacterium.s__Eubacterium_sp_CAG_115	8.2928562966
PWY-6121: 5-aminoimidazole ribonucleotide biosynthesis I|g__Phascolarctobacterium.s__Phascolarctobacterium_succinatutens	8.2917211771
PWY-6121: 5-aminoimidazole ribonucleotide biosynthesis I|g__Catenibacterium.s__Catenibacterium_mitsuokai	5.8542641425
PWY-6121: 5-aminoimidazole ribonucleotide biosynthesis I|g__Bifidobacterium.s__Bifidobacterium_pseudocatenulatum	5.7261728659
PWY-6121: 5-aminoimidazole ribonucleotide biosynthesis I|g__Bacteroides.s__Bacteroides_uniformis	3.8255817678
PWY-6121: 5-aminoimidazole ribonucleotide biosynthesis I|g__Blautia.s__Blautia_wexlerae	2.8071802251
PWY-6121: 5-aminoimidazole ribonucleotide biosynthesis I|g__Bacteroides.s__Bacteroides_dorei	2.0620131358
PWY-6121: 5-aminoimidazole ribonucleotide biosynthesis I|g__Blautia.s__Blautia_obeum	1.6071360347
PWY-7953: UDP-N-acetylmuramoyl-pentapeptide biosynthesis III (meso-diaminopimelate containing)	1504.9308289769
PWY-7953: UDP-N-acetylmuramoyl-pentapeptide biosynthesis III (meso-diaminopimelate containing)|g__Roseburia.s__Roseburia_faecis	149.5707948829
PWY-7953: UDP-N-acetylmuramoyl-pentapeptide biosynthesis III (meso-diaminopimelate containing)|unclassified	90.1759271100
PWY-7953: UDP-N-acetylmuramoyl-pentapeptide biosynthesis III (meso-diaminopimelate containing)|g__Bacteroides.s__Bacteroides_vulgatus	85.4415482992
PWY-7953: UDP-N-acetylmuramoyl-pentapeptide biosynthesis III (meso-diaminopimelate containing)|g__Alistipes.s__Alistipes_putredinis	83.3805273352
PWY-7953: UDP-N-acetylmuramoyl-pentapeptide biosynthesis III (meso-diaminopimelate containing)|g__Lachnospiraceae_unclassified.s__Eubacterium_rectale	44.3938095421
PWY-7953: UDP-N-acetylmuramoyl-pentapeptide biosynthesis III (meso-diaminopimelate containing)|g__Firmicutes_unclassified.s__Firmicutes_bacterium_CAG_176	27.2065504241
PWY-7953: UDP-N-acetylmuramoyl-pentapeptide biosynthesis III (meso-diaminopimelate containing)|g__Roseburia.s__Roseburia_intestinalis	23.4310636637
PWY-7953: UDP-N-acetylmuramoyl-pentapeptide biosynthesis III (meso-diaminopimelate containing)|g__Parabacteroides.s__Parabacteroides_distasonis	22.0210581367
PWY-7953: UDP-N-acetylmuramoyl-pentapeptide biosynthesis III (meso-diaminopimelate containing)|g__Eubacterium.s__Eubacterium_sp_CAG_115	17.0015122610
PWY-7953: UDP-N-acetylmuramoyl-pentapeptide biosynthesis III (meso-diaminopimelate containing)|g__Blautia.s__Blautia_sp	15.5712038882
PWY-7953: UDP-N-acetylmuramoyl-pentapeptide biosynthesis III (meso-diaminopimelate containing)|g__Fusicatenibacter.s__Fusicatenibacter_saccharivorans	14.8357876846
PWY-7953: UDP-N-acetylmuramoyl-pentapeptide biosynthesis III (meso-diaminopimelate containing)|g__Clostridium.s__Clostridium_sp_CAG_75	12.5859444458
PWY-7953: UDP-N-acetylmuramoyl-pentapeptide biosynthesis III (meso-diaminopimelate containing)|g__Parabacteroides.s__Parabacteroides_merdae	9.7773343613
PWY-7953: UDP-N-acetylmuramoyl-pentapeptide biosynthesis III (meso-diaminopimelate containing)|g__Bacteroides.s__Bacteroides_stercoris	9.3483309225
PWY-7953: UDP-N-acetylmuramoyl-pentapeptide biosynthesis III (meso-diaminopimelate containing)|g__Eubacterium.s__Eubacterium_eligens	8.9396587183
PWY-7953: UDP-N-acetylmuramoyl-pentapeptide biosynthesis III (meso-diaminopimelate containing)|g__Bacteroides.s__Bacteroides_caccae	5.3975065130
PWY-7953: UDP-N-acetylmuramoyl-pentapeptide biosynthesis III (meso-diaminopimelate containing)|g__Catenibacterium.s__Catenibacterium_mitsuokai	4.7354490643
PWY-7953: UDP-N-acetylmuramoyl-pentapeptide biosynthesis III (meso-diaminopimelate containing)|g__Bacteroides.s__Bacteroides_dorei	3.7572671249
PWY-7953: UDP-N-acetylmuramoyl-pentapeptide biosynthesis III (meso-diaminopimelate containing)|g__Bacteroides.s__Bacteroides_uniformis	3.3160032686
COA-PWY-1: superpathway of coenzyme A biosynthesis III (mammals)	1494.3914300244
COA-PWY-1: superpathway of coenzyme A biosynthesis III (mammals)|g__Faecalibacterium.s__Faecalibacterium_prausnitzii	287.9907850383
COA-PWY-1: superpathway of coenzyme A biosynthesis III (mammals)|g__Roseburia.s__Roseburia_faecis	147.9398345908
COA-PWY-1: superpathway of coenzyme A biosynthesis III (mammals)|g__Subdoligranulum.s__Subdoligranulum_sp_APC924_74	117.5329997520
COA-PWY-1: superpathway of coenzyme A biosynthesis III (mammals)|unclassified	98.8103613439
COA-PWY-1: superpathway of coenzyme A biosynthesis III (mammals)|g__Alistipes.s__Alistipes_putredinis	80.5464585971
COA-PWY-1: superpathway of coenzyme A biosynthesis III (mammals)|g__Bacteroides.s__Bacteroides_vulgatus	63.3537620911
COA-PWY-1: superpathway of coenzyme A biosynthesis III (mammals)|g__Faecalibacterium.s__Faecalibacterium_sp_CAG_74	58.0544374701
COA-PWY-1: superpathway of coenzyme A biosynthesis III (mammals)|g__Gemmiger.s__Gemmiger_formicilis	38.5463608328
COA-PWY-1: superpathway of coenzyme A biosynthesis III (mammals)|g__Bifidobacterium.s__Bifidobacterium_adolescentis	33.0482115086
COA-PWY-1: superpathway of coenzyme A biosynthesis III (mammals)|g__Lachnospiraceae_unclassified.s__Eubacterium_rectale	29.8964024662
COA-PWY-1: superpathway of coenzyme A biosynthesis III (mammals)|g__Parabacteroides.s__Parabacteroides_distasonis	15.0110924856
COA-PWY-1: superpathway of coenzyme A biosynthesis III (mammals)|g__Eubacterium.s__Eubacterium_eligens	12.7352876135
COA-PWY-1: superpathway of coenzyme A biosynthesis III (mammals)|g__Parabacteroides.s__Parabacteroides_merdae	11.3765642776
COA-PWY-1: superpathway of coenzyme A biosynthesis III (mammals)|g__Roseburia.s__Roseburia_intestinalis	10.4469275988
COA-PWY-1: superpathway of coenzyme A biosynthesis III (mammals)|g__Bacteroides.s__Bacteroides_stercoris	8.4327401135
COA-PWY-1: superpathway of coenzyme A biosynthesis III (mammals)|g__Bacteroides.s__Bacteroides_dorei	4.3904420077
PWY-6151: S-adenosyl-L-methionine salvage I	1478.7406505598
PWY-6151: S-adenosyl-L-methionine salvage I|g__Faecalibacterium.s__Faecalibacterium_prausnitzii	269.0043002579
PWY-6151: S-adenosyl-L-methionine salvage I|unclassified	157.7401829816
PWY-6151: S-adenosyl-L-methionine salvage I|g__Roseburia.s__Roseburia_faecis	137.5562425840
PWY-6151: S-adenosyl-L-methionine salvage I|g__Bacteroides.s__Bacteroides_vulgatus	89.3392386970
PWY-6151: S-adenosyl-L-methionine salvage I|g__Ruminococcus.s__Ruminococcus_bromii	62.7205017640
PWY-6151: S-adenosyl-L-methionine salvage I|g__Faecalibacterium.s__Faecalibacterium_sp_CAG_74	61.1691194607
PWY-6151: S-adenosyl-L-methionine salvage I|g__Lachnospiraceae_unclassified.s__Eubacterium_rectale	56.8734326208
PWY-6151: S-adenosyl-L-methionine salvage I|g__Bifidobacterium.s__Bifidobacterium_adolescentis	47.1536977017
PWY-6151: S-adenosyl-L-methionine salvage I|g__Coprococcus.s__Coprococcus_eutactus	45.5965065886
PWY-6151: S-adenosyl-L-methionine salvage I|g__Firmicutes_unclassified.s__Firmicutes_bacterium_CAG_65_45_313	42.5941121930
PWY-6151: S-adenosyl-L-methionine salvage I|g__Gemmiger.s__Gemmiger_formicilis	42.3507153855
PWY-6151: S-adenosyl-L-methionine salvage I|g__Roseburia.s__Roseburia_intestinalis	22.1005355342
PWY-6151: S-adenosyl-L-methionine salvage I|g__Fusicatenibacter.s__Fusicatenibacter_saccharivorans	16.2120250934
PWY-6151: S-adenosyl-L-methionine salvage I|g__Clostridium.s__Clostridium_sp_CAG_75	14.6750524109
PWY-6151: S-adenosyl-L-methionine salvage I|g__Eubacterium.s__Eubacterium_eligens	14.0646976090
PWY-6151: S-adenosyl-L-methionine salvage I|g__Bifidobacterium.s__Bifidobacterium_bifidum	13.5587251277
PWY-6151: S-adenosyl-L-methionine salvage I|g__Eubacterium.s__Eubacterium_ventriosum	10.6714095153
PWY-6151: S-adenosyl-L-methionine salvage I|g__Bacteroides.s__Bacteroides_stercoris	8.8274925465
PWY-6151: S-adenosyl-L-methionine salvage I|g__Bacteroides.s__Bacteroides_dorei	8.7982403519
PWY-6151: S-adenosyl-L-methionine salvage I|g__Bifidobacterium.s__Bifidobacterium_catenulatum	7.2573076528
PWY-6151: S-adenosyl-L-methionine salvage I|g__Catenibacterium.s__Catenibacterium_mitsuokai	4.3043762431
PWY-6151: S-adenosyl-L-methionine salvage I|g__Bacteroides.s__Bacteroides_uniformis	3.0882069099
ANAGLYCOLYSIS-PWY: glycolysis III (from glucose)	1433.6546414073
ANAGLYCOLYSIS-PWY: glycolysis III (from glucose)|g__Faecalibacterium.s__Faecalibacterium_prausnitzii	204.4789186276
ANAGLYCOLYSIS-PWY: glycolysis III (from glucose)|g__Roseburia.s__Roseburia_faecis	159.2807939626
ANAGLYCOLYSIS-PWY: glycolysis III (from glucose)|unclassified	87.6124700681
ANAGLYCOLYSIS-PWY: glycolysis III (from glucose)|g__Lachnospiraceae_unclassified.s__Eubacterium_rectale	48.0704261750
ANAGLYCOLYSIS-PWY: glycolysis III (from glucose)|g__Parabacteroides.s__Parabacteroides_distasonis	29.3145359992
ANAGLYCOLYSIS-PWY: glycolysis III (from glucose)|g__Roseburia.s__Roseburia_intestinalis	23.1015537339
ANAGLYCOLYSIS-PWY: glycolysis III (from glucose)|g__Fusicatenibacter.s__Fusicatenibacter_saccharivorans	16.9865805898
ANAGLYCOLYSIS-PWY: glycolysis III (from glucose)|g__Blautia.s__Blautia_wexlerae	2.5376894633
ANAGLYCOLYSIS-PWY: glycolysis III (from glucose)|g__Blautia.s__Blautia_obeum	2.4456745903
GLUTORN-PWY: L-ornithine biosynthesis I	1423.5822372228
GLUTORN-PWY: L-ornithine biosynthesis I|g__Faecalibacterium.s__Faecalibacterium_prausnitzii	340.7015503071
GLUTORN-PWY: L-ornithine biosynthesis I|g__Roseburia.s__Roseburia_faecis	141.2766718926
GLUTORN-PWY: L-ornithine biosynthesis I|unclassified	126.4541709573
GLUTORN-PWY: L-ornithine biosynthesis I|g__Subdoligranulum.s__Subdoligranulum_sp_APC924_74	95.2498138906
GLUTORN-PWY: L-ornithine biosynthesis I|g__Clostridium.s__Clostridium_sp_CAG_217	87.0139053381
GLUTORN-PWY: L-ornithine biosynthesis I|g__Ruminococcus.s__Ruminococcus_bromii	61.9560940033
GLUTORN-PWY: L-ornithine biosynthesis I|g__Lachnospiraceae_unclassified.s__Eubacterium_rectale	41.4196980911
GLUTORN-PWY: L-ornithine biosynthesis I|g__Gemmiger.s__Gemmiger_formicilis	40.4003759708
GLUTORN-PWY: L-ornithine biosynthesis I|g__Firmicutes_unclassified.s__Firmicutes_bacterium_CAG_65_45_313	38.7194647416
GLUTORN-PWY: L-ornithine biosynthesis I|g__Bifidobacterium.s__Bifidobacterium_adolescentis	31.2663581544
GLUTORN-PWY: L-ornithine biosynthesis I|g__Blautia.s__Blautia_sp	22.8100025143
GLUTORN-PWY: L-ornithine biosynthesis I|g__Roseburia.s__Roseburia_intestinalis	21.6231544305
GLUTORN-PWY: L-ornithine biosynthesis I|g__Fusicatenibacter.s__Fusicatenibacter_saccharivorans	15.5296490551
GLUTORN-PWY: L-ornithine biosynthesis I|g__Ruminococcus.s__Ruminococcus_bicirculans	9.1399323645
GLUTORN-PWY: L-ornithine biosynthesis I|g__Eubacterium.s__Eubacterium_eligens	7.4767286820
GLUTORN-PWY: L-ornithine biosynthesis I|g__Ruminococcus.s__Ruminococcus_sp_CAG_254	7.1736011478
GLUTORN-PWY: L-ornithine biosynthesis I|g__Lachnospira.s__Lachnospira_pectinoschiza	3.6623137452
GLUTORN-PWY: L-ornithine biosynthesis I|g__Enterobacter.s__Enterobacter_soli	2.7476301690
PWY0-1296: purine ribonucleosides degradation	1414.6840515655
PWY0-1296: purine ribonucleosides degradation|g__Faecalibacterium.s__Faecalibacterium_prausnitzii	351.7134185369
PWY0-1296: purine ribonucleosides degradation|g__Roseburia.s__Roseburia_faecis	137.3240519566
PWY0-1296: purine ribonucleosides degradation|unclassified	117.3155327972
PWY0-1296: purine ribonucleosides degradation|g__Subdoligranulum.s__Subdoligranulum_sp_APC924_74	94.3836250096
PWY0-1296: purine ribonucleosides degradation|g__Faecalibacterium.s__Faecalibacterium_sp_CAG_74	78.3812565153
PWY0-1296: purine ribonucleosides degradation|g__Acetobacter.s__Acetobacter_sp_CAG_267	54.3970988214
PWY0-1296: purine ribonucleosides degradation|g__Lachnospiraceae_unclassified.s__Eubacterium_rectale	50.7545326240
PWY0-1296: purine ribonucleosides degradation|g__Gemmiger.s__Gemmiger_formicilis	40.8031169830
PWY0-1296: purine ribonucleosides degradation|g__Firmicutes_unclassified.s__Firmicutes_bacterium_CAG_65_45_313	36.4312815412
PWY0-1296: purine ribonucleosides degradation|g__Fusicatenibacter.s__Fusicatenibacter_saccharivorans	23.0046430800
PWY0-1296: purine ribonucleosides degradation|g__Roseburia.s__Roseburia_intestinalis	22.4537692800
PWY0-1296: purine ribonucleosides degradation|g__Clostridium.s__Clostridium_sp_CAG_75	21.0876803552
PWY0-1296: purine ribonucleosides degradation|g__Eubacterium.s__Eubacterium_sp_CAG_115	17.9442782937
PWY0-1296: purine ribonucleosides degradation|g__Blautia.s__Blautia_sp	13.9416983523
PWY0-1296: purine ribonucleosides degradation|g__Eubacterium.s__Eubacterium_eligens	11.4822546973
PWY0-1296: purine ribonucleosides degradation|g__Blautia.s__Blautia_obeum	7.6303518440
PWY0-1296: purine ribonucleosides degradation|g__Blautia.s__Blautia_wexlerae	4.0404040404
PWY-5667: CDP-diacylglycerol biosynthesis I	1405.2793326363
PWY-5667: CDP-diacylglycerol biosynthesis I|g__Faecalibacterium.s__Faecalibacterium_prausnitzii	247.2129521459
PWY-5667: CDP-diacylglycerol biosynthesis I|g__Roseburia.s__Roseburia_faecis	134.8670009031
PWY-5667: CDP-diacylglycerol biosynthesis I|g__Bacteroides.s__Bacteroides_vulgatus	99.6049169562
PWY-5667: CDP-diacylglycerol biosynthesis I|g__Subdoligranulum.s__Subdoligranulum_sp_APC924_74	90.9792195192
PWY-5667: CDP-diacylglycerol biosynthesis I|g__Lachnospiraceae_unclassified.s__Eubacterium_rectale	47.2783714831
PWY-5667: CDP-diacylglycerol biosynthesis I|g__Firmicutes_unclassified.s__Firmicutes_bacterium_CAG_65_45_313	45.1789529368
PWY-5667: CDP-diacylglycerol biosynthesis I|unclassified	41.1411220616
PWY-5667: CDP-diacylglycerol biosynthesis I|g__Parabacteroides.s__Parabacteroides_distasonis	25.5186952180
PWY-5667: CDP-diacylglycerol biosynthesis I|g__Bacteroides.s__Bacteroides_ovatus	22.8048130233
PWY-5667: CDP-diacylglycerol biosynthesis I|g__Fusicatenibacter.s__Fusicatenibacter_saccharivorans	19.2605885229
PWY-5667: CDP-diacylglycerol biosynthesis I|g__Clostridium.s__Clostridium_sp_CAG_75	14.8122024334
PWY-5667: CDP-diacylglycerol biosynthesis I|g__Bacteroides.s__Bacteroides_stercoris	10.2127659574
PWY-5667: CDP-diacylglycerol biosynthesis I|g__Bacteroides.s__Bacteroides_caccae	7.0383295698
PWY-5667: CDP-diacylglycerol biosynthesis I|g__Catenibacterium.s__Catenibacterium_mitsuokai	3.5149396036
PWY-5667: CDP-diacylglycerol biosynthesis I|g__Bacteroides.s__Bacteroides_dorei	3.1335683510
PWY-5667: CDP-diacylglycerol biosynthesis I|g__Blautia.s__Blautia_obeum	2.3587687227
PWY-5667: CDP-diacylglycerol biosynthesis I|g__Bacteroides.s__Bacteroides_uniformis	2.1851706883
PWY0-1319: CDP-diacylglycerol biosynthesis II	1405.2793326363
PWY0-1319: CDP-diacylglycerol biosynthesis II|g__Faecalibacterium.s__Faecalibacterium_prausnitzii	247.2129521459
PWY0-1319: CDP-diacylglycerol biosynthesis II|g__Roseburia.s__Roseburia_faecis	134.8670009031
PWY0-1319: CDP-diacylglycerol biosynthesis II|g__Bacteroides.s__Bacteroides_vulgatus	99.6049169562
PWY0-1319: CDP-diacylglycerol biosynthesis II|g__Subdoligranulum.s__Subdoligranulum_sp_APC924_74	90.9792195192
PWY0-1319: CDP-diacylglycerol biosynthesis II|g__Lachnospiraceae_unclassified.s__Eubacterium_rectale	47.2783714831
PWY0-1319: CDP-diacylglycerol biosynthesis II|g__Firmicutes_unclassified.s__Firmicutes_bacterium_CAG_65_45_313	45.1789529368
PWY0-1319: CDP-diacylglycerol biosynthesis II|unclassified	41.1411220616
PWY0-1319: CDP-diacylglycerol biosynthesis II|g__Parabacteroides.s__Parabacteroides_distasonis	25.5186952180
PWY0-1319: CDP-diacylglycerol biosynthesis II|g__Bacteroides.s__Bacteroides_ovatus	22.8048130233
PWY0-1319: CDP-diacylglycerol biosynthesis II|g__Fusicatenibacter.s__Fusicatenibacter_saccharivorans	19.2605885229
PWY0-1319: CDP-diacylglycerol biosynthesis II|g__Clostridium.s__Clostridium_sp_CAG_75	14.8122024334
PWY0-1319: CDP-diacylglycerol biosynthesis II|g__Bacteroides.s__Bacteroides_stercoris	10.2127659574
PWY0-1319: CDP-diacylglycerol biosynthesis II|g__Bacteroides.s__Bacteroides_caccae	7.0383295698
PWY0-1319: CDP-diacylglycerol biosynthesis II|g__Catenibacterium.s__Catenibacterium_mitsuokai	3.5149396036
PWY0-1319: CDP-diacylglycerol biosynthesis II|g__Bacteroides.s__Bacteroides_dorei	3.1335683510
PWY0-1319: CDP-diacylglycerol biosynthesis II|g__Blautia.s__Blautia_obeum	2.3587687227
PWY0-1319: CDP-diacylglycerol biosynthesis II|g__Bacteroides.s__Bacteroides_uniformis	2.1851706883
PWY-3841: folate transformations II (plants)	1391.6778928967
PWY-3841: folate transformations II (plants)|unclassified	132.8507191962
PWY-3841: folate transformations II (plants)|g__Roseburia.s__Roseburia_faecis	127.4576190223
PWY-3841: folate transformations II (plants)|g__Bacteroides.s__Bacteroides_vulgatus	105.2112426254
PWY-3841: folate transformations II (plants)|g__Alistipes.s__Alistipes_putredinis	76.6447348582
PWY-3841: folate transformations II (plants)|g__Lachnospiraceae_unclassified.s__Eubacterium_rectale	55.5266662006
PWY-3841: folate transformations II (plants)|g__Firmicutes_unclassified.s__Firmicutes_bacterium_CAG_65_45_313	39.4658501318
PWY-3841: folate transformations II (plants)|g__Bifidobacterium.s__Bifidobacterium_adolescentis	39.2175603416
PWY-3841: folate transformations II (plants)|g__Firmicutes_unclassified.s__Firmicutes_bacterium_CAG_129	23.7657769660
PWY-3841: folate transformations II (plants)|g__Bacteroides.s__Bacteroides_ovatus	22.7428217969
PWY-3841: folate transformations II (plants)|g__Firmicutes_unclassified.s__Firmicutes_bacterium_CAG_176	22.7388082428
PWY-3841: folate transformations II (plants)|g__Parabacteroides.s__Parabacteroides_distasonis	21.9178082192
PWY-3841: folate transformations II (plants)|g__Parabacteroides.s__Parabacteroides_merdae	12.8744376577
PWY-3841: folate transformations II (plants)|g__Eubacterium.s__Eubacterium_sp_CAG_115	12.4481327801
PWY-3841: folate transformations II (plants)|g__Catenibacterium.s__Catenibacterium_mitsuokai	7.6415767610
PWY-3841: folate transformations II (plants)|g__Bacteroides.s__Bacteroides_stercoris	7.2944433264
PWY-3841: folate transformations II (plants)|g__Bacteroides.s__Bacteroides_uniformis	5.4092945727
PWY-3841: folate transformations II (plants)|g__Bacteroides.s__Bacteroides_caccae	4.1205253670
PWY-3841: folate transformations II (plants)|g__Bacteroides.s__Bacteroides_dorei	3.7723640720
PWY-3841: folate transformations II (plants)|g__Bacteroides.s__Bacteroides_thetaiotaomicron	3.7541060535
COA-PWY: coenzyme A biosynthesis I (prokaryotic)	1364.8423072706
COA-PWY: coenzyme A biosynthesis I (prokaryotic)|g__Faecalibacterium.s__Faecalibacterium_prausnitzii	247.7693912842
COA-PWY: coenzyme A biosynthesis I (prokaryotic)|g__Roseburia.s__Roseburia_faecis	146.9496228554
COA-PWY: coenzyme A biosynthesis I (prokaryotic)|unclassified	143.4374438728
COA-PWY: coenzyme A biosynthesis I (prokaryotic)|g__Subdoligranulum.s__Subdoligranulum_sp_APC924_74	104.0293771144
COA-PWY: coenzyme A biosynthesis I (prokaryotic)|g__Bacteroides.s__Bacteroides_vulgatus	93.0045294414
COA-PWY: coenzyme A biosynthesis I (prokaryotic)|g__Alistipes.s__Alistipes_putredinis	83.0963067664
COA-PWY: coenzyme A biosynthesis I (prokaryotic)|g__Faecalibacterium.s__Faecalibacterium_sp_CAG_74	55.2541691782
COA-PWY: coenzyme A biosynthesis I (prokaryotic)|g__Lachnospiraceae_unclassified.s__Eubacterium_rectale	45.3001132503
COA-PWY: coenzyme A biosynthesis I (prokaryotic)|g__Bifidobacterium.s__Bifidobacterium_adolescentis	37.2807017544
COA-PWY: coenzyme A biosynthesis I (prokaryotic)|g__Gemmiger.s__Gemmiger_formicilis	33.7009803922
COA-PWY: coenzyme A biosynthesis I (prokaryotic)|g__Bacteroides.s__Bacteroides_ovatus	23.8907849829
COA-PWY: coenzyme A biosynthesis I (prokaryotic)|g__Fusicatenibacter.s__Fusicatenibacter_saccharivorans	20.3956952864
COA-PWY: coenzyme A biosynthesis I (prokaryotic)|g__Roseburia.s__Roseburia_intestinalis	18.0979726790
COA-PWY: coenzyme A biosynthesis I (prokaryotic)|g__Parabacteroides.s__Parabacteroides_distasonis	12.9701686122
COA-PWY: coenzyme A biosynthesis I (prokaryotic)|g__Eubacterium.s__Eubacterium_eligens	12.0162473763
COA-PWY: coenzyme A biosynthesis I (prokaryotic)|g__Parabacteroides.s__Parabacteroides_merdae	11.6194625999
COA-PWY: coenzyme A biosynthesis I (prokaryotic)|g__Bacteroides.s__Bacteroides_caccae	8.9665994172
COA-PWY: coenzyme A biosynthesis I (prokaryotic)|g__Bacteroides.s__Bacteroides_stercoris	8.6206896552
COA-PWY: coenzyme A biosynthesis I (prokaryotic)|g__Phascolarctobacterium.s__Phascolarctobacterium_succinatutens	7.8258742969
COA-PWY: coenzyme A biosynthesis I (prokaryotic)|g__Catenibacterium.s__Catenibacterium_mitsuokai	7.6240265752
COA-PWY: coenzyme A biosynthesis I (prokaryotic)|g__Blautia.s__Blautia_sp	7.0157855174
COA-PWY: coenzyme A biosynthesis I (prokaryotic)|g__Alistipes.s__Alistipes_timonensis	6.5706343189
COA-PWY: coenzyme A biosynthesis I (prokaryotic)|g__Bacteroides.s__Bacteroides_dorei	6.0962831724
COA-PWY: coenzyme A biosynthesis I (prokaryotic)|g__Ruminococcus.s__Ruminococcus_bicirculans	6.0441220913
COA-PWY: coenzyme A biosynthesis I (prokaryotic)|g__Bifidobacterium.s__Bifidobacterium_catenulatum	5.9790732436
COA-PWY: coenzyme A biosynthesis I (prokaryotic)|g__Alistipes.s__Alistipes_finegoldii	4.4943820225
COA-PWY: coenzyme A biosynthesis I (prokaryotic)|g__Enterobacter.s__Enterobacter_soli	3.3542976939
COA-PWY: coenzyme A biosynthesis I (prokaryotic)|g__Bifidobacterium.s__Bifidobacterium_pseudocatenulatum	2.1350413664
PWY-7851: coenzyme A biosynthesis II (eukaryotic)	1364.8423072706
PWY-7851: coenzyme A biosynthesis II (eukaryotic)|g__Faecalibacterium.s__Faecalibacterium_prausnitzii	247.7693912842
PWY-7851: coenzyme A biosynthesis II (eukaryotic)|g__Roseburia.s__Roseburia_faecis	141.2466167192
PWY-7851: coenzyme A biosynthesis II (eukaryotic)|g__Subdoligranulum.s__Subdoligranulum_sp_APC924_74	104.0293771144
PWY-7851: coenzyme A biosynthesis II (eukaryotic)|unclassified	88.7227638632
PWY-7851: coenzyme A biosynthesis II (eukaryotic)|g__Alistipes.s__Alistipes_putredinis	82.1162555942
PWY-7851: coenzyme A biosynthesis II (eukaryotic)|g__Bacteroides.s__Bacteroides_vulgatus	62.4261054623
PWY-7851: coenzyme A biosynthesis II (eukaryotic)|g__Faecalibacterium.s__Faecalibacterium_sp_CAG_74	55.2541691782
PWY-7851: coenzyme A biosynthesis II (eukaryotic)|g__Bifidobacterium.s__Bifidobacterium_adolescentis	34.6938775510
PWY-7851: coenzyme A biosynthesis II (eukaryotic)|g__Gemmiger.s__Gemmiger_formicilis	33.7009803922
PWY-7851: coenzyme A biosynthesis II (eukaryotic)|g__Lachnospiraceae_unclassified.s__Eubacterium_rectale	26.0614616136
PWY-7851: coenzyme A biosynthesis II (eukaryotic)|g__Parabacteroides.s__Parabacteroides_distasonis	12.9701686122
PWY-7851: coenzyme A biosynthesis II (eukaryotic)|g__Eubacterium.s__Eubacterium_eligens	12.0162473763
PWY-7851: coenzyme A biosynthesis II (eukaryotic)|g__Parabacteroides.s__Parabacteroides_merdae	11.0880110880
PWY-7851: coenzyme A biosynthesis II (eukaryotic)|g__Roseburia.s__Roseburia_intestinalis	8.9583737106
PWY-7851: coenzyme A biosynthesis II (eukaryotic)|g__Bacteroides.s__Bacteroides_caccae	7.5607220490
PWY-7851: coenzyme A biosynthesis II (eukaryotic)|g__Bacteroides.s__Bacteroides_stercoris	7.4719800747
PWY-7851: coenzyme A biosynthesis II (eukaryotic)|g__Bacteroides.s__Bacteroides_dorei	4.7095530340
CALVIN-PWY: Calvin-Benson-Bassham cycle	1330.2876765484
CALVIN-PWY: Calvin-Benson-Bassham cycle|g__Roseburia.s__Roseburia_faecis	141.1086068353
CALVIN-PWY: Calvin-Benson-Bassham cycle|g__Faecalibacterium.s__Faecalibacterium_prausnitzii	128.6107169067
CALVIN-PWY: Calvin-Benson-Bassham cycle|unclassified	116.0210427321
CALVIN-PWY: Calvin-Benson-Bassham cycle|g__Lachnospiraceae_unclassified.s__Eubacterium_rectale	51.9812392838
CALVIN-PWY: Calvin-Benson-Bassham cycle|g__Fusicatenibacter.s__Fusicatenibacter_saccharivorans	20.9680254510
CALVIN-PWY: Calvin-Benson-Bassham cycle|g__Roseburia.s__Roseburia_intestinalis	19.5423787165
CALVIN-PWY: Calvin-Benson-Bassham cycle|g__Eubacterium.s__Eubacterium_eligens	15.9024267391
CALVIN-PWY: Calvin-Benson-Bassham cycle|g__Blautia.s__Blautia_sp	12.4406340009
CALVIN-PWY: Calvin-Benson-Bassham cycle|g__Blautia.s__Blautia_wexlerae	5.8020828598
CALVIN-PWY: Calvin-Benson-Bassham cycle|g__Blautia.s__Blautia_obeum	3.6065079690
BRANCHED-CHAIN-AA-SYN-PWY: superpathway of branched chain amino acid biosynthesis	1307.4319425019
BRANCHED-CHAIN-AA-SYN-PWY: superpathway of branched chain amino acid biosynthesis|g__Bifidobacterium.s__Bifidobacterium_adolescentis	52.2595207301
BRANCHED-CHAIN-AA-SYN-PWY: superpathway of branched chain amino acid biosynthesis|g__Gemmiger.s__Gemmiger_formicilis	51.5653826743
BRANCHED-CHAIN-AA-SYN-PWY: superpathway of branched chain amino acid biosynthesis|g__Lachnospiraceae_unclassified.s__Eubacterium_rectale	51.4778287521
BRANCHED-CHAIN-AA-SYN-PWY: superpathway of branched chain amino acid biosynthesis|g__Roseburia.s__Roseburia_intestinalis	25.4851080817
BRANCHED-CHAIN-AA-SYN-PWY: superpathway of branched chain amino acid biosynthesis|g__Parabacteroides.s__Parabacteroides_distasonis	22.4572152737
BRANCHED-CHAIN-AA-SYN-PWY: superpathway of branched chain amino acid biosynthesis|g__Blautia.s__Blautia_sp	16.6571455759
BRANCHED-CHAIN-AA-SYN-PWY: superpathway of branched chain amino acid biosynthesis|g__Eubacterium.s__Eubacterium_eligens	16.0212003229
BRANCHED-CHAIN-AA-SYN-PWY: superpathway of branched chain amino acid biosynthesis|unclassified	15.4048792608
BRANCHED-CHAIN-AA-SYN-PWY: superpathway of branched chain amino acid biosynthesis|g__Bacteroides.s__Bacteroides_ovatus	15.0658920873
BRANCHED-CHAIN-AA-SYN-PWY: superpathway of branched chain amino acid biosynthesis|g__Bacteroides.s__Bacteroides_stercoris	10.6110121803
BRANCHED-CHAIN-AA-SYN-PWY: superpathway of branched chain amino acid biosynthesis|g__Bifidobacterium.s__Bifidobacterium_bifidum	9.0425921078
BRANCHED-CHAIN-AA-SYN-PWY: superpathway of branched chain amino acid biosynthesis|g__Parabacteroides.s__Parabacteroides_merdae	7.6492092068
BRANCHED-CHAIN-AA-SYN-PWY: superpathway of branched chain amino acid biosynthesis|g__Catenibacterium.s__Catenibacterium_mitsuokai	7.2303283223
BRANCHED-CHAIN-AA-SYN-PWY: superpathway of branched chain amino acid biosynthesis|g__Bifidobacterium.s__Bifidobacterium_catenulatum	5.7132233120
BRANCHED-CHAIN-AA-SYN-PWY: superpathway of branched chain amino acid biosynthesis|g__Bacteroides.s__Bacteroides_xylanisolvens	4.8191718560
BRANCHED-CHAIN-AA-SYN-PWY: superpathway of branched chain amino acid biosynthesis|g__Blautia.s__Blautia_wexlerae	4.0068001062
BRANCHED-CHAIN-AA-SYN-PWY: superpathway of branched chain amino acid biosynthesis|g__Bacteroides.s__Bacteroides_thetaiotaomicron	3.7183680372
BRANCHED-CHAIN-AA-SYN-PWY: superpathway of branched chain amino acid biosynthesis|g__Bacteroides.s__Bacteroides_caccae	3.7074801055
BRANCHED-CHAIN-AA-SYN-PWY: superpathway of branched chain amino acid biosynthesis|g__Bifidobacterium.s__Bifidobacterium_pseudocatenulatum	1.4556939295
ILEUSYN-PWY: L-isoleucine biosynthesis I (from threonine)	1302.9287437053
ILEUSYN-PWY: L-isoleucine biosynthesis I (from threonine)|g__Lachnospiraceae_unclassified.s__Eubacterium_rectale	57.2044637155
ILEUSYN-PWY: L-isoleucine biosynthesis I (from threonine)|g__Bifidobacterium.s__Bifidobacterium_adolescentis	51.3857481596
ILEUSYN-PWY: L-isoleucine biosynthesis I (from threonine)|g__Gemmiger.s__Gemmiger_formicilis	50.8409813591
ILEUSYN-PWY: L-isoleucine biosynthesis I (from threonine)|g__Coprococcus.s__Coprococcus_eutactus	45.1904459527
ILEUSYN-PWY: L-isoleucine biosynthesis I (from threonine)|g__Roseburia.s__Roseburia_intestinalis	29.1297553332
ILEUSYN-PWY: L-isoleucine biosynthesis I (from threonine)|g__Eubacterium.s__Eubacterium_eligens	20.8600251857
ILEUSYN-PWY: L-isoleucine biosynthesis I (from threonine)|g__Parabacteroides.s__Parabacteroides_distasonis	20.4055562322
ILEUSYN-PWY: L-isoleucine biosynthesis I (from threonine)|g__Bacteroides.s__Bacteroides_xylanisolvens	15.4058131703
ILEUSYN-PWY: L-isoleucine biosynthesis I (from threonine)|g__Blautia.s__Blautia_sp	15.3824842421
ILEUSYN-PWY: L-isoleucine biosynthesis I (from threonine)|unclassified	15.2245722463
ILEUSYN-PWY: L-isoleucine biosynthesis I (from threonine)|g__Ruminococcus.s__Ruminococcus_bicirculans	13.3742256078
ILEUSYN-PWY: L-isoleucine biosynthesis I (from threonine)|g__Bifidobacterium.s__Bifidobacterium_bifidum	12.6942020639
ILEUSYN-PWY: L-isoleucine biosynthesis I (from threonine)|g__Bacteroides.s__Bacteroides_ovatus	12.2221785081
ILEUSYN-PWY: L-isoleucine biosynthesis I (from threonine)|g__Bacteroides.s__Bacteroides_stercoris	10.7726835524
ILEUSYN-PWY: L-isoleucine biosynthesis I (from threonine)|g__Parabacteroides.s__Parabacteroides_merdae	7.5310089219
ILEUSYN-PWY: L-isoleucine biosynthesis I (from threonine)|g__Catenibacterium.s__Catenibacterium_mitsuokai	6.8236096895
ILEUSYN-PWY: L-isoleucine biosynthesis I (from threonine)|g__Bifidobacterium.s__Bifidobacterium_catenulatum	5.7205217786
ILEUSYN-PWY: L-isoleucine biosynthesis I (from threonine)|g__Blautia.s__Blautia_wexlerae	3.6699576477
ILEUSYN-PWY: L-isoleucine biosynthesis I (from threonine)|g__Eubacterium.s__Eubacterium_ventriosum	3.2557292178
ILEUSYN-PWY: L-isoleucine biosynthesis I (from threonine)|g__Bacteroides.s__Bacteroides_thetaiotaomicron	3.0684258975
ILEUSYN-PWY: L-isoleucine biosynthesis I (from threonine)|g__Bacteroides.s__Bacteroides_caccae	3.0388710855
ILEUSYN-PWY: L-isoleucine biosynthesis I (from threonine)|g__Asaccharobacter.s__Asaccharobacter_celatus	2.8918449971
ILEUSYN-PWY: L-isoleucine biosynthesis I (from threonine)|g__Adlercreutzia.s__Adlercreutzia_equolifaciens	2.3417375693
ILEUSYN-PWY: L-isoleucine biosynthesis I (from threonine)|g__Blautia.s__Blautia_obeum	2.3081791328
ILEUSYN-PWY: L-isoleucine biosynthesis I (from threonine)|g__Bifidobacterium.s__Bifidobacterium_pseudocatenulatum	1.2890689415
PWY-5097: L-lysine biosynthesis VI	1302.8430438346
PWY-5097: L-lysine biosynthesis VI|g__Faecalibacterium.s__Faecalibacterium_prausnitzii	239.0971777319
PWY-5097: L-lysine biosynthesis VI|g__Bacteroides.s__Bacteroides_vulgatus	92.1049651325
PWY-5097: L-lysine biosynthesis VI|unclassified	82.2264243480
PWY-5097: L-lysine biosynthesis VI|g__Bifidobacterium.s__Bifidobacterium_adolescentis	48.3761562071
PWY-5097: L-lysine biosynthesis VI|g__Ruminococcus.s__Ruminococcus_bromii	48.1579170014
PWY-5097: L-lysine biosynthesis VI|g__Gemmiger.s__Gemmiger_formicilis	39.0048130087
PWY-5097: L-lysine biosynthesis VI|g__Parabacteroides.s__Parabacteroides_distasonis	28.1756006999
PWY-5097: L-lysine biosynthesis VI|g__Bacteroides.s__Bacteroides_ovatus	21.7193273962
PWY-5097: L-lysine biosynthesis VI|g__Roseburia.s__Roseburia_intestinalis	19.9565778408
PWY-5097: L-lysine biosynthesis VI|g__Fusicatenibacter.s__Fusicatenibacter_saccharivorans	17.0327316655
PWY-5097: L-lysine biosynthesis VI|g__Parabacteroides.s__Parabacteroides_merdae	11.5673892205
PWY-5097: L-lysine biosynthesis VI|g__Bifidobacterium.s__Bifidobacterium_bifidum	11.3938884215
PWY-5097: L-lysine biosynthesis VI|g__Eubacterium.s__Eubacterium_eligens	10.8745448181
PWY-5097: L-lysine biosynthesis VI|g__Lachnospira.s__Lachnospira_pectinoschiza	8.0293206758
PWY-5097: L-lysine biosynthesis VI|g__Catenibacterium.s__Catenibacterium_mitsuokai	7.8724268304
PWY-5097: L-lysine biosynthesis VI|g__Bifidobacterium.s__Bifidobacterium_catenulatum	7.3940570669
PWY-5097: L-lysine biosynthesis VI|g__Bacteroides.s__Bacteroides_uniformis	3.4218919372
PWY-5097: L-lysine biosynthesis VI|g__Bacteroides.s__Bacteroides_dorei	2.7933277322
PWY-5097: L-lysine biosynthesis VI|g__Bacteroides.s__Bacteroides_caccae	2.7011619153
PWY-5695: inosine 5'-phosphate degradation	1292.8349450507
PWY-5695: inosine 5'-phosphate degradation|g__Faecalibacterium.s__Faecalibacterium_prausnitzii	242.1357272540
PWY-5695: inosine 5'-phosphate degradation|g__Roseburia.s__Roseburia_faecis	119.1363965686
PWY-5695: inosine 5'-phosphate degradation|g__Bacteroides.s__Bacteroides_vulgatus	97.7785301550
PWY-5695: inosine 5'-phosphate degradation|g__Alistipes.s__Alistipes_putredinis	69.0310854631
PWY-5695: inosine 5'-phosphate degradation|g__Coprococcus.s__Coprococcus_eutactus	46.0812829386
PWY-5695: inosine 5'-phosphate degradation|unclassified	40.7281721018
PWY-5695: inosine 5'-phosphate degradation|g__Bacteroides.s__Bacteroides_ovatus	25.0736601750
PWY-5695: inosine 5'-phosphate degradation|g__Roseburia.s__Roseburia_intestinalis	23.9108646115
PWY-5695: inosine 5'-phosphate degradation|g__Parabacteroides.s__Parabacteroides_distasonis	19.7245124687
PWY-5695: inosine 5'-phosphate degradation|g__Fusicatenibacter.s__Fusicatenibacter_saccharivorans	17.2506035129
PWY-5695: inosine 5'-phosphate degradation|g__Alistipes.s__Alistipes_shahii	13.4672819889
PWY-5695: inosine 5'-phosphate degradation|g__Catenibacterium.s__Catenibacterium_mitsuokai	11.7775282546
PWY-5695: inosine 5'-phosphate degradation|g__Eubacterium.s__Eubacterium_eligens	11.1610617775
PWY-5695: inosine 5'-phosphate degradation|g__Bacteroides.s__Bacteroides_stercoris	10.7950073091
PWY-5695: inosine 5'-phosphate degradation|g__Ruminococcus.s__Ruminococcus_bicirculans	10.1684143629
PWY-5695: inosine 5'-phosphate degradation|g__Bacteroides.s__Bacteroides_dorei	4.7171115454
HISTSYN-PWY: L-histidine biosynthesis	1251.1235040844
HISTSYN-PWY: L-histidine biosynthesis|g__Faecalibacterium.s__Faecalibacterium_prausnitzii	189.1560654028
HISTSYN-PWY: L-histidine biosynthesis|unclassified	124.3841279045
HISTSYN-PWY: L-histidine biosynthesis|g__Subdoligranulum.s__Subdoligranulum_sp_APC924_74	113.9773624018
HISTSYN-PWY: L-histidine biosynthesis|g__Clostridium.s__Clostridium_sp_CAG_217	100.3705020426
HISTSYN-PWY: L-histidine biosynthesis|g__Bacteroides.s__Bacteroides_vulgatus	81.5239512024
HISTSYN-PWY: L-histidine biosynthesis|g__Faecalibacterium.s__Faecalibacterium_sp_CAG_74	59.6285469587
HISTSYN-PWY: L-histidine biosynthesis|g__Ruminococcus.s__Ruminococcus_bromii	44.5811450085
HISTSYN-PWY: L-histidine biosynthesis|g__Bifidobacterium.s__Bifidobacterium_adolescentis	27.7936111529
HISTSYN-PWY: L-histidine biosynthesis|g__Parabacteroides.s__Parabacteroides_distasonis	21.6195162180
HISTSYN-PWY: L-histidine biosynthesis|g__Roseburia.s__Roseburia_intestinalis	18.0027839671
HISTSYN-PWY: L-histidine biosynthesis|g__Eubacterium.s__Eubacterium_sp_CAG_115	11.3592555352
HISTSYN-PWY: L-histidine biosynthesis|g__Blautia.s__Blautia_sp	11.3418997455
HISTSYN-PWY: L-histidine biosynthesis|g__Alistipes.s__Alistipes_shahii	8.0892384239
HISTSYN-PWY: L-histidine biosynthesis|g__Bacteroides.s__Bacteroides_caccae	5.6269702389
HISTSYN-PWY: L-histidine biosynthesis|g__Bacteroides.s__Bacteroides_xylanisolvens	3.8395978949
HISTSYN-PWY: L-histidine biosynthesis|g__Bifidobacterium.s__Bifidobacterium_catenulatum	3.6143592678
PWY-6629: superpathway of L-tryptophan biosynthesis	1175.0671180488
PWY-6629: superpathway of L-tryptophan biosynthesis|g__Roseburia.s__Roseburia_faecis	123.3205118160
PWY-6629: superpathway of L-tryptophan biosynthesis|unclassified	47.4011251562
PWY-6629: superpathway of L-tryptophan biosynthesis|g__Lachnospiraceae_unclassified.s__Eubacterium_rectale	46.2916562849
PWY-6629: superpathway of L-tryptophan biosynthesis|g__Roseburia.s__Roseburia_intestinalis	29.1528154583
PWY-6629: superpathway of L-tryptophan biosynthesis|g__Fusicatenibacter.s__Fusicatenibacter_saccharivorans	19.6316806191
PWY-6629: superpathway of L-tryptophan biosynthesis|g__Blautia.s__Blautia_sp	14.0421291611
PWY-6123: inosine-5'-phosphate biosynthesis I	1153.6947669131
PWY-6123: inosine-5'-phosphate biosynthesis I|g__Faecalibacterium.s__Faecalibacterium_prausnitzii	282.4666370182
PWY-6123: inosine-5'-phosphate biosynthesis I|unclassified	158.3415056719
PWY-6123: inosine-5'-phosphate biosynthesis I|g__Bacteroides.s__Bacteroides_vulgatus	95.2599392049
PWY-6123: inosine-5'-phosphate biosynthesis I|g__Alistipes.s__Alistipes_putredinis	83.3321703610
PWY-6123: inosine-5'-phosphate biosynthesis I|g__Bifidobacterium.s__Bifidobacterium_adolescentis	37.5733379324
PWY-6123: inosine-5'-phosphate biosynthesis I|g__Bacteroides.s__Bacteroides_ovatus	17.3423185888
PWY-6123: inosine-5'-phosphate biosynthesis I|g__Parabacteroides.s__Parabacteroides_distasonis	14.1752577320
PWY-6123: inosine-5'-phosphate biosynthesis I|g__Parabacteroides.s__Parabacteroides_merdae	8.1987710594
PWY-6123: inosine-5'-phosphate biosynthesis I|g__Bacteroides.s__Bacteroides_stercoris	7.2614107884
PWY-6123: inosine-5'-phosphate biosynthesis I|g__Bacteroides.s__Bacteroides_dorei	7.0850108469
PWY-6123: inosine-5'-phosphate biosynthesis I|g__Bifidobacterium.s__Bifidobacterium_bifidum	6.9236095084
PWY-6123: inosine-5'-phosphate biosynthesis I|g__Bacteroides.s__Bacteroides_caccae	6.0360553616
PWY-6123: inosine-5'-phosphate biosynthesis I|g__Bifidobacterium.s__Bifidobacterium_catenulatum	5.8969990827
PWY-6123: inosine-5'-phosphate biosynthesis I|g__Bacteroides.s__Bacteroides_uniformis	4.8056969353
PWY-6123: inosine-5'-phosphate biosynthesis I|g__Alistipes.s__Alistipes_finegoldii	3.9703108974
PWY-6123: inosine-5'-phosphate biosynthesis I|g__Blautia.s__Blautia_wexlerae	3.1953743153
PWY-6123: inosine-5'-phosphate biosynthesis I|g__Catenibacterium.s__Catenibacterium_mitsuokai	2.5407579928
PWY-6123: inosine-5'-phosphate biosynthesis I|g__Bacteroides.s__Bacteroides_thetaiotaomicron	2.3313464150
PWY-6123: inosine-5'-phosphate biosynthesis I|g__Alistipes.s__Alistipes_onderdonkii	1.7010418882
PWY66-429: fatty acid biosynthesis initiation (mitochondria)	1113.5040420387
PWY66-429: fatty acid biosynthesis initiation (mitochondria)|unclassified	133.2651976491
PWY66-429: fatty acid biosynthesis initiation (mitochondria)|g__Bacteroides.s__Bacteroides_vulgatus	130.8483777811
PWY66-429: fatty acid biosynthesis initiation (mitochondria)|g__Acetobacter.s__Acetobacter_sp_CAG_267	48.1023189346
PWY66-429: fatty acid biosynthesis initiation (mitochondria)|g__Clostridium.s__Clostridium_sp_CAG_440	32.7389652148
PWY66-429: fatty acid biosynthesis initiation (mitochondria)|g__Clostridium.s__Clostridium_sp_CAG_75	22.2517924113
PWY66-429: fatty acid biosynthesis initiation (mitochondria)|g__Fusicatenibacter.s__Fusicatenibacter_saccharivorans	21.0789035058
PWY66-429: fatty acid biosynthesis initiation (mitochondria)|g__Eubacterium.s__Eubacterium_sp_CAG_115	20.8384747012
PWY66-429: fatty acid biosynthesis initiation (mitochondria)|g__Eubacterium.s__Eubacterium_eligens	17.3589164132
PWY66-429: fatty acid biosynthesis initiation (mitochondria)|g__Parabacteroides.s__Parabacteroides_distasonis	17.0006833733
PWY66-429: fatty acid biosynthesis initiation (mitochondria)|g__Blautia.s__Blautia_sp	16.7955491795
PWY66-429: fatty acid biosynthesis initiation (mitochondria)|g__Ruminococcus.s__Ruminococcus_bicirculans	10.2778405241
PWY66-429: fatty acid biosynthesis initiation (mitochondria)|g__Bacteroides.s__Bacteroides_caccae	9.6013821079
PWY66-429: fatty acid biosynthesis initiation (mitochondria)|g__Ruminococcus.s__Ruminococcus_sp_CAG_254	8.9387971731
PWY66-429: fatty acid biosynthesis initiation (mitochondria)|g__Parabacteroides.s__Parabacteroides_merdae	7.4822997444
PWY66-429: fatty acid biosynthesis initiation (mitochondria)|g__Bacteroides.s__Bacteroides_thetaiotaomicron	5.4799458137
PWY66-429: fatty acid biosynthesis initiation (mitochondria)|g__Blautia.s__Blautia_obeum	4.1861247349
PWY66-429: fatty acid biosynthesis initiation (mitochondria)|g__Bacteroides.s__Bacteroides_ovatus	3.3182735921
PWY66-429: fatty acid biosynthesis initiation (mitochondria)|g__Bacteroides.s__Bacteroides_uniformis	3.2230890378
PWY66-429: fatty acid biosynthesis initiation (mitochondria)|g__Bacteroides.s__Bacteroides_xylanisolvens	2.2321130711
PWY-5103: L-isoleucine biosynthesis III	1098.1485156248
PWY-5103: L-isoleucine biosynthesis III|g__Lachnospiraceae_unclassified.s__Eubacterium_rectale	53.0459253847
PWY-5103: L-isoleucine biosynthesis III|g__Bifidobacterium.s__Bifidobacterium_adolescentis	47.8188185505
PWY-5103: L-isoleucine biosynthesis III|g__Gemmiger.s__Gemmiger_formicilis	46.1328791994
PWY-5103: L-isoleucine biosynthesis III|g__Coprococcus.s__Coprococcus_eutactus	43.4556868598
PWY-5103: L-isoleucine biosynthesis III|g__Roseburia.s__Roseburia_intestinalis	25.5732714665
PWY-5103: L-isoleucine biosynthesis III|g__Eubacterium.s__Eubacterium_eligens	19.1551028962
PWY-5103: L-isoleucine biosynthesis III|g__Parabacteroides.s__Parabacteroides_distasonis	19.0151579587
PWY-5103: L-isoleucine biosynthesis III|g__Blautia.s__Blautia_sp	14.0172759239
PWY-5103: L-isoleucine biosynthesis III|g__Bacteroides.s__Bacteroides_xylanisolvens	12.8228812844
PWY-5103: L-isoleucine biosynthesis III|g__Ruminococcus.s__Ruminococcus_bicirculans	12.7817501314
PWY-5103: L-isoleucine biosynthesis III|g__Bacteroides.s__Bacteroides_ovatus	11.4344808256
PWY-5103: L-isoleucine biosynthesis III|g__Bifidobacterium.s__Bifidobacterium_bifidum	10.9933897308
PWY-5103: L-isoleucine biosynthesis III|g__Bacteroides.s__Bacteroides_stercoris	10.0888782128
PWY-5103: L-isoleucine biosynthesis III|unclassified	9.8719990019
PWY-5103: L-isoleucine biosynthesis III|g__Parabacteroides.s__Parabacteroides_merdae	6.0891154182
PWY-5103: L-isoleucine biosynthesis III|g__Catenibacterium.s__Catenibacterium_mitsuokai	6.0801890070
PWY-5103: L-isoleucine biosynthesis III|g__Bifidobacterium.s__Bifidobacterium_catenulatum	4.8769215460
PWY-5103: L-isoleucine biosynthesis III|g__Blautia.s__Blautia_wexlerae	3.2723994362
PWY-5103: L-isoleucine biosynthesis III|g__Bacteroides.s__Bacteroides_thetaiotaomicron	2.6959991373
PWY-5103: L-isoleucine biosynthesis III|g__Asaccharobacter.s__Asaccharobacter_celatus	2.6011861409
PWY-5103: L-isoleucine biosynthesis III|g__Eubacterium.s__Eubacterium_ventriosum	2.3589318597
PWY-5103: L-isoleucine biosynthesis III|g__Bacteroides.s__Bacteroides_caccae	2.2621585930
PWY-5103: L-isoleucine biosynthesis III|g__Adlercreutzia.s__Adlercreutzia_equolifaciens	1.9576111923
PWY-5103: L-isoleucine biosynthesis III|g__Blautia.s__Blautia_obeum	1.5351702512
PWY-5103: L-isoleucine biosynthesis III|g__Bifidobacterium.s__Bifidobacterium_pseudocatenulatum	1.0388499123
PWY-6124: inosine-5'-phosphate biosynthesis II	1087.7735848651
PWY-6124: inosine-5'-phosphate biosynthesis II|g__Faecalibacterium.s__Faecalibacterium_prausnitzii	278.3798078890
PWY-6124: inosine-5'-phosphate biosynthesis II|unclassified	144.9977720857
PWY-6124: inosine-5'-phosphate biosynthesis II|g__Bacteroides.s__Bacteroides_vulgatus	93.0149765316
PWY-6124: inosine-5'-phosphate biosynthesis II|g__Alistipes.s__Alistipes_putredinis	81.1038474082
PWY-6124: inosine-5'-phosphate biosynthesis II|g__Coprococcus.s__Coprococcus_eutactus	34.1037277998
PWY-6124: inosine-5'-phosphate biosynthesis II|g__Bifidobacterium.s__Bifidobacterium_adolescentis	31.3574631039
PWY-6124: inosine-5'-phosphate biosynthesis II|g__Blautia.s__Blautia_sp	15.7218163322
PWY-6124: inosine-5'-phosphate biosynthesis II|g__Bacteroides.s__Bacteroides_ovatus	15.5291801131
PWY-6124: inosine-5'-phosphate biosynthesis II|g__Parabacteroides.s__Parabacteroides_distasonis	14.2096832532
PWY-6124: inosine-5'-phosphate biosynthesis II|g__Bacteroides.s__Bacteroides_stercoris	7.8457744900
PWY-6124: inosine-5'-phosphate biosynthesis II|g__Parabacteroides.s__Parabacteroides_merdae	7.7812897929
PWY-6124: inosine-5'-phosphate biosynthesis II|g__Bacteroides.s__Bacteroides_dorei	6.8789201888
PWY-6124: inosine-5'-phosphate biosynthesis II|g__Bacteroides.s__Bacteroides_uniformis	6.8679603407
PWY-6124: inosine-5'-phosphate biosynthesis II|g__Bacteroides.s__Bacteroides_xylanisolvens	6.5081272864
PWY-6124: inosine-5'-phosphate biosynthesis II|g__Blautia.s__Blautia_wexlerae	5.7622653935
PWY-6124: inosine-5'-phosphate biosynthesis II|g__Bacteroides.s__Bacteroides_caccae	5.3531662107
PWY-6124: inosine-5'-phosphate biosynthesis II|g__Bifidobacterium.s__Bifidobacterium_catenulatum	4.2007393301
PWY-6124: inosine-5'-phosphate biosynthesis II|g__Alistipes.s__Alistipes_finegoldii	3.9078782826
PWY-6124: inosine-5'-phosphate biosynthesis II|g__Bacteroides.s__Bacteroides_thetaiotaomicron	2.2648824378
PWY-6124: inosine-5'-phosphate biosynthesis II|g__Catenibacterium.s__Catenibacterium_mitsuokai	2.2306491189
PWY-7357: thiamine phosphate formation from pyrithiamine and oxythiamine (yeast)	1086.4426728997
PWY-7357: thiamine phosphate formation from pyrithiamine and oxythiamine (yeast)|g__Faecalibacterium.s__Faecalibacterium_prausnitzii	338.6405987106
PWY-7357: thiamine phosphate formation from pyrithiamine and oxythiamine (yeast)|g__Roseburia.s__Roseburia_faecis	192.6180849821
PWY-7357: thiamine phosphate formation from pyrithiamine and oxythiamine (yeast)|g__Lachnospiraceae_unclassified.s__Eubacterium_rectale	73.3534156186
PWY-7357: thiamine phosphate formation from pyrithiamine and oxythiamine (yeast)|unclassified	42.3351875781
PWY-7357: thiamine phosphate formation from pyrithiamine and oxythiamine (yeast)|g__Bifidobacterium.s__Bifidobacterium_adolescentis	29.7397769517
PWY-7357: thiamine phosphate formation from pyrithiamine and oxythiamine (yeast)|g__Roseburia.s__Roseburia_intestinalis	24.8385929836
PWY-7357: thiamine phosphate formation from pyrithiamine and oxythiamine (yeast)|g__Bacteroides.s__Bacteroides_ovatus	22.7088402271
PWY-7357: thiamine phosphate formation from pyrithiamine and oxythiamine (yeast)|g__Fusicatenibacter.s__Fusicatenibacter_saccharivorans	16.0728636485
PWY-7357: thiamine phosphate formation from pyrithiamine and oxythiamine (yeast)|g__Bifidobacterium.s__Bifidobacterium_bifidum	9.9142528891
PWY-7357: thiamine phosphate formation from pyrithiamine and oxythiamine (yeast)|g__Catenibacterium.s__Catenibacterium_mitsuokai	8.8675411047
PWY-7357: thiamine phosphate formation from pyrithiamine and oxythiamine (yeast)|g__Blautia.s__Blautia_obeum	8.3682534152
PWY-7357: thiamine phosphate formation from pyrithiamine and oxythiamine (yeast)|g__Bacteroides.s__Bacteroides_uniformis	6.2460961899
PWY-8178: pentose phosphate pathway (non-oxidative branch) II	1085.8715415667
PWY-8178: pentose phosphate pathway (non-oxidative branch) II|g__Roseburia.s__Roseburia_faecis	194.6878156496
PWY-8178: pentose phosphate pathway (non-oxidative branch) II|unclassified	97.6654296430
PWY-8178: pentose phosphate pathway (non-oxidative branch) II|g__Faecalibacterium.s__Faecalibacterium_prausnitzii	75.4653747517
PWY-8178: pentose phosphate pathway (non-oxidative branch) II|g__Lachnospiraceae_unclassified.s__Eubacterium_rectale	57.6991586778
PWY-8178: pentose phosphate pathway (non-oxidative branch) II|g__Coprococcus.s__Coprococcus_eutactus	47.1987184238
PWY-8178: pentose phosphate pathway (non-oxidative branch) II|g__Roseburia.s__Roseburia_intestinalis	30.5865732199
PWY-8178: pentose phosphate pathway (non-oxidative branch) II|g__Fusicatenibacter.s__Fusicatenibacter_saccharivorans	25.1837977924
PWY-8178: pentose phosphate pathway (non-oxidative branch) II|g__Parabacteroides.s__Parabacteroides_distasonis	20.2313833964
PWY-8178: pentose phosphate pathway (non-oxidative branch) II|g__Eubacterium.s__Eubacterium_eligens	15.4834642020
PWY-8178: pentose phosphate pathway (non-oxidative branch) II|g__Blautia.s__Blautia_sp	13.9908337883
PWY-8178: pentose phosphate pathway (non-oxidative branch) II|g__Lachnospira.s__Lachnospira_pectinoschiza	8.4589621441
PWY-8178: pentose phosphate pathway (non-oxidative branch) II|g__Blautia.s__Blautia_obeum	4.5320626817
RIBOSYN2-PWY: flavin biosynthesis I (bacteria and plants)	1078.2071898569
RIBOSYN2-PWY: flavin biosynthesis I (bacteria and plants)|g__Faecalibacterium.s__Faecalibacterium_prausnitzii	277.5647784134
RIBOSYN2-PWY: flavin biosynthesis I (bacteria and plants)|g__Roseburia.s__Roseburia_faecis	146.9011621798
RIBOSYN2-PWY: flavin biosynthesis I (bacteria and plants)|g__Bacteroides.s__Bacteroides_vulgatus	110.1148361691
RIBOSYN2-PWY: flavin biosynthesis I (bacteria and plants)|g__Lachnospiraceae_unclassified.s__Eubacterium_rectale	53.9985021017
RIBOSYN2-PWY: flavin biosynthesis I (bacteria and plants)|unclassified	48.9160786390
RIBOSYN2-PWY: flavin biosynthesis I (bacteria and plants)|g__Coprococcus.s__Coprococcus_eutactus	27.3068901753
RIBOSYN2-PWY: flavin biosynthesis I (bacteria and plants)|g__Parabacteroides.s__Parabacteroides_distasonis	23.1905532475
RIBOSYN2-PWY: flavin biosynthesis I (bacteria and plants)|g__Eubacterium.s__Eubacterium_eligens	10.3182536356
RIBOSYN2-PWY: flavin biosynthesis I (bacteria and plants)|g__Bacteroides.s__Bacteroides_caccae	5.7872044909
RIBOSYN2-PWY: flavin biosynthesis I (bacteria and plants)|g__Blautia.s__Blautia_obeum	3.3901285477
PWY-7977: L-methionine biosynthesis IV	1052.7788443363
PWY-7977: L-methionine biosynthesis IV|g__Faecalibacterium.s__Faecalibacterium_prausnitzii	182.1280434001
PWY-7977: L-methionine biosynthesis IV|unclassified	129.4719783259
PWY-7977: L-methionine biosynthesis IV|g__Bacteroides.s__Bacteroides_vulgatus	89.8358922964
PWY-7977: L-methionine biosynthesis IV|g__Alistipes.s__Alistipes_putredinis	76.0383135269
PWY-7977: L-methionine biosynthesis IV|g__Coprococcus.s__Coprococcus_eutactus	31.8091062070
PWY-7977: L-methionine biosynthesis IV|g__Bacteroides.s__Bacteroides_ovatus	28.9738160585
PWY-7977: L-methionine biosynthesis IV|g__Fusicatenibacter.s__Fusicatenibacter_saccharivorans	17.3474640041
PWY-7977: L-methionine biosynthesis IV|g__Parabacteroides.s__Parabacteroides_distasonis	13.5952111597
PWY-7977: L-methionine biosynthesis IV|g__Parabacteroides.s__Parabacteroides_merdae	12.3938610610
PWY-7977: L-methionine biosynthesis IV|g__Bacteroides.s__Bacteroides_dorei	12.0356894349
PWY-7977: L-methionine biosynthesis IV|g__Alistipes.s__Alistipes_shahii	11.1760736499
PWY-7977: L-methionine biosynthesis IV|g__Bacteroides.s__Bacteroides_stercoris	9.9275034498
PWY-7977: L-methionine biosynthesis IV|g__Bacteroides.s__Bacteroides_uniformis	8.8773438584
PWY-7977: L-methionine biosynthesis IV|g__Eubacterium.s__Eubacterium_eligens	8.0489920105
PWY-7977: L-methionine biosynthesis IV|g__Odoribacter.s__Odoribacter_splanchnicus	6.6947720579
PWY-7977: L-methionine biosynthesis IV|g__Catenibacterium.s__Catenibacterium_mitsuokai	3.3605444843
PWY-7977: L-methionine biosynthesis IV|g__Alistipes.s__Alistipes_onderdonkii	3.3550010484
PWY-7977: L-methionine biosynthesis IV|g__Bacteroides.s__Bacteroides_caccae	3.3158013529
PWY-7977: L-methionine biosynthesis IV|g__Alistipes.s__Alistipes_finegoldii	1.4968659369
PWY-7977: L-methionine biosynthesis IV|g__Bacteroides.s__Bacteroides_thetaiotaomicron	1.4284353871
PWY-7199: pyrimidine deoxyribonucleosides salvage	1035.1949132995
PWY-7199: pyrimidine deoxyribonucleosides salvage|unclassified	76.1701465089
PWY-7199: pyrimidine deoxyribonucleosides salvage|g__Bacteroides.s__Bacteroides_vulgatus	51.2405419673
PWY-7199: pyrimidine deoxyribonucleosides salvage|g__Firmicutes_unclassified.s__Firmicutes_bacterium_CAG_176	29.1882031012
PWY-7199: pyrimidine deoxyribonucleosides salvage|g__Parabacteroides.s__Parabacteroides_distasonis	23.6383334975
PWY-7199: pyrimidine deoxyribonucleosides salvage|g__Firmicutes_unclassified.s__Firmicutes_bacterium_CAG_129	20.3354479882
PWY-7199: pyrimidine deoxyribonucleosides salvage|g__Blautia.s__Blautia_sp	20.3127518942
PWY-7199: pyrimidine deoxyribonucleosides salvage|g__Bacteroides.s__Bacteroides_xylanisolvens	13.6402387042
PWY-7199: pyrimidine deoxyribonucleosides salvage|g__Bacteroides.s__Bacteroides_stercoris	13.2197414806
PWY-7199: pyrimidine deoxyribonucleosides salvage|g__Clostridium.s__Clostridium_sp_CAG_302	10.2534890345
PWY-7199: pyrimidine deoxyribonucleosides salvage|g__Oscillibacter.s__Oscillibacter_sp_57_20	9.8686707660
PWY-7199: pyrimidine deoxyribonucleosides salvage|g__Bacteroides.s__Bacteroides_uniformis	4.7675804529
PWY-7199: pyrimidine deoxyribonucleosides salvage|g__Bacteroides.s__Bacteroides_ovatus	4.7109983693
PWY-7199: pyrimidine deoxyribonucleosides salvage|g__Bacteroides.s__Bacteroides_thetaiotaomicron	4.0774719674
PWY-7199: pyrimidine deoxyribonucleosides salvage|g__Bacteroides.s__Bacteroides_caccae	3.8443056223
PANTOSYN-PWY: superpathway of coenzyme A biosynthesis I (bacteria)	1019.6840043969
PANTOSYN-PWY: superpathway of coenzyme A biosynthesis I (bacteria)|g__Roseburia.s__Roseburia_faecis	154.1306956866
PANTOSYN-PWY: superpathway of coenzyme A biosynthesis I (bacteria)|unclassified	102.0897044664
PANTOSYN-PWY: superpathway of coenzyme A biosynthesis I (bacteria)|g__Bacteroides.s__Bacteroides_vulgatus	86.5965865191
PANTOSYN-PWY: superpathway of coenzyme A biosynthesis I (bacteria)|g__Alistipes.s__Alistipes_putredinis	75.5437581647
PANTOSYN-PWY: superpathway of coenzyme A biosynthesis I (bacteria)|g__Lachnospiraceae_unclassified.s__Eubacterium_rectale	34.3506688253
PANTOSYN-PWY: superpathway of coenzyme A biosynthesis I (bacteria)|g__Roseburia.s__Roseburia_intestinalis	15.2924018329
PANTOSYN-PWY: superpathway of coenzyme A biosynthesis I (bacteria)|g__Parabacteroides.s__Parabacteroides_distasonis	14.5078252035
PANTOSYN-PWY: superpathway of coenzyme A biosynthesis I (bacteria)|g__Parabacteroides.s__Parabacteroides_merdae	11.0080521863
PANTOSYN-PWY: superpathway of coenzyme A biosynthesis I (bacteria)|g__Bacteroides.s__Bacteroides_stercoris	9.7617191472
PANTOSYN-PWY: superpathway of coenzyme A biosynthesis I (bacteria)|g__Bacteroides.s__Bacteroides_caccae	6.8344913999
PANTOSYN-PWY: superpathway of coenzyme A biosynthesis I (bacteria)|g__Bacteroides.s__Bacteroides_dorei	4.2506107923
PWY-6317: D-galactose degradation I (Leloir pathway)	1018.8801785012
PWY-6317: D-galactose degradation I (Leloir pathway)|g__Faecalibacterium.s__Faecalibacterium_prausnitzii	208.1260397510
PWY-6317: D-galactose degradation I (Leloir pathway)|g__Roseburia.s__Roseburia_faecis	144.9820137761
PWY-6317: D-galactose degradation I (Leloir pathway)|unclassified	90.9220436518
PWY-6317: D-galactose degradation I (Leloir pathway)|g__Coprococcus.s__Coprococcus_eutactus	43.0585429898
PWY-6317: D-galactose degradation I (Leloir pathway)|g__Roseburia.s__Roseburia_intestinalis	25.5301688928
PWY-6317: D-galactose degradation I (Leloir pathway)|g__Fusicatenibacter.s__Fusicatenibacter_saccharivorans	16.5336599013
PWY-6317: D-galactose degradation I (Leloir pathway)|g__Blautia.s__Blautia_sp	14.3006396480
PWY-6317: D-galactose degradation I (Leloir pathway)|g__Eubacterium.s__Eubacterium_eligens	14.1919582732
PWY-6317: D-galactose degradation I (Leloir pathway)|g__Lachnospira.s__Lachnospira_pectinoschiza	6.8043371025
PWY-6317: D-galactose degradation I (Leloir pathway)|g__Blautia.s__Blautia_obeum	3.6917397323
PWY-6317: D-galactose degradation I (Leloir pathway)|g__Blautia.s__Blautia_wexlerae	3.0944782903
PWY-7111: pyruvate fermentation to isobutanol (engineered)	1007.0721572895
PWY-7111: pyruvate fermentation to isobutanol (engineered)|g__Roseburia.s__Roseburia_faecis	148.5276964155
PWY-7111: pyruvate fermentation to isobutanol (engineered)|g__Faecalibacterium.s__Faecalibacterium_prausnitzii	109.1394553152
PWY-7111: pyruvate fermentation to isobutanol (engineered)|unclassified	71.0083556095
PWY-7111: pyruvate fermentation to isobutanol (engineered)|g__Coprococcus.s__Coprococcus_eutactus	45.6446158860
PWY-7111: pyruvate fermentation to isobutanol (engineered)|g__Bifidobacterium.s__Bifidobacterium_adolescentis	35.9366513417
PWY-7111: pyruvate fermentation to isobutanol (engineered)|g__Roseburia.s__Roseburia_intestinalis	28.3396100690
PWY-7111: pyruvate fermentation to isobutanol (engineered)|g__Eubacterium.s__Eubacterium_eligens	17.1437162924
PWY-7111: pyruvate fermentation to isobutanol (engineered)|g__Bifidobacterium.s__Bifidobacterium_bifidum	13.3669515498
PWY-7111: pyruvate fermentation to isobutanol (engineered)|g__Bifidobacterium.s__Bifidobacterium_catenulatum	6.8439688205
PWY-7111: pyruvate fermentation to isobutanol (engineered)|g__Anaerostipes.s__Anaerostipes_hadrus	5.8492124652
PWY-7111: pyruvate fermentation to isobutanol (engineered)|g__Lachnospiraceae_unclassified.s__Eubacterium_rectale	4.4617739922
PWY-7111: pyruvate fermentation to isobutanol (engineered)|g__Blautia.s__Blautia_wexlerae	4.4526339897
PWY-7111: pyruvate fermentation to isobutanol (engineered)|g__Eubacterium.s__Eubacterium_ventriosum	2.3946844100
PWY-7111: pyruvate fermentation to isobutanol (engineered)|g__Bifidobacterium.s__Bifidobacterium_pseudocatenulatum	1.0695153314
PWY-7111: pyruvate fermentation to isobutanol (engineered)|g__Roseburia.s__Roseburia_hominis	0.9684292078
1CMET2-PWY: folate transformations III (E. coli)	975.1156438402
1CMET2-PWY: folate transformations III (E. coli)|g__Roseburia.s__Roseburia_faecis	132.6511626147
1CMET2-PWY: folate transformations III (E. coli)|g__Bacteroides.s__Bacteroides_vulgatus	106.0119483691
1CMET2-PWY: folate transformations III (E. coli)|g__Alistipes.s__Alistipes_putredinis	76.5860715449
1CMET2-PWY: folate transformations III (E. coli)|unclassified	74.9469693417
1CMET2-PWY: folate transformations III (E. coli)|g__Parabacteroides.s__Parabacteroides_distasonis	14.8039466719
1CMET2-PWY: folate transformations III (E. coli)|g__Bacteroides.s__Bacteroides_stercoris	7.0519005587
1CMET2-PWY: folate transformations III (E. coli)|g__Bacteroides.s__Bacteroides_caccae	3.7942032053
HSERMETANA-PWY: L-methionine biosynthesis III	972.2405455033
HSERMETANA-PWY: L-methionine biosynthesis III|unclassified	155.4689500297
HSERMETANA-PWY: L-methionine biosynthesis III|g__Roseburia.s__Roseburia_faecis	151.0122932071
HSERMETANA-PWY: L-methionine biosynthesis III|g__Coprococcus.s__Coprococcus_eutactus	50.2499100791
HSERMETANA-PWY: L-methionine biosynthesis III|g__Faecalibacterium.s__Faecalibacterium_prausnitzii	32.5811592991
HSERMETANA-PWY: L-methionine biosynthesis III|g__Roseburia.s__Roseburia_intestinalis	21.1535176146
HSERMETANA-PWY: L-methionine biosynthesis III|g__Bifidobacterium.s__Bifidobacterium_adolescentis	20.3432697683
HSERMETANA-PWY: L-methionine biosynthesis III|g__Ruminococcus.s__Ruminococcus_bicirculans	16.1535436332
HSERMETANA-PWY: L-methionine biosynthesis III|g__Parabacteroides.s__Parabacteroides_distasonis	14.9038461538
HSERMETANA-PWY: L-methionine biosynthesis III|g__Eubacterium.s__Eubacterium_eligens	13.4397022589
HSERMETANA-PWY: L-methionine biosynthesis III|g__Blautia.s__Blautia_sp	11.6300273445
HSERMETANA-PWY: L-methionine biosynthesis III|g__Fusicatenibacter.s__Fusicatenibacter_saccharivorans	10.4366234674
HSERMETANA-PWY: L-methionine biosynthesis III|g__Bifidobacterium.s__Bifidobacterium_bifidum	6.4245295544
HSERMETANA-PWY: L-methionine biosynthesis III|g__Blautia.s__Blautia_wexlerae	5.2120350628
HSERMETANA-PWY: L-methionine biosynthesis III|g__Blautia.s__Blautia_obeum	2.0671834625
PWY-724: superpathway of L-lysine, L-threonine and L-methionine biosynthesis II	943.2119530682
PWY-724: superpathway of L-lysine, L-threonine and L-methionine biosynthesis II|g__Faecalibacterium.s__Faecalibacterium_prausnitzii	127.4897400149
PWY-724: superpathway of L-lysine, L-threonine and L-methionine biosynthesis II|unclassified	84.9314357544
PWY-724: superpathway of L-lysine, L-threonine and L-methionine biosynthesis II|g__Bifidobacterium.s__Bifidobacterium_adolescentis	44.5622712027
PWY-724: superpathway of L-lysine, L-threonine and L-methionine biosynthesis II|g__Fusicatenibacter.s__Fusicatenibacter_saccharivorans	15.2208081923
PWY-724: superpathway of L-lysine, L-threonine and L-methionine biosynthesis II|g__Roseburia.s__Roseburia_intestinalis	13.3408136459
PWY-724: superpathway of L-lysine, L-threonine and L-methionine biosynthesis II|g__Bifidobacterium.s__Bifidobacterium_bifidum	10.1421942213
PWY-724: superpathway of L-lysine, L-threonine and L-methionine biosynthesis II|g__Bifidobacterium.s__Bifidobacterium_catenulatum	6.7064302323
PWY-6527: stachyose degradation	917.1675812009
PWY-6527: stachyose degradation|g__Roseburia.s__Roseburia_faecis	186.9789686889
PWY-6527: stachyose degradation|g__Coprococcus.s__Coprococcus_eutactus	62.8587427474
PWY-6527: stachyose degradation|g__Faecalibacterium.s__Faecalibacterium_prausnitzii	60.5203084817
PWY-6527: stachyose degradation|g__Firmicutes_unclassified.s__Firmicutes_bacterium_CAG_65_45_313	45.4332205733
PWY-6527: stachyose degradation|g__Lachnospiraceae_unclassified.s__Eubacterium_rectale	41.9493773145
PWY-6527: stachyose degradation|g__Roseburia.s__Roseburia_intestinalis	26.6703019242
PWY-6527: stachyose degradation|g__Fusicatenibacter.s__Fusicatenibacter_saccharivorans	20.6682885906
PWY-6527: stachyose degradation|g__Clostridium.s__Clostridium_sp_CAG_75	14.9501661130
PWY-6527: stachyose degradation|unclassified	14.4550325140
PWY-6527: stachyose degradation|g__Blautia.s__Blautia_obeum	7.5651128508
OANTIGEN-PWY: O-antigen building blocks biosynthesis (E. coli)	911.6578228201
OANTIGEN-PWY: O-antigen building blocks biosynthesis (E. coli)|unclassified	69.5950936068
PWY-3001: superpathway of L-isoleucine biosynthesis I	907.1756469047
PWY-3001: superpathway of L-isoleucine biosynthesis I|unclassified	29.8901217124
PWY-3001: superpathway of L-isoleucine biosynthesis I|g__Bifidobacterium.s__Bifidobacterium_bifidum	12.0261032417
NONOXIPENT-PWY: pentose phosphate pathway (non-oxidative branch) I	886.1739244467
NONOXIPENT-PWY: pentose phosphate pathway (non-oxidative branch) I|g__Roseburia.s__Roseburia_faecis	209.3025824857
NONOXIPENT-PWY: pentose phosphate pathway (non-oxidative branch) I|unclassified	76.9426362414
NONOXIPENT-PWY: pentose phosphate pathway (non-oxidative branch) I|g__Lachnospiraceae_unclassified.s__Eubacterium_rectale	67.7471858958
NONOXIPENT-PWY: pentose phosphate pathway (non-oxidative branch) I|g__Faecalibacterium.s__Faecalibacterium_prausnitzii	45.1108916039
NONOXIPENT-PWY: pentose phosphate pathway (non-oxidative branch) I|g__Coprococcus.s__Coprococcus_eutactus	44.1484229072
NONOXIPENT-PWY: pentose phosphate pathway (non-oxidative branch) I|g__Fusicatenibacter.s__Fusicatenibacter_saccharivorans	28.8724550800
NONOXIPENT-PWY: pentose phosphate pathway (non-oxidative branch) I|g__Parabacteroides.s__Parabacteroides_distasonis	26.3901403363
NONOXIPENT-PWY: pentose phosphate pathway (non-oxidative branch) I|g__Roseburia.s__Roseburia_intestinalis	21.8897918219
NONOXIPENT-PWY: pentose phosphate pathway (non-oxidative branch) I|g__Blautia.s__Blautia_sp	14.3506338197
NONOXIPENT-PWY: pentose phosphate pathway (non-oxidative branch) I|g__Eubacterium.s__Eubacterium_eligens	12.6979475721
NONOXIPENT-PWY: pentose phosphate pathway (non-oxidative branch) I|g__Lachnospira.s__Lachnospira_pectinoschiza	7.7796720531
NONOXIPENT-PWY: pentose phosphate pathway (non-oxidative branch) I|g__Eubacterium.s__Eubacterium_hallii	5.0812752541
NONOXIPENT-PWY: pentose phosphate pathway (non-oxidative branch) I|g__Blautia.s__Blautia_obeum	4.0040040040
TRPSYN-PWY: L-tryptophan biosynthesis	883.1471598860
TRPSYN-PWY: L-tryptophan biosynthesis|g__Roseburia.s__Roseburia_faecis	108.0165450555
TRPSYN-PWY: L-tryptophan biosynthesis|g__Bacteroides.s__Bacteroides_vulgatus	104.1391346534
TRPSYN-PWY: L-tryptophan biosynthesis|g__Coprococcus.s__Coprococcus_eutactus	60.6575000911
TRPSYN-PWY: L-tryptophan biosynthesis|g__Ruminococcus.s__Ruminococcus_bromii	56.0368756184
TRPSYN-PWY: L-tryptophan biosynthesis|g__Lachnospiraceae_unclassified.s__Eubacterium_rectale	49.5433317301
TRPSYN-PWY: L-tryptophan biosynthesis|g__Firmicutes_unclassified.s__Firmicutes_bacterium_CAG_65_45_313	41.8324602879
TRPSYN-PWY: L-tryptophan biosynthesis|g__Roseburia.s__Roseburia_intestinalis	32.9037023567
TRPSYN-PWY: L-tryptophan biosynthesis|unclassified	28.4129974120
TRPSYN-PWY: L-tryptophan biosynthesis|g__Fusicatenibacter.s__Fusicatenibacter_saccharivorans	19.7604837325
TRPSYN-PWY: L-tryptophan biosynthesis|g__Clostridium.s__Clostridium_sp_CAG_75	19.1323080827
TRPSYN-PWY: L-tryptophan biosynthesis|g__Eubacterium.s__Eubacterium_sp_CAG_115	19.1098791238
TRPSYN-PWY: L-tryptophan biosynthesis|g__Blautia.s__Blautia_sp	15.4955643780
TRPSYN-PWY: L-tryptophan biosynthesis|g__Eubacterium.s__Eubacterium_eligens	13.5892047241
TRPSYN-PWY: L-tryptophan biosynthesis|g__Ruminococcus.s__Ruminococcus_bicirculans	9.0633824215
PANTO-PWY: phosphopantothenate biosynthesis I	880.6727184458
PANTO-PWY: phosphopantothenate biosynthesis I|g__Roseburia.s__Roseburia_faecis	152.4642898997
PANTO-PWY: phosphopantothenate biosynthesis I|unclassified	104.0199541471
PANTO-PWY: phosphopantothenate biosynthesis I|g__Bacteroides.s__Bacteroides_vulgatus	87.8153809894
PANTO-PWY: phosphopantothenate biosynthesis I|g__Alistipes.s__Alistipes_putredinis	64.5537978773
PANTO-PWY: phosphopantothenate biosynthesis I|g__Lachnospiraceae_unclassified.s__Eubacterium_rectale	45.0913752225
PANTO-PWY: phosphopantothenate biosynthesis I|g__Roseburia.s__Roseburia_intestinalis	35.4819633353
PANTO-PWY: phosphopantothenate biosynthesis I|g__Parabacteroides.s__Parabacteroides_distasonis	22.1806941206
PANTO-PWY: phosphopantothenate biosynthesis I|g__Bacteroides.s__Bacteroides_ovatus	21.0144235362
PANTO-PWY: phosphopantothenate biosynthesis I|g__Parabacteroides.s__Parabacteroides_merdae	12.0937263794
PANTO-PWY: phosphopantothenate biosynthesis I|g__Bacteroides.s__Bacteroides_stercoris	11.6501319742
PANTO-PWY: phosphopantothenate biosynthesis I|g__Catenibacterium.s__Catenibacterium_mitsuokai	9.1587322788
PANTO-PWY: phosphopantothenate biosynthesis I|g__Bacteroides.s__Bacteroides_xylanisolvens	7.5806800953
PANTO-PWY: phosphopantothenate biosynthesis I|g__Bacteroides.s__Bacteroides_caccae	6.9156293223
PANTO-PWY: phosphopantothenate biosynthesis I|g__Anaerostipes.s__Anaerostipes_hadrus	5.6942818449
PANTO-PWY: phosphopantothenate biosynthesis I|g__Bacteroides.s__Bacteroides_thetaiotaomicron	5.4850874186
PANTO-PWY: phosphopantothenate biosynthesis I|g__Bacteroides.s__Bacteroides_dorei	3.9935892383
PANTO-PWY: phosphopantothenate biosynthesis I|g__Bacteroides.s__Bacteroides_uniformis	3.9496420637
PWY-6823: molybdopterin biosynthesis	838.4048792639
PWY-6823: molybdopterin biosynthesis|g__Faecalibacterium.s__Faecalibacterium_prausnitzii	347.0939630478
PWY-6823: molybdopterin biosynthesis|g__Roseburia.s__Roseburia_faecis	159.1160845950
PWY-6823: molybdopterin biosynthesis|unclassified	76.1583899946
PWY-6823: molybdopterin biosynthesis|g__Lachnospiraceae_unclassified.s__Eubacterium_rectale	55.5563535235
PWY-6823: molybdopterin biosynthesis|g__Firmicutes_unclassified.s__Firmicutes_bacterium_CAG_65_45_313	42.4978639623
PWY-6823: molybdopterin biosynthesis|g__Roseburia.s__Roseburia_intestinalis	30.0258339155
PWY-6823: molybdopterin biosynthesis|g__Fusicatenibacter.s__Fusicatenibacter_saccharivorans	23.7678615866
PWY-6823: molybdopterin biosynthesis|g__Blautia.s__Blautia_sp	20.4885736801
PWY-6823: molybdopterin biosynthesis|g__Oscillibacter.s__Oscillibacter_sp_57_20	10.9965635739
THISYNARA-PWY: superpathway of thiamine diphosphate biosynthesis III (eukaryotes)	834.7270157632
THISYNARA-PWY: superpathway of thiamine diphosphate biosynthesis III (eukaryotes)|g__Faecalibacterium.s__Faecalibacterium_prausnitzii	226.6129009647
THISYNARA-PWY: superpathway of thiamine diphosphate biosynthesis III (eukaryotes)|g__Roseburia.s__Roseburia_faecis	172.5061772091
THISYNARA-PWY: superpathway of thiamine diphosphate biosynthesis III (eukaryotes)|g__Lachnospiraceae_unclassified.s__Eubacterium_rectale	58.2767162402
THISYNARA-PWY: superpathway of thiamine diphosphate biosynthesis III (eukaryotes)|g__Roseburia.s__Roseburia_intestinalis	24.9723683819
THISYNARA-PWY: superpathway of thiamine diphosphate biosynthesis III (eukaryotes)|g__Bifidobacterium.s__Bifidobacterium_bifidum	12.3821368966
THISYNARA-PWY: superpathway of thiamine diphosphate biosynthesis III (eukaryotes)|g__Bacteroides.s__Bacteroides_uniformis	6.0513227813
THISYNARA-PWY: superpathway of thiamine diphosphate biosynthesis III (eukaryotes)|g__Catenibacterium.s__Catenibacterium_mitsuokai	2.5369978858
PWY-6897: thiamine diphosphate salvage II	829.5247235331
PWY-6897: thiamine diphosphate salvage II|g__Faecalibacterium.s__Faecalibacterium_prausnitzii	282.6858230226
PWY-6897: thiamine diphosphate salvage II|g__Lachnospiraceae_unclassified.s__Eubacterium_rectale	62.2304505330
PWY-6897: thiamine diphosphate salvage II|unclassified	29.9333408122
PWY-6897: thiamine diphosphate salvage II|g__Bacteroides.s__Bacteroides_ovatus	25.2754778061
PWY-6897: thiamine diphosphate salvage II|g__Bifidobacterium.s__Bifidobacterium_adolescentis	23.0326295585
PWY-6897: thiamine diphosphate salvage II|g__Catenibacterium.s__Catenibacterium_mitsuokai	10.8216432866
PWY-7229: superpathway of adenosine nucleotides de novo biosynthesis I	824.8910214086
PWY-7229: superpathway of adenosine nucleotides de novo biosynthesis I|g__Bacteroides.s__Bacteroides_vulgatus	110.7302571230
PWY-7229: superpathway of adenosine nucleotides de novo biosynthesis I|unclassified	85.2338517461
PWY-7229: superpathway of adenosine nucleotides de novo biosynthesis I|g__Parabacteroides.s__Parabacteroides_distasonis	19.3786166922
PWY-7229: superpathway of adenosine nucleotides de novo biosynthesis I|g__Bacteroides.s__Bacteroides_thetaiotaomicron	3.1824843541
PWY-2942: L-lysine biosynthesis III	817.2196322946
PWY-2942: L-lysine biosynthesis III|unclassified	64.9900450949
PWY-2942: L-lysine biosynthesis III|g__Parabacteroides.s__Parabacteroides_distasonis	24.2989541424
PWY-2942: L-lysine biosynthesis III|g__Parabacteroides.s__Parabacteroides_merdae	11.0696829131
PWY-2942: L-lysine biosynthesis III|g__Lachnospira.s__Lachnospira_pectinoschiza	8.4981393459
PWY-2942: L-lysine biosynthesis III|g__Catenibacterium.s__Catenibacterium_mitsuokai	5.4627589787
PWY-7400: L-arginine biosynthesis IV (archaebacteria)	765.4119833952
THRESYN-PWY: superpathway of L-threonine biosynthesis	756.9523012634
THRESYN-PWY: superpathway of L-threonine biosynthesis|unclassified	105.6150353478
THRESYN-PWY: superpathway of L-threonine biosynthesis|g__Faecalibacterium.s__Faecalibacterium_prausnitzii	95.0010520788
THRESYN-PWY: superpathway of L-threonine biosynthesis|g__Bacteroides.s__Bacteroides_vulgatus	68.2765219363
THRESYN-PWY: superpathway of L-threonine biosynthesis|g__Bifidobacterium.s__Bifidobacterium_adolescentis	43.3241453040
THRESYN-PWY: superpathway of L-threonine biosynthesis|g__Bacteroides.s__Bacteroides_stercoris	12.9643874688
THRESYN-PWY: superpathway of L-threonine biosynthesis|g__Bifidobacterium.s__Bifidobacterium_bifidum	12.7180426951
THRESYN-PWY: superpathway of L-threonine biosynthesis|g__Bacteroides.s__Bacteroides_uniformis	4.1409656504
THRESYN-PWY: superpathway of L-threonine biosynthesis|g__Bifidobacterium.s__Bifidobacterium_catenulatum	4.1072216527
THRESYN-PWY: superpathway of L-threonine biosynthesis|g__Bacteroides.s__Bacteroides_dorei	3.3000991522
PWY0-1586: peptidoglycan maturation (meso-diaminopimelate containing)	748.8816686812
PWY0-1586: peptidoglycan maturation (meso-diaminopimelate containing)|g__Bacteroides.s__Bacteroides_vulgatus	80.9099456662
PWY0-1586: peptidoglycan maturation (meso-diaminopimelate containing)|unclassified	61.2868380239
PWY0-1586: peptidoglycan maturation (meso-diaminopimelate containing)|g__Lachnospiraceae_unclassified.s__Eubacterium_rectale	49.0894604953
PWY0-1586: peptidoglycan maturation (meso-diaminopimelate containing)|g__Bacteroides.s__Bacteroides_ovatus	36.5389047228
PWY0-1586: peptidoglycan maturation (meso-diaminopimelate containing)|g__Ruminococcus.s__Ruminococcus_bicirculans	16.5551202299
PWY0-1586: peptidoglycan maturation (meso-diaminopimelate containing)|g__Bacteroides.s__Bacteroides_stercoris	12.9523809524
PWY0-1586: peptidoglycan maturation (meso-diaminopimelate containing)|g__Bifidobacterium.s__Bifidobacterium_catenulatum	11.0675985480
PWY0-1586: peptidoglycan maturation (meso-diaminopimelate containing)|g__Catenibacterium.s__Catenibacterium_mitsuokai	10.0928430101
PWY0-1586: peptidoglycan maturation (meso-diaminopimelate containing)|g__Bacteroides.s__Bacteroides_thetaiotaomicron	9.3557303849
PWY0-1586: peptidoglycan maturation (meso-diaminopimelate containing)|g__Lachnospira.s__Lachnospira_pectinoschiza	7.7493157846
PWY0-1586: peptidoglycan maturation (meso-diaminopimelate containing)|g__Anaerostipes.s__Anaerostipes_hadrus	6.0606060606
PWY0-1586: peptidoglycan maturation (meso-diaminopimelate containing)|g__Bacteroides.s__Bacteroides_dorei	3.0713120261
PWY0-1586: peptidoglycan maturation (meso-diaminopimelate containing)|g__Bacteroides.s__Bacteroides_uniformis	2.8942705089
PWY0-1586: peptidoglycan maturation (meso-diaminopimelate containing)|g__Bacteroides.s__Bacteroides_xylanisolvens	2.8037250648
SER-GLYSYN-PWY: superpathway of L-serine and glycine biosynthesis I	705.1462989778
SER-GLYSYN-PWY: superpathway of L-serine and glycine biosynthesis I|g__Roseburia.s__Roseburia_faecis	139.6446306781
SER-GLYSYN-PWY: superpathway of L-serine and glycine biosynthesis I|g__Bacteroides.s__Bacteroides_vulgatus	71.3915271928
SER-GLYSYN-PWY: superpathway of L-serine and glycine biosynthesis I|g__Alistipes.s__Alistipes_putredinis	61.2678668771
SER-GLYSYN-PWY: superpathway of L-serine and glycine biosynthesis I|g__Bifidobacterium.s__Bifidobacterium_adolescentis	42.7843946970
SER-GLYSYN-PWY: superpathway of L-serine and glycine biosynthesis I|unclassified	37.0433995394
SER-GLYSYN-PWY: superpathway of L-serine and glycine biosynthesis I|g__Parabacteroides.s__Parabacteroides_distasonis	21.5446442716
SER-GLYSYN-PWY: superpathway of L-serine and glycine biosynthesis I|g__Roseburia.s__Roseburia_intestinalis	20.3401456336
SER-GLYSYN-PWY: superpathway of L-serine and glycine biosynthesis I|g__Bacteroides.s__Bacteroides_ovatus	20.1647475345
SER-GLYSYN-PWY: superpathway of L-serine and glycine biosynthesis I|g__Eubacterium.s__Eubacterium_eligens	12.1746649373
SER-GLYSYN-PWY: superpathway of L-serine and glycine biosynthesis I|g__Blautia.s__Blautia_sp	10.4802789367
SER-GLYSYN-PWY: superpathway of L-serine and glycine biosynthesis I|g__Eubacterium.s__Eubacterium_sp_CAG_115	9.7867878364
SER-GLYSYN-PWY: superpathway of L-serine and glycine biosynthesis I|g__Collinsella.s__Collinsella_aerofaciens	8.7197780420
SER-GLYSYN-PWY: superpathway of L-serine and glycine biosynthesis I|g__Alistipes.s__Alistipes_shahii	7.9249607625
SER-GLYSYN-PWY: superpathway of L-serine and glycine biosynthesis I|g__Blautia.s__Blautia_wexlerae	6.8610634648
SER-GLYSYN-PWY: superpathway of L-serine and glycine biosynthesis I|g__Bacteroides.s__Bacteroides_uniformis	5.7458880988
SER-GLYSYN-PWY: superpathway of L-serine and glycine biosynthesis I|g__Catenibacterium.s__Catenibacterium_mitsuokai	5.3363826949
SER-GLYSYN-PWY: superpathway of L-serine and glycine biosynthesis I|g__Bacteroides.s__Bacteroides_stercoris	4.7935766073
SER-GLYSYN-PWY: superpathway of L-serine and glycine biosynthesis I|g__Blautia.s__Blautia_obeum	3.7043897018
SER-GLYSYN-PWY: superpathway of L-serine and glycine biosynthesis I|g__Alistipes.s__Alistipes_timonensis	2.5094978879
SER-GLYSYN-PWY: superpathway of L-serine and glycine biosynthesis I|g__Alistipes.s__Alistipes_onderdonkii	2.4721878863
SER-GLYSYN-PWY: superpathway of L-serine and glycine biosynthesis I|g__Bacteroides.s__Bacteroides_caccae	2.3614301111
SER-GLYSYN-PWY: superpathway of L-serine and glycine biosynthesis I|g__Alistipes.s__Alistipes_finegoldii	2.2414345181
SER-GLYSYN-PWY: superpathway of L-serine and glycine biosynthesis I|g__Bifidobacterium.s__Bifidobacterium_catenulatum	1.5681003584
SER-GLYSYN-PWY: superpathway of L-serine and glycine biosynthesis I|g__Bacteroides.s__Bacteroides_thetaiotaomicron	1.5393496248
SER-GLYSYN-PWY: superpathway of L-serine and glycine biosynthesis I|g__Bacteroides.s__Bacteroides_xylanisolvens	1.1454753723
PYRIDNUCSYN-PWY: NAD de novo biosynthesis I (from aspartate)	701.9634306665
PYRIDNUCSYN-PWY: NAD de novo biosynthesis I (from aspartate)|g__Bacteroides.s__Bacteroides_vulgatus	104.9331920213
PYRIDNUCSYN-PWY: NAD de novo biosynthesis I (from aspartate)|g__Alistipes.s__Alistipes_putredinis	92.8253980197
PYRIDNUCSYN-PWY: NAD de novo biosynthesis I (from aspartate)|g__Coprococcus.s__Coprococcus_eutactus	34.2514533246
PYRIDNUCSYN-PWY: NAD de novo biosynthesis I (from aspartate)|g__Roseburia.s__Roseburia_intestinalis	19.9492411201
PYRIDNUCSYN-PWY: NAD de novo biosynthesis I (from aspartate)|unclassified	18.8027319641
PYRIDNUCSYN-PWY: NAD de novo biosynthesis I (from aspartate)|g__Parabacteroides.s__Parabacteroides_distasonis	16.1303395120
PYRIDNUCSYN-PWY: NAD de novo biosynthesis I (from aspartate)|g__Alistipes.s__Alistipes_shahii	11.9494988529
PYRIDNUCSYN-PWY: NAD de novo biosynthesis I (from aspartate)|g__Bifidobacterium.s__Bifidobacterium_bifidum	9.6867051361
PYRIDNUCSYN-PWY: NAD de novo biosynthesis I (from aspartate)|g__Catenibacterium.s__Catenibacterium_mitsuokai	6.1938073119
PYRIDNUCSYN-PWY: NAD de novo biosynthesis I (from aspartate)|g__Bacteroides.s__Bacteroides_dorei	2.7198199784
COBALSYN-PWY: superpathway of adenosylcobalamin salvage from cobinamide I	700.6670695839
COBALSYN-PWY: superpathway of adenosylcobalamin salvage from cobinamide I|g__Faecalibacterium.s__Faecalibacterium_prausnitzii	233.6556618043
COBALSYN-PWY: superpathway of adenosylcobalamin salvage from cobinamide I|unclassified	17.5960620390
PWY-841: superpathway of purine nucleotides de novo biosynthesis I	699.8673316629
PWY-841: superpathway of purine nucleotides de novo biosynthesis I|unclassified	77.4240691071
PWY-5973: cis-vaccenate biosynthesis	695.9506308323
PWY-5973: cis-vaccenate biosynthesis|unclassified	29.2365290867
PWY-5973: cis-vaccenate biosynthesis|g__Parabacteroides.s__Parabacteroides_distasonis	24.3376490572
PWY-5973: cis-vaccenate biosynthesis|g__Bacteroides.s__Bacteroides_stercoris	8.0798287076
PWY-5973: cis-vaccenate biosynthesis|g__Parabacteroides.s__Parabacteroides_merdae	6.5109223228
PWY-5973: cis-vaccenate biosynthesis|g__Catenibacterium.s__Catenibacterium_mitsuokai	5.4282671055
PWY-5973: cis-vaccenate biosynthesis|g__Bacteroides.s__Bacteroides_caccae	5.1115241636
PWY-5973: cis-vaccenate biosynthesis|g__Bacteroides.s__Bacteroides_xylanisolvens	2.4308887511
PWY-6628: superpathway of L-phenylalanine biosynthesis	675.0055305666
PWY-6628: superpathway of L-phenylalanine biosynthesis|unclassified	51.8728342452
PWY-5384: sucrose degradation IV (sucrose phosphorylase)	674.6416994340
PWY-5384: sucrose degradation IV (sucrose phosphorylase)|g__Faecalibacterium.s__Faecalibacterium_prausnitzii	143.5264401880
PWY-5384: sucrose degradation IV (sucrose phosphorylase)|g__Roseburia.s__Roseburia_faecis	134.7370474412
PWY-5384: sucrose degradation IV (sucrose phosphorylase)|g__Bifidobacterium.s__Bifidobacterium_adolescentis	43.9812400044
PWY-5384: sucrose degradation IV (sucrose phosphorylase)|g__Coprococcus.s__Coprococcus_eutactus	33.8402178646
PWY-5384: sucrose degradation IV (sucrose phosphorylase)|g__Roseburia.s__Roseburia_intestinalis	20.8572083429
PWY-5384: sucrose degradation IV (sucrose phosphorylase)|g__Bacteroides.s__Bacteroides_ovatus	18.4073077012
PWY-5384: sucrose degradation IV (sucrose phosphorylase)|g__Bifidobacterium.s__Bifidobacterium_bifidum	9.3735917080
PWY-5384: sucrose degradation IV (sucrose phosphorylase)|g__Bifidobacterium.s__Bifidobacterium_catenulatum	5.3598646634
PWY-5384: sucrose degradation IV (sucrose phosphorylase)|g__Bacteroides.s__Bacteroides_xylanisolvens	1.5959376133
PWY-5384: sucrose degradation IV (sucrose phosphorylase)|g__Bifidobacterium.s__Bifidobacterium_longum	1.2193103929
PWY-621: sucrose degradation III (sucrose invertase)	670.6804510680
PWY-621: sucrose degradation III (sucrose invertase)|g__Roseburia.s__Roseburia_faecis	135.1947126066
PWY-621: sucrose degradation III (sucrose invertase)|g__Faecalibacterium.s__Faecalibacterium_prausnitzii	87.0262881594
PWY-621: sucrose degradation III (sucrose invertase)|g__Coprococcus.s__Coprococcus_eutactus	51.4921687989
PWY-621: sucrose degradation III (sucrose invertase)|g__Bacteroides.s__Bacteroides_ovatus	25.3228483556
PWY-621: sucrose degradation III (sucrose invertase)|g__Roseburia.s__Roseburia_intestinalis	20.8572083429
PWY-621: sucrose degradation III (sucrose invertase)|g__Ruminococcus.s__Ruminococcus_bicirculans	9.7369752150
PWY-621: sucrose degradation III (sucrose invertase)|g__Bifidobacterium.s__Bifidobacterium_bifidum	8.6040008604
PWY-621: sucrose degradation III (sucrose invertase)|g__Bacteroides.s__Bacteroides_xylanisolvens	1.5959376133
UDPNAGSYN-PWY: UDP-N-acetyl-D-glucosamine biosynthesis I	658.5370004579
UDPNAGSYN-PWY: UDP-N-acetyl-D-glucosamine biosynthesis I|g__Clostridium.s__Clostridium_sp_CAG_217	95.4118655100
UDPNAGSYN-PWY: UDP-N-acetyl-D-glucosamine biosynthesis I|g__Coprococcus.s__Coprococcus_eutactus	49.4018262408
UDPNAGSYN-PWY: UDP-N-acetyl-D-glucosamine biosynthesis I|unclassified	46.7195541004
UDPNAGSYN-PWY: UDP-N-acetyl-D-glucosamine biosynthesis I|g__Bifidobacterium.s__Bifidobacterium_adolescentis	34.6770832049
UDPNAGSYN-PWY: UDP-N-acetyl-D-glucosamine biosynthesis I|g__Firmicutes_unclassified.s__Firmicutes_bacterium_CAG_129	18.9007560302
UDPNAGSYN-PWY: UDP-N-acetyl-D-glucosamine biosynthesis I|g__Eubacterium.s__Eubacterium_sp_CAG_115	16.5061898212
UDPNAGSYN-PWY: UDP-N-acetyl-D-glucosamine biosynthesis I|g__Ruminococcus.s__Ruminococcus_bicirculans	12.0083590655
UDPNAGSYN-PWY: UDP-N-acetyl-D-glucosamine biosynthesis I|g__Bifidobacterium.s__Bifidobacterium_bifidum	11.8225622175
UDPNAGSYN-PWY: UDP-N-acetyl-D-glucosamine biosynthesis I|g__Collinsella.s__Collinsella_aerofaciens	8.3484068457
UDPNAGSYN-PWY: UDP-N-acetyl-D-glucosamine biosynthesis I|g__Bifidobacterium.s__Bifidobacterium_catenulatum	4.0462895525
UDPNAGSYN-PWY: UDP-N-acetyl-D-glucosamine biosynthesis I|g__Bifidobacterium.s__Bifidobacterium_pseudocatenulatum	1.0425354462
P41-PWY: pyruvate fermentation to acetate and (S)-lactate I	647.3650996747
P41-PWY: pyruvate fermentation to acetate and (S)-lactate I|g__Roseburia.s__Roseburia_faecis	137.3707457200
P41-PWY: pyruvate fermentation to acetate and (S)-lactate I|unclassified	46.3570797436
P41-PWY: pyruvate fermentation to acetate and (S)-lactate I|g__Coprococcus.s__Coprococcus_eutactus	42.8891791064
P41-PWY: pyruvate fermentation to acetate and (S)-lactate I|g__Bifidobacterium.s__Bifidobacterium_adolescentis	31.4941835324
P41-PWY: pyruvate fermentation to acetate and (S)-lactate I|g__Lachnospiraceae_unclassified.s__Eubacterium_rectale	30.0987304510
P41-PWY: pyruvate fermentation to acetate and (S)-lactate I|g__Roseburia.s__Roseburia_intestinalis	17.6717600961
P41-PWY: pyruvate fermentation to acetate and (S)-lactate I|g__Fusicatenibacter.s__Fusicatenibacter_saccharivorans	10.7233447313
P41-PWY: pyruvate fermentation to acetate and (S)-lactate I|g__Blautia.s__Blautia_sp	9.0039392234
PWY-5100: pyruvate fermentation to acetate and lactate II	647.3650996747
PWY-5100: pyruvate fermentation to acetate and lactate II|g__Roseburia.s__Roseburia_faecis	137.3707457200
PWY-5100: pyruvate fermentation to acetate and lactate II|g__Coprococcus.s__Coprococcus_eutactus	56.2710022633
PWY-5100: pyruvate fermentation to acetate and lactate II|unclassified	46.3570797436
PWY-5100: pyruvate fermentation to acetate and lactate II|g__Roseburia.s__Roseburia_intestinalis	41.6757049983
PWY-5100: pyruvate fermentation to acetate and lactate II|g__Bifidobacterium.s__Bifidobacterium_adolescentis	31.4941835324
PWY-5100: pyruvate fermentation to acetate and lactate II|g__Lachnospiraceae_unclassified.s__Eubacterium_rectale	30.0987304510
PWY-5100: pyruvate fermentation to acetate and lactate II|g__Fusicatenibacter.s__Fusicatenibacter_saccharivorans	10.7233447313
PWY-5100: pyruvate fermentation to acetate and lactate II|g__Blautia.s__Blautia_sp	9.0039392234
GLUCONEO-PWY: gluconeogenesis I	617.0731575149
GLUCONEO-PWY: gluconeogenesis I|unclassified	101.1161784532
GLUCOSE1PMETAB-PWY: glucose and glucose-1-phosphate degradation	603.2632081077
GLUCOSE1PMETAB-PWY: glucose and glucose-1-phosphate degradation|unclassified	49.1656972578
PWY-7663: gondoate biosynthesis (anaerobic)	598.9219094068
PWY-7663: gondoate biosynthesis (anaerobic)|g__Bacteroides.s__Bacteroides_vulgatus	58.6638318891
PWY-7663: gondoate biosynthesis (anaerobic)|g__Parabacteroides.s__Parabacteroides_distasonis	33.6406579823
PWY-7663: gondoate biosynthesis (anaerobic)|unclassified	23.7673779203
PWY-7663: gondoate biosynthesis (anaerobic)|g__Bacteroides.s__Bacteroides_stercoris	8.0782241371
PWY-7663: gondoate biosynthesis (anaerobic)|g__Parabacteroides.s__Parabacteroides_merdae	5.6168505517
PWY-7663: gondoate biosynthesis (anaerobic)|g__Alistipes.s__Alistipes_finegoldii	4.6877615938
PWY-7663: gondoate biosynthesis (anaerobic)|g__Catenibacterium.s__Catenibacterium_mitsuokai	4.6370411261
PWY-7663: gondoate biosynthesis (anaerobic)|g__Bacteroides.s__Bacteroides_caccae	4.5610034208
PWY-7663: gondoate biosynthesis (anaerobic)|g__Bacteroides.s__Bacteroides_xylanisolvens	2.6660252388
PWY-7663: gondoate biosynthesis (anaerobic)|g__Alistipes.s__Alistipes_onderdonkii	2.1577300680
PWY-6126: superpathway of adenosine nucleotides de novo biosynthesis II	597.6515794898
PWY-6126: superpathway of adenosine nucleotides de novo biosynthesis II|g__Bacteroides.s__Bacteroides_vulgatus	113.4784302741
PWY-6126: superpathway of adenosine nucleotides de novo biosynthesis II|unclassified	67.1782607008
PWY-6126: superpathway of adenosine nucleotides de novo biosynthesis II|g__Parabacteroides.s__Parabacteroides_distasonis	19.0970794590
PWY-6126: superpathway of adenosine nucleotides de novo biosynthesis II|g__Bacteroides.s__Bacteroides_thetaiotaomicron	3.1813560764
RHAMCAT-PWY: L-rhamnose degradation I	572.6425783180
RHAMCAT-PWY: L-rhamnose degradation I|g__Roseburia.s__Roseburia_faecis	116.5576636664
RHAMCAT-PWY: L-rhamnose degradation I|g__Bacteroides.s__Bacteroides_vulgatus	105.8670906973
RHAMCAT-PWY: L-rhamnose degradation I|g__Bacteroides.s__Bacteroides_ovatus	25.3505575533
RHAMCAT-PWY: L-rhamnose degradation I|g__Bacteroides.s__Bacteroides_xylanisolvens	20.7679530215
RHAMCAT-PWY: L-rhamnose degradation I|g__Eubacterium.s__Eubacterium_eligens	13.4195006533
RHAMCAT-PWY: L-rhamnose degradation I|unclassified	8.8245016089
RHAMCAT-PWY: L-rhamnose degradation I|g__Bacteroides.s__Bacteroides_caccae	5.0031269543
RHAMCAT-PWY: L-rhamnose degradation I|g__Bacteroides.s__Bacteroides_thetaiotaomicron	2.7418723071
RHAMCAT-PWY: L-rhamnose degradation I|g__Bacteroides.s__Bacteroides_dorei	2.2478224220
THISYN-PWY: superpathway of thiamine diphosphate biosynthesis I	554.7260159556
THISYN-PWY: superpathway of thiamine diphosphate biosynthesis I|g__Bacteroides.s__Bacteroides_ovatus	27.2366728368
THISYN-PWY: superpathway of thiamine diphosphate biosynthesis I|unclassified	16.1850931626
THISYN-PWY: superpathway of thiamine diphosphate biosynthesis I|g__Catenibacterium.s__Catenibacterium_mitsuokai	5.0909131250
ANAEROFRUCAT-PWY: homolactic fermentation	547.6825433367
ANAEROFRUCAT-PWY: homolactic fermentation|unclassified	35.2294226044
PWY-6936: seleno-amino acid biosynthesis (plants)	546.7690816621
PWY-6936: seleno-amino acid biosynthesis (plants)|g__Roseburia.s__Roseburia_faecis	157.7740718385
PWY-6936: seleno-amino acid biosynthesis (plants)|g__Coprococcus.s__Coprococcus_eutactus	58.1155393669
PWY-6936: seleno-amino acid biosynthesis (plants)|unclassified	24.1029891524
PWY-6936: seleno-amino acid biosynthesis (plants)|g__Faecalibacterium.s__Faecalibacterium_prausnitzii	23.8827034762
PWY-6936: seleno-amino acid biosynthesis (plants)|g__Eubacterium.s__Eubacterium_eligens	15.1401790710
PWY-6936: seleno-amino acid biosynthesis (plants)|g__Fusicatenibacter.s__Fusicatenibacter_saccharivorans	10.4531759208
PWY-7237: myo-, chiro- and scyllo-inositol degradation	538.9068776345
PWY-7237: myo-, chiro- and scyllo-inositol degradation|unclassified	68.5604276792
PWY-6270: isoprene biosynthesis I	527.1256264010
PWY-6270: isoprene biosynthesis I|unclassified	27.0268103969
PWY-6270: isoprene biosynthesis I|g__Fusicatenibacter.s__Fusicatenibacter_saccharivorans	16.8838708906
PWY-6703: preQ0 biosynthesis	516.5338581534
PWY-6703: preQ0 biosynthesis|g__Alistipes.s__Alistipes_putredinis	122.3499906139
PWY-6703: preQ0 biosynthesis|g__Bacteroides.s__Bacteroides_vulgatus	105.0905046134
PWY-6703: preQ0 biosynthesis|g__Coprococcus.s__Coprococcus_eutactus	27.8835129557
PWY-6703: preQ0 biosynthesis|unclassified	25.3172479310
PWY-6703: preQ0 biosynthesis|g__Bacteroides.s__Bacteroides_xylanisolvens	19.9577816158
PWY-6703: preQ0 biosynthesis|g__Parabacteroides.s__Parabacteroides_distasonis	18.0790960452
PWY-6703: preQ0 biosynthesis|g__Blautia.s__Blautia_sp	14.4230769231
PWY-6703: preQ0 biosynthesis|g__Bacteroides.s__Bacteroides_stercoris	11.7027501463
PWY-6703: preQ0 biosynthesis|g__Bacteroides.s__Bacteroides_ovatus	11.5585677884
PWY-6703: preQ0 biosynthesis|g__Eubacterium.s__Eubacterium_eligens	10.6235131704
PWY-6703: preQ0 biosynthesis|g__Bacteroides.s__Bacteroides_dorei	10.0819155640
PWY-6703: preQ0 biosynthesis|g__Ruminococcus.s__Ruminococcus_sp_CAG_254	9.4663353449
PWY-6703: preQ0 biosynthesis|g__Bacteroides.s__Bacteroides_uniformis	4.0826741516
PWY-6703: preQ0 biosynthesis|g__Blautia.s__Blautia_obeum	3.7593984962
PWY-6703: preQ0 biosynthesis|g__Catenibacterium.s__Catenibacterium_mitsuokai	3.0565461029
CITRULBIO-PWY: L-citrulline biosynthesis	514.9152415334
CITRULBIO-PWY: L-citrulline biosynthesis|unclassified	10.0789683364
PWY-7228: superpathway of guanosine nucleotides de novo biosynthesis I	513.9443729636
PWY-7228: superpathway of guanosine nucleotides de novo biosynthesis I|g__Bacteroides.s__Bacteroides_vulgatus	136.8671840987
PWY-7228: superpathway of guanosine nucleotides de novo biosynthesis I|unclassified	57.7252880373
PWY-7228: superpathway of guanosine nucleotides de novo biosynthesis I|g__Parabacteroides.s__Parabacteroides_distasonis	25.5103055381
PWY-7228: superpathway of guanosine nucleotides de novo biosynthesis I|g__Bacteroides.s__Bacteroides_ovatus	24.3536893383
PWY-7228: superpathway of guanosine nucleotides de novo biosynthesis I|g__Bacteroides.s__Bacteroides_thetaiotaomicron	3.0726993164
GLYCOLYSIS: glycolysis I (from glucose 6-phosphate)	508.4466950974
GLYCOLYSIS: glycolysis I (from glucose 6-phosphate)|unclassified	53.6064075429
PWY-5659: GDP-mannose biosynthesis	502.5765444963
PWY-5659: GDP-mannose biosynthesis|g__Faecalibacterium.s__Faecalibacterium_prausnitzii	192.3019777159
PWY-5659: GDP-mannose biosynthesis|g__Bacteroides.s__Bacteroides_vulgatus	62.6437439554
PWY-5659: GDP-mannose biosynthesis|g__Coprococcus.s__Coprococcus_eutactus	25.8531781220
PWY-5659: GDP-mannose biosynthesis|g__Roseburia.s__Roseburia_intestinalis	22.0038670034
PWY-5659: GDP-mannose biosynthesis|unclassified	13.7338445546
PWY-5659: GDP-mannose biosynthesis|g__Alistipes.s__Alistipes_shahii	10.4876978905
PWY-5659: GDP-mannose biosynthesis|g__Bacteroides.s__Bacteroides_dorei	3.0726793415
PWY-5659: GDP-mannose biosynthesis|g__Lachnospiraceae_unclassified.s__Eubacterium_rectale	1.2585848289
PHOSLIPSYN-PWY: superpathway of phospholipid biosynthesis I (bacteria)	498.2591400630
PHOSLIPSYN-PWY: superpathway of phospholipid biosynthesis I (bacteria)|g__Fusicatenibacter.s__Fusicatenibacter_saccharivorans	16.4046160713
PWY0-162: superpathway of pyrimidine ribonucleotides de novo biosynthesis	498.1959476738
PWY0-162: superpathway of pyrimidine ribonucleotides de novo biosynthesis|unclassified	74.7502466189
PWY-6901: superpathway of glucose and xylose degradation	491.1864967024
PWY-7560: methylerythritol phosphate pathway II	490.4669176352
PWY-7560: methylerythritol phosphate pathway II|unclassified	25.8654646281
PWY-7560: methylerythritol phosphate pathway II|g__Fusicatenibacter.s__Fusicatenibacter_saccharivorans	17.8817139630
PWY-5484: glycolysis II (from fructose 6-phosphate)	486.3100628587
PWY-5484: glycolysis II (from fructose 6-phosphate)|unclassified	33.1626041383
ASPASN-PWY: superpathway of L-aspartate and L-asparagine biosynthesis	483.4584942370
ASPASN-PWY: superpathway of L-aspartate and L-asparagine biosynthesis|g__Bacteroides.s__Bacteroides_vulgatus	105.3900539133
ASPASN-PWY: superpathway of L-aspartate and L-asparagine biosynthesis|unclassified	42.2709532913
ASPASN-PWY: superpathway of L-aspartate and L-asparagine biosynthesis|g__Parabacteroides.s__Parabacteroides_distasonis	18.3103606124
ASPASN-PWY: superpathway of L-aspartate and L-asparagine biosynthesis|g__Bacteroides.s__Bacteroides_stercoris	13.6476241542
ASPASN-PWY: superpathway of L-aspartate and L-asparagine biosynthesis|g__Bacteroides.s__Bacteroides_uniformis	10.0050025013
ASPASN-PWY: superpathway of L-aspartate and L-asparagine biosynthesis|g__Odoribacter.s__Odoribacter_splanchnicus	7.8294136837
ASPASN-PWY: superpathway of L-aspartate and L-asparagine biosynthesis|g__Blautia.s__Blautia_obeum	1.9050429409
ASPASN-PWY: superpathway of L-aspartate and L-asparagine biosynthesis|g__Bacteroides.s__Bacteroides_dorei	1.4891624837
COLANSYN-PWY: colanic acid building blocks biosynthesis	460.5813875159
COLANSYN-PWY: colanic acid building blocks biosynthesis|unclassified	23.7091690543
FERMENTATION-PWY: mixed acid fermentation	447.0779171545
FERMENTATION-PWY: mixed acid fermentation|g__Faecalibacterium.s__Faecalibacterium_prausnitzii	68.5845777320
FERMENTATION-PWY: mixed acid fermentation|unclassified	52.2124372576
PWY-6147: 6-hydroxymethyl-dihydropterin diphosphate biosynthesis I	442.9568275876
PWY-6147: 6-hydroxymethyl-dihydropterin diphosphate biosynthesis I|g__Alistipes.s__Alistipes_putredinis	79.6559540707
PWY-6147: 6-hydroxymethyl-dihydropterin diphosphate biosynthesis I|g__Bacteroides.s__Bacteroides_vulgatus	66.1227123832
PWY-6147: 6-hydroxymethyl-dihydropterin diphosphate biosynthesis I|g__Bacteroides.s__Bacteroides_xylanisolvens	27.4744628390
PWY-6147: 6-hydroxymethyl-dihydropterin diphosphate biosynthesis I|g__Parabacteroides.s__Parabacteroides_distasonis	17.2711571675
PWY-4984: urea cycle	442.2054267044
PWY-4984: urea cycle|g__Alistipes.s__Alistipes_finegoldii	3.8655808680
PWY-6125: superpathway of guanosine nucleotides de novo biosynthesis II	434.4254370887
PWY-6125: superpathway of guanosine nucleotides de novo biosynthesis II|g__Bacteroides.s__Bacteroides_vulgatus	125.6266565541
PWY-6125: superpathway of guanosine nucleotides de novo biosynthesis II|unclassified	50.8180283042
PWY-6125: superpathway of guanosine nucleotides de novo biosynthesis II|g__Parabacteroides.s__Parabacteroides_distasonis	23.1234591058
PWY-6125: superpathway of guanosine nucleotides de novo biosynthesis II|g__Bacteroides.s__Bacteroides_ovatus	12.6102153887
PWY-5188: tetrapyrrole biosynthesis I (from glutamate)	425.7129271120
PWY-5188: tetrapyrrole biosynthesis I (from glutamate)|g__Roseburia.s__Roseburia_faecis	140.4801472113
PWY-5188: tetrapyrrole biosynthesis I (from glutamate)|g__Ruminococcus.s__Ruminococcus_bromii	60.4088200547
PWY-5188: tetrapyrrole biosynthesis I (from glutamate)|g__Coprococcus.s__Coprococcus_eutactus	47.6404156666
PWY-5188: tetrapyrrole biosynthesis I (from glutamate)|unclassified	40.2102918050
PWY-5188: tetrapyrrole biosynthesis I (from glutamate)|g__Blautia.s__Blautia_sp	13.5569542862
PWY-5188: tetrapyrrole biosynthesis I (from glutamate)|g__Ruminococcus.s__Ruminococcus_bicirculans	10.9368076922
PWY-5188: tetrapyrrole biosynthesis I (from glutamate)|g__Eubacterium.s__Eubacterium_eligens	9.5259966149
PWY-5188: tetrapyrrole biosynthesis I (from glutamate)|g__Blautia.s__Blautia_obeum	1.2170180134
PWY-7242: D-fructuronate degradation	424.1896938284
PWY-7242: D-fructuronate degradation|g__Faecalibacterium.s__Faecalibacterium_prausnitzii	226.3962492783
PWY-7242: D-fructuronate degradation|unclassified	33.0509812881
PWY-5154: L-arginine biosynthesis III (via N-acetyl-L-citrulline)	423.0276413893
PENTOSE-P-PWY: pentose phosphate pathway	416.6818504890
PENTOSE-P-PWY: pentose phosphate pathway|unclassified	20.9799434367
PENTOSE-P-PWY: pentose phosphate pathway|g__Parabacteroides.s__Parabacteroides_distasonis	19.8673660055
PWY-7234: inosine-5'-phosphate biosynthesis III	409.0521110356
PWY-7234: inosine-5'-phosphate biosynthesis III|g__Alistipes.s__Alistipes_putredinis	82.4409443861
PWY-7234: inosine-5'-phosphate biosynthesis III|g__Bifidobacterium.s__Bifidobacterium_adolescentis	36.3317499628
PWY-7234: inosine-5'-phosphate biosynthesis III|g__Bifidobacterium.s__Bifidobacterium_catenulatum	5.0102989478
PWY-7456: &beta;-(1,4)-mannan degradation	401.2540867613
PWY-7456: &beta;-(1,4)-mannan degradation|g__Coprococcus.s__Coprococcus_eutactus	27.1174782861
PWY-7208: superpathway of pyrimidine nucleobases salvage	386.4836054321
PWY-7208: superpathway of pyrimidine nucleobases salvage|unclassified	50.3122724483
PWY-7208: superpathway of pyrimidine nucleobases salvage|g__Roseburia.s__Roseburia_intestinalis	28.3661701236
PWY-7208: superpathway of pyrimidine nucleobases salvage|g__Phascolarctobacterium.s__Phascolarctobacterium_succinatutens	10.8504001085
PWY-5121: superpathway of geranylgeranyl diphosphate biosynthesis II (via MEP)	385.6980069244
PWY-5121: superpathway of geranylgeranyl diphosphate biosynthesis II (via MEP)|g__Bacteroides.s__Bacteroides_vulgatus	91.2151569817
GLUCUROCAT-PWY: superpathway of &beta;-D-glucuronosides degradation	385.1956202798
GLUCUROCAT-PWY: superpathway of &beta;-D-glucuronosides degradation|g__Faecalibacterium.s__Faecalibacterium_prausnitzii	149.7292463850
GLUCUROCAT-PWY: superpathway of &beta;-D-glucuronosides degradation|unclassified	18.9232987277
PWY-6630: superpathway of L-tyrosine biosynthesis	379.0976301588
PWY-6630: superpathway of L-tyrosine biosynthesis|unclassified	26.6713561005
PWY-7323: superpathway of GDP-mannose-derived O-antigen building blocks biosynthesis	378.2369708234
PWY-6292: superpathway of L-cysteine biosynthesis (mammalian)	368.7669404704
PWY-6292: superpathway of L-cysteine biosynthesis (mammalian)|unclassified	47.0780829317
PWY4FS-7: phosphatidylglycerol biosynthesis I (plastidic)	358.3009902556
PWY4FS-7: phosphatidylglycerol biosynthesis I (plastidic)|unclassified	39.2055719373
PWY4FS-7: phosphatidylglycerol biosynthesis I (plastidic)|g__Fusicatenibacter.s__Fusicatenibacter_saccharivorans	15.1321587780
PWY4FS-8: phosphatidylglycerol biosynthesis II (non-plastidic)	358.3009902556
PWY4FS-8: phosphatidylglycerol biosynthesis II (non-plastidic)|unclassified	39.2055719373
PWY4FS-8: phosphatidylglycerol biosynthesis II (non-plastidic)|g__Fusicatenibacter.s__Fusicatenibacter_saccharivorans	15.1321587780
GALACTUROCAT-PWY: D-galacturonate degradation I	349.3693529205
GALACTUROCAT-PWY: D-galacturonate degradation I|g__Faecalibacterium.s__Faecalibacterium_prausnitzii	246.9311500024
GALACTUROCAT-PWY: D-galacturonate degradation I|unclassified	15.5709341884
PWY-7328: superpathway of UDP-glucose-derived O-antigen building blocks biosynthesis	337.8448334723
PWY-7328: superpathway of UDP-glucose-derived O-antigen building blocks biosynthesis|unclassified	54.4265829093
GLCMANNANAUT-PWY: superpathway of N-acetylglucosamine, N-acetylmannosamine and N-acetylneuraminate degradation	326.2873578707
GLCMANNANAUT-PWY: superpathway of N-acetylglucosamine, N-acetylmannosamine and N-acetylneuraminate degradation|g__Faecalibacterium.s__Faecalibacterium_prausnitzii	150.9623431314
PWY-6507: 4-deoxy-L-threo-hex-4-enopyranuronate degradation	325.5956798774
PWY-6507: 4-deoxy-L-threo-hex-4-enopyranuronate degradation|g__Faecalibacterium.s__Faecalibacterium_prausnitzii	224.2074357069
PWY-6507: 4-deoxy-L-threo-hex-4-enopyranuronate degradation|unclassified	17.4481116892
PWY-5030: L-histidine degradation III	323.4969840414
PWY-5030: L-histidine degradation III|g__Bacteroides.s__Bacteroides_vulgatus	104.1995575311
PWY-5030: L-histidine degradation III|g__Alistipes.s__Alistipes_putredinis	67.8664515317
PWY-5030: L-histidine degradation III|g__Bacteroides.s__Bacteroides_ovatus	31.0948627381
PWY-5030: L-histidine degradation III|g__Bacteroides.s__Bacteroides_stercoris	9.7174681689
PWY-5030: L-histidine degradation III|g__Alistipes.s__Alistipes_shahii	8.1937230229
PWY-5030: L-histidine degradation III|g__Bacteroides.s__Bacteroides_uniformis	6.7547185067
PWY-5030: L-histidine degradation III|g__Bacteroides.s__Bacteroides_dorei	5.5425824632
PWY-5030: L-histidine degradation III|g__Bacteroides.s__Bacteroides_thetaiotaomicron	4.4906818352
PWY-5030: L-histidine degradation III|g__Catenibacterium.s__Catenibacterium_mitsuokai	1.4833469373
PWY-8004: Entner-Doudoroff pathway I	313.2228516442
PWY-8004: Entner-Doudoroff pathway I|g__Parabacteroides.s__Parabacteroides_distasonis	18.9405109604
PWY-8004: Entner-Doudoroff pathway I|unclassified	8.6405004534
HISDEG-PWY: L-histidine degradation I	306.6307180458
HISDEG-PWY: L-histidine degradation I|g__Bacteroides.s__Bacteroides_vulgatus	103.8489508225
HISDEG-PWY: L-histidine degradation I|g__Alistipes.s__Alistipes_putredinis	62.7372196021
HISDEG-PWY: L-histidine degradation I|g__Bacteroides.s__Bacteroides_ovatus	29.1478882844
HISDEG-PWY: L-histidine degradation I|g__Parabacteroides.s__Parabacteroides_distasonis	24.5006298107
HISDEG-PWY: L-histidine degradation I|g__Firmicutes_unclassified.s__Firmicutes_bacterium_CAG_129	19.0794803381
HISDEG-PWY: L-histidine degradation I|g__Bacteroides.s__Bacteroides_stercoris	9.2700134512
HISDEG-PWY: L-histidine degradation I|g__Parabacteroides.s__Parabacteroides_merdae	9.0460253819
HISDEG-PWY: L-histidine degradation I|g__Alistipes.s__Alistipes_shahii	7.1348940914
HISDEG-PWY: L-histidine degradation I|g__Bacteroides.s__Bacteroides_dorei	6.3841016099
HISDEG-PWY: L-histidine degradation I|g__Bacteroides.s__Bacteroides_uniformis	6.1967467080
HISDEG-PWY: L-histidine degradation I|g__Bacteroides.s__Bacteroides_thetaiotaomicron	3.9900249377
HISDEG-PWY: L-histidine degradation I|g__Catenibacterium.s__Catenibacterium_mitsuokai	1.0187307541
PWY-6305: superpathway of putrescine biosynthesis	306.3940691264
PWY-6305: superpathway of putrescine biosynthesis|unclassified	26.7844010825
PWY-7220: adenosine deoxyribonucleotides de novo biosynthesis II	305.3026336980
PWY-7220: adenosine deoxyribonucleotides de novo biosynthesis II|g__Bacteroides.s__Bacteroides_vulgatus	156.2545985015
PWY-7220: adenosine deoxyribonucleotides de novo biosynthesis II|unclassified	35.5555368742
PWY-7220: adenosine deoxyribonucleotides de novo biosynthesis II|g__Parabacteroides.s__Parabacteroides_distasonis	18.9359783589
PWY-7220: adenosine deoxyribonucleotides de novo biosynthesis II|g__Bacteroides.s__Bacteroides_ovatus	7.3586641194
PWY-7220: adenosine deoxyribonucleotides de novo biosynthesis II|g__Bacteroides.s__Bacteroides_thetaiotaomicron	3.4530386740
PWY-7222: guanosine deoxyribonucleotides de novo biosynthesis II	305.3026336980
PWY-7222: guanosine deoxyribonucleotides de novo biosynthesis II|g__Bacteroides.s__Bacteroides_vulgatus	156.2545985015
PWY-7222: guanosine deoxyribonucleotides de novo biosynthesis II|unclassified	35.5555368742
PWY-7222: guanosine deoxyribonucleotides de novo biosynthesis II|g__Parabacteroides.s__Parabacteroides_distasonis	18.9359783589
PWY-7222: guanosine deoxyribonucleotides de novo biosynthesis II|g__Bacteroides.s__Bacteroides_ovatus	7.3586641194
PWY-7222: guanosine deoxyribonucleotides de novo biosynthesis II|g__Bacteroides.s__Bacteroides_thetaiotaomicron	3.4530386740
PWY-6892: thiazole component of thiamine diphosphate biosynthesis I	304.1974498062
PWY-6892: thiazole component of thiamine diphosphate biosynthesis I|g__Bacteroides.s__Bacteroides_ovatus	28.1155962732
PWY-6892: thiazole component of thiamine diphosphate biosynthesis I|unclassified	22.5088672862
PWY-6892: thiazole component of thiamine diphosphate biosynthesis I|g__Blautia.s__Blautia_sp	22.2208174272
PWY-6892: thiazole component of thiamine diphosphate biosynthesis I|g__Roseburia.s__Roseburia_intestinalis	19.9874347262
PWY-6892: thiazole component of thiamine diphosphate biosynthesis I|g__Eubacterium.s__Eubacterium_eligens	13.5689586249
PWY-6892: thiazole component of thiamine diphosphate biosynthesis I|g__Bacteroides.s__Bacteroides_uniformis	8.0536297438
PWY-6892: thiazole component of thiamine diphosphate biosynthesis I|g__Bacteroides.s__Bacteroides_caccae	7.9592352799
PWY-6892: thiazole component of thiamine diphosphate biosynthesis I|g__Blautia.s__Blautia_wexlerae	2.7242111764
PWY-6892: thiazole component of thiamine diphosphate biosynthesis I|g__Catenibacterium.s__Catenibacterium_mitsuokai	2.6915656748
PWY-6892: thiazole component of thiamine diphosphate biosynthesis I|g__Bacteroides.s__Bacteroides_thetaiotaomicron	2.6552444347
PWY-7392: taxadiene biosynthesis (engineered)	293.9351388767
PWY-7282: 4-amino-2-methyl-5-diphosphomethylpyrimidine biosynthesis II	293.6096537599
PWY-7282: 4-amino-2-methyl-5-diphosphomethylpyrimidine biosynthesis II|g__Bacteroides.s__Bacteroides_ovatus	20.2535308053
PWY-7761: NAD salvage pathway II (PNC IV cycle)	288.4935886048
PWY-7761: NAD salvage pathway II (PNC IV cycle)|unclassified	9.5205059165
GLYCOCAT-PWY: glycogen degradation I	286.7542136765
GLYCOCAT-PWY: glycogen degradation I|g__Coprococcus.s__Coprococcus_eutactus	45.2953193167
GLYCOCAT-PWY: glycogen degradation I|unclassified	22.4002806567
ARGININE-SYN4-PWY: L-ornithine biosynthesis II	284.4300054254
ARGININE-SYN4-PWY: L-ornithine biosynthesis II|g__Bacteroides.s__Bacteroides_vulgatus	92.2280760332
ARGININE-SYN4-PWY: L-ornithine biosynthesis II|g__Bacteroides.s__Bacteroides_ovatus	23.8275313371
ARGININE-SYN4-PWY: L-ornithine biosynthesis II|g__Parabacteroides.s__Parabacteroides_distasonis	19.1297026824
ARGININE-SYN4-PWY: L-ornithine biosynthesis II|g__Catenibacterium.s__Catenibacterium_mitsuokai	10.2448923301
ARGININE-SYN4-PWY: L-ornithine biosynthesis II|g__Bacteroides.s__Bacteroides_stercoris	9.9665623989
ARGININE-SYN4-PWY: L-ornithine biosynthesis II|unclassified	6.7803819074
ARGININE-SYN4-PWY: L-ornithine biosynthesis II|g__Bacteroides.s__Bacteroides_xylanisolvens	2.6675558520
ARGININE-SYN4-PWY: L-ornithine biosynthesis II|g__Bacteroides.s__Bacteroides_dorei	2.4505513741
ARGININE-SYN4-PWY: L-ornithine biosynthesis II|g__Bacteroides.s__Bacteroides_thetaiotaomicron	1.7466295508
PWY-6969: TCA cycle V (2-oxoglutarate synthase)	276.2395238200
PWY-6969: TCA cycle V (2-oxoglutarate synthase)|unclassified	46.7761839091
PWY-7197: pyrimidine deoxyribonucleotide phosphorylation	271.4476940027
PWY-7197: pyrimidine deoxyribonucleotide phosphorylation|unclassified	35.6320267976
PWY-6608: guanosine nucleotides degradation III	263.1031283106
PWY-6608: guanosine nucleotides degradation III|g__Faecalibacterium.s__Faecalibacterium_prausnitzii	149.9900773268
PWY-6608: guanosine nucleotides degradation III|unclassified	22.4403082402
PWY-6608: guanosine nucleotides degradation III|g__Roseburia.s__Roseburia_intestinalis	21.3705255462
PWY-6168: flavin biosynthesis III (fungi)	262.5186027649
PWY-7383: anaerobic energy metabolism (invertebrates, cytosol)	260.1161600028
PWY-7383: anaerobic energy metabolism (invertebrates, cytosol)|unclassified	13.9858785179
DAPLYSINESYN-PWY: L-lysine biosynthesis I	259.7428313603
DAPLYSINESYN-PWY: L-lysine biosynthesis I|g__Bifidobacterium.s__Bifidobacterium_adolescentis	46.6623792784
DAPLYSINESYN-PWY: L-lysine biosynthesis I|unclassified	27.0056551752
DAPLYSINESYN-PWY: L-lysine biosynthesis I|g__Bifidobacterium.s__Bifidobacterium_catenulatum	4.6564419087
PWY66-399: gluconeogenesis III	257.5792960935
PWY66-399: gluconeogenesis III|unclassified	14.3304834634
PWY-4041: &gamma;-glutamyl cycle	242.5953617384
PWY-4041: &gamma;-glutamyl cycle|unclassified	10.8386834904
FASYN-ELONG-PWY: fatty acid elongation -- saturated	242.4308913244
FASYN-ELONG-PWY: fatty acid elongation -- saturated|unclassified	9.4576628438
PWY-5971: palmitate biosynthesis (type II fatty acid synthase)	237.1676605111
SALVADEHYPOX-PWY: adenosine nucleotides degradation II	226.6639627871
SALVADEHYPOX-PWY: adenosine nucleotides degradation II|g__Faecalibacterium.s__Faecalibacterium_prausnitzii	138.3856718263
SALVADEHYPOX-PWY: adenosine nucleotides degradation II|unclassified	20.6079962798
SALVADEHYPOX-PWY: adenosine nucleotides degradation II|g__Roseburia.s__Roseburia_intestinalis	20.4812004139
BIOTIN-BIOSYNTHESIS-PWY: biotin biosynthesis I	224.7528388105
BIOTIN-BIOSYNTHESIS-PWY: biotin biosynthesis I|unclassified	10.3015006199
PWY-7664: oleate biosynthesis IV (anaerobic)	223.3857610079
PWY-7664: oleate biosynthesis IV (anaerobic)|unclassified	8.7132397165
PWY-8187: L-arginine degradation XIII (reductive Stickland reaction)	217.1315531841
PWY-8187: L-arginine degradation XIII (reductive Stickland reaction)|unclassified	47.0596801909
PWY-8187: L-arginine degradation XIII (reductive Stickland reaction)|g__Asaccharobacter.s__Asaccharobacter_celatus	7.8129937463
PWY-8187: L-arginine degradation XIII (reductive Stickland reaction)|g__Adlercreutzia.s__Adlercreutzia_equolifaciens	3.7501065371
PWY-6519: 8-amino-7-oxononanoate biosynthesis I	209.3934274887
PWY-6519: 8-amino-7-oxononanoate biosynthesis I|unclassified	8.8284900003
PWY-5505: L-glutamate and L-glutamine biosynthesis	207.9351007466
PWY-5505: L-glutamate and L-glutamine biosynthesis|unclassified	69.4690705070
PWY0-862: (5Z)-dodecenoate biosynthesis I	202.2056596458
PWY0-862: (5Z)-dodecenoate biosynthesis I|unclassified	7.8856548674
PWY-1269: CMP-3-deoxy-D-manno-octulosonate biosynthesis	201.3618831371
PWY-1269: CMP-3-deoxy-D-manno-octulosonate biosynthesis|g__Bacteroides.s__Bacteroides_ovatus	23.6173981500
PWY-1269: CMP-3-deoxy-D-manno-octulosonate biosynthesis|g__Alistipes.s__Alistipes_shahii	10.7980659933
PWY-1269: CMP-3-deoxy-D-manno-octulosonate biosynthesis|g__Bacteroides.s__Bacteroides_caccae	4.0496076943
PWY-1269: CMP-3-deoxy-D-manno-octulosonate biosynthesis|g__Catenibacterium.s__Catenibacterium_mitsuokai	3.3467202142
PWY-1269: CMP-3-deoxy-D-manno-octulosonate biosynthesis|g__Bacteroides.s__Bacteroides_uniformis	3.1201248050
PWY-1861: formaldehyde assimilation II (assimilatory RuMP Cycle)	200.1280027656
PWY-1861: formaldehyde assimilation II (assimilatory RuMP Cycle)|unclassified	30.2664966285
PWY-6282: palmitoleate biosynthesis I (from (5Z)-dodec-5-enoate)	198.0038570069
PWY-6282: palmitoleate biosynthesis I (from (5Z)-dodec-5-enoate)|unclassified	7.6376418315
PWY0-1061: superpathway of L-alanine biosynthesis	197.3853957969
PWY0-1061: superpathway of L-alanine biosynthesis|g__Lachnospiraceae_unclassified.s__Eubacterium_rectale	51.5012555176
PWY0-1061: superpathway of L-alanine biosynthesis|g__Bifidobacterium.s__Bifidobacterium_adolescentis	39.0090185711
PWY0-1061: superpathway of L-alanine biosynthesis|g__Bifidobacterium.s__Bifidobacterium_bifidum	8.2843074662
ARG+POLYAMINE-SYN: superpathway of arginine and polyamine biosynthesis	196.9097740879
PWY-5989: stearate biosynthesis II (bacteria and plants)	196.2203104054
PWY-5989: stearate biosynthesis II (bacteria and plants)|unclassified	6.8004032792
POLYISOPRENSYN-PWY: polyisoprenoid biosynthesis (E. coli)	196.1828971861
POLYISOPRENSYN-PWY: polyisoprenoid biosynthesis (E. coli)|unclassified	7.9425798441
PWY-7117: C4 photosynthetic carbon assimilation cycle, PEPCK type	192.3088559602
PWY-241: C4 photosynthetic carbon assimilation cycle, NADP-ME type	185.1617248636
PWY-6549: L-glutamine biosynthesis III	180.0444065121
PWY-6549: L-glutamine biosynthesis III|unclassified	37.2998052922
PWY-6470: peptidoglycan biosynthesis V (&beta;-lactam resistance)	170.7556999231
PWY-7345: superpathway of anaerobic sucrose degradation	166.3920101225
PWY-6731: starch degradation III	162.8202543296
PWY-6731: starch degradation III|g__Fusicatenibacter.s__Fusicatenibacter_saccharivorans	16.9663086596
PWY-6731: starch degradation III|unclassified	11.8418240090
PWY-6731: starch degradation III|g__Blautia.s__Blautia_sp	7.8077945107
PWY-6895: superpathway of thiamine diphosphate biosynthesis II	161.7470922979
PWY-2941: L-lysine biosynthesis II	160.8211910056
PWY-2941: L-lysine biosynthesis II|unclassified	16.7313517577
PYRIDNUCSAL-PWY: NAD salvage pathway I (PNC VI cycle)	159.8888670576
PWY-7115: C4 photosynthetic carbon assimilation cycle, NAD-ME type	156.8814498830
PWY0-1479: tRNA processing	154.5518039792
PWY0-1479: tRNA processing|unclassified	27.9335117879
PWY-6590: superpathway of Clostridium acetobutylicum acidogenic fermentation	154.4764720904
GALACT-GLUCUROCAT-PWY: superpathway of hexuronide and hexuronate degradation	154.4559905446
GALACT-GLUCUROCAT-PWY: superpathway of hexuronide and hexuronate degradation|unclassified	12.3596205920
P124-PWY: Bifidobacterium shunt	153.7320732569
P124-PWY: Bifidobacterium shunt|unclassified	26.6071423364
P124-PWY: Bifidobacterium shunt|g__Bifidobacterium.s__Bifidobacterium_pseudocatenulatum	1.7582417582
PWY0-1261: anhydromuropeptides recycling I	153.1465832489
PWY-6353: purine nucleotides degradation II (aerobic)	149.4792531425
PWY-6353: purine nucleotides degradation II (aerobic)|g__Roseburia.s__Roseburia_intestinalis	22.2028977589
PWY-6353: purine nucleotides degradation II (aerobic)|unclassified	15.6577728792
PWY0-845: superpathway of pyridoxal 5'-phosphate biosynthesis and salvage	145.3153526034
PWY0-845: superpathway of pyridoxal 5'-phosphate biosynthesis and salvage|g__Bacteroides.s__Bacteroides_xylanisolvens	12.1824847297
PWY-5345: superpathway of L-methionine biosynthesis (by sulfhydrylation)	144.8387226994
PWY-5345: superpathway of L-methionine biosynthesis (by sulfhydrylation)|unclassified	33.8124158908
PWY3O-4107: NAD salvage pathway V (PNC V cycle)	144.5400324165
PWY3O-4107: NAD salvage pathway V (PNC V cycle)|g__Bifidobacterium.s__Bifidobacterium_bifidum	8.3408978950
PWY-5913: partial TCA cycle (obligate autotrophs)	138.0176229636
PWY-5913: partial TCA cycle (obligate autotrophs)|unclassified	9.3158320442
PWY-I9: L-cysteine biosynthesis VI (from L-methionine)	137.8761074102
PWY-I9: L-cysteine biosynthesis VI (from L-methionine)|g__Roseburia.s__Roseburia_intestinalis	21.8380135534
PWY-I9: L-cysteine biosynthesis VI (from L-methionine)|unclassified	18.2071296526
PWY-7198: pyrimidine deoxyribonucleotides de novo biosynthesis IV	137.5541245188
PWY-7198: pyrimidine deoxyribonucleotides de novo biosynthesis IV|unclassified	32.2404652203
PWY-702: L-methionine biosynthesis II	135.4257894649
PWY-702: L-methionine biosynthesis II|unclassified	10.8553672768
PWY-702: L-methionine biosynthesis II|g__Enterobacter.s__Enterobacter_soli	5.0318685005
PWY-702: L-methionine biosynthesis II|g__Raoultella.s__Raoultella_ornithinolytica	2.5139103704
PWY-702: L-methionine biosynthesis II|g__Klebsiella.s__Klebsiella_pneumoniae	1.0531858873
PWY-6902: chitin degradation II (Vibrio)	129.3002558904
PWY-6902: chitin degradation II (Vibrio)|g__Bacteroides.s__Bacteroides_vulgatus	79.7522042960
PWY-6902: chitin degradation II (Vibrio)|g__Fusicatenibacter.s__Fusicatenibacter_saccharivorans	21.1673402896
PWY-6902: chitin degradation II (Vibrio)|g__Bacteroides.s__Bacteroides_uniformis	10.3942606562
PWY-6902: chitin degradation II (Vibrio)|g__Bacteroides.s__Bacteroides_thetaiotaomicron	7.9770934039
PWY-6902: chitin degradation II (Vibrio)|g__Catenibacterium.s__Catenibacterium_mitsuokai	3.6463453028
PWY-5130: 2-oxobutanoate degradation I	128.1484420295
PWY-5130: 2-oxobutanoate degradation I|g__Alistipes.s__Alistipes_putredinis	70.9045993702
PWY-7211: superpathway of pyrimidine deoxyribonucleotides de novo biosynthesis	126.8230400975
PWY-6859: all-trans-farnesol biosynthesis	124.2047354266
CENTFERM-PWY: pyruvate fermentation to butanoate	122.5900342793
PYRIDOXSYN-PWY: pyridoxal 5'-phosphate biosynthesis I	120.4620192768
PYRIDOXSYN-PWY: pyridoxal 5'-phosphate biosynthesis I|g__Bacteroides.s__Bacteroides_stercoris	13.3120131368
PYRIDOXSYN-PWY: pyridoxal 5'-phosphate biosynthesis I|g__Bacteroides.s__Bacteroides_xylanisolvens	9.8201143032
SULFATE-CYS-PWY: superpathway of sulfate assimilation and cysteine biosynthesis	120.0878083900
SULFATE-CYS-PWY: superpathway of sulfate assimilation and cysteine biosynthesis|unclassified	23.0758295710
POLYAMSYN-PWY: superpathway of polyamine biosynthesis I	112.3853163423
POLYAMSYN-PWY: superpathway of polyamine biosynthesis I|unclassified	16.7310655650
PWY-5497: purine nucleobases degradation II (anaerobic)	105.8505328919
PWY-5497: purine nucleobases degradation II (anaerobic)|g__Roseburia.s__Roseburia_intestinalis	18.6081125792
GLYCOLYSIS-E-D: superpathway of glycolysis and the Entner-Doudoroff pathway	103.8186475605
GLYCOLYSIS-E-D: superpathway of glycolysis and the Entner-Doudoroff pathway|unclassified	12.1320462142
PWY-7210: pyrimidine deoxyribonucleotides biosynthesis from CTP	101.5461728044
PWY-7210: pyrimidine deoxyribonucleotides biosynthesis from CTP|unclassified	34.1830178949
FUC-RHAMCAT-PWY: superpathway of fucose and rhamnose degradation	100.0926073914
PWY-6545: pyrimidine deoxyribonucleotides de novo biosynthesis III	95.9972907055
PWY-6545: pyrimidine deoxyribonucleotides de novo biosynthesis III|unclassified	34.6683017070
PWY-7184: pyrimidine deoxyribonucleotides de novo biosynthesis I	95.9520384360
PWY-7184: pyrimidine deoxyribonucleotides de novo biosynthesis I|unclassified	33.6212696530
PWY-7942: 5-oxo-L-proline metabolism	95.4831993539
PWY-821: superpathway of sulfur amino acid biosynthesis (Saccharomyces cerevisiae)	82.5842100373
PWY-821: superpathway of sulfur amino acid biosynthesis (Saccharomyces cerevisiae)|unclassified	13.4833862584
PWY0-781: aspartate superpathway	80.1691085909
PWY0-781: aspartate superpathway|unclassified	14.7454886463
P42-PWY: incomplete reductive TCA cycle	79.2366878315
PWY-7356: thiamine diphosphate salvage IV (yeast)	78.1929302679
PWY-7356: thiamine diphosphate salvage IV (yeast)|g__Bifidobacterium.s__Bifidobacterium_adolescentis	20.2131376660
POLYAMINSYN3-PWY: superpathway of polyamine biosynthesis II	76.3082119144
P4-PWY: superpathway of L-lysine, L-threonine and L-methionine biosynthesis I	76.2308186837
P4-PWY: superpathway of L-lysine, L-threonine and L-methionine biosynthesis I|unclassified	14.3636023054
PWY-7185: UTP and CTP dephosphorylation I	75.8738319519
PWY-7185: UTP and CTP dephosphorylation I|unclassified	30.4201187578
PWY-7185: UTP and CTP dephosphorylation I|g__Bacteroides.s__Bacteroides_xylanisolvens	2.6092628832
METH-ACETATE-PWY: methanogenesis from acetate	74.9919084898
METH-ACETATE-PWY: methanogenesis from acetate|g__Fusicatenibacter.s__Fusicatenibacter_saccharivorans	12.3090396030
METH-ACETATE-PWY: methanogenesis from acetate|g__Blautia.s__Blautia_wexlerae	3.2348065181
PPGPPMET-PWY: ppGpp metabolism	74.4804551832
PPGPPMET-PWY: ppGpp metabolism|unclassified	36.7222864714
PPGPPMET-PWY: ppGpp metabolism|g__Enterobacter.s__Enterobacter_soli	5.9710404538
PWY0-1241: ADP-L-glycero-&beta;-D-manno-heptose biosynthesis	70.6042499492
PWY0-1241: ADP-L-glycero-&beta;-D-manno-heptose biosynthesis|g__Acetobacter.s__Acetobacter_sp_CAG_267	33.0096253469
PWY0-1241: ADP-L-glycero-&beta;-D-manno-heptose biosynthesis|g__Phascolarctobacterium.s__Phascolarctobacterium_succinatutens	8.7632479690
PWY0-1241: ADP-L-glycero-&beta;-D-manno-heptose biosynthesis|unclassified	5.1756211807
GLUDEG-I-PWY: GABA shunt	64.0509732701
PWY-6606: guanosine nucleotides degradation II	63.9197081671
PWY-6606: guanosine nucleotides degradation II|g__Roseburia.s__Roseburia_intestinalis	19.2753972380
PWY-6606: guanosine nucleotides degradation II|unclassified	7.5928386640
NAGLIPASYN-PWY: lipid IVA biosynthesis (E. coli)	63.2562388091
NAGLIPASYN-PWY: lipid IVA biosynthesis (E. coli)|unclassified	19.1605593595
NAGLIPASYN-PWY: lipid IVA biosynthesis (E. coli)|g__Bacteroides.s__Bacteroides_stercoris	3.6485512191
NAGLIPASYN-PWY: lipid IVA biosynthesis (E. coli)|g__Catenibacterium.s__Catenibacterium_mitsuokai	2.1356571573
PWY-8073: lipid IVA biosynthesis (P. putida)	63.2562388091
PWY-8073: lipid IVA biosynthesis (P. putida)|unclassified	19.1605593595
PWY-8073: lipid IVA biosynthesis (P. putida)|g__Bacteroides.s__Bacteroides_stercoris	3.6485512191
PWY-8073: lipid IVA biosynthesis (P. putida)|g__Catenibacterium.s__Catenibacterium_mitsuokai	2.1356571573
PWY-6906: chitin derivatives degradation	63.1403499936
PWY1ZNC-1: assimilatory sulfate reduction IV	58.2365036758
PWY1ZNC-1: assimilatory sulfate reduction IV|unclassified	5.2379882390
SO4ASSIM-PWY: assimilatory sulfate reduction I	58.2365036758
SO4ASSIM-PWY: assimilatory sulfate reduction I|unclassified	15.2664890962
SO4ASSIM-PWY: assimilatory sulfate reduction I|g__Enterobacter.s__Enterobacter_soli	3.8516344360
SO4ASSIM-PWY: assimilatory sulfate reduction I|g__Klebsiella.s__Klebsiella_pneumoniae	0.9379763161
PWY0-1298: superpathway of pyrimidine deoxyribonucleosides degradation	57.2750600096
PWY-5690: TCA cycle II (plants and fungi)	50.9911061138
PWY-5690: TCA cycle II (plants and fungi)|unclassified	31.0946356047
FUCCAT-PWY: fucose degradation	50.6894023074
FUCCAT-PWY: fucose degradation|unclassified	8.9292452579
P461-PWY: hexitol fermentation to lactate, formate, ethanol and acetate	48.6470365267
P461-PWY: hexitol fermentation to lactate, formate, ethanol and acetate|unclassified	16.9100969848
PWY-6284: superpathway of unsaturated fatty acids biosynthesis (E. coli)	48.1571921417
P441-PWY: superpathway of N-acetylneuraminate degradation	47.9161865168
P164-PWY: purine nucleobases degradation I (anaerobic)	46.9785360928
PWY-7883: anhydromuropeptides recycling II	43.3547309963
MET-SAM-PWY: superpathway of S-adenosyl-L-methionine biosynthesis	43.2104523765
MET-SAM-PWY: superpathway of S-adenosyl-L-methionine biosynthesis|unclassified	11.6546967719
PWY-5347: superpathway of L-methionine biosynthesis (transsulfuration)	43.1004608743
PWY-5347: superpathway of L-methionine biosynthesis (transsulfuration)|unclassified	11.7914235926
PWY0-1477: ethanolamine utilization	42.4162956634
PWY0-1477: ethanolamine utilization|unclassified	28.0985016240
PWY-6531: mannitol cycle	39.8766966549
PWY-5136: fatty acid &beta;-oxidation II (plant peroxisome)	38.7599272344
METSYN-PWY: superpathway of L-homoserine and L-methionine biosynthesis	38.1218095818
METSYN-PWY: superpathway of L-homoserine and L-methionine biosynthesis|unclassified	10.7816161639
TCA: TCA cycle I (prokaryotic)	37.8110348195
TCA: TCA cycle I (prokaryotic)|unclassified	23.8468096341
PWY-7315: dTDP-N-acetylthomosamine biosynthesis	37.2827496755
PWY-7315: dTDP-N-acetylthomosamine biosynthesis|unclassified	13.9716893998
PWY-7315: dTDP-N-acetylthomosamine biosynthesis|g__Lachnospiraceae_unclassified.s__Eubacterium_rectale	9.2311172719
PWY-7315: dTDP-N-acetylthomosamine biosynthesis|g__Bacteroides.s__Bacteroides_uniformis	4.2480997699
P108-PWY: pyruvate fermentation to propanoate I	34.4709057740
PWY-3801: sucrose degradation II (sucrose synthase)	33.5625758747
ORNDEG-PWY: superpathway of ornithine degradation	32.7662120024
ORNDEG-PWY: superpathway of ornithine degradation|unclassified	13.4659986737
PWY-7013: (S)-propane-1,2-diol degradation	32.6274807620
PWY-7013: (S)-propane-1,2-diol degradation|unclassified	10.9310474930
PWY-5994: palmitate biosynthesis (type I fatty acid synthase)	31.5306943105
PWY-7196: superpathway of pyrimidine ribonucleosides salvage	30.6310598315
NAD-BIOSYNTHESIS-II: NAD salvage pathway III (to nicotinamide riboside)	30.5740108446
PWY-8131: 5'-deoxyadenosine degradation II	29.0604653105
PWY-8131: 5'-deoxyadenosine degradation II|unclassified	8.6224036998
P23-PWY: reductive TCA cycle I	28.6024451653
PWY-6607: guanosine nucleotides degradation I	27.9626790167
PWY-6803: phosphatidylcholine acyl editing	27.9236938877
PWY-6803: phosphatidylcholine acyl editing|unclassified	10.1593031022
ALLANTOINDEG-PWY: superpathway of allantoin degradation in yeast	27.9064247052
LACTOSECAT-PWY: lactose and galactose degradation I	26.8260190798
LACTOSECAT-PWY: lactose and galactose degradation I|unclassified	20.1119498065
PWY-6595: superpathway of guanosine nucleotides degradation (plants)	25.2054317715
PWY-561: superpathway of glyoxylate cycle and fatty acid degradation	23.6154245085
RUMP-PWY: formaldehyde oxidation I	22.8846064639
PWY-5918: superpathway of heme b biosynthesis from glutamate	22.2086187999
PWY-5918: superpathway of heme b biosynthesis from glutamate|unclassified	13.4259985600
HOMOSER-METSYN-PWY: L-methionine biosynthesis I	22.0461686774
HOMOSER-METSYN-PWY: L-methionine biosynthesis I|unclassified	6.3047412120
PWY-7254: TCA cycle VII (acetate-producers)	21.6001481692
PWY-5705: allantoin degradation to glyoxylate III	21.3004244751
PWY-5705: allantoin degradation to glyoxylate III|unclassified	12.8892831919
TCA-GLYOX-BYPASS: superpathway of glyoxylate bypass and TCA	20.0018623215
PWY-6293: superpathway of L-cysteine biosynthesis (fungi)	19.0855208355
PWY-6293: superpathway of L-cysteine biosynthesis (fungi)|unclassified	14.8219628848
PWY0-301: L-ascorbate degradation I (bacterial, anaerobic)	17.6272641127
HEMESYN2-PWY: heme b biosynthesis II (oxygen-independent)	16.8835968962
HEMESYN2-PWY: heme b biosynthesis II (oxygen-independent)|unclassified	13.0711004996
GLYOXYLATE-BYPASS: glyoxylate cycle	16.6548169198
PWY-5367: petroselinate biosynthesis	16.5592073378
PWY-5005: biotin biosynthesis II	16.1858386734
PWY-5005: biotin biosynthesis II|unclassified	12.8247854668
PWY-5723: Rubisco shunt	15.4682644877
PWY-5723: Rubisco shunt|unclassified	13.8914589826
REDCITCYC: TCA cycle VI (Helicobacter)	14.8447958057
PWY4LZ-257: superpathway of fermentation (Chlamydomonas reinhardtii)	14.1004078687
PWY-5676: acetyl-CoA fermentation to butanoate II	14.0266962145
HEME-BIOSYNTHESIS-II: heme b biosynthesis I (aerobic)	13.2219067678
HEME-BIOSYNTHESIS-II: heme b biosynthesis I (aerobic)|unclassified	9.6261763311
P185-PWY: formaldehyde assimilation III (dihydroxyacetone cycle)	12.2909711502
P185-PWY: formaldehyde assimilation III (dihydroxyacetone cycle)|unclassified	5.9414130015
PWY-5920: superpathway of heme b biosynthesis from glycine	12.0786491378
GOLPDLCAT-PWY: superpathway of glycerol degradation to 1,3-propanediol	11.8772377597
PWY-7312: dTDP-&beta;-D-fucofuranose biosynthesis	11.6146145601
PWY-7312: dTDP-&beta;-D-fucofuranose biosynthesis|g__Bacteroides.s__Bacteroides_stercoris	7.4094128040
PWY-801: homocysteine and cysteine interconversion	11.5369710707
PWY-801: homocysteine and cysteine interconversion|unclassified	9.1328663398
PWY-5189: tetrapyrrole biosynthesis II (from glycine)	11.5107981820
PWY-5189: tetrapyrrole biosynthesis II (from glycine)|unclassified	10.0690894433
HEME-BIOSYNTHESIS-II-1: heme b biosynthesis V (aerobic)	10.8620760766
HEME-BIOSYNTHESIS-II-1: heme b biosynthesis V (aerobic)|unclassified	9.6261763311
PWY-7118: chitin deacetylation	10.5934501226
PWY-6435: 4-hydroxybenzoate biosynthesis III (plants)	10.2154115646
GALACTARDEG-PWY: D-galactarate degradation I	9.6898973306
GALACTARDEG-PWY: D-galactarate degradation I|unclassified	8.5986836485
GLUCARGALACTSUPER-PWY: superpathway of D-glucarate and D-galactarate degradation	9.6898973306
GLUCARGALACTSUPER-PWY: superpathway of D-glucarate and D-galactarate degradation|unclassified	8.5986836485
GLUCARDEG-PWY: D-glucarate degradation I	9.5159384636
GLUCARDEG-PWY: D-glucarate degradation I|unclassified	8.6109220540
PWY0-1415: superpathway of heme b biosynthesis from uroporphyrinogen-III	9.2992396501
PWY-7820: teichuronic acid biosynthesis (B. subtilis 168)	9.1142196529
PWY-5675: nitrate reduction V (assimilatory)	3.7070234895
PWY-5675: nitrate reduction V (assimilatory)|unclassified	3.6816350354
PWY66-389: phytol degradation	0.6027326714
PWY66-389: phytol degradation|unclassified	0.5894742364