# Pathway	5_S41_L001_R1_001_Abundance
UNMAPPED	656023.0503712618
UNINTEGRATED	1891641.5386138572
UNINTEGRATED|g__Faecalibacterium.s__Faecalibacterium_prausnitzii	282273.7614933520
UNINTEGRATED|unclassified	136233.2608785802
UNINTEGRATED|g__Bifidobacterium.s__Bifidobacterium_adolescentis	124414.4006670648
UNINTEGRATED|g__Roseburia.s__Roseburia_faecis	113172.3247722111
UNINTEGRATED|g__Ruminococcus.s__Ruminococcus_bromii	113096.0821261700
UNINTEGRATED|g__Fusicatenibacter.s__Fusicatenibacter_saccharivorans	97437.6355207433
UNINTEGRATED|g__Lachnospiraceae_unclassified.s__Eubacterium_rectale	96979.8896878407
UNINTEGRATED|g__Blautia.s__Blautia_obeum	71889.1506997989
UNINTEGRATED|g__Bifidobacterium.s__Bifidobacterium_longum	57447.2783792192
UNINTEGRATED|g__Bifidobacterium.s__Bifidobacterium_bifidum	50977.2275280537
UNINTEGRATED|g__Collinsella.s__Collinsella_aerofaciens	50936.4384131566
UNINTEGRATED|g__Coprococcus.s__Coprococcus_comes	46999.7414668331
UNINTEGRATED|g__Blautia.s__Ruminococcus_torques	46890.6064069797
UNINTEGRATED|g__Dorea.s__Dorea_longicatena	43921.3028232225
UNINTEGRATED|g__Gemmiger.s__Gemmiger_formicilis	32535.0353098199
UNINTEGRATED|g__Prevotella.s__Prevotella_sp_CAG_279	31796.8314739368
UNINTEGRATED|g__Roseburia.s__Roseburia_hominis	31237.2689762307
UNINTEGRATED|g__Subdoligranulum.s__Subdoligranulum_sp_APC924_74	25554.4595404371
UNINTEGRATED|g__Clostridium.s__Clostridium_sp_CAG_217	22008.0726247543
UNINTEGRATED|g__Roseburia.s__Roseburia_inulinivorans	21130.3811673066
UNINTEGRATED|g__Eubacterium.s__Eubacterium_hallii	19163.6841907011
UNINTEGRATED|g__Dorea.s__Dorea_formicigenerans	18697.9710546967
UNINTEGRATED|g__Blautia.s__Blautia_sp	17580.3073896338
UNINTEGRATED|g__Bacteroides.s__Bacteroides_uniformis	17152.0877305971
UNINTEGRATED|g__Ruminococcus.s__Ruminococcus_bicirculans	16343.1368091570
UNINTEGRATED|g__Coprococcus.s__Coprococcus_eutactus	16063.4063074761
UNINTEGRATED|g__Acidaminococcus.s__Acidaminococcus_intestini	15216.7333573278
UNINTEGRATED|g__Anaerostipes.s__Anaerostipes_hadrus	14632.7669505920
UNINTEGRATED|g__Blautia.s__Blautia_wexlerae	13831.8170345211
UNINTEGRATED|g__Mesosutterella.s__Mesosutterella_multiformis	13271.8695090166
UNINTEGRATED|g__Clostridiales_unclassified.s__Clostridiales_bacterium_KLE1615	11790.2208573806
UNINTEGRATED|g__Agathobaculum.s__Agathobaculum_butyriciproducens	9544.7941525411
UNINTEGRATED|g__Firmicutes_unclassified.s__Firmicutes_bacterium_AF16_15	7920.0709078578
UNINTEGRATED|g__Blautia.s__Blautia_sp_CAG_52	6619.1948954535
UNINTEGRATED|g__Sutterella.s__Sutterella_wadsworthensis	6574.9730419325
UNINTEGRATED|g__Lactobacillus.s__Lactobacillus_ruminis	5689.6978933955
UNINTEGRATED|g__Lachnospira.s__Lachnospira_pectinoschiza	5469.3197691450
UNINTEGRATED|g__Bacteroides.s__Bacteroides_vulgatus	5365.1212423713
UNINTEGRATED|g__Coprococcus.s__Coprococcus_catus	4911.5666545046
UNINTEGRATED|g__Phascolarctobacterium.s__Phascolarctobacterium_succinatutens	4077.2180684048
UNINTEGRATED|g__Blautia.s__Blautia_sp_AF19_10LB	3549.7179096767
UNINTEGRATED|g__Ruminococcus.s__Ruminococcus_sp_CAG_254	3227.0538104986
UNINTEGRATED|g__Bifidobacterium.s__Bifidobacterium_pseudocatenulatum	3109.3558331684
UNINTEGRATED|g__Firmicutes_unclassified.s__Firmicutes_bacterium_CAG_56	2934.1411186633
UNINTEGRATED|g__Clostridium.s__Clostridium_sp_CAG_75	2478.3465754083
UNINTEGRATED|g__Clostridium.s__Clostridium_sp_CAG_122	1626.0263260771
UNINTEGRATED|g__Bacteroides.s__Bacteroides_dorei	1478.1416566208
UNINTEGRATED|g__Firmicutes_unclassified.s__Firmicutes_bacterium_CAG_41	899.4929065251
PWY-7238: sucrose biosynthesis II	2818.4445088391
PWY-7238: sucrose biosynthesis II|g__Faecalibacterium.s__Faecalibacterium_prausnitzii	451.1556538381
PWY-7238: sucrose biosynthesis II|g__Ruminococcus.s__Ruminococcus_bromii	274.1874164706
PWY-7238: sucrose biosynthesis II|g__Roseburia.s__Roseburia_faecis	217.7475330720
PWY-7238: sucrose biosynthesis II|g__Bifidobacterium.s__Bifidobacterium_adolescentis	202.2783131953
PWY-7238: sucrose biosynthesis II|unclassified	189.7442890824
PWY-7238: sucrose biosynthesis II|g__Fusicatenibacter.s__Fusicatenibacter_saccharivorans	134.6276468823
PWY-7238: sucrose biosynthesis II|g__Collinsella.s__Collinsella_aerofaciens	129.7557600338
PWY-7238: sucrose biosynthesis II|g__Lachnospiraceae_unclassified.s__Eubacterium_rectale	113.5905991341
PWY-7238: sucrose biosynthesis II|g__Blautia.s__Blautia_obeum	108.1393731533
PWY-7238: sucrose biosynthesis II|g__Blautia.s__Ruminococcus_torques	96.1326785427
PWY-7238: sucrose biosynthesis II|g__Roseburia.s__Roseburia_hominis	89.3965659230
PWY-7238: sucrose biosynthesis II|g__Bifidobacterium.s__Bifidobacterium_longum	87.4916084180
PWY-7238: sucrose biosynthesis II|g__Gemmiger.s__Gemmiger_formicilis	64.1276884075
PWY-7238: sucrose biosynthesis II|g__Subdoligranulum.s__Subdoligranulum_sp_APC924_74	57.4493134314
PWY-7238: sucrose biosynthesis II|g__Clostridium.s__Clostridium_sp_CAG_217	52.7585368012
PWY-7238: sucrose biosynthesis II|g__Dorea.s__Dorea_longicatena	50.5783540193
PWY-7238: sucrose biosynthesis II|g__Bifidobacterium.s__Bifidobacterium_bifidum	47.6955993551
PWY-7238: sucrose biosynthesis II|g__Blautia.s__Blautia_sp	34.1680490291
PWY-7238: sucrose biosynthesis II|g__Coprococcus.s__Coprococcus_comes	30.4799746058
PWY-7238: sucrose biosynthesis II|g__Ruminococcus.s__Ruminococcus_bicirculans	30.2330418478
PWY-7238: sucrose biosynthesis II|g__Blautia.s__Blautia_wexlerae	25.1320831564
PWY-7238: sucrose biosynthesis II|g__Blautia.s__Blautia_sp_CAG_52	22.8576735689
PWY-7238: sucrose biosynthesis II|g__Anaerostipes.s__Anaerostipes_hadrus	19.6106998409
PWY-7238: sucrose biosynthesis II|g__Eubacterium.s__Eubacterium_hallii	15.8737932505
PWY-7238: sucrose biosynthesis II|g__Coprococcus.s__Coprococcus_eutactus	14.1223651271
PWY-7238: sucrose biosynthesis II|g__Lachnospira.s__Lachnospira_pectinoschiza	12.7830191269
PWY-7238: sucrose biosynthesis II|g__Agathobaculum.s__Agathobaculum_butyriciproducens	12.4123184438
PWY-7238: sucrose biosynthesis II|g__Roseburia.s__Roseburia_inulinivorans	12.0331814817
PWY-7238: sucrose biosynthesis II|g__Ruminococcus.s__Ruminococcus_sp_CAG_254	12.0153552513
PWY-7238: sucrose biosynthesis II|g__Clostridiales_unclassified.s__Clostridiales_bacterium_KLE1615	11.0138945574
PWY-7238: sucrose biosynthesis II|g__Bacteroides.s__Bacteroides_uniformis	9.8656234053
PWY-7238: sucrose biosynthesis II|g__Firmicutes_unclassified.s__Firmicutes_bacterium_AF16_15	7.7425486049
PWY-7238: sucrose biosynthesis II|g__Bifidobacterium.s__Bifidobacterium_pseudocatenulatum	5.2932673711
PWY-5941: glycogen degradation II	2362.8852450745
PWY-5941: glycogen degradation II|g__Faecalibacterium.s__Faecalibacterium_prausnitzii	334.7371615497
PWY-5941: glycogen degradation II|g__Roseburia.s__Roseburia_faecis	182.4191168303
PWY-5941: glycogen degradation II|g__Bifidobacterium.s__Bifidobacterium_adolescentis	165.5354309652
PWY-5941: glycogen degradation II|g__Fusicatenibacter.s__Fusicatenibacter_saccharivorans	157.4384409555
PWY-5941: glycogen degradation II|g__Collinsella.s__Collinsella_aerofaciens	138.2806620051
PWY-5941: glycogen degradation II|unclassified	105.7591223036
PWY-5941: glycogen degradation II|g__Roseburia.s__Roseburia_hominis	86.1923035334
PWY-5941: glycogen degradation II|g__Bifidobacterium.s__Bifidobacterium_longum	81.9712876845
PWY-5941: glycogen degradation II|g__Blautia.s__Blautia_obeum	69.2382372567
PWY-5941: glycogen degradation II|g__Dorea.s__Dorea_longicatena	47.9179201815
PWY-5941: glycogen degradation II|g__Bifidobacterium.s__Bifidobacterium_bifidum	46.2936218518
PWY-5941: glycogen degradation II|g__Blautia.s__Blautia_sp	37.4383144125
PWY-5941: glycogen degradation II|g__Coprococcus.s__Coprococcus_comes	33.8217651489
PWY-5941: glycogen degradation II|g__Blautia.s__Ruminococcus_torques	33.6166597625
PWY-5941: glycogen degradation II|g__Blautia.s__Blautia_wexlerae	25.2013213330
PWY-5941: glycogen degradation II|g__Anaerostipes.s__Anaerostipes_hadrus	20.9599711460
PWY-5941: glycogen degradation II|g__Blautia.s__Blautia_sp_CAG_52	17.9920932743
PWY-5941: glycogen degradation II|g__Eubacterium.s__Eubacterium_hallii	17.7731103591
PWY-5941: glycogen degradation II|g__Clostridiales_unclassified.s__Clostridiales_bacterium_KLE1615	12.8704377395
PWY-5941: glycogen degradation II|g__Agathobaculum.s__Agathobaculum_butyriciproducens	12.7637324085
PWY-5941: glycogen degradation II|g__Lachnospira.s__Lachnospira_pectinoschiza	12.0268849081
PWY-5941: glycogen degradation II|g__Roseburia.s__Roseburia_inulinivorans	11.6251752706
PWY-5941: glycogen degradation II|g__Bifidobacterium.s__Bifidobacterium_pseudocatenulatum	4.5663303389
GLYCOGENSYNTH-PWY: glycogen biosynthesis I (from ADP-D-Glucose)	2047.7946844178
GLYCOGENSYNTH-PWY: glycogen biosynthesis I (from ADP-D-Glucose)|g__Faecalibacterium.s__Faecalibacterium_prausnitzii	300.5582712884
GLYCOGENSYNTH-PWY: glycogen biosynthesis I (from ADP-D-Glucose)|g__Ruminococcus.s__Ruminococcus_bromii	263.7335013407
GLYCOGENSYNTH-PWY: glycogen biosynthesis I (from ADP-D-Glucose)|g__Fusicatenibacter.s__Fusicatenibacter_saccharivorans	232.2014493058
GLYCOGENSYNTH-PWY: glycogen biosynthesis I (from ADP-D-Glucose)|unclassified	165.1440280520
GLYCOGENSYNTH-PWY: glycogen biosynthesis I (from ADP-D-Glucose)|g__Roseburia.s__Roseburia_faecis	134.9821342710
GLYCOGENSYNTH-PWY: glycogen biosynthesis I (from ADP-D-Glucose)|g__Bifidobacterium.s__Bifidobacterium_adolescentis	115.5733947726
GLYCOGENSYNTH-PWY: glycogen biosynthesis I (from ADP-D-Glucose)|g__Blautia.s__Ruminococcus_torques	109.4326506694
GLYCOGENSYNTH-PWY: glycogen biosynthesis I (from ADP-D-Glucose)|g__Collinsella.s__Collinsella_aerofaciens	93.8136283525
GLYCOGENSYNTH-PWY: glycogen biosynthesis I (from ADP-D-Glucose)|g__Roseburia.s__Roseburia_hominis	83.8563377827
GLYCOGENSYNTH-PWY: glycogen biosynthesis I (from ADP-D-Glucose)|g__Bifidobacterium.s__Bifidobacterium_longum	61.6258447453
GLYCOGENSYNTH-PWY: glycogen biosynthesis I (from ADP-D-Glucose)|g__Blautia.s__Blautia_obeum	51.1731266396
GLYCOGENSYNTH-PWY: glycogen biosynthesis I (from ADP-D-Glucose)|g__Coprococcus.s__Coprococcus_comes	51.0765560983
GLYCOGENSYNTH-PWY: glycogen biosynthesis I (from ADP-D-Glucose)|g__Dorea.s__Dorea_longicatena	47.8704666100
GLYCOGENSYNTH-PWY: glycogen biosynthesis I (from ADP-D-Glucose)|g__Gemmiger.s__Gemmiger_formicilis	43.9127157749
GLYCOGENSYNTH-PWY: glycogen biosynthesis I (from ADP-D-Glucose)|g__Clostridium.s__Clostridium_sp_CAG_217	37.2799404178
GLYCOGENSYNTH-PWY: glycogen biosynthesis I (from ADP-D-Glucose)|g__Lachnospiraceae_unclassified.s__Eubacterium_rectale	33.7195058021
GLYCOGENSYNTH-PWY: glycogen biosynthesis I (from ADP-D-Glucose)|g__Subdoligranulum.s__Subdoligranulum_sp_APC924_74	33.3321958471
GLYCOGENSYNTH-PWY: glycogen biosynthesis I (from ADP-D-Glucose)|g__Anaerostipes.s__Anaerostipes_hadrus	26.3002625808
GLYCOGENSYNTH-PWY: glycogen biosynthesis I (from ADP-D-Glucose)|g__Blautia.s__Blautia_sp	26.1663273105
GLYCOGENSYNTH-PWY: glycogen biosynthesis I (from ADP-D-Glucose)|g__Blautia.s__Blautia_wexlerae	25.3362585634
GLYCOGENSYNTH-PWY: glycogen biosynthesis I (from ADP-D-Glucose)|g__Eubacterium.s__Eubacterium_hallii	25.3165192732
GLYCOGENSYNTH-PWY: glycogen biosynthesis I (from ADP-D-Glucose)|g__Ruminococcus.s__Ruminococcus_bicirculans	24.9936809649
GLYCOGENSYNTH-PWY: glycogen biosynthesis I (from ADP-D-Glucose)|g__Bifidobacterium.s__Bifidobacterium_bifidum	22.0363707342
GLYCOGENSYNTH-PWY: glycogen biosynthesis I (from ADP-D-Glucose)|g__Agathobaculum.s__Agathobaculum_butyriciproducens	17.2638750822
GLYCOGENSYNTH-PWY: glycogen biosynthesis I (from ADP-D-Glucose)|g__Coprococcus.s__Coprococcus_eutactus	13.8883252135
GLYCOGENSYNTH-PWY: glycogen biosynthesis I (from ADP-D-Glucose)|g__Blautia.s__Blautia_sp_CAG_52	13.8711653920
GLYCOGENSYNTH-PWY: glycogen biosynthesis I (from ADP-D-Glucose)|g__Clostridiales_unclassified.s__Clostridiales_bacterium_KLE1615	12.3387320936
GLYCOGENSYNTH-PWY: glycogen biosynthesis I (from ADP-D-Glucose)|g__Lactobacillus.s__Lactobacillus_ruminis	8.8728549142
GLYCOGENSYNTH-PWY: glycogen biosynthesis I (from ADP-D-Glucose)|g__Roseburia.s__Roseburia_inulinivorans	8.7760539100
GLYCOGENSYNTH-PWY: glycogen biosynthesis I (from ADP-D-Glucose)|g__Blautia.s__Blautia_sp_AF19_10LB	6.2243779760
COMPLETE-ARO-PWY: superpathway of aromatic amino acid biosynthesis	2043.9932609282
COMPLETE-ARO-PWY: superpathway of aromatic amino acid biosynthesis|g__Fusicatenibacter.s__Fusicatenibacter_saccharivorans	117.1684482454
COMPLETE-ARO-PWY: superpathway of aromatic amino acid biosynthesis|g__Roseburia.s__Roseburia_faecis	104.1676264083
COMPLETE-ARO-PWY: superpathway of aromatic amino acid biosynthesis|unclassified	103.0977676579
COMPLETE-ARO-PWY: superpathway of aromatic amino acid biosynthesis|g__Blautia.s__Ruminococcus_torques	68.0358349793
COMPLETE-ARO-PWY: superpathway of aromatic amino acid biosynthesis|g__Blautia.s__Blautia_obeum	66.1812435283
COMPLETE-ARO-PWY: superpathway of aromatic amino acid biosynthesis|g__Bifidobacterium.s__Bifidobacterium_longum	55.0109779793
COMPLETE-ARO-PWY: superpathway of aromatic amino acid biosynthesis|g__Clostridium.s__Clostridium_sp_CAG_217	49.5552072129
COMPLETE-ARO-PWY: superpathway of aromatic amino acid biosynthesis|g__Blautia.s__Blautia_sp	20.2784324700
COMPLETE-ARO-PWY: superpathway of aromatic amino acid biosynthesis|g__Anaerostipes.s__Anaerostipes_hadrus	16.8111168453
COMPLETE-ARO-PWY: superpathway of aromatic amino acid biosynthesis|g__Acidaminococcus.s__Acidaminococcus_intestini	15.0109022829
PWY-6163: chorismate biosynthesis from 3-dehydroquinate	2026.0361213021
PWY-6163: chorismate biosynthesis from 3-dehydroquinate|g__Faecalibacterium.s__Faecalibacterium_prausnitzii	391.4761055310
PWY-6163: chorismate biosynthesis from 3-dehydroquinate|g__Ruminococcus.s__Ruminococcus_bromii	307.5105096459
PWY-6163: chorismate biosynthesis from 3-dehydroquinate|g__Fusicatenibacter.s__Fusicatenibacter_saccharivorans	125.7504759216
PWY-6163: chorismate biosynthesis from 3-dehydroquinate|g__Roseburia.s__Roseburia_faecis	111.9021400824
PWY-6163: chorismate biosynthesis from 3-dehydroquinate|g__Bifidobacterium.s__Bifidobacterium_adolescentis	106.5152802772
PWY-6163: chorismate biosynthesis from 3-dehydroquinate|unclassified	88.9259961528
PWY-6163: chorismate biosynthesis from 3-dehydroquinate|g__Lachnospiraceae_unclassified.s__Eubacterium_rectale	78.2082825450
PWY-6163: chorismate biosynthesis from 3-dehydroquinate|g__Collinsella.s__Collinsella_aerofaciens	71.0122093303
PWY-6163: chorismate biosynthesis from 3-dehydroquinate|g__Blautia.s__Blautia_obeum	68.7881358421
PWY-6163: chorismate biosynthesis from 3-dehydroquinate|g__Blautia.s__Ruminococcus_torques	68.4428023268
PWY-6163: chorismate biosynthesis from 3-dehydroquinate|g__Clostridium.s__Clostridium_sp_CAG_217	51.7938937806
PWY-6163: chorismate biosynthesis from 3-dehydroquinate|g__Bifidobacterium.s__Bifidobacterium_longum	50.9766699860
PWY-6163: chorismate biosynthesis from 3-dehydroquinate|g__Prevotella.s__Prevotella_sp_CAG_279	50.7323172966
PWY-6163: chorismate biosynthesis from 3-dehydroquinate|g__Coprococcus.s__Coprococcus_comes	49.7405028821
PWY-6163: chorismate biosynthesis from 3-dehydroquinate|g__Subdoligranulum.s__Subdoligranulum_sp_APC924_74	48.2664444820
PWY-6163: chorismate biosynthesis from 3-dehydroquinate|g__Bifidobacterium.s__Bifidobacterium_bifidum	37.9697167920
PWY-6163: chorismate biosynthesis from 3-dehydroquinate|g__Roseburia.s__Roseburia_hominis	37.8809995457
PWY-6163: chorismate biosynthesis from 3-dehydroquinate|g__Blautia.s__Blautia_sp	24.3416058300
PWY-6163: chorismate biosynthesis from 3-dehydroquinate|g__Anaerostipes.s__Anaerostipes_hadrus	19.5324664769
PWY-6163: chorismate biosynthesis from 3-dehydroquinate|g__Acidaminococcus.s__Acidaminococcus_intestini	18.7993482893
PWY-6163: chorismate biosynthesis from 3-dehydroquinate|g__Ruminococcus.s__Ruminococcus_bicirculans	16.7544279560
PWY-6163: chorismate biosynthesis from 3-dehydroquinate|g__Dorea.s__Dorea_longicatena	15.9845764405
PWY-6163: chorismate biosynthesis from 3-dehydroquinate|g__Mesosutterella.s__Mesosutterella_multiformis	15.8526123097
PWY-6163: chorismate biosynthesis from 3-dehydroquinate|g__Clostridiales_unclassified.s__Clostridiales_bacterium_KLE1615	12.8861234859
PWY-6163: chorismate biosynthesis from 3-dehydroquinate|g__Blautia.s__Blautia_wexlerae	11.7779263438
PWY-6163: chorismate biosynthesis from 3-dehydroquinate|g__Eubacterium.s__Eubacterium_hallii	11.7049203110
PWY-6163: chorismate biosynthesis from 3-dehydroquinate|g__Lactobacillus.s__Lactobacillus_ruminis	10.9654427729
PWY-6163: chorismate biosynthesis from 3-dehydroquinate|g__Roseburia.s__Roseburia_inulinivorans	10.9012628028
PWY-6163: chorismate biosynthesis from 3-dehydroquinate|g__Bacteroides.s__Bacteroides_uniformis	9.9854303494
PWY-6163: chorismate biosynthesis from 3-dehydroquinate|g__Coprococcus.s__Coprococcus_eutactus	9.8521243057
PWY-6163: chorismate biosynthesis from 3-dehydroquinate|g__Agathobaculum.s__Agathobaculum_butyriciproducens	8.6346747606
PWY-6163: chorismate biosynthesis from 3-dehydroquinate|g__Phascolarctobacterium.s__Phascolarctobacterium_succinatutens	8.4795785319
PWY-6163: chorismate biosynthesis from 3-dehydroquinate|g__Blautia.s__Blautia_sp_CAG_52	7.9048286105
PWY-6163: chorismate biosynthesis from 3-dehydroquinate|g__Ruminococcus.s__Ruminococcus_sp_CAG_254	6.1782877317
ARO-PWY: chorismate biosynthesis I	2016.0682140380
ARO-PWY: chorismate biosynthesis I|g__Faecalibacterium.s__Faecalibacterium_prausnitzii	355.3735590033
ARO-PWY: chorismate biosynthesis I|g__Ruminococcus.s__Ruminococcus_bromii	293.8677202687
ARO-PWY: chorismate biosynthesis I|g__Bifidobacterium.s__Bifidobacterium_adolescentis	127.9179783486
ARO-PWY: chorismate biosynthesis I|g__Fusicatenibacter.s__Fusicatenibacter_saccharivorans	112.3881951919
ARO-PWY: chorismate biosynthesis I|unclassified	105.5836892153
ARO-PWY: chorismate biosynthesis I|g__Roseburia.s__Roseburia_faecis	102.5747179137
ARO-PWY: chorismate biosynthesis I|g__Collinsella.s__Collinsella_aerofaciens	79.0439761726
ARO-PWY: chorismate biosynthesis I|g__Blautia.s__Ruminococcus_torques	70.2785132174
ARO-PWY: chorismate biosynthesis I|g__Lachnospiraceae_unclassified.s__Eubacterium_rectale	62.7051016740
ARO-PWY: chorismate biosynthesis I|g__Blautia.s__Blautia_obeum	62.2131955588
ARO-PWY: chorismate biosynthesis I|g__Bifidobacterium.s__Bifidobacterium_longum	52.9809162220
ARO-PWY: chorismate biosynthesis I|g__Clostridium.s__Clostridium_sp_CAG_217	51.3214251228
ARO-PWY: chorismate biosynthesis I|g__Subdoligranulum.s__Subdoligranulum_sp_APC924_74	43.6893402968
ARO-PWY: chorismate biosynthesis I|g__Coprococcus.s__Coprococcus_comes	42.4653908158
ARO-PWY: chorismate biosynthesis I|g__Roseburia.s__Roseburia_hominis	41.0296661726
ARO-PWY: chorismate biosynthesis I|g__Bifidobacterium.s__Bifidobacterium_bifidum	35.6257023616
ARO-PWY: chorismate biosynthesis I|g__Blautia.s__Blautia_sp	20.6210184296
ARO-PWY: chorismate biosynthesis I|g__Anaerostipes.s__Anaerostipes_hadrus	19.3471497446
ARO-PWY: chorismate biosynthesis I|g__Dorea.s__Dorea_longicatena	18.8788578934
ARO-PWY: chorismate biosynthesis I|g__Acidaminococcus.s__Acidaminococcus_intestini	16.5185243452
ARO-PWY: chorismate biosynthesis I|g__Mesosutterella.s__Mesosutterella_multiformis	15.3247655652
ARO-PWY: chorismate biosynthesis I|g__Clostridiales_unclassified.s__Clostridiales_bacterium_KLE1615	12.4067971333
ARO-PWY: chorismate biosynthesis I|g__Agathobaculum.s__Agathobaculum_butyriciproducens	9.8406747891
ARO-PWY: chorismate biosynthesis I|g__Blautia.s__Blautia_wexlerae	9.0102338502
ARO-PWY: chorismate biosynthesis I|g__Blautia.s__Blautia_sp_CAG_52	8.7722568318
ARO-PWY: chorismate biosynthesis I|g__Phascolarctobacterium.s__Phascolarctobacterium_succinatutens	8.4291088876
ARO-PWY: chorismate biosynthesis I|g__Eubacterium.s__Eubacterium_hallii	8.3968322956
ARO-PWY: chorismate biosynthesis I|g__Ruminococcus.s__Ruminococcus_sp_CAG_254	6.5525541589
VALSYN-PWY: L-valine biosynthesis	1997.0490778193
VALSYN-PWY: L-valine biosynthesis|g__Ruminococcus.s__Ruminococcus_bromii	286.3669123136
VALSYN-PWY: L-valine biosynthesis|g__Bifidobacterium.s__Bifidobacterium_adolescentis	161.3723705602
VALSYN-PWY: L-valine biosynthesis|g__Faecalibacterium.s__Faecalibacterium_prausnitzii	140.1240298236
VALSYN-PWY: L-valine biosynthesis|g__Roseburia.s__Roseburia_faecis	102.4930536745
VALSYN-PWY: L-valine biosynthesis|unclassified	98.3256214891
VALSYN-PWY: L-valine biosynthesis|g__Fusicatenibacter.s__Fusicatenibacter_saccharivorans	88.4520760820
VALSYN-PWY: L-valine biosynthesis|g__Lachnospiraceae_unclassified.s__Eubacterium_rectale	68.3792164642
VALSYN-PWY: L-valine biosynthesis|g__Blautia.s__Ruminococcus_torques	68.1405733127
VALSYN-PWY: L-valine biosynthesis|g__Bifidobacterium.s__Bifidobacterium_longum	64.2067228096
VALSYN-PWY: L-valine biosynthesis|g__Bifidobacterium.s__Bifidobacterium_bifidum	61.9100285291
VALSYN-PWY: L-valine biosynthesis|g__Gemmiger.s__Gemmiger_formicilis	59.3651825624
VALSYN-PWY: L-valine biosynthesis|g__Blautia.s__Blautia_obeum	53.6776205102
VALSYN-PWY: L-valine biosynthesis|g__Roseburia.s__Roseburia_hominis	46.5060202040
VALSYN-PWY: L-valine biosynthesis|g__Subdoligranulum.s__Subdoligranulum_sp_APC924_74	45.2108175533
VALSYN-PWY: L-valine biosynthesis|g__Clostridium.s__Clostridium_sp_CAG_217	40.5245337203
VALSYN-PWY: L-valine biosynthesis|g__Prevotella.s__Prevotella_sp_CAG_279	39.8078563493
VALSYN-PWY: L-valine biosynthesis|g__Blautia.s__Blautia_sp	35.2976063999
VALSYN-PWY: L-valine biosynthesis|g__Dorea.s__Dorea_longicatena	34.5634188172
VALSYN-PWY: L-valine biosynthesis|g__Coprococcus.s__Coprococcus_comes	31.8628471948
VALSYN-PWY: L-valine biosynthesis|g__Ruminococcus.s__Ruminococcus_bicirculans	25.0136063788
VALSYN-PWY: L-valine biosynthesis|g__Acidaminococcus.s__Acidaminococcus_intestini	16.8026308170
VALSYN-PWY: L-valine biosynthesis|g__Agathobaculum.s__Agathobaculum_butyriciproducens	15.9316700041
VALSYN-PWY: L-valine biosynthesis|g__Blautia.s__Blautia_wexlerae	15.0970192849
VALSYN-PWY: L-valine biosynthesis|g__Mesosutterella.s__Mesosutterella_multiformis	12.9786579396
VALSYN-PWY: L-valine biosynthesis|g__Anaerostipes.s__Anaerostipes_hadrus	12.4312565028
VALSYN-PWY: L-valine biosynthesis|g__Coprococcus.s__Coprococcus_eutactus	10.8151631213
VALSYN-PWY: L-valine biosynthesis|g__Bacteroides.s__Bacteroides_uniformis	10.5404768179
VALSYN-PWY: L-valine biosynthesis|g__Roseburia.s__Roseburia_inulinivorans	9.1178871565
VALSYN-PWY: L-valine biosynthesis|g__Blautia.s__Blautia_sp_AF19_10LB	8.7481251526
VALSYN-PWY: L-valine biosynthesis|g__Ruminococcus.s__Ruminococcus_sp_CAG_254	7.7754829304
VALSYN-PWY: L-valine biosynthesis|g__Clostridiales_unclassified.s__Clostridiales_bacterium_KLE1615	7.7752026572
VALSYN-PWY: L-valine biosynthesis|g__Eubacterium.s__Eubacterium_hallii	5.9339833487
VALSYN-PWY: L-valine biosynthesis|g__Bifidobacterium.s__Bifidobacterium_pseudocatenulatum	4.1668746265
ARGSYNBSUB-PWY: L-arginine biosynthesis II (acetyl cycle)	1963.0474019010
ARGSYNBSUB-PWY: L-arginine biosynthesis II (acetyl cycle)|g__Ruminococcus.s__Ruminococcus_bromii	323.5211270584
ARGSYNBSUB-PWY: L-arginine biosynthesis II (acetyl cycle)|g__Faecalibacterium.s__Faecalibacterium_prausnitzii	252.9383975313
ARGSYNBSUB-PWY: L-arginine biosynthesis II (acetyl cycle)|unclassified	219.2508559112
ARGSYNBSUB-PWY: L-arginine biosynthesis II (acetyl cycle)|g__Bifidobacterium.s__Bifidobacterium_adolescentis	111.5443034576
ARGSYNBSUB-PWY: L-arginine biosynthesis II (acetyl cycle)|g__Fusicatenibacter.s__Fusicatenibacter_saccharivorans	107.9536717228
ARGSYNBSUB-PWY: L-arginine biosynthesis II (acetyl cycle)|g__Roseburia.s__Roseburia_faecis	106.0279454864
ARGSYNBSUB-PWY: L-arginine biosynthesis II (acetyl cycle)|g__Blautia.s__Ruminococcus_torques	72.9186207417
ARGSYNBSUB-PWY: L-arginine biosynthesis II (acetyl cycle)|g__Gemmiger.s__Gemmiger_formicilis	66.9748656730
ARGSYNBSUB-PWY: L-arginine biosynthesis II (acetyl cycle)|g__Collinsella.s__Collinsella_aerofaciens	55.2726897916
ARGSYNBSUB-PWY: L-arginine biosynthesis II (acetyl cycle)|g__Roseburia.s__Roseburia_hominis	55.1413779572
ARGSYNBSUB-PWY: L-arginine biosynthesis II (acetyl cycle)|g__Clostridium.s__Clostridium_sp_CAG_217	52.6714324476
ARGSYNBSUB-PWY: L-arginine biosynthesis II (acetyl cycle)|g__Bifidobacterium.s__Bifidobacterium_longum	50.9787117961
ARGSYNBSUB-PWY: L-arginine biosynthesis II (acetyl cycle)|g__Subdoligranulum.s__Subdoligranulum_sp_APC924_74	46.4701728410
ARGSYNBSUB-PWY: L-arginine biosynthesis II (acetyl cycle)|g__Bifidobacterium.s__Bifidobacterium_bifidum	45.0134659840
ARGSYNBSUB-PWY: L-arginine biosynthesis II (acetyl cycle)|g__Lachnospiraceae_unclassified.s__Eubacterium_rectale	44.4102654970
ARGSYNBSUB-PWY: L-arginine biosynthesis II (acetyl cycle)|g__Coprococcus.s__Coprococcus_comes	33.3024167030
ARGSYNBSUB-PWY: L-arginine biosynthesis II (acetyl cycle)|g__Blautia.s__Blautia_obeum	31.2000954724
ARGSYNBSUB-PWY: L-arginine biosynthesis II (acetyl cycle)|g__Dorea.s__Dorea_longicatena	29.7642501338
ARGSYNBSUB-PWY: L-arginine biosynthesis II (acetyl cycle)|g__Blautia.s__Blautia_sp	24.8670031126
ARGSYNBSUB-PWY: L-arginine biosynthesis II (acetyl cycle)|g__Blautia.s__Blautia_wexlerae	21.6831606449
ARGSYNBSUB-PWY: L-arginine biosynthesis II (acetyl cycle)|g__Ruminococcus.s__Ruminococcus_bicirculans	21.2826921448
ARGSYNBSUB-PWY: L-arginine biosynthesis II (acetyl cycle)|g__Anaerostipes.s__Anaerostipes_hadrus	14.9608823932
ARGSYNBSUB-PWY: L-arginine biosynthesis II (acetyl cycle)|g__Blautia.s__Blautia_sp_CAG_52	11.7772513619
ARGSYNBSUB-PWY: L-arginine biosynthesis II (acetyl cycle)|g__Agathobaculum.s__Agathobaculum_butyriciproducens	7.8731294563
PWY-5686: UMP biosynthesis I	1939.2817149723
PWY-5686: UMP biosynthesis I|g__Faecalibacterium.s__Faecalibacterium_prausnitzii	224.7702673410
PWY-5686: UMP biosynthesis I|g__Bifidobacterium.s__Bifidobacterium_adolescentis	153.0202648457
PWY-5686: UMP biosynthesis I|g__Roseburia.s__Roseburia_faecis	125.6394379967
PWY-5686: UMP biosynthesis I|unclassified	123.4608380350
PWY-5686: UMP biosynthesis I|g__Fusicatenibacter.s__Fusicatenibacter_saccharivorans	99.8282961776
PWY-5686: UMP biosynthesis I|g__Blautia.s__Ruminococcus_torques	79.2659532907
PWY-5686: UMP biosynthesis I|g__Collinsella.s__Collinsella_aerofaciens	72.4770301779
PWY-5686: UMP biosynthesis I|g__Lachnospiraceae_unclassified.s__Eubacterium_rectale	59.7165824645
PWY-5686: UMP biosynthesis I|g__Bifidobacterium.s__Bifidobacterium_bifidum	52.0320686782
PWY-5686: UMP biosynthesis I|g__Clostridium.s__Clostridium_sp_CAG_217	44.1292227356
PWY-5686: UMP biosynthesis I|g__Prevotella.s__Prevotella_sp_CAG_279	43.7782051397
PWY-5686: UMP biosynthesis I|g__Bifidobacterium.s__Bifidobacterium_longum	43.1770029426
PWY-5686: UMP biosynthesis I|g__Gemmiger.s__Gemmiger_formicilis	41.2874612569
PWY-5686: UMP biosynthesis I|g__Blautia.s__Blautia_obeum	40.5247612374
PWY-5686: UMP biosynthesis I|g__Coprococcus.s__Coprococcus_comes	26.7792391081
PWY-5686: UMP biosynthesis I|g__Anaerostipes.s__Anaerostipes_hadrus	16.9670528265
PWY-5686: UMP biosynthesis I|g__Blautia.s__Blautia_sp	16.2984577242
PWY-5686: UMP biosynthesis I|g__Dorea.s__Dorea_longicatena	16.1089306533
PWY-5686: UMP biosynthesis I|g__Blautia.s__Blautia_wexlerae	13.5607119391
PWY-5686: UMP biosynthesis I|g__Ruminococcus.s__Ruminococcus_bicirculans	13.4967500787
PWY-5686: UMP biosynthesis I|g__Acidaminococcus.s__Acidaminococcus_intestini	10.2221157158
PWY-5686: UMP biosynthesis I|g__Roseburia.s__Roseburia_inulinivorans	7.6112752111
PWY-7790: UMP biosynthesis II	1939.2817149723
PWY-7790: UMP biosynthesis II|g__Faecalibacterium.s__Faecalibacterium_prausnitzii	224.7702673410
PWY-7790: UMP biosynthesis II|g__Bifidobacterium.s__Bifidobacterium_adolescentis	153.0202648457
PWY-7790: UMP biosynthesis II|g__Roseburia.s__Roseburia_faecis	125.6394379967
PWY-7790: UMP biosynthesis II|unclassified	123.4608380350
PWY-7790: UMP biosynthesis II|g__Fusicatenibacter.s__Fusicatenibacter_saccharivorans	99.8282961776
PWY-7790: UMP biosynthesis II|g__Blautia.s__Ruminococcus_torques	79.2659532907
PWY-7790: UMP biosynthesis II|g__Collinsella.s__Collinsella_aerofaciens	72.4770301779
PWY-7790: UMP biosynthesis II|g__Lachnospiraceae_unclassified.s__Eubacterium_rectale	59.7165824645
PWY-7790: UMP biosynthesis II|g__Bifidobacterium.s__Bifidobacterium_bifidum	45.8419736970
PWY-7790: UMP biosynthesis II|g__Clostridium.s__Clostridium_sp_CAG_217	44.1292227356
PWY-7790: UMP biosynthesis II|g__Prevotella.s__Prevotella_sp_CAG_279	43.7782051397
PWY-7790: UMP biosynthesis II|g__Gemmiger.s__Gemmiger_formicilis	41.2874612569
PWY-7790: UMP biosynthesis II|g__Blautia.s__Blautia_obeum	40.5247612374
PWY-7790: UMP biosynthesis II|g__Coprococcus.s__Coprococcus_comes	26.7792391081
PWY-7790: UMP biosynthesis II|g__Anaerostipes.s__Anaerostipes_hadrus	16.9670528265
PWY-7790: UMP biosynthesis II|g__Blautia.s__Blautia_sp	16.2984577242
PWY-7790: UMP biosynthesis II|g__Dorea.s__Dorea_longicatena	16.1089306533
PWY-7790: UMP biosynthesis II|g__Blautia.s__Blautia_wexlerae	13.5607119391
PWY-7790: UMP biosynthesis II|g__Ruminococcus.s__Ruminococcus_bicirculans	13.4967500787
PWY-7790: UMP biosynthesis II|g__Acidaminococcus.s__Acidaminococcus_intestini	10.2221157158
PWY-7790: UMP biosynthesis II|g__Roseburia.s__Roseburia_inulinivorans	7.6112752111
PWY-7791: UMP biosynthesis III	1939.2817149723
PWY-7791: UMP biosynthesis III|g__Faecalibacterium.s__Faecalibacterium_prausnitzii	224.7702673410
PWY-7791: UMP biosynthesis III|g__Bifidobacterium.s__Bifidobacterium_adolescentis	153.0202648457
PWY-7791: UMP biosynthesis III|g__Roseburia.s__Roseburia_faecis	125.6394379967
PWY-7791: UMP biosynthesis III|unclassified	123.4608380350
PWY-7791: UMP biosynthesis III|g__Fusicatenibacter.s__Fusicatenibacter_saccharivorans	99.8282961776
PWY-7791: UMP biosynthesis III|g__Blautia.s__Ruminococcus_torques	79.2659532907
PWY-7791: UMP biosynthesis III|g__Collinsella.s__Collinsella_aerofaciens	72.4770301779
PWY-7791: UMP biosynthesis III|g__Lachnospiraceae_unclassified.s__Eubacterium_rectale	59.7165824645
PWY-7791: UMP biosynthesis III|g__Bifidobacterium.s__Bifidobacterium_bifidum	45.8419736970
PWY-7791: UMP biosynthesis III|g__Clostridium.s__Clostridium_sp_CAG_217	44.1292227356
PWY-7791: UMP biosynthesis III|g__Prevotella.s__Prevotella_sp_CAG_279	43.7782051397
PWY-7791: UMP biosynthesis III|g__Gemmiger.s__Gemmiger_formicilis	41.2874612569
PWY-7791: UMP biosynthesis III|g__Blautia.s__Blautia_obeum	40.5247612374
PWY-7791: UMP biosynthesis III|g__Coprococcus.s__Coprococcus_comes	26.7792391081
PWY-7791: UMP biosynthesis III|g__Anaerostipes.s__Anaerostipes_hadrus	16.9670528265
PWY-7791: UMP biosynthesis III|g__Blautia.s__Blautia_sp	16.2984577242
PWY-7791: UMP biosynthesis III|g__Dorea.s__Dorea_longicatena	16.1089306533
PWY-7791: UMP biosynthesis III|g__Blautia.s__Blautia_wexlerae	13.5607119391
PWY-7791: UMP biosynthesis III|g__Ruminococcus.s__Ruminococcus_bicirculans	13.4967500787
PWY-7791: UMP biosynthesis III|g__Acidaminococcus.s__Acidaminococcus_intestini	10.2221157158
PWY-7791: UMP biosynthesis III|g__Roseburia.s__Roseburia_inulinivorans	7.6112752111
PWY-6386: UDP-N-acetylmuramoyl-pentapeptide biosynthesis II (lysine-containing)	1913.0185119935
PWY-6386: UDP-N-acetylmuramoyl-pentapeptide biosynthesis II (lysine-containing)|g__Faecalibacterium.s__Faecalibacterium_prausnitzii	214.2083413737
PWY-6386: UDP-N-acetylmuramoyl-pentapeptide biosynthesis II (lysine-containing)|unclassified	142.1816323635
PWY-6386: UDP-N-acetylmuramoyl-pentapeptide biosynthesis II (lysine-containing)|g__Fusicatenibacter.s__Fusicatenibacter_saccharivorans	136.3441070728
PWY-6386: UDP-N-acetylmuramoyl-pentapeptide biosynthesis II (lysine-containing)|g__Bifidobacterium.s__Bifidobacterium_adolescentis	130.9331806449
PWY-6386: UDP-N-acetylmuramoyl-pentapeptide biosynthesis II (lysine-containing)|g__Roseburia.s__Roseburia_faecis	108.9862620845
PWY-6386: UDP-N-acetylmuramoyl-pentapeptide biosynthesis II (lysine-containing)|g__Collinsella.s__Collinsella_aerofaciens	80.4637604169
PWY-6386: UDP-N-acetylmuramoyl-pentapeptide biosynthesis II (lysine-containing)|g__Lachnospiraceae_unclassified.s__Eubacterium_rectale	55.2254607840
PWY-6386: UDP-N-acetylmuramoyl-pentapeptide biosynthesis II (lysine-containing)|g__Bifidobacterium.s__Bifidobacterium_longum	54.8210483884
PWY-6386: UDP-N-acetylmuramoyl-pentapeptide biosynthesis II (lysine-containing)|g__Blautia.s__Ruminococcus_torques	53.9420506572
PWY-6386: UDP-N-acetylmuramoyl-pentapeptide biosynthesis II (lysine-containing)|g__Blautia.s__Blautia_obeum	53.2744009223
PWY-6386: UDP-N-acetylmuramoyl-pentapeptide biosynthesis II (lysine-containing)|g__Bifidobacterium.s__Bifidobacterium_bifidum	47.1726822587
PWY-6386: UDP-N-acetylmuramoyl-pentapeptide biosynthesis II (lysine-containing)|g__Gemmiger.s__Gemmiger_formicilis	39.8019483645
PWY-6386: UDP-N-acetylmuramoyl-pentapeptide biosynthesis II (lysine-containing)|g__Subdoligranulum.s__Subdoligranulum_sp_APC924_74	31.3160022122
PWY-6386: UDP-N-acetylmuramoyl-pentapeptide biosynthesis II (lysine-containing)|g__Dorea.s__Dorea_longicatena	27.3875432279
PWY-6386: UDP-N-acetylmuramoyl-pentapeptide biosynthesis II (lysine-containing)|g__Coprococcus.s__Coprococcus_comes	27.2260218474
PWY-6386: UDP-N-acetylmuramoyl-pentapeptide biosynthesis II (lysine-containing)|g__Blautia.s__Blautia_sp	24.2093608000
PWY-6386: UDP-N-acetylmuramoyl-pentapeptide biosynthesis II (lysine-containing)|g__Ruminococcus.s__Ruminococcus_bicirculans	18.8873181107
PWY-6386: UDP-N-acetylmuramoyl-pentapeptide biosynthesis II (lysine-containing)|g__Anaerostipes.s__Anaerostipes_hadrus	16.6488213700
PWY-6386: UDP-N-acetylmuramoyl-pentapeptide biosynthesis II (lysine-containing)|g__Blautia.s__Blautia_wexlerae	14.1181696096
PWY-6386: UDP-N-acetylmuramoyl-pentapeptide biosynthesis II (lysine-containing)|g__Acidaminococcus.s__Acidaminococcus_intestini	13.0544212949
PWY-6386: UDP-N-acetylmuramoyl-pentapeptide biosynthesis II (lysine-containing)|g__Blautia.s__Blautia_sp_CAG_52	11.5923834346
PWY-6386: UDP-N-acetylmuramoyl-pentapeptide biosynthesis II (lysine-containing)|g__Clostridiales_unclassified.s__Clostridiales_bacterium_KLE1615	10.6621863751
PWY-6386: UDP-N-acetylmuramoyl-pentapeptide biosynthesis II (lysine-containing)|g__Firmicutes_unclassified.s__Firmicutes_bacterium_AF16_15	10.2750397919
PWY-6386: UDP-N-acetylmuramoyl-pentapeptide biosynthesis II (lysine-containing)|g__Sutterella.s__Sutterella_wadsworthensis	10.0833351082
PWY-1042: glycolysis IV	1903.9563785733
PWY-1042: glycolysis IV|g__Faecalibacterium.s__Faecalibacterium_prausnitzii	282.0988072514
PWY-1042: glycolysis IV|g__Roseburia.s__Roseburia_faecis	131.4740476985
PWY-1042: glycolysis IV|g__Fusicatenibacter.s__Fusicatenibacter_saccharivorans	104.5199762241
PWY-1042: glycolysis IV|g__Collinsella.s__Collinsella_aerofaciens	89.0528933033
PWY-1042: glycolysis IV|g__Blautia.s__Ruminococcus_torques	84.2768092684
PWY-1042: glycolysis IV|unclassified	79.7617600675
PWY-1042: glycolysis IV|g__Roseburia.s__Roseburia_hominis	74.1946367334
PWY-1042: glycolysis IV|g__Lachnospiraceae_unclassified.s__Eubacterium_rectale	53.3075260485
PWY-1042: glycolysis IV|g__Blautia.s__Blautia_sp	37.6470074148
PWY-1042: glycolysis IV|g__Dorea.s__Dorea_longicatena	28.9595827689
PWY-1042: glycolysis IV|g__Coprococcus.s__Coprococcus_comes	26.1214515310
PWY-1042: glycolysis IV|g__Ruminococcus.s__Ruminococcus_bicirculans	19.7547035895
PWY-1042: glycolysis IV|g__Eubacterium.s__Eubacterium_hallii	16.7231194881
PWY-1042: glycolysis IV|g__Acidaminococcus.s__Acidaminococcus_intestini	15.8477169794
PWY-1042: glycolysis IV|g__Agathobaculum.s__Agathobaculum_butyriciproducens	10.6882682193
PWY-1042: glycolysis IV|g__Blautia.s__Blautia_obeum	7.2389400008
PWY-1042: glycolysis IV|g__Roseburia.s__Roseburia_inulinivorans	7.0105719708
ARGSYN-PWY: L-arginine biosynthesis I (via L-ornithine)	1882.4754460267
ARGSYN-PWY: L-arginine biosynthesis I (via L-ornithine)|g__Faecalibacterium.s__Faecalibacterium_prausnitzii	252.3238706890
ARGSYN-PWY: L-arginine biosynthesis I (via L-ornithine)|unclassified	182.3986734969
ARGSYN-PWY: L-arginine biosynthesis I (via L-ornithine)|g__Bifidobacterium.s__Bifidobacterium_adolescentis	108.0380152134
ARGSYN-PWY: L-arginine biosynthesis I (via L-ornithine)|g__Fusicatenibacter.s__Fusicatenibacter_saccharivorans	97.3653634236
ARGSYN-PWY: L-arginine biosynthesis I (via L-ornithine)|g__Roseburia.s__Roseburia_faecis	96.5158062764
ARGSYN-PWY: L-arginine biosynthesis I (via L-ornithine)|g__Blautia.s__Ruminococcus_torques	71.2392266818
ARGSYN-PWY: L-arginine biosynthesis I (via L-ornithine)|g__Collinsella.s__Collinsella_aerofaciens	63.1781656918
ARGSYN-PWY: L-arginine biosynthesis I (via L-ornithine)|g__Gemmiger.s__Gemmiger_formicilis	61.7016314190
ARGSYN-PWY: L-arginine biosynthesis I (via L-ornithine)|g__Roseburia.s__Roseburia_hominis	52.6401947821
ARGSYN-PWY: L-arginine biosynthesis I (via L-ornithine)|g__Bifidobacterium.s__Bifidobacterium_longum	51.5145281789
ARGSYN-PWY: L-arginine biosynthesis I (via L-ornithine)|g__Clostridium.s__Clostridium_sp_CAG_217	49.3441153184
ARGSYN-PWY: L-arginine biosynthesis I (via L-ornithine)|g__Subdoligranulum.s__Subdoligranulum_sp_APC924_74	44.3170617007
ARGSYN-PWY: L-arginine biosynthesis I (via L-ornithine)|g__Bifidobacterium.s__Bifidobacterium_bifidum	40.9653609251
ARGSYN-PWY: L-arginine biosynthesis I (via L-ornithine)|g__Lachnospiraceae_unclassified.s__Eubacterium_rectale	35.9501420576
ARGSYN-PWY: L-arginine biosynthesis I (via L-ornithine)|g__Dorea.s__Dorea_longicatena	26.6429558312
ARGSYN-PWY: L-arginine biosynthesis I (via L-ornithine)|g__Coprococcus.s__Coprococcus_comes	25.3119787879
ARGSYN-PWY: L-arginine biosynthesis I (via L-ornithine)|g__Ruminococcus.s__Ruminococcus_bicirculans	21.1404615900
ARGSYN-PWY: L-arginine biosynthesis I (via L-ornithine)|g__Blautia.s__Blautia_wexlerae	19.9787709395
ARGSYN-PWY: L-arginine biosynthesis I (via L-ornithine)|g__Blautia.s__Blautia_obeum	18.3151255388
ARGSYN-PWY: L-arginine biosynthesis I (via L-ornithine)|g__Anaerostipes.s__Anaerostipes_hadrus	15.0544547587
ARGSYN-PWY: L-arginine biosynthesis I (via L-ornithine)|g__Blautia.s__Blautia_sp_CAG_52	10.7354409790
PWY-6387: UDP-N-acetylmuramoyl-pentapeptide biosynthesis I (meso-diaminopimelate containing)	1848.7798220392
PWY-6387: UDP-N-acetylmuramoyl-pentapeptide biosynthesis I (meso-diaminopimelate containing)|g__Faecalibacterium.s__Faecalibacterium_prausnitzii	186.7404819974
PWY-6387: UDP-N-acetylmuramoyl-pentapeptide biosynthesis I (meso-diaminopimelate containing)|unclassified	132.1505352815
PWY-6387: UDP-N-acetylmuramoyl-pentapeptide biosynthesis I (meso-diaminopimelate containing)|g__Fusicatenibacter.s__Fusicatenibacter_saccharivorans	129.1390019981
PWY-6387: UDP-N-acetylmuramoyl-pentapeptide biosynthesis I (meso-diaminopimelate containing)|g__Bifidobacterium.s__Bifidobacterium_adolescentis	129.1309344417
PWY-6387: UDP-N-acetylmuramoyl-pentapeptide biosynthesis I (meso-diaminopimelate containing)|g__Roseburia.s__Roseburia_faecis	109.6468177434
PWY-6387: UDP-N-acetylmuramoyl-pentapeptide biosynthesis I (meso-diaminopimelate containing)|g__Collinsella.s__Collinsella_aerofaciens	75.2910323432
PWY-6387: UDP-N-acetylmuramoyl-pentapeptide biosynthesis I (meso-diaminopimelate containing)|g__Blautia.s__Ruminococcus_torques	55.8610790226
PWY-6387: UDP-N-acetylmuramoyl-pentapeptide biosynthesis I (meso-diaminopimelate containing)|g__Blautia.s__Blautia_obeum	55.7111167278
PWY-6387: UDP-N-acetylmuramoyl-pentapeptide biosynthesis I (meso-diaminopimelate containing)|g__Bifidobacterium.s__Bifidobacterium_longum	52.8031049589
PWY-6387: UDP-N-acetylmuramoyl-pentapeptide biosynthesis I (meso-diaminopimelate containing)|g__Lachnospiraceae_unclassified.s__Eubacterium_rectale	50.7282793689
PWY-6387: UDP-N-acetylmuramoyl-pentapeptide biosynthesis I (meso-diaminopimelate containing)|g__Bifidobacterium.s__Bifidobacterium_bifidum	46.6237326458
PWY-6387: UDP-N-acetylmuramoyl-pentapeptide biosynthesis I (meso-diaminopimelate containing)|g__Clostridium.s__Clostridium_sp_CAG_217	44.9290256728
PWY-6387: UDP-N-acetylmuramoyl-pentapeptide biosynthesis I (meso-diaminopimelate containing)|g__Gemmiger.s__Gemmiger_formicilis	39.3283774873
PWY-6387: UDP-N-acetylmuramoyl-pentapeptide biosynthesis I (meso-diaminopimelate containing)|g__Subdoligranulum.s__Subdoligranulum_sp_APC924_74	31.4954820914
PWY-6387: UDP-N-acetylmuramoyl-pentapeptide biosynthesis I (meso-diaminopimelate containing)|g__Dorea.s__Dorea_longicatena	27.5523803955
PWY-6387: UDP-N-acetylmuramoyl-pentapeptide biosynthesis I (meso-diaminopimelate containing)|g__Coprococcus.s__Coprococcus_comes	23.4081422806
PWY-6387: UDP-N-acetylmuramoyl-pentapeptide biosynthesis I (meso-diaminopimelate containing)|g__Blautia.s__Blautia_sp	23.2871436969
PWY-6387: UDP-N-acetylmuramoyl-pentapeptide biosynthesis I (meso-diaminopimelate containing)|g__Ruminococcus.s__Ruminococcus_bicirculans	19.9815418887
PWY-6387: UDP-N-acetylmuramoyl-pentapeptide biosynthesis I (meso-diaminopimelate containing)|g__Mesosutterella.s__Mesosutterella_multiformis	16.6887842378
PWY-6387: UDP-N-acetylmuramoyl-pentapeptide biosynthesis I (meso-diaminopimelate containing)|g__Anaerostipes.s__Anaerostipes_hadrus	16.3013525749
PWY-6387: UDP-N-acetylmuramoyl-pentapeptide biosynthesis I (meso-diaminopimelate containing)|g__Blautia.s__Blautia_wexlerae	13.9383737735
PWY-6387: UDP-N-acetylmuramoyl-pentapeptide biosynthesis I (meso-diaminopimelate containing)|g__Acidaminococcus.s__Acidaminococcus_intestini	13.0638204455
PWY-6387: UDP-N-acetylmuramoyl-pentapeptide biosynthesis I (meso-diaminopimelate containing)|g__Agathobaculum.s__Agathobaculum_butyriciproducens	10.6803614344
PWY-6387: UDP-N-acetylmuramoyl-pentapeptide biosynthesis I (meso-diaminopimelate containing)|g__Blautia.s__Blautia_sp_CAG_52	10.3071558892
PWY-6387: UDP-N-acetylmuramoyl-pentapeptide biosynthesis I (meso-diaminopimelate containing)|g__Firmicutes_unclassified.s__Firmicutes_bacterium_AF16_15	9.4012495956
PWY-6387: UDP-N-acetylmuramoyl-pentapeptide biosynthesis I (meso-diaminopimelate containing)|g__Sutterella.s__Sutterella_wadsworthensis	9.2336334127
PWY-6387: UDP-N-acetylmuramoyl-pentapeptide biosynthesis I (meso-diaminopimelate containing)|g__Clostridiales_unclassified.s__Clostridiales_bacterium_KLE1615	9.0087850176
PWY-6387: UDP-N-acetylmuramoyl-pentapeptide biosynthesis I (meso-diaminopimelate containing)|g__Bacteroides.s__Bacteroides_uniformis	8.5141643006
PWY-6387: UDP-N-acetylmuramoyl-pentapeptide biosynthesis I (meso-diaminopimelate containing)|g__Bacteroides.s__Bacteroides_vulgatus	5.8314350797
PWY-7221: guanosine ribonucleotides de novo biosynthesis	1835.3451890801
PWY-7221: guanosine ribonucleotides de novo biosynthesis|g__Ruminococcus.s__Ruminococcus_bromii	224.7475710265
PWY-7221: guanosine ribonucleotides de novo biosynthesis|g__Faecalibacterium.s__Faecalibacterium_prausnitzii	172.6181192243
PWY-7221: guanosine ribonucleotides de novo biosynthesis|g__Bifidobacterium.s__Bifidobacterium_adolescentis	159.0314730616
PWY-7221: guanosine ribonucleotides de novo biosynthesis|g__Roseburia.s__Roseburia_faecis	104.1152264853
PWY-7221: guanosine ribonucleotides de novo biosynthesis|unclassified	104.0155181047
PWY-7221: guanosine ribonucleotides de novo biosynthesis|g__Fusicatenibacter.s__Fusicatenibacter_saccharivorans	94.8414041898
PWY-7221: guanosine ribonucleotides de novo biosynthesis|g__Collinsella.s__Collinsella_aerofaciens	87.1551882779
PWY-7221: guanosine ribonucleotides de novo biosynthesis|g__Blautia.s__Ruminococcus_torques	63.7043832281
PWY-7221: guanosine ribonucleotides de novo biosynthesis|g__Bifidobacterium.s__Bifidobacterium_longum	50.4574211031
PWY-7221: guanosine ribonucleotides de novo biosynthesis|g__Roseburia.s__Roseburia_hominis	43.2959004194
PWY-7221: guanosine ribonucleotides de novo biosynthesis|g__Clostridium.s__Clostridium_sp_CAG_217	41.3128918247
PWY-7221: guanosine ribonucleotides de novo biosynthesis|g__Prevotella.s__Prevotella_sp_CAG_279	38.8248844357
PWY-7221: guanosine ribonucleotides de novo biosynthesis|g__Bifidobacterium.s__Bifidobacterium_bifidum	37.4455731507
PWY-7221: guanosine ribonucleotides de novo biosynthesis|g__Dorea.s__Dorea_longicatena	31.5694393415
PWY-7221: guanosine ribonucleotides de novo biosynthesis|g__Blautia.s__Blautia_wexlerae	28.1507345762
PWY-7221: guanosine ribonucleotides de novo biosynthesis|g__Coprococcus.s__Coprococcus_comes	27.2726672713
PWY-7221: guanosine ribonucleotides de novo biosynthesis|g__Lachnospiraceae_unclassified.s__Eubacterium_rectale	25.1330192204
PWY-7221: guanosine ribonucleotides de novo biosynthesis|g__Ruminococcus.s__Ruminococcus_bicirculans	22.9023465126
PWY-7221: guanosine ribonucleotides de novo biosynthesis|g__Mesosutterella.s__Mesosutterella_multiformis	17.0619252474
PWY-7221: guanosine ribonucleotides de novo biosynthesis|g__Anaerostipes.s__Anaerostipes_hadrus	13.6447707966
PWY-7221: guanosine ribonucleotides de novo biosynthesis|g__Agathobaculum.s__Agathobaculum_butyriciproducens	12.5690419033
PWY-7221: guanosine ribonucleotides de novo biosynthesis|g__Blautia.s__Blautia_obeum	12.1419211385
PWY-7221: guanosine ribonucleotides de novo biosynthesis|g__Bacteroides.s__Bacteroides_uniformis	9.9346436648
PWY-7221: guanosine ribonucleotides de novo biosynthesis|g__Sutterella.s__Sutterella_wadsworthensis	7.8848807412
PWY-7221: guanosine ribonucleotides de novo biosynthesis|g__Blautia.s__Blautia_sp	7.5541857894
PWY-7221: guanosine ribonucleotides de novo biosynthesis|g__Bacteroides.s__Bacteroides_vulgatus	6.5350578625
NONMEVIPP-PWY: methylerythritol phosphate pathway I	1815.8915765560
NONMEVIPP-PWY: methylerythritol phosphate pathway I|g__Ruminococcus.s__Ruminococcus_bromii	226.7320192483
NONMEVIPP-PWY: methylerythritol phosphate pathway I|g__Fusicatenibacter.s__Fusicatenibacter_saccharivorans	130.7402327701
NONMEVIPP-PWY: methylerythritol phosphate pathway I|g__Bifidobacterium.s__Bifidobacterium_adolescentis	123.8171705725
NONMEVIPP-PWY: methylerythritol phosphate pathway I|g__Roseburia.s__Roseburia_faecis	119.4647139752
NONMEVIPP-PWY: methylerythritol phosphate pathway I|unclassified	89.9932355862
NONMEVIPP-PWY: methylerythritol phosphate pathway I|g__Bifidobacterium.s__Bifidobacterium_longum	59.2640949070
NONMEVIPP-PWY: methylerythritol phosphate pathway I|g__Collinsella.s__Collinsella_aerofaciens	51.0605373553
NONMEVIPP-PWY: methylerythritol phosphate pathway I|g__Blautia.s__Ruminococcus_torques	50.2355271256
NONMEVIPP-PWY: methylerythritol phosphate pathway I|g__Bifidobacterium.s__Bifidobacterium_bifidum	50.1153332790
NONMEVIPP-PWY: methylerythritol phosphate pathway I|g__Prevotella.s__Prevotella_sp_CAG_279	44.6458262258
NONMEVIPP-PWY: methylerythritol phosphate pathway I|g__Blautia.s__Blautia_obeum	44.2561275710
NONMEVIPP-PWY: methylerythritol phosphate pathway I|g__Gemmiger.s__Gemmiger_formicilis	42.6328389953
NONMEVIPP-PWY: methylerythritol phosphate pathway I|g__Clostridium.s__Clostridium_sp_CAG_217	39.1930338945
NONMEVIPP-PWY: methylerythritol phosphate pathway I|g__Subdoligranulum.s__Subdoligranulum_sp_APC924_74	36.1869496467
NONMEVIPP-PWY: methylerythritol phosphate pathway I|g__Dorea.s__Dorea_longicatena	24.7030827334
NONMEVIPP-PWY: methylerythritol phosphate pathway I|g__Coprococcus.s__Coprococcus_comes	20.9208961086
NONMEVIPP-PWY: methylerythritol phosphate pathway I|g__Acidaminococcus.s__Acidaminococcus_intestini	16.6427429013
NONMEVIPP-PWY: methylerythritol phosphate pathway I|g__Ruminococcus.s__Ruminococcus_bicirculans	16.5539536174
NONMEVIPP-PWY: methylerythritol phosphate pathway I|g__Anaerostipes.s__Anaerostipes_hadrus	13.5089467846
NONMEVIPP-PWY: methylerythritol phosphate pathway I|g__Eubacterium.s__Eubacterium_hallii	12.8112363323
NONMEVIPP-PWY: methylerythritol phosphate pathway I|g__Agathobaculum.s__Agathobaculum_butyriciproducens	12.1899716210
NONMEVIPP-PWY: methylerythritol phosphate pathway I|g__Blautia.s__Blautia_wexlerae	11.8454066465
GLUTORN-PWY: L-ornithine biosynthesis I	1802.1503160799
GLUTORN-PWY: L-ornithine biosynthesis I|g__Ruminococcus.s__Ruminococcus_bromii	316.0547615581
GLUTORN-PWY: L-ornithine biosynthesis I|g__Faecalibacterium.s__Faecalibacterium_prausnitzii	204.0066738092
GLUTORN-PWY: L-ornithine biosynthesis I|unclassified	158.7131867569
GLUTORN-PWY: L-ornithine biosynthesis I|g__Fusicatenibacter.s__Fusicatenibacter_saccharivorans	102.2653281156
GLUTORN-PWY: L-ornithine biosynthesis I|g__Roseburia.s__Roseburia_faecis	93.7570563923
GLUTORN-PWY: L-ornithine biosynthesis I|g__Bifidobacterium.s__Bifidobacterium_adolescentis	90.4096804598
GLUTORN-PWY: L-ornithine biosynthesis I|g__Bifidobacterium.s__Bifidobacterium_longum	54.1010210121
GLUTORN-PWY: L-ornithine biosynthesis I|g__Blautia.s__Ruminococcus_torques	53.0250405300
GLUTORN-PWY: L-ornithine biosynthesis I|g__Roseburia.s__Roseburia_hominis	50.5922672415
GLUTORN-PWY: L-ornithine biosynthesis I|g__Gemmiger.s__Gemmiger_formicilis	47.8381367729
GLUTORN-PWY: L-ornithine biosynthesis I|g__Collinsella.s__Collinsella_aerofaciens	46.2907625694
GLUTORN-PWY: L-ornithine biosynthesis I|g__Subdoligranulum.s__Subdoligranulum_sp_APC924_74	41.5867599451
GLUTORN-PWY: L-ornithine biosynthesis I|g__Clostridium.s__Clostridium_sp_CAG_217	39.1821846413
GLUTORN-PWY: L-ornithine biosynthesis I|g__Lachnospiraceae_unclassified.s__Eubacterium_rectale	35.5483067110
GLUTORN-PWY: L-ornithine biosynthesis I|g__Bifidobacterium.s__Bifidobacterium_bifidum	34.7422034712
GLUTORN-PWY: L-ornithine biosynthesis I|g__Blautia.s__Blautia_obeum	32.2064280962
GLUTORN-PWY: L-ornithine biosynthesis I|g__Dorea.s__Dorea_longicatena	19.7917920327
GLUTORN-PWY: L-ornithine biosynthesis I|g__Blautia.s__Blautia_sp	19.4801889837
GLUTORN-PWY: L-ornithine biosynthesis I|g__Ruminococcus.s__Ruminococcus_bicirculans	19.3116151938
GLUTORN-PWY: L-ornithine biosynthesis I|g__Coprococcus.s__Coprococcus_comes	15.5100309409
GLUTORN-PWY: L-ornithine biosynthesis I|g__Anaerostipes.s__Anaerostipes_hadrus	13.7758640398
GLUTORN-PWY: L-ornithine biosynthesis I|g__Blautia.s__Blautia_wexlerae	12.8405976574
GLUTORN-PWY: L-ornithine biosynthesis I|g__Blautia.s__Blautia_sp_CAG_52	9.7944247121
GLUTORN-PWY: L-ornithine biosynthesis I|g__Agathobaculum.s__Agathobaculum_butyriciproducens	7.9469597203
PEPTIDOGLYCANSYN-PWY: peptidoglycan biosynthesis I (meso-diaminopimelate containing)	1777.0797024390
PEPTIDOGLYCANSYN-PWY: peptidoglycan biosynthesis I (meso-diaminopimelate containing)|g__Faecalibacterium.s__Faecalibacterium_prausnitzii	149.4141794912
PEPTIDOGLYCANSYN-PWY: peptidoglycan biosynthesis I (meso-diaminopimelate containing)|unclassified	140.4393380779
PEPTIDOGLYCANSYN-PWY: peptidoglycan biosynthesis I (meso-diaminopimelate containing)|g__Bifidobacterium.s__Bifidobacterium_adolescentis	129.2416440656
PEPTIDOGLYCANSYN-PWY: peptidoglycan biosynthesis I (meso-diaminopimelate containing)|g__Fusicatenibacter.s__Fusicatenibacter_saccharivorans	126.1582723821
PEPTIDOGLYCANSYN-PWY: peptidoglycan biosynthesis I (meso-diaminopimelate containing)|g__Roseburia.s__Roseburia_faecis	104.3599185143
PEPTIDOGLYCANSYN-PWY: peptidoglycan biosynthesis I (meso-diaminopimelate containing)|g__Collinsella.s__Collinsella_aerofaciens	65.8561874672
PEPTIDOGLYCANSYN-PWY: peptidoglycan biosynthesis I (meso-diaminopimelate containing)|g__Blautia.s__Ruminococcus_torques	54.4582026343
PEPTIDOGLYCANSYN-PWY: peptidoglycan biosynthesis I (meso-diaminopimelate containing)|g__Blautia.s__Blautia_obeum	52.1853860938
PEPTIDOGLYCANSYN-PWY: peptidoglycan biosynthesis I (meso-diaminopimelate containing)|g__Bifidobacterium.s__Bifidobacterium_longum	50.6696812214
PEPTIDOGLYCANSYN-PWY: peptidoglycan biosynthesis I (meso-diaminopimelate containing)|g__Lachnospiraceae_unclassified.s__Eubacterium_rectale	48.6984503049
PEPTIDOGLYCANSYN-PWY: peptidoglycan biosynthesis I (meso-diaminopimelate containing)|g__Clostridium.s__Clostridium_sp_CAG_217	45.2896581495
PEPTIDOGLYCANSYN-PWY: peptidoglycan biosynthesis I (meso-diaminopimelate containing)|g__Bifidobacterium.s__Bifidobacterium_bifidum	45.0519372803
PEPTIDOGLYCANSYN-PWY: peptidoglycan biosynthesis I (meso-diaminopimelate containing)|g__Gemmiger.s__Gemmiger_formicilis	39.9121384113
PEPTIDOGLYCANSYN-PWY: peptidoglycan biosynthesis I (meso-diaminopimelate containing)|g__Subdoligranulum.s__Subdoligranulum_sp_APC924_74	32.7874546060
PEPTIDOGLYCANSYN-PWY: peptidoglycan biosynthesis I (meso-diaminopimelate containing)|g__Dorea.s__Dorea_longicatena	27.8022109881
PEPTIDOGLYCANSYN-PWY: peptidoglycan biosynthesis I (meso-diaminopimelate containing)|g__Coprococcus.s__Coprococcus_comes	24.3173538324
PEPTIDOGLYCANSYN-PWY: peptidoglycan biosynthesis I (meso-diaminopimelate containing)|g__Blautia.s__Blautia_sp	23.9880548829
PEPTIDOGLYCANSYN-PWY: peptidoglycan biosynthesis I (meso-diaminopimelate containing)|g__Ruminococcus.s__Ruminococcus_bicirculans	18.3956221877
PEPTIDOGLYCANSYN-PWY: peptidoglycan biosynthesis I (meso-diaminopimelate containing)|g__Mesosutterella.s__Mesosutterella_multiformis	17.1689384828
PEPTIDOGLYCANSYN-PWY: peptidoglycan biosynthesis I (meso-diaminopimelate containing)|g__Anaerostipes.s__Anaerostipes_hadrus	15.6743994169
PEPTIDOGLYCANSYN-PWY: peptidoglycan biosynthesis I (meso-diaminopimelate containing)|g__Blautia.s__Blautia_wexlerae	14.1467102113
PEPTIDOGLYCANSYN-PWY: peptidoglycan biosynthesis I (meso-diaminopimelate containing)|g__Acidaminococcus.s__Acidaminococcus_intestini	12.6444128420
PEPTIDOGLYCANSYN-PWY: peptidoglycan biosynthesis I (meso-diaminopimelate containing)|g__Blautia.s__Blautia_sp_CAG_52	10.4457574322
PEPTIDOGLYCANSYN-PWY: peptidoglycan biosynthesis I (meso-diaminopimelate containing)|g__Agathobaculum.s__Agathobaculum_butyriciproducens	9.5665859389
PEPTIDOGLYCANSYN-PWY: peptidoglycan biosynthesis I (meso-diaminopimelate containing)|g__Sutterella.s__Sutterella_wadsworthensis	9.4836774031
PEPTIDOGLYCANSYN-PWY: peptidoglycan biosynthesis I (meso-diaminopimelate containing)|g__Firmicutes_unclassified.s__Firmicutes_bacterium_AF16_15	9.1693987996
PEPTIDOGLYCANSYN-PWY: peptidoglycan biosynthesis I (meso-diaminopimelate containing)|g__Bacteroides.s__Bacteroides_uniformis	8.8935142271
PWY-6122: 5-aminoimidazole ribonucleotide biosynthesis II	1750.4844488929
PWY-6122: 5-aminoimidazole ribonucleotide biosynthesis II|g__Ruminococcus.s__Ruminococcus_bromii	233.4305596812
PWY-6122: 5-aminoimidazole ribonucleotide biosynthesis II|g__Faecalibacterium.s__Faecalibacterium_prausnitzii	217.4657419035
PWY-6122: 5-aminoimidazole ribonucleotide biosynthesis II|unclassified	137.3796021349
PWY-6122: 5-aminoimidazole ribonucleotide biosynthesis II|g__Collinsella.s__Collinsella_aerofaciens	109.6624509607
PWY-6122: 5-aminoimidazole ribonucleotide biosynthesis II|g__Roseburia.s__Roseburia_faecis	108.2048833315
PWY-6122: 5-aminoimidazole ribonucleotide biosynthesis II|g__Fusicatenibacter.s__Fusicatenibacter_saccharivorans	89.8513903104
PWY-6122: 5-aminoimidazole ribonucleotide biosynthesis II|g__Bifidobacterium.s__Bifidobacterium_adolescentis	70.0054109602
PWY-6122: 5-aminoimidazole ribonucleotide biosynthesis II|g__Lachnospiraceae_unclassified.s__Eubacterium_rectale	60.5751837699
PWY-6122: 5-aminoimidazole ribonucleotide biosynthesis II|g__Blautia.s__Ruminococcus_torques	57.8536641080
PWY-6122: 5-aminoimidazole ribonucleotide biosynthesis II|g__Roseburia.s__Roseburia_hominis	57.4073808194
PWY-6122: 5-aminoimidazole ribonucleotide biosynthesis II|g__Bifidobacterium.s__Bifidobacterium_bifidum	51.4009704330
PWY-6122: 5-aminoimidazole ribonucleotide biosynthesis II|g__Blautia.s__Blautia_obeum	50.4084607395
PWY-6122: 5-aminoimidazole ribonucleotide biosynthesis II|g__Bifidobacterium.s__Bifidobacterium_longum	46.4119875438
PWY-6122: 5-aminoimidazole ribonucleotide biosynthesis II|g__Prevotella.s__Prevotella_sp_CAG_279	40.8543130150
PWY-6122: 5-aminoimidazole ribonucleotide biosynthesis II|g__Gemmiger.s__Gemmiger_formicilis	39.8744076366
PWY-6122: 5-aminoimidazole ribonucleotide biosynthesis II|g__Clostridium.s__Clostridium_sp_CAG_217	38.4986195686
PWY-6122: 5-aminoimidazole ribonucleotide biosynthesis II|g__Coprococcus.s__Coprococcus_comes	32.4950764703
PWY-6122: 5-aminoimidazole ribonucleotide biosynthesis II|g__Subdoligranulum.s__Subdoligranulum_sp_APC924_74	30.5693132362
PWY-6122: 5-aminoimidazole ribonucleotide biosynthesis II|g__Blautia.s__Blautia_sp	22.4592302759
PWY-6122: 5-aminoimidazole ribonucleotide biosynthesis II|g__Dorea.s__Dorea_longicatena	20.9014269243
PWY-6122: 5-aminoimidazole ribonucleotide biosynthesis II|g__Ruminococcus.s__Ruminococcus_bicirculans	20.0077944032
PWY-6122: 5-aminoimidazole ribonucleotide biosynthesis II|g__Mesosutterella.s__Mesosutterella_multiformis	15.2148275410
PWY-6122: 5-aminoimidazole ribonucleotide biosynthesis II|g__Blautia.s__Blautia_wexlerae	15.0632993580
PWY-6122: 5-aminoimidazole ribonucleotide biosynthesis II|g__Acidaminococcus.s__Acidaminococcus_intestini	15.0504983827
PWY-6122: 5-aminoimidazole ribonucleotide biosynthesis II|g__Anaerostipes.s__Anaerostipes_hadrus	14.2517814727
PWY-6122: 5-aminoimidazole ribonucleotide biosynthesis II|g__Bacteroides.s__Bacteroides_uniformis	11.9673110351
PWY-6122: 5-aminoimidazole ribonucleotide biosynthesis II|g__Coprococcus.s__Coprococcus_eutactus	11.7789893932
PWY-6122: 5-aminoimidazole ribonucleotide biosynthesis II|g__Clostridiales_unclassified.s__Clostridiales_bacterium_KLE1615	10.7884563517
PWY-6122: 5-aminoimidazole ribonucleotide biosynthesis II|g__Bifidobacterium.s__Bifidobacterium_pseudocatenulatum	9.9498030033
PWY-6122: 5-aminoimidazole ribonucleotide biosynthesis II|g__Agathobaculum.s__Agathobaculum_butyriciproducens	9.7859327217
PWY-6122: 5-aminoimidazole ribonucleotide biosynthesis II|g__Roseburia.s__Roseburia_inulinivorans	9.1770104124
PWY-6122: 5-aminoimidazole ribonucleotide biosynthesis II|g__Blautia.s__Blautia_sp_CAG_52	8.8443054046
PWY-6122: 5-aminoimidazole ribonucleotide biosynthesis II|g__Sutterella.s__Sutterella_wadsworthensis	8.3536820423
PWY-6122: 5-aminoimidazole ribonucleotide biosynthesis II|g__Eubacterium.s__Eubacterium_hallii	8.1124148921
PWY-6122: 5-aminoimidazole ribonucleotide biosynthesis II|g__Dorea.s__Dorea_formicigenerans	4.2059093026
PWY-6277: superpathway of 5-aminoimidazole ribonucleotide biosynthesis	1750.4844488929
PWY-6277: superpathway of 5-aminoimidazole ribonucleotide biosynthesis|g__Ruminococcus.s__Ruminococcus_bromii	233.4305596812
PWY-6277: superpathway of 5-aminoimidazole ribonucleotide biosynthesis|g__Faecalibacterium.s__Faecalibacterium_prausnitzii	217.4657419035
PWY-6277: superpathway of 5-aminoimidazole ribonucleotide biosynthesis|unclassified	137.3796021349
PWY-6277: superpathway of 5-aminoimidazole ribonucleotide biosynthesis|g__Collinsella.s__Collinsella_aerofaciens	109.6624509607
PWY-6277: superpathway of 5-aminoimidazole ribonucleotide biosynthesis|g__Roseburia.s__Roseburia_faecis	108.2048833315
PWY-6277: superpathway of 5-aminoimidazole ribonucleotide biosynthesis|g__Fusicatenibacter.s__Fusicatenibacter_saccharivorans	89.8513903104
PWY-6277: superpathway of 5-aminoimidazole ribonucleotide biosynthesis|g__Bifidobacterium.s__Bifidobacterium_adolescentis	70.0054109602
PWY-6277: superpathway of 5-aminoimidazole ribonucleotide biosynthesis|g__Lachnospiraceae_unclassified.s__Eubacterium_rectale	60.5751837699
PWY-6277: superpathway of 5-aminoimidazole ribonucleotide biosynthesis|g__Blautia.s__Ruminococcus_torques	57.8536641080
PWY-6277: superpathway of 5-aminoimidazole ribonucleotide biosynthesis|g__Roseburia.s__Roseburia_hominis	57.4073808194
PWY-6277: superpathway of 5-aminoimidazole ribonucleotide biosynthesis|g__Bifidobacterium.s__Bifidobacterium_bifidum	51.4009704330
PWY-6277: superpathway of 5-aminoimidazole ribonucleotide biosynthesis|g__Blautia.s__Blautia_obeum	50.4084607395
PWY-6277: superpathway of 5-aminoimidazole ribonucleotide biosynthesis|g__Bifidobacterium.s__Bifidobacterium_longum	46.4119875438
PWY-6277: superpathway of 5-aminoimidazole ribonucleotide biosynthesis|g__Prevotella.s__Prevotella_sp_CAG_279	40.8543130150
PWY-6277: superpathway of 5-aminoimidazole ribonucleotide biosynthesis|g__Gemmiger.s__Gemmiger_formicilis	39.8744076366
PWY-6277: superpathway of 5-aminoimidazole ribonucleotide biosynthesis|g__Clostridium.s__Clostridium_sp_CAG_217	38.4986195686
PWY-6277: superpathway of 5-aminoimidazole ribonucleotide biosynthesis|g__Coprococcus.s__Coprococcus_comes	32.4950764703
PWY-6277: superpathway of 5-aminoimidazole ribonucleotide biosynthesis|g__Subdoligranulum.s__Subdoligranulum_sp_APC924_74	30.5693132362
PWY-6277: superpathway of 5-aminoimidazole ribonucleotide biosynthesis|g__Blautia.s__Blautia_sp	22.4592302759
PWY-6277: superpathway of 5-aminoimidazole ribonucleotide biosynthesis|g__Dorea.s__Dorea_longicatena	20.9014269243
PWY-6277: superpathway of 5-aminoimidazole ribonucleotide biosynthesis|g__Ruminococcus.s__Ruminococcus_bicirculans	20.0077944032
PWY-6277: superpathway of 5-aminoimidazole ribonucleotide biosynthesis|g__Mesosutterella.s__Mesosutterella_multiformis	15.2148275410
PWY-6277: superpathway of 5-aminoimidazole ribonucleotide biosynthesis|g__Blautia.s__Blautia_wexlerae	15.0632993580
PWY-6277: superpathway of 5-aminoimidazole ribonucleotide biosynthesis|g__Acidaminococcus.s__Acidaminococcus_intestini	15.0504983827
PWY-6277: superpathway of 5-aminoimidazole ribonucleotide biosynthesis|g__Anaerostipes.s__Anaerostipes_hadrus	14.2517814727
PWY-6277: superpathway of 5-aminoimidazole ribonucleotide biosynthesis|g__Bacteroides.s__Bacteroides_uniformis	11.9673110351
PWY-6277: superpathway of 5-aminoimidazole ribonucleotide biosynthesis|g__Coprococcus.s__Coprococcus_eutactus	11.7789893932
PWY-6277: superpathway of 5-aminoimidazole ribonucleotide biosynthesis|g__Clostridiales_unclassified.s__Clostridiales_bacterium_KLE1615	10.7884563517
PWY-6277: superpathway of 5-aminoimidazole ribonucleotide biosynthesis|g__Bifidobacterium.s__Bifidobacterium_pseudocatenulatum	9.9498030033
PWY-6277: superpathway of 5-aminoimidazole ribonucleotide biosynthesis|g__Agathobaculum.s__Agathobaculum_butyriciproducens	9.7859327217
PWY-6277: superpathway of 5-aminoimidazole ribonucleotide biosynthesis|g__Roseburia.s__Roseburia_inulinivorans	9.1770104124
PWY-6277: superpathway of 5-aminoimidazole ribonucleotide biosynthesis|g__Blautia.s__Blautia_sp_CAG_52	8.8443054046
PWY-6277: superpathway of 5-aminoimidazole ribonucleotide biosynthesis|g__Sutterella.s__Sutterella_wadsworthensis	8.3536820423
PWY-6277: superpathway of 5-aminoimidazole ribonucleotide biosynthesis|g__Eubacterium.s__Eubacterium_hallii	8.1124148921
PWY-6277: superpathway of 5-aminoimidazole ribonucleotide biosynthesis|g__Dorea.s__Dorea_formicigenerans	4.2059093026
PWY-6151: S-adenosyl-L-methionine salvage I	1679.5774986525
PWY-6151: S-adenosyl-L-methionine salvage I|g__Ruminococcus.s__Ruminococcus_bromii	242.1286127423
PWY-6151: S-adenosyl-L-methionine salvage I|unclassified	171.5734090213
PWY-6151: S-adenosyl-L-methionine salvage I|g__Faecalibacterium.s__Faecalibacterium_prausnitzii	149.9255286757
PWY-6151: S-adenosyl-L-methionine salvage I|g__Bifidobacterium.s__Bifidobacterium_adolescentis	121.9350563287
PWY-6151: S-adenosyl-L-methionine salvage I|g__Roseburia.s__Roseburia_faecis	119.4718777676
PWY-6151: S-adenosyl-L-methionine salvage I|g__Collinsella.s__Collinsella_aerofaciens	75.0028032609
PWY-6151: S-adenosyl-L-methionine salvage I|g__Blautia.s__Ruminococcus_torques	59.4516971582
PWY-6151: S-adenosyl-L-methionine salvage I|g__Lachnospiraceae_unclassified.s__Eubacterium_rectale	51.8745792259
PWY-6151: S-adenosyl-L-methionine salvage I|g__Dorea.s__Dorea_longicatena	51.5878544847
PWY-6151: S-adenosyl-L-methionine salvage I|g__Bifidobacterium.s__Bifidobacterium_longum	51.5866771399
PWY-6151: S-adenosyl-L-methionine salvage I|g__Gemmiger.s__Gemmiger_formicilis	49.5392000273
PWY-6151: S-adenosyl-L-methionine salvage I|g__Coprococcus.s__Coprococcus_comes	42.5097637725
PWY-6151: S-adenosyl-L-methionine salvage I|g__Bifidobacterium.s__Bifidobacterium_bifidum	39.3722079219
PWY-6151: S-adenosyl-L-methionine salvage I|g__Roseburia.s__Roseburia_hominis	31.4038559442
PWY-6151: S-adenosyl-L-methionine salvage I|g__Prevotella.s__Prevotella_sp_CAG_279	30.3138373752
PWY-6151: S-adenosyl-L-methionine salvage I|g__Fusicatenibacter.s__Fusicatenibacter_saccharivorans	27.8202031171
PWY-6151: S-adenosyl-L-methionine salvage I|g__Blautia.s__Blautia_wexlerae	21.5111502055
PWY-6151: S-adenosyl-L-methionine salvage I|g__Anaerostipes.s__Anaerostipes_hadrus	20.9799424653
PWY-6151: S-adenosyl-L-methionine salvage I|g__Blautia.s__Blautia_obeum	18.9148976907
PWY-6151: S-adenosyl-L-methionine salvage I|g__Bacteroides.s__Bacteroides_uniformis	17.9790105991
PWY-6151: S-adenosyl-L-methionine salvage I|g__Roseburia.s__Roseburia_inulinivorans	13.2742672764
PWY-6151: S-adenosyl-L-methionine salvage I|g__Blautia.s__Blautia_sp_CAG_52	12.7603447747
PWY-6151: S-adenosyl-L-methionine salvage I|g__Agathobaculum.s__Agathobaculum_butyriciproducens	9.9224017301
PWY-6151: S-adenosyl-L-methionine salvage I|g__Lactobacillus.s__Lactobacillus_ruminis	9.4565467522
PWY-6151: S-adenosyl-L-methionine salvage I|g__Coprococcus.s__Coprococcus_eutactus	8.7643790594
PWY-6151: S-adenosyl-L-methionine salvage I|g__Bacteroides.s__Bacteroides_vulgatus	3.9320320180
PWY-6151: S-adenosyl-L-methionine salvage I|g__Bifidobacterium.s__Bifidobacterium_pseudocatenulatum	1.5348352793
ILEUSYN-PWY: L-isoleucine biosynthesis I (from threonine)	1666.3801393049
ILEUSYN-PWY: L-isoleucine biosynthesis I (from threonine)|g__Bifidobacterium.s__Bifidobacterium_adolescentis	158.3031703011
ILEUSYN-PWY: L-isoleucine biosynthesis I (from threonine)|unclassified	95.4459332041
ILEUSYN-PWY: L-isoleucine biosynthesis I (from threonine)|g__Bifidobacterium.s__Bifidobacterium_longum	62.9969515834
ILEUSYN-PWY: L-isoleucine biosynthesis I (from threonine)|g__Lachnospiraceae_unclassified.s__Eubacterium_rectale	61.7522129307
ILEUSYN-PWY: L-isoleucine biosynthesis I (from threonine)|g__Gemmiger.s__Gemmiger_formicilis	56.3238022202
ILEUSYN-PWY: L-isoleucine biosynthesis I (from threonine)|g__Bifidobacterium.s__Bifidobacterium_bifidum	49.0754779935
ILEUSYN-PWY: L-isoleucine biosynthesis I (from threonine)|g__Dorea.s__Dorea_longicatena	34.2309237292
ILEUSYN-PWY: L-isoleucine biosynthesis I (from threonine)|g__Coprococcus.s__Coprococcus_comes	31.1761488679
ILEUSYN-PWY: L-isoleucine biosynthesis I (from threonine)|g__Blautia.s__Blautia_sp	28.1376560403
ILEUSYN-PWY: L-isoleucine biosynthesis I (from threonine)|g__Ruminococcus.s__Ruminococcus_bicirculans	22.4197284709
ILEUSYN-PWY: L-isoleucine biosynthesis I (from threonine)|g__Blautia.s__Blautia_obeum	14.8853978590
ILEUSYN-PWY: L-isoleucine biosynthesis I (from threonine)|g__Blautia.s__Blautia_wexlerae	13.2608988641
ILEUSYN-PWY: L-isoleucine biosynthesis I (from threonine)|g__Anaerostipes.s__Anaerostipes_hadrus	12.1931919266
ILEUSYN-PWY: L-isoleucine biosynthesis I (from threonine)|g__Blautia.s__Ruminococcus_torques	12.1637762746
ILEUSYN-PWY: L-isoleucine biosynthesis I (from threonine)|g__Bacteroides.s__Bacteroides_uniformis	10.4665998404
ILEUSYN-PWY: L-isoleucine biosynthesis I (from threonine)|g__Coprococcus.s__Coprococcus_eutactus	10.2378182479
ILEUSYN-PWY: L-isoleucine biosynthesis I (from threonine)|g__Blautia.s__Blautia_sp_AF19_10LB	7.4618650497
ILEUSYN-PWY: L-isoleucine biosynthesis I (from threonine)|g__Ruminococcus.s__Ruminococcus_sp_CAG_254	7.2801729041
ILEUSYN-PWY: L-isoleucine biosynthesis I (from threonine)|g__Roseburia.s__Roseburia_inulinivorans	6.6395758135
ILEUSYN-PWY: L-isoleucine biosynthesis I (from threonine)|g__Roseburia.s__Roseburia_hominis	4.1108168184
ILEUSYN-PWY: L-isoleucine biosynthesis I (from threonine)|g__Bifidobacterium.s__Bifidobacterium_pseudocatenulatum	2.5063409039
TRNA-CHARGING-PWY: tRNA charging	1661.8211760670
TRNA-CHARGING-PWY: tRNA charging|g__Faecalibacterium.s__Faecalibacterium_prausnitzii	184.0273142052
TRNA-CHARGING-PWY: tRNA charging|unclassified	130.7547414560
TRNA-CHARGING-PWY: tRNA charging|g__Fusicatenibacter.s__Fusicatenibacter_saccharivorans	96.3382280500
TRNA-CHARGING-PWY: tRNA charging|g__Blautia.s__Ruminococcus_torques	52.3998081745
TRNA-CHARGING-PWY: tRNA charging|g__Gemmiger.s__Gemmiger_formicilis	50.7115354573
TRNA-CHARGING-PWY: tRNA charging|g__Lachnospiraceae_unclassified.s__Eubacterium_rectale	49.8620529648
TRNA-CHARGING-PWY: tRNA charging|g__Subdoligranulum.s__Subdoligranulum_sp_APC924_74	39.0290897328
TRNA-CHARGING-PWY: tRNA charging|g__Anaerostipes.s__Anaerostipes_hadrus	14.6550871412
BRANCHED-CHAIN-AA-SYN-PWY: superpathway of branched chain amino acid biosynthesis	1658.5124914744
BRANCHED-CHAIN-AA-SYN-PWY: superpathway of branched chain amino acid biosynthesis|g__Bifidobacterium.s__Bifidobacterium_adolescentis	166.7878061483
BRANCHED-CHAIN-AA-SYN-PWY: superpathway of branched chain amino acid biosynthesis|unclassified	104.2647436172
BRANCHED-CHAIN-AA-SYN-PWY: superpathway of branched chain amino acid biosynthesis|g__Bifidobacterium.s__Bifidobacterium_longum	66.1206603116
BRANCHED-CHAIN-AA-SYN-PWY: superpathway of branched chain amino acid biosynthesis|g__Lachnospiraceae_unclassified.s__Eubacterium_rectale	59.8767475849
BRANCHED-CHAIN-AA-SYN-PWY: superpathway of branched chain amino acid biosynthesis|g__Gemmiger.s__Gemmiger_formicilis	56.0290915641
BRANCHED-CHAIN-AA-SYN-PWY: superpathway of branched chain amino acid biosynthesis|g__Bifidobacterium.s__Bifidobacterium_bifidum	48.2145868680
BRANCHED-CHAIN-AA-SYN-PWY: superpathway of branched chain amino acid biosynthesis|g__Coprococcus.s__Coprococcus_comes	31.8809557109
BRANCHED-CHAIN-AA-SYN-PWY: superpathway of branched chain amino acid biosynthesis|g__Dorea.s__Dorea_longicatena	28.7576047261
BRANCHED-CHAIN-AA-SYN-PWY: superpathway of branched chain amino acid biosynthesis|g__Blautia.s__Blautia_sp	26.7023025541
BRANCHED-CHAIN-AA-SYN-PWY: superpathway of branched chain amino acid biosynthesis|g__Ruminococcus.s__Ruminococcus_bicirculans	21.0363131183
BRANCHED-CHAIN-AA-SYN-PWY: superpathway of branched chain amino acid biosynthesis|g__Blautia.s__Blautia_obeum	18.7944886012
BRANCHED-CHAIN-AA-SYN-PWY: superpathway of branched chain amino acid biosynthesis|g__Blautia.s__Ruminococcus_torques	15.3364037904
BRANCHED-CHAIN-AA-SYN-PWY: superpathway of branched chain amino acid biosynthesis|g__Blautia.s__Blautia_wexlerae	14.1831918105
BRANCHED-CHAIN-AA-SYN-PWY: superpathway of branched chain amino acid biosynthesis|g__Anaerostipes.s__Anaerostipes_hadrus	11.9882195951
BRANCHED-CHAIN-AA-SYN-PWY: superpathway of branched chain amino acid biosynthesis|g__Bacteroides.s__Bacteroides_uniformis	10.1043163031
BRANCHED-CHAIN-AA-SYN-PWY: superpathway of branched chain amino acid biosynthesis|g__Roseburia.s__Roseburia_inulinivorans	7.1146008415
BRANCHED-CHAIN-AA-SYN-PWY: superpathway of branched chain amino acid biosynthesis|g__Blautia.s__Blautia_sp_AF19_10LB	5.5693523877
BRANCHED-CHAIN-AA-SYN-PWY: superpathway of branched chain amino acid biosynthesis|g__Roseburia.s__Roseburia_hominis	4.1164174490
BRANCHED-CHAIN-AA-SYN-PWY: superpathway of branched chain amino acid biosynthesis|g__Bifidobacterium.s__Bifidobacterium_pseudocatenulatum	2.4432029182
PWY-6609: adenine and adenosine salvage III	1646.2844617118
PWY-6609: adenine and adenosine salvage III|unclassified	209.6894877303
PWY-6609: adenine and adenosine salvage III|g__Fusicatenibacter.s__Fusicatenibacter_saccharivorans	160.3017069809
PWY-6609: adenine and adenosine salvage III|g__Faecalibacterium.s__Faecalibacterium_prausnitzii	112.7242563873
PWY-6609: adenine and adenosine salvage III|g__Roseburia.s__Roseburia_faecis	107.2374575658
PWY-6609: adenine and adenosine salvage III|g__Lachnospiraceae_unclassified.s__Eubacterium_rectale	65.8119658120
PWY-6609: adenine and adenosine salvage III|g__Blautia.s__Ruminococcus_torques	64.1354209786
PWY-6609: adenine and adenosine salvage III|g__Roseburia.s__Roseburia_hominis	49.9730050149
PWY-6609: adenine and adenosine salvage III|g__Dorea.s__Dorea_longicatena	48.3472594461
PWY-6609: adenine and adenosine salvage III|g__Blautia.s__Blautia_obeum	45.3113879717
PWY-6609: adenine and adenosine salvage III|g__Clostridium.s__Clostridium_sp_CAG_217	43.4073230886
PWY-6609: adenine and adenosine salvage III|g__Prevotella.s__Prevotella_sp_CAG_279	28.8302762530
PWY-6609: adenine and adenosine salvage III|g__Gemmiger.s__Gemmiger_formicilis	28.1169071402
PWY-6609: adenine and adenosine salvage III|g__Blautia.s__Blautia_sp	27.6121744587
PWY-6609: adenine and adenosine salvage III|g__Coprococcus.s__Coprococcus_comes	26.1209258935
PWY-6609: adenine and adenosine salvage III|g__Ruminococcus.s__Ruminococcus_bicirculans	22.3619846261
PWY-6609: adenine and adenosine salvage III|g__Anaerostipes.s__Anaerostipes_hadrus	19.4910237348
PWY-6609: adenine and adenosine salvage III|g__Subdoligranulum.s__Subdoligranulum_sp_APC924_74	18.4165840071
PWY-6609: adenine and adenosine salvage III|g__Agathobaculum.s__Agathobaculum_butyriciproducens	15.0093808630
PWY-6609: adenine and adenosine salvage III|g__Blautia.s__Blautia_wexlerae	11.2704918033
PWY-6609: adenine and adenosine salvage III|g__Acidaminococcus.s__Acidaminococcus_intestini	10.6030483764
PWY-6609: adenine and adenosine salvage III|g__Bacteroides.s__Bacteroides_vulgatus	8.4495141529
PWY-6609: adenine and adenosine salvage III|g__Bacteroides.s__Bacteroides_uniformis	7.6190476190
PWY-6609: adenine and adenosine salvage III|g__Lachnospira.s__Lachnospira_pectinoschiza	7.5246903903
PWY-6609: adenine and adenosine salvage III|g__Clostridiales_unclassified.s__Clostridiales_bacterium_KLE1615	6.6137566138
COA-PWY-1: superpathway of coenzyme A biosynthesis III (mammals)	1631.4718849969
COA-PWY-1: superpathway of coenzyme A biosynthesis III (mammals)|g__Faecalibacterium.s__Faecalibacterium_prausnitzii	222.4533179938
COA-PWY-1: superpathway of coenzyme A biosynthesis III (mammals)|g__Bifidobacterium.s__Bifidobacterium_adolescentis	130.3637992575
COA-PWY-1: superpathway of coenzyme A biosynthesis III (mammals)|g__Fusicatenibacter.s__Fusicatenibacter_saccharivorans	110.3299567380
COA-PWY-1: superpathway of coenzyme A biosynthesis III (mammals)|unclassified	99.2670385194
COA-PWY-1: superpathway of coenzyme A biosynthesis III (mammals)|g__Roseburia.s__Roseburia_faecis	86.0952359247
COA-PWY-1: superpathway of coenzyme A biosynthesis III (mammals)|g__Gemmiger.s__Gemmiger_formicilis	47.3314192434
COA-PWY-1: superpathway of coenzyme A biosynthesis III (mammals)|g__Collinsella.s__Collinsella_aerofaciens	42.9385229877
COA-PWY-1: superpathway of coenzyme A biosynthesis III (mammals)|g__Subdoligranulum.s__Subdoligranulum_sp_APC924_74	31.8187853714
COA-PWY-1: superpathway of coenzyme A biosynthesis III (mammals)|g__Prevotella.s__Prevotella_sp_CAG_279	31.1585226393
COA-PWY-1: superpathway of coenzyme A biosynthesis III (mammals)|g__Blautia.s__Blautia_obeum	29.4612384681
COA-PWY-1: superpathway of coenzyme A biosynthesis III (mammals)|g__Mesosutterella.s__Mesosutterella_multiformis	21.0226921412
COA-PWY-1: superpathway of coenzyme A biosynthesis III (mammals)|g__Coprococcus.s__Coprococcus_comes	19.2207546277
COA-PWY-1: superpathway of coenzyme A biosynthesis III (mammals)|g__Ruminococcus.s__Ruminococcus_bicirculans	17.8800724870
COA-PWY-1: superpathway of coenzyme A biosynthesis III (mammals)|g__Blautia.s__Ruminococcus_torques	15.9069100715
COA-PWY-1: superpathway of coenzyme A biosynthesis III (mammals)|g__Agathobaculum.s__Agathobaculum_butyriciproducens	12.7713157964
COA-PWY-1: superpathway of coenzyme A biosynthesis III (mammals)|g__Anaerostipes.s__Anaerostipes_hadrus	11.7107624600
COA-PWY-1: superpathway of coenzyme A biosynthesis III (mammals)|g__Acidaminococcus.s__Acidaminococcus_intestini	11.2364406413
COA-PWY-1: superpathway of coenzyme A biosynthesis III (mammals)|g__Sutterella.s__Sutterella_wadsworthensis	10.6356161924
PWY-6629: superpathway of L-tryptophan biosynthesis	1593.3014193702
PWY-6629: superpathway of L-tryptophan biosynthesis|g__Fusicatenibacter.s__Fusicatenibacter_saccharivorans	121.7044349396
PWY-6629: superpathway of L-tryptophan biosynthesis|g__Blautia.s__Blautia_obeum	62.4199391643
PWY-6629: superpathway of L-tryptophan biosynthesis|g__Blautia.s__Ruminococcus_torques	50.1106873637
PWY-6629: superpathway of L-tryptophan biosynthesis|unclassified	40.3005584857
PWY-6629: superpathway of L-tryptophan biosynthesis|g__Blautia.s__Blautia_sp	20.7536551038
PWY-6629: superpathway of L-tryptophan biosynthesis|g__Anaerostipes.s__Anaerostipes_hadrus	16.7637256535
PWY-6629: superpathway of L-tryptophan biosynthesis|g__Acidaminococcus.s__Acidaminococcus_intestini	15.5435065874
PWY-6121: 5-aminoimidazole ribonucleotide biosynthesis I	1591.6133081209
PWY-6121: 5-aminoimidazole ribonucleotide biosynthesis I|g__Ruminococcus.s__Ruminococcus_bromii	216.2033304961
PWY-6121: 5-aminoimidazole ribonucleotide biosynthesis I|g__Faecalibacterium.s__Faecalibacterium_prausnitzii	207.0687326325
PWY-6121: 5-aminoimidazole ribonucleotide biosynthesis I|unclassified	150.6116684448
PWY-6121: 5-aminoimidazole ribonucleotide biosynthesis I|g__Roseburia.s__Roseburia_faecis	109.1705488239
PWY-6121: 5-aminoimidazole ribonucleotide biosynthesis I|g__Collinsella.s__Collinsella_aerofaciens	100.4258120292
PWY-6121: 5-aminoimidazole ribonucleotide biosynthesis I|g__Fusicatenibacter.s__Fusicatenibacter_saccharivorans	90.3197750427
PWY-6121: 5-aminoimidazole ribonucleotide biosynthesis I|g__Bifidobacterium.s__Bifidobacterium_adolescentis	62.5500104904
PWY-6121: 5-aminoimidazole ribonucleotide biosynthesis I|g__Blautia.s__Ruminococcus_torques	60.4094326305
PWY-6121: 5-aminoimidazole ribonucleotide biosynthesis I|g__Roseburia.s__Roseburia_hominis	52.5666744642
PWY-6121: 5-aminoimidazole ribonucleotide biosynthesis I|g__Lachnospiraceae_unclassified.s__Eubacterium_rectale	44.9619785651
PWY-6121: 5-aminoimidazole ribonucleotide biosynthesis I|g__Clostridium.s__Clostridium_sp_CAG_217	41.1297534062
PWY-6121: 5-aminoimidazole ribonucleotide biosynthesis I|g__Bifidobacterium.s__Bifidobacterium_bifidum	38.2719099553
PWY-6121: 5-aminoimidazole ribonucleotide biosynthesis I|g__Blautia.s__Blautia_obeum	35.4478900184
PWY-6121: 5-aminoimidazole ribonucleotide biosynthesis I|g__Coprococcus.s__Coprococcus_comes	33.4234493653
PWY-6121: 5-aminoimidazole ribonucleotide biosynthesis I|g__Subdoligranulum.s__Subdoligranulum_sp_APC924_74	31.1623218007
PWY-6121: 5-aminoimidazole ribonucleotide biosynthesis I|g__Gemmiger.s__Gemmiger_formicilis	29.3836262642
PWY-6121: 5-aminoimidazole ribonucleotide biosynthesis I|g__Blautia.s__Blautia_sp	22.9778890445
PWY-6121: 5-aminoimidazole ribonucleotide biosynthesis I|g__Bifidobacterium.s__Bifidobacterium_longum	21.7764122825
PWY-6121: 5-aminoimidazole ribonucleotide biosynthesis I|g__Ruminococcus.s__Ruminococcus_bicirculans	17.8255798497
PWY-6121: 5-aminoimidazole ribonucleotide biosynthesis I|g__Dorea.s__Dorea_longicatena	16.9996042602
PWY-6121: 5-aminoimidazole ribonucleotide biosynthesis I|g__Mesosutterella.s__Mesosutterella_multiformis	15.6624543740
PWY-6121: 5-aminoimidazole ribonucleotide biosynthesis I|g__Blautia.s__Blautia_wexlerae	15.6146191929
PWY-6121: 5-aminoimidazole ribonucleotide biosynthesis I|g__Anaerostipes.s__Anaerostipes_hadrus	13.7412971785
PWY-6121: 5-aminoimidazole ribonucleotide biosynthesis I|g__Bacteroides.s__Bacteroides_uniformis	11.8527272910
PWY-6121: 5-aminoimidazole ribonucleotide biosynthesis I|g__Acidaminococcus.s__Acidaminococcus_intestini	11.7863567751
PWY-6121: 5-aminoimidazole ribonucleotide biosynthesis I|g__Coprococcus.s__Coprococcus_eutactus	10.4003213966
PWY-6121: 5-aminoimidazole ribonucleotide biosynthesis I|g__Agathobaculum.s__Agathobaculum_butyriciproducens	9.9295005461
PWY-6121: 5-aminoimidazole ribonucleotide biosynthesis I|g__Clostridiales_unclassified.s__Clostridiales_bacterium_KLE1615	9.7987980141
PWY-6121: 5-aminoimidazole ribonucleotide biosynthesis I|g__Blautia.s__Blautia_sp_CAG_52	9.7748191250
PWY-6121: 5-aminoimidazole ribonucleotide biosynthesis I|g__Roseburia.s__Roseburia_inulinivorans	8.9827600106
PWY-6121: 5-aminoimidazole ribonucleotide biosynthesis I|g__Eubacterium.s__Eubacterium_hallii	8.4965892263
PWY-6121: 5-aminoimidazole ribonucleotide biosynthesis I|g__Bifidobacterium.s__Bifidobacterium_pseudocatenulatum	2.0283453439
HISTSYN-PWY: L-histidine biosynthesis	1583.0698995263
HISTSYN-PWY: L-histidine biosynthesis|g__Faecalibacterium.s__Faecalibacterium_prausnitzii	202.5000193685
HISTSYN-PWY: L-histidine biosynthesis|g__Ruminococcus.s__Ruminococcus_bromii	199.7771930846
HISTSYN-PWY: L-histidine biosynthesis|unclassified	125.3547601594
HISTSYN-PWY: L-histidine biosynthesis|g__Bifidobacterium.s__Bifidobacterium_adolescentis	122.3382011547
HISTSYN-PWY: L-histidine biosynthesis|g__Collinsella.s__Collinsella_aerofaciens	88.8632473357
HISTSYN-PWY: L-histidine biosynthesis|g__Roseburia.s__Roseburia_hominis	61.7836563282
HISTSYN-PWY: L-histidine biosynthesis|g__Bifidobacterium.s__Bifidobacterium_longum	50.5829410068
HISTSYN-PWY: L-histidine biosynthesis|g__Blautia.s__Ruminococcus_torques	47.4232341340
HISTSYN-PWY: L-histidine biosynthesis|g__Subdoligranulum.s__Subdoligranulum_sp_APC924_74	45.8523108286
HISTSYN-PWY: L-histidine biosynthesis|g__Bifidobacterium.s__Bifidobacterium_bifidum	45.1106493232
HISTSYN-PWY: L-histidine biosynthesis|g__Clostridium.s__Clostridium_sp_CAG_217	41.7948815081
HISTSYN-PWY: L-histidine biosynthesis|g__Blautia.s__Blautia_obeum	25.6633007079
HISTSYN-PWY: L-histidine biosynthesis|g__Blautia.s__Blautia_sp	18.7427731474
DTDPRHAMSYN-PWY: dTDP-&beta;-L-rhamnose biosynthesis	1564.2476192819
DTDPRHAMSYN-PWY: dTDP-&beta;-L-rhamnose biosynthesis|unclassified	248.9061432687
DTDPRHAMSYN-PWY: dTDP-&beta;-L-rhamnose biosynthesis|g__Faecalibacterium.s__Faecalibacterium_prausnitzii	235.7693483270
DTDPRHAMSYN-PWY: dTDP-&beta;-L-rhamnose biosynthesis|g__Roseburia.s__Roseburia_faecis	107.7354740594
DTDPRHAMSYN-PWY: dTDP-&beta;-L-rhamnose biosynthesis|g__Fusicatenibacter.s__Fusicatenibacter_saccharivorans	106.7372898667
DTDPRHAMSYN-PWY: dTDP-&beta;-L-rhamnose biosynthesis|g__Blautia.s__Ruminococcus_torques	80.4634849920
DTDPRHAMSYN-PWY: dTDP-&beta;-L-rhamnose biosynthesis|g__Blautia.s__Blautia_obeum	61.8296898425
DTDPRHAMSYN-PWY: dTDP-&beta;-L-rhamnose biosynthesis|g__Lachnospiraceae_unclassified.s__Eubacterium_rectale	50.7329929171
DTDPRHAMSYN-PWY: dTDP-&beta;-L-rhamnose biosynthesis|g__Bifidobacterium.s__Bifidobacterium_bifidum	50.2642017781
DTDPRHAMSYN-PWY: dTDP-&beta;-L-rhamnose biosynthesis|g__Collinsella.s__Collinsella_aerofaciens	46.5516091445
DTDPRHAMSYN-PWY: dTDP-&beta;-L-rhamnose biosynthesis|g__Gemmiger.s__Gemmiger_formicilis	46.4325143305
DTDPRHAMSYN-PWY: dTDP-&beta;-L-rhamnose biosynthesis|g__Subdoligranulum.s__Subdoligranulum_sp_APC924_74	44.8004968887
DTDPRHAMSYN-PWY: dTDP-&beta;-L-rhamnose biosynthesis|g__Coprococcus.s__Coprococcus_comes	43.7407125445
DTDPRHAMSYN-PWY: dTDP-&beta;-L-rhamnose biosynthesis|g__Prevotella.s__Prevotella_sp_CAG_279	39.5640967459
DTDPRHAMSYN-PWY: dTDP-&beta;-L-rhamnose biosynthesis|g__Blautia.s__Blautia_wexlerae	30.8529020605
DTDPRHAMSYN-PWY: dTDP-&beta;-L-rhamnose biosynthesis|g__Bifidobacterium.s__Bifidobacterium_adolescentis	30.2330458987
DTDPRHAMSYN-PWY: dTDP-&beta;-L-rhamnose biosynthesis|g__Dorea.s__Dorea_longicatena	24.8474928319
DTDPRHAMSYN-PWY: dTDP-&beta;-L-rhamnose biosynthesis|g__Bifidobacterium.s__Bifidobacterium_longum	21.9848687138
DTDPRHAMSYN-PWY: dTDP-&beta;-L-rhamnose biosynthesis|g__Bifidobacterium.s__Bifidobacterium_pseudocatenulatum	17.9965554329
DTDPRHAMSYN-PWY: dTDP-&beta;-L-rhamnose biosynthesis|g__Clostridiales_unclassified.s__Clostridiales_bacterium_KLE1615	17.7414513462
DTDPRHAMSYN-PWY: dTDP-&beta;-L-rhamnose biosynthesis|g__Bacteroides.s__Bacteroides_uniformis	17.2159922740
DTDPRHAMSYN-PWY: dTDP-&beta;-L-rhamnose biosynthesis|g__Roseburia.s__Roseburia_inulinivorans	15.6865693257
DTDPRHAMSYN-PWY: dTDP-&beta;-L-rhamnose biosynthesis|g__Anaerostipes.s__Anaerostipes_hadrus	13.1514055565
DTDPRHAMSYN-PWY: dTDP-&beta;-L-rhamnose biosynthesis|g__Blautia.s__Blautia_sp_CAG_52	12.2209845436
DTDPRHAMSYN-PWY: dTDP-&beta;-L-rhamnose biosynthesis|g__Firmicutes_unclassified.s__Firmicutes_bacterium_AF16_15	11.7712544142
DTDPRHAMSYN-PWY: dTDP-&beta;-L-rhamnose biosynthesis|g__Mesosutterella.s__Mesosutterella_multiformis	11.1647194864
DTDPRHAMSYN-PWY: dTDP-&beta;-L-rhamnose biosynthesis|g__Sutterella.s__Sutterella_wadsworthensis	10.0656061832
DTDPRHAMSYN-PWY: dTDP-&beta;-L-rhamnose biosynthesis|g__Bacteroides.s__Bacteroides_vulgatus	7.1111111111
DTDPRHAMSYN-PWY: dTDP-&beta;-L-rhamnose biosynthesis|g__Lachnospira.s__Lachnospira_pectinoschiza	6.5027306470
DTDPRHAMSYN-PWY: dTDP-&beta;-L-rhamnose biosynthesis|g__Blautia.s__Blautia_sp_AF19_10LB	4.4131718537
DTDPRHAMSYN-PWY: dTDP-&beta;-L-rhamnose biosynthesis|g__Coprococcus.s__Coprococcus_eutactus	4.2260961437
DTDPRHAMSYN-PWY: dTDP-&beta;-L-rhamnose biosynthesis|g__Coprococcus.s__Coprococcus_catus	3.7758112094
DTDPRHAMSYN-PWY: dTDP-&beta;-L-rhamnose biosynthesis|g__Clostridium.s__Clostridium_sp_CAG_122	3.4470872113
DTDPRHAMSYN-PWY: dTDP-&beta;-L-rhamnose biosynthesis|g__Eubacterium.s__Eubacterium_hallii	2.1610128252
CALVIN-PWY: Calvin-Benson-Bassham cycle	1556.2437396914
CALVIN-PWY: Calvin-Benson-Bassham cycle|g__Roseburia.s__Roseburia_faecis	122.7116270873
CALVIN-PWY: Calvin-Benson-Bassham cycle|g__Collinsella.s__Collinsella_aerofaciens	112.6178103455
CALVIN-PWY: Calvin-Benson-Bassham cycle|g__Fusicatenibacter.s__Fusicatenibacter_saccharivorans	108.2475732347
CALVIN-PWY: Calvin-Benson-Bassham cycle|unclassified	79.3161717428
CALVIN-PWY: Calvin-Benson-Bassham cycle|g__Blautia.s__Ruminococcus_torques	72.2720415058
CALVIN-PWY: Calvin-Benson-Bassham cycle|g__Lachnospiraceae_unclassified.s__Eubacterium_rectale	47.9607757203
CALVIN-PWY: Calvin-Benson-Bassham cycle|g__Blautia.s__Blautia_sp	25.2200596999
CALVIN-PWY: Calvin-Benson-Bassham cycle|g__Blautia.s__Blautia_wexlerae	20.9069837876
CALVIN-PWY: Calvin-Benson-Bassham cycle|g__Eubacterium.s__Eubacterium_hallii	20.8567675818
CALVIN-PWY: Calvin-Benson-Bassham cycle|g__Mesosutterella.s__Mesosutterella_multiformis	17.2075007884
CALVIN-PWY: Calvin-Benson-Bassham cycle|g__Anaerostipes.s__Anaerostipes_hadrus	14.4658919425
CALVIN-PWY: Calvin-Benson-Bassham cycle|g__Blautia.s__Blautia_obeum	11.7910246141
CALVIN-PWY: Calvin-Benson-Bassham cycle|g__Roseburia.s__Roseburia_inulinivorans	8.6416931259
PWY-6385: peptidoglycan biosynthesis III (mycobacteria)	1537.5103024446
PWY-6385: peptidoglycan biosynthesis III (mycobacteria)|g__Bifidobacterium.s__Bifidobacterium_adolescentis	131.0160035078
PWY-6385: peptidoglycan biosynthesis III (mycobacteria)|unclassified	124.7844392198
PWY-6385: peptidoglycan biosynthesis III (mycobacteria)|g__Fusicatenibacter.s__Fusicatenibacter_saccharivorans	124.0785877463
PWY-6385: peptidoglycan biosynthesis III (mycobacteria)|g__Roseburia.s__Roseburia_faecis	100.3891997013
PWY-6385: peptidoglycan biosynthesis III (mycobacteria)|g__Collinsella.s__Collinsella_aerofaciens	60.2303132668
PWY-6385: peptidoglycan biosynthesis III (mycobacteria)|g__Blautia.s__Ruminococcus_torques	54.4582026343
PWY-6385: peptidoglycan biosynthesis III (mycobacteria)|g__Lachnospiraceae_unclassified.s__Eubacterium_rectale	52.5896475291
PWY-6385: peptidoglycan biosynthesis III (mycobacteria)|g__Blautia.s__Blautia_obeum	52.1853860938
PWY-6385: peptidoglycan biosynthesis III (mycobacteria)|g__Bifidobacterium.s__Bifidobacterium_bifidum	45.0519372803
PWY-6385: peptidoglycan biosynthesis III (mycobacteria)|g__Dorea.s__Dorea_longicatena	26.0378669235
PWY-6385: peptidoglycan biosynthesis III (mycobacteria)|g__Ruminococcus.s__Ruminococcus_bicirculans	20.7149040474
PWY-6385: peptidoglycan biosynthesis III (mycobacteria)|g__Blautia.s__Blautia_sp	20.6697068116
PWY-6385: peptidoglycan biosynthesis III (mycobacteria)|g__Coprococcus.s__Coprococcus_comes	20.3479609566
PWY-6385: peptidoglycan biosynthesis III (mycobacteria)|g__Mesosutterella.s__Mesosutterella_multiformis	18.1108713932
PWY-6385: peptidoglycan biosynthesis III (mycobacteria)|g__Anaerostipes.s__Anaerostipes_hadrus	14.7036556826
PWY-6385: peptidoglycan biosynthesis III (mycobacteria)|g__Acidaminococcus.s__Acidaminococcus_intestini	13.1512504157
PWY-6385: peptidoglycan biosynthesis III (mycobacteria)|g__Blautia.s__Blautia_wexlerae	13.1202232084
PWY-6385: peptidoglycan biosynthesis III (mycobacteria)|g__Sutterella.s__Sutterella_wadsworthensis	10.0045885773
PWY-6385: peptidoglycan biosynthesis III (mycobacteria)|g__Blautia.s__Blautia_sp_CAG_52	9.7641013157
PWY-6385: peptidoglycan biosynthesis III (mycobacteria)|g__Agathobaculum.s__Agathobaculum_butyriciproducens	9.6792906481
PWY-6385: peptidoglycan biosynthesis III (mycobacteria)|g__Bacteroides.s__Bacteroides_uniformis	9.4568410703
PWY-6385: peptidoglycan biosynthesis III (mycobacteria)|g__Firmicutes_unclassified.s__Firmicutes_bacterium_AF16_15	9.1693987996
PWY-7111: pyruvate fermentation to isobutanol (engineered)	1519.2280757312
PWY-7111: pyruvate fermentation to isobutanol (engineered)|g__Faecalibacterium.s__Faecalibacterium_prausnitzii	140.0015946619
PWY-7111: pyruvate fermentation to isobutanol (engineered)|g__Bifidobacterium.s__Bifidobacterium_adolescentis	139.2195993759
PWY-7111: pyruvate fermentation to isobutanol (engineered)|g__Roseburia.s__Roseburia_faecis	106.6553441475
PWY-7111: pyruvate fermentation to isobutanol (engineered)|g__Bifidobacterium.s__Bifidobacterium_longum	66.9741670485
PWY-7111: pyruvate fermentation to isobutanol (engineered)|g__Roseburia.s__Roseburia_hominis	49.2877173201
PWY-7111: pyruvate fermentation to isobutanol (engineered)|unclassified	44.4830726316
PWY-7111: pyruvate fermentation to isobutanol (engineered)|g__Bifidobacterium.s__Bifidobacterium_bifidum	42.3375292447
PWY-7111: pyruvate fermentation to isobutanol (engineered)|g__Dorea.s__Dorea_longicatena	36.5251618695
PWY-7111: pyruvate fermentation to isobutanol (engineered)|g__Coprococcus.s__Coprococcus_comes	32.7842947264
PWY-7111: pyruvate fermentation to isobutanol (engineered)|g__Acidaminococcus.s__Acidaminococcus_intestini	19.2861772361
PWY-7111: pyruvate fermentation to isobutanol (engineered)|g__Anaerostipes.s__Anaerostipes_hadrus	14.2014414024
PWY-7111: pyruvate fermentation to isobutanol (engineered)|g__Blautia.s__Blautia_wexlerae	12.1736134891
PWY-7111: pyruvate fermentation to isobutanol (engineered)|g__Coprococcus.s__Coprococcus_eutactus	11.0618258033
PWY-7111: pyruvate fermentation to isobutanol (engineered)|g__Blautia.s__Ruminococcus_torques	8.0687550327
PWY-7111: pyruvate fermentation to isobutanol (engineered)|g__Blautia.s__Blautia_obeum	7.3230366241
PWY-7111: pyruvate fermentation to isobutanol (engineered)|g__Lachnospiraceae_unclassified.s__Eubacterium_rectale	6.6816032241
PWY-7111: pyruvate fermentation to isobutanol (engineered)|g__Roseburia.s__Roseburia_inulinivorans	5.5694455568
ANAGLYCOLYSIS-PWY: glycolysis III (from glucose)	1508.7326383698
ANAGLYCOLYSIS-PWY: glycolysis III (from glucose)|g__Roseburia.s__Roseburia_faecis	118.6520881086
ANAGLYCOLYSIS-PWY: glycolysis III (from glucose)|g__Fusicatenibacter.s__Fusicatenibacter_saccharivorans	95.8731958478
ANAGLYCOLYSIS-PWY: glycolysis III (from glucose)|g__Collinsella.s__Collinsella_aerofaciens	84.7576105913
ANAGLYCOLYSIS-PWY: glycolysis III (from glucose)|g__Faecalibacterium.s__Faecalibacterium_prausnitzii	69.4972289706
ANAGLYCOLYSIS-PWY: glycolysis III (from glucose)|unclassified	59.8263219526
ANAGLYCOLYSIS-PWY: glycolysis III (from glucose)|g__Roseburia.s__Roseburia_hominis	55.4627520015
ANAGLYCOLYSIS-PWY: glycolysis III (from glucose)|g__Lachnospiraceae_unclassified.s__Eubacterium_rectale	41.3562378227
ANAGLYCOLYSIS-PWY: glycolysis III (from glucose)|g__Blautia.s__Ruminococcus_torques	31.6604391427
ANAGLYCOLYSIS-PWY: glycolysis III (from glucose)|g__Dorea.s__Dorea_longicatena	21.9746731838
ANAGLYCOLYSIS-PWY: glycolysis III (from glucose)|g__Coprococcus.s__Coprococcus_comes	20.6276914544
ANAGLYCOLYSIS-PWY: glycolysis III (from glucose)|g__Ruminococcus.s__Ruminococcus_bicirculans	17.3291617784
ANAGLYCOLYSIS-PWY: glycolysis III (from glucose)|g__Blautia.s__Blautia_obeum	13.3927961949
COA-PWY: coenzyme A biosynthesis I (prokaryotic)	1493.6836985055
COA-PWY: coenzyme A biosynthesis I (prokaryotic)|g__Faecalibacterium.s__Faecalibacterium_prausnitzii	216.6141354286
COA-PWY: coenzyme A biosynthesis I (prokaryotic)|unclassified	160.4516596149
COA-PWY: coenzyme A biosynthesis I (prokaryotic)|g__Bifidobacterium.s__Bifidobacterium_adolescentis	142.9887025435
COA-PWY: coenzyme A biosynthesis I (prokaryotic)|g__Fusicatenibacter.s__Fusicatenibacter_saccharivorans	118.1581233710
COA-PWY: coenzyme A biosynthesis I (prokaryotic)|g__Roseburia.s__Roseburia_faecis	98.7368210234
COA-PWY: coenzyme A biosynthesis I (prokaryotic)|g__Lachnospiraceae_unclassified.s__Eubacterium_rectale	79.1713838896
COA-PWY: coenzyme A biosynthesis I (prokaryotic)|g__Collinsella.s__Collinsella_aerofaciens	49.0783659979
COA-PWY: coenzyme A biosynthesis I (prokaryotic)|g__Gemmiger.s__Gemmiger_formicilis	42.0363991293
COA-PWY: coenzyme A biosynthesis I (prokaryotic)|g__Blautia.s__Blautia_obeum	41.7627559990
COA-PWY: coenzyme A biosynthesis I (prokaryotic)|g__Blautia.s__Ruminococcus_torques	35.5672232016
COA-PWY: coenzyme A biosynthesis I (prokaryotic)|g__Prevotella.s__Prevotella_sp_CAG_279	31.4082402017
COA-PWY: coenzyme A biosynthesis I (prokaryotic)|g__Coprococcus.s__Coprococcus_comes	28.2444606769
COA-PWY: coenzyme A biosynthesis I (prokaryotic)|g__Subdoligranulum.s__Subdoligranulum_sp_APC924_74	28.1923599262
COA-PWY: coenzyme A biosynthesis I (prokaryotic)|g__Dorea.s__Dorea_longicatena	22.1403990085
COA-PWY: coenzyme A biosynthesis I (prokaryotic)|g__Ruminococcus.s__Ruminococcus_bicirculans	21.2604403948
COA-PWY: coenzyme A biosynthesis I (prokaryotic)|g__Mesosutterella.s__Mesosutterella_multiformis	19.8874022081
COA-PWY: coenzyme A biosynthesis I (prokaryotic)|g__Anaerostipes.s__Anaerostipes_hadrus	19.1256830601
COA-PWY: coenzyme A biosynthesis I (prokaryotic)|g__Bacteroides.s__Bacteroides_uniformis	16.1022140544
COA-PWY: coenzyme A biosynthesis I (prokaryotic)|g__Blautia.s__Blautia_wexlerae	13.6892539357
COA-PWY: coenzyme A biosynthesis I (prokaryotic)|g__Agathobaculum.s__Agathobaculum_butyriciproducens	12.1866777455
COA-PWY: coenzyme A biosynthesis I (prokaryotic)|g__Acidaminococcus.s__Acidaminococcus_intestini	10.0819155640
COA-PWY: coenzyme A biosynthesis I (prokaryotic)|g__Sutterella.s__Sutterella_wadsworthensis	9.7209564727
COA-PWY: coenzyme A biosynthesis I (prokaryotic)|g__Ruminococcus.s__Ruminococcus_sp_CAG_254	9.4827586207
COA-PWY: coenzyme A biosynthesis I (prokaryotic)|g__Phascolarctobacterium.s__Phascolarctobacterium_succinatutens	9.0950432015
COA-PWY: coenzyme A biosynthesis I (prokaryotic)|g__Blautia.s__Blautia_sp	7.6315072227
COA-PWY: coenzyme A biosynthesis I (prokaryotic)|g__Firmicutes_unclassified.s__Firmicutes_bacterium_CAG_56	6.2893081761
PWY-7851: coenzyme A biosynthesis II (eukaryotic)	1493.6836985055
PWY-7851: coenzyme A biosynthesis II (eukaryotic)|g__Faecalibacterium.s__Faecalibacterium_prausnitzii	193.9243149351
PWY-7851: coenzyme A biosynthesis II (eukaryotic)|g__Bifidobacterium.s__Bifidobacterium_adolescentis	125.9928911848
PWY-7851: coenzyme A biosynthesis II (eukaryotic)|g__Fusicatenibacter.s__Fusicatenibacter_saccharivorans	100.0113665381
PWY-7851: coenzyme A biosynthesis II (eukaryotic)|unclassified	84.8284643602
PWY-7851: coenzyme A biosynthesis II (eukaryotic)|g__Roseburia.s__Roseburia_faecis	80.5230411126
PWY-7851: coenzyme A biosynthesis II (eukaryotic)|g__Gemmiger.s__Gemmiger_formicilis	42.0363991293
PWY-7851: coenzyme A biosynthesis II (eukaryotic)|g__Blautia.s__Blautia_obeum	41.7627559990
PWY-7851: coenzyme A biosynthesis II (eukaryotic)|g__Collinsella.s__Collinsella_aerofaciens	36.2479221337
PWY-7851: coenzyme A biosynthesis II (eukaryotic)|g__Prevotella.s__Prevotella_sp_CAG_279	30.6955980728
PWY-7851: coenzyme A biosynthesis II (eukaryotic)|g__Subdoligranulum.s__Subdoligranulum_sp_APC924_74	28.1923599262
PWY-7851: coenzyme A biosynthesis II (eukaryotic)|g__Dorea.s__Dorea_longicatena	21.3520063923
PWY-7851: coenzyme A biosynthesis II (eukaryotic)|g__Mesosutterella.s__Mesosutterella_multiformis	19.8874022081
PWY-7851: coenzyme A biosynthesis II (eukaryotic)|g__Coprococcus.s__Coprococcus_comes	18.5007974482
PWY-7851: coenzyme A biosynthesis II (eukaryotic)|g__Ruminococcus.s__Ruminococcus_bicirculans	17.9003669454
PWY-7851: coenzyme A biosynthesis II (eukaryotic)|g__Blautia.s__Ruminococcus_torques	14.8635608454
PWY-7851: coenzyme A biosynthesis II (eukaryotic)|g__Agathobaculum.s__Agathobaculum_butyriciproducens	11.0372507212
PWY-7851: coenzyme A biosynthesis II (eukaryotic)|g__Anaerostipes.s__Anaerostipes_hadrus	10.0864553314
PWY-7851: coenzyme A biosynthesis II (eukaryotic)|g__Acidaminococcus.s__Acidaminococcus_intestini	10.0819155640
PWY-7851: coenzyme A biosynthesis II (eukaryotic)|g__Sutterella.s__Sutterella_wadsworthensis	9.7209564727
PWY-5103: L-isoleucine biosynthesis III	1489.7361001300
PWY-5103: L-isoleucine biosynthesis III|g__Bifidobacterium.s__Bifidobacterium_adolescentis	151.8093288309
PWY-5103: L-isoleucine biosynthesis III|unclassified	86.1593020253
PWY-5103: L-isoleucine biosynthesis III|g__Bifidobacterium.s__Bifidobacterium_longum	60.2009730982
PWY-5103: L-isoleucine biosynthesis III|g__Lachnospiraceae_unclassified.s__Eubacterium_rectale	53.6327502464
PWY-5103: L-isoleucine biosynthesis III|g__Gemmiger.s__Gemmiger_formicilis	52.1323025779
PWY-5103: L-isoleucine biosynthesis III|g__Bifidobacterium.s__Bifidobacterium_bifidum	42.9421657854
PWY-5103: L-isoleucine biosynthesis III|g__Dorea.s__Dorea_longicatena	31.3103107545
PWY-5103: L-isoleucine biosynthesis III|g__Coprococcus.s__Coprococcus_comes	29.2591790973
PWY-5103: L-isoleucine biosynthesis III|g__Blautia.s__Blautia_sp	23.9141391731
PWY-5103: L-isoleucine biosynthesis III|g__Ruminococcus.s__Ruminococcus_bicirculans	20.0593398078
PWY-5103: L-isoleucine biosynthesis III|g__Anaerostipes.s__Anaerostipes_hadrus	11.8501869662
PWY-5103: L-isoleucine biosynthesis III|g__Blautia.s__Blautia_wexlerae	11.7391727094
PWY-5103: L-isoleucine biosynthesis III|g__Blautia.s__Blautia_obeum	10.2788865563
PWY-5103: L-isoleucine biosynthesis III|g__Bacteroides.s__Bacteroides_uniformis	10.0685341653
PWY-5103: L-isoleucine biosynthesis III|g__Coprococcus.s__Coprococcus_eutactus	9.3160484245
PWY-5103: L-isoleucine biosynthesis III|g__Blautia.s__Ruminococcus_torques	8.0795643712
PWY-5103: L-isoleucine biosynthesis III|g__Ruminococcus.s__Ruminococcus_sp_CAG_254	6.7710537452
PWY-5103: L-isoleucine biosynthesis III|g__Blautia.s__Blautia_sp_AF19_10LB	6.6219989777
PWY-5103: L-isoleucine biosynthesis III|g__Roseburia.s__Roseburia_inulinivorans	5.5962958115
PWY-5103: L-isoleucine biosynthesis III|g__Roseburia.s__Roseburia_hominis	2.6482452917
PWY-5103: L-isoleucine biosynthesis III|g__Bifidobacterium.s__Bifidobacterium_pseudocatenulatum	1.9425381002
PWY-7953: UDP-N-acetylmuramoyl-pentapeptide biosynthesis III (meso-diaminopimelate containing)	1455.2673670615
PWY-7953: UDP-N-acetylmuramoyl-pentapeptide biosynthesis III (meso-diaminopimelate containing)|g__Fusicatenibacter.s__Fusicatenibacter_saccharivorans	124.3903228586
PWY-7953: UDP-N-acetylmuramoyl-pentapeptide biosynthesis III (meso-diaminopimelate containing)|g__Roseburia.s__Roseburia_faecis	108.8811204540
PWY-7953: UDP-N-acetylmuramoyl-pentapeptide biosynthesis III (meso-diaminopimelate containing)|unclassified	103.0809016590
PWY-7953: UDP-N-acetylmuramoyl-pentapeptide biosynthesis III (meso-diaminopimelate containing)|g__Blautia.s__Ruminococcus_torques	53.4711495076
PWY-7953: UDP-N-acetylmuramoyl-pentapeptide biosynthesis III (meso-diaminopimelate containing)|g__Blautia.s__Blautia_obeum	53.4669973292
PWY-7953: UDP-N-acetylmuramoyl-pentapeptide biosynthesis III (meso-diaminopimelate containing)|g__Lachnospiraceae_unclassified.s__Eubacterium_rectale	50.2650449857
PWY-7953: UDP-N-acetylmuramoyl-pentapeptide biosynthesis III (meso-diaminopimelate containing)|g__Bifidobacterium.s__Bifidobacterium_bifidum	44.0529311252
PWY-7953: UDP-N-acetylmuramoyl-pentapeptide biosynthesis III (meso-diaminopimelate containing)|g__Dorea.s__Dorea_longicatena	27.8003187079
PWY-7953: UDP-N-acetylmuramoyl-pentapeptide biosynthesis III (meso-diaminopimelate containing)|g__Coprococcus.s__Coprococcus_comes	23.8674686845
PWY-7953: UDP-N-acetylmuramoyl-pentapeptide biosynthesis III (meso-diaminopimelate containing)|g__Blautia.s__Blautia_sp	18.9215887924
PWY-7953: UDP-N-acetylmuramoyl-pentapeptide biosynthesis III (meso-diaminopimelate containing)|g__Ruminococcus.s__Ruminococcus_bicirculans	18.5330882433
PWY-7953: UDP-N-acetylmuramoyl-pentapeptide biosynthesis III (meso-diaminopimelate containing)|g__Anaerostipes.s__Anaerostipes_hadrus	15.8928682394
PWY-7953: UDP-N-acetylmuramoyl-pentapeptide biosynthesis III (meso-diaminopimelate containing)|g__Eubacterium.s__Eubacterium_hallii	14.6683521382
PWY-7953: UDP-N-acetylmuramoyl-pentapeptide biosynthesis III (meso-diaminopimelate containing)|g__Acidaminococcus.s__Acidaminococcus_intestini	12.8846280045
PWY-7953: UDP-N-acetylmuramoyl-pentapeptide biosynthesis III (meso-diaminopimelate containing)|g__Blautia.s__Blautia_wexlerae	12.2954170085
PWY-7953: UDP-N-acetylmuramoyl-pentapeptide biosynthesis III (meso-diaminopimelate containing)|g__Blautia.s__Blautia_sp_CAG_52	9.2287621513
PWY-7953: UDP-N-acetylmuramoyl-pentapeptide biosynthesis III (meso-diaminopimelate containing)|g__Firmicutes_unclassified.s__Firmicutes_bacterium_AF16_15	9.0485779254
PWY-7953: UDP-N-acetylmuramoyl-pentapeptide biosynthesis III (meso-diaminopimelate containing)|g__Bacteroides.s__Bacteroides_uniformis	8.1874423015
PWY-I9: L-cysteine biosynthesis VI (from L-methionine)	1449.7041872217
PWY-I9: L-cysteine biosynthesis VI (from L-methionine)|g__Bifidobacterium.s__Bifidobacterium_longum	63.7149727703
PWY-I9: L-cysteine biosynthesis VI (from L-methionine)|unclassified	27.2811080017
PWY-I9: L-cysteine biosynthesis VI (from L-methionine)|g__Blautia.s__Ruminococcus_torques	12.7155601932
PWY-I9: L-cysteine biosynthesis VI (from L-methionine)|g__Coprococcus.s__Coprococcus_comes	12.6089944259
PWY-I9: L-cysteine biosynthesis VI (from L-methionine)|g__Roseburia.s__Roseburia_inulinivorans	7.3699038792
PWY-5097: L-lysine biosynthesis VI	1433.0883088709
PWY-5097: L-lysine biosynthesis VI|g__Ruminococcus.s__Ruminococcus_bromii	219.7419623400
PWY-5097: L-lysine biosynthesis VI|g__Bifidobacterium.s__Bifidobacterium_adolescentis	159.1026637883
PWY-5097: L-lysine biosynthesis VI|g__Faecalibacterium.s__Faecalibacterium_prausnitzii	154.9621757444
PWY-5097: L-lysine biosynthesis VI|g__Fusicatenibacter.s__Fusicatenibacter_saccharivorans	107.8996991662
PWY-5097: L-lysine biosynthesis VI|unclassified	104.3112080914
PWY-5097: L-lysine biosynthesis VI|g__Bifidobacterium.s__Bifidobacterium_longum	70.4931155351
PWY-5097: L-lysine biosynthesis VI|g__Roseburia.s__Roseburia_hominis	57.2907742173
PWY-5097: L-lysine biosynthesis VI|g__Bifidobacterium.s__Bifidobacterium_bifidum	48.1206496890
PWY-5097: L-lysine biosynthesis VI|g__Blautia.s__Blautia_obeum	47.8331044214
PWY-5097: L-lysine biosynthesis VI|g__Gemmiger.s__Gemmiger_formicilis	40.7036372325
PWY-5097: L-lysine biosynthesis VI|g__Dorea.s__Dorea_longicatena	23.0073013976
PWY-5097: L-lysine biosynthesis VI|g__Coprococcus.s__Coprococcus_comes	22.6706514857
PWY-5097: L-lysine biosynthesis VI|g__Blautia.s__Ruminococcus_torques	20.2906489711
PWY-5097: L-lysine biosynthesis VI|g__Anaerostipes.s__Anaerostipes_hadrus	16.9735479977
PWY-5097: L-lysine biosynthesis VI|g__Blautia.s__Blautia_wexlerae	12.8561424484
PWY-5097: L-lysine biosynthesis VI|g__Eubacterium.s__Eubacterium_hallii	10.8756248915
PWY-5097: L-lysine biosynthesis VI|g__Agathobaculum.s__Agathobaculum_butyriciproducens	9.9013737209
PWY-5097: L-lysine biosynthesis VI|g__Bacteroides.s__Bacteroides_uniformis	9.8593257592
PWY-5097: L-lysine biosynthesis VI|g__Blautia.s__Blautia_sp_CAG_52	8.9002492207
PWY-5097: L-lysine biosynthesis VI|g__Lachnospira.s__Lachnospira_pectinoschiza	7.5286952939
PWY-5097: L-lysine biosynthesis VI|g__Sutterella.s__Sutterella_wadsworthensis	7.4978577549
PWY-5097: L-lysine biosynthesis VI|g__Blautia.s__Blautia_sp_AF19_10LB	1.9531098491
PWY-6700: queuosine biosynthesis I (de novo)	1424.6794551175
PWY-6700: queuosine biosynthesis I (de novo)|g__Ruminococcus.s__Ruminococcus_bromii	180.6797848217
PWY-6700: queuosine biosynthesis I (de novo)|g__Faecalibacterium.s__Faecalibacterium_prausnitzii	169.6482561263
PWY-6700: queuosine biosynthesis I (de novo)|g__Roseburia.s__Roseburia_faecis	103.2202200670
PWY-6700: queuosine biosynthesis I (de novo)|g__Fusicatenibacter.s__Fusicatenibacter_saccharivorans	73.1861025732
PWY-6700: queuosine biosynthesis I (de novo)|g__Collinsella.s__Collinsella_aerofaciens	69.0544252004
PWY-6700: queuosine biosynthesis I (de novo)|unclassified	62.2445782281
PWY-6700: queuosine biosynthesis I (de novo)|g__Roseburia.s__Roseburia_hominis	56.3724584117
PWY-6700: queuosine biosynthesis I (de novo)|g__Blautia.s__Ruminococcus_torques	43.9886976207
PWY-6700: queuosine biosynthesis I (de novo)|g__Prevotella.s__Prevotella_sp_CAG_279	43.7852107710
PWY-6700: queuosine biosynthesis I (de novo)|g__Clostridium.s__Clostridium_sp_CAG_217	41.2286839685
PWY-6700: queuosine biosynthesis I (de novo)|g__Gemmiger.s__Gemmiger_formicilis	35.1588719329
PWY-6700: queuosine biosynthesis I (de novo)|g__Subdoligranulum.s__Subdoligranulum_sp_APC924_74	30.1389523126
PWY-6700: queuosine biosynthesis I (de novo)|g__Blautia.s__Blautia_obeum	29.5069761419
PWY-6700: queuosine biosynthesis I (de novo)|g__Mesosutterella.s__Mesosutterella_multiformis	23.3882603083
PWY-6700: queuosine biosynthesis I (de novo)|g__Coprococcus.s__Coprococcus_comes	22.9926587725
PWY-6700: queuosine biosynthesis I (de novo)|g__Dorea.s__Dorea_longicatena	21.7415296325
PWY-6700: queuosine biosynthesis I (de novo)|g__Blautia.s__Blautia_sp	21.6578877674
PWY-6700: queuosine biosynthesis I (de novo)|g__Acidaminococcus.s__Acidaminococcus_intestini	17.5467698830
PWY-6700: queuosine biosynthesis I (de novo)|g__Lachnospiraceae_unclassified.s__Eubacterium_rectale	16.3401937561
PWY-6700: queuosine biosynthesis I (de novo)|g__Eubacterium.s__Eubacterium_hallii	16.1880901908
PWY-6700: queuosine biosynthesis I (de novo)|g__Ruminococcus.s__Ruminococcus_bicirculans	13.4861766689
PWY-6700: queuosine biosynthesis I (de novo)|g__Anaerostipes.s__Anaerostipes_hadrus	10.5624504885
PWY-6700: queuosine biosynthesis I (de novo)|g__Coprococcus.s__Coprococcus_eutactus	8.9896822965
PWY-6700: queuosine biosynthesis I (de novo)|g__Bacteroides.s__Bacteroides_uniformis	8.8723244673
PWY-6700: queuosine biosynthesis I (de novo)|g__Blautia.s__Blautia_wexlerae	8.6850031338
PWY-6700: queuosine biosynthesis I (de novo)|g__Roseburia.s__Roseburia_inulinivorans	7.5187969925
PWY-6700: queuosine biosynthesis I (de novo)|g__Ruminococcus.s__Ruminococcus_sp_CAG_254	6.9808027923
PWY-6700: queuosine biosynthesis I (de novo)|g__Blautia.s__Blautia_sp_CAG_52	6.8259385666
PWY-3841: folate transformations II (plants)	1370.7098402498
PWY-3841: folate transformations II (plants)|g__Bifidobacterium.s__Bifidobacterium_adolescentis	123.7518146130
PWY-3841: folate transformations II (plants)|g__Roseburia.s__Roseburia_faecis	95.8888729367
PWY-3841: folate transformations II (plants)|unclassified	85.8361671793
PWY-3841: folate transformations II (plants)|g__Lachnospiraceae_unclassified.s__Eubacterium_rectale	69.7286889626
PWY-3841: folate transformations II (plants)|g__Bifidobacterium.s__Bifidobacterium_longum	64.6372462221
PWY-3841: folate transformations II (plants)|g__Roseburia.s__Roseburia_hominis	56.2367800509
PWY-3841: folate transformations II (plants)|g__Prevotella.s__Prevotella_sp_CAG_279	47.9794750403
PWY-3841: folate transformations II (plants)|g__Blautia.s__Ruminococcus_torques	38.1440267145
PWY-3841: folate transformations II (plants)|g__Mesosutterella.s__Mesosutterella_multiformis	19.8897705573
PWY-3841: folate transformations II (plants)|g__Coprococcus.s__Coprococcus_comes	17.4436643840
PWY-3841: folate transformations II (plants)|g__Anaerostipes.s__Anaerostipes_hadrus	14.3144217799
PWY-3841: folate transformations II (plants)|g__Eubacterium.s__Eubacterium_hallii	11.0512865210
PWY-3841: folate transformations II (plants)|g__Blautia.s__Blautia_wexlerae	7.2271961316
PWY-3841: folate transformations II (plants)|g__Bacteroides.s__Bacteroides_vulgatus	5.8858151854
PWY-3841: folate transformations II (plants)|g__Blautia.s__Blautia_obeum	3.0749610097
PWY-8178: pentose phosphate pathway (non-oxidative branch) II	1358.3200295525
PWY-8178: pentose phosphate pathway (non-oxidative branch) II|g__Fusicatenibacter.s__Fusicatenibacter_saccharivorans	136.6766402259
PWY-8178: pentose phosphate pathway (non-oxidative branch) II|g__Roseburia.s__Roseburia_faecis	134.2792100468
PWY-8178: pentose phosphate pathway (non-oxidative branch) II|g__Collinsella.s__Collinsella_aerofaciens	102.2340450610
PWY-8178: pentose phosphate pathway (non-oxidative branch) II|g__Blautia.s__Ruminococcus_torques	82.9519112421
PWY-8178: pentose phosphate pathway (non-oxidative branch) II|g__Roseburia.s__Roseburia_hominis	67.1762233860
PWY-8178: pentose phosphate pathway (non-oxidative branch) II|unclassified	62.3420028467
PWY-8178: pentose phosphate pathway (non-oxidative branch) II|g__Lachnospiraceae_unclassified.s__Eubacterium_rectale	60.0281585266
PWY-8178: pentose phosphate pathway (non-oxidative branch) II|g__Blautia.s__Blautia_sp	31.3308059483
PWY-8178: pentose phosphate pathway (non-oxidative branch) II|g__Bifidobacterium.s__Bifidobacterium_bifidum	30.2709889574
PWY-8178: pentose phosphate pathway (non-oxidative branch) II|g__Eubacterium.s__Eubacterium_hallii	27.6105397719
PWY-8178: pentose phosphate pathway (non-oxidative branch) II|g__Blautia.s__Blautia_obeum	26.3395003695
PWY-8178: pentose phosphate pathway (non-oxidative branch) II|g__Anaerostipes.s__Anaerostipes_hadrus	23.1382586664
PWY-8178: pentose phosphate pathway (non-oxidative branch) II|g__Mesosutterella.s__Mesosutterella_multiformis	12.5309544410
PWY-8178: pentose phosphate pathway (non-oxidative branch) II|g__Agathobaculum.s__Agathobaculum_butyriciproducens	12.2613417411
PWY-8178: pentose phosphate pathway (non-oxidative branch) II|g__Blautia.s__Blautia_wexlerae	9.6236855885
PWY-8178: pentose phosphate pathway (non-oxidative branch) II|g__Roseburia.s__Roseburia_inulinivorans	6.9963618918
PWY-724: superpathway of L-lysine, L-threonine and L-methionine biosynthesis II	1328.5944105926
PWY-724: superpathway of L-lysine, L-threonine and L-methionine biosynthesis II|g__Bifidobacterium.s__Bifidobacterium_adolescentis	137.5062757481
PWY-724: superpathway of L-lysine, L-threonine and L-methionine biosynthesis II|g__Faecalibacterium.s__Faecalibacterium_prausnitzii	136.2075145131
PWY-724: superpathway of L-lysine, L-threonine and L-methionine biosynthesis II|unclassified	96.2755559138
PWY-724: superpathway of L-lysine, L-threonine and L-methionine biosynthesis II|g__Fusicatenibacter.s__Fusicatenibacter_saccharivorans	75.0501473752
PWY-724: superpathway of L-lysine, L-threonine and L-methionine biosynthesis II|g__Bifidobacterium.s__Bifidobacterium_longum	57.9679472550
PWY-724: superpathway of L-lysine, L-threonine and L-methionine biosynthesis II|g__Roseburia.s__Roseburia_hominis	57.4140426871
PWY-724: superpathway of L-lysine, L-threonine and L-methionine biosynthesis II|g__Bifidobacterium.s__Bifidobacterium_bifidum	49.2921062379
PWY-724: superpathway of L-lysine, L-threonine and L-methionine biosynthesis II|g__Coprococcus.s__Coprococcus_comes	22.6957409682
PWY-724: superpathway of L-lysine, L-threonine and L-methionine biosynthesis II|g__Blautia.s__Blautia_obeum	21.7487683465
PWY-724: superpathway of L-lysine, L-threonine and L-methionine biosynthesis II|g__Dorea.s__Dorea_longicatena	19.3200328693
PWY-724: superpathway of L-lysine, L-threonine and L-methionine biosynthesis II|g__Blautia.s__Ruminococcus_torques	13.7758047924
PWY-724: superpathway of L-lysine, L-threonine and L-methionine biosynthesis II|g__Anaerostipes.s__Anaerostipes_hadrus	13.6548080431
PWY-724: superpathway of L-lysine, L-threonine and L-methionine biosynthesis II|g__Eubacterium.s__Eubacterium_hallii	10.4971318131
PWY0-1296: purine ribonucleosides degradation	1312.5685830330
PWY0-1296: purine ribonucleosides degradation|g__Faecalibacterium.s__Faecalibacterium_prausnitzii	237.4760502830
PWY0-1296: purine ribonucleosides degradation|unclassified	191.1725895676
PWY0-1296: purine ribonucleosides degradation|g__Fusicatenibacter.s__Fusicatenibacter_saccharivorans	160.8913049754
PWY0-1296: purine ribonucleosides degradation|g__Roseburia.s__Roseburia_faecis	97.3378698245
PWY0-1296: purine ribonucleosides degradation|g__Blautia.s__Ruminococcus_torques	71.4346749564
PWY0-1296: purine ribonucleosides degradation|g__Lachnospiraceae_unclassified.s__Eubacterium_rectale	69.5077149155
PWY0-1296: purine ribonucleosides degradation|g__Blautia.s__Blautia_obeum	58.3687791407
PWY0-1296: purine ribonucleosides degradation|g__Dorea.s__Dorea_longicatena	49.7473657410
PWY0-1296: purine ribonucleosides degradation|g__Gemmiger.s__Gemmiger_formicilis	36.1041481362
PWY0-1296: purine ribonucleosides degradation|g__Roseburia.s__Roseburia_hominis	34.3344156138
PWY0-1296: purine ribonucleosides degradation|g__Blautia.s__Blautia_sp	24.3431221020
PWY0-1296: purine ribonucleosides degradation|g__Coprococcus.s__Coprococcus_comes	24.0685026614
PWY0-1296: purine ribonucleosides degradation|g__Subdoligranulum.s__Subdoligranulum_sp_APC924_74	19.0464334620
PWY0-1296: purine ribonucleosides degradation|g__Blautia.s__Blautia_wexlerae	17.6150314935
PWY0-1296: purine ribonucleosides degradation|g__Anaerostipes.s__Anaerostipes_hadrus	12.1138094861
PWY0-1296: purine ribonucleosides degradation|g__Roseburia.s__Roseburia_inulinivorans	10.4712041885
PWY0-1296: purine ribonucleosides degradation|g__Clostridiales_unclassified.s__Clostridiales_bacterium_KLE1615	10.1214574899
PWY0-1296: purine ribonucleosides degradation|g__Acidaminococcus.s__Acidaminococcus_intestini	9.7323600973
NONOXIPENT-PWY: pentose phosphate pathway (non-oxidative branch) I	1305.6411183899
NONOXIPENT-PWY: pentose phosphate pathway (non-oxidative branch) I|g__Fusicatenibacter.s__Fusicatenibacter_saccharivorans	155.3436498096
NONOXIPENT-PWY: pentose phosphate pathway (non-oxidative branch) I|g__Roseburia.s__Roseburia_faecis	138.1598613036
NONOXIPENT-PWY: pentose phosphate pathway (non-oxidative branch) I|g__Collinsella.s__Collinsella_aerofaciens	134.4438216827
NONOXIPENT-PWY: pentose phosphate pathway (non-oxidative branch) I|g__Roseburia.s__Roseburia_hominis	80.8457323508
NONOXIPENT-PWY: pentose phosphate pathway (non-oxidative branch) I|g__Lachnospiraceae_unclassified.s__Eubacterium_rectale	74.9246225098
NONOXIPENT-PWY: pentose phosphate pathway (non-oxidative branch) I|g__Blautia.s__Ruminococcus_torques	72.6901039931
NONOXIPENT-PWY: pentose phosphate pathway (non-oxidative branch) I|unclassified	61.1892419387
NONOXIPENT-PWY: pentose phosphate pathway (non-oxidative branch) I|g__Bifidobacterium.s__Bifidobacterium_bifidum	31.6313928598
NONOXIPENT-PWY: pentose phosphate pathway (non-oxidative branch) I|g__Blautia.s__Blautia_obeum	29.5329621155
NONOXIPENT-PWY: pentose phosphate pathway (non-oxidative branch) I|g__Blautia.s__Blautia_sp	29.1153415454
NONOXIPENT-PWY: pentose phosphate pathway (non-oxidative branch) I|g__Eubacterium.s__Eubacterium_hallii	26.4593174610
NONOXIPENT-PWY: pentose phosphate pathway (non-oxidative branch) I|g__Anaerostipes.s__Anaerostipes_hadrus	16.3883630255
NONOXIPENT-PWY: pentose phosphate pathway (non-oxidative branch) I|g__Mesosutterella.s__Mesosutterella_multiformis	15.2623211447
NONOXIPENT-PWY: pentose phosphate pathway (non-oxidative branch) I|g__Agathobaculum.s__Agathobaculum_butyriciproducens	10.1862630966
NONOXIPENT-PWY: pentose phosphate pathway (non-oxidative branch) I|g__Blautia.s__Blautia_wexlerae	6.4084440675
PWY-6317: D-galactose degradation I (Leloir pathway)	1287.5172963190
PWY-6317: D-galactose degradation I (Leloir pathway)|g__Faecalibacterium.s__Faecalibacterium_prausnitzii	182.7986650145
PWY-6317: D-galactose degradation I (Leloir pathway)|g__Roseburia.s__Roseburia_faecis	112.3372196940
PWY-6317: D-galactose degradation I (Leloir pathway)|g__Fusicatenibacter.s__Fusicatenibacter_saccharivorans	103.6346874688
PWY-6317: D-galactose degradation I (Leloir pathway)|g__Collinsella.s__Collinsella_aerofaciens	95.9718538307
PWY-6317: D-galactose degradation I (Leloir pathway)|g__Roseburia.s__Roseburia_hominis	87.9608590266
PWY-6317: D-galactose degradation I (Leloir pathway)|unclassified	79.8794655924
PWY-6317: D-galactose degradation I (Leloir pathway)|g__Blautia.s__Blautia_obeum	30.5987988297
PWY-6317: D-galactose degradation I (Leloir pathway)|g__Coprococcus.s__Coprococcus_comes	25.2966558257
PWY-6317: D-galactose degradation I (Leloir pathway)|g__Dorea.s__Dorea_longicatena	24.4656591378
PWY-6317: D-galactose degradation I (Leloir pathway)|g__Blautia.s__Ruminococcus_torques	22.1682799237
PWY-6317: D-galactose degradation I (Leloir pathway)|g__Blautia.s__Blautia_sp	21.3290848304
PWY-6317: D-galactose degradation I (Leloir pathway)|g__Anaerostipes.s__Anaerostipes_hadrus	17.2955217598
PWY-6317: D-galactose degradation I (Leloir pathway)|g__Blautia.s__Blautia_wexlerae	14.9041084347
PWY-6317: D-galactose degradation I (Leloir pathway)|g__Clostridiales_unclassified.s__Clostridiales_bacterium_KLE1615	10.9834790170
PWY-6317: D-galactose degradation I (Leloir pathway)|g__Coprococcus.s__Coprococcus_eutactus	10.2164612732
PWY-6317: D-galactose degradation I (Leloir pathway)|g__Lachnospira.s__Lachnospira_pectinoschiza	8.6407948132
PWY-6317: D-galactose degradation I (Leloir pathway)|g__Eubacterium.s__Eubacterium_hallii	7.0347339991
TRPSYN-PWY: L-tryptophan biosynthesis	1251.3563345733
TRPSYN-PWY: L-tryptophan biosynthesis|g__Ruminococcus.s__Ruminococcus_bromii	326.6129050309
TRPSYN-PWY: L-tryptophan biosynthesis|g__Fusicatenibacter.s__Fusicatenibacter_saccharivorans	143.1183255074
TRPSYN-PWY: L-tryptophan biosynthesis|g__Lachnospiraceae_unclassified.s__Eubacterium_rectale	75.0261987530
TRPSYN-PWY: L-tryptophan biosynthesis|g__Blautia.s__Blautia_obeum	62.7178484365
TRPSYN-PWY: L-tryptophan biosynthesis|g__Blautia.s__Ruminococcus_torques	38.5160272684
TRPSYN-PWY: L-tryptophan biosynthesis|g__Blautia.s__Blautia_sp	23.5535152800
TRPSYN-PWY: L-tryptophan biosynthesis|unclassified	22.4264277369
TRPSYN-PWY: L-tryptophan biosynthesis|g__Mesosutterella.s__Mesosutterella_multiformis	21.1746127476
TRPSYN-PWY: L-tryptophan biosynthesis|g__Anaerostipes.s__Anaerostipes_hadrus	19.0824452320
TRPSYN-PWY: L-tryptophan biosynthesis|g__Acidaminococcus.s__Acidaminococcus_intestini	18.7534899350
TRPSYN-PWY: L-tryptophan biosynthesis|g__Ruminococcus.s__Ruminococcus_bicirculans	16.1620827860
TRPSYN-PWY: L-tryptophan biosynthesis|g__Coprococcus.s__Coprococcus_eutactus	14.6068995640
TRPSYN-PWY: L-tryptophan biosynthesis|g__Blautia.s__Blautia_sp_CAG_52	14.0486454849
TRPSYN-PWY: L-tryptophan biosynthesis|g__Blautia.s__Blautia_wexlerae	12.5318344554
PWY-7357: thiamine phosphate formation from pyrithiamine and oxythiamine (yeast)	1249.8050384194
PWY-7357: thiamine phosphate formation from pyrithiamine and oxythiamine (yeast)|g__Faecalibacterium.s__Faecalibacterium_prausnitzii	271.8043632404
PWY-7357: thiamine phosphate formation from pyrithiamine and oxythiamine (yeast)|g__Roseburia.s__Roseburia_faecis	160.8245895121
PWY-7357: thiamine phosphate formation from pyrithiamine and oxythiamine (yeast)|g__Bifidobacterium.s__Bifidobacterium_adolescentis	103.8645376914
PWY-7357: thiamine phosphate formation from pyrithiamine and oxythiamine (yeast)|g__Fusicatenibacter.s__Fusicatenibacter_saccharivorans	101.8351543439
PWY-7357: thiamine phosphate formation from pyrithiamine and oxythiamine (yeast)|g__Lachnospiraceae_unclassified.s__Eubacterium_rectale	83.1488919224
PWY-7357: thiamine phosphate formation from pyrithiamine and oxythiamine (yeast)|g__Collinsella.s__Collinsella_aerofaciens	81.6595894301
PWY-7357: thiamine phosphate formation from pyrithiamine and oxythiamine (yeast)|g__Bifidobacterium.s__Bifidobacterium_bifidum	44.9831481052
PWY-7357: thiamine phosphate formation from pyrithiamine and oxythiamine (yeast)|g__Blautia.s__Ruminococcus_torques	44.0938114296
PWY-7357: thiamine phosphate formation from pyrithiamine and oxythiamine (yeast)|g__Blautia.s__Blautia_obeum	37.1872073907
PWY-7357: thiamine phosphate formation from pyrithiamine and oxythiamine (yeast)|unclassified	36.4510042870
PWY-7357: thiamine phosphate formation from pyrithiamine and oxythiamine (yeast)|g__Dorea.s__Dorea_longicatena	29.3181801025
PWY-7357: thiamine phosphate formation from pyrithiamine and oxythiamine (yeast)|g__Coprococcus.s__Coprococcus_comes	28.9523151743
PWY-7357: thiamine phosphate formation from pyrithiamine and oxythiamine (yeast)|g__Eubacterium.s__Eubacterium_hallii	17.1037159467
PWY-7357: thiamine phosphate formation from pyrithiamine and oxythiamine (yeast)|g__Blautia.s__Blautia_wexlerae	12.3855957685
PWY-7357: thiamine phosphate formation from pyrithiamine and oxythiamine (yeast)|g__Roseburia.s__Roseburia_hominis	10.4162225081
PWY-7357: thiamine phosphate formation from pyrithiamine and oxythiamine (yeast)|g__Roseburia.s__Roseburia_inulinivorans	6.7204301075
PWY-5667: CDP-diacylglycerol biosynthesis I	1241.5769542074
PWY-5667: CDP-diacylglycerol biosynthesis I|g__Faecalibacterium.s__Faecalibacterium_prausnitzii	210.6336172678
PWY-5667: CDP-diacylglycerol biosynthesis I|g__Fusicatenibacter.s__Fusicatenibacter_saccharivorans	120.9593270644
PWY-5667: CDP-diacylglycerol biosynthesis I|g__Roseburia.s__Roseburia_faecis	95.1333986973
PWY-5667: CDP-diacylglycerol biosynthesis I|unclassified	69.3145302059
PWY-5667: CDP-diacylglycerol biosynthesis I|g__Lachnospiraceae_unclassified.s__Eubacterium_rectale	63.8297377790
PWY-5667: CDP-diacylglycerol biosynthesis I|g__Blautia.s__Blautia_obeum	58.0488226438
PWY-5667: CDP-diacylglycerol biosynthesis I|g__Prevotella.s__Prevotella_sp_CAG_279	39.8647446165
PWY-5667: CDP-diacylglycerol biosynthesis I|g__Blautia.s__Ruminococcus_torques	35.2869110740
PWY-5667: CDP-diacylglycerol biosynthesis I|g__Coprococcus.s__Coprococcus_comes	27.0083814053
PWY-5667: CDP-diacylglycerol biosynthesis I|g__Subdoligranulum.s__Subdoligranulum_sp_APC924_74	26.8743319591
PWY-5667: CDP-diacylglycerol biosynthesis I|g__Anaerostipes.s__Anaerostipes_hadrus	19.0875315213
PWY-5667: CDP-diacylglycerol biosynthesis I|g__Blautia.s__Blautia_sp	16.6598013639
PWY-5667: CDP-diacylglycerol biosynthesis I|g__Blautia.s__Blautia_wexlerae	15.2666117416
PWY-5667: CDP-diacylglycerol biosynthesis I|g__Dorea.s__Dorea_longicatena	11.6627128987
PWY-5667: CDP-diacylglycerol biosynthesis I|g__Eubacterium.s__Eubacterium_hallii	10.2382358732
PWY-5667: CDP-diacylglycerol biosynthesis I|g__Bacteroides.s__Bacteroides_uniformis	9.4289586894
PWY-5667: CDP-diacylglycerol biosynthesis I|g__Clostridiales_unclassified.s__Clostridiales_bacterium_KLE1615	9.0590899732
PWY0-1319: CDP-diacylglycerol biosynthesis II	1241.5769542074
PWY0-1319: CDP-diacylglycerol biosynthesis II|g__Faecalibacterium.s__Faecalibacterium_prausnitzii	210.6336172678
PWY0-1319: CDP-diacylglycerol biosynthesis II|g__Fusicatenibacter.s__Fusicatenibacter_saccharivorans	120.9593270644
PWY0-1319: CDP-diacylglycerol biosynthesis II|g__Roseburia.s__Roseburia_faecis	95.1333986973
PWY0-1319: CDP-diacylglycerol biosynthesis II|unclassified	69.3145302059
PWY0-1319: CDP-diacylglycerol biosynthesis II|g__Lachnospiraceae_unclassified.s__Eubacterium_rectale	63.8297377790
PWY0-1319: CDP-diacylglycerol biosynthesis II|g__Blautia.s__Blautia_obeum	58.0488226438
PWY0-1319: CDP-diacylglycerol biosynthesis II|g__Prevotella.s__Prevotella_sp_CAG_279	39.8647446165
PWY0-1319: CDP-diacylglycerol biosynthesis II|g__Blautia.s__Ruminococcus_torques	35.2869110740
PWY0-1319: CDP-diacylglycerol biosynthesis II|g__Coprococcus.s__Coprococcus_comes	27.0083814053
PWY0-1319: CDP-diacylglycerol biosynthesis II|g__Subdoligranulum.s__Subdoligranulum_sp_APC924_74	26.8743319591
PWY0-1319: CDP-diacylglycerol biosynthesis II|g__Anaerostipes.s__Anaerostipes_hadrus	19.0875315213
PWY0-1319: CDP-diacylglycerol biosynthesis II|g__Blautia.s__Blautia_sp	16.6598013639
PWY0-1319: CDP-diacylglycerol biosynthesis II|g__Blautia.s__Blautia_wexlerae	15.2666117416
PWY0-1319: CDP-diacylglycerol biosynthesis II|g__Dorea.s__Dorea_longicatena	11.6627128987
PWY0-1319: CDP-diacylglycerol biosynthesis II|g__Eubacterium.s__Eubacterium_hallii	10.2382358732
PWY0-1319: CDP-diacylglycerol biosynthesis II|g__Bacteroides.s__Bacteroides_uniformis	9.4289586894
PWY0-1319: CDP-diacylglycerol biosynthesis II|g__Clostridiales_unclassified.s__Clostridiales_bacterium_KLE1615	9.0590899732
OANTIGEN-PWY: O-antigen building blocks biosynthesis (E. coli)	1187.4231284887
OANTIGEN-PWY: O-antigen building blocks biosynthesis (E. coli)|unclassified	104.7355668978
OANTIGEN-PWY: O-antigen building blocks biosynthesis (E. coli)|g__Collinsella.s__Collinsella_aerofaciens	73.1418072892
OANTIGEN-PWY: O-antigen building blocks biosynthesis (E. coli)|g__Bifidobacterium.s__Bifidobacterium_adolescentis	56.0076932306
OANTIGEN-PWY: O-antigen building blocks biosynthesis (E. coli)|g__Mesosutterella.s__Mesosutterella_multiformis	13.6639876378
OANTIGEN-PWY: O-antigen building blocks biosynthesis (E. coli)|g__Bifidobacterium.s__Bifidobacterium_pseudocatenulatum	1.8260654844
PWY-6123: inosine-5'-phosphate biosynthesis I	1171.3509706912
PWY-6123: inosine-5'-phosphate biosynthesis I|g__Faecalibacterium.s__Faecalibacterium_prausnitzii	199.9668287342
PWY-6123: inosine-5'-phosphate biosynthesis I|unclassified	149.8188999983
PWY-6123: inosine-5'-phosphate biosynthesis I|g__Bifidobacterium.s__Bifidobacterium_adolescentis	105.4910862308
PWY-6123: inosine-5'-phosphate biosynthesis I|g__Collinsella.s__Collinsella_aerofaciens	73.0533221446
PWY-6123: inosine-5'-phosphate biosynthesis I|g__Prevotella.s__Prevotella_sp_CAG_279	47.3131981274
PWY-6123: inosine-5'-phosphate biosynthesis I|g__Bifidobacterium.s__Bifidobacterium_bifidum	37.3306306632
PWY-6123: inosine-5'-phosphate biosynthesis I|g__Coprococcus.s__Coprococcus_comes	22.2444490484
PWY-6123: inosine-5'-phosphate biosynthesis I|g__Blautia.s__Blautia_obeum	22.0866891495
PWY-6123: inosine-5'-phosphate biosynthesis I|g__Mesosutterella.s__Mesosutterella_multiformis	19.7235436995
PWY-6123: inosine-5'-phosphate biosynthesis I|g__Blautia.s__Ruminococcus_torques	16.2741586218
PWY-6123: inosine-5'-phosphate biosynthesis I|g__Blautia.s__Blautia_wexlerae	12.8663330951
PWY-6123: inosine-5'-phosphate biosynthesis I|g__Anaerostipes.s__Anaerostipes_hadrus	12.1953646243
PWY-6123: inosine-5'-phosphate biosynthesis I|g__Sutterella.s__Sutterella_wadsworthensis	11.4669506102
PWY-6123: inosine-5'-phosphate biosynthesis I|g__Blautia.s__Blautia_sp	10.2868973374
PWY-6123: inosine-5'-phosphate biosynthesis I|g__Bacteroides.s__Bacteroides_uniformis	10.2577765936
PWY66-429: fatty acid biosynthesis initiation (mitochondria)	1124.7746706339
PWY66-429: fatty acid biosynthesis initiation (mitochondria)|g__Fusicatenibacter.s__Fusicatenibacter_saccharivorans	112.4514059628
PWY66-429: fatty acid biosynthesis initiation (mitochondria)|unclassified	82.3818415681
PWY66-429: fatty acid biosynthesis initiation (mitochondria)|g__Roseburia.s__Roseburia_hominis	51.5955223746
PWY66-429: fatty acid biosynthesis initiation (mitochondria)|g__Blautia.s__Blautia_obeum	32.9405138302
PWY66-429: fatty acid biosynthesis initiation (mitochondria)|g__Coprococcus.s__Coprococcus_comes	28.1222302645
PWY66-429: fatty acid biosynthesis initiation (mitochondria)|g__Ruminococcus.s__Ruminococcus_bicirculans	27.1584136791
PWY66-429: fatty acid biosynthesis initiation (mitochondria)|g__Blautia.s__Blautia_sp	23.5086688216
PWY66-429: fatty acid biosynthesis initiation (mitochondria)|g__Dorea.s__Dorea_longicatena	20.4639819612
PWY66-429: fatty acid biosynthesis initiation (mitochondria)|g__Blautia.s__Ruminococcus_torques	17.3511894121
PWY66-429: fatty acid biosynthesis initiation (mitochondria)|g__Agathobaculum.s__Agathobaculum_butyriciproducens	16.4624622405
PWY66-429: fatty acid biosynthesis initiation (mitochondria)|g__Clostridiales_unclassified.s__Clostridiales_bacterium_KLE1615	13.5843271513
PWY66-429: fatty acid biosynthesis initiation (mitochondria)|g__Faecalibacterium.s__Faecalibacterium_prausnitzii	12.4246941605
PWY66-429: fatty acid biosynthesis initiation (mitochondria)|g__Anaerostipes.s__Anaerostipes_hadrus	12.2280856866
PWY66-429: fatty acid biosynthesis initiation (mitochondria)|g__Ruminococcus.s__Ruminococcus_sp_CAG_254	10.6125543019
PWY66-429: fatty acid biosynthesis initiation (mitochondria)|g__Blautia.s__Blautia_sp_CAG_52	9.0816008547
PWY66-429: fatty acid biosynthesis initiation (mitochondria)|g__Lachnospira.s__Lachnospira_pectinoschiza	8.6561488094
PWY66-429: fatty acid biosynthesis initiation (mitochondria)|g__Bacteroides.s__Bacteroides_vulgatus	7.7571753777
PWY66-429: fatty acid biosynthesis initiation (mitochondria)|g__Blautia.s__Blautia_wexlerae	7.1978678144
PWY66-429: fatty acid biosynthesis initiation (mitochondria)|g__Dorea.s__Dorea_formicigenerans	7.0056323692
PWY66-429: fatty acid biosynthesis initiation (mitochondria)|g__Clostridium.s__Clostridium_sp_CAG_75	5.7577626979
PWY66-429: fatty acid biosynthesis initiation (mitochondria)|g__Blautia.s__Blautia_sp_AF19_10LB	5.6802315873
PWY66-429: fatty acid biosynthesis initiation (mitochondria)|g__Bacteroides.s__Bacteroides_uniformis	1.7478756588
PWY66-429: fatty acid biosynthesis initiation (mitochondria)|g__Bacteroides.s__Bacteroides_dorei	1.4715354766
PWY-6124: inosine-5'-phosphate biosynthesis II	1106.2114974989
PWY-6124: inosine-5'-phosphate biosynthesis II|g__Faecalibacterium.s__Faecalibacterium_prausnitzii	193.5992434187
PWY-6124: inosine-5'-phosphate biosynthesis II|unclassified	137.4473749804
PWY-6124: inosine-5'-phosphate biosynthesis II|g__Bifidobacterium.s__Bifidobacterium_adolescentis	86.1367153581
PWY-6124: inosine-5'-phosphate biosynthesis II|g__Collinsella.s__Collinsella_aerofaciens	66.4152077416
PWY-6124: inosine-5'-phosphate biosynthesis II|g__Prevotella.s__Prevotella_sp_CAG_279	44.6669816134
PWY-6124: inosine-5'-phosphate biosynthesis II|g__Blautia.s__Blautia_wexlerae	24.0000000000
PWY-6124: inosine-5'-phosphate biosynthesis II|g__Mesosutterella.s__Mesosutterella_multiformis	21.8717905455
PWY-6124: inosine-5'-phosphate biosynthesis II|g__Blautia.s__Blautia_obeum	20.8853048674
PWY-6124: inosine-5'-phosphate biosynthesis II|g__Coprococcus.s__Coprococcus_comes	20.8785515868
PWY-6124: inosine-5'-phosphate biosynthesis II|g__Blautia.s__Blautia_sp	17.0094787238
PWY-6124: inosine-5'-phosphate biosynthesis II|g__Blautia.s__Ruminococcus_torques	14.0378497836
PWY-6124: inosine-5'-phosphate biosynthesis II|g__Anaerostipes.s__Anaerostipes_hadrus	11.8711211319
PWY-6124: inosine-5'-phosphate biosynthesis II|g__Eubacterium.s__Eubacterium_hallii	10.5666757238
PWY-6124: inosine-5'-phosphate biosynthesis II|g__Sutterella.s__Sutterella_wadsworthensis	10.3980986334
PWY-6124: inosine-5'-phosphate biosynthesis II|g__Bacteroides.s__Bacteroides_uniformis	9.7480693759
PWY-6124: inosine-5'-phosphate biosynthesis II|g__Coprococcus.s__Coprococcus_eutactus	9.6299353419
PWY-6124: inosine-5'-phosphate biosynthesis II|g__Clostridiales_unclassified.s__Clostridiales_bacterium_KLE1615	6.3269782352
PWY-6124: inosine-5'-phosphate biosynthesis II|g__Blautia.s__Blautia_sp_AF19_10LB	2.3838946182
THRESYN-PWY: superpathway of L-threonine biosynthesis	1105.8663170328
THRESYN-PWY: superpathway of L-threonine biosynthesis|g__Bifidobacterium.s__Bifidobacterium_adolescentis	129.2685788639
THRESYN-PWY: superpathway of L-threonine biosynthesis|g__Faecalibacterium.s__Faecalibacterium_prausnitzii	109.5373103864
THRESYN-PWY: superpathway of L-threonine biosynthesis|g__Collinsella.s__Collinsella_aerofaciens	99.5489755026
THRESYN-PWY: superpathway of L-threonine biosynthesis|unclassified	94.4795985982
THRESYN-PWY: superpathway of L-threonine biosynthesis|g__Bifidobacterium.s__Bifidobacterium_bifidum	63.4830509601
THRESYN-PWY: superpathway of L-threonine biosynthesis|g__Bifidobacterium.s__Bifidobacterium_longum	56.2022518878
THRESYN-PWY: superpathway of L-threonine biosynthesis|g__Roseburia.s__Roseburia_hominis	49.4773562747
THRESYN-PWY: superpathway of L-threonine biosynthesis|g__Blautia.s__Ruminococcus_torques	16.3607259330
THRESYN-PWY: superpathway of L-threonine biosynthesis|g__Blautia.s__Blautia_obeum	12.4660481203
THRESYN-PWY: superpathway of L-threonine biosynthesis|g__Eubacterium.s__Eubacterium_hallii	10.4305266747
THRESYN-PWY: superpathway of L-threonine biosynthesis|g__Bifidobacterium.s__Bifidobacterium_pseudocatenulatum	1.6792660005
P41-PWY: pyruvate fermentation to acetate and (S)-lactate I	1099.7334805661
P41-PWY: pyruvate fermentation to acetate and (S)-lactate I|g__Bifidobacterium.s__Bifidobacterium_adolescentis	110.0300178134
P41-PWY: pyruvate fermentation to acetate and (S)-lactate I|g__Collinsella.s__Collinsella_aerofaciens	103.1224413660
P41-PWY: pyruvate fermentation to acetate and (S)-lactate I|g__Roseburia.s__Roseburia_faecis	99.2080049838
P41-PWY: pyruvate fermentation to acetate and (S)-lactate I|g__Fusicatenibacter.s__Fusicatenibacter_saccharivorans	84.1099988494
P41-PWY: pyruvate fermentation to acetate and (S)-lactate I|g__Bifidobacterium.s__Bifidobacterium_longum	69.8566747290
P41-PWY: pyruvate fermentation to acetate and (S)-lactate I|g__Blautia.s__Ruminococcus_torques	65.7767546276
P41-PWY: pyruvate fermentation to acetate and (S)-lactate I|g__Lachnospiraceae_unclassified.s__Eubacterium_rectale	35.1476222881
P41-PWY: pyruvate fermentation to acetate and (S)-lactate I|g__Blautia.s__Blautia_obeum	20.6827199970
P41-PWY: pyruvate fermentation to acetate and (S)-lactate I|g__Coprococcus.s__Coprococcus_comes	18.3835417643
P41-PWY: pyruvate fermentation to acetate and (S)-lactate I|unclassified	17.0763634986
P41-PWY: pyruvate fermentation to acetate and (S)-lactate I|g__Anaerostipes.s__Anaerostipes_hadrus	14.8528295757
P41-PWY: pyruvate fermentation to acetate and (S)-lactate I|g__Eubacterium.s__Eubacterium_hallii	11.6645777425
P41-PWY: pyruvate fermentation to acetate and (S)-lactate I|g__Blautia.s__Blautia_sp	11.2425226319
P41-PWY: pyruvate fermentation to acetate and (S)-lactate I|g__Coprococcus.s__Coprococcus_eutactus	10.9440080171
P41-PWY: pyruvate fermentation to acetate and (S)-lactate I|g__Agathobaculum.s__Agathobaculum_butyriciproducens	10.2940051434
P41-PWY: pyruvate fermentation to acetate and (S)-lactate I|g__Roseburia.s__Roseburia_hominis	2.3687896607
P41-PWY: pyruvate fermentation to acetate and (S)-lactate I|g__Blautia.s__Blautia_wexlerae	2.3032549180
P41-PWY: pyruvate fermentation to acetate and (S)-lactate I|g__Blautia.s__Blautia_sp_AF19_10LB	2.2465056384
PWY-5100: pyruvate fermentation to acetate and lactate II	1099.7334805661
PWY-5100: pyruvate fermentation to acetate and lactate II|g__Bifidobacterium.s__Bifidobacterium_adolescentis	110.0300178134
PWY-5100: pyruvate fermentation to acetate and lactate II|g__Collinsella.s__Collinsella_aerofaciens	103.1224413660
PWY-5100: pyruvate fermentation to acetate and lactate II|g__Roseburia.s__Roseburia_faecis	99.2080049838
PWY-5100: pyruvate fermentation to acetate and lactate II|g__Fusicatenibacter.s__Fusicatenibacter_saccharivorans	84.1099988494
PWY-5100: pyruvate fermentation to acetate and lactate II|g__Bifidobacterium.s__Bifidobacterium_longum	69.8566747290
PWY-5100: pyruvate fermentation to acetate and lactate II|g__Blautia.s__Ruminococcus_torques	65.7767546276
PWY-5100: pyruvate fermentation to acetate and lactate II|g__Lachnospiraceae_unclassified.s__Eubacterium_rectale	35.1476222881
PWY-5100: pyruvate fermentation to acetate and lactate II|g__Eubacterium.s__Eubacterium_hallii	29.6022013417
PWY-5100: pyruvate fermentation to acetate and lactate II|g__Blautia.s__Blautia_obeum	20.6827199970
PWY-5100: pyruvate fermentation to acetate and lactate II|g__Anaerostipes.s__Anaerostipes_hadrus	18.5350486752
PWY-5100: pyruvate fermentation to acetate and lactate II|g__Coprococcus.s__Coprococcus_comes	18.3835417643
PWY-5100: pyruvate fermentation to acetate and lactate II|unclassified	17.0763634986
PWY-5100: pyruvate fermentation to acetate and lactate II|g__Coprococcus.s__Coprococcus_eutactus	14.2755764969
PWY-5100: pyruvate fermentation to acetate and lactate II|g__Blautia.s__Blautia_sp	11.2425226319
PWY-5100: pyruvate fermentation to acetate and lactate II|g__Agathobaculum.s__Agathobaculum_butyriciproducens	10.2940051434
PWY-5100: pyruvate fermentation to acetate and lactate II|g__Roseburia.s__Roseburia_hominis	2.3687896607
PWY-5100: pyruvate fermentation to acetate and lactate II|g__Blautia.s__Blautia_wexlerae	2.3032549180
PWY-5100: pyruvate fermentation to acetate and lactate II|g__Blautia.s__Blautia_sp_AF19_10LB	2.2465056384
PWY-6270: isoprene biosynthesis I	1083.4247421461
PWY-6270: isoprene biosynthesis I|g__Fusicatenibacter.s__Fusicatenibacter_saccharivorans	116.5422071134
PWY-6270: isoprene biosynthesis I|g__Blautia.s__Blautia_obeum	37.3255153787
PWY-6270: isoprene biosynthesis I|g__Blautia.s__Ruminococcus_torques	34.8821569157
PWY-6270: isoprene biosynthesis I|g__Dorea.s__Dorea_longicatena	22.5883132921
PWY-6270: isoprene biosynthesis I|g__Acidaminococcus.s__Acidaminococcus_intestini	16.0166975507
PWY-6270: isoprene biosynthesis I|g__Eubacterium.s__Eubacterium_hallii	9.7086113486
PWY-6270: isoprene biosynthesis I|g__Blautia.s__Blautia_wexlerae	7.4439630209
PWY-3001: superpathway of L-isoleucine biosynthesis I	1081.2011067657
PWY-3001: superpathway of L-isoleucine biosynthesis I|unclassified	66.1693467417
PWY-3001: superpathway of L-isoleucine biosynthesis I|g__Bifidobacterium.s__Bifidobacterium_longum	58.2221448503
PWY-3001: superpathway of L-isoleucine biosynthesis I|g__Bifidobacterium.s__Bifidobacterium_bifidum	55.9817888569
PWY-3001: superpathway of L-isoleucine biosynthesis I|g__Blautia.s__Ruminococcus_torques	12.6604257357
SER-GLYSYN-PWY: superpathway of L-serine and glycine biosynthesis I	1079.8516819862
SER-GLYSYN-PWY: superpathway of L-serine and glycine biosynthesis I|g__Bifidobacterium.s__Bifidobacterium_adolescentis	164.1275613638
SER-GLYSYN-PWY: superpathway of L-serine and glycine biosynthesis I|g__Roseburia.s__Roseburia_faecis	99.5756718529
SER-GLYSYN-PWY: superpathway of L-serine and glycine biosynthesis I|g__Collinsella.s__Collinsella_aerofaciens	92.7357465780
SER-GLYSYN-PWY: superpathway of L-serine and glycine biosynthesis I|g__Bifidobacterium.s__Bifidobacterium_longum	44.8070035470
SER-GLYSYN-PWY: superpathway of L-serine and glycine biosynthesis I|unclassified	39.1120338236
SER-GLYSYN-PWY: superpathway of L-serine and glycine biosynthesis I|g__Coprococcus.s__Coprococcus_comes	24.4319242020
SER-GLYSYN-PWY: superpathway of L-serine and glycine biosynthesis I|g__Dorea.s__Dorea_longicatena	23.9709367917
SER-GLYSYN-PWY: superpathway of L-serine and glycine biosynthesis I|g__Blautia.s__Ruminococcus_torques	22.8519423710
SER-GLYSYN-PWY: superpathway of L-serine and glycine biosynthesis I|g__Blautia.s__Blautia_wexlerae	12.7039737399
SER-GLYSYN-PWY: superpathway of L-serine and glycine biosynthesis I|g__Eubacterium.s__Eubacterium_hallii	12.0438741128
SER-GLYSYN-PWY: superpathway of L-serine and glycine biosynthesis I|g__Anaerostipes.s__Anaerostipes_hadrus	11.7939302300
SER-GLYSYN-PWY: superpathway of L-serine and glycine biosynthesis I|g__Blautia.s__Blautia_obeum	10.7363866247
SER-GLYSYN-PWY: superpathway of L-serine and glycine biosynthesis I|g__Bacteroides.s__Bacteroides_vulgatus	7.9248273520
SER-GLYSYN-PWY: superpathway of L-serine and glycine biosynthesis I|g__Blautia.s__Blautia_sp_AF19_10LB	5.8769513315
SER-GLYSYN-PWY: superpathway of L-serine and glycine biosynthesis I|g__Coprococcus.s__Coprococcus_catus	5.3887605851
SER-GLYSYN-PWY: superpathway of L-serine and glycine biosynthesis I|g__Bacteroides.s__Bacteroides_uniformis	5.0579436834
PWY-7977: L-methionine biosynthesis IV	1059.5026100588
PWY-7977: L-methionine biosynthesis IV|g__Collinsella.s__Collinsella_aerofaciens	99.2109317886
PWY-7977: L-methionine biosynthesis IV|unclassified	78.4406981159
PWY-7977: L-methionine biosynthesis IV|g__Fusicatenibacter.s__Fusicatenibacter_saccharivorans	53.4740034684
PWY-7977: L-methionine biosynthesis IV|g__Roseburia.s__Roseburia_hominis	43.9075224631
PWY-7977: L-methionine biosynthesis IV|g__Dorea.s__Dorea_longicatena	28.7083009126
PWY-7977: L-methionine biosynthesis IV|g__Coprococcus.s__Coprococcus_comes	23.3461705738
PWY-7977: L-methionine biosynthesis IV|g__Faecalibacterium.s__Faecalibacterium_prausnitzii	22.1527959681
PWY-7977: L-methionine biosynthesis IV|g__Coprococcus.s__Coprococcus_eutactus	12.2549019608
PWY-7977: L-methionine biosynthesis IV|g__Blautia.s__Ruminococcus_torques	11.6725356464
PWY-7977: L-methionine biosynthesis IV|g__Bacteroides.s__Bacteroides_uniformis	11.0840460725
PWY-7977: L-methionine biosynthesis IV|g__Anaerostipes.s__Anaerostipes_hadrus	10.6850566583
PWY-7977: L-methionine biosynthesis IV|g__Eubacterium.s__Eubacterium_hallii	8.8839533592
PWY-7977: L-methionine biosynthesis IV|g__Bacteroides.s__Bacteroides_vulgatus	4.4050032948
PWY-5695: inosine 5'-phosphate degradation	1056.2318447369
PWY-5695: inosine 5'-phosphate degradation|g__Fusicatenibacter.s__Fusicatenibacter_saccharivorans	117.2733650481
PWY-5695: inosine 5'-phosphate degradation|g__Roseburia.s__Roseburia_faecis	91.3130757449
PWY-5695: inosine 5'-phosphate degradation|g__Faecalibacterium.s__Faecalibacterium_prausnitzii	48.3248639137
PWY-5695: inosine 5'-phosphate degradation|unclassified	44.3361755621
PWY-5695: inosine 5'-phosphate degradation|g__Prevotella.s__Prevotella_sp_CAG_279	34.2719314792
PWY-5695: inosine 5'-phosphate degradation|g__Dorea.s__Dorea_longicatena	21.6236842942
PWY-5695: inosine 5'-phosphate degradation|g__Ruminococcus.s__Ruminococcus_bicirculans	21.1874989110
PWY-5695: inosine 5'-phosphate degradation|g__Coprococcus.s__Coprococcus_comes	20.6404054365
PWY-5695: inosine 5'-phosphate degradation|g__Agathobaculum.s__Agathobaculum_butyriciproducens	15.4366732850
PWY-5695: inosine 5'-phosphate degradation|g__Anaerostipes.s__Anaerostipes_hadrus	15.3776079504
PWY-5695: inosine 5'-phosphate degradation|g__Mesosutterella.s__Mesosutterella_multiformis	14.6824101230
PWY-5695: inosine 5'-phosphate degradation|g__Coprococcus.s__Coprococcus_eutactus	12.2507299497
PWY-5695: inosine 5'-phosphate degradation|g__Blautia.s__Blautia_wexlerae	9.5277573268
PWY-5695: inosine 5'-phosphate degradation|g__Bacteroides.s__Bacteroides_uniformis	8.9059912416
PWY-5695: inosine 5'-phosphate degradation|g__Blautia.s__Blautia_obeum	8.0655078245
PWY-5695: inosine 5'-phosphate degradation|g__Clostridiales_unclassified.s__Clostridiales_bacterium_KLE1615	7.3184119046
PWY-7560: methylerythritol phosphate pathway II	1051.3468248981
PWY-7560: methylerythritol phosphate pathway II|g__Fusicatenibacter.s__Fusicatenibacter_saccharivorans	115.3264008813
PWY-7560: methylerythritol phosphate pathway II|g__Collinsella.s__Collinsella_aerofaciens	51.0605373553
PWY-7560: methylerythritol phosphate pathway II|g__Blautia.s__Blautia_obeum	44.2561275710
PWY-7560: methylerythritol phosphate pathway II|g__Blautia.s__Ruminococcus_torques	33.9265244306
PWY-7560: methylerythritol phosphate pathway II|g__Dorea.s__Dorea_longicatena	22.3848930076
PWY-7560: methylerythritol phosphate pathway II|g__Acidaminococcus.s__Acidaminococcus_intestini	16.3310026722
PWY-7560: methylerythritol phosphate pathway II|g__Anaerostipes.s__Anaerostipes_hadrus	13.5089467846
PWY-7560: methylerythritol phosphate pathway II|g__Eubacterium.s__Eubacterium_hallii	9.2320878147
PWY-7560: methylerythritol phosphate pathway II|g__Blautia.s__Blautia_wexlerae	6.7399954743
PWY-6527: stachyose degradation	1037.7268204122
PWY-6527: stachyose degradation|g__Roseburia.s__Roseburia_faecis	145.7959140853
PWY-6527: stachyose degradation|g__Fusicatenibacter.s__Fusicatenibacter_saccharivorans	115.2405307102
PWY-6527: stachyose degradation|unclassified	69.1318808576
PWY-6527: stachyose degradation|g__Lachnospiraceae_unclassified.s__Eubacterium_rectale	54.1780288544
PWY-6527: stachyose degradation|g__Blautia.s__Ruminococcus_torques	40.2252647967
PWY-6527: stachyose degradation|g__Faecalibacterium.s__Faecalibacterium_prausnitzii	37.8047195697
PWY-6527: stachyose degradation|g__Blautia.s__Blautia_obeum	27.1369939530
PWY-6527: stachyose degradation|g__Dorea.s__Dorea_longicatena	26.1789578344
PWY-6527: stachyose degradation|g__Ruminococcus.s__Ruminococcus_bicirculans	15.9368241079
PWY-6527: stachyose degradation|g__Blautia.s__Blautia_wexlerae	14.2576281266
PWY-6527: stachyose degradation|g__Coprococcus.s__Coprococcus_eutactus	12.7852981544
PWY-6527: stachyose degradation|g__Clostridiales_unclassified.s__Clostridiales_bacterium_KLE1615	11.9130146242
UDPNAGSYN-PWY: UDP-N-acetyl-D-glucosamine biosynthesis I	1030.3246640181
UDPNAGSYN-PWY: UDP-N-acetyl-D-glucosamine biosynthesis I|g__Collinsella.s__Collinsella_aerofaciens	130.1293236283
UDPNAGSYN-PWY: UDP-N-acetyl-D-glucosamine biosynthesis I|g__Bifidobacterium.s__Bifidobacterium_adolescentis	120.5462980781
UDPNAGSYN-PWY: UDP-N-acetyl-D-glucosamine biosynthesis I|unclassified	69.9238852013
UDPNAGSYN-PWY: UDP-N-acetyl-D-glucosamine biosynthesis I|g__Bifidobacterium.s__Bifidobacterium_longum	58.6393408848
UDPNAGSYN-PWY: UDP-N-acetyl-D-glucosamine biosynthesis I|g__Clostridium.s__Clostridium_sp_CAG_217	48.2802608880
UDPNAGSYN-PWY: UDP-N-acetyl-D-glucosamine biosynthesis I|g__Roseburia.s__Roseburia_hominis	48.0510326068
UDPNAGSYN-PWY: UDP-N-acetyl-D-glucosamine biosynthesis I|g__Bifidobacterium.s__Bifidobacterium_bifidum	31.6791013666
UDPNAGSYN-PWY: UDP-N-acetyl-D-glucosamine biosynthesis I|g__Ruminococcus.s__Ruminococcus_bicirculans	20.3811864180
UDPNAGSYN-PWY: UDP-N-acetyl-D-glucosamine biosynthesis I|g__Mesosutterella.s__Mesosutterella_multiformis	19.9237103020
UDPNAGSYN-PWY: UDP-N-acetyl-D-glucosamine biosynthesis I|g__Acidaminococcus.s__Acidaminococcus_intestini	19.3064528106
UDPNAGSYN-PWY: UDP-N-acetyl-D-glucosamine biosynthesis I|g__Sutterella.s__Sutterella_wadsworthensis	15.5316727949
UDPNAGSYN-PWY: UDP-N-acetyl-D-glucosamine biosynthesis I|g__Coprococcus.s__Coprococcus_eutactus	13.0342842838
UDPNAGSYN-PWY: UDP-N-acetyl-D-glucosamine biosynthesis I|g__Ruminococcus.s__Ruminococcus_sp_CAG_254	8.0425034120
UDPNAGSYN-PWY: UDP-N-acetyl-D-glucosamine biosynthesis I|g__Lactobacillus.s__Lactobacillus_ruminis	6.7543119045
UDPNAGSYN-PWY: UDP-N-acetyl-D-glucosamine biosynthesis I|g__Bifidobacterium.s__Bifidobacterium_pseudocatenulatum	1.2595591543
PWY-6823: molybdopterin biosynthesis	1011.6073735851
PWY-6823: molybdopterin biosynthesis|g__Faecalibacterium.s__Faecalibacterium_prausnitzii	216.1785596064
PWY-6823: molybdopterin biosynthesis|g__Roseburia.s__Roseburia_faecis	105.5691191133
PWY-6823: molybdopterin biosynthesis|g__Fusicatenibacter.s__Fusicatenibacter_saccharivorans	100.2379617030
PWY-6823: molybdopterin biosynthesis|unclassified	75.7993677172
PWY-6823: molybdopterin biosynthesis|g__Blautia.s__Blautia_obeum	60.7778283249
PWY-6823: molybdopterin biosynthesis|g__Blautia.s__Ruminococcus_torques	60.3437673125
PWY-6823: molybdopterin biosynthesis|g__Lachnospiraceae_unclassified.s__Eubacterium_rectale	38.8349514563
PWY-6823: molybdopterin biosynthesis|g__Mesosutterella.s__Mesosutterella_multiformis	35.4251823355
PWY-6823: molybdopterin biosynthesis|g__Blautia.s__Blautia_sp	29.9829642249
PWY-6823: molybdopterin biosynthesis|g__Coprococcus.s__Coprococcus_comes	29.8965727539
PWY-6823: molybdopterin biosynthesis|g__Sutterella.s__Sutterella_wadsworthensis	13.6658694909
PWY-6823: molybdopterin biosynthesis|g__Clostridiales_unclassified.s__Clostridiales_bacterium_KLE1615	11.5052732502
PWY-6823: molybdopterin biosynthesis|g__Roseburia.s__Roseburia_inulinivorans	10.4166666667
PWY-6823: molybdopterin biosynthesis|g__Agathobaculum.s__Agathobaculum_butyriciproducens	9.9667774086
PWY-6823: molybdopterin biosynthesis|g__Anaerostipes.s__Anaerostipes_hadrus	8.7348727490
PWY-6823: molybdopterin biosynthesis|g__Eubacterium.s__Eubacterium_hallii	8.7193460490
PWY-6823: molybdopterin biosynthesis|g__Blautia.s__Blautia_sp_CAG_52	8.5106382979
PWY-6823: molybdopterin biosynthesis|g__Blautia.s__Blautia_wexlerae	5.0536955148
RIBOSYN2-PWY: flavin biosynthesis I (bacteria and plants)	975.3672885558
RIBOSYN2-PWY: flavin biosynthesis I (bacteria and plants)|g__Faecalibacterium.s__Faecalibacterium_prausnitzii	271.6763019141
RIBOSYN2-PWY: flavin biosynthesis I (bacteria and plants)|g__Roseburia.s__Roseburia_faecis	95.6023985012
RIBOSYN2-PWY: flavin biosynthesis I (bacteria and plants)|g__Blautia.s__Ruminococcus_torques	61.8452747155
RIBOSYN2-PWY: flavin biosynthesis I (bacteria and plants)|g__Lachnospiraceae_unclassified.s__Eubacterium_rectale	42.0667821025
RIBOSYN2-PWY: flavin biosynthesis I (bacteria and plants)|g__Blautia.s__Blautia_obeum	33.2778447170
RIBOSYN2-PWY: flavin biosynthesis I (bacteria and plants)|g__Coprococcus.s__Coprococcus_comes	19.9717000302
RIBOSYN2-PWY: flavin biosynthesis I (bacteria and plants)|g__Acidaminococcus.s__Acidaminococcus_intestini	18.3139163753
RIBOSYN2-PWY: flavin biosynthesis I (bacteria and plants)|unclassified	18.0537545250
RIBOSYN2-PWY: flavin biosynthesis I (bacteria and plants)|g__Agathobaculum.s__Agathobaculum_butyriciproducens	11.6726792727
RIBOSYN2-PWY: flavin biosynthesis I (bacteria and plants)|g__Blautia.s__Blautia_wexlerae	5.8237098734
PANTOSYN-PWY: superpathway of coenzyme A biosynthesis I (bacteria)	949.4582162296
PANTOSYN-PWY: superpathway of coenzyme A biosynthesis I (bacteria)|g__Roseburia.s__Roseburia_faecis	98.0172957343
PANTOSYN-PWY: superpathway of coenzyme A biosynthesis I (bacteria)|unclassified	85.1008460201
PANTOSYN-PWY: superpathway of coenzyme A biosynthesis I (bacteria)|g__Blautia.s__Blautia_obeum	33.8746509881
PANTOSYN-PWY: superpathway of coenzyme A biosynthesis I (bacteria)|g__Prevotella.s__Prevotella_sp_CAG_279	33.4494672587
PANTOSYN-PWY: superpathway of coenzyme A biosynthesis I (bacteria)|g__Coprococcus.s__Coprococcus_comes	21.3961202697
PANTOSYN-PWY: superpathway of coenzyme A biosynthesis I (bacteria)|g__Blautia.s__Ruminococcus_torques	21.1513073558
PANTOSYN-PWY: superpathway of coenzyme A biosynthesis I (bacteria)|g__Anaerostipes.s__Anaerostipes_hadrus	20.2016527792
PANTOSYN-PWY: superpathway of coenzyme A biosynthesis I (bacteria)|g__Agathobaculum.s__Agathobaculum_butyriciproducens	12.8827537882
1CMET2-PWY: folate transformations III (E. coli)	946.2123542333
1CMET2-PWY: folate transformations III (E. coli)|g__Roseburia.s__Roseburia_faecis	93.5492577848
1CMET2-PWY: folate transformations III (E. coli)|unclassified	55.9507780357
1CMET2-PWY: folate transformations III (E. coli)|g__Blautia.s__Ruminococcus_torques	25.6557749949
1CMET2-PWY: folate transformations III (E. coli)|g__Coprococcus.s__Coprococcus_comes	16.1881678496
1CMET2-PWY: folate transformations III (E. coli)|g__Blautia.s__Blautia_obeum	3.1587694230
PWY-6897: thiamine diphosphate salvage II	912.4895443017
PWY-6897: thiamine diphosphate salvage II|g__Faecalibacterium.s__Faecalibacterium_prausnitzii	143.4863769783
PWY-6897: thiamine diphosphate salvage II|g__Bifidobacterium.s__Bifidobacterium_adolescentis	89.0194552651
PWY-6897: thiamine diphosphate salvage II|g__Lachnospiraceae_unclassified.s__Eubacterium_rectale	70.8084484022
PWY-6897: thiamine diphosphate salvage II|unclassified	7.8376996108
HSERMETANA-PWY: L-methionine biosynthesis III	889.0473649461
HSERMETANA-PWY: L-methionine biosynthesis III|g__Roseburia.s__Roseburia_faecis	112.1506797406
HSERMETANA-PWY: L-methionine biosynthesis III|g__Bifidobacterium.s__Bifidobacterium_adolescentis	102.6369319691
HSERMETANA-PWY: L-methionine biosynthesis III|unclassified	52.2292475959
HSERMETANA-PWY: L-methionine biosynthesis III|g__Bifidobacterium.s__Bifidobacterium_bifidum	50.3669051700
HSERMETANA-PWY: L-methionine biosynthesis III|g__Roseburia.s__Roseburia_hominis	38.3730805980
HSERMETANA-PWY: L-methionine biosynthesis III|g__Dorea.s__Dorea_longicatena	37.9337781425
HSERMETANA-PWY: L-methionine biosynthesis III|g__Fusicatenibacter.s__Fusicatenibacter_saccharivorans	37.8907021013
HSERMETANA-PWY: L-methionine biosynthesis III|g__Bifidobacterium.s__Bifidobacterium_longum	35.0944851523
HSERMETANA-PWY: L-methionine biosynthesis III|g__Blautia.s__Blautia_obeum	31.6440983395
HSERMETANA-PWY: L-methionine biosynthesis III|g__Coprococcus.s__Coprococcus_comes	28.6644565823
HSERMETANA-PWY: L-methionine biosynthesis III|g__Blautia.s__Blautia_sp	22.0763292692
HSERMETANA-PWY: L-methionine biosynthesis III|g__Ruminococcus.s__Ruminococcus_bicirculans	16.3348275404
HSERMETANA-PWY: L-methionine biosynthesis III|g__Blautia.s__Ruminococcus_torques	15.2440100215
HSERMETANA-PWY: L-methionine biosynthesis III|g__Coprococcus.s__Coprococcus_eutactus	14.2595233245
HSERMETANA-PWY: L-methionine biosynthesis III|g__Anaerostipes.s__Anaerostipes_hadrus	12.9191151422
HSERMETANA-PWY: L-methionine biosynthesis III|g__Blautia.s__Blautia_wexlerae	6.7594708623
PWY-6936: seleno-amino acid biosynthesis (plants)	860.0013093131
PWY-6936: seleno-amino acid biosynthesis (plants)|g__Roseburia.s__Roseburia_faecis	87.4467373103
PWY-6936: seleno-amino acid biosynthesis (plants)|unclassified	47.9236320844
PWY-6936: seleno-amino acid biosynthesis (plants)|g__Roseburia.s__Roseburia_hominis	47.5989093847
PWY-6936: seleno-amino acid biosynthesis (plants)|g__Coprococcus.s__Coprococcus_comes	29.2587063129
PWY-6936: seleno-amino acid biosynthesis (plants)|g__Fusicatenibacter.s__Fusicatenibacter_saccharivorans	27.5442679538
PWY-6936: seleno-amino acid biosynthesis (plants)|g__Anaerostipes.s__Anaerostipes_hadrus	9.2991182549
PWY-6936: seleno-amino acid biosynthesis (plants)|g__Lactobacillus.s__Lactobacillus_ruminis	8.7445641943
PWY-6936: seleno-amino acid biosynthesis (plants)|g__Coprococcus.s__Coprococcus_eutactus	8.3655298013
PWY-6936: seleno-amino acid biosynthesis (plants)|g__Agathobaculum.s__Agathobaculum_butyriciproducens	7.7948164471
PWY0-1586: peptidoglycan maturation (meso-diaminopimelate containing)	857.9166878820
PWY0-1586: peptidoglycan maturation (meso-diaminopimelate containing)|g__Lachnospiraceae_unclassified.s__Eubacterium_rectale	99.1557142991
PWY0-1586: peptidoglycan maturation (meso-diaminopimelate containing)|g__Collinsella.s__Collinsella_aerofaciens	45.5301455301
PWY0-1586: peptidoglycan maturation (meso-diaminopimelate containing)|unclassified	36.5749399372
PWY0-1586: peptidoglycan maturation (meso-diaminopimelate containing)|g__Ruminococcus.s__Ruminococcus_bicirculans	33.9554009847
PWY0-1586: peptidoglycan maturation (meso-diaminopimelate containing)|g__Mesosutterella.s__Mesosutterella_multiformis	27.7241875937
PWY0-1586: peptidoglycan maturation (meso-diaminopimelate containing)|g__Anaerostipes.s__Anaerostipes_hadrus	21.4311013465
PWY0-1586: peptidoglycan maturation (meso-diaminopimelate containing)|g__Eubacterium.s__Eubacterium_hallii	14.9743291513
PWY0-1586: peptidoglycan maturation (meso-diaminopimelate containing)|g__Sutterella.s__Sutterella_wadsworthensis	12.0462599717
PWY0-1586: peptidoglycan maturation (meso-diaminopimelate containing)|g__Lachnospira.s__Lachnospira_pectinoschiza	11.3388357652
PWY0-1586: peptidoglycan maturation (meso-diaminopimelate containing)|g__Agathobaculum.s__Agathobaculum_butyriciproducens	7.9598904223
PWY0-1586: peptidoglycan maturation (meso-diaminopimelate containing)|g__Lactobacillus.s__Lactobacillus_ruminis	7.8101531992
THISYNARA-PWY: superpathway of thiamine diphosphate biosynthesis III (eukaryotes)	842.7596101447
THISYNARA-PWY: superpathway of thiamine diphosphate biosynthesis III (eukaryotes)|g__Faecalibacterium.s__Faecalibacterium_prausnitzii	162.0253072071
THISYNARA-PWY: superpathway of thiamine diphosphate biosynthesis III (eukaryotes)|g__Roseburia.s__Roseburia_faecis	123.4436150752
THISYNARA-PWY: superpathway of thiamine diphosphate biosynthesis III (eukaryotes)|g__Lachnospiraceae_unclassified.s__Eubacterium_rectale	52.0369182407
THISYNARA-PWY: superpathway of thiamine diphosphate biosynthesis III (eukaryotes)|g__Bifidobacterium.s__Bifidobacterium_bifidum	43.2417278267
THISYNARA-PWY: superpathway of thiamine diphosphate biosynthesis III (eukaryotes)|g__Blautia.s__Ruminococcus_torques	13.3330662104
THISYNARA-PWY: superpathway of thiamine diphosphate biosynthesis III (eukaryotes)|unclassified	7.5559855312
PWY-6628: superpathway of L-phenylalanine biosynthesis	832.3078233190
PWY-6628: superpathway of L-phenylalanine biosynthesis|g__Bifidobacterium.s__Bifidobacterium_longum	51.2657823589
PWY-6628: superpathway of L-phenylalanine biosynthesis|g__Acidaminococcus.s__Acidaminococcus_intestini	13.0832154806
PWY-702: L-methionine biosynthesis II	829.3081743923
PWY-702: L-methionine biosynthesis II|g__Bifidobacterium.s__Bifidobacterium_longum	44.2981587331
PWY-702: L-methionine biosynthesis II|unclassified	22.7510723406
PWY-7199: pyrimidine deoxyribonucleosides salvage	811.0556531872
PWY-7199: pyrimidine deoxyribonucleosides salvage|unclassified	71.3978135240
PWY-7199: pyrimidine deoxyribonucleosides salvage|g__Prevotella.s__Prevotella_sp_CAG_279	62.7787873782
PWY-7199: pyrimidine deoxyribonucleosides salvage|g__Roseburia.s__Roseburia_hominis	40.9879138203
PWY-7199: pyrimidine deoxyribonucleosides salvage|g__Blautia.s__Blautia_sp	20.9192085738
PWY-7199: pyrimidine deoxyribonucleosides salvage|g__Bacteroides.s__Bacteroides_uniformis	10.1265822785
PWY-2942: L-lysine biosynthesis III	776.4173708807
PWY-2942: L-lysine biosynthesis III|unclassified	34.4301532936
PWY-2942: L-lysine biosynthesis III|g__Dorea.s__Dorea_longicatena	29.9139816671
PWY-2942: L-lysine biosynthesis III|g__Eubacterium.s__Eubacterium_hallii	12.4898214078
PWY-2942: L-lysine biosynthesis III|g__Bacteroides.s__Bacteroides_uniformis	10.5185242969
PWY-2942: L-lysine biosynthesis III|g__Lachnospira.s__Lachnospira_pectinoschiza	8.1699238049
PYRIDNUCSYN-PWY: NAD de novo biosynthesis I (from aspartate)	772.0596894010
PYRIDNUCSYN-PWY: NAD de novo biosynthesis I (from aspartate)|g__Bifidobacterium.s__Bifidobacterium_longum	50.2865416589
PYRIDNUCSYN-PWY: NAD de novo biosynthesis I (from aspartate)|g__Bifidobacterium.s__Bifidobacterium_bifidum	39.5921572749
PYRIDNUCSYN-PWY: NAD de novo biosynthesis I (from aspartate)|g__Anaerostipes.s__Anaerostipes_hadrus	16.9258296954
PYRIDNUCSYN-PWY: NAD de novo biosynthesis I (from aspartate)|unclassified	16.8042761931
PYRIDNUCSYN-PWY: NAD de novo biosynthesis I (from aspartate)|g__Blautia.s__Ruminococcus_torques	16.0438514796
PYRIDNUCSYN-PWY: NAD de novo biosynthesis I (from aspartate)|g__Ruminococcus.s__Ruminococcus_bicirculans	15.4922483255
PYRIDNUCSYN-PWY: NAD de novo biosynthesis I (from aspartate)|g__Blautia.s__Blautia_obeum	15.4648249917
PYRIDNUCSYN-PWY: NAD de novo biosynthesis I (from aspartate)|g__Dorea.s__Dorea_longicatena	13.6349165204
PYRIDNUCSYN-PWY: NAD de novo biosynthesis I (from aspartate)|g__Coprococcus.s__Coprococcus_eutactus	9.5832942406
PANTO-PWY: phosphopantothenate biosynthesis I	757.6237632380
PANTO-PWY: phosphopantothenate biosynthesis I|g__Roseburia.s__Roseburia_faecis	105.7165234924
PANTO-PWY: phosphopantothenate biosynthesis I|unclassified	104.4706337715
PANTO-PWY: phosphopantothenate biosynthesis I|g__Lachnospiraceae_unclassified.s__Eubacterium_rectale	76.9170374361
PANTO-PWY: phosphopantothenate biosynthesis I|g__Prevotella.s__Prevotella_sp_CAG_279	32.3286917139
PANTO-PWY: phosphopantothenate biosynthesis I|g__Blautia.s__Blautia_obeum	26.7279137514
PANTO-PWY: phosphopantothenate biosynthesis I|g__Blautia.s__Ruminococcus_torques	26.2178267638
PANTO-PWY: phosphopantothenate biosynthesis I|g__Coprococcus.s__Coprococcus_comes	22.5148256106
PANTO-PWY: phosphopantothenate biosynthesis I|g__Anaerostipes.s__Anaerostipes_hadrus	21.7213095416
PANTO-PWY: phosphopantothenate biosynthesis I|g__Agathobaculum.s__Agathobaculum_butyriciproducens	15.5567235688
PANTO-PWY: phosphopantothenate biosynthesis I|g__Eubacterium.s__Eubacterium_hallii	14.5878920496
PANTO-PWY: phosphopantothenate biosynthesis I|g__Acidaminococcus.s__Acidaminococcus_intestini	9.0066834192
PANTO-PWY: phosphopantothenate biosynthesis I|g__Blautia.s__Blautia_wexlerae	8.8369891116
PANTO-PWY: phosphopantothenate biosynthesis I|g__Bacteroides.s__Bacteroides_uniformis	7.8859103362
PANTO-PWY: phosphopantothenate biosynthesis I|g__Blautia.s__Blautia_sp	2.1688613478
PWY-7229: superpathway of adenosine nucleotides de novo biosynthesis I	733.8344504813
PWY-7229: superpathway of adenosine nucleotides de novo biosynthesis I|unclassified	55.9639881019
PWY-7229: superpathway of adenosine nucleotides de novo biosynthesis I|g__Prevotella.s__Prevotella_sp_CAG_279	38.2302576863
PWY-7229: superpathway of adenosine nucleotides de novo biosynthesis I|g__Mesosutterella.s__Mesosutterella_multiformis	19.6626048521
COBALSYN-PWY: superpathway of adenosylcobalamin salvage from cobinamide I	699.0838661942
COBALSYN-PWY: superpathway of adenosylcobalamin salvage from cobinamide I|unclassified	60.2670822649
COBALSYN-PWY: superpathway of adenosylcobalamin salvage from cobinamide I|g__Dorea.s__Dorea_longicatena	26.1703017961
COBALSYN-PWY: superpathway of adenosylcobalamin salvage from cobinamide I|g__Blautia.s__Blautia_sp	20.3336776382
COBALSYN-PWY: superpathway of adenosylcobalamin salvage from cobinamide I|g__Blautia.s__Blautia_obeum	10.9885614516
COBALSYN-PWY: superpathway of adenosylcobalamin salvage from cobinamide I|g__Blautia.s__Blautia_wexlerae	9.4587775178
COBALSYN-PWY: superpathway of adenosylcobalamin salvage from cobinamide I|g__Collinsella.s__Collinsella_aerofaciens	5.9655684435
GLYCOLYSIS: glycolysis I (from glucose 6-phosphate)	698.4569030533
GLYCOLYSIS: glycolysis I (from glucose 6-phosphate)|unclassified	48.2393314693
ANAEROFRUCAT-PWY: homolactic fermentation	670.7587460654
ANAEROFRUCAT-PWY: homolactic fermentation|unclassified	34.7449288611
PWY-7237: myo-, chiro- and scyllo-inositol degradation	659.7648464736
PWY-7237: myo-, chiro- and scyllo-inositol degradation|unclassified	101.9505306675
PWY-7237: myo-, chiro- and scyllo-inositol degradation|g__Agathobaculum.s__Agathobaculum_butyriciproducens	63.6153092423
PWY-7237: myo-, chiro- and scyllo-inositol degradation|g__Dorea.s__Dorea_longicatena	50.3024277073
PWY-7237: myo-, chiro- and scyllo-inositol degradation|g__Blautia.s__Blautia_obeum	46.0915032680
PWY-7237: myo-, chiro- and scyllo-inositol degradation|g__Anaerostipes.s__Anaerostipes_hadrus	24.8547328960
PWY-7237: myo-, chiro- and scyllo-inositol degradation|g__Blautia.s__Blautia_sp	21.9907407407
PWY-5188: tetrapyrrole biosynthesis I (from glutamate)	648.9650208228
PWY-5188: tetrapyrrole biosynthesis I (from glutamate)|g__Ruminococcus.s__Ruminococcus_bromii	251.1169217170
PWY-5188: tetrapyrrole biosynthesis I (from glutamate)|g__Roseburia.s__Roseburia_faecis	98.1060274739
PWY-5188: tetrapyrrole biosynthesis I (from glutamate)|g__Blautia.s__Blautia_obeum	23.9465029473
PWY-5188: tetrapyrrole biosynthesis I (from glutamate)|g__Ruminococcus.s__Ruminococcus_bicirculans	17.6765808073
PWY-5188: tetrapyrrole biosynthesis I (from glutamate)|unclassified	16.8946649101
PWY-5188: tetrapyrrole biosynthesis I (from glutamate)|g__Blautia.s__Blautia_sp	15.5391801267
PWY-5188: tetrapyrrole biosynthesis I (from glutamate)|g__Mesosutterella.s__Mesosutterella_multiformis	15.1789667142
PWY-5188: tetrapyrrole biosynthesis I (from glutamate)|g__Coprococcus.s__Coprococcus_eutactus	11.3287329087
PWY-5188: tetrapyrrole biosynthesis I (from glutamate)|g__Blautia.s__Blautia_wexlerae	10.0120144173
PWY-5188: tetrapyrrole biosynthesis I (from glutamate)|g__Anaerostipes.s__Anaerostipes_hadrus	9.2753902515
PWY-5188: tetrapyrrole biosynthesis I (from glutamate)|g__Blautia.s__Blautia_sp_CAG_52	8.9351562943
PWY-5188: tetrapyrrole biosynthesis I (from glutamate)|g__Phascolarctobacterium.s__Phascolarctobacterium_succinatutens	7.3409801877
PWY-841: superpathway of purine nucleotides de novo biosynthesis I	639.0378301718
PWY-841: superpathway of purine nucleotides de novo biosynthesis I|unclassified	53.5999356754
PWY-841: superpathway of purine nucleotides de novo biosynthesis I|g__Mesosutterella.s__Mesosutterella_multiformis	17.7314453115
PWY-5484: glycolysis II (from fructose 6-phosphate)	589.5958772844
PWY-5484: glycolysis II (from fructose 6-phosphate)|unclassified	39.0008696986
PWY-6901: superpathway of glucose and xylose degradation	572.2934479869
DAPLYSINESYN-PWY: L-lysine biosynthesis I	565.5153716100
DAPLYSINESYN-PWY: L-lysine biosynthesis I|g__Bifidobacterium.s__Bifidobacterium_adolescentis	141.7908087942
DAPLYSINESYN-PWY: L-lysine biosynthesis I|g__Bifidobacterium.s__Bifidobacterium_longum	72.3322261002
PWY-622: starch biosynthesis	559.0149949603
PWY-7328: superpathway of UDP-glucose-derived O-antigen building blocks biosynthesis	554.4119041692
PWY-7328: superpathway of UDP-glucose-derived O-antigen building blocks biosynthesis|unclassified	49.3666268391
PWY0-1061: superpathway of L-alanine biosynthesis	537.5417967640
PWY0-1061: superpathway of L-alanine biosynthesis|g__Bifidobacterium.s__Bifidobacterium_adolescentis	119.3579644004
PWY0-1061: superpathway of L-alanine biosynthesis|g__Lachnospiraceae_unclassified.s__Eubacterium_rectale	47.7525343581
PWY0-1061: superpathway of L-alanine biosynthesis|g__Blautia.s__Ruminococcus_torques	46.1622979132
PWY0-1061: superpathway of L-alanine biosynthesis|g__Bifidobacterium.s__Bifidobacterium_longum	37.9906397716
PWY0-1061: superpathway of L-alanine biosynthesis|g__Bifidobacterium.s__Bifidobacterium_bifidum	34.0960486789
PWY-7234: inosine-5'-phosphate biosynthesis III	532.0421278086
PWY-7234: inosine-5'-phosphate biosynthesis III|g__Bifidobacterium.s__Bifidobacterium_adolescentis	105.4910862308
PWY-7234: inosine-5'-phosphate biosynthesis III|g__Mesosutterella.s__Mesosutterella_multiformis	18.4694252461
PWY-7234: inosine-5'-phosphate biosynthesis III|g__Sutterella.s__Sutterella_wadsworthensis	11.4669506102
GLUCONEO-PWY: gluconeogenesis I	530.8341395019
GLUCONEO-PWY: gluconeogenesis I|unclassified	30.4275957529
PWY-6126: superpathway of adenosine nucleotides de novo biosynthesis II	527.3307619821
PWY-6126: superpathway of adenosine nucleotides de novo biosynthesis II|unclassified	41.9888635384
PWY-6126: superpathway of adenosine nucleotides de novo biosynthesis II|g__Prevotella.s__Prevotella_sp_CAG_279	35.7863989236
PWY-6126: superpathway of adenosine nucleotides de novo biosynthesis II|g__Mesosutterella.s__Mesosutterella_multiformis	19.4256787623
PWY-5384: sucrose degradation IV (sucrose phosphorylase)	519.3295531108
PWY-5384: sucrose degradation IV (sucrose phosphorylase)|g__Bifidobacterium.s__Bifidobacterium_adolescentis	138.3770667280
PWY-5384: sucrose degradation IV (sucrose phosphorylase)|g__Roseburia.s__Roseburia_faecis	111.8663774228
PWY-5384: sucrose degradation IV (sucrose phosphorylase)|g__Bifidobacterium.s__Bifidobacterium_longum	60.0785367319
PWY-5384: sucrose degradation IV (sucrose phosphorylase)|g__Faecalibacterium.s__Faecalibacterium_prausnitzii	60.0072513243
PWY-5384: sucrose degradation IV (sucrose phosphorylase)|g__Bifidobacterium.s__Bifidobacterium_bifidum	52.3294254309
PWY-5384: sucrose degradation IV (sucrose phosphorylase)|g__Anaerostipes.s__Anaerostipes_hadrus	19.3959406879
PWY-5384: sucrose degradation IV (sucrose phosphorylase)|unclassified	13.5613341917
PWY-5384: sucrose degradation IV (sucrose phosphorylase)|g__Bifidobacterium.s__Bifidobacterium_pseudocatenulatum	3.1118890834
PWY-6892: thiazole component of thiamine diphosphate biosynthesis I	516.2282016061
PWY-6892: thiazole component of thiamine diphosphate biosynthesis I|g__Blautia.s__Blautia_obeum	52.2619966504
PWY-6892: thiazole component of thiamine diphosphate biosynthesis I|g__Coprococcus.s__Coprococcus_comes	40.8765259988
PWY-6892: thiazole component of thiamine diphosphate biosynthesis I|g__Blautia.s__Blautia_sp	33.7009147337
PWY-6892: thiazole component of thiamine diphosphate biosynthesis I|g__Blautia.s__Blautia_wexlerae	25.9858054267
PWY-6892: thiazole component of thiamine diphosphate biosynthesis I|g__Anaerostipes.s__Anaerostipes_hadrus	19.8727547639
PWY-6892: thiazole component of thiamine diphosphate biosynthesis I|unclassified	19.5597134430
PWY-6892: thiazole component of thiamine diphosphate biosynthesis I|g__Bacteroides.s__Bacteroides_uniformis	12.6567349861
PWY-6892: thiazole component of thiamine diphosphate biosynthesis I|g__Eubacterium.s__Eubacterium_hallii	10.3764830084
PWY-6892: thiazole component of thiamine diphosphate biosynthesis I|g__Agathobaculum.s__Agathobaculum_butyriciproducens	9.7260314097
PWY-6892: thiazole component of thiamine diphosphate biosynthesis I|g__Blautia.s__Blautia_sp_CAG_52	9.0807024432
PENTOSE-P-PWY: pentose phosphate pathway	515.2682651036
PENTOSE-P-PWY: pentose phosphate pathway|g__Bifidobacterium.s__Bifidobacterium_bifidum	35.9614716940
PENTOSE-P-PWY: pentose phosphate pathway|unclassified	11.7587198287
PHOSLIPSYN-PWY: superpathway of phospholipid biosynthesis I (bacteria)	512.5859657084
PHOSLIPSYN-PWY: superpathway of phospholipid biosynthesis I (bacteria)|g__Fusicatenibacter.s__Fusicatenibacter_saccharivorans	100.6009498699
PHOSLIPSYN-PWY: superpathway of phospholipid biosynthesis I (bacteria)|unclassified	18.4576410277
FERMENTATION-PWY: mixed acid fermentation	510.8965688021
FERMENTATION-PWY: mixed acid fermentation|unclassified	34.1430003215
PWY0-162: superpathway of pyrimidine ribonucleotides de novo biosynthesis	492.2277436011
PWY0-162: superpathway of pyrimidine ribonucleotides de novo biosynthesis|unclassified	9.2107484509
PWY-1861: formaldehyde assimilation II (assimilatory RuMP Cycle)	491.2608356508
PWY-1861: formaldehyde assimilation II (assimilatory RuMP Cycle)|g__Anaerostipes.s__Anaerostipes_hadrus	17.5656590286
PWY-621: sucrose degradation III (sucrose invertase)	477.0386283289
PWY-621: sucrose degradation III (sucrose invertase)|g__Roseburia.s__Roseburia_faecis	122.4167001479
PWY-621: sucrose degradation III (sucrose invertase)|g__Bifidobacterium.s__Bifidobacterium_bifidum	44.1534193900
PWY-621: sucrose degradation III (sucrose invertase)|g__Ruminococcus.s__Ruminococcus_bicirculans	22.0203688412
PWY-621: sucrose degradation III (sucrose invertase)|g__Anaerostipes.s__Anaerostipes_hadrus	21.2399513505
PWY-621: sucrose degradation III (sucrose invertase)|g__Faecalibacterium.s__Faecalibacterium_prausnitzii	16.0256410256
PWY-621: sucrose degradation III (sucrose invertase)|g__Coprococcus.s__Coprococcus_eutactus	14.0616549486
PWY-621: sucrose degradation III (sucrose invertase)|g__Bifidobacterium.s__Bifidobacterium_longum	2.4320756028
PWY-7400: L-arginine biosynthesis IV (archaebacteria)	476.3291573716
PWY-7400: L-arginine biosynthesis IV (archaebacteria)|g__Blautia.s__Ruminococcus_torques	50.7686973889
P124-PWY: Bifidobacterium shunt	463.9960485375
P124-PWY: Bifidobacterium shunt|g__Collinsella.s__Collinsella_aerofaciens	54.1390262124
P124-PWY: Bifidobacterium shunt|g__Bifidobacterium.s__Bifidobacterium_longum	4.6704708378
PWY-7228: superpathway of guanosine nucleotides de novo biosynthesis I	456.6793142437
PWY-7228: superpathway of guanosine nucleotides de novo biosynthesis I|g__Collinsella.s__Collinsella_aerofaciens	73.0988569080
PWY-7228: superpathway of guanosine nucleotides de novo biosynthesis I|unclassified	36.6079579747
PWY-7228: superpathway of guanosine nucleotides de novo biosynthesis I|g__Prevotella.s__Prevotella_sp_CAG_279	33.6135573883
PWY-7228: superpathway of guanosine nucleotides de novo biosynthesis I|g__Mesosutterella.s__Mesosutterella_multiformis	18.0065504544
PWY-2941: L-lysine biosynthesis II	440.4458234340
PWY-2941: L-lysine biosynthesis II|g__Roseburia.s__Roseburia_hominis	64.7153107835
PWY-2941: L-lysine biosynthesis II|unclassified	40.7947946483
PWY-2941: L-lysine biosynthesis II|g__Sutterella.s__Sutterella_wadsworthensis	7.4602508509
ASPASN-PWY: superpathway of L-aspartate and L-asparagine biosynthesis	426.5781628667
ASPASN-PWY: superpathway of L-aspartate and L-asparagine biosynthesis|g__Coprococcus.s__Coprococcus_comes	25.3431890180
ASPASN-PWY: superpathway of L-aspartate and L-asparagine biosynthesis|unclassified	17.6467238781
ASPASN-PWY: superpathway of L-aspartate and L-asparagine biosynthesis|g__Blautia.s__Blautia_obeum	13.0441312093
ASPASN-PWY: superpathway of L-aspartate and L-asparagine biosynthesis|g__Blautia.s__Ruminococcus_torques	9.9475013725
ASPASN-PWY: superpathway of L-aspartate and L-asparagine biosynthesis|g__Bacteroides.s__Bacteroides_uniformis	7.1386079714
ASPASN-PWY: superpathway of L-aspartate and L-asparagine biosynthesis|g__Bacteroides.s__Bacteroides_vulgatus	6.5636612228
PWY-241: C4 photosynthetic carbon assimilation cycle, NADP-ME type	417.0810794170
RHAMCAT-PWY: L-rhamnose degradation I	398.0570032289
RHAMCAT-PWY: L-rhamnose degradation I|g__Roseburia.s__Roseburia_faecis	102.4252092283
RHAMCAT-PWY: L-rhamnose degradation I|unclassified	39.5326430801
RHAMCAT-PWY: L-rhamnose degradation I|g__Blautia.s__Blautia_obeum	24.0725711015
RHAMCAT-PWY: L-rhamnose degradation I|g__Clostridiales_unclassified.s__Clostridiales_bacterium_KLE1615	12.1808386039
PWY-6125: superpathway of guanosine nucleotides de novo biosynthesis II	383.8457475771
PWY-6125: superpathway of guanosine nucleotides de novo biosynthesis II|unclassified	31.3342305449
PWY-6125: superpathway of guanosine nucleotides de novo biosynthesis II|g__Prevotella.s__Prevotella_sp_CAG_279	28.5903197870
PWY-6125: superpathway of guanosine nucleotides de novo biosynthesis II|g__Mesosutterella.s__Mesosutterella_multiformis	16.9234627492
PWY-7117: C4 photosynthetic carbon assimilation cycle, PEPCK type	381.2012241340
GLCMANNANAUT-PWY: superpathway of N-acetylglucosamine, N-acetylmannosamine and N-acetylneuraminate degradation	377.6212922171
GLCMANNANAUT-PWY: superpathway of N-acetylglucosamine, N-acetylmannosamine and N-acetylneuraminate degradation|g__Faecalibacterium.s__Faecalibacterium_prausnitzii	165.7770600322
GLCMANNANAUT-PWY: superpathway of N-acetylglucosamine, N-acetylmannosamine and N-acetylneuraminate degradation|unclassified	59.0899861018
PWY-6549: L-glutamine biosynthesis III	374.2941689272
PWY-8004: Entner-Doudoroff pathway I	367.0901007796
PWY4FS-7: phosphatidylglycerol biosynthesis I (plastidic)	363.8580942311
PWY4FS-7: phosphatidylglycerol biosynthesis I (plastidic)|g__Fusicatenibacter.s__Fusicatenibacter_saccharivorans	91.2529208786
PWY4FS-7: phosphatidylglycerol biosynthesis I (plastidic)|unclassified	12.1423362675
PWY4FS-8: phosphatidylglycerol biosynthesis II (non-plastidic)	363.8580942311
PWY4FS-8: phosphatidylglycerol biosynthesis II (non-plastidic)|g__Fusicatenibacter.s__Fusicatenibacter_saccharivorans	91.2529208786
PWY4FS-8: phosphatidylglycerol biosynthesis II (non-plastidic)|unclassified	12.1423362675
PWY-5659: GDP-mannose biosynthesis	361.6238370248
PWY-5659: GDP-mannose biosynthesis|g__Faecalibacterium.s__Faecalibacterium_prausnitzii	89.6598705088
PWY-5659: GDP-mannose biosynthesis|unclassified	18.8084764448
PWY-5659: GDP-mannose biosynthesis|g__Ruminococcus.s__Ruminococcus_bicirculans	13.8770111600
PWY-5659: GDP-mannose biosynthesis|g__Lachnospiraceae_unclassified.s__Eubacterium_rectale	9.8223660296
COLANSYN-PWY: colanic acid building blocks biosynthesis	360.5283191471
COLANSYN-PWY: colanic acid building blocks biosynthesis|unclassified	21.8730936581
COLANSYN-PWY: colanic acid building blocks biosynthesis|g__Faecalibacterium.s__Faecalibacterium_prausnitzii	10.4181864522
PWY-6731: starch degradation III	354.8073275897
PWY-6731: starch degradation III|g__Fusicatenibacter.s__Fusicatenibacter_saccharivorans	147.7040024350
PWY-6731: starch degradation III|g__Blautia.s__Blautia_obeum	28.3224400898
PWY-6731: starch degradation III|g__Coprococcus.s__Coprococcus_comes	25.6166156422
PWY-6731: starch degradation III|g__Blautia.s__Blautia_sp	15.3058462945
PWY-6731: starch degradation III|g__Eubacterium.s__Eubacterium_hallii	14.2044964078
PWY-6731: starch degradation III|g__Agathobaculum.s__Agathobaculum_butyriciproducens	9.8565519669
PWY-6731: starch degradation III|g__Blautia.s__Blautia_wexlerae	6.5367632697
PWY-6731: starch degradation III|g__Roseburia.s__Roseburia_inulinivorans	6.1718195981
PWY-7208: superpathway of pyrimidine nucleobases salvage	352.5883055694
PWY-7208: superpathway of pyrimidine nucleobases salvage|g__Collinsella.s__Collinsella_aerofaciens	36.7761566221
PWY-7208: superpathway of pyrimidine nucleobases salvage|g__Blautia.s__Blautia_obeum	35.7583100531
PWY-7208: superpathway of pyrimidine nucleobases salvage|unclassified	28.8726458726
PWY-7208: superpathway of pyrimidine nucleobases salvage|g__Mesosutterella.s__Mesosutterella_multiformis	13.9518660621
PWY-6470: peptidoglycan biosynthesis V (&beta;-lactam resistance)	336.8963724219
PWY-4041: &gamma;-glutamyl cycle	329.3878844056
PWY-4041: &gamma;-glutamyl cycle|g__Bifidobacterium.s__Bifidobacterium_longum	51.2564763250
PWY-4041: &gamma;-glutamyl cycle|unclassified	38.2962008646
PWY-7345: superpathway of anaerobic sucrose degradation	327.9350720402
PWY-7345: superpathway of anaerobic sucrose degradation|unclassified	26.4489820484
LACTOSECAT-PWY: lactose and galactose degradation I	322.2428130478
LACTOSECAT-PWY: lactose and galactose degradation I|g__Collinsella.s__Collinsella_aerofaciens	239.1470943641
LACTOSECAT-PWY: lactose and galactose degradation I|unclassified	28.5493991615
PWY-5913: partial TCA cycle (obligate autotrophs)	320.1683058281
PWY-5913: partial TCA cycle (obligate autotrophs)|unclassified	29.2452560832
PWY-7198: pyrimidine deoxyribonucleotides de novo biosynthesis IV	317.0279632654
PWY-7198: pyrimidine deoxyribonucleotides de novo biosynthesis IV|unclassified	15.7542235466
PWY-6703: preQ0 biosynthesis	306.2539055244
PWY-6703: preQ0 biosynthesis|g__Prevotella.s__Prevotella_sp_CAG_279	42.5274503694
PWY-6703: preQ0 biosynthesis|g__Blautia.s__Blautia_sp	34.1515474920
PWY-6703: preQ0 biosynthesis|unclassified	29.8821432690
PWY-6703: preQ0 biosynthesis|g__Mesosutterella.s__Mesosutterella_multiformis	20.8917024839
PWY-6703: preQ0 biosynthesis|g__Acidaminococcus.s__Acidaminococcus_intestini	18.3908045977
PWY-6703: preQ0 biosynthesis|g__Blautia.s__Blautia_obeum	15.4834169086
PWY-6703: preQ0 biosynthesis|g__Bacteroides.s__Bacteroides_uniformis	15.0406231115
PWY-6703: preQ0 biosynthesis|g__Anaerostipes.s__Anaerostipes_hadrus	14.0322046373
PWY-6703: preQ0 biosynthesis|g__Blautia.s__Blautia_sp_CAG_52	10.9567374991
PWY-6703: preQ0 biosynthesis|g__Bacteroides.s__Bacteroides_vulgatus	8.3437630371
PWY-6703: preQ0 biosynthesis|g__Firmicutes_unclassified.s__Firmicutes_bacterium_CAG_41	7.2826581702
PWY-6703: preQ0 biosynthesis|g__Blautia.s__Ruminococcus_torques	2.9616466756
PWY-6703: preQ0 biosynthesis|g__Bacteroides.s__Bacteroides_dorei	2.1231422505
PWY-8187: L-arginine degradation XIII (reductive Stickland reaction)	301.3682270833
PWY-8187: L-arginine degradation XIII (reductive Stickland reaction)|unclassified	162.7735107431
METH-ACETATE-PWY: methanogenesis from acetate	297.3901180306
METH-ACETATE-PWY: methanogenesis from acetate|g__Fusicatenibacter.s__Fusicatenibacter_saccharivorans	83.7440626541
METH-ACETATE-PWY: methanogenesis from acetate|g__Blautia.s__Blautia_obeum	17.2265592456
METH-ACETATE-PWY: methanogenesis from acetate|g__Blautia.s__Blautia_wexlerae	16.1011258117
METH-ACETATE-PWY: methanogenesis from acetate|g__Blautia.s__Blautia_sp_AF19_10LB	6.0440688278
GLUCUROCAT-PWY: superpathway of &beta;-D-glucuronosides degradation	283.2690640420
GLUCUROCAT-PWY: superpathway of &beta;-D-glucuronosides degradation|g__Faecalibacterium.s__Faecalibacterium_prausnitzii	88.6341593217
GLUCUROCAT-PWY: superpathway of &beta;-D-glucuronosides degradation|unclassified	8.3399837130
PWY-5973: cis-vaccenate biosynthesis	268.7588646974
PWY-5973: cis-vaccenate biosynthesis|unclassified	16.1995754984
PWY-5973: cis-vaccenate biosynthesis|g__Bacteroides.s__Bacteroides_uniformis	8.8632040668
PWY-5973: cis-vaccenate biosynthesis|g__Lactobacillus.s__Lactobacillus_ruminis	8.5130471223
PWY-7456: &beta;-(1,4)-mannan degradation	264.4627400205
PWY-7220: adenosine deoxyribonucleotides de novo biosynthesis II	260.3213693625
PWY-7220: adenosine deoxyribonucleotides de novo biosynthesis II|g__Prevotella.s__Prevotella_sp_CAG_279	29.2930160639
PWY-7220: adenosine deoxyribonucleotides de novo biosynthesis II|unclassified	21.8426939566
PWY-7220: adenosine deoxyribonucleotides de novo biosynthesis II|g__Mesosutterella.s__Mesosutterella_multiformis	19.4840694816
PWY-7222: guanosine deoxyribonucleotides de novo biosynthesis II	260.3213693625
PWY-7222: guanosine deoxyribonucleotides de novo biosynthesis II|g__Prevotella.s__Prevotella_sp_CAG_279	29.2930160639
PWY-7222: guanosine deoxyribonucleotides de novo biosynthesis II|unclassified	21.8426939566
PWY-7222: guanosine deoxyribonucleotides de novo biosynthesis II|g__Mesosutterella.s__Mesosutterella_multiformis	19.4840694816
PWY-7356: thiamine diphosphate salvage IV (yeast)	256.7904139293
PWY-7356: thiamine diphosphate salvage IV (yeast)|g__Bifidobacterium.s__Bifidobacterium_adolescentis	70.8413647671
PWY-7356: thiamine diphosphate salvage IV (yeast)|unclassified	10.7615527801
PWY-6630: superpathway of L-tyrosine biosynthesis	254.9675755813
PWY-7242: D-fructuronate degradation	248.4870185960
PWY-7242: D-fructuronate degradation|g__Faecalibacterium.s__Faecalibacterium_prausnitzii	87.3219417895
PWY-7242: D-fructuronate degradation|unclassified	6.9166847623
THISYN-PWY: superpathway of thiamine diphosphate biosynthesis I	245.6057494409
THISYN-PWY: superpathway of thiamine diphosphate biosynthesis I|unclassified	8.2301214865
PWY-7197: pyrimidine deoxyribonucleotide phosphorylation	245.4978299047
PWY-7197: pyrimidine deoxyribonucleotide phosphorylation|g__Collinsella.s__Collinsella_aerofaciens	89.1897577114
PWY-7197: pyrimidine deoxyribonucleotide phosphorylation|unclassified	20.8600504101
PWY-7197: pyrimidine deoxyribonucleotide phosphorylation|g__Phascolarctobacterium.s__Phascolarctobacterium_succinatutens	12.2549019608
PWY-7197: pyrimidine deoxyribonucleotide phosphorylation|g__Sutterella.s__Sutterella_wadsworthensis	7.8895463511
PWY-7115: C4 photosynthetic carbon assimilation cycle, NAD-ME type	232.8686150016
PWY0-1479: tRNA processing	232.5292870866
PWY0-1479: tRNA processing|g__Sutterella.s__Sutterella_wadsworthensis	16.2835628436
GLYCOLYSIS-E-D: superpathway of glycolysis and the Entner-Doudoroff pathway	226.3527092123
PWY-7663: gondoate biosynthesis (anaerobic)	221.1576228706
PWY-7663: gondoate biosynthesis (anaerobic)|g__Bifidobacterium.s__Bifidobacterium_longum	38.7448422442
PWY-7663: gondoate biosynthesis (anaerobic)|unclassified	13.1353190972
PWY-7663: gondoate biosynthesis (anaerobic)|g__Lactobacillus.s__Lactobacillus_ruminis	8.8503649635
PWY-7663: gondoate biosynthesis (anaerobic)|g__Bacteroides.s__Bacteroides_uniformis	8.3632332166
GLYCOCAT-PWY: glycogen degradation I	217.4391079496
GLYCOCAT-PWY: glycogen degradation I|g__Bifidobacterium.s__Bifidobacterium_bifidum	23.4648403947
GLYCOCAT-PWY: glycogen degradation I|g__Bifidobacterium.s__Bifidobacterium_longum	3.6113686775
PWY-5121: superpathway of geranylgeranyl diphosphate biosynthesis II (via MEP)	188.9987713253
PWY-6292: superpathway of L-cysteine biosynthesis (mammalian)	180.3176653742
FASYN-ELONG-PWY: fatty acid elongation -- saturated	173.1740134534
FASYN-ELONG-PWY: fatty acid elongation -- saturated|g__Bifidobacterium.s__Bifidobacterium_longum	38.7448422442
PWY-7383: anaerobic energy metabolism (invertebrates, cytosol)	169.2445283862
PWY-7664: oleate biosynthesis IV (anaerobic)	167.6070974983
PWY-7664: oleate biosynthesis IV (anaerobic)|g__Bifidobacterium.s__Bifidobacterium_longum	38.7448422442
PWY66-399: gluconeogenesis III	165.7292225426
P441-PWY: superpathway of N-acetylneuraminate degradation	162.7180465395
PWY-6895: superpathway of thiamine diphosphate biosynthesis II	161.4926843819
PWY0-862: (5Z)-dodecenoate biosynthesis I	160.7184126963
PWY0-862: (5Z)-dodecenoate biosynthesis I|g__Bifidobacterium.s__Bifidobacterium_longum	38.7448422442
PWY-6969: TCA cycle V (2-oxoglutarate synthase)	156.8194057347
PWY-5989: stearate biosynthesis II (bacteria and plants)	155.1508384243
PWY-6282: palmitoleate biosynthesis I (from (5Z)-dodec-5-enoate)	151.0404583008
PWY-6282: palmitoleate biosynthesis I (from (5Z)-dodec-5-enoate)|g__Bifidobacterium.s__Bifidobacterium_longum	38.7448422442
PWY3O-4107: NAD salvage pathway V (PNC V cycle)	139.8089616577
PWY3O-4107: NAD salvage pathway V (PNC V cycle)|g__Bifidobacterium.s__Bifidobacterium_bifidum	38.4084635753
PWY-6902: chitin degradation II (Vibrio)	137.5299452927
PWY-6902: chitin degradation II (Vibrio)|g__Fusicatenibacter.s__Fusicatenibacter_saccharivorans	109.8667509381
PWY-6902: chitin degradation II (Vibrio)|g__Bacteroides.s__Bacteroides_uniformis	16.6325543992
PWY-6590: superpathway of Clostridium acetobutylicum acidogenic fermentation	132.8698722999
GALACTUROCAT-PWY: D-galacturonate degradation I	131.9556257888
GALACTUROCAT-PWY: D-galacturonate degradation I|g__Faecalibacterium.s__Faecalibacterium_prausnitzii	101.9791086211
GALACTUROCAT-PWY: D-galacturonate degradation I|unclassified	10.1039745375
PPGPPMET-PWY: ppGpp metabolism	115.4487631047
PWY-6507: 4-deoxy-L-threo-hex-4-enopyranuronate degradation	114.7885533183
PWY-6507: 4-deoxy-L-threo-hex-4-enopyranuronate degradation|g__Faecalibacterium.s__Faecalibacterium_prausnitzii	88.5015964398
FASYN-INITIAL-PWY: superpathway of fatty acid biosynthesis initiation (E. coli)	111.2785377251
PWY-7323: superpathway of GDP-mannose-derived O-antigen building blocks biosynthesis	109.9699270171
PWY-7323: superpathway of GDP-mannose-derived O-antigen building blocks biosynthesis|unclassified	12.2465919336
PWY-7323: superpathway of GDP-mannose-derived O-antigen building blocks biosynthesis|g__Faecalibacterium.s__Faecalibacterium_prausnitzii	8.3339168398
POLYISOPRENSYN-PWY: polyisoprenoid biosynthesis (E. coli)	103.9976120479
CENTFERM-PWY: pyruvate fermentation to butanoate	102.6727113840
PWY66-409: superpathway of purine nucleotide salvage	99.5812615832
BIOTIN-BIOSYNTHESIS-PWY: biotin biosynthesis I	95.7083781479
PWY-7209: superpathway of pyrimidine ribonucleosides degradation	94.6931859918
PWY-6519: 8-amino-7-oxononanoate biosynthesis I	93.5648846000
CITRULBIO-PWY: L-citrulline biosynthesis	93.4243678858
CITRULBIO-PWY: L-citrulline biosynthesis|unclassified	33.6186494224
PWY0-781: aspartate superpathway	92.9870024661
PWY-5505: L-glutamate and L-glutamine biosynthesis	91.1895154702
PWY-7282: 4-amino-2-methyl-5-diphosphomethylpyrimidine biosynthesis II	89.1062166044
PWY-7282: 4-amino-2-methyl-5-diphosphomethylpyrimidine biosynthesis II|g__Bacteroides.s__Bacteroides_uniformis	11.3723161408
P4-PWY: superpathway of L-lysine, L-threonine and L-methionine biosynthesis I	88.1614901977
PWY-5345: superpathway of L-methionine biosynthesis (by sulfhydrylation)	86.6957786770
PWY-5345: superpathway of L-methionine biosynthesis (by sulfhydrylation)|unclassified	31.9592206613
PYRIDNUCSAL-PWY: NAD salvage pathway I (PNC VI cycle)	86.1464365513
PWY-5676: acetyl-CoA fermentation to butanoate II	84.8178752580
PWY-5676: acetyl-CoA fermentation to butanoate II|g__Anaerostipes.s__Anaerostipes_hadrus	20.8930859587
PWY-6608: guanosine nucleotides degradation III	81.2346036142
PWY-6608: guanosine nucleotides degradation III|unclassified	23.9514429015
PWY-6608: guanosine nucleotides degradation III|g__Faecalibacterium.s__Faecalibacterium_prausnitzii	18.2677903511
PWY-6608: guanosine nucleotides degradation III|g__Anaerostipes.s__Anaerostipes_hadrus	15.3776079504
PWY-6608: guanosine nucleotides degradation III|g__Blautia.s__Blautia_obeum	9.8199510543
PWY-6608: guanosine nucleotides degradation III|g__Blautia.s__Blautia_wexlerae	4.1302919365
PWY-4984: urea cycle	78.2540011984
PWY-4984: urea cycle|unclassified	29.4156726511
PWY-7761: NAD salvage pathway II (PNC IV cycle)	77.8960446450
PWY-7761: NAD salvage pathway II (PNC IV cycle)|g__Blautia.s__Blautia_obeum	10.3603033004
PWY-7761: NAD salvage pathway II (PNC IV cycle)|unclassified	9.5968325865
P164-PWY: purine nucleobases degradation I (anaerobic)	76.5691281720
P164-PWY: purine nucleobases degradation I (anaerobic)|unclassified	24.4489055320
PWY-6353: purine nucleotides degradation II (aerobic)	73.8443327039
SULFATE-CYS-PWY: superpathway of sulfate assimilation and cysteine biosynthesis	72.5964012044
SULFATE-CYS-PWY: superpathway of sulfate assimilation and cysteine biosynthesis|unclassified	26.0697394176
NAGLIPASYN-PWY: lipid IVA biosynthesis (E. coli)	69.6014591146
NAGLIPASYN-PWY: lipid IVA biosynthesis (E. coli)|g__Mesosutterella.s__Mesosutterella_multiformis	14.2039515450
NAGLIPASYN-PWY: lipid IVA biosynthesis (E. coli)|g__Bacteroides.s__Bacteroides_uniformis	9.1920969219
PWY-8073: lipid IVA biosynthesis (P. putida)	69.6014591146
PWY-8073: lipid IVA biosynthesis (P. putida)|g__Mesosutterella.s__Mesosutterella_multiformis	14.2039515450
PWY-8073: lipid IVA biosynthesis (P. putida)|g__Bacteroides.s__Bacteroides_uniformis	9.1920969219
PWY-5154: L-arginine biosynthesis III (via N-acetyl-L-citrulline)	68.5327766776
PWY-5154: L-arginine biosynthesis III (via N-acetyl-L-citrulline)|unclassified	15.7082298522
PWY-5154: L-arginine biosynthesis III (via N-acetyl-L-citrulline)|g__Blautia.s__Ruminococcus_torques	15.3074608907
PWY-7392: taxadiene biosynthesis (engineered)	65.1557950387
HEMESYN2-PWY: heme b biosynthesis II (oxygen-independent)	62.5700327856
HEMESYN2-PWY: heme b biosynthesis II (oxygen-independent)|g__Mesosutterella.s__Mesosutterella_multiformis	18.9477245813
HEMESYN2-PWY: heme b biosynthesis II (oxygen-independent)|g__Sutterella.s__Sutterella_wadsworthensis	9.6048424688
ARG+POLYAMINE-SYN: superpathway of arginine and polyamine biosynthesis	61.2740567573
PWY-6305: superpathway of putrescine biosynthesis	60.5516351304
PWY-6305: superpathway of putrescine biosynthesis|unclassified	12.9337718004
PWY-8131: 5'-deoxyadenosine degradation II	57.9119737835
P461-PWY: hexitol fermentation to lactate, formate, ethanol and acetate	57.2801102220
P461-PWY: hexitol fermentation to lactate, formate, ethanol and acetate|g__Anaerostipes.s__Anaerostipes_hadrus	17.0022599914
P461-PWY: hexitol fermentation to lactate, formate, ethanol and acetate|unclassified	10.6402332848
PWY-1269: CMP-3-deoxy-D-manno-octulosonate biosynthesis	55.3017348752
P42-PWY: incomplete reductive TCA cycle	52.0897172361
P185-PWY: formaldehyde assimilation III (dihydroxyacetone cycle)	50.2833341128
P185-PWY: formaldehyde assimilation III (dihydroxyacetone cycle)|unclassified	29.6373257723
GOLPDLCAT-PWY: superpathway of glycerol degradation to 1,3-propanediol	49.4335873472
GOLPDLCAT-PWY: superpathway of glycerol degradation to 1,3-propanediol|g__Anaerostipes.s__Anaerostipes_hadrus	10.3035682680
GOLPDLCAT-PWY: superpathway of glycerol degradation to 1,3-propanediol|g__Blautia.s__Ruminococcus_torques	6.4075029245
MET-SAM-PWY: superpathway of S-adenosyl-L-methionine biosynthesis	46.0758362013
MET-SAM-PWY: superpathway of S-adenosyl-L-methionine biosynthesis|unclassified	15.6993475874
PWY1ZNC-1: assimilatory sulfate reduction IV	45.9716351556
PWY1ZNC-1: assimilatory sulfate reduction IV|unclassified	14.0079003702
PWY-5347: superpathway of L-methionine biosynthesis (transsulfuration)	45.5751049410
PWY-5347: superpathway of L-methionine biosynthesis (transsulfuration)|unclassified	14.3158690567
PWY-5136: fatty acid &beta;-oxidation II (plant peroxisome)	44.4991912029
PWY-5136: fatty acid &beta;-oxidation II (plant peroxisome)|g__Coprococcus.s__Coprococcus_catus	13.0005416868
PWY-821: superpathway of sulfur amino acid biosynthesis (Saccharomyces cerevisiae)	42.8171462059
PWY-821: superpathway of sulfur amino acid biosynthesis (Saccharomyces cerevisiae)|unclassified	24.1409193283
ARGININE-SYN4-PWY: L-ornithine biosynthesis II	41.6055836426
ARGININE-SYN4-PWY: L-ornithine biosynthesis II|g__Bacteroides.s__Bacteroides_uniformis	9.7956108128
ARGININE-SYN4-PWY: L-ornithine biosynthesis II|g__Bacteroides.s__Bacteroides_vulgatus	8.4082821579
SALVADEHYPOX-PWY: adenosine nucleotides degradation II	41.3563667315
SALVADEHYPOX-PWY: adenosine nucleotides degradation II|g__Faecalibacterium.s__Faecalibacterium_prausnitzii	16.2093137233
SALVADEHYPOX-PWY: adenosine nucleotides degradation II|g__Anaerostipes.s__Anaerostipes_hadrus	15.0912198015
METSYN-PWY: superpathway of L-homoserine and L-methionine biosynthesis	40.4906739214
METSYN-PWY: superpathway of L-homoserine and L-methionine biosynthesis|unclassified	14.1500731348
PWY0-1241: ADP-L-glycero-&beta;-D-manno-heptose biosynthesis	39.8443154514
PWY0-1241: ADP-L-glycero-&beta;-D-manno-heptose biosynthesis|g__Acidaminococcus.s__Acidaminococcus_intestini	11.1957008509
HISDEG-PWY: L-histidine degradation I	39.0140117905
HISDEG-PWY: L-histidine degradation I|g__Acidaminococcus.s__Acidaminococcus_intestini	17.5134393229
HISDEG-PWY: L-histidine degradation I|g__Bacteroides.s__Bacteroides_uniformis	12.5583733833
PWY0-1297: superpathway of purine deoxyribonucleosides degradation	38.6445050599
PWY0-1297: superpathway of purine deoxyribonucleosides degradation|g__Blautia.s__Ruminococcus_torques	29.7459017412
PWY-6606: guanosine nucleotides degradation II	38.3606437844
PWY0-1261: anhydromuropeptides recycling I	37.9680665197
ORNDEG-PWY: superpathway of ornithine degradation	36.9204549311
PWY0-845: superpathway of pyridoxal 5'-phosphate biosynthesis and salvage	36.7724715745
PWY0-845: superpathway of pyridoxal 5'-phosphate biosynthesis and salvage|g__Bacteroides.s__Bacteroides_uniformis	11.6558218854
PWY-7013: (S)-propane-1,2-diol degradation	34.6725748676
PWY-7013: (S)-propane-1,2-diol degradation|g__Eubacterium.s__Eubacterium_hallii	17.7631723723
SO4ASSIM-PWY: assimilatory sulfate reduction I	33.6304248378
SO4ASSIM-PWY: assimilatory sulfate reduction I|unclassified	19.5923949536
POLYAMINSYN3-PWY: superpathway of polyamine biosynthesis II	33.2956868477
POLYAMSYN-PWY: superpathway of polyamine biosynthesis I	32.6295296772
PWY0-1298: superpathway of pyrimidine deoxyribonucleosides degradation	31.2058277905
PWY0-1298: superpathway of pyrimidine deoxyribonucleosides degradation|unclassified	22.1495857329
RUMP-PWY: formaldehyde oxidation I	29.5332670172
PWY-6906: chitin derivatives degradation	29.2702620470
PYRIDOXSYN-PWY: pyridoxal 5'-phosphate biosynthesis I	28.7098532614
PYRIDOXSYN-PWY: pyridoxal 5'-phosphate biosynthesis I|g__Bacteroides.s__Bacteroides_uniformis	9.9615401361
PWY-7196: superpathway of pyrimidine ribonucleosides salvage	28.1945649562
FOLSYN-PWY: superpathway of tetrahydrofolate biosynthesis and salvage	27.1416344881
PWY-6859: all-trans-farnesol biosynthesis	25.5931854959
GALACT-GLUCUROCAT-PWY: superpathway of hexuronide and hexuronate degradation	25.4648995401
PWY-5981: CDP-diacylglycerol biosynthesis III	24.2757386513
HOMOSER-METSYN-PWY: L-methionine biosynthesis I	23.3961515612
HOMOSER-METSYN-PWY: L-methionine biosynthesis I|unclassified	8.3146721769
GLUDEG-I-PWY: GABA shunt	22.5306840087
PWY-8190: L-glutamate degradation XI (reductive Stickland reaction)	19.9436618659
PWY-6147: 6-hydroxymethyl-dihydropterin diphosphate biosynthesis I	19.1759462629
PWY-6612: superpathway of tetrahydrofolate biosynthesis	18.2010762041
PWY-7883: anhydromuropeptides recycling II	16.8803699070
PWY-6607: guanosine nucleotides degradation I	16.7385982054
PWY-6595: superpathway of guanosine nucleotides degradation (plants)	16.5920245372
PWY-7385: 1,3-propanediol biosynthesis (engineered)	13.3926616485
PWY-5189: tetrapyrrole biosynthesis II (from glycine)	12.2265204179
PWY-5189: tetrapyrrole biosynthesis II (from glycine)|unclassified	8.5484793213
PWY-6588: pyruvate fermentation to acetone	11.3603331215
GLYOXYLATE-BYPASS: glyoxylate cycle	9.9528706781
GLYOXYLATE-BYPASS: glyoxylate cycle|unclassified	7.3863267231
PWY-7118: chitin deacetylation	5.9955033725