# Pathway	5_S40_L002_R1_001_Abundance
UNMAPPED	692610.2425024401
UNINTEGRATED	2056086.3476931194
UNINTEGRATED|g__Faecalibacterium.s__Faecalibacterium_prausnitzii	315798.7568357612
UNINTEGRATED|unclassified	141673.7616976671
UNINTEGRATED|g__Bifidobacterium.s__Bifidobacterium_adolescentis	140477.6792250156
UNINTEGRATED|g__Roseburia.s__Roseburia_faecis	125634.8666673784
UNINTEGRATED|g__Ruminococcus.s__Ruminococcus_bromii	122672.0422968544
UNINTEGRATED|g__Fusicatenibacter.s__Fusicatenibacter_saccharivorans	107794.5809186658
UNINTEGRATED|g__Lachnospiraceae_unclassified.s__Eubacterium_rectale	103243.5281263140
UNINTEGRATED|g__Blautia.s__Blautia_obeum	84006.6129019886
UNINTEGRATED|g__Bifidobacterium.s__Bifidobacterium_longum	77065.9030704240
UNINTEGRATED|g__Bifidobacterium.s__Bifidobacterium_bifidum	60369.1754914325
UNINTEGRATED|g__Collinsella.s__Collinsella_aerofaciens	59547.8361197505
UNINTEGRATED|g__Blautia.s__Ruminococcus_torques	51449.2944360654
UNINTEGRATED|g__Coprococcus.s__Coprococcus_comes	51159.7505353520
UNINTEGRATED|g__Dorea.s__Dorea_longicatena	42865.7988777253
UNINTEGRATED|g__Gemmiger.s__Gemmiger_formicilis	37059.5115136984
UNINTEGRATED|g__Roseburia.s__Roseburia_hominis	36388.8921437057
UNINTEGRATED|g__Prevotella.s__Prevotella_sp_CAG_279	34142.6260016764
UNINTEGRATED|g__Subdoligranulum.s__Subdoligranulum_sp_APC924_74	31082.0773629988
UNINTEGRATED|g__Clostridium.s__Clostridium_sp_CAG_217	24699.2388692409
UNINTEGRATED|g__Eubacterium.s__Eubacterium_hallii	23094.2783073399
UNINTEGRATED|g__Bacteroides.s__Bacteroides_uniformis	21497.4301460275
UNINTEGRATED|g__Roseburia.s__Roseburia_inulinivorans	21339.6375801649
UNINTEGRATED|g__Dorea.s__Dorea_formicigenerans	19949.2201747635
UNINTEGRATED|g__Blautia.s__Blautia_sp	18924.0890553385
UNINTEGRATED|g__Anaerostipes.s__Anaerostipes_hadrus	17971.7658976149
UNINTEGRATED|g__Ruminococcus.s__Ruminococcus_bicirculans	17604.4891891833
UNINTEGRATED|g__Acidaminococcus.s__Acidaminococcus_intestini	16405.1008489269
UNINTEGRATED|g__Coprococcus.s__Coprococcus_eutactus	16199.8473483690
UNINTEGRATED|g__Blautia.s__Blautia_wexlerae	14330.4034001503
UNINTEGRATED|g__Clostridiales_unclassified.s__Clostridiales_bacterium_KLE1615	13480.5687816864
UNINTEGRATED|g__Mesosutterella.s__Mesosutterella_multiformis	11359.9751191266
UNINTEGRATED|g__Agathobaculum.s__Agathobaculum_butyriciproducens	10670.0203486213
UNINTEGRATED|g__Lachnospira.s__Lachnospira_pectinoschiza	7318.9881587066
UNINTEGRATED|g__Lactobacillus.s__Lactobacillus_ruminis	6930.9670863043
UNINTEGRATED|g__Bacteroides.s__Bacteroides_vulgatus	6849.3917622852
UNINTEGRATED|g__Sutterella.s__Sutterella_wadsworthensis	6668.7629402737
UNINTEGRATED|g__Firmicutes_unclassified.s__Firmicutes_bacterium_AF16_15	6614.4906264534
UNINTEGRATED|g__Blautia.s__Blautia_sp_CAG_52	6241.2096922389
UNINTEGRATED|g__Coprococcus.s__Coprococcus_catus	5839.1421199675
UNINTEGRATED|g__Phascolarctobacterium.s__Phascolarctobacterium_succinatutens	4404.6667159702
UNINTEGRATED|g__Blautia.s__Blautia_sp_AF19_10LB	3981.7641082965
UNINTEGRATED|g__Firmicutes_unclassified.s__Firmicutes_bacterium_CAG_56	3893.3326328647
UNINTEGRATED|g__Bifidobacterium.s__Bifidobacterium_pseudocatenulatum	3768.1027573562
UNINTEGRATED|g__Ruminococcus.s__Ruminococcus_sp_CAG_254	3204.0753170004
UNINTEGRATED|g__Clostridium.s__Clostridium_sp_CAG_122	3153.1104212328
UNINTEGRATED|g__Bacteroides.s__Bacteroides_dorei	2269.2091724909
UNINTEGRATED|g__Collinsella.s__Collinsella_sp_CAG_289	1941.5762034699
UNINTEGRATED|g__Streptococcus.s__Streptococcus_salivarius	1912.2836196689
UNINTEGRATED|g__Clostridium.s__Clostridium_sp_CAG_75	1807.7888200638
UNINTEGRATED|g__Oscillibacter.s__Oscillibacter_sp_CAG_241	1566.2780170327
PWY-7238: sucrose biosynthesis II	3119.2485417330
PWY-7238: sucrose biosynthesis II|g__Faecalibacterium.s__Faecalibacterium_prausnitzii	498.4967550163
PWY-7238: sucrose biosynthesis II|g__Ruminococcus.s__Ruminococcus_bromii	337.3535555781
PWY-7238: sucrose biosynthesis II|g__Roseburia.s__Roseburia_faecis	227.2866090072
PWY-7238: sucrose biosynthesis II|unclassified	221.8926081911
PWY-7238: sucrose biosynthesis II|g__Bifidobacterium.s__Bifidobacterium_adolescentis	221.4605666526
PWY-7238: sucrose biosynthesis II|g__Fusicatenibacter.s__Fusicatenibacter_saccharivorans	143.3357656838
PWY-7238: sucrose biosynthesis II|g__Lachnospiraceae_unclassified.s__Eubacterium_rectale	134.8954987888
PWY-7238: sucrose biosynthesis II|g__Collinsella.s__Collinsella_aerofaciens	129.1319341482
PWY-7238: sucrose biosynthesis II|g__Blautia.s__Blautia_obeum	115.8617001545
PWY-7238: sucrose biosynthesis II|g__Roseburia.s__Roseburia_hominis	106.3057809241
PWY-7238: sucrose biosynthesis II|g__Bifidobacterium.s__Bifidobacterium_longum	98.2632758224
PWY-7238: sucrose biosynthesis II|g__Blautia.s__Ruminococcus_torques	96.8945712469
PWY-7238: sucrose biosynthesis II|g__Clostridium.s__Clostridium_sp_CAG_217	75.0818109653
PWY-7238: sucrose biosynthesis II|g__Gemmiger.s__Gemmiger_formicilis	65.7414361982
PWY-7238: sucrose biosynthesis II|g__Dorea.s__Dorea_longicatena	61.5685846574
PWY-7238: sucrose biosynthesis II|g__Subdoligranulum.s__Subdoligranulum_sp_APC924_74	61.0202234637
PWY-7238: sucrose biosynthesis II|g__Bifidobacterium.s__Bifidobacterium_bifidum	59.9958352370
PWY-7238: sucrose biosynthesis II|g__Blautia.s__Blautia_sp	35.3127202488
PWY-7238: sucrose biosynthesis II|g__Coprococcus.s__Coprococcus_comes	35.1579864991
PWY-7238: sucrose biosynthesis II|g__Blautia.s__Blautia_wexlerae	31.3053108841
PWY-7238: sucrose biosynthesis II|g__Ruminococcus.s__Ruminococcus_bicirculans	26.7097960668
PWY-7238: sucrose biosynthesis II|g__Eubacterium.s__Eubacterium_hallii	22.5270712311
PWY-7238: sucrose biosynthesis II|g__Anaerostipes.s__Anaerostipes_hadrus	22.0647100965
PWY-7238: sucrose biosynthesis II|g__Clostridiales_unclassified.s__Clostridiales_bacterium_KLE1615	21.2806572031
PWY-7238: sucrose biosynthesis II|g__Coprococcus.s__Coprococcus_eutactus	17.7132986768
PWY-7238: sucrose biosynthesis II|g__Agathobaculum.s__Agathobaculum_butyriciproducens	14.3335774035
PWY-7238: sucrose biosynthesis II|g__Roseburia.s__Roseburia_inulinivorans	11.9647709990
PWY-7238: sucrose biosynthesis II|g__Blautia.s__Blautia_sp_CAG_52	11.6238588854
PWY-7238: sucrose biosynthesis II|g__Bacteroides.s__Bacteroides_uniformis	10.6914985342
PWY-7238: sucrose biosynthesis II|g__Firmicutes_unclassified.s__Firmicutes_bacterium_AF16_15	6.9409585106
PWY-7238: sucrose biosynthesis II|g__Clostridium.s__Clostridium_sp_CAG_122	6.4405968770
PWY-7238: sucrose biosynthesis II|g__Dorea.s__Dorea_formicigenerans	5.7381752603
PWY-5941: glycogen degradation II	2524.6855095331
PWY-5941: glycogen degradation II|g__Faecalibacterium.s__Faecalibacterium_prausnitzii	366.5992308957
PWY-5941: glycogen degradation II|g__Bifidobacterium.s__Bifidobacterium_adolescentis	185.8397916459
PWY-5941: glycogen degradation II|g__Roseburia.s__Roseburia_faecis	175.3728955400
PWY-5941: glycogen degradation II|g__Fusicatenibacter.s__Fusicatenibacter_saccharivorans	167.3142312673
PWY-5941: glycogen degradation II|g__Collinsella.s__Collinsella_aerofaciens	139.8662382373
PWY-5941: glycogen degradation II|unclassified	99.1680384672
PWY-5941: glycogen degradation II|g__Bifidobacterium.s__Bifidobacterium_longum	91.8432399965
PWY-5941: glycogen degradation II|g__Roseburia.s__Roseburia_hominis	88.1083778573
PWY-5941: glycogen degradation II|g__Blautia.s__Blautia_obeum	83.9422269848
PWY-5941: glycogen degradation II|g__Bifidobacterium.s__Bifidobacterium_bifidum	58.0926549197
PWY-5941: glycogen degradation II|g__Dorea.s__Dorea_longicatena	50.4073925164
PWY-5941: glycogen degradation II|g__Blautia.s__Blautia_sp	38.4490345382
PWY-5941: glycogen degradation II|g__Coprococcus.s__Coprococcus_comes	35.6736563370
PWY-5941: glycogen degradation II|g__Blautia.s__Ruminococcus_torques	33.9754688329
PWY-5941: glycogen degradation II|g__Blautia.s__Blautia_wexlerae	30.2124224768
PWY-5941: glycogen degradation II|g__Anaerostipes.s__Anaerostipes_hadrus	23.7876292464
PWY-5941: glycogen degradation II|g__Eubacterium.s__Eubacterium_hallii	23.0506117191
PWY-5941: glycogen degradation II|g__Clostridiales_unclassified.s__Clostridiales_bacterium_KLE1615	19.7423731038
PWY-5941: glycogen degradation II|g__Agathobaculum.s__Agathobaculum_butyriciproducens	14.3390178883
PWY-5941: glycogen degradation II|g__Blautia.s__Blautia_sp_CAG_52	12.3807155289
PWY-5941: glycogen degradation II|g__Dorea.s__Dorea_formicigenerans	6.1893393730
VALSYN-PWY: L-valine biosynthesis	2344.7108576606
VALSYN-PWY: L-valine biosynthesis|g__Ruminococcus.s__Ruminococcus_bromii	343.6225644268
VALSYN-PWY: L-valine biosynthesis|g__Bifidobacterium.s__Bifidobacterium_adolescentis	192.7809809888
VALSYN-PWY: L-valine biosynthesis|g__Faecalibacterium.s__Faecalibacterium_prausnitzii	178.3290090345
VALSYN-PWY: L-valine biosynthesis|g__Roseburia.s__Roseburia_faecis	114.1364569824
VALSYN-PWY: L-valine biosynthesis|g__Fusicatenibacter.s__Fusicatenibacter_saccharivorans	108.1860740985
VALSYN-PWY: L-valine biosynthesis|unclassified	107.9573167543
VALSYN-PWY: L-valine biosynthesis|g__Lachnospiraceae_unclassified.s__Eubacterium_rectale	89.1369704988
VALSYN-PWY: L-valine biosynthesis|g__Blautia.s__Ruminococcus_torques	84.3815643892
VALSYN-PWY: L-valine biosynthesis|g__Bifidobacterium.s__Bifidobacterium_longum	82.5422340034
VALSYN-PWY: L-valine biosynthesis|g__Gemmiger.s__Gemmiger_formicilis	68.3869006349
VALSYN-PWY: L-valine biosynthesis|g__Roseburia.s__Roseburia_hominis	64.8976331882
VALSYN-PWY: L-valine biosynthesis|g__Bifidobacterium.s__Bifidobacterium_bifidum	63.2022932359
VALSYN-PWY: L-valine biosynthesis|g__Subdoligranulum.s__Subdoligranulum_sp_APC924_74	60.0956009887
VALSYN-PWY: L-valine biosynthesis|g__Blautia.s__Blautia_obeum	51.0522965156
VALSYN-PWY: L-valine biosynthesis|g__Prevotella.s__Prevotella_sp_CAG_279	45.3233765712
VALSYN-PWY: L-valine biosynthesis|g__Blautia.s__Blautia_sp	42.0716570417
VALSYN-PWY: L-valine biosynthesis|g__Clostridium.s__Clostridium_sp_CAG_217	41.7184068707
VALSYN-PWY: L-valine biosynthesis|g__Acidaminococcus.s__Acidaminococcus_intestini	34.7065999924
VALSYN-PWY: L-valine biosynthesis|g__Coprococcus.s__Coprococcus_comes	29.0213829521
VALSYN-PWY: L-valine biosynthesis|g__Dorea.s__Dorea_longicatena	28.4288440755
VALSYN-PWY: L-valine biosynthesis|g__Ruminococcus.s__Ruminococcus_bicirculans	22.9058499920
VALSYN-PWY: L-valine biosynthesis|g__Blautia.s__Blautia_wexlerae	20.1560741642
VALSYN-PWY: L-valine biosynthesis|g__Anaerostipes.s__Anaerostipes_hadrus	17.3371233506
VALSYN-PWY: L-valine biosynthesis|g__Mesosutterella.s__Mesosutterella_multiformis	16.2798900720
VALSYN-PWY: L-valine biosynthesis|g__Agathobaculum.s__Agathobaculum_butyriciproducens	15.8634268090
VALSYN-PWY: L-valine biosynthesis|g__Eubacterium.s__Eubacterium_hallii	14.4272545860
VALSYN-PWY: L-valine biosynthesis|g__Coprococcus.s__Coprococcus_eutactus	13.5157476615
VALSYN-PWY: L-valine biosynthesis|g__Blautia.s__Blautia_sp_AF19_10LB	13.4768611009
VALSYN-PWY: L-valine biosynthesis|g__Roseburia.s__Roseburia_inulinivorans	9.7725036583
VALSYN-PWY: L-valine biosynthesis|g__Blautia.s__Blautia_sp_CAG_52	9.5349011435
VALSYN-PWY: L-valine biosynthesis|g__Dorea.s__Dorea_formicigenerans	8.3514703649
VALSYN-PWY: L-valine biosynthesis|g__Ruminococcus.s__Ruminococcus_sp_CAG_254	8.1561316633
VALSYN-PWY: L-valine biosynthesis|g__Clostridiales_unclassified.s__Clostridiales_bacterium_KLE1615	7.8721843522
VALSYN-PWY: L-valine biosynthesis|g__Phascolarctobacterium.s__Phascolarctobacterium_succinatutens	7.6172359085
VALSYN-PWY: L-valine biosynthesis|g__Bacteroides.s__Bacteroides_uniformis	6.2915910466
VALSYN-PWY: L-valine biosynthesis|g__Firmicutes_unclassified.s__Firmicutes_bacterium_CAG_56	6.1130922058
VALSYN-PWY: L-valine biosynthesis|g__Bifidobacterium.s__Bifidobacterium_pseudocatenulatum	4.0307001028
VALSYN-PWY: L-valine biosynthesis|g__Streptococcus.s__Streptococcus_salivarius	1.9642506384
GLYCOGENSYNTH-PWY: glycogen biosynthesis I (from ADP-D-Glucose)	2306.9964922867
GLYCOGENSYNTH-PWY: glycogen biosynthesis I (from ADP-D-Glucose)|g__Faecalibacterium.s__Faecalibacterium_prausnitzii	329.2187155229
GLYCOGENSYNTH-PWY: glycogen biosynthesis I (from ADP-D-Glucose)|g__Ruminococcus.s__Ruminococcus_bromii	292.0806780781
GLYCOGENSYNTH-PWY: glycogen biosynthesis I (from ADP-D-Glucose)|g__Fusicatenibacter.s__Fusicatenibacter_saccharivorans	239.9205443833
GLYCOGENSYNTH-PWY: glycogen biosynthesis I (from ADP-D-Glucose)|unclassified	201.0090505386
GLYCOGENSYNTH-PWY: glycogen biosynthesis I (from ADP-D-Glucose)|g__Roseburia.s__Roseburia_faecis	160.4121395378
GLYCOGENSYNTH-PWY: glycogen biosynthesis I (from ADP-D-Glucose)|g__Bifidobacterium.s__Bifidobacterium_adolescentis	151.2669672221
GLYCOGENSYNTH-PWY: glycogen biosynthesis I (from ADP-D-Glucose)|g__Blautia.s__Ruminococcus_torques	121.8735416617
GLYCOGENSYNTH-PWY: glycogen biosynthesis I (from ADP-D-Glucose)|g__Collinsella.s__Collinsella_aerofaciens	105.3047310395
GLYCOGENSYNTH-PWY: glycogen biosynthesis I (from ADP-D-Glucose)|g__Roseburia.s__Roseburia_hominis	90.6387731345
GLYCOGENSYNTH-PWY: glycogen biosynthesis I (from ADP-D-Glucose)|g__Bifidobacterium.s__Bifidobacterium_longum	58.7904131929
GLYCOGENSYNTH-PWY: glycogen biosynthesis I (from ADP-D-Glucose)|g__Dorea.s__Dorea_longicatena	58.1487244134
GLYCOGENSYNTH-PWY: glycogen biosynthesis I (from ADP-D-Glucose)|g__Blautia.s__Blautia_obeum	57.1520563561
GLYCOGENSYNTH-PWY: glycogen biosynthesis I (from ADP-D-Glucose)|g__Gemmiger.s__Gemmiger_formicilis	54.7454079763
GLYCOGENSYNTH-PWY: glycogen biosynthesis I (from ADP-D-Glucose)|g__Clostridium.s__Clostridium_sp_CAG_217	53.7101509648
GLYCOGENSYNTH-PWY: glycogen biosynthesis I (from ADP-D-Glucose)|g__Subdoligranulum.s__Subdoligranulum_sp_APC924_74	45.8173481833
GLYCOGENSYNTH-PWY: glycogen biosynthesis I (from ADP-D-Glucose)|g__Coprococcus.s__Coprococcus_comes	40.8917735253
GLYCOGENSYNTH-PWY: glycogen biosynthesis I (from ADP-D-Glucose)|g__Bifidobacterium.s__Bifidobacterium_bifidum	35.8594272727
GLYCOGENSYNTH-PWY: glycogen biosynthesis I (from ADP-D-Glucose)|g__Lachnospiraceae_unclassified.s__Eubacterium_rectale	34.9653870239
GLYCOGENSYNTH-PWY: glycogen biosynthesis I (from ADP-D-Glucose)|g__Blautia.s__Blautia_sp	32.8419092881
GLYCOGENSYNTH-PWY: glycogen biosynthesis I (from ADP-D-Glucose)|g__Anaerostipes.s__Anaerostipes_hadrus	29.2260003215
GLYCOGENSYNTH-PWY: glycogen biosynthesis I (from ADP-D-Glucose)|g__Eubacterium.s__Eubacterium_hallii	29.0235459425
GLYCOGENSYNTH-PWY: glycogen biosynthesis I (from ADP-D-Glucose)|g__Blautia.s__Blautia_wexlerae	24.7737690859
GLYCOGENSYNTH-PWY: glycogen biosynthesis I (from ADP-D-Glucose)|g__Ruminococcus.s__Ruminococcus_bicirculans	19.7565520139
GLYCOGENSYNTH-PWY: glycogen biosynthesis I (from ADP-D-Glucose)|g__Coprococcus.s__Coprococcus_eutactus	16.3683958754
GLYCOGENSYNTH-PWY: glycogen biosynthesis I (from ADP-D-Glucose)|g__Blautia.s__Blautia_sp_CAG_52	15.8154509751
GLYCOGENSYNTH-PWY: glycogen biosynthesis I (from ADP-D-Glucose)|g__Firmicutes_unclassified.s__Firmicutes_bacterium_AF16_15	14.7433235493
GLYCOGENSYNTH-PWY: glycogen biosynthesis I (from ADP-D-Glucose)|g__Agathobaculum.s__Agathobaculum_butyriciproducens	13.6361187424
GLYCOGENSYNTH-PWY: glycogen biosynthesis I (from ADP-D-Glucose)|g__Clostridiales_unclassified.s__Clostridiales_bacterium_KLE1615	12.9866406259
GLYCOGENSYNTH-PWY: glycogen biosynthesis I (from ADP-D-Glucose)|g__Lactobacillus.s__Lactobacillus_ruminis	8.0680738337
GLYCOGENSYNTH-PWY: glycogen biosynthesis I (from ADP-D-Glucose)|g__Roseburia.s__Roseburia_inulinivorans	7.5051704654
GLYCOGENSYNTH-PWY: glycogen biosynthesis I (from ADP-D-Glucose)|g__Blautia.s__Blautia_sp_AF19_10LB	6.9156293223
GLYCOGENSYNTH-PWY: glycogen biosynthesis I (from ADP-D-Glucose)|g__Clostridium.s__Clostridium_sp_CAG_122	6.4301723472
GLYCOGENSYNTH-PWY: glycogen biosynthesis I (from ADP-D-Glucose)|g__Bifidobacterium.s__Bifidobacterium_pseudocatenulatum	2.9183234232
COMPLETE-ARO-PWY: superpathway of aromatic amino acid biosynthesis	2303.6261163230
COMPLETE-ARO-PWY: superpathway of aromatic amino acid biosynthesis|g__Fusicatenibacter.s__Fusicatenibacter_saccharivorans	138.9365736163
COMPLETE-ARO-PWY: superpathway of aromatic amino acid biosynthesis|g__Roseburia.s__Roseburia_faecis	125.5204382464
COMPLETE-ARO-PWY: superpathway of aromatic amino acid biosynthesis|unclassified	118.2991512566
COMPLETE-ARO-PWY: superpathway of aromatic amino acid biosynthesis|g__Blautia.s__Ruminococcus_torques	74.1605987400
COMPLETE-ARO-PWY: superpathway of aromatic amino acid biosynthesis|g__Clostridium.s__Clostridium_sp_CAG_217	66.5753576368
COMPLETE-ARO-PWY: superpathway of aromatic amino acid biosynthesis|g__Bifidobacterium.s__Bifidobacterium_longum	64.3252404128
COMPLETE-ARO-PWY: superpathway of aromatic amino acid biosynthesis|g__Blautia.s__Blautia_obeum	61.6882156334
COMPLETE-ARO-PWY: superpathway of aromatic amino acid biosynthesis|g__Blautia.s__Blautia_sp	22.6752974458
COMPLETE-ARO-PWY: superpathway of aromatic amino acid biosynthesis|g__Anaerostipes.s__Anaerostipes_hadrus	19.0318633614
COMPLETE-ARO-PWY: superpathway of aromatic amino acid biosynthesis|g__Acidaminococcus.s__Acidaminococcus_intestini	14.8072262213
COMPLETE-ARO-PWY: superpathway of aromatic amino acid biosynthesis|g__Blautia.s__Blautia_sp_CAG_52	11.7117459593
PWY-6163: chorismate biosynthesis from 3-dehydroquinate	2261.2251714529
PWY-6163: chorismate biosynthesis from 3-dehydroquinate|g__Faecalibacterium.s__Faecalibacterium_prausnitzii	437.2729203673
PWY-6163: chorismate biosynthesis from 3-dehydroquinate|g__Ruminococcus.s__Ruminococcus_bromii	353.2610061250
PWY-6163: chorismate biosynthesis from 3-dehydroquinate|g__Fusicatenibacter.s__Fusicatenibacter_saccharivorans	167.3998629523
PWY-6163: chorismate biosynthesis from 3-dehydroquinate|g__Roseburia.s__Roseburia_faecis	131.0160798763
PWY-6163: chorismate biosynthesis from 3-dehydroquinate|g__Bifidobacterium.s__Bifidobacterium_adolescentis	125.4748121052
PWY-6163: chorismate biosynthesis from 3-dehydroquinate|unclassified	97.8475261881
PWY-6163: chorismate biosynthesis from 3-dehydroquinate|g__Collinsella.s__Collinsella_aerofaciens	80.8568085009
PWY-6163: chorismate biosynthesis from 3-dehydroquinate|g__Blautia.s__Blautia_obeum	72.7546875328
PWY-6163: chorismate biosynthesis from 3-dehydroquinate|g__Blautia.s__Ruminococcus_torques	69.8769225922
PWY-6163: chorismate biosynthesis from 3-dehydroquinate|g__Lachnospiraceae_unclassified.s__Eubacterium_rectale	69.7083276817
PWY-6163: chorismate biosynthesis from 3-dehydroquinate|g__Clostridium.s__Clostridium_sp_CAG_217	66.5147006205
PWY-6163: chorismate biosynthesis from 3-dehydroquinate|g__Bifidobacterium.s__Bifidobacterium_longum	59.2100178178
PWY-6163: chorismate biosynthesis from 3-dehydroquinate|g__Prevotella.s__Prevotella_sp_CAG_279	56.6806961116
PWY-6163: chorismate biosynthesis from 3-dehydroquinate|g__Subdoligranulum.s__Subdoligranulum_sp_APC924_74	46.2974218637
PWY-6163: chorismate biosynthesis from 3-dehydroquinate|g__Roseburia.s__Roseburia_hominis	41.8772211674
PWY-6163: chorismate biosynthesis from 3-dehydroquinate|g__Bifidobacterium.s__Bifidobacterium_bifidum	37.6745223742
PWY-6163: chorismate biosynthesis from 3-dehydroquinate|g__Coprococcus.s__Coprococcus_comes	33.5424639752
PWY-6163: chorismate biosynthesis from 3-dehydroquinate|g__Blautia.s__Blautia_sp	32.5313507479
PWY-6163: chorismate biosynthesis from 3-dehydroquinate|g__Dorea.s__Dorea_longicatena	26.5187544177
PWY-6163: chorismate biosynthesis from 3-dehydroquinate|g__Anaerostipes.s__Anaerostipes_hadrus	19.7762503786
PWY-6163: chorismate biosynthesis from 3-dehydroquinate|g__Mesosutterella.s__Mesosutterella_multiformis	17.0139745495
PWY-6163: chorismate biosynthesis from 3-dehydroquinate|g__Ruminococcus.s__Ruminococcus_bicirculans	16.2128731632
PWY-6163: chorismate biosynthesis from 3-dehydroquinate|g__Acidaminococcus.s__Acidaminococcus_intestini	14.0934395039
PWY-6163: chorismate biosynthesis from 3-dehydroquinate|g__Eubacterium.s__Eubacterium_hallii	11.3768911552
PWY-6163: chorismate biosynthesis from 3-dehydroquinate|g__Roseburia.s__Roseburia_inulinivorans	10.4860496061
PWY-6163: chorismate biosynthesis from 3-dehydroquinate|g__Clostridiales_unclassified.s__Clostridiales_bacterium_KLE1615	10.3518833706
PWY-6163: chorismate biosynthesis from 3-dehydroquinate|g__Blautia.s__Blautia_sp_CAG_52	9.8304198562
PWY-6163: chorismate biosynthesis from 3-dehydroquinate|g__Coprococcus.s__Coprococcus_eutactus	9.5348165270
PWY-6163: chorismate biosynthesis from 3-dehydroquinate|g__Lactobacillus.s__Lactobacillus_ruminis	9.2009816096
PWY-6163: chorismate biosynthesis from 3-dehydroquinate|g__Agathobaculum.s__Agathobaculum_butyriciproducens	9.0700205587
PWY-6163: chorismate biosynthesis from 3-dehydroquinate|g__Blautia.s__Blautia_wexlerae	8.4847795504
PWY-6163: chorismate biosynthesis from 3-dehydroquinate|g__Lachnospira.s__Lachnospira_pectinoschiza	7.1619556914
PWY-6163: chorismate biosynthesis from 3-dehydroquinate|g__Bifidobacterium.s__Bifidobacterium_pseudocatenulatum	3.0755036137
ARO-PWY: chorismate biosynthesis I	2249.1654267597
ARO-PWY: chorismate biosynthesis I|g__Faecalibacterium.s__Faecalibacterium_prausnitzii	400.2736385847
ARO-PWY: chorismate biosynthesis I|g__Ruminococcus.s__Ruminococcus_bromii	299.2852293635
ARO-PWY: chorismate biosynthesis I|g__Bifidobacterium.s__Bifidobacterium_adolescentis	149.6603994023
ARO-PWY: chorismate biosynthesis I|g__Fusicatenibacter.s__Fusicatenibacter_saccharivorans	132.0101564863
ARO-PWY: chorismate biosynthesis I|g__Roseburia.s__Roseburia_faecis	119.7630187325
ARO-PWY: chorismate biosynthesis I|unclassified	114.5630962929
ARO-PWY: chorismate biosynthesis I|g__Collinsella.s__Collinsella_aerofaciens	89.8975539271
ARO-PWY: chorismate biosynthesis I|g__Blautia.s__Ruminococcus_torques	72.2849836490
ARO-PWY: chorismate biosynthesis I|g__Blautia.s__Blautia_obeum	64.6063148999
ARO-PWY: chorismate biosynthesis I|g__Lachnospiraceae_unclassified.s__Eubacterium_rectale	63.2749090528
ARO-PWY: chorismate biosynthesis I|g__Clostridium.s__Clostridium_sp_CAG_217	62.6483572617
ARO-PWY: chorismate biosynthesis I|g__Bifidobacterium.s__Bifidobacterium_longum	60.5653044754
ARO-PWY: chorismate biosynthesis I|g__Roseburia.s__Roseburia_hominis	46.2629586079
ARO-PWY: chorismate biosynthesis I|g__Subdoligranulum.s__Subdoligranulum_sp_APC924_74	43.4034028399
ARO-PWY: chorismate biosynthesis I|g__Bifidobacterium.s__Bifidobacterium_bifidum	40.5716564137
ARO-PWY: chorismate biosynthesis I|g__Coprococcus.s__Coprococcus_comes	30.6424426886
ARO-PWY: chorismate biosynthesis I|g__Dorea.s__Dorea_longicatena	30.2251361583
ARO-PWY: chorismate biosynthesis I|g__Blautia.s__Blautia_sp	26.0244437751
ARO-PWY: chorismate biosynthesis I|g__Anaerostipes.s__Anaerostipes_hadrus	19.7850341607
ARO-PWY: chorismate biosynthesis I|g__Acidaminococcus.s__Acidaminococcus_intestini	15.1167185093
ARO-PWY: chorismate biosynthesis I|g__Eubacterium.s__Eubacterium_hallii	12.6599800389
ARO-PWY: chorismate biosynthesis I|g__Blautia.s__Blautia_sp_CAG_52	10.9187044831
ARO-PWY: chorismate biosynthesis I|g__Agathobaculum.s__Agathobaculum_butyriciproducens	10.3855591273
ARO-PWY: chorismate biosynthesis I|g__Clostridiales_unclassified.s__Clostridiales_bacterium_KLE1615	10.3176798654
ARO-PWY: chorismate biosynthesis I|g__Roseburia.s__Roseburia_inulinivorans	7.8705571696
ARGSYNBSUB-PWY: L-arginine biosynthesis II (acetyl cycle)	2202.0257894122
ARGSYNBSUB-PWY: L-arginine biosynthesis II (acetyl cycle)|g__Ruminococcus.s__Ruminococcus_bromii	343.5314486543
ARGSYNBSUB-PWY: L-arginine biosynthesis II (acetyl cycle)|g__Faecalibacterium.s__Faecalibacterium_prausnitzii	293.5152729186
ARGSYNBSUB-PWY: L-arginine biosynthesis II (acetyl cycle)|unclassified	247.5830372721
ARGSYNBSUB-PWY: L-arginine biosynthesis II (acetyl cycle)|g__Bifidobacterium.s__Bifidobacterium_adolescentis	134.3666915750
ARGSYNBSUB-PWY: L-arginine biosynthesis II (acetyl cycle)|g__Roseburia.s__Roseburia_faecis	123.9939819744
ARGSYNBSUB-PWY: L-arginine biosynthesis II (acetyl cycle)|g__Fusicatenibacter.s__Fusicatenibacter_saccharivorans	121.0663938601
ARGSYNBSUB-PWY: L-arginine biosynthesis II (acetyl cycle)|g__Blautia.s__Ruminococcus_torques	77.1270263130
ARGSYNBSUB-PWY: L-arginine biosynthesis II (acetyl cycle)|g__Collinsella.s__Collinsella_aerofaciens	74.7398174248
ARGSYNBSUB-PWY: L-arginine biosynthesis II (acetyl cycle)|g__Gemmiger.s__Gemmiger_formicilis	73.1487520892
ARGSYNBSUB-PWY: L-arginine biosynthesis II (acetyl cycle)|g__Roseburia.s__Roseburia_hominis	61.6706240612
ARGSYNBSUB-PWY: L-arginine biosynthesis II (acetyl cycle)|g__Clostridium.s__Clostridium_sp_CAG_217	53.4330895246
ARGSYNBSUB-PWY: L-arginine biosynthesis II (acetyl cycle)|g__Bifidobacterium.s__Bifidobacterium_longum	52.0043728595
ARGSYNBSUB-PWY: L-arginine biosynthesis II (acetyl cycle)|g__Bifidobacterium.s__Bifidobacterium_bifidum	51.1995928940
ARGSYNBSUB-PWY: L-arginine biosynthesis II (acetyl cycle)|g__Lachnospiraceae_unclassified.s__Eubacterium_rectale	47.8929839286
ARGSYNBSUB-PWY: L-arginine biosynthesis II (acetyl cycle)|g__Subdoligranulum.s__Subdoligranulum_sp_APC924_74	45.1874859101
ARGSYNBSUB-PWY: L-arginine biosynthesis II (acetyl cycle)|g__Blautia.s__Blautia_obeum	40.8677122121
ARGSYNBSUB-PWY: L-arginine biosynthesis II (acetyl cycle)|g__Dorea.s__Dorea_longicatena	31.4272232415
ARGSYNBSUB-PWY: L-arginine biosynthesis II (acetyl cycle)|g__Coprococcus.s__Coprococcus_comes	29.7140389689
ARGSYNBSUB-PWY: L-arginine biosynthesis II (acetyl cycle)|g__Blautia.s__Blautia_sp	26.1676307152
ARGSYNBSUB-PWY: L-arginine biosynthesis II (acetyl cycle)|g__Ruminococcus.s__Ruminococcus_bicirculans	22.9554470870
ARGSYNBSUB-PWY: L-arginine biosynthesis II (acetyl cycle)|g__Mesosutterella.s__Mesosutterella_multiformis	21.9671751511
ARGSYNBSUB-PWY: L-arginine biosynthesis II (acetyl cycle)|g__Blautia.s__Blautia_wexlerae	18.7368246977
ARGSYNBSUB-PWY: L-arginine biosynthesis II (acetyl cycle)|g__Anaerostipes.s__Anaerostipes_hadrus	16.7824448333
ARGSYNBSUB-PWY: L-arginine biosynthesis II (acetyl cycle)|g__Blautia.s__Blautia_sp_CAG_52	12.1876586719
ARGSYNBSUB-PWY: L-arginine biosynthesis II (acetyl cycle)|g__Firmicutes_unclassified.s__Firmicutes_bacterium_AF16_15	12.0455240165
ARGSYNBSUB-PWY: L-arginine biosynthesis II (acetyl cycle)|g__Sutterella.s__Sutterella_wadsworthensis	10.3414928788
ARGSYNBSUB-PWY: L-arginine biosynthesis II (acetyl cycle)|g__Clostridiales_unclassified.s__Clostridiales_bacterium_KLE1615	9.7684010172
ARGSYNBSUB-PWY: L-arginine biosynthesis II (acetyl cycle)|g__Phascolarctobacterium.s__Phascolarctobacterium_succinatutens	8.0512034655
ARGSYNBSUB-PWY: L-arginine biosynthesis II (acetyl cycle)|g__Blautia.s__Blautia_sp_AF19_10LB	4.2576178732
PWY-5686: UMP biosynthesis I	2154.0059932815
PWY-5686: UMP biosynthesis I|g__Faecalibacterium.s__Faecalibacterium_prausnitzii	230.2086390908
PWY-5686: UMP biosynthesis I|g__Bifidobacterium.s__Bifidobacterium_adolescentis	160.0531925971
PWY-5686: UMP biosynthesis I|g__Roseburia.s__Roseburia_faecis	138.8879925905
PWY-5686: UMP biosynthesis I|unclassified	114.7366836341
PWY-5686: UMP biosynthesis I|g__Fusicatenibacter.s__Fusicatenibacter_saccharivorans	109.1700467960
PWY-5686: UMP biosynthesis I|g__Collinsella.s__Collinsella_aerofaciens	90.6989494505
PWY-5686: UMP biosynthesis I|g__Blautia.s__Ruminococcus_torques	77.9772839683
PWY-5686: UMP biosynthesis I|g__Lachnospiraceae_unclassified.s__Eubacterium_rectale	60.4137310322
PWY-5686: UMP biosynthesis I|g__Bifidobacterium.s__Bifidobacterium_bifidum	59.2958892219
PWY-5686: UMP biosynthesis I|g__Gemmiger.s__Gemmiger_formicilis	52.0601776593
PWY-5686: UMP biosynthesis I|g__Prevotella.s__Prevotella_sp_CAG_279	45.8417240404
PWY-5686: UMP biosynthesis I|g__Clostridium.s__Clostridium_sp_CAG_217	42.3875044402
PWY-5686: UMP biosynthesis I|g__Bifidobacterium.s__Bifidobacterium_longum	37.7561961003
PWY-5686: UMP biosynthesis I|g__Coprococcus.s__Coprococcus_comes	34.2217364091
PWY-5686: UMP biosynthesis I|g__Blautia.s__Blautia_obeum	32.8081473674
PWY-5686: UMP biosynthesis I|g__Blautia.s__Blautia_sp	21.3254296927
PWY-5686: UMP biosynthesis I|g__Ruminococcus.s__Ruminococcus_bicirculans	19.2531865723
PWY-5686: UMP biosynthesis I|g__Blautia.s__Blautia_wexlerae	19.2253203882
PWY-5686: UMP biosynthesis I|g__Anaerostipes.s__Anaerostipes_hadrus	18.1248232087
PWY-5686: UMP biosynthesis I|g__Agathobaculum.s__Agathobaculum_butyriciproducens	9.9263845368
PWY-5686: UMP biosynthesis I|g__Roseburia.s__Roseburia_inulinivorans	9.5580403325
PWY-5686: UMP biosynthesis I|g__Bifidobacterium.s__Bifidobacterium_pseudocatenulatum	3.0795786507
PWY-7790: UMP biosynthesis II	2154.0059932815
PWY-7790: UMP biosynthesis II|g__Faecalibacterium.s__Faecalibacterium_prausnitzii	230.2086390908
PWY-7790: UMP biosynthesis II|g__Bifidobacterium.s__Bifidobacterium_adolescentis	159.4578792963
PWY-7790: UMP biosynthesis II|g__Roseburia.s__Roseburia_faecis	138.8879925905
PWY-7790: UMP biosynthesis II|unclassified	114.7366836341
PWY-7790: UMP biosynthesis II|g__Fusicatenibacter.s__Fusicatenibacter_saccharivorans	109.1700467960
PWY-7790: UMP biosynthesis II|g__Collinsella.s__Collinsella_aerofaciens	90.6989494505
PWY-7790: UMP biosynthesis II|g__Blautia.s__Ruminococcus_torques	77.9772839683
PWY-7790: UMP biosynthesis II|g__Lachnospiraceae_unclassified.s__Eubacterium_rectale	60.4137310322
PWY-7790: UMP biosynthesis II|g__Gemmiger.s__Gemmiger_formicilis	52.0601776593
PWY-7790: UMP biosynthesis II|g__Bifidobacterium.s__Bifidobacterium_bifidum	49.4214026822
PWY-7790: UMP biosynthesis II|g__Prevotella.s__Prevotella_sp_CAG_279	45.8417240404
PWY-7790: UMP biosynthesis II|g__Clostridium.s__Clostridium_sp_CAG_217	42.3875044402
PWY-7790: UMP biosynthesis II|g__Coprococcus.s__Coprococcus_comes	34.2217364091
PWY-7790: UMP biosynthesis II|g__Blautia.s__Blautia_obeum	32.8081473674
PWY-7790: UMP biosynthesis II|g__Blautia.s__Blautia_sp	21.3254296927
PWY-7790: UMP biosynthesis II|g__Ruminococcus.s__Ruminococcus_bicirculans	19.2531865723
PWY-7790: UMP biosynthesis II|g__Blautia.s__Blautia_wexlerae	19.2253203882
PWY-7790: UMP biosynthesis II|g__Anaerostipes.s__Anaerostipes_hadrus	18.1248232087
PWY-7790: UMP biosynthesis II|g__Agathobaculum.s__Agathobaculum_butyriciproducens	9.9263845368
PWY-7790: UMP biosynthesis II|g__Roseburia.s__Roseburia_inulinivorans	9.5580403325
PWY-7791: UMP biosynthesis III	2154.0059932815
PWY-7791: UMP biosynthesis III|g__Faecalibacterium.s__Faecalibacterium_prausnitzii	230.2086390908
PWY-7791: UMP biosynthesis III|g__Bifidobacterium.s__Bifidobacterium_adolescentis	159.4578792963
PWY-7791: UMP biosynthesis III|g__Roseburia.s__Roseburia_faecis	138.8879925905
PWY-7791: UMP biosynthesis III|unclassified	114.7366836341
PWY-7791: UMP biosynthesis III|g__Fusicatenibacter.s__Fusicatenibacter_saccharivorans	109.1700467960
PWY-7791: UMP biosynthesis III|g__Collinsella.s__Collinsella_aerofaciens	90.6989494505
PWY-7791: UMP biosynthesis III|g__Blautia.s__Ruminococcus_torques	77.9772839683
PWY-7791: UMP biosynthesis III|g__Lachnospiraceae_unclassified.s__Eubacterium_rectale	60.4137310322
PWY-7791: UMP biosynthesis III|g__Gemmiger.s__Gemmiger_formicilis	52.0601776593
PWY-7791: UMP biosynthesis III|g__Bifidobacterium.s__Bifidobacterium_bifidum	49.4214026822
PWY-7791: UMP biosynthesis III|g__Prevotella.s__Prevotella_sp_CAG_279	45.8417240404
PWY-7791: UMP biosynthesis III|g__Clostridium.s__Clostridium_sp_CAG_217	42.3875044402
PWY-7791: UMP biosynthesis III|g__Coprococcus.s__Coprococcus_comes	34.2217364091
PWY-7791: UMP biosynthesis III|g__Blautia.s__Blautia_obeum	32.8081473674
PWY-7791: UMP biosynthesis III|g__Blautia.s__Blautia_sp	21.3254296927
PWY-7791: UMP biosynthesis III|g__Ruminococcus.s__Ruminococcus_bicirculans	19.2531865723
PWY-7791: UMP biosynthesis III|g__Blautia.s__Blautia_wexlerae	19.2253203882
PWY-7791: UMP biosynthesis III|g__Anaerostipes.s__Anaerostipes_hadrus	18.1248232087
PWY-7791: UMP biosynthesis III|g__Agathobaculum.s__Agathobaculum_butyriciproducens	9.9263845368
PWY-7791: UMP biosynthesis III|g__Roseburia.s__Roseburia_inulinivorans	9.5580403325
PWY-6386: UDP-N-acetylmuramoyl-pentapeptide biosynthesis II (lysine-containing)	2137.1162745034
PWY-6386: UDP-N-acetylmuramoyl-pentapeptide biosynthesis II (lysine-containing)|g__Faecalibacterium.s__Faecalibacterium_prausnitzii	248.9505308300
PWY-6386: UDP-N-acetylmuramoyl-pentapeptide biosynthesis II (lysine-containing)|unclassified	174.8787000029
PWY-6386: UDP-N-acetylmuramoyl-pentapeptide biosynthesis II (lysine-containing)|g__Fusicatenibacter.s__Fusicatenibacter_saccharivorans	150.7222309690
PWY-6386: UDP-N-acetylmuramoyl-pentapeptide biosynthesis II (lysine-containing)|g__Bifidobacterium.s__Bifidobacterium_adolescentis	138.3721420081
PWY-6386: UDP-N-acetylmuramoyl-pentapeptide biosynthesis II (lysine-containing)|g__Roseburia.s__Roseburia_faecis	116.9889243838
PWY-6386: UDP-N-acetylmuramoyl-pentapeptide biosynthesis II (lysine-containing)|g__Collinsella.s__Collinsella_aerofaciens	90.2242990652
PWY-6386: UDP-N-acetylmuramoyl-pentapeptide biosynthesis II (lysine-containing)|g__Bifidobacterium.s__Bifidobacterium_longum	64.2226773715
PWY-6386: UDP-N-acetylmuramoyl-pentapeptide biosynthesis II (lysine-containing)|g__Blautia.s__Ruminococcus_torques	64.0394782167
PWY-6386: UDP-N-acetylmuramoyl-pentapeptide biosynthesis II (lysine-containing)|g__Lachnospiraceae_unclassified.s__Eubacterium_rectale	58.5794803553
PWY-6386: UDP-N-acetylmuramoyl-pentapeptide biosynthesis II (lysine-containing)|g__Blautia.s__Blautia_obeum	57.6089681204
PWY-6386: UDP-N-acetylmuramoyl-pentapeptide biosynthesis II (lysine-containing)|g__Bifidobacterium.s__Bifidobacterium_bifidum	53.7373320489
PWY-6386: UDP-N-acetylmuramoyl-pentapeptide biosynthesis II (lysine-containing)|g__Gemmiger.s__Gemmiger_formicilis	40.9556886464
PWY-6386: UDP-N-acetylmuramoyl-pentapeptide biosynthesis II (lysine-containing)|g__Subdoligranulum.s__Subdoligranulum_sp_APC924_74	37.4201924518
PWY-6386: UDP-N-acetylmuramoyl-pentapeptide biosynthesis II (lysine-containing)|g__Coprococcus.s__Coprococcus_comes	30.4478536286
PWY-6386: UDP-N-acetylmuramoyl-pentapeptide biosynthesis II (lysine-containing)|g__Dorea.s__Dorea_longicatena	30.4182511610
PWY-6386: UDP-N-acetylmuramoyl-pentapeptide biosynthesis II (lysine-containing)|g__Blautia.s__Blautia_sp	29.4714613050
PWY-6386: UDP-N-acetylmuramoyl-pentapeptide biosynthesis II (lysine-containing)|g__Ruminococcus.s__Ruminococcus_bicirculans	23.7066072163
PWY-6386: UDP-N-acetylmuramoyl-pentapeptide biosynthesis II (lysine-containing)|g__Anaerostipes.s__Anaerostipes_hadrus	18.9025768619
PWY-6386: UDP-N-acetylmuramoyl-pentapeptide biosynthesis II (lysine-containing)|g__Blautia.s__Blautia_wexlerae	16.6454683570
PWY-6386: UDP-N-acetylmuramoyl-pentapeptide biosynthesis II (lysine-containing)|g__Bacteroides.s__Bacteroides_uniformis	11.8875488718
PWY-6386: UDP-N-acetylmuramoyl-pentapeptide biosynthesis II (lysine-containing)|g__Acidaminococcus.s__Acidaminococcus_intestini	10.5398305356
PWY-6386: UDP-N-acetylmuramoyl-pentapeptide biosynthesis II (lysine-containing)|g__Sutterella.s__Sutterella_wadsworthensis	9.2999858238
PWY-6386: UDP-N-acetylmuramoyl-pentapeptide biosynthesis II (lysine-containing)|g__Roseburia.s__Roseburia_inulinivorans	8.1234143572
PWY-6386: UDP-N-acetylmuramoyl-pentapeptide biosynthesis II (lysine-containing)|g__Ruminococcus.s__Ruminococcus_sp_CAG_254	7.0413441896
ARGSYN-PWY: L-arginine biosynthesis I (via L-ornithine)	2126.3866574200
ARGSYN-PWY: L-arginine biosynthesis I (via L-ornithine)|g__Faecalibacterium.s__Faecalibacterium_prausnitzii	287.1900588717
ARGSYN-PWY: L-arginine biosynthesis I (via L-ornithine)|unclassified	200.1042616451
ARGSYN-PWY: L-arginine biosynthesis I (via L-ornithine)|g__Bifidobacterium.s__Bifidobacterium_adolescentis	129.9014493420
ARGSYN-PWY: L-arginine biosynthesis I (via L-ornithine)|g__Roseburia.s__Roseburia_faecis	113.3845693909
ARGSYN-PWY: L-arginine biosynthesis I (via L-ornithine)|g__Fusicatenibacter.s__Fusicatenibacter_saccharivorans	98.6070196626
ARGSYN-PWY: L-arginine biosynthesis I (via L-ornithine)|g__Collinsella.s__Collinsella_aerofaciens	77.1747733341
ARGSYN-PWY: L-arginine biosynthesis I (via L-ornithine)|g__Blautia.s__Ruminococcus_torques	75.9430080120
ARGSYN-PWY: L-arginine biosynthesis I (via L-ornithine)|g__Gemmiger.s__Gemmiger_formicilis	71.3203350180
ARGSYN-PWY: L-arginine biosynthesis I (via L-ornithine)|g__Roseburia.s__Roseburia_hominis	54.7340899548
ARGSYN-PWY: L-arginine biosynthesis I (via L-ornithine)|g__Clostridium.s__Clostridium_sp_CAG_217	54.7262078509
ARGSYN-PWY: L-arginine biosynthesis I (via L-ornithine)|g__Bifidobacterium.s__Bifidobacterium_longum	53.1499504503
ARGSYN-PWY: L-arginine biosynthesis I (via L-ornithine)|g__Subdoligranulum.s__Subdoligranulum_sp_APC924_74	47.6029253878
ARGSYN-PWY: L-arginine biosynthesis I (via L-ornithine)|g__Bifidobacterium.s__Bifidobacterium_bifidum	45.7518254349
ARGSYN-PWY: L-arginine biosynthesis I (via L-ornithine)|g__Lachnospiraceae_unclassified.s__Eubacterium_rectale	43.0465520535
ARGSYN-PWY: L-arginine biosynthesis I (via L-ornithine)|g__Dorea.s__Dorea_longicatena	29.3413038924
ARGSYN-PWY: L-arginine biosynthesis I (via L-ornithine)|g__Coprococcus.s__Coprococcus_comes	27.9449670280
ARGSYN-PWY: L-arginine biosynthesis I (via L-ornithine)|g__Ruminococcus.s__Ruminococcus_bicirculans	21.8534380079
ARGSYN-PWY: L-arginine biosynthesis I (via L-ornithine)|g__Blautia.s__Blautia_wexlerae	18.8489441179
ARGSYN-PWY: L-arginine biosynthesis I (via L-ornithine)|g__Anaerostipes.s__Anaerostipes_hadrus	15.9520200549
ARGSYN-PWY: L-arginine biosynthesis I (via L-ornithine)|g__Blautia.s__Blautia_obeum	11.3050042792
ARGSYN-PWY: L-arginine biosynthesis I (via L-ornithine)|g__Firmicutes_unclassified.s__Firmicutes_bacterium_AF16_15	10.4014200053
ARGSYN-PWY: L-arginine biosynthesis I (via L-ornithine)|g__Blautia.s__Blautia_sp_AF19_10LB	3.8344094525
PWY-1042: glycolysis IV	2097.4161115014
PWY-1042: glycolysis IV|g__Faecalibacterium.s__Faecalibacterium_prausnitzii	283.8510325786
PWY-1042: glycolysis IV|g__Roseburia.s__Roseburia_faecis	141.5558366965
PWY-1042: glycolysis IV|g__Fusicatenibacter.s__Fusicatenibacter_saccharivorans	118.0140569212
PWY-1042: glycolysis IV|unclassified	100.6306955929
PWY-1042: glycolysis IV|g__Collinsella.s__Collinsella_aerofaciens	96.6283703669
PWY-1042: glycolysis IV|g__Blautia.s__Ruminococcus_torques	83.9059684737
PWY-1042: glycolysis IV|g__Roseburia.s__Roseburia_hominis	77.1224020167
PWY-1042: glycolysis IV|g__Lachnospiraceae_unclassified.s__Eubacterium_rectale	63.9751783063
PWY-1042: glycolysis IV|g__Blautia.s__Blautia_sp	45.6265198057
PWY-1042: glycolysis IV|g__Dorea.s__Dorea_longicatena	30.9417679143
PWY-1042: glycolysis IV|g__Coprococcus.s__Coprococcus_comes	29.1490114445
PWY-1042: glycolysis IV|g__Ruminococcus.s__Ruminococcus_bicirculans	27.6465368912
PWY-1042: glycolysis IV|g__Anaerostipes.s__Anaerostipes_hadrus	25.1288958369
PWY-1042: glycolysis IV|g__Acidaminococcus.s__Acidaminococcus_intestini	21.3530730631
PWY-1042: glycolysis IV|g__Eubacterium.s__Eubacterium_hallii	18.9939006731
PWY-1042: glycolysis IV|g__Agathobaculum.s__Agathobaculum_butyriciproducens	13.6319230009
PWY-1042: glycolysis IV|g__Blautia.s__Blautia_wexlerae	8.1476585158
PWY-1042: glycolysis IV|g__Blautia.s__Blautia_obeum	7.4814233579
PWY-1042: glycolysis IV|g__Roseburia.s__Roseburia_inulinivorans	5.6178867924
PWY-6387: UDP-N-acetylmuramoyl-pentapeptide biosynthesis I (meso-diaminopimelate containing)	2082.1453626433
PWY-6387: UDP-N-acetylmuramoyl-pentapeptide biosynthesis I (meso-diaminopimelate containing)|g__Faecalibacterium.s__Faecalibacterium_prausnitzii	216.8483664691
PWY-6387: UDP-N-acetylmuramoyl-pentapeptide biosynthesis I (meso-diaminopimelate containing)|unclassified	164.4826703353
PWY-6387: UDP-N-acetylmuramoyl-pentapeptide biosynthesis I (meso-diaminopimelate containing)|g__Fusicatenibacter.s__Fusicatenibacter_saccharivorans	145.3517389422
PWY-6387: UDP-N-acetylmuramoyl-pentapeptide biosynthesis I (meso-diaminopimelate containing)|g__Bifidobacterium.s__Bifidobacterium_adolescentis	138.0206109804
PWY-6387: UDP-N-acetylmuramoyl-pentapeptide biosynthesis I (meso-diaminopimelate containing)|g__Roseburia.s__Roseburia_faecis	119.1499484551
PWY-6387: UDP-N-acetylmuramoyl-pentapeptide biosynthesis I (meso-diaminopimelate containing)|g__Collinsella.s__Collinsella_aerofaciens	82.5698512733
PWY-6387: UDP-N-acetylmuramoyl-pentapeptide biosynthesis I (meso-diaminopimelate containing)|g__Blautia.s__Ruminococcus_torques	65.7957087942
PWY-6387: UDP-N-acetylmuramoyl-pentapeptide biosynthesis I (meso-diaminopimelate containing)|g__Bifidobacterium.s__Bifidobacterium_longum	61.7966962020
PWY-6387: UDP-N-acetylmuramoyl-pentapeptide biosynthesis I (meso-diaminopimelate containing)|g__Blautia.s__Blautia_obeum	60.3209012133
PWY-6387: UDP-N-acetylmuramoyl-pentapeptide biosynthesis I (meso-diaminopimelate containing)|g__Lachnospiraceae_unclassified.s__Eubacterium_rectale	59.0387764831
PWY-6387: UDP-N-acetylmuramoyl-pentapeptide biosynthesis I (meso-diaminopimelate containing)|g__Bifidobacterium.s__Bifidobacterium_bifidum	53.8586631154
PWY-6387: UDP-N-acetylmuramoyl-pentapeptide biosynthesis I (meso-diaminopimelate containing)|g__Clostridium.s__Clostridium_sp_CAG_217	49.0436411525
PWY-6387: UDP-N-acetylmuramoyl-pentapeptide biosynthesis I (meso-diaminopimelate containing)|g__Gemmiger.s__Gemmiger_formicilis	41.0753155744
PWY-6387: UDP-N-acetylmuramoyl-pentapeptide biosynthesis I (meso-diaminopimelate containing)|g__Subdoligranulum.s__Subdoligranulum_sp_APC924_74	36.5278363763
PWY-6387: UDP-N-acetylmuramoyl-pentapeptide biosynthesis I (meso-diaminopimelate containing)|g__Dorea.s__Dorea_longicatena	30.9312741599
PWY-6387: UDP-N-acetylmuramoyl-pentapeptide biosynthesis I (meso-diaminopimelate containing)|g__Blautia.s__Blautia_sp	29.0126834492
PWY-6387: UDP-N-acetylmuramoyl-pentapeptide biosynthesis I (meso-diaminopimelate containing)|g__Coprococcus.s__Coprococcus_comes	28.8603260208
PWY-6387: UDP-N-acetylmuramoyl-pentapeptide biosynthesis I (meso-diaminopimelate containing)|g__Ruminococcus.s__Ruminococcus_bicirculans	23.1910744413
PWY-6387: UDP-N-acetylmuramoyl-pentapeptide biosynthesis I (meso-diaminopimelate containing)|g__Mesosutterella.s__Mesosutterella_multiformis	21.3134345373
PWY-6387: UDP-N-acetylmuramoyl-pentapeptide biosynthesis I (meso-diaminopimelate containing)|g__Anaerostipes.s__Anaerostipes_hadrus	18.2771634557
PWY-6387: UDP-N-acetylmuramoyl-pentapeptide biosynthesis I (meso-diaminopimelate containing)|g__Blautia.s__Blautia_wexlerae	15.7870912274
PWY-6387: UDP-N-acetylmuramoyl-pentapeptide biosynthesis I (meso-diaminopimelate containing)|g__Blautia.s__Blautia_sp_CAG_52	13.5113704213
PWY-6387: UDP-N-acetylmuramoyl-pentapeptide biosynthesis I (meso-diaminopimelate containing)|g__Bacteroides.s__Bacteroides_uniformis	13.1963162858
PWY-6387: UDP-N-acetylmuramoyl-pentapeptide biosynthesis I (meso-diaminopimelate containing)|g__Eubacterium.s__Eubacterium_hallii	13.1265848860
PWY-6387: UDP-N-acetylmuramoyl-pentapeptide biosynthesis I (meso-diaminopimelate containing)|g__Acidaminococcus.s__Acidaminococcus_intestini	12.6484044993
PWY-6387: UDP-N-acetylmuramoyl-pentapeptide biosynthesis I (meso-diaminopimelate containing)|g__Sutterella.s__Sutterella_wadsworthensis	12.1840455271
PWY-6387: UDP-N-acetylmuramoyl-pentapeptide biosynthesis I (meso-diaminopimelate containing)|g__Agathobaculum.s__Agathobaculum_butyriciproducens	9.2595134452
PWY-6387: UDP-N-acetylmuramoyl-pentapeptide biosynthesis I (meso-diaminopimelate containing)|g__Firmicutes_unclassified.s__Firmicutes_bacterium_AF16_15	8.6453254579
PWY-6387: UDP-N-acetylmuramoyl-pentapeptide biosynthesis I (meso-diaminopimelate containing)|g__Lachnospira.s__Lachnospira_pectinoschiza	8.1579535191
PWY-6387: UDP-N-acetylmuramoyl-pentapeptide biosynthesis I (meso-diaminopimelate containing)|g__Roseburia.s__Roseburia_inulinivorans	8.0789255947
PWY-6387: UDP-N-acetylmuramoyl-pentapeptide biosynthesis I (meso-diaminopimelate containing)|g__Ruminococcus.s__Ruminococcus_sp_CAG_254	6.7206557736
PWY-6387: UDP-N-acetylmuramoyl-pentapeptide biosynthesis I (meso-diaminopimelate containing)|g__Lactobacillus.s__Lactobacillus_ruminis	6.5827482254
PWY-6151: S-adenosyl-L-methionine salvage I	2037.3888870118
PWY-6151: S-adenosyl-L-methionine salvage I|g__Ruminococcus.s__Ruminococcus_bromii	293.3928662039
PWY-6151: S-adenosyl-L-methionine salvage I|unclassified	203.8541744180
PWY-6151: S-adenosyl-L-methionine salvage I|g__Faecalibacterium.s__Faecalibacterium_prausnitzii	193.4886024752
PWY-6151: S-adenosyl-L-methionine salvage I|g__Bifidobacterium.s__Bifidobacterium_adolescentis	156.4888147839
PWY-6151: S-adenosyl-L-methionine salvage I|g__Roseburia.s__Roseburia_faecis	117.4363124288
PWY-6151: S-adenosyl-L-methionine salvage I|g__Collinsella.s__Collinsella_aerofaciens	101.3776815439
PWY-6151: S-adenosyl-L-methionine salvage I|g__Bifidobacterium.s__Bifidobacterium_longum	74.7469717466
PWY-6151: S-adenosyl-L-methionine salvage I|g__Lachnospiraceae_unclassified.s__Eubacterium_rectale	63.6685433923
PWY-6151: S-adenosyl-L-methionine salvage I|g__Gemmiger.s__Gemmiger_formicilis	59.1916937558
PWY-6151: S-adenosyl-L-methionine salvage I|g__Bifidobacterium.s__Bifidobacterium_bifidum	53.7615544292
PWY-6151: S-adenosyl-L-methionine salvage I|g__Blautia.s__Ruminococcus_torques	49.5127204821
PWY-6151: S-adenosyl-L-methionine salvage I|g__Dorea.s__Dorea_longicatena	46.2931365137
PWY-6151: S-adenosyl-L-methionine salvage I|g__Roseburia.s__Roseburia_hominis	40.9599743606
PWY-6151: S-adenosyl-L-methionine salvage I|g__Coprococcus.s__Coprococcus_comes	35.2891919601
PWY-6151: S-adenosyl-L-methionine salvage I|g__Anaerostipes.s__Anaerostipes_hadrus	34.5492185925
PWY-6151: S-adenosyl-L-methionine salvage I|g__Fusicatenibacter.s__Fusicatenibacter_saccharivorans	33.4709149036
PWY-6151: S-adenosyl-L-methionine salvage I|g__Blautia.s__Blautia_obeum	31.3998962664
PWY-6151: S-adenosyl-L-methionine salvage I|g__Prevotella.s__Prevotella_sp_CAG_279	30.6420021763
PWY-6151: S-adenosyl-L-methionine salvage I|g__Bacteroides.s__Bacteroides_uniformis	23.3613928483
PWY-6151: S-adenosyl-L-methionine salvage I|g__Acidaminococcus.s__Acidaminococcus_intestini	20.1501584252
PWY-6151: S-adenosyl-L-methionine salvage I|g__Eubacterium.s__Eubacterium_hallii	16.1769355269
PWY-6151: S-adenosyl-L-methionine salvage I|g__Firmicutes_unclassified.s__Firmicutes_bacterium_AF16_15	13.1926121372
PWY-6151: S-adenosyl-L-methionine salvage I|g__Agathobaculum.s__Agathobaculum_butyriciproducens	11.0508978855
PWY-6151: S-adenosyl-L-methionine salvage I|g__Blautia.s__Blautia_sp_CAG_52	9.8546440010
PWY-6151: S-adenosyl-L-methionine salvage I|g__Blautia.s__Blautia_wexlerae	8.0394627377
GLUTORN-PWY: L-ornithine biosynthesis I	2009.2875503871
GLUTORN-PWY: L-ornithine biosynthesis I|g__Ruminococcus.s__Ruminococcus_bromii	331.5382741840
GLUTORN-PWY: L-ornithine biosynthesis I|g__Faecalibacterium.s__Faecalibacterium_prausnitzii	215.6272566369
GLUTORN-PWY: L-ornithine biosynthesis I|unclassified	178.0716623902
GLUTORN-PWY: L-ornithine biosynthesis I|g__Fusicatenibacter.s__Fusicatenibacter_saccharivorans	116.8285023813
GLUTORN-PWY: L-ornithine biosynthesis I|g__Bifidobacterium.s__Bifidobacterium_adolescentis	115.7343163097
GLUTORN-PWY: L-ornithine biosynthesis I|g__Roseburia.s__Roseburia_faecis	101.7464406783
GLUTORN-PWY: L-ornithine biosynthesis I|g__Roseburia.s__Roseburia_hominis	68.5756817880
GLUTORN-PWY: L-ornithine biosynthesis I|g__Blautia.s__Ruminococcus_torques	67.9103883719
GLUTORN-PWY: L-ornithine biosynthesis I|g__Collinsella.s__Collinsella_aerofaciens	60.8708565565
GLUTORN-PWY: L-ornithine biosynthesis I|g__Gemmiger.s__Gemmiger_formicilis	58.8807172455
GLUTORN-PWY: L-ornithine biosynthesis I|g__Bifidobacterium.s__Bifidobacterium_longum	51.0065328860
GLUTORN-PWY: L-ornithine biosynthesis I|g__Clostridium.s__Clostridium_sp_CAG_217	44.6340297458
GLUTORN-PWY: L-ornithine biosynthesis I|g__Bifidobacterium.s__Bifidobacterium_bifidum	39.0552768895
GLUTORN-PWY: L-ornithine biosynthesis I|g__Lachnospiraceae_unclassified.s__Eubacterium_rectale	37.8874856487
GLUTORN-PWY: L-ornithine biosynthesis I|g__Subdoligranulum.s__Subdoligranulum_sp_APC924_74	36.2041781047
GLUTORN-PWY: L-ornithine biosynthesis I|g__Blautia.s__Blautia_obeum	35.8286513363
GLUTORN-PWY: L-ornithine biosynthesis I|g__Coprococcus.s__Coprococcus_comes	26.6374777249
GLUTORN-PWY: L-ornithine biosynthesis I|g__Blautia.s__Blautia_sp	22.3433035753
GLUTORN-PWY: L-ornithine biosynthesis I|g__Dorea.s__Dorea_longicatena	21.8517787468
GLUTORN-PWY: L-ornithine biosynthesis I|g__Ruminococcus.s__Ruminococcus_bicirculans	20.8660250128
GLUTORN-PWY: L-ornithine biosynthesis I|g__Anaerostipes.s__Anaerostipes_hadrus	11.8604073761
GLUTORN-PWY: L-ornithine biosynthesis I|g__Clostridiales_unclassified.s__Clostridiales_bacterium_KLE1615	9.1987308141
GLUTORN-PWY: L-ornithine biosynthesis I|g__Blautia.s__Blautia_wexlerae	8.7338677557
GLUTORN-PWY: L-ornithine biosynthesis I|g__Firmicutes_unclassified.s__Firmicutes_bacterium_AF16_15	8.5029152852
GLUTORN-PWY: L-ornithine biosynthesis I|g__Coprococcus.s__Coprococcus_catus	8.3044161699
GLUTORN-PWY: L-ornithine biosynthesis I|g__Phascolarctobacterium.s__Phascolarctobacterium_succinatutens	8.0856330740
GLUTORN-PWY: L-ornithine biosynthesis I|g__Blautia.s__Blautia_sp_AF19_10LB	3.1496559001
NONMEVIPP-PWY: methylerythritol phosphate pathway I	2009.0017827978
NONMEVIPP-PWY: methylerythritol phosphate pathway I|g__Ruminococcus.s__Ruminococcus_bromii	246.6356735329
NONMEVIPP-PWY: methylerythritol phosphate pathway I|g__Bifidobacterium.s__Bifidobacterium_adolescentis	146.3343749621
NONMEVIPP-PWY: methylerythritol phosphate pathway I|g__Roseburia.s__Roseburia_faecis	144.3900849081
NONMEVIPP-PWY: methylerythritol phosphate pathway I|g__Fusicatenibacter.s__Fusicatenibacter_saccharivorans	138.1879857100
NONMEVIPP-PWY: methylerythritol phosphate pathway I|unclassified	114.9561163241
NONMEVIPP-PWY: methylerythritol phosphate pathway I|g__Bifidobacterium.s__Bifidobacterium_longum	67.9286835015
NONMEVIPP-PWY: methylerythritol phosphate pathway I|g__Blautia.s__Ruminococcus_torques	58.1718286000
NONMEVIPP-PWY: methylerythritol phosphate pathway I|g__Collinsella.s__Collinsella_aerofaciens	55.2510786366
NONMEVIPP-PWY: methylerythritol phosphate pathway I|g__Gemmiger.s__Gemmiger_formicilis	53.1732557298
NONMEVIPP-PWY: methylerythritol phosphate pathway I|g__Bifidobacterium.s__Bifidobacterium_bifidum	50.1537954120
NONMEVIPP-PWY: methylerythritol phosphate pathway I|g__Prevotella.s__Prevotella_sp_CAG_279	46.1423227414
NONMEVIPP-PWY: methylerythritol phosphate pathway I|g__Blautia.s__Blautia_obeum	43.0135830935
NONMEVIPP-PWY: methylerythritol phosphate pathway I|g__Clostridium.s__Clostridium_sp_CAG_217	41.3615324386
NONMEVIPP-PWY: methylerythritol phosphate pathway I|g__Subdoligranulum.s__Subdoligranulum_sp_APC924_74	40.0490750991
NONMEVIPP-PWY: methylerythritol phosphate pathway I|g__Coprococcus.s__Coprococcus_comes	27.0943158966
NONMEVIPP-PWY: methylerythritol phosphate pathway I|g__Dorea.s__Dorea_longicatena	25.1859664492
NONMEVIPP-PWY: methylerythritol phosphate pathway I|g__Ruminococcus.s__Ruminococcus_bicirculans	20.6198825454
NONMEVIPP-PWY: methylerythritol phosphate pathway I|g__Acidaminococcus.s__Acidaminococcus_intestini	15.2561181563
NONMEVIPP-PWY: methylerythritol phosphate pathway I|g__Eubacterium.s__Eubacterium_hallii	14.7158029019
NONMEVIPP-PWY: methylerythritol phosphate pathway I|g__Anaerostipes.s__Anaerostipes_hadrus	13.7136290497
NONMEVIPP-PWY: methylerythritol phosphate pathway I|g__Sutterella.s__Sutterella_wadsworthensis	10.7293396347
NONMEVIPP-PWY: methylerythritol phosphate pathway I|g__Blautia.s__Blautia_sp_CAG_52	10.7062872125
NONMEVIPP-PWY: methylerythritol phosphate pathway I|g__Blautia.s__Blautia_wexlerae	9.0189374679
PWY-7221: guanosine ribonucleotides de novo biosynthesis	2008.1463560512
PWY-7221: guanosine ribonucleotides de novo biosynthesis|g__Ruminococcus.s__Ruminococcus_bromii	220.0706090361
PWY-7221: guanosine ribonucleotides de novo biosynthesis|g__Faecalibacterium.s__Faecalibacterium_prausnitzii	197.5700986394
PWY-7221: guanosine ribonucleotides de novo biosynthesis|g__Bifidobacterium.s__Bifidobacterium_adolescentis	170.7244406932
PWY-7221: guanosine ribonucleotides de novo biosynthesis|g__Roseburia.s__Roseburia_faecis	121.7327194928
PWY-7221: guanosine ribonucleotides de novo biosynthesis|g__Collinsella.s__Collinsella_aerofaciens	110.2033016284
PWY-7221: guanosine ribonucleotides de novo biosynthesis|unclassified	103.6069467744
PWY-7221: guanosine ribonucleotides de novo biosynthesis|g__Fusicatenibacter.s__Fusicatenibacter_saccharivorans	102.7011193199
PWY-7221: guanosine ribonucleotides de novo biosynthesis|g__Blautia.s__Ruminococcus_torques	69.3184946157
PWY-7221: guanosine ribonucleotides de novo biosynthesis|g__Bifidobacterium.s__Bifidobacterium_longum	54.5639178885
PWY-7221: guanosine ribonucleotides de novo biosynthesis|g__Clostridium.s__Clostridium_sp_CAG_217	54.0167569695
PWY-7221: guanosine ribonucleotides de novo biosynthesis|g__Coprococcus.s__Coprococcus_comes	40.6176220679
PWY-7221: guanosine ribonucleotides de novo biosynthesis|g__Bifidobacterium.s__Bifidobacterium_bifidum	39.7494000699
PWY-7221: guanosine ribonucleotides de novo biosynthesis|g__Roseburia.s__Roseburia_hominis	38.7141917484
PWY-7221: guanosine ribonucleotides de novo biosynthesis|g__Prevotella.s__Prevotella_sp_CAG_279	35.5420953661
PWY-7221: guanosine ribonucleotides de novo biosynthesis|g__Dorea.s__Dorea_longicatena	33.5244744852
PWY-7221: guanosine ribonucleotides de novo biosynthesis|g__Blautia.s__Blautia_wexlerae	27.7752334114
PWY-7221: guanosine ribonucleotides de novo biosynthesis|g__Ruminococcus.s__Ruminococcus_bicirculans	26.1939572511
PWY-7221: guanosine ribonucleotides de novo biosynthesis|g__Eubacterium.s__Eubacterium_hallii	16.0493431073
PWY-7221: guanosine ribonucleotides de novo biosynthesis|g__Mesosutterella.s__Mesosutterella_multiformis	14.6991272393
PWY-7221: guanosine ribonucleotides de novo biosynthesis|g__Lachnospiraceae_unclassified.s__Eubacterium_rectale	14.6578588473
PWY-7221: guanosine ribonucleotides de novo biosynthesis|g__Bacteroides.s__Bacteroides_uniformis	14.5798661648
PWY-7221: guanosine ribonucleotides de novo biosynthesis|g__Blautia.s__Blautia_obeum	13.6881737093
PWY-7221: guanosine ribonucleotides de novo biosynthesis|g__Agathobaculum.s__Agathobaculum_butyriciproducens	11.0096334293
PWY-7221: guanosine ribonucleotides de novo biosynthesis|g__Sutterella.s__Sutterella_wadsworthensis	10.7671601615
PWY-7221: guanosine ribonucleotides de novo biosynthesis|g__Firmicutes_unclassified.s__Firmicutes_bacterium_AF16_15	7.6110741128
PWY-7221: guanosine ribonucleotides de novo biosynthesis|g__Blautia.s__Blautia_sp	7.4488132085
PWY-7221: guanosine ribonucleotides de novo biosynthesis|g__Blautia.s__Blautia_sp_AF19_10LB	6.3075848708
PWY-7221: guanosine ribonucleotides de novo biosynthesis|g__Dorea.s__Dorea_formicigenerans	2.6578332796
PEPTIDOGLYCANSYN-PWY: peptidoglycan biosynthesis I (meso-diaminopimelate containing)	1972.2915071214
PEPTIDOGLYCANSYN-PWY: peptidoglycan biosynthesis I (meso-diaminopimelate containing)|unclassified	176.0515821647
PEPTIDOGLYCANSYN-PWY: peptidoglycan biosynthesis I (meso-diaminopimelate containing)|g__Faecalibacterium.s__Faecalibacterium_prausnitzii	165.4104464437
PEPTIDOGLYCANSYN-PWY: peptidoglycan biosynthesis I (meso-diaminopimelate containing)|g__Fusicatenibacter.s__Fusicatenibacter_saccharivorans	141.6248848349
PEPTIDOGLYCANSYN-PWY: peptidoglycan biosynthesis I (meso-diaminopimelate containing)|g__Bifidobacterium.s__Bifidobacterium_adolescentis	132.7828763313
PEPTIDOGLYCANSYN-PWY: peptidoglycan biosynthesis I (meso-diaminopimelate containing)|g__Roseburia.s__Roseburia_faecis	119.5122067980
PEPTIDOGLYCANSYN-PWY: peptidoglycan biosynthesis I (meso-diaminopimelate containing)|g__Collinsella.s__Collinsella_aerofaciens	77.8590700782
PEPTIDOGLYCANSYN-PWY: peptidoglycan biosynthesis I (meso-diaminopimelate containing)|g__Blautia.s__Ruminococcus_torques	65.7059222253
PEPTIDOGLYCANSYN-PWY: peptidoglycan biosynthesis I (meso-diaminopimelate containing)|g__Bifidobacterium.s__Bifidobacterium_longum	60.2942358747
PEPTIDOGLYCANSYN-PWY: peptidoglycan biosynthesis I (meso-diaminopimelate containing)|g__Blautia.s__Blautia_obeum	57.7059511190
PEPTIDOGLYCANSYN-PWY: peptidoglycan biosynthesis I (meso-diaminopimelate containing)|g__Lachnospiraceae_unclassified.s__Eubacterium_rectale	55.5155414416
PEPTIDOGLYCANSYN-PWY: peptidoglycan biosynthesis I (meso-diaminopimelate containing)|g__Bifidobacterium.s__Bifidobacterium_bifidum	50.6926781356
PEPTIDOGLYCANSYN-PWY: peptidoglycan biosynthesis I (meso-diaminopimelate containing)|g__Clostridium.s__Clostridium_sp_CAG_217	47.4790071760
PEPTIDOGLYCANSYN-PWY: peptidoglycan biosynthesis I (meso-diaminopimelate containing)|g__Gemmiger.s__Gemmiger_formicilis	40.4416083926
PEPTIDOGLYCANSYN-PWY: peptidoglycan biosynthesis I (meso-diaminopimelate containing)|g__Subdoligranulum.s__Subdoligranulum_sp_APC924_74	35.6832924350
PEPTIDOGLYCANSYN-PWY: peptidoglycan biosynthesis I (meso-diaminopimelate containing)|g__Dorea.s__Dorea_longicatena	31.0409942827
PEPTIDOGLYCANSYN-PWY: peptidoglycan biosynthesis I (meso-diaminopimelate containing)|g__Coprococcus.s__Coprococcus_comes	28.1775559398
PEPTIDOGLYCANSYN-PWY: peptidoglycan biosynthesis I (meso-diaminopimelate containing)|g__Blautia.s__Blautia_sp	24.9610467672
PEPTIDOGLYCANSYN-PWY: peptidoglycan biosynthesis I (meso-diaminopimelate containing)|g__Mesosutterella.s__Mesosutterella_multiformis	21.7081289486
PEPTIDOGLYCANSYN-PWY: peptidoglycan biosynthesis I (meso-diaminopimelate containing)|g__Ruminococcus.s__Ruminococcus_bicirculans	21.4706709016
PEPTIDOGLYCANSYN-PWY: peptidoglycan biosynthesis I (meso-diaminopimelate containing)|g__Anaerostipes.s__Anaerostipes_hadrus	18.9937512996
PEPTIDOGLYCANSYN-PWY: peptidoglycan biosynthesis I (meso-diaminopimelate containing)|g__Blautia.s__Blautia_wexlerae	15.3085708155
PEPTIDOGLYCANSYN-PWY: peptidoglycan biosynthesis I (meso-diaminopimelate containing)|g__Acidaminococcus.s__Acidaminococcus_intestini	13.4328578784
PEPTIDOGLYCANSYN-PWY: peptidoglycan biosynthesis I (meso-diaminopimelate containing)|g__Bacteroides.s__Bacteroides_uniformis	13.0906037074
PEPTIDOGLYCANSYN-PWY: peptidoglycan biosynthesis I (meso-diaminopimelate containing)|g__Eubacterium.s__Eubacterium_hallii	12.8150117002
PEPTIDOGLYCANSYN-PWY: peptidoglycan biosynthesis I (meso-diaminopimelate containing)|g__Sutterella.s__Sutterella_wadsworthensis	12.6169897927
PEPTIDOGLYCANSYN-PWY: peptidoglycan biosynthesis I (meso-diaminopimelate containing)|g__Agathobaculum.s__Agathobaculum_butyriciproducens	10.1082138486
PEPTIDOGLYCANSYN-PWY: peptidoglycan biosynthesis I (meso-diaminopimelate containing)|g__Roseburia.s__Roseburia_inulinivorans	7.4415718823
ILEUSYN-PWY: L-isoleucine biosynthesis I (from threonine)	1953.3903922406
ILEUSYN-PWY: L-isoleucine biosynthesis I (from threonine)|g__Bifidobacterium.s__Bifidobacterium_adolescentis	189.1309400424
ILEUSYN-PWY: L-isoleucine biosynthesis I (from threonine)|unclassified	86.0208655397
ILEUSYN-PWY: L-isoleucine biosynthesis I (from threonine)|g__Bifidobacterium.s__Bifidobacterium_longum	79.2941554054
ILEUSYN-PWY: L-isoleucine biosynthesis I (from threonine)|g__Lachnospiraceae_unclassified.s__Eubacterium_rectale	66.0048989664
ILEUSYN-PWY: L-isoleucine biosynthesis I (from threonine)|g__Gemmiger.s__Gemmiger_formicilis	65.6299968246
ILEUSYN-PWY: L-isoleucine biosynthesis I (from threonine)|g__Bifidobacterium.s__Bifidobacterium_bifidum	55.7368622791
ILEUSYN-PWY: L-isoleucine biosynthesis I (from threonine)|g__Blautia.s__Blautia_sp	33.4958450883
ILEUSYN-PWY: L-isoleucine biosynthesis I (from threonine)|g__Blautia.s__Blautia_obeum	28.7773741553
ILEUSYN-PWY: L-isoleucine biosynthesis I (from threonine)|g__Blautia.s__Ruminococcus_torques	28.4633530916
ILEUSYN-PWY: L-isoleucine biosynthesis I (from threonine)|g__Coprococcus.s__Coprococcus_comes	27.0460188919
ILEUSYN-PWY: L-isoleucine biosynthesis I (from threonine)|g__Ruminococcus.s__Ruminococcus_bicirculans	22.3668582865
ILEUSYN-PWY: L-isoleucine biosynthesis I (from threonine)|g__Anaerostipes.s__Anaerostipes_hadrus	16.8731318908
ILEUSYN-PWY: L-isoleucine biosynthesis I (from threonine)|g__Agathobaculum.s__Agathobaculum_butyriciproducens	13.6327961212
ILEUSYN-PWY: L-isoleucine biosynthesis I (from threonine)|g__Blautia.s__Blautia_sp_AF19_10LB	13.1366646600
ILEUSYN-PWY: L-isoleucine biosynthesis I (from threonine)|g__Blautia.s__Blautia_wexlerae	11.4113478998
ILEUSYN-PWY: L-isoleucine biosynthesis I (from threonine)|g__Coprococcus.s__Coprococcus_eutactus	10.8621544148
ILEUSYN-PWY: L-isoleucine biosynthesis I (from threonine)|g__Roseburia.s__Roseburia_inulinivorans	8.8204128988
ILEUSYN-PWY: L-isoleucine biosynthesis I (from threonine)|g__Dorea.s__Dorea_formicigenerans	6.3249894584
ILEUSYN-PWY: L-isoleucine biosynthesis I (from threonine)|g__Bifidobacterium.s__Bifidobacterium_pseudocatenulatum	2.4564239123
PWY-6122: 5-aminoimidazole ribonucleotide biosynthesis II	1930.1472196567
PWY-6122: 5-aminoimidazole ribonucleotide biosynthesis II|g__Faecalibacterium.s__Faecalibacterium_prausnitzii	257.4184086644
PWY-6122: 5-aminoimidazole ribonucleotide biosynthesis II|g__Ruminococcus.s__Ruminococcus_bromii	237.4812348880
PWY-6122: 5-aminoimidazole ribonucleotide biosynthesis II|unclassified	172.9913279383
PWY-6122: 5-aminoimidazole ribonucleotide biosynthesis II|g__Collinsella.s__Collinsella_aerofaciens	130.2272637789
PWY-6122: 5-aminoimidazole ribonucleotide biosynthesis II|g__Fusicatenibacter.s__Fusicatenibacter_saccharivorans	103.1136085268
PWY-6122: 5-aminoimidazole ribonucleotide biosynthesis II|g__Roseburia.s__Roseburia_faecis	96.5654749409
PWY-6122: 5-aminoimidazole ribonucleotide biosynthesis II|g__Bifidobacterium.s__Bifidobacterium_adolescentis	77.0085354814
PWY-6122: 5-aminoimidazole ribonucleotide biosynthesis II|g__Bifidobacterium.s__Bifidobacterium_bifidum	58.8599552243
PWY-6122: 5-aminoimidazole ribonucleotide biosynthesis II|g__Blautia.s__Ruminococcus_torques	55.5920123376
PWY-6122: 5-aminoimidazole ribonucleotide biosynthesis II|g__Lachnospiraceae_unclassified.s__Eubacterium_rectale	55.2500355516
PWY-6122: 5-aminoimidazole ribonucleotide biosynthesis II|g__Clostridium.s__Clostridium_sp_CAG_217	53.5571542885
PWY-6122: 5-aminoimidazole ribonucleotide biosynthesis II|g__Bifidobacterium.s__Bifidobacterium_longum	53.5427694097
PWY-6122: 5-aminoimidazole ribonucleotide biosynthesis II|g__Blautia.s__Blautia_obeum	52.3800057786
PWY-6122: 5-aminoimidazole ribonucleotide biosynthesis II|g__Prevotella.s__Prevotella_sp_CAG_279	52.3143527260
PWY-6122: 5-aminoimidazole ribonucleotide biosynthesis II|g__Gemmiger.s__Gemmiger_formicilis	45.4923582439
PWY-6122: 5-aminoimidazole ribonucleotide biosynthesis II|g__Roseburia.s__Roseburia_hominis	37.9424826456
PWY-6122: 5-aminoimidazole ribonucleotide biosynthesis II|g__Subdoligranulum.s__Subdoligranulum_sp_APC924_74	37.0839155092
PWY-6122: 5-aminoimidazole ribonucleotide biosynthesis II|g__Coprococcus.s__Coprococcus_comes	34.0787692187
PWY-6122: 5-aminoimidazole ribonucleotide biosynthesis II|g__Ruminococcus.s__Ruminococcus_bicirculans	26.6511993710
PWY-6122: 5-aminoimidazole ribonucleotide biosynthesis II|g__Dorea.s__Dorea_longicatena	21.1416490486
PWY-6122: 5-aminoimidazole ribonucleotide biosynthesis II|g__Mesosutterella.s__Mesosutterella_multiformis	19.7150894259
PWY-6122: 5-aminoimidazole ribonucleotide biosynthesis II|g__Blautia.s__Blautia_sp	18.8119296013
PWY-6122: 5-aminoimidazole ribonucleotide biosynthesis II|g__Bacteroides.s__Bacteroides_uniformis	16.6487986378
PWY-6122: 5-aminoimidazole ribonucleotide biosynthesis II|g__Acidaminococcus.s__Acidaminococcus_intestini	15.7371506768
PWY-6122: 5-aminoimidazole ribonucleotide biosynthesis II|g__Anaerostipes.s__Anaerostipes_hadrus	15.5136286045
PWY-6122: 5-aminoimidazole ribonucleotide biosynthesis II|g__Eubacterium.s__Eubacterium_hallii	14.1767990666
PWY-6122: 5-aminoimidazole ribonucleotide biosynthesis II|g__Blautia.s__Blautia_wexlerae	13.2195215843
PWY-6122: 5-aminoimidazole ribonucleotide biosynthesis II|g__Blautia.s__Blautia_sp_CAG_52	12.6586731516
PWY-6122: 5-aminoimidazole ribonucleotide biosynthesis II|g__Lachnospira.s__Lachnospira_pectinoschiza	12.5896450170
PWY-6122: 5-aminoimidazole ribonucleotide biosynthesis II|g__Coprococcus.s__Coprococcus_eutactus	12.0110308296
PWY-6122: 5-aminoimidazole ribonucleotide biosynthesis II|g__Agathobaculum.s__Agathobaculum_butyriciproducens	11.7905103730
PWY-6122: 5-aminoimidazole ribonucleotide biosynthesis II|g__Sutterella.s__Sutterella_wadsworthensis	11.2179424081
PWY-6122: 5-aminoimidazole ribonucleotide biosynthesis II|g__Bifidobacterium.s__Bifidobacterium_pseudocatenulatum	10.9955006964
PWY-6122: 5-aminoimidazole ribonucleotide biosynthesis II|g__Clostridiales_unclassified.s__Clostridiales_bacterium_KLE1615	10.6821480406
PWY-6122: 5-aminoimidazole ribonucleotide biosynthesis II|g__Firmicutes_unclassified.s__Firmicutes_bacterium_AF16_15	9.8914307960
PWY-6122: 5-aminoimidazole ribonucleotide biosynthesis II|g__Lactobacillus.s__Lactobacillus_ruminis	7.1189345586
PWY-6122: 5-aminoimidazole ribonucleotide biosynthesis II|g__Roseburia.s__Roseburia_inulinivorans	5.8627177315
PWY-6122: 5-aminoimidazole ribonucleotide biosynthesis II|g__Blautia.s__Blautia_sp_AF19_10LB	3.9912193175
PWY-6122: 5-aminoimidazole ribonucleotide biosynthesis II|g__Dorea.s__Dorea_formicigenerans	3.8891589694
PWY-6277: superpathway of 5-aminoimidazole ribonucleotide biosynthesis	1930.1472196567
PWY-6277: superpathway of 5-aminoimidazole ribonucleotide biosynthesis|g__Faecalibacterium.s__Faecalibacterium_prausnitzii	257.4184086644
PWY-6277: superpathway of 5-aminoimidazole ribonucleotide biosynthesis|g__Ruminococcus.s__Ruminococcus_bromii	237.4812348880
PWY-6277: superpathway of 5-aminoimidazole ribonucleotide biosynthesis|unclassified	172.9913279383
PWY-6277: superpathway of 5-aminoimidazole ribonucleotide biosynthesis|g__Collinsella.s__Collinsella_aerofaciens	130.2272637789
PWY-6277: superpathway of 5-aminoimidazole ribonucleotide biosynthesis|g__Fusicatenibacter.s__Fusicatenibacter_saccharivorans	103.1136085268
PWY-6277: superpathway of 5-aminoimidazole ribonucleotide biosynthesis|g__Roseburia.s__Roseburia_faecis	96.5654749409
PWY-6277: superpathway of 5-aminoimidazole ribonucleotide biosynthesis|g__Bifidobacterium.s__Bifidobacterium_adolescentis	77.0085354814
PWY-6277: superpathway of 5-aminoimidazole ribonucleotide biosynthesis|g__Bifidobacterium.s__Bifidobacterium_bifidum	58.8599552243
PWY-6277: superpathway of 5-aminoimidazole ribonucleotide biosynthesis|g__Blautia.s__Ruminococcus_torques	55.5920123376
PWY-6277: superpathway of 5-aminoimidazole ribonucleotide biosynthesis|g__Lachnospiraceae_unclassified.s__Eubacterium_rectale	55.2500355516
PWY-6277: superpathway of 5-aminoimidazole ribonucleotide biosynthesis|g__Clostridium.s__Clostridium_sp_CAG_217	53.5571542885
PWY-6277: superpathway of 5-aminoimidazole ribonucleotide biosynthesis|g__Bifidobacterium.s__Bifidobacterium_longum	53.5427694097
PWY-6277: superpathway of 5-aminoimidazole ribonucleotide biosynthesis|g__Blautia.s__Blautia_obeum	52.3800057786
PWY-6277: superpathway of 5-aminoimidazole ribonucleotide biosynthesis|g__Prevotella.s__Prevotella_sp_CAG_279	52.3143527260
PWY-6277: superpathway of 5-aminoimidazole ribonucleotide biosynthesis|g__Gemmiger.s__Gemmiger_formicilis	45.4923582439
PWY-6277: superpathway of 5-aminoimidazole ribonucleotide biosynthesis|g__Roseburia.s__Roseburia_hominis	37.9424826456
PWY-6277: superpathway of 5-aminoimidazole ribonucleotide biosynthesis|g__Subdoligranulum.s__Subdoligranulum_sp_APC924_74	37.0839155092
PWY-6277: superpathway of 5-aminoimidazole ribonucleotide biosynthesis|g__Coprococcus.s__Coprococcus_comes	34.0787692187
PWY-6277: superpathway of 5-aminoimidazole ribonucleotide biosynthesis|g__Ruminococcus.s__Ruminococcus_bicirculans	26.6511993710
PWY-6277: superpathway of 5-aminoimidazole ribonucleotide biosynthesis|g__Dorea.s__Dorea_longicatena	21.1416490486
PWY-6277: superpathway of 5-aminoimidazole ribonucleotide biosynthesis|g__Mesosutterella.s__Mesosutterella_multiformis	19.7150894259
PWY-6277: superpathway of 5-aminoimidazole ribonucleotide biosynthesis|g__Blautia.s__Blautia_sp	18.8119296013
PWY-6277: superpathway of 5-aminoimidazole ribonucleotide biosynthesis|g__Bacteroides.s__Bacteroides_uniformis	16.6487986378
PWY-6277: superpathway of 5-aminoimidazole ribonucleotide biosynthesis|g__Acidaminococcus.s__Acidaminococcus_intestini	15.7371506768
PWY-6277: superpathway of 5-aminoimidazole ribonucleotide biosynthesis|g__Anaerostipes.s__Anaerostipes_hadrus	15.5136286045
PWY-6277: superpathway of 5-aminoimidazole ribonucleotide biosynthesis|g__Eubacterium.s__Eubacterium_hallii	14.1767990666
PWY-6277: superpathway of 5-aminoimidazole ribonucleotide biosynthesis|g__Blautia.s__Blautia_wexlerae	13.2195215843
PWY-6277: superpathway of 5-aminoimidazole ribonucleotide biosynthesis|g__Blautia.s__Blautia_sp_CAG_52	12.6586731516
PWY-6277: superpathway of 5-aminoimidazole ribonucleotide biosynthesis|g__Lachnospira.s__Lachnospira_pectinoschiza	12.5896450170
PWY-6277: superpathway of 5-aminoimidazole ribonucleotide biosynthesis|g__Coprococcus.s__Coprococcus_eutactus	12.0110308296
PWY-6277: superpathway of 5-aminoimidazole ribonucleotide biosynthesis|g__Agathobaculum.s__Agathobaculum_butyriciproducens	11.7905103730
PWY-6277: superpathway of 5-aminoimidazole ribonucleotide biosynthesis|g__Sutterella.s__Sutterella_wadsworthensis	11.2179424081
PWY-6277: superpathway of 5-aminoimidazole ribonucleotide biosynthesis|g__Bifidobacterium.s__Bifidobacterium_pseudocatenulatum	10.9955006964
PWY-6277: superpathway of 5-aminoimidazole ribonucleotide biosynthesis|g__Clostridiales_unclassified.s__Clostridiales_bacterium_KLE1615	10.6821480406
PWY-6277: superpathway of 5-aminoimidazole ribonucleotide biosynthesis|g__Firmicutes_unclassified.s__Firmicutes_bacterium_AF16_15	9.8914307960
PWY-6277: superpathway of 5-aminoimidazole ribonucleotide biosynthesis|g__Lactobacillus.s__Lactobacillus_ruminis	7.1189345586
PWY-6277: superpathway of 5-aminoimidazole ribonucleotide biosynthesis|g__Roseburia.s__Roseburia_inulinivorans	5.8627177315
PWY-6277: superpathway of 5-aminoimidazole ribonucleotide biosynthesis|g__Blautia.s__Blautia_sp_AF19_10LB	3.9912193175
PWY-6277: superpathway of 5-aminoimidazole ribonucleotide biosynthesis|g__Dorea.s__Dorea_formicigenerans	3.8891589694
BRANCHED-CHAIN-AA-SYN-PWY: superpathway of branched chain amino acid biosynthesis	1927.2412046065
BRANCHED-CHAIN-AA-SYN-PWY: superpathway of branched chain amino acid biosynthesis|g__Bifidobacterium.s__Bifidobacterium_adolescentis	200.2414907015
BRANCHED-CHAIN-AA-SYN-PWY: superpathway of branched chain amino acid biosynthesis|unclassified	99.3994637269
BRANCHED-CHAIN-AA-SYN-PWY: superpathway of branched chain amino acid biosynthesis|g__Bifidobacterium.s__Bifidobacterium_longum	78.7411832240
BRANCHED-CHAIN-AA-SYN-PWY: superpathway of branched chain amino acid biosynthesis|g__Gemmiger.s__Gemmiger_formicilis	63.7106544912
BRANCHED-CHAIN-AA-SYN-PWY: superpathway of branched chain amino acid biosynthesis|g__Lachnospiraceae_unclassified.s__Eubacterium_rectale	62.9955696600
BRANCHED-CHAIN-AA-SYN-PWY: superpathway of branched chain amino acid biosynthesis|g__Bifidobacterium.s__Bifidobacterium_bifidum	56.2404194613
BRANCHED-CHAIN-AA-SYN-PWY: superpathway of branched chain amino acid biosynthesis|g__Blautia.s__Ruminococcus_torques	33.5520138493
BRANCHED-CHAIN-AA-SYN-PWY: superpathway of branched chain amino acid biosynthesis|g__Blautia.s__Blautia_obeum	32.4668789540
BRANCHED-CHAIN-AA-SYN-PWY: superpathway of branched chain amino acid biosynthesis|g__Blautia.s__Blautia_sp	32.2699635778
BRANCHED-CHAIN-AA-SYN-PWY: superpathway of branched chain amino acid biosynthesis|g__Coprococcus.s__Coprococcus_comes	28.7570223998
BRANCHED-CHAIN-AA-SYN-PWY: superpathway of branched chain amino acid biosynthesis|g__Ruminococcus.s__Ruminococcus_bicirculans	22.1791478834
BRANCHED-CHAIN-AA-SYN-PWY: superpathway of branched chain amino acid biosynthesis|g__Anaerostipes.s__Anaerostipes_hadrus	17.5705883729
BRANCHED-CHAIN-AA-SYN-PWY: superpathway of branched chain amino acid biosynthesis|g__Agathobaculum.s__Agathobaculum_butyriciproducens	13.7228445510
BRANCHED-CHAIN-AA-SYN-PWY: superpathway of branched chain amino acid biosynthesis|g__Blautia.s__Blautia_wexlerae	11.2611210887
BRANCHED-CHAIN-AA-SYN-PWY: superpathway of branched chain amino acid biosynthesis|g__Roseburia.s__Roseburia_inulinivorans	8.6142172965
BRANCHED-CHAIN-AA-SYN-PWY: superpathway of branched chain amino acid biosynthesis|g__Blautia.s__Blautia_sp_AF19_10LB	7.8428252397
BRANCHED-CHAIN-AA-SYN-PWY: superpathway of branched chain amino acid biosynthesis|g__Bifidobacterium.s__Bifidobacterium_pseudocatenulatum	2.2608048937
TRNA-CHARGING-PWY: tRNA charging	1847.0889994717
TRNA-CHARGING-PWY: tRNA charging|g__Faecalibacterium.s__Faecalibacterium_prausnitzii	206.0255878676
TRNA-CHARGING-PWY: tRNA charging|unclassified	145.4866927802
TRNA-CHARGING-PWY: tRNA charging|g__Fusicatenibacter.s__Fusicatenibacter_saccharivorans	105.9202996442
TRNA-CHARGING-PWY: tRNA charging|g__Lachnospiraceae_unclassified.s__Eubacterium_rectale	59.2897180655
TRNA-CHARGING-PWY: tRNA charging|g__Blautia.s__Ruminococcus_torques	57.0772755146
TRNA-CHARGING-PWY: tRNA charging|g__Gemmiger.s__Gemmiger_formicilis	52.9879520771
TRNA-CHARGING-PWY: tRNA charging|g__Subdoligranulum.s__Subdoligranulum_sp_APC924_74	47.2030702096
TRNA-CHARGING-PWY: tRNA charging|g__Anaerostipes.s__Anaerostipes_hadrus	16.7228192150
TRNA-CHARGING-PWY: tRNA charging|g__Agathobaculum.s__Agathobaculum_butyriciproducens	11.3759950143
DTDPRHAMSYN-PWY: dTDP-&beta;-L-rhamnose biosynthesis	1835.5921568889
DTDPRHAMSYN-PWY: dTDP-&beta;-L-rhamnose biosynthesis|unclassified	280.3651884543
DTDPRHAMSYN-PWY: dTDP-&beta;-L-rhamnose biosynthesis|g__Faecalibacterium.s__Faecalibacterium_prausnitzii	248.1033581403
DTDPRHAMSYN-PWY: dTDP-&beta;-L-rhamnose biosynthesis|g__Roseburia.s__Roseburia_faecis	137.4968194275
DTDPRHAMSYN-PWY: dTDP-&beta;-L-rhamnose biosynthesis|g__Fusicatenibacter.s__Fusicatenibacter_saccharivorans	118.5348509817
DTDPRHAMSYN-PWY: dTDP-&beta;-L-rhamnose biosynthesis|g__Blautia.s__Blautia_obeum	85.6056294499
DTDPRHAMSYN-PWY: dTDP-&beta;-L-rhamnose biosynthesis|g__Blautia.s__Ruminococcus_torques	70.9082470446
DTDPRHAMSYN-PWY: dTDP-&beta;-L-rhamnose biosynthesis|g__Bifidobacterium.s__Bifidobacterium_bifidum	68.0530275980
DTDPRHAMSYN-PWY: dTDP-&beta;-L-rhamnose biosynthesis|g__Gemmiger.s__Gemmiger_formicilis	54.1479999169
DTDPRHAMSYN-PWY: dTDP-&beta;-L-rhamnose biosynthesis|g__Subdoligranulum.s__Subdoligranulum_sp_APC924_74	50.4629234134
DTDPRHAMSYN-PWY: dTDP-&beta;-L-rhamnose biosynthesis|g__Lachnospiraceae_unclassified.s__Eubacterium_rectale	46.9162433863
DTDPRHAMSYN-PWY: dTDP-&beta;-L-rhamnose biosynthesis|g__Collinsella.s__Collinsella_aerofaciens	46.2339551954
DTDPRHAMSYN-PWY: dTDP-&beta;-L-rhamnose biosynthesis|g__Coprococcus.s__Coprococcus_comes	45.6532108350
DTDPRHAMSYN-PWY: dTDP-&beta;-L-rhamnose biosynthesis|g__Bifidobacterium.s__Bifidobacterium_adolescentis	39.1790491549
DTDPRHAMSYN-PWY: dTDP-&beta;-L-rhamnose biosynthesis|g__Blautia.s__Blautia_wexlerae	38.8641154189
DTDPRHAMSYN-PWY: dTDP-&beta;-L-rhamnose biosynthesis|g__Dorea.s__Dorea_longicatena	34.0645035707
DTDPRHAMSYN-PWY: dTDP-&beta;-L-rhamnose biosynthesis|g__Prevotella.s__Prevotella_sp_CAG_279	31.2349446668
DTDPRHAMSYN-PWY: dTDP-&beta;-L-rhamnose biosynthesis|g__Roseburia.s__Roseburia_inulinivorans	25.8695841789
DTDPRHAMSYN-PWY: dTDP-&beta;-L-rhamnose biosynthesis|g__Bifidobacterium.s__Bifidobacterium_longum	25.4144247666
DTDPRHAMSYN-PWY: dTDP-&beta;-L-rhamnose biosynthesis|g__Bifidobacterium.s__Bifidobacterium_pseudocatenulatum	19.0562489743
DTDPRHAMSYN-PWY: dTDP-&beta;-L-rhamnose biosynthesis|g__Mesosutterella.s__Mesosutterella_multiformis	18.2677348379
DTDPRHAMSYN-PWY: dTDP-&beta;-L-rhamnose biosynthesis|g__Anaerostipes.s__Anaerostipes_hadrus	17.4781523096
DTDPRHAMSYN-PWY: dTDP-&beta;-L-rhamnose biosynthesis|g__Bacteroides.s__Bacteroides_uniformis	15.2922068672
DTDPRHAMSYN-PWY: dTDP-&beta;-L-rhamnose biosynthesis|g__Eubacterium.s__Eubacterium_hallii	13.7961563294
DTDPRHAMSYN-PWY: dTDP-&beta;-L-rhamnose biosynthesis|g__Firmicutes_unclassified.s__Firmicutes_bacterium_AF16_15	12.6032066568
DTDPRHAMSYN-PWY: dTDP-&beta;-L-rhamnose biosynthesis|g__Clostridiales_unclassified.s__Clostridiales_bacterium_KLE1615	11.2764283036
DTDPRHAMSYN-PWY: dTDP-&beta;-L-rhamnose biosynthesis|g__Lachnospira.s__Lachnospira_pectinoschiza	10.6715380326
DTDPRHAMSYN-PWY: dTDP-&beta;-L-rhamnose biosynthesis|g__Blautia.s__Blautia_sp_CAG_52	9.2102233479
DTDPRHAMSYN-PWY: dTDP-&beta;-L-rhamnose biosynthesis|g__Oscillibacter.s__Oscillibacter_sp_CAG_241	9.0217084860
DTDPRHAMSYN-PWY: dTDP-&beta;-L-rhamnose biosynthesis|g__Coprococcus.s__Coprococcus_eutactus	8.6114101184
DTDPRHAMSYN-PWY: dTDP-&beta;-L-rhamnose biosynthesis|g__Clostridium.s__Clostridium_sp_CAG_75	7.2254335260
DTDPRHAMSYN-PWY: dTDP-&beta;-L-rhamnose biosynthesis|g__Dorea.s__Dorea_formicigenerans	7.1196546967
DTDPRHAMSYN-PWY: dTDP-&beta;-L-rhamnose biosynthesis|g__Firmicutes_unclassified.s__Firmicutes_bacterium_CAG_56	6.8075711650
DTDPRHAMSYN-PWY: dTDP-&beta;-L-rhamnose biosynthesis|g__Bacteroides.s__Bacteroides_vulgatus	6.0956371392
DTDPRHAMSYN-PWY: dTDP-&beta;-L-rhamnose biosynthesis|g__Bacteroides.s__Bacteroides_dorei	3.2356093272
DTDPRHAMSYN-PWY: dTDP-&beta;-L-rhamnose biosynthesis|g__Blautia.s__Blautia_sp_AF19_10LB	3.0277225849
PWY-6609: adenine and adenosine salvage III	1820.5834251591
PWY-6609: adenine and adenosine salvage III|g__Fusicatenibacter.s__Fusicatenibacter_saccharivorans	211.7900922823
PWY-6609: adenine and adenosine salvage III|unclassified	177.2812460567
PWY-6609: adenine and adenosine salvage III|g__Faecalibacterium.s__Faecalibacterium_prausnitzii	97.4998040220
PWY-6609: adenine and adenosine salvage III|g__Roseburia.s__Roseburia_faecis	96.6179971532
PWY-6609: adenine and adenosine salvage III|g__Blautia.s__Ruminococcus_torques	81.1373966240
PWY-6609: adenine and adenosine salvage III|g__Roseburia.s__Roseburia_hominis	75.9743463246
PWY-6609: adenine and adenosine salvage III|g__Lachnospiraceae_unclassified.s__Eubacterium_rectale	68.2170542636
PWY-6609: adenine and adenosine salvage III|g__Clostridium.s__Clostridium_sp_CAG_217	51.8082422204
PWY-6609: adenine and adenosine salvage III|g__Prevotella.s__Prevotella_sp_CAG_279	42.4271448589
PWY-6609: adenine and adenosine salvage III|g__Blautia.s__Blautia_obeum	35.4171689414
PWY-6609: adenine and adenosine salvage III|g__Dorea.s__Dorea_longicatena	34.9012661550
PWY-6609: adenine and adenosine salvage III|g__Gemmiger.s__Gemmiger_formicilis	31.3577924114
PWY-6609: adenine and adenosine salvage III|g__Coprococcus.s__Coprococcus_comes	30.8097699402
PWY-6609: adenine and adenosine salvage III|g__Subdoligranulum.s__Subdoligranulum_sp_APC924_74	30.0803281490
PWY-6609: adenine and adenosine salvage III|g__Anaerostipes.s__Anaerostipes_hadrus	17.3097728092
PWY-6609: adenine and adenosine salvage III|g__Roseburia.s__Roseburia_inulinivorans	14.9812734082
PWY-6609: adenine and adenosine salvage III|g__Blautia.s__Blautia_sp	14.5124716553
PWY-6609: adenine and adenosine salvage III|g__Clostridiales_unclassified.s__Clostridiales_bacterium_KLE1615	11.5440115440
PWY-6609: adenine and adenosine salvage III|g__Ruminococcus.s__Ruminococcus_bicirculans	11.0041265475
PWY-6609: adenine and adenosine salvage III|g__Acidaminococcus.s__Acidaminococcus_intestini	9.8400984010
PWY-6609: adenine and adenosine salvage III|g__Firmicutes_unclassified.s__Firmicutes_bacterium_CAG_56	9.7804630017
PWY-6609: adenine and adenosine salvage III|g__Oscillibacter.s__Oscillibacter_sp_CAG_241	7.1111111111
PWY-6609: adenine and adenosine salvage III|g__Bacteroides.s__Bacteroides_uniformis	6.9881201957
PWY-6609: adenine and adenosine salvage III|g__Firmicutes_unclassified.s__Firmicutes_bacterium_AF16_15	6.8288518993
PWY-6609: adenine and adenosine salvage III|g__Agathobaculum.s__Agathobaculum_butyriciproducens	6.6809830589
PWY-6609: adenine and adenosine salvage III|g__Coprococcus.s__Coprococcus_catus	6.6006600660
PWY-6609: adenine and adenosine salvage III|g__Blautia.s__Blautia_wexlerae	6.4672594988
PWY-6609: adenine and adenosine salvage III|g__Ruminococcus.s__Ruminococcus_sp_CAG_254	6.3431652395
PWY-6609: adenine and adenosine salvage III|g__Bacteroides.s__Bacteroides_vulgatus	1.8403496664
PWY-6121: 5-aminoimidazole ribonucleotide biosynthesis I	1785.4186708448
PWY-6121: 5-aminoimidazole ribonucleotide biosynthesis I|g__Faecalibacterium.s__Faecalibacterium_prausnitzii	229.7890610759
PWY-6121: 5-aminoimidazole ribonucleotide biosynthesis I|g__Ruminococcus.s__Ruminococcus_bromii	222.7665752772
PWY-6121: 5-aminoimidazole ribonucleotide biosynthesis I|unclassified	183.9031740442
PWY-6121: 5-aminoimidazole ribonucleotide biosynthesis I|g__Collinsella.s__Collinsella_aerofaciens	134.3737370645
PWY-6121: 5-aminoimidazole ribonucleotide biosynthesis I|g__Roseburia.s__Roseburia_faecis	97.7376358061
PWY-6121: 5-aminoimidazole ribonucleotide biosynthesis I|g__Fusicatenibacter.s__Fusicatenibacter_saccharivorans	95.1072813663
PWY-6121: 5-aminoimidazole ribonucleotide biosynthesis I|g__Bifidobacterium.s__Bifidobacterium_adolescentis	64.9159684559
PWY-6121: 5-aminoimidazole ribonucleotide biosynthesis I|g__Blautia.s__Ruminococcus_torques	61.7643991348
PWY-6121: 5-aminoimidazole ribonucleotide biosynthesis I|g__Clostridium.s__Clostridium_sp_CAG_217	53.3239101324
PWY-6121: 5-aminoimidazole ribonucleotide biosynthesis I|g__Lachnospiraceae_unclassified.s__Eubacterium_rectale	52.5693649446
PWY-6121: 5-aminoimidazole ribonucleotide biosynthesis I|g__Gemmiger.s__Gemmiger_formicilis	47.3095730438
PWY-6121: 5-aminoimidazole ribonucleotide biosynthesis I|g__Bifidobacterium.s__Bifidobacterium_bifidum	43.6927248428
PWY-6121: 5-aminoimidazole ribonucleotide biosynthesis I|g__Roseburia.s__Roseburia_hominis	38.0622062646
PWY-6121: 5-aminoimidazole ribonucleotide biosynthesis I|g__Blautia.s__Blautia_obeum	37.5556545432
PWY-6121: 5-aminoimidazole ribonucleotide biosynthesis I|g__Subdoligranulum.s__Subdoligranulum_sp_APC924_74	36.3028741063
PWY-6121: 5-aminoimidazole ribonucleotide biosynthesis I|g__Coprococcus.s__Coprococcus_comes	30.5129889876
PWY-6121: 5-aminoimidazole ribonucleotide biosynthesis I|g__Dorea.s__Dorea_longicatena	20.6440957886
PWY-6121: 5-aminoimidazole ribonucleotide biosynthesis I|g__Ruminococcus.s__Ruminococcus_bicirculans	20.5307566846
PWY-6121: 5-aminoimidazole ribonucleotide biosynthesis I|g__Mesosutterella.s__Mesosutterella_multiformis	17.3208303348
PWY-6121: 5-aminoimidazole ribonucleotide biosynthesis I|g__Bifidobacterium.s__Bifidobacterium_longum	16.5988443619
PWY-6121: 5-aminoimidazole ribonucleotide biosynthesis I|g__Anaerostipes.s__Anaerostipes_hadrus	16.3806706185
PWY-6121: 5-aminoimidazole ribonucleotide biosynthesis I|g__Blautia.s__Blautia_sp	15.0639374485
PWY-6121: 5-aminoimidazole ribonucleotide biosynthesis I|g__Acidaminococcus.s__Acidaminococcus_intestini	15.0447301760
PWY-6121: 5-aminoimidazole ribonucleotide biosynthesis I|g__Eubacterium.s__Eubacterium_hallii	14.6294589750
PWY-6121: 5-aminoimidazole ribonucleotide biosynthesis I|g__Blautia.s__Blautia_wexlerae	14.3963571328
PWY-6121: 5-aminoimidazole ribonucleotide biosynthesis I|g__Agathobaculum.s__Agathobaculum_butyriciproducens	13.4823262564
PWY-6121: 5-aminoimidazole ribonucleotide biosynthesis I|g__Sutterella.s__Sutterella_wadsworthensis	12.5526700894
PWY-6121: 5-aminoimidazole ribonucleotide biosynthesis I|g__Blautia.s__Blautia_sp_CAG_52	12.1717022947
PWY-6121: 5-aminoimidazole ribonucleotide biosynthesis I|g__Lachnospira.s__Lachnospira_pectinoschiza	11.7851756736
PWY-6121: 5-aminoimidazole ribonucleotide biosynthesis I|g__Clostridiales_unclassified.s__Clostridiales_bacterium_KLE1615	10.6144374810
PWY-6121: 5-aminoimidazole ribonucleotide biosynthesis I|g__Coprococcus.s__Coprococcus_eutactus	10.3087001535
PWY-6121: 5-aminoimidazole ribonucleotide biosynthesis I|g__Bacteroides.s__Bacteroides_uniformis	8.2224547765
PWY-6121: 5-aminoimidazole ribonucleotide biosynthesis I|g__Roseburia.s__Roseburia_inulinivorans	6.7326245532
PWY-6121: 5-aminoimidazole ribonucleotide biosynthesis I|g__Bifidobacterium.s__Bifidobacterium_pseudocatenulatum	6.4359576496
COA-PWY-1: superpathway of coenzyme A biosynthesis III (mammals)	1781.3543753384
COA-PWY-1: superpathway of coenzyme A biosynthesis III (mammals)|g__Faecalibacterium.s__Faecalibacterium_prausnitzii	215.8385380546
COA-PWY-1: superpathway of coenzyme A biosynthesis III (mammals)|g__Bifidobacterium.s__Bifidobacterium_adolescentis	129.7172998107
COA-PWY-1: superpathway of coenzyme A biosynthesis III (mammals)|g__Roseburia.s__Roseburia_faecis	120.0797551582
COA-PWY-1: superpathway of coenzyme A biosynthesis III (mammals)|unclassified	102.6154542337
COA-PWY-1: superpathway of coenzyme A biosynthesis III (mammals)|g__Fusicatenibacter.s__Fusicatenibacter_saccharivorans	102.1522768896
COA-PWY-1: superpathway of coenzyme A biosynthesis III (mammals)|g__Collinsella.s__Collinsella_aerofaciens	72.7559180117
COA-PWY-1: superpathway of coenzyme A biosynthesis III (mammals)|g__Gemmiger.s__Gemmiger_formicilis	58.1507797673
COA-PWY-1: superpathway of coenzyme A biosynthesis III (mammals)|g__Subdoligranulum.s__Subdoligranulum_sp_APC924_74	46.4536591228
COA-PWY-1: superpathway of coenzyme A biosynthesis III (mammals)|g__Blautia.s__Blautia_obeum	35.8416895806
COA-PWY-1: superpathway of coenzyme A biosynthesis III (mammals)|g__Prevotella.s__Prevotella_sp_CAG_279	34.9639522714
COA-PWY-1: superpathway of coenzyme A biosynthesis III (mammals)|g__Ruminococcus.s__Ruminococcus_bicirculans	24.5590533601
COA-PWY-1: superpathway of coenzyme A biosynthesis III (mammals)|g__Coprococcus.s__Coprococcus_comes	20.7307592641
COA-PWY-1: superpathway of coenzyme A biosynthesis III (mammals)|g__Anaerostipes.s__Anaerostipes_hadrus	19.0155384114
COA-PWY-1: superpathway of coenzyme A biosynthesis III (mammals)|g__Acidaminococcus.s__Acidaminococcus_intestini	18.0636972394
COA-PWY-1: superpathway of coenzyme A biosynthesis III (mammals)|g__Dorea.s__Dorea_longicatena	15.8302991927
COA-PWY-1: superpathway of coenzyme A biosynthesis III (mammals)|g__Bacteroides.s__Bacteroides_uniformis	12.4666073019
COA-PWY-1: superpathway of coenzyme A biosynthesis III (mammals)|g__Mesosutterella.s__Mesosutterella_multiformis	12.2806188892
COA-PWY-1: superpathway of coenzyme A biosynthesis III (mammals)|g__Agathobaculum.s__Agathobaculum_butyriciproducens	10.9867472361
COA-PWY-1: superpathway of coenzyme A biosynthesis III (mammals)|g__Blautia.s__Blautia_wexlerae	10.7796596115
COA-PWY-1: superpathway of coenzyme A biosynthesis III (mammals)|g__Sutterella.s__Sutterella_wadsworthensis	8.8297621851
PWY-6629: superpathway of L-tryptophan biosynthesis	1775.5693813546
PWY-6629: superpathway of L-tryptophan biosynthesis|g__Fusicatenibacter.s__Fusicatenibacter_saccharivorans	138.2433790322
PWY-6629: superpathway of L-tryptophan biosynthesis|g__Blautia.s__Blautia_obeum	60.7483867613
PWY-6629: superpathway of L-tryptophan biosynthesis|g__Blautia.s__Ruminococcus_torques	48.4915823678
PWY-6629: superpathway of L-tryptophan biosynthesis|unclassified	46.7782472148
PWY-6629: superpathway of L-tryptophan biosynthesis|g__Bifidobacterium.s__Bifidobacterium_longum	35.4081718017
PWY-6629: superpathway of L-tryptophan biosynthesis|g__Blautia.s__Blautia_sp	21.8902510267
PWY-6629: superpathway of L-tryptophan biosynthesis|g__Anaerostipes.s__Anaerostipes_hadrus	18.0322949254
PWY-6629: superpathway of L-tryptophan biosynthesis|g__Acidaminococcus.s__Acidaminococcus_intestini	15.5752242975
PWY-5103: L-isoleucine biosynthesis III	1744.6317650056
PWY-5103: L-isoleucine biosynthesis III|g__Bifidobacterium.s__Bifidobacterium_adolescentis	180.8242785244
PWY-5103: L-isoleucine biosynthesis III|g__Bifidobacterium.s__Bifidobacterium_longum	74.9118888200
PWY-5103: L-isoleucine biosynthesis III|unclassified	72.1678844083
PWY-5103: L-isoleucine biosynthesis III|g__Gemmiger.s__Gemmiger_formicilis	60.8267584427
PWY-5103: L-isoleucine biosynthesis III|g__Lachnospiraceae_unclassified.s__Eubacterium_rectale	54.2878955853
PWY-5103: L-isoleucine biosynthesis III|g__Bifidobacterium.s__Bifidobacterium_bifidum	50.1461016823
PWY-5103: L-isoleucine biosynthesis III|g__Blautia.s__Blautia_sp	29.2487959385
PWY-5103: L-isoleucine biosynthesis III|g__Coprococcus.s__Coprococcus_comes	24.2370100085
PWY-5103: L-isoleucine biosynthesis III|g__Blautia.s__Blautia_obeum	21.8679471585
PWY-5103: L-isoleucine biosynthesis III|g__Ruminococcus.s__Ruminococcus_bicirculans	21.0774240302
PWY-5103: L-isoleucine biosynthesis III|g__Blautia.s__Ruminococcus_torques	20.0588977460
PWY-5103: L-isoleucine biosynthesis III|g__Anaerostipes.s__Anaerostipes_hadrus	15.8287224636
PWY-5103: L-isoleucine biosynthesis III|g__Blautia.s__Blautia_sp_AF19_10LB	12.4432393635
PWY-5103: L-isoleucine biosynthesis III|g__Agathobaculum.s__Agathobaculum_butyriciproducens	12.0700990228
PWY-5103: L-isoleucine biosynthesis III|g__Coprococcus.s__Coprococcus_eutactus	9.4669882759
PWY-5103: L-isoleucine biosynthesis III|g__Blautia.s__Blautia_wexlerae	8.7791955068
PWY-5103: L-isoleucine biosynthesis III|g__Roseburia.s__Roseburia_inulinivorans	7.8555396497
PWY-5103: L-isoleucine biosynthesis III|g__Dorea.s__Dorea_formicigenerans	5.4088429665
PWY-5103: L-isoleucine biosynthesis III|g__Bifidobacterium.s__Bifidobacterium_pseudocatenulatum	1.9183670136
HISTSYN-PWY: L-histidine biosynthesis	1742.5020211425
HISTSYN-PWY: L-histidine biosynthesis|g__Ruminococcus.s__Ruminococcus_bromii	219.7189658304
HISTSYN-PWY: L-histidine biosynthesis|g__Faecalibacterium.s__Faecalibacterium_prausnitzii	208.0708536631
HISTSYN-PWY: L-histidine biosynthesis|g__Bifidobacterium.s__Bifidobacterium_adolescentis	137.7216481019
HISTSYN-PWY: L-histidine biosynthesis|unclassified	128.5757910297
HISTSYN-PWY: L-histidine biosynthesis|g__Collinsella.s__Collinsella_aerofaciens	101.7059223059
HISTSYN-PWY: L-histidine biosynthesis|g__Subdoligranulum.s__Subdoligranulum_sp_APC924_74	62.2243414712
HISTSYN-PWY: L-histidine biosynthesis|g__Roseburia.s__Roseburia_hominis	56.5407238353
HISTSYN-PWY: L-histidine biosynthesis|g__Bifidobacterium.s__Bifidobacterium_longum	55.1376778150
HISTSYN-PWY: L-histidine biosynthesis|g__Bifidobacterium.s__Bifidobacterium_bifidum	47.0275687595
HISTSYN-PWY: L-histidine biosynthesis|g__Clostridium.s__Clostridium_sp_CAG_217	45.5590506448
HISTSYN-PWY: L-histidine biosynthesis|g__Blautia.s__Ruminococcus_torques	39.3902605314
HISTSYN-PWY: L-histidine biosynthesis|g__Blautia.s__Blautia_obeum	33.3045230545
HISTSYN-PWY: L-histidine biosynthesis|g__Mesosutterella.s__Mesosutterella_multiformis	23.4554466362
HISTSYN-PWY: L-histidine biosynthesis|g__Blautia.s__Blautia_sp	17.4872205821
HISTSYN-PWY: L-histidine biosynthesis|g__Sutterella.s__Sutterella_wadsworthensis	13.4720601556
HISTSYN-PWY: L-histidine biosynthesis|g__Roseburia.s__Roseburia_inulinivorans	6.4156574951
PWY-6385: peptidoglycan biosynthesis III (mycobacteria)	1740.9813103408
PWY-6385: peptidoglycan biosynthesis III (mycobacteria)|unclassified	153.1544321034
PWY-6385: peptidoglycan biosynthesis III (mycobacteria)|g__Bifidobacterium.s__Bifidobacterium_adolescentis	144.8613461660
PWY-6385: peptidoglycan biosynthesis III (mycobacteria)|g__Fusicatenibacter.s__Fusicatenibacter_saccharivorans	141.6248848349
PWY-6385: peptidoglycan biosynthesis III (mycobacteria)|g__Roseburia.s__Roseburia_faecis	115.5710697407
PWY-6385: peptidoglycan biosynthesis III (mycobacteria)|g__Collinsella.s__Collinsella_aerofaciens	71.1623574540
PWY-6385: peptidoglycan biosynthesis III (mycobacteria)|g__Blautia.s__Ruminococcus_torques	65.7059222253
PWY-6385: peptidoglycan biosynthesis III (mycobacteria)|g__Lachnospiraceae_unclassified.s__Eubacterium_rectale	59.9996635000
PWY-6385: peptidoglycan biosynthesis III (mycobacteria)|g__Blautia.s__Blautia_obeum	57.7059511190
PWY-6385: peptidoglycan biosynthesis III (mycobacteria)|g__Bifidobacterium.s__Bifidobacterium_bifidum	48.7144473149
PWY-6385: peptidoglycan biosynthesis III (mycobacteria)|g__Coprococcus.s__Coprococcus_comes	28.1775559398
PWY-6385: peptidoglycan biosynthesis III (mycobacteria)|g__Dorea.s__Dorea_longicatena	25.9543540524
PWY-6385: peptidoglycan biosynthesis III (mycobacteria)|g__Blautia.s__Blautia_sp	23.9786009175
PWY-6385: peptidoglycan biosynthesis III (mycobacteria)|g__Mesosutterella.s__Mesosutterella_multiformis	23.2291500285
PWY-6385: peptidoglycan biosynthesis III (mycobacteria)|g__Ruminococcus.s__Ruminococcus_bicirculans	22.7213866303
PWY-6385: peptidoglycan biosynthesis III (mycobacteria)|g__Anaerostipes.s__Anaerostipes_hadrus	17.7123769557
PWY-6385: peptidoglycan biosynthesis III (mycobacteria)|g__Bacteroides.s__Bacteroides_uniformis	14.0271718526
PWY-6385: peptidoglycan biosynthesis III (mycobacteria)|g__Acidaminococcus.s__Acidaminococcus_intestini	13.6609287694
PWY-6385: peptidoglycan biosynthesis III (mycobacteria)|g__Sutterella.s__Sutterella_wadsworthensis	13.2913822838
PWY-6385: peptidoglycan biosynthesis III (mycobacteria)|g__Blautia.s__Blautia_wexlerae	13.0110051972
PWY-6385: peptidoglycan biosynthesis III (mycobacteria)|g__Agathobaculum.s__Agathobaculum_butyriciproducens	8.8256019397
PWY-6385: peptidoglycan biosynthesis III (mycobacteria)|g__Roseburia.s__Roseburia_inulinivorans	7.4415718823
PWY-6385: peptidoglycan biosynthesis III (mycobacteria)|g__Lactobacillus.s__Lactobacillus_ruminis	7.1598561771
ANAGLYCOLYSIS-PWY: glycolysis III (from glucose)	1718.5716353715
ANAGLYCOLYSIS-PWY: glycolysis III (from glucose)|g__Roseburia.s__Roseburia_faecis	128.4945492619
ANAGLYCOLYSIS-PWY: glycolysis III (from glucose)|g__Fusicatenibacter.s__Fusicatenibacter_saccharivorans	110.4280659653
ANAGLYCOLYSIS-PWY: glycolysis III (from glucose)|g__Collinsella.s__Collinsella_aerofaciens	95.9665454757
ANAGLYCOLYSIS-PWY: glycolysis III (from glucose)|g__Roseburia.s__Roseburia_hominis	59.7260438934
ANAGLYCOLYSIS-PWY: glycolysis III (from glucose)|unclassified	58.0180388016
ANAGLYCOLYSIS-PWY: glycolysis III (from glucose)|g__Blautia.s__Ruminococcus_torques	49.3065006984
ANAGLYCOLYSIS-PWY: glycolysis III (from glucose)|g__Faecalibacterium.s__Faecalibacterium_prausnitzii	48.2297811183
ANAGLYCOLYSIS-PWY: glycolysis III (from glucose)|g__Lachnospiraceae_unclassified.s__Eubacterium_rectale	45.5447900677
ANAGLYCOLYSIS-PWY: glycolysis III (from glucose)|g__Dorea.s__Dorea_longicatena	27.0182259483
ANAGLYCOLYSIS-PWY: glycolysis III (from glucose)|g__Ruminococcus.s__Ruminococcus_bicirculans	24.9866311294
ANAGLYCOLYSIS-PWY: glycolysis III (from glucose)|g__Coprococcus.s__Coprococcus_comes	24.9659003938
ANAGLYCOLYSIS-PWY: glycolysis III (from glucose)|g__Anaerostipes.s__Anaerostipes_hadrus	22.4253297220
ANAGLYCOLYSIS-PWY: glycolysis III (from glucose)|g__Blautia.s__Blautia_obeum	14.9434287140
ANAGLYCOLYSIS-PWY: glycolysis III (from glucose)|g__Blautia.s__Blautia_wexlerae	5.1502386405
PWY-6700: queuosine biosynthesis I (de novo)	1678.3681231103
PWY-6700: queuosine biosynthesis I (de novo)|g__Ruminococcus.s__Ruminococcus_bromii	225.8018916825
PWY-6700: queuosine biosynthesis I (de novo)|g__Faecalibacterium.s__Faecalibacterium_prausnitzii	189.9834448678
PWY-6700: queuosine biosynthesis I (de novo)|g__Roseburia.s__Roseburia_faecis	103.7513508071
PWY-6700: queuosine biosynthesis I (de novo)|g__Collinsella.s__Collinsella_aerofaciens	80.2346101526
PWY-6700: queuosine biosynthesis I (de novo)|g__Fusicatenibacter.s__Fusicatenibacter_saccharivorans	68.9491616658
PWY-6700: queuosine biosynthesis I (de novo)|g__Roseburia.s__Roseburia_hominis	62.7453368244
PWY-6700: queuosine biosynthesis I (de novo)|g__Prevotella.s__Prevotella_sp_CAG_279	47.6093472598
PWY-6700: queuosine biosynthesis I (de novo)|g__Blautia.s__Ruminococcus_torques	46.2054501652
PWY-6700: queuosine biosynthesis I (de novo)|g__Clostridium.s__Clostridium_sp_CAG_217	44.3555787379
PWY-6700: queuosine biosynthesis I (de novo)|unclassified	42.4550057664
PWY-6700: queuosine biosynthesis I (de novo)|g__Gemmiger.s__Gemmiger_formicilis	38.3491976221
PWY-6700: queuosine biosynthesis I (de novo)|g__Dorea.s__Dorea_longicatena	36.9982164600
PWY-6700: queuosine biosynthesis I (de novo)|g__Subdoligranulum.s__Subdoligranulum_sp_APC924_74	33.1365848607
PWY-6700: queuosine biosynthesis I (de novo)|g__Blautia.s__Blautia_obeum	32.8621720835
PWY-6700: queuosine biosynthesis I (de novo)|g__Blautia.s__Blautia_sp	31.5153400040
PWY-6700: queuosine biosynthesis I (de novo)|g__Lachnospiraceae_unclassified.s__Eubacterium_rectale	25.8525617461
PWY-6700: queuosine biosynthesis I (de novo)|g__Acidaminococcus.s__Acidaminococcus_intestini	24.5125348189
PWY-6700: queuosine biosynthesis I (de novo)|g__Mesosutterella.s__Mesosutterella_multiformis	22.5697504265
PWY-6700: queuosine biosynthesis I (de novo)|g__Coprococcus.s__Coprococcus_comes	22.2650059592
PWY-6700: queuosine biosynthesis I (de novo)|g__Eubacterium.s__Eubacterium_hallii	15.4757298890
PWY-6700: queuosine biosynthesis I (de novo)|g__Ruminococcus.s__Ruminococcus_bicirculans	14.9861049165
PWY-6700: queuosine biosynthesis I (de novo)|g__Anaerostipes.s__Anaerostipes_hadrus	13.6158372298
PWY-6700: queuosine biosynthesis I (de novo)|g__Bacteroides.s__Bacteroides_uniformis	12.8873887696
PWY-6700: queuosine biosynthesis I (de novo)|g__Agathobaculum.s__Agathobaculum_butyriciproducens	12.6012006389
PWY-6700: queuosine biosynthesis I (de novo)|g__Sutterella.s__Sutterella_wadsworthensis	11.1296406945
PWY-6700: queuosine biosynthesis I (de novo)|g__Lactobacillus.s__Lactobacillus_ruminis	9.7529258778
PWY-6700: queuosine biosynthesis I (de novo)|g__Blautia.s__Blautia_sp_CAG_52	9.5205712343
PWY-6700: queuosine biosynthesis I (de novo)|g__Clostridiales_unclassified.s__Clostridiales_bacterium_KLE1615	9.0426133152
PWY-6700: queuosine biosynthesis I (de novo)|g__Firmicutes_unclassified.s__Firmicutes_bacterium_AF16_15	7.5557234605
PWY-6700: queuosine biosynthesis I (de novo)|g__Phascolarctobacterium.s__Phascolarctobacterium_succinatutens	7.5353218210
PWY-6700: queuosine biosynthesis I (de novo)|g__Coprococcus.s__Coprococcus_eutactus	7.3340667400
PWY-6700: queuosine biosynthesis I (de novo)|g__Blautia.s__Blautia_wexlerae	5.7265569077
PWY-7111: pyruvate fermentation to isobutanol (engineered)	1675.0152887784
PWY-7111: pyruvate fermentation to isobutanol (engineered)|g__Faecalibacterium.s__Faecalibacterium_prausnitzii	178.8006616853
PWY-7111: pyruvate fermentation to isobutanol (engineered)|g__Bifidobacterium.s__Bifidobacterium_adolescentis	162.5000933916
PWY-7111: pyruvate fermentation to isobutanol (engineered)|g__Roseburia.s__Roseburia_faecis	115.0609790050
PWY-7111: pyruvate fermentation to isobutanol (engineered)|g__Bifidobacterium.s__Bifidobacterium_longum	87.0147082846
PWY-7111: pyruvate fermentation to isobutanol (engineered)|g__Roseburia.s__Roseburia_hominis	55.3198333122
PWY-7111: pyruvate fermentation to isobutanol (engineered)|unclassified	41.1750637510
PWY-7111: pyruvate fermentation to isobutanol (engineered)|g__Bifidobacterium.s__Bifidobacterium_bifidum	38.5825234163
PWY-7111: pyruvate fermentation to isobutanol (engineered)|g__Acidaminococcus.s__Acidaminococcus_intestini	36.1733923034
PWY-7111: pyruvate fermentation to isobutanol (engineered)|g__Coprococcus.s__Coprococcus_comes	31.9871999290
PWY-7111: pyruvate fermentation to isobutanol (engineered)|g__Blautia.s__Ruminococcus_torques	19.8488094082
PWY-7111: pyruvate fermentation to isobutanol (engineered)|g__Anaerostipes.s__Anaerostipes_hadrus	18.1366743796
PWY-7111: pyruvate fermentation to isobutanol (engineered)|g__Blautia.s__Blautia_wexlerae	17.4415892784
PWY-7111: pyruvate fermentation to isobutanol (engineered)|g__Agathobaculum.s__Agathobaculum_butyriciproducens	12.4364748373
PWY-7111: pyruvate fermentation to isobutanol (engineered)|g__Roseburia.s__Roseburia_inulinivorans	9.8735669935
PWY-7111: pyruvate fermentation to isobutanol (engineered)|g__Coprococcus.s__Coprococcus_eutactus	9.7703752475
PWY-7111: pyruvate fermentation to isobutanol (engineered)|g__Blautia.s__Blautia_obeum	8.9439449076
PWY-7111: pyruvate fermentation to isobutanol (engineered)|g__Dorea.s__Dorea_formicigenerans	5.8383106406
PWY-7111: pyruvate fermentation to isobutanol (engineered)|g__Lachnospiraceae_unclassified.s__Eubacterium_rectale	2.3093604877
PWY-7111: pyruvate fermentation to isobutanol (engineered)|g__Streptococcus.s__Streptococcus_salivarius	1.5898756717
CALVIN-PWY: Calvin-Benson-Bassham cycle	1670.6145427466
CALVIN-PWY: Calvin-Benson-Bassham cycle|g__Roseburia.s__Roseburia_faecis	115.0338815216
CALVIN-PWY: Calvin-Benson-Bassham cycle|g__Collinsella.s__Collinsella_aerofaciens	111.5693636298
CALVIN-PWY: Calvin-Benson-Bassham cycle|g__Fusicatenibacter.s__Fusicatenibacter_saccharivorans	110.5623792941
CALVIN-PWY: Calvin-Benson-Bassham cycle|g__Blautia.s__Ruminococcus_torques	79.9013590414
CALVIN-PWY: Calvin-Benson-Bassham cycle|unclassified	51.2620856753
CALVIN-PWY: Calvin-Benson-Bassham cycle|g__Lachnospiraceae_unclassified.s__Eubacterium_rectale	50.6715720638
CALVIN-PWY: Calvin-Benson-Bassham cycle|g__Eubacterium.s__Eubacterium_hallii	30.4687126841
CALVIN-PWY: Calvin-Benson-Bassham cycle|g__Blautia.s__Blautia_sp	26.9345641530
CALVIN-PWY: Calvin-Benson-Bassham cycle|g__Blautia.s__Blautia_wexlerae	20.0832891151
CALVIN-PWY: Calvin-Benson-Bassham cycle|g__Anaerostipes.s__Anaerostipes_hadrus	18.1659809768
CALVIN-PWY: Calvin-Benson-Bassham cycle|g__Mesosutterella.s__Mesosutterella_multiformis	16.8158986678
CALVIN-PWY: Calvin-Benson-Bassham cycle|g__Blautia.s__Blautia_obeum	11.2578303675
CALVIN-PWY: Calvin-Benson-Bassham cycle|g__Roseburia.s__Roseburia_inulinivorans	7.2229080143
PWY-7953: UDP-N-acetylmuramoyl-pentapeptide biosynthesis III (meso-diaminopimelate containing)	1629.7409451127
PWY-7953: UDP-N-acetylmuramoyl-pentapeptide biosynthesis III (meso-diaminopimelate containing)|g__Fusicatenibacter.s__Fusicatenibacter_saccharivorans	145.8100911816
PWY-7953: UDP-N-acetylmuramoyl-pentapeptide biosynthesis III (meso-diaminopimelate containing)|unclassified	127.6295352398
PWY-7953: UDP-N-acetylmuramoyl-pentapeptide biosynthesis III (meso-diaminopimelate containing)|g__Roseburia.s__Roseburia_faecis	121.8691568673
PWY-7953: UDP-N-acetylmuramoyl-pentapeptide biosynthesis III (meso-diaminopimelate containing)|g__Blautia.s__Ruminococcus_torques	61.5427013990
PWY-7953: UDP-N-acetylmuramoyl-pentapeptide biosynthesis III (meso-diaminopimelate containing)|g__Lachnospiraceae_unclassified.s__Eubacterium_rectale	56.0324062700
PWY-7953: UDP-N-acetylmuramoyl-pentapeptide biosynthesis III (meso-diaminopimelate containing)|g__Blautia.s__Blautia_obeum	55.5368755214
PWY-7953: UDP-N-acetylmuramoyl-pentapeptide biosynthesis III (meso-diaminopimelate containing)|g__Bifidobacterium.s__Bifidobacterium_bifidum	50.6693858227
PWY-7953: UDP-N-acetylmuramoyl-pentapeptide biosynthesis III (meso-diaminopimelate containing)|g__Dorea.s__Dorea_longicatena	30.3506049826
PWY-7953: UDP-N-acetylmuramoyl-pentapeptide biosynthesis III (meso-diaminopimelate containing)|g__Coprococcus.s__Coprococcus_comes	28.2980305246
PWY-7953: UDP-N-acetylmuramoyl-pentapeptide biosynthesis III (meso-diaminopimelate containing)|g__Ruminococcus.s__Ruminococcus_bicirculans	23.5043318128
PWY-7953: UDP-N-acetylmuramoyl-pentapeptide biosynthesis III (meso-diaminopimelate containing)|g__Blautia.s__Blautia_sp	23.0996251406
PWY-7953: UDP-N-acetylmuramoyl-pentapeptide biosynthesis III (meso-diaminopimelate containing)|g__Anaerostipes.s__Anaerostipes_hadrus	17.9032530833
PWY-7953: UDP-N-acetylmuramoyl-pentapeptide biosynthesis III (meso-diaminopimelate containing)|g__Bacteroides.s__Bacteroides_uniformis	13.2769433438
PWY-7953: UDP-N-acetylmuramoyl-pentapeptide biosynthesis III (meso-diaminopimelate containing)|g__Eubacterium.s__Eubacterium_hallii	12.9761742354
PWY-7953: UDP-N-acetylmuramoyl-pentapeptide biosynthesis III (meso-diaminopimelate containing)|g__Sutterella.s__Sutterella_wadsworthensis	12.2721679759
PWY-7953: UDP-N-acetylmuramoyl-pentapeptide biosynthesis III (meso-diaminopimelate containing)|g__Blautia.s__Blautia_wexlerae	11.4388157879
PWY-7953: UDP-N-acetylmuramoyl-pentapeptide biosynthesis III (meso-diaminopimelate containing)|g__Acidaminococcus.s__Acidaminococcus_intestini	9.6946945074
PWY-7953: UDP-N-acetylmuramoyl-pentapeptide biosynthesis III (meso-diaminopimelate containing)|g__Roseburia.s__Roseburia_inulinivorans	7.3544699298
COA-PWY: coenzyme A biosynthesis I (prokaryotic)	1617.5954038513
COA-PWY: coenzyme A biosynthesis I (prokaryotic)|g__Faecalibacterium.s__Faecalibacterium_prausnitzii	224.4103941209
COA-PWY: coenzyme A biosynthesis I (prokaryotic)|g__Bifidobacterium.s__Bifidobacterium_adolescentis	162.9906290483
COA-PWY: coenzyme A biosynthesis I (prokaryotic)|unclassified	123.3422481110
COA-PWY: coenzyme A biosynthesis I (prokaryotic)|g__Fusicatenibacter.s__Fusicatenibacter_saccharivorans	121.9759246820
COA-PWY: coenzyme A biosynthesis I (prokaryotic)|g__Roseburia.s__Roseburia_faecis	119.6070705888
COA-PWY: coenzyme A biosynthesis I (prokaryotic)|g__Lachnospiraceae_unclassified.s__Eubacterium_rectale	76.4884832681
COA-PWY: coenzyme A biosynthesis I (prokaryotic)|g__Collinsella.s__Collinsella_aerofaciens	63.2625395391
COA-PWY: coenzyme A biosynthesis I (prokaryotic)|g__Blautia.s__Ruminococcus_torques	54.1876462385
COA-PWY: coenzyme A biosynthesis I (prokaryotic)|g__Gemmiger.s__Gemmiger_formicilis	53.9679964200
COA-PWY: coenzyme A biosynthesis I (prokaryotic)|g__Blautia.s__Blautia_obeum	43.8149518579
COA-PWY: coenzyme A biosynthesis I (prokaryotic)|g__Subdoligranulum.s__Subdoligranulum_sp_APC924_74	41.0728985379
COA-PWY: coenzyme A biosynthesis I (prokaryotic)|g__Prevotella.s__Prevotella_sp_CAG_279	32.0080020005
COA-PWY: coenzyme A biosynthesis I (prokaryotic)|g__Ruminococcus.s__Ruminococcus_bicirculans	25.0865404195
COA-PWY: coenzyme A biosynthesis I (prokaryotic)|g__Coprococcus.s__Coprococcus_comes	21.6216216216
COA-PWY: coenzyme A biosynthesis I (prokaryotic)|g__Dorea.s__Dorea_longicatena	21.4403307937
COA-PWY: coenzyme A biosynthesis I (prokaryotic)|g__Anaerostipes.s__Anaerostipes_hadrus	18.6828584773
COA-PWY: coenzyme A biosynthesis I (prokaryotic)|g__Acidaminococcus.s__Acidaminococcus_intestini	17.2404468660
COA-PWY: coenzyme A biosynthesis I (prokaryotic)|g__Mesosutterella.s__Mesosutterella_multiformis	14.5205042285
COA-PWY: coenzyme A biosynthesis I (prokaryotic)|g__Bacteroides.s__Bacteroides_uniformis	13.4647751863
COA-PWY: coenzyme A biosynthesis I (prokaryotic)|g__Blautia.s__Blautia_wexlerae	12.5045088373
COA-PWY: coenzyme A biosynthesis I (prokaryotic)|g__Blautia.s__Blautia_sp_CAG_52	10.4341345258
COA-PWY: coenzyme A biosynthesis I (prokaryotic)|g__Agathobaculum.s__Agathobaculum_butyriciproducens	10.2171136654
COA-PWY: coenzyme A biosynthesis I (prokaryotic)|g__Sutterella.s__Sutterella_wadsworthensis	9.8328416912
PWY-7851: coenzyme A biosynthesis II (eukaryotic)	1617.5954038513
PWY-7851: coenzyme A biosynthesis II (eukaryotic)|g__Faecalibacterium.s__Faecalibacterium_prausnitzii	184.1848440816
PWY-7851: coenzyme A biosynthesis II (eukaryotic)|g__Bifidobacterium.s__Bifidobacterium_adolescentis	134.2305436374
PWY-7851: coenzyme A biosynthesis II (eukaryotic)|g__Roseburia.s__Roseburia_faecis	116.2871389247
PWY-7851: coenzyme A biosynthesis II (eukaryotic)|g__Fusicatenibacter.s__Fusicatenibacter_saccharivorans	91.6011687984
PWY-7851: coenzyme A biosynthesis II (eukaryotic)|unclassified	87.1689267242
PWY-7851: coenzyme A biosynthesis II (eukaryotic)|g__Collinsella.s__Collinsella_aerofaciens	61.7692477388
PWY-7851: coenzyme A biosynthesis II (eukaryotic)|g__Gemmiger.s__Gemmiger_formicilis	53.9679964200
PWY-7851: coenzyme A biosynthesis II (eukaryotic)|g__Subdoligranulum.s__Subdoligranulum_sp_APC924_74	41.0728985379
PWY-7851: coenzyme A biosynthesis II (eukaryotic)|g__Blautia.s__Blautia_obeum	36.7808136788
PWY-7851: coenzyme A biosynthesis II (eukaryotic)|g__Prevotella.s__Prevotella_sp_CAG_279	31.2682037695
PWY-7851: coenzyme A biosynthesis II (eukaryotic)|g__Ruminococcus.s__Ruminococcus_bicirculans	25.0865404195
PWY-7851: coenzyme A biosynthesis II (eukaryotic)|g__Dorea.s__Dorea_longicatena	21.4403307937
PWY-7851: coenzyme A biosynthesis II (eukaryotic)|g__Coprococcus.s__Coprococcus_comes	19.7287299630
PWY-7851: coenzyme A biosynthesis II (eukaryotic)|g__Acidaminococcus.s__Acidaminococcus_intestini	17.2404468660
PWY-7851: coenzyme A biosynthesis II (eukaryotic)|g__Anaerostipes.s__Anaerostipes_hadrus	17.2270587873
PWY-7851: coenzyme A biosynthesis II (eukaryotic)|g__Mesosutterella.s__Mesosutterella_multiformis	14.0896862722
PWY-7851: coenzyme A biosynthesis II (eukaryotic)|g__Bacteroides.s__Bacteroides_uniformis	13.4647751863
PWY-7851: coenzyme A biosynthesis II (eukaryotic)|g__Blautia.s__Blautia_wexlerae	10.3369446377
PWY-7851: coenzyme A biosynthesis II (eukaryotic)|g__Agathobaculum.s__Agathobaculum_butyriciproducens	9.5294818344
PWY-7851: coenzyme A biosynthesis II (eukaryotic)|g__Sutterella.s__Sutterella_wadsworthensis	8.0873433077
PWY-8178: pentose phosphate pathway (non-oxidative branch) II	1559.5272741672
PWY-8178: pentose phosphate pathway (non-oxidative branch) II|g__Fusicatenibacter.s__Fusicatenibacter_saccharivorans	147.3907954062
PWY-8178: pentose phosphate pathway (non-oxidative branch) II|g__Roseburia.s__Roseburia_faecis	146.2457379576
PWY-8178: pentose phosphate pathway (non-oxidative branch) II|g__Collinsella.s__Collinsella_aerofaciens	114.5088888700
PWY-8178: pentose phosphate pathway (non-oxidative branch) II|g__Roseburia.s__Roseburia_hominis	79.8497535567
PWY-8178: pentose phosphate pathway (non-oxidative branch) II|g__Blautia.s__Ruminococcus_torques	76.7914130552
PWY-8178: pentose phosphate pathway (non-oxidative branch) II|g__Lachnospiraceae_unclassified.s__Eubacterium_rectale	75.3541348049
PWY-8178: pentose phosphate pathway (non-oxidative branch) II|g__Blautia.s__Blautia_sp	34.5624649653
PWY-8178: pentose phosphate pathway (non-oxidative branch) II|g__Eubacterium.s__Eubacterium_hallii	32.0103647068
PWY-8178: pentose phosphate pathway (non-oxidative branch) II|g__Blautia.s__Blautia_obeum	31.3473372640
PWY-8178: pentose phosphate pathway (non-oxidative branch) II|unclassified	30.2597315898
PWY-8178: pentose phosphate pathway (non-oxidative branch) II|g__Anaerostipes.s__Anaerostipes_hadrus	29.2219709888
PWY-8178: pentose phosphate pathway (non-oxidative branch) II|g__Bifidobacterium.s__Bifidobacterium_bifidum	28.6315795836
PWY-8178: pentose phosphate pathway (non-oxidative branch) II|g__Mesosutterella.s__Mesosutterella_multiformis	16.6352205787
PWY-8178: pentose phosphate pathway (non-oxidative branch) II|g__Agathobaculum.s__Agathobaculum_butyriciproducens	9.8245614035
PWY-8178: pentose phosphate pathway (non-oxidative branch) II|g__Blautia.s__Blautia_wexlerae	9.8160406575
PWY-8178: pentose phosphate pathway (non-oxidative branch) II|g__Coprococcus.s__Coprococcus_catus	4.8887802493
PWY0-1296: purine ribonucleosides degradation	1532.9284161164
PWY0-1296: purine ribonucleosides degradation|g__Faecalibacterium.s__Faecalibacterium_prausnitzii	280.5249719903
PWY0-1296: purine ribonucleosides degradation|g__Fusicatenibacter.s__Fusicatenibacter_saccharivorans	184.9866934760
PWY0-1296: purine ribonucleosides degradation|unclassified	176.7062069937
PWY0-1296: purine ribonucleosides degradation|g__Roseburia.s__Roseburia_faecis	96.3845562158
PWY0-1296: purine ribonucleosides degradation|g__Blautia.s__Blautia_obeum	84.2460473792
PWY0-1296: purine ribonucleosides degradation|g__Blautia.s__Ruminococcus_torques	76.3442793333
PWY0-1296: purine ribonucleosides degradation|g__Lachnospiraceae_unclassified.s__Eubacterium_rectale	71.5932203390
PWY0-1296: purine ribonucleosides degradation|g__Roseburia.s__Roseburia_hominis	52.8650646950
PWY0-1296: purine ribonucleosides degradation|g__Subdoligranulum.s__Subdoligranulum_sp_APC924_74	42.0343917751
PWY0-1296: purine ribonucleosides degradation|g__Dorea.s__Dorea_longicatena	38.5010600337
PWY0-1296: purine ribonucleosides degradation|g__Gemmiger.s__Gemmiger_formicilis	34.8749865865
PWY0-1296: purine ribonucleosides degradation|g__Coprococcus.s__Coprococcus_comes	29.9592659104
PWY0-1296: purine ribonucleosides degradation|g__Anaerostipes.s__Anaerostipes_hadrus	17.4661435261
PWY0-1296: purine ribonucleosides degradation|g__Roseburia.s__Roseburia_inulinivorans	14.2232964581
PWY0-1296: purine ribonucleosides degradation|g__Blautia.s__Blautia_sp	13.9326588157
PWY0-1296: purine ribonucleosides degradation|g__Clostridiales_unclassified.s__Clostridiales_bacterium_KLE1615	10.5667627281
PWY0-1296: purine ribonucleosides degradation|g__Acidaminococcus.s__Acidaminococcus_intestini	10.4918032787
PWY0-1296: purine ribonucleosides degradation|g__Blautia.s__Blautia_wexlerae	6.1770761839
PWY-5097: L-lysine biosynthesis VI	1504.4241457654
PWY-5097: L-lysine biosynthesis VI|g__Ruminococcus.s__Ruminococcus_bromii	217.6832693187
PWY-5097: L-lysine biosynthesis VI|g__Faecalibacterium.s__Faecalibacterium_prausnitzii	175.6198997292
PWY-5097: L-lysine biosynthesis VI|g__Bifidobacterium.s__Bifidobacterium_adolescentis	167.6562894382
PWY-5097: L-lysine biosynthesis VI|unclassified	133.1410011216
PWY-5097: L-lysine biosynthesis VI|g__Fusicatenibacter.s__Fusicatenibacter_saccharivorans	124.8279316821
PWY-5097: L-lysine biosynthesis VI|g__Bifidobacterium.s__Bifidobacterium_longum	64.6796367810
PWY-5097: L-lysine biosynthesis VI|g__Roseburia.s__Roseburia_hominis	57.5222380840
PWY-5097: L-lysine biosynthesis VI|g__Bifidobacterium.s__Bifidobacterium_bifidum	50.4299336054
PWY-5097: L-lysine biosynthesis VI|g__Blautia.s__Blautia_obeum	48.2759794413
PWY-5097: L-lysine biosynthesis VI|g__Gemmiger.s__Gemmiger_formicilis	40.0298140982
PWY-5097: L-lysine biosynthesis VI|g__Dorea.s__Dorea_longicatena	29.5648392692
PWY-5097: L-lysine biosynthesis VI|g__Coprococcus.s__Coprococcus_comes	25.6680368758
PWY-5097: L-lysine biosynthesis VI|g__Blautia.s__Ruminococcus_torques	19.8205608204
PWY-5097: L-lysine biosynthesis VI|g__Anaerostipes.s__Anaerostipes_hadrus	14.7598947430
PWY-5097: L-lysine biosynthesis VI|g__Blautia.s__Blautia_sp_CAG_52	13.8425538456
PWY-5097: L-lysine biosynthesis VI|g__Blautia.s__Blautia_wexlerae	11.2508374647
PWY-5097: L-lysine biosynthesis VI|g__Bacteroides.s__Bacteroides_uniformis	10.5896111170
PWY-5097: L-lysine biosynthesis VI|g__Lachnospira.s__Lachnospira_pectinoschiza	10.3858042780
PWY-5097: L-lysine biosynthesis VI|g__Eubacterium.s__Eubacterium_hallii	10.0891108348
PWY-5097: L-lysine biosynthesis VI|g__Bifidobacterium.s__Bifidobacterium_pseudocatenulatum	2.3094688222
NONOXIPENT-PWY: pentose phosphate pathway (non-oxidative branch) I	1475.9288284257
NONOXIPENT-PWY: pentose phosphate pathway (non-oxidative branch) I|g__Fusicatenibacter.s__Fusicatenibacter_saccharivorans	167.2524041716
NONOXIPENT-PWY: pentose phosphate pathway (non-oxidative branch) I|g__Collinsella.s__Collinsella_aerofaciens	159.9266980339
NONOXIPENT-PWY: pentose phosphate pathway (non-oxidative branch) I|g__Roseburia.s__Roseburia_faecis	156.0991392096
NONOXIPENT-PWY: pentose phosphate pathway (non-oxidative branch) I|g__Roseburia.s__Roseburia_hominis	93.0960506207
NONOXIPENT-PWY: pentose phosphate pathway (non-oxidative branch) I|g__Lachnospiraceae_unclassified.s__Eubacterium_rectale	84.6206740846
NONOXIPENT-PWY: pentose phosphate pathway (non-oxidative branch) I|g__Blautia.s__Ruminococcus_torques	81.0510048517
NONOXIPENT-PWY: pentose phosphate pathway (non-oxidative branch) I|g__Blautia.s__Blautia_obeum	34.7960871293
NONOXIPENT-PWY: pentose phosphate pathway (non-oxidative branch) I|g__Bifidobacterium.s__Bifidobacterium_bifidum	28.9554209494
NONOXIPENT-PWY: pentose phosphate pathway (non-oxidative branch) I|unclassified	26.1818279690
NONOXIPENT-PWY: pentose phosphate pathway (non-oxidative branch) I|g__Eubacterium.s__Eubacterium_hallii	25.7124273377
NONOXIPENT-PWY: pentose phosphate pathway (non-oxidative branch) I|g__Anaerostipes.s__Anaerostipes_hadrus	24.7400667614
NONOXIPENT-PWY: pentose phosphate pathway (non-oxidative branch) I|g__Blautia.s__Blautia_sp	24.1363635917
NONOXIPENT-PWY: pentose phosphate pathway (non-oxidative branch) I|g__Mesosutterella.s__Mesosutterella_multiformis	15.4454353222
NONOXIPENT-PWY: pentose phosphate pathway (non-oxidative branch) I|g__Phascolarctobacterium.s__Phascolarctobacterium_succinatutens	8.9218146334
NONOXIPENT-PWY: pentose phosphate pathway (non-oxidative branch) I|g__Agathobaculum.s__Agathobaculum_butyriciproducens	8.2063305979
PWY-3841: folate transformations II (plants)	1473.9900856359
PWY-3841: folate transformations II (plants)|g__Bifidobacterium.s__Bifidobacterium_adolescentis	134.8260839597
PWY-3841: folate transformations II (plants)|g__Roseburia.s__Roseburia_faecis	127.0380224728
PWY-3841: folate transformations II (plants)|unclassified	103.6115677284
PWY-3841: folate transformations II (plants)|g__Lachnospiraceae_unclassified.s__Eubacterium_rectale	83.3461701660
PWY-3841: folate transformations II (plants)|g__Bifidobacterium.s__Bifidobacterium_longum	59.2681559282
PWY-3841: folate transformations II (plants)|g__Roseburia.s__Roseburia_hominis	55.6921539867
PWY-3841: folate transformations II (plants)|g__Prevotella.s__Prevotella_sp_CAG_279	49.5295902883
PWY-3841: folate transformations II (plants)|g__Blautia.s__Ruminococcus_torques	27.7341222150
PWY-3841: folate transformations II (plants)|g__Coprococcus.s__Coprococcus_comes	23.9008395850
PWY-3841: folate transformations II (plants)|g__Mesosutterella.s__Mesosutterella_multiformis	17.2443402204
PWY-3841: folate transformations II (plants)|g__Anaerostipes.s__Anaerostipes_hadrus	16.0563431678
PWY-3841: folate transformations II (plants)|g__Eubacterium.s__Eubacterium_hallii	11.8423779495
PWY-3841: folate transformations II (plants)|g__Blautia.s__Blautia_wexlerae	10.8556730808
PWY-3841: folate transformations II (plants)|g__Sutterella.s__Sutterella_wadsworthensis	10.1632956394
PWY-3841: folate transformations II (plants)|g__Dorea.s__Dorea_longicatena	9.6954329095
PWY-3841: folate transformations II (plants)|g__Bacteroides.s__Bacteroides_uniformis	9.1864098256
PWY-3841: folate transformations II (plants)|g__Bacteroides.s__Bacteroides_vulgatus	5.1460182684
PWY-6317: D-galactose degradation I (Leloir pathway)	1427.8285438044
PWY-6317: D-galactose degradation I (Leloir pathway)|g__Faecalibacterium.s__Faecalibacterium_prausnitzii	211.3970742196
PWY-6317: D-galactose degradation I (Leloir pathway)|g__Fusicatenibacter.s__Fusicatenibacter_saccharivorans	120.0096150465
PWY-6317: D-galactose degradation I (Leloir pathway)|g__Roseburia.s__Roseburia_faecis	107.7368459145
PWY-6317: D-galactose degradation I (Leloir pathway)|g__Collinsella.s__Collinsella_aerofaciens	95.9481340146
PWY-6317: D-galactose degradation I (Leloir pathway)|unclassified	93.3117099806
PWY-6317: D-galactose degradation I (Leloir pathway)|g__Roseburia.s__Roseburia_hominis	88.0031316683
PWY-6317: D-galactose degradation I (Leloir pathway)|g__Blautia.s__Blautia_obeum	41.0090061779
PWY-6317: D-galactose degradation I (Leloir pathway)|g__Coprococcus.s__Coprococcus_comes	27.0466724141
PWY-6317: D-galactose degradation I (Leloir pathway)|g__Blautia.s__Blautia_sp	26.9141006310
PWY-6317: D-galactose degradation I (Leloir pathway)|g__Blautia.s__Ruminococcus_torques	22.9352309627
PWY-6317: D-galactose degradation I (Leloir pathway)|g__Dorea.s__Dorea_longicatena	18.0676362810
PWY-6317: D-galactose degradation I (Leloir pathway)|g__Anaerostipes.s__Anaerostipes_hadrus	16.0517397704
PWY-6317: D-galactose degradation I (Leloir pathway)|g__Eubacterium.s__Eubacterium_hallii	13.9176366799
PWY-6317: D-galactose degradation I (Leloir pathway)|g__Blautia.s__Blautia_wexlerae	12.4987794161
PWY-6317: D-galactose degradation I (Leloir pathway)|g__Roseburia.s__Roseburia_inulinivorans	10.9627673169
PWY-6317: D-galactose degradation I (Leloir pathway)|g__Lactobacillus.s__Lactobacillus_ruminis	6.8850521531
PWY-7357: thiamine phosphate formation from pyrithiamine and oxythiamine (yeast)	1401.0165866576
PWY-7357: thiamine phosphate formation from pyrithiamine and oxythiamine (yeast)|g__Faecalibacterium.s__Faecalibacterium_prausnitzii	293.8463287356
PWY-7357: thiamine phosphate formation from pyrithiamine and oxythiamine (yeast)|g__Roseburia.s__Roseburia_faecis	188.1237066763
PWY-7357: thiamine phosphate formation from pyrithiamine and oxythiamine (yeast)|g__Bifidobacterium.s__Bifidobacterium_adolescentis	122.5176178220
PWY-7357: thiamine phosphate formation from pyrithiamine and oxythiamine (yeast)|g__Collinsella.s__Collinsella_aerofaciens	100.9498402123
PWY-7357: thiamine phosphate formation from pyrithiamine and oxythiamine (yeast)|g__Fusicatenibacter.s__Fusicatenibacter_saccharivorans	98.9510120020
PWY-7357: thiamine phosphate formation from pyrithiamine and oxythiamine (yeast)|g__Lachnospiraceae_unclassified.s__Eubacterium_rectale	97.9618274136
PWY-7357: thiamine phosphate formation from pyrithiamine and oxythiamine (yeast)|g__Bifidobacterium.s__Bifidobacterium_bifidum	46.1975870857
PWY-7357: thiamine phosphate formation from pyrithiamine and oxythiamine (yeast)|unclassified	39.3685575054
PWY-7357: thiamine phosphate formation from pyrithiamine and oxythiamine (yeast)|g__Blautia.s__Ruminococcus_torques	36.9891476398
PWY-7357: thiamine phosphate formation from pyrithiamine and oxythiamine (yeast)|g__Coprococcus.s__Coprococcus_comes	31.0871272253
PWY-7357: thiamine phosphate formation from pyrithiamine and oxythiamine (yeast)|g__Blautia.s__Blautia_obeum	30.5904440951
PWY-7357: thiamine phosphate formation from pyrithiamine and oxythiamine (yeast)|g__Dorea.s__Dorea_longicatena	25.8086722570
PWY-7357: thiamine phosphate formation from pyrithiamine and oxythiamine (yeast)|g__Anaerostipes.s__Anaerostipes_hadrus	20.1485860983
PWY-7357: thiamine phosphate formation from pyrithiamine and oxythiamine (yeast)|g__Agathobaculum.s__Agathobaculum_butyriciproducens	17.7176523425
PWY-7357: thiamine phosphate formation from pyrithiamine and oxythiamine (yeast)|g__Blautia.s__Blautia_wexlerae	16.0952583003
PWY-7357: thiamine phosphate formation from pyrithiamine and oxythiamine (yeast)|g__Roseburia.s__Roseburia_inulinivorans	10.6713516503
PWY-7357: thiamine phosphate formation from pyrithiamine and oxythiamine (yeast)|g__Eubacterium.s__Eubacterium_hallii	8.5975282106
PWY-7357: thiamine phosphate formation from pyrithiamine and oxythiamine (yeast)|g__Roseburia.s__Roseburia_hominis	5.6420899913
PWY-724: superpathway of L-lysine, L-threonine and L-methionine biosynthesis II	1397.5982690979
PWY-724: superpathway of L-lysine, L-threonine and L-methionine biosynthesis II|g__Faecalibacterium.s__Faecalibacterium_prausnitzii	151.7407247701
PWY-724: superpathway of L-lysine, L-threonine and L-methionine biosynthesis II|g__Bifidobacterium.s__Bifidobacterium_adolescentis	146.5330794264
PWY-724: superpathway of L-lysine, L-threonine and L-methionine biosynthesis II|unclassified	96.7776189299
PWY-724: superpathway of L-lysine, L-threonine and L-methionine biosynthesis II|g__Fusicatenibacter.s__Fusicatenibacter_saccharivorans	75.4424067904
PWY-724: superpathway of L-lysine, L-threonine and L-methionine biosynthesis II|g__Roseburia.s__Roseburia_hominis	58.5671727501
PWY-724: superpathway of L-lysine, L-threonine and L-methionine biosynthesis II|g__Bifidobacterium.s__Bifidobacterium_longum	58.4546909819
PWY-724: superpathway of L-lysine, L-threonine and L-methionine biosynthesis II|g__Bifidobacterium.s__Bifidobacterium_bifidum	52.1407418581
PWY-724: superpathway of L-lysine, L-threonine and L-methionine biosynthesis II|g__Blautia.s__Blautia_obeum	26.5287797484
PWY-724: superpathway of L-lysine, L-threonine and L-methionine biosynthesis II|g__Coprococcus.s__Coprococcus_comes	25.5605954336
PWY-724: superpathway of L-lysine, L-threonine and L-methionine biosynthesis II|g__Dorea.s__Dorea_longicatena	23.9589848869
PWY-724: superpathway of L-lysine, L-threonine and L-methionine biosynthesis II|g__Blautia.s__Ruminococcus_torques	13.7463268302
PWY-724: superpathway of L-lysine, L-threonine and L-methionine biosynthesis II|g__Anaerostipes.s__Anaerostipes_hadrus	12.9747950418
PWY-724: superpathway of L-lysine, L-threonine and L-methionine biosynthesis II|g__Eubacterium.s__Eubacterium_hallii	10.1111435913
PWY-724: superpathway of L-lysine, L-threonine and L-methionine biosynthesis II|g__Bacteroides.s__Bacteroides_uniformis	8.6054632450
PWY-724: superpathway of L-lysine, L-threonine and L-methionine biosynthesis II|g__Bifidobacterium.s__Bifidobacterium_pseudocatenulatum	2.6696923180
PWY-5667: CDP-diacylglycerol biosynthesis I	1386.0027554780
PWY-5667: CDP-diacylglycerol biosynthesis I|g__Faecalibacterium.s__Faecalibacterium_prausnitzii	249.2319063133
PWY-5667: CDP-diacylglycerol biosynthesis I|g__Fusicatenibacter.s__Fusicatenibacter_saccharivorans	126.2865064472
PWY-5667: CDP-diacylglycerol biosynthesis I|g__Roseburia.s__Roseburia_faecis	96.8528764352
PWY-5667: CDP-diacylglycerol biosynthesis I|unclassified	84.3945354342
PWY-5667: CDP-diacylglycerol biosynthesis I|g__Lachnospiraceae_unclassified.s__Eubacterium_rectale	76.8028191661
PWY-5667: CDP-diacylglycerol biosynthesis I|g__Prevotella.s__Prevotella_sp_CAG_279	52.0889853500
PWY-5667: CDP-diacylglycerol biosynthesis I|g__Blautia.s__Blautia_obeum	43.3489647581
PWY-5667: CDP-diacylglycerol biosynthesis I|g__Subdoligranulum.s__Subdoligranulum_sp_APC924_74	37.6113475648
PWY-5667: CDP-diacylglycerol biosynthesis I|g__Blautia.s__Ruminococcus_torques	34.1844373599
PWY-5667: CDP-diacylglycerol biosynthesis I|g__Coprococcus.s__Coprococcus_comes	25.1031311287
PWY-5667: CDP-diacylglycerol biosynthesis I|g__Dorea.s__Dorea_longicatena	23.8696350700
PWY-5667: CDP-diacylglycerol biosynthesis I|g__Blautia.s__Blautia_sp	15.7241132851
PWY-5667: CDP-diacylglycerol biosynthesis I|g__Anaerostipes.s__Anaerostipes_hadrus	12.6747219204
PWY-5667: CDP-diacylglycerol biosynthesis I|g__Bacteroides.s__Bacteroides_uniformis	11.4481969090
PWY-5667: CDP-diacylglycerol biosynthesis I|g__Eubacterium.s__Eubacterium_hallii	11.0561379556
PWY-5667: CDP-diacylglycerol biosynthesis I|g__Firmicutes_unclassified.s__Firmicutes_bacterium_CAG_56	7.2111051019
PWY-5667: CDP-diacylglycerol biosynthesis I|g__Blautia.s__Blautia_wexlerae	6.8394501006
PWY0-1319: CDP-diacylglycerol biosynthesis II	1386.0027554780
PWY0-1319: CDP-diacylglycerol biosynthesis II|g__Faecalibacterium.s__Faecalibacterium_prausnitzii	249.2319063133
PWY0-1319: CDP-diacylglycerol biosynthesis II|g__Fusicatenibacter.s__Fusicatenibacter_saccharivorans	126.2865064472
PWY0-1319: CDP-diacylglycerol biosynthesis II|g__Roseburia.s__Roseburia_faecis	96.8528764352
PWY0-1319: CDP-diacylglycerol biosynthesis II|unclassified	84.3945354342
PWY0-1319: CDP-diacylglycerol biosynthesis II|g__Lachnospiraceae_unclassified.s__Eubacterium_rectale	76.8028191661
PWY0-1319: CDP-diacylglycerol biosynthesis II|g__Prevotella.s__Prevotella_sp_CAG_279	52.0889853500
PWY0-1319: CDP-diacylglycerol biosynthesis II|g__Blautia.s__Blautia_obeum	43.3489647581
PWY0-1319: CDP-diacylglycerol biosynthesis II|g__Subdoligranulum.s__Subdoligranulum_sp_APC924_74	37.6113475648
PWY0-1319: CDP-diacylglycerol biosynthesis II|g__Blautia.s__Ruminococcus_torques	34.1844373599
PWY0-1319: CDP-diacylglycerol biosynthesis II|g__Coprococcus.s__Coprococcus_comes	25.1031311287
PWY0-1319: CDP-diacylglycerol biosynthesis II|g__Dorea.s__Dorea_longicatena	23.8696350700
PWY0-1319: CDP-diacylglycerol biosynthesis II|g__Blautia.s__Blautia_sp	15.7241132851
PWY0-1319: CDP-diacylglycerol biosynthesis II|g__Anaerostipes.s__Anaerostipes_hadrus	12.6747219204
PWY0-1319: CDP-diacylglycerol biosynthesis II|g__Bacteroides.s__Bacteroides_uniformis	11.4481969090
PWY0-1319: CDP-diacylglycerol biosynthesis II|g__Eubacterium.s__Eubacterium_hallii	11.0561379556
PWY0-1319: CDP-diacylglycerol biosynthesis II|g__Firmicutes_unclassified.s__Firmicutes_bacterium_CAG_56	7.2111051019
PWY0-1319: CDP-diacylglycerol biosynthesis II|g__Blautia.s__Blautia_wexlerae	6.8394501006
TRPSYN-PWY: L-tryptophan biosynthesis	1380.6457869754
TRPSYN-PWY: L-tryptophan biosynthesis|g__Ruminococcus.s__Ruminococcus_bromii	344.3859037623
TRPSYN-PWY: L-tryptophan biosynthesis|g__Fusicatenibacter.s__Fusicatenibacter_saccharivorans	151.5551020966
TRPSYN-PWY: L-tryptophan biosynthesis|g__Lachnospiraceae_unclassified.s__Eubacterium_rectale	81.2141474112
TRPSYN-PWY: L-tryptophan biosynthesis|g__Blautia.s__Blautia_obeum	65.3212995474
TRPSYN-PWY: L-tryptophan biosynthesis|g__Blautia.s__Ruminococcus_torques	34.4526524840
TRPSYN-PWY: L-tryptophan biosynthesis|unclassified	26.1308390632
TRPSYN-PWY: L-tryptophan biosynthesis|g__Bifidobacterium.s__Bifidobacterium_longum	22.4824187199
TRPSYN-PWY: L-tryptophan biosynthesis|g__Mesosutterella.s__Mesosutterella_multiformis	22.3519170036
TRPSYN-PWY: L-tryptophan biosynthesis|g__Blautia.s__Blautia_sp	22.3252811105
TRPSYN-PWY: L-tryptophan biosynthesis|g__Acidaminococcus.s__Acidaminococcus_intestini	19.7323556464
TRPSYN-PWY: L-tryptophan biosynthesis|g__Coprococcus.s__Coprococcus_eutactus	18.8240947154
TRPSYN-PWY: L-tryptophan biosynthesis|g__Anaerostipes.s__Anaerostipes_hadrus	18.2271701455
TRPSYN-PWY: L-tryptophan biosynthesis|g__Blautia.s__Blautia_wexlerae	17.5413956901
TRPSYN-PWY: L-tryptophan biosynthesis|g__Ruminococcus.s__Ruminococcus_bicirculans	15.2169118187
PWY66-429: fatty acid biosynthesis initiation (mitochondria)	1315.1817170918
PWY66-429: fatty acid biosynthesis initiation (mitochondria)|g__Fusicatenibacter.s__Fusicatenibacter_saccharivorans	134.3270036754
PWY66-429: fatty acid biosynthesis initiation (mitochondria)|unclassified	116.1150473796
PWY66-429: fatty acid biosynthesis initiation (mitochondria)|g__Roseburia.s__Roseburia_hominis	45.1112518997
PWY66-429: fatty acid biosynthesis initiation (mitochondria)|g__Blautia.s__Blautia_obeum	44.9385258007
PWY66-429: fatty acid biosynthesis initiation (mitochondria)|g__Dorea.s__Dorea_longicatena	31.9421924225
PWY66-429: fatty acid biosynthesis initiation (mitochondria)|g__Coprococcus.s__Coprococcus_comes	30.5577417493
PWY66-429: fatty acid biosynthesis initiation (mitochondria)|g__Blautia.s__Blautia_sp	30.0495349596
PWY66-429: fatty acid biosynthesis initiation (mitochondria)|g__Ruminococcus.s__Ruminococcus_bicirculans	25.9351443319
PWY66-429: fatty acid biosynthesis initiation (mitochondria)|g__Agathobaculum.s__Agathobaculum_butyriciproducens	17.3603248982
PWY66-429: fatty acid biosynthesis initiation (mitochondria)|g__Blautia.s__Ruminococcus_torques	16.8588810870
PWY66-429: fatty acid biosynthesis initiation (mitochondria)|g__Lachnospira.s__Lachnospira_pectinoschiza	14.8008994393
PWY66-429: fatty acid biosynthesis initiation (mitochondria)|g__Anaerostipes.s__Anaerostipes_hadrus	14.1501124164
PWY66-429: fatty acid biosynthesis initiation (mitochondria)|g__Blautia.s__Blautia_sp_CAG_52	14.0399613338
PWY66-429: fatty acid biosynthesis initiation (mitochondria)|g__Clostridiales_unclassified.s__Clostridiales_bacterium_KLE1615	11.8281871959
PWY66-429: fatty acid biosynthesis initiation (mitochondria)|g__Blautia.s__Blautia_wexlerae	11.6180439034
PWY66-429: fatty acid biosynthesis initiation (mitochondria)|g__Bacteroides.s__Bacteroides_uniformis	10.2629890956
PWY66-429: fatty acid biosynthesis initiation (mitochondria)|g__Blautia.s__Blautia_sp_AF19_10LB	8.3050207626
PWY66-429: fatty acid biosynthesis initiation (mitochondria)|g__Lactobacillus.s__Lactobacillus_ruminis	8.2822230240
PWY66-429: fatty acid biosynthesis initiation (mitochondria)|g__Ruminococcus.s__Ruminococcus_sp_CAG_254	8.1161625769
PWY66-429: fatty acid biosynthesis initiation (mitochondria)|g__Dorea.s__Dorea_formicigenerans	7.3616809171
PWY66-429: fatty acid biosynthesis initiation (mitochondria)|g__Sutterella.s__Sutterella_wadsworthensis	7.1471417814
PWY66-429: fatty acid biosynthesis initiation (mitochondria)|g__Bacteroides.s__Bacteroides_vulgatus	5.8034095031
PWY-6123: inosine-5'-phosphate biosynthesis I	1310.1739341979
PWY-6123: inosine-5'-phosphate biosynthesis I|g__Faecalibacterium.s__Faecalibacterium_prausnitzii	213.4514907656
PWY-6123: inosine-5'-phosphate biosynthesis I|unclassified	129.6085115030
PWY-6123: inosine-5'-phosphate biosynthesis I|g__Bifidobacterium.s__Bifidobacterium_adolescentis	128.5536185482
PWY-6123: inosine-5'-phosphate biosynthesis I|g__Collinsella.s__Collinsella_aerofaciens	81.1543999226
PWY-6123: inosine-5'-phosphate biosynthesis I|g__Prevotella.s__Prevotella_sp_CAG_279	44.4565466117
PWY-6123: inosine-5'-phosphate biosynthesis I|g__Bifidobacterium.s__Bifidobacterium_bifidum	41.6931741586
PWY-6123: inosine-5'-phosphate biosynthesis I|g__Blautia.s__Ruminococcus_torques	26.9092063971
PWY-6123: inosine-5'-phosphate biosynthesis I|g__Blautia.s__Blautia_obeum	23.2964723947
PWY-6123: inosine-5'-phosphate biosynthesis I|g__Mesosutterella.s__Mesosutterella_multiformis	23.2353557061
PWY-6123: inosine-5'-phosphate biosynthesis I|g__Coprococcus.s__Coprococcus_comes	21.9054013138
PWY-6123: inosine-5'-phosphate biosynthesis I|g__Blautia.s__Blautia_wexlerae	13.4067174711
PWY-6123: inosine-5'-phosphate biosynthesis I|g__Bacteroides.s__Bacteroides_uniformis	12.2036262204
PWY-6123: inosine-5'-phosphate biosynthesis I|g__Sutterella.s__Sutterella_wadsworthensis	10.9690809032
PWY-6123: inosine-5'-phosphate biosynthesis I|g__Anaerostipes.s__Anaerostipes_hadrus	10.9496821551
PWY-6123: inosine-5'-phosphate biosynthesis I|g__Clostridiales_unclassified.s__Clostridiales_bacterium_KLE1615	9.9179018128
PWY-6123: inosine-5'-phosphate biosynthesis I|g__Bifidobacterium.s__Bifidobacterium_pseudocatenulatum	4.0916530278
OANTIGEN-PWY: O-antigen building blocks biosynthesis (E. coli)	1271.0913214325
OANTIGEN-PWY: O-antigen building blocks biosynthesis (E. coli)|unclassified	110.5879373342
OANTIGEN-PWY: O-antigen building blocks biosynthesis (E. coli)|g__Collinsella.s__Collinsella_aerofaciens	73.2316635321
OANTIGEN-PWY: O-antigen building blocks biosynthesis (E. coli)|g__Bifidobacterium.s__Bifidobacterium_adolescentis	69.4362349236
OANTIGEN-PWY: O-antigen building blocks biosynthesis (E. coli)|g__Mesosutterella.s__Mesosutterella_multiformis	16.2654457529
OANTIGEN-PWY: O-antigen building blocks biosynthesis (E. coli)|g__Bifidobacterium.s__Bifidobacterium_pseudocatenulatum	3.6915497222
PWY-6124: inosine-5'-phosphate biosynthesis II	1249.6868129395
PWY-6124: inosine-5'-phosphate biosynthesis II|g__Faecalibacterium.s__Faecalibacterium_prausnitzii	211.7797735957
PWY-6124: inosine-5'-phosphate biosynthesis II|unclassified	116.1458939801
PWY-6124: inosine-5'-phosphate biosynthesis II|g__Bifidobacterium.s__Bifidobacterium_adolescentis	112.7623065007
PWY-6124: inosine-5'-phosphate biosynthesis II|g__Collinsella.s__Collinsella_aerofaciens	76.1688052421
PWY-6124: inosine-5'-phosphate biosynthesis II|g__Prevotella.s__Prevotella_sp_CAG_279	49.6743560994
PWY-6124: inosine-5'-phosphate biosynthesis II|g__Blautia.s__Blautia_sp	23.8776144946
PWY-6124: inosine-5'-phosphate biosynthesis II|g__Blautia.s__Ruminococcus_torques	23.8077698182
PWY-6124: inosine-5'-phosphate biosynthesis II|g__Mesosutterella.s__Mesosutterella_multiformis	23.0882366361
PWY-6124: inosine-5'-phosphate biosynthesis II|g__Blautia.s__Blautia_obeum	21.8019811365
PWY-6124: inosine-5'-phosphate biosynthesis II|g__Coprococcus.s__Coprococcus_comes	20.3266929546
PWY-6124: inosine-5'-phosphate biosynthesis II|g__Blautia.s__Blautia_wexlerae	19.0304487179
PWY-6124: inosine-5'-phosphate biosynthesis II|g__Anaerostipes.s__Anaerostipes_hadrus	11.7289823153
PWY-6124: inosine-5'-phosphate biosynthesis II|g__Bacteroides.s__Bacteroides_uniformis	11.3577362409
PWY-6124: inosine-5'-phosphate biosynthesis II|g__Eubacterium.s__Eubacterium_hallii	10.7765766961
PWY-6124: inosine-5'-phosphate biosynthesis II|g__Sutterella.s__Sutterella_wadsworthensis	10.3507979524
PWY-6124: inosine-5'-phosphate biosynthesis II|g__Firmicutes_unclassified.s__Firmicutes_bacterium_AF16_15	9.3673439977
PWY-6124: inosine-5'-phosphate biosynthesis II|g__Clostridiales_unclassified.s__Clostridiales_bacterium_KLE1615	9.2171562001
PWY-6124: inosine-5'-phosphate biosynthesis II|g__Coprococcus.s__Coprococcus_eutactus	9.0211084289
PWY-6124: inosine-5'-phosphate biosynthesis II|g__Blautia.s__Blautia_sp_AF19_10LB	3.1319910515
PWY-6124: inosine-5'-phosphate biosynthesis II|g__Bifidobacterium.s__Bifidobacterium_pseudocatenulatum	2.3973916379
PWY-6270: isoprene biosynthesis I	1224.1709994116
PWY-6270: isoprene biosynthesis I|g__Fusicatenibacter.s__Fusicatenibacter_saccharivorans	125.3357310787
PWY-6270: isoprene biosynthesis I|g__Collinsella.s__Collinsella_aerofaciens	45.6118493497
PWY-6270: isoprene biosynthesis I|g__Blautia.s__Blautia_obeum	36.3911796578
PWY-6270: isoprene biosynthesis I|g__Coprococcus.s__Coprococcus_comes	25.2082221046
PWY-6270: isoprene biosynthesis I|g__Dorea.s__Dorea_longicatena	23.1234644906
PWY-6270: isoprene biosynthesis I|g__Acidaminococcus.s__Acidaminococcus_intestini	14.5512138037
PWY-6270: isoprene biosynthesis I|g__Eubacterium.s__Eubacterium_hallii	13.5805189649
PWY-6270: isoprene biosynthesis I|g__Anaerostipes.s__Anaerostipes_hadrus	12.7299120069
PWY-6270: isoprene biosynthesis I|g__Blautia.s__Blautia_wexlerae	6.6714220404
SER-GLYSYN-PWY: superpathway of L-serine and glycine biosynthesis I	1216.1237429132
SER-GLYSYN-PWY: superpathway of L-serine and glycine biosynthesis I|g__Bifidobacterium.s__Bifidobacterium_adolescentis	161.2984613043
SER-GLYSYN-PWY: superpathway of L-serine and glycine biosynthesis I|g__Collinsella.s__Collinsella_aerofaciens	120.2235193067
SER-GLYSYN-PWY: superpathway of L-serine and glycine biosynthesis I|g__Roseburia.s__Roseburia_faecis	117.6989298739
SER-GLYSYN-PWY: superpathway of L-serine and glycine biosynthesis I|unclassified	66.8357838486
SER-GLYSYN-PWY: superpathway of L-serine and glycine biosynthesis I|g__Bifidobacterium.s__Bifidobacterium_longum	49.5731203525
SER-GLYSYN-PWY: superpathway of L-serine and glycine biosynthesis I|g__Blautia.s__Ruminococcus_torques	23.7849771861
SER-GLYSYN-PWY: superpathway of L-serine and glycine biosynthesis I|g__Dorea.s__Dorea_longicatena	21.3679590729
SER-GLYSYN-PWY: superpathway of L-serine and glycine biosynthesis I|g__Blautia.s__Blautia_obeum	21.0954240702
SER-GLYSYN-PWY: superpathway of L-serine and glycine biosynthesis I|g__Coprococcus.s__Coprococcus_comes	19.6136118466
SER-GLYSYN-PWY: superpathway of L-serine and glycine biosynthesis I|g__Blautia.s__Blautia_wexlerae	18.6340191173
SER-GLYSYN-PWY: superpathway of L-serine and glycine biosynthesis I|g__Eubacterium.s__Eubacterium_hallii	10.9091651572
SER-GLYSYN-PWY: superpathway of L-serine and glycine biosynthesis I|g__Phascolarctobacterium.s__Phascolarctobacterium_succinatutens	7.9455847830
SER-GLYSYN-PWY: superpathway of L-serine and glycine biosynthesis I|g__Blautia.s__Blautia_sp_AF19_10LB	7.6118691930
SER-GLYSYN-PWY: superpathway of L-serine and glycine biosynthesis I|g__Anaerostipes.s__Anaerostipes_hadrus	7.3841609747
SER-GLYSYN-PWY: superpathway of L-serine and glycine biosynthesis I|g__Bacteroides.s__Bacteroides_uniformis	7.2725068937
PWY-7560: methylerythritol phosphate pathway II	1193.4615071297
PWY-7560: methylerythritol phosphate pathway II|g__Fusicatenibacter.s__Fusicatenibacter_saccharivorans	129.9360788971
PWY-7560: methylerythritol phosphate pathway II|g__Collinsella.s__Collinsella_aerofaciens	55.2510786366
PWY-7560: methylerythritol phosphate pathway II|g__Blautia.s__Blautia_obeum	43.0135830935
PWY-7560: methylerythritol phosphate pathway II|g__Coprococcus.s__Coprococcus_comes	26.5088602244
PWY-7560: methylerythritol phosphate pathway II|g__Dorea.s__Dorea_longicatena	22.3358521580
PWY-7560: methylerythritol phosphate pathway II|g__Acidaminococcus.s__Acidaminococcus_intestini	14.2212885330
PWY-7560: methylerythritol phosphate pathway II|g__Eubacterium.s__Eubacterium_hallii	14.0850991225
PWY-7560: methylerythritol phosphate pathway II|g__Anaerostipes.s__Anaerostipes_hadrus	13.2800166172
PWY-7560: methylerythritol phosphate pathway II|g__Blautia.s__Blautia_wexlerae	6.1258040118
THRESYN-PWY: superpathway of L-threonine biosynthesis	1186.7528097747
THRESYN-PWY: superpathway of L-threonine biosynthesis|g__Bifidobacterium.s__Bifidobacterium_adolescentis	140.4721778776
THRESYN-PWY: superpathway of L-threonine biosynthesis|g__Faecalibacterium.s__Faecalibacterium_prausnitzii	126.7428230235
THRESYN-PWY: superpathway of L-threonine biosynthesis|g__Collinsella.s__Collinsella_aerofaciens	103.0427701875
THRESYN-PWY: superpathway of L-threonine biosynthesis|unclassified	82.0496368498
THRESYN-PWY: superpathway of L-threonine biosynthesis|g__Bifidobacterium.s__Bifidobacterium_longum	65.7781837322
THRESYN-PWY: superpathway of L-threonine biosynthesis|g__Bifidobacterium.s__Bifidobacterium_bifidum	61.5943858102
THRESYN-PWY: superpathway of L-threonine biosynthesis|g__Roseburia.s__Roseburia_hominis	52.6829101186
THRESYN-PWY: superpathway of L-threonine biosynthesis|g__Blautia.s__Blautia_obeum	17.4300944889
THRESYN-PWY: superpathway of L-threonine biosynthesis|g__Blautia.s__Ruminococcus_torques	16.8538489717
THRESYN-PWY: superpathway of L-threonine biosynthesis|g__Acidaminococcus.s__Acidaminococcus_intestini	13.1685603105
THRESYN-PWY: superpathway of L-threonine biosynthesis|g__Anaerostipes.s__Anaerostipes_hadrus	11.9974375718
THRESYN-PWY: superpathway of L-threonine biosynthesis|g__Eubacterium.s__Eubacterium_hallii	10.6782447308
THRESYN-PWY: superpathway of L-threonine biosynthesis|g__Lactobacillus.s__Lactobacillus_ruminis	8.0509656732
THRESYN-PWY: superpathway of L-threonine biosynthesis|g__Bacteroides.s__Bacteroides_uniformis	7.9994401352
THRESYN-PWY: superpathway of L-threonine biosynthesis|g__Bifidobacterium.s__Bifidobacterium_pseudocatenulatum	4.0438079191
P41-PWY: pyruvate fermentation to acetate and (S)-lactate I	1186.3177894551
P41-PWY: pyruvate fermentation to acetate and (S)-lactate I|g__Roseburia.s__Roseburia_faecis	123.0643118989
P41-PWY: pyruvate fermentation to acetate and (S)-lactate I|g__Bifidobacterium.s__Bifidobacterium_adolescentis	115.0975329697
P41-PWY: pyruvate fermentation to acetate and (S)-lactate I|g__Collinsella.s__Collinsella_aerofaciens	111.1803607000
P41-PWY: pyruvate fermentation to acetate and (S)-lactate I|g__Fusicatenibacter.s__Fusicatenibacter_saccharivorans	84.3916247064
P41-PWY: pyruvate fermentation to acetate and (S)-lactate I|g__Blautia.s__Ruminococcus_torques	69.8615882825
P41-PWY: pyruvate fermentation to acetate and (S)-lactate I|g__Bifidobacterium.s__Bifidobacterium_longum	66.7303286077
P41-PWY: pyruvate fermentation to acetate and (S)-lactate I|g__Lachnospiraceae_unclassified.s__Eubacterium_rectale	41.0211502335
P41-PWY: pyruvate fermentation to acetate and (S)-lactate I|g__Blautia.s__Blautia_obeum	27.0853875716
P41-PWY: pyruvate fermentation to acetate and (S)-lactate I|g__Blautia.s__Blautia_sp	23.8775870541
P41-PWY: pyruvate fermentation to acetate and (S)-lactate I|g__Eubacterium.s__Eubacterium_hallii	22.2610890464
P41-PWY: pyruvate fermentation to acetate and (S)-lactate I|g__Coprococcus.s__Coprococcus_comes	21.7537738267
P41-PWY: pyruvate fermentation to acetate and (S)-lactate I|g__Anaerostipes.s__Anaerostipes_hadrus	16.7504187605
P41-PWY: pyruvate fermentation to acetate and (S)-lactate I|g__Agathobaculum.s__Agathobaculum_butyriciproducens	13.5346884539
P41-PWY: pyruvate fermentation to acetate and (S)-lactate I|unclassified	7.7401643382
P41-PWY: pyruvate fermentation to acetate and (S)-lactate I|g__Lactobacillus.s__Lactobacillus_ruminis	7.5979594052
P41-PWY: pyruvate fermentation to acetate and (S)-lactate I|g__Roseburia.s__Roseburia_inulinivorans	7.5429161082
P41-PWY: pyruvate fermentation to acetate and (S)-lactate I|g__Coprococcus.s__Coprococcus_eutactus	5.5784611763
P41-PWY: pyruvate fermentation to acetate and (S)-lactate I|g__Blautia.s__Blautia_wexlerae	2.2262136659
P41-PWY: pyruvate fermentation to acetate and (S)-lactate I|g__Blautia.s__Blautia_sp_AF19_10LB	1.7849174476
PWY-5100: pyruvate fermentation to acetate and lactate II	1186.3177894551
PWY-5100: pyruvate fermentation to acetate and lactate II|g__Roseburia.s__Roseburia_faecis	123.0643118989
PWY-5100: pyruvate fermentation to acetate and lactate II|g__Bifidobacterium.s__Bifidobacterium_adolescentis	115.0975329697
PWY-5100: pyruvate fermentation to acetate and lactate II|g__Collinsella.s__Collinsella_aerofaciens	111.1803607000
PWY-5100: pyruvate fermentation to acetate and lactate II|g__Fusicatenibacter.s__Fusicatenibacter_saccharivorans	84.3916247064
PWY-5100: pyruvate fermentation to acetate and lactate II|g__Blautia.s__Ruminococcus_torques	69.8615882825
PWY-5100: pyruvate fermentation to acetate and lactate II|g__Bifidobacterium.s__Bifidobacterium_longum	66.7303286077
PWY-5100: pyruvate fermentation to acetate and lactate II|g__Lachnospiraceae_unclassified.s__Eubacterium_rectale	41.0211502335
PWY-5100: pyruvate fermentation to acetate and lactate II|g__Eubacterium.s__Eubacterium_hallii	36.6685933208
PWY-5100: pyruvate fermentation to acetate and lactate II|g__Blautia.s__Blautia_obeum	27.0853875716
PWY-5100: pyruvate fermentation to acetate and lactate II|g__Blautia.s__Blautia_sp	23.8775870541
PWY-5100: pyruvate fermentation to acetate and lactate II|g__Coprococcus.s__Coprococcus_comes	21.7537738267
PWY-5100: pyruvate fermentation to acetate and lactate II|g__Anaerostipes.s__Anaerostipes_hadrus	20.0380065248
PWY-5100: pyruvate fermentation to acetate and lactate II|g__Agathobaculum.s__Agathobaculum_butyriciproducens	13.5346884539
PWY-5100: pyruvate fermentation to acetate and lactate II|g__Coprococcus.s__Coprococcus_eutactus	11.4116190092
PWY-5100: pyruvate fermentation to acetate and lactate II|unclassified	7.7401643382
PWY-5100: pyruvate fermentation to acetate and lactate II|g__Lactobacillus.s__Lactobacillus_ruminis	7.5979594052
PWY-5100: pyruvate fermentation to acetate and lactate II|g__Roseburia.s__Roseburia_inulinivorans	7.5429161082
PWY-5100: pyruvate fermentation to acetate and lactate II|g__Blautia.s__Blautia_wexlerae	2.2262136659
PWY-5100: pyruvate fermentation to acetate and lactate II|g__Blautia.s__Blautia_sp_AF19_10LB	1.7849174476
PWY-3001: superpathway of L-isoleucine biosynthesis I	1166.6449905414
PWY-3001: superpathway of L-isoleucine biosynthesis I|g__Bifidobacterium.s__Bifidobacterium_longum	67.5304160340
PWY-3001: superpathway of L-isoleucine biosynthesis I|g__Bifidobacterium.s__Bifidobacterium_bifidum	58.9777045363
PWY-3001: superpathway of L-isoleucine biosynthesis I|g__Blautia.s__Ruminococcus_torques	16.9256556861
PWY-6527: stachyose degradation	1155.9734557904
PWY-6527: stachyose degradation|g__Roseburia.s__Roseburia_faecis	150.3104997720
PWY-6527: stachyose degradation|g__Fusicatenibacter.s__Fusicatenibacter_saccharivorans	134.9890303153
PWY-6527: stachyose degradation|unclassified	88.4213775947
PWY-6527: stachyose degradation|g__Lachnospiraceae_unclassified.s__Eubacterium_rectale	42.1561075695
PWY-6527: stachyose degradation|g__Faecalibacterium.s__Faecalibacterium_prausnitzii	38.0700786197
PWY-6527: stachyose degradation|g__Blautia.s__Blautia_obeum	35.7550718617
PWY-6527: stachyose degradation|g__Blautia.s__Ruminococcus_torques	35.1956793940
PWY-6527: stachyose degradation|g__Dorea.s__Dorea_longicatena	31.8687196587
PWY-6527: stachyose degradation|g__Coprococcus.s__Coprococcus_eutactus	18.2583564794
PWY-6527: stachyose degradation|g__Blautia.s__Blautia_wexlerae	15.1217281436
PWY-6527: stachyose degradation|g__Ruminococcus.s__Ruminococcus_bicirculans	12.5477888648
PWY-6527: stachyose degradation|g__Clostridiales_unclassified.s__Clostridiales_bacterium_KLE1615	11.9454349350
PWY-6823: molybdopterin biosynthesis	1149.6065304398
PWY-6823: molybdopterin biosynthesis|g__Faecalibacterium.s__Faecalibacterium_prausnitzii	265.8833433813
PWY-6823: molybdopterin biosynthesis|g__Roseburia.s__Roseburia_faecis	139.1556376324
PWY-6823: molybdopterin biosynthesis|g__Fusicatenibacter.s__Fusicatenibacter_saccharivorans	137.5222439861
PWY-6823: molybdopterin biosynthesis|unclassified	82.5616823651
PWY-6823: molybdopterin biosynthesis|g__Blautia.s__Ruminococcus_torques	80.4352464263
PWY-6823: molybdopterin biosynthesis|g__Blautia.s__Blautia_obeum	70.3384711416
PWY-6823: molybdopterin biosynthesis|g__Blautia.s__Blautia_sp	47.9187817259
PWY-6823: molybdopterin biosynthesis|g__Lachnospiraceae_unclassified.s__Eubacterium_rectale	35.6479762347
PWY-6823: molybdopterin biosynthesis|g__Coprococcus.s__Coprococcus_comes	20.1149425287
PWY-6823: molybdopterin biosynthesis|g__Mesosutterella.s__Mesosutterella_multiformis	17.0170170170
PWY-6823: molybdopterin biosynthesis|g__Blautia.s__Blautia_sp_CAG_52	16.1290322581
PWY-6823: molybdopterin biosynthesis|g__Roseburia.s__Roseburia_inulinivorans	15.6311059007
PWY-6823: molybdopterin biosynthesis|g__Agathobaculum.s__Agathobaculum_butyriciproducens	15.5546768959
PWY-6823: molybdopterin biosynthesis|g__Sutterella.s__Sutterella_wadsworthensis	12.3583934089
PWY-6823: molybdopterin biosynthesis|g__Anaerostipes.s__Anaerostipes_hadrus	10.9246976200
PWY-6823: molybdopterin biosynthesis|g__Blautia.s__Blautia_wexlerae	4.9751243781
UDPNAGSYN-PWY: UDP-N-acetyl-D-glucosamine biosynthesis I	1080.9921174383
UDPNAGSYN-PWY: UDP-N-acetyl-D-glucosamine biosynthesis I|g__Collinsella.s__Collinsella_aerofaciens	145.8515822365
UDPNAGSYN-PWY: UDP-N-acetyl-D-glucosamine biosynthesis I|g__Bifidobacterium.s__Bifidobacterium_adolescentis	137.9809123349
UDPNAGSYN-PWY: UDP-N-acetyl-D-glucosamine biosynthesis I|unclassified	71.0896043024
UDPNAGSYN-PWY: UDP-N-acetyl-D-glucosamine biosynthesis I|g__Clostridium.s__Clostridium_sp_CAG_217	58.8904685723
UDPNAGSYN-PWY: UDP-N-acetyl-D-glucosamine biosynthesis I|g__Bifidobacterium.s__Bifidobacterium_longum	50.3053302973
UDPNAGSYN-PWY: UDP-N-acetyl-D-glucosamine biosynthesis I|g__Roseburia.s__Roseburia_hominis	50.0261147757
UDPNAGSYN-PWY: UDP-N-acetyl-D-glucosamine biosynthesis I|g__Bifidobacterium.s__Bifidobacterium_bifidum	30.1904408180
UDPNAGSYN-PWY: UDP-N-acetyl-D-glucosamine biosynthesis I|g__Mesosutterella.s__Mesosutterella_multiformis	20.8154914835
UDPNAGSYN-PWY: UDP-N-acetyl-D-glucosamine biosynthesis I|g__Ruminococcus.s__Ruminococcus_bicirculans	20.7159429897
UDPNAGSYN-PWY: UDP-N-acetyl-D-glucosamine biosynthesis I|g__Acidaminococcus.s__Acidaminococcus_intestini	20.6767414565
UDPNAGSYN-PWY: UDP-N-acetyl-D-glucosamine biosynthesis I|g__Sutterella.s__Sutterella_wadsworthensis	13.4783394295
UDPNAGSYN-PWY: UDP-N-acetyl-D-glucosamine biosynthesis I|g__Coprococcus.s__Coprococcus_eutactus	12.9708096540
UDPNAGSYN-PWY: UDP-N-acetyl-D-glucosamine biosynthesis I|g__Ruminococcus.s__Ruminococcus_sp_CAG_254	10.0465896796
UDPNAGSYN-PWY: UDP-N-acetyl-D-glucosamine biosynthesis I|g__Lactobacillus.s__Lactobacillus_ruminis	8.6717733777
UDPNAGSYN-PWY: UDP-N-acetyl-D-glucosamine biosynthesis I|g__Phascolarctobacterium.s__Phascolarctobacterium_succinatutens	7.1235218692
UDPNAGSYN-PWY: UDP-N-acetyl-D-glucosamine biosynthesis I|g__Agathobaculum.s__Agathobaculum_butyriciproducens	6.8577698532
UDPNAGSYN-PWY: UDP-N-acetyl-D-glucosamine biosynthesis I|g__Bifidobacterium.s__Bifidobacterium_pseudocatenulatum	2.9254429957
1CMET2-PWY: folate transformations III (E. coli)	1079.0938646806
1CMET2-PWY: folate transformations III (E. coli)|g__Roseburia.s__Roseburia_faecis	121.5342410263
1CMET2-PWY: folate transformations III (E. coli)|unclassified	67.5228615964
1CMET2-PWY: folate transformations III (E. coli)|g__Coprococcus.s__Coprococcus_comes	20.7589653332
1CMET2-PWY: folate transformations III (E. coli)|g__Anaerostipes.s__Anaerostipes_hadrus	14.9720484681
1CMET2-PWY: folate transformations III (E. coli)|g__Blautia.s__Ruminococcus_torques	10.9764900336
PWY-7977: L-methionine biosynthesis IV	1078.3259155749
PWY-7977: L-methionine biosynthesis IV|g__Collinsella.s__Collinsella_aerofaciens	104.5496323529
PWY-7977: L-methionine biosynthesis IV|unclassified	61.4820720705
PWY-7977: L-methionine biosynthesis IV|g__Fusicatenibacter.s__Fusicatenibacter_saccharivorans	51.0256331086
PWY-7977: L-methionine biosynthesis IV|g__Roseburia.s__Roseburia_hominis	46.8125727587
PWY-7977: L-methionine biosynthesis IV|g__Faecalibacterium.s__Faecalibacterium_prausnitzii	27.6293128919
PWY-7977: L-methionine biosynthesis IV|g__Coprococcus.s__Coprococcus_comes	20.5943177332
PWY-7977: L-methionine biosynthesis IV|g__Dorea.s__Dorea_longicatena	17.5125799393
PWY-7977: L-methionine biosynthesis IV|g__Bacteroides.s__Bacteroides_uniformis	11.9472176406
PWY-7977: L-methionine biosynthesis IV|g__Anaerostipes.s__Anaerostipes_hadrus	10.5572476665
PWY-7977: L-methionine biosynthesis IV|g__Blautia.s__Ruminococcus_torques	9.5380933095
PWY-7977: L-methionine biosynthesis IV|g__Lachnospira.s__Lachnospira_pectinoschiza	9.0187420734
PWY-7977: L-methionine biosynthesis IV|g__Eubacterium.s__Eubacterium_hallii	8.7615457604
PWY-7977: L-methionine biosynthesis IV|g__Coprococcus.s__Coprococcus_eutactus	7.0422375175
PANTOSYN-PWY: superpathway of coenzyme A biosynthesis I (bacteria)	1071.2883815842
PANTOSYN-PWY: superpathway of coenzyme A biosynthesis I (bacteria)|g__Roseburia.s__Roseburia_faecis	117.9751169487
PANTOSYN-PWY: superpathway of coenzyme A biosynthesis I (bacteria)|unclassified	87.2118674809
PANTOSYN-PWY: superpathway of coenzyme A biosynthesis I (bacteria)|g__Blautia.s__Blautia_obeum	39.3172439026
PANTOSYN-PWY: superpathway of coenzyme A biosynthesis I (bacteria)|g__Prevotella.s__Prevotella_sp_CAG_279	33.8857818217
PANTOSYN-PWY: superpathway of coenzyme A biosynthesis I (bacteria)|g__Coprococcus.s__Coprococcus_comes	22.7097611420
PANTOSYN-PWY: superpathway of coenzyme A biosynthesis I (bacteria)|g__Acidaminococcus.s__Acidaminococcus_intestini	19.7584262535
PANTOSYN-PWY: superpathway of coenzyme A biosynthesis I (bacteria)|g__Anaerostipes.s__Anaerostipes_hadrus	19.7385914160
PANTOSYN-PWY: superpathway of coenzyme A biosynthesis I (bacteria)|g__Dorea.s__Dorea_longicatena	17.5136217058
PANTOSYN-PWY: superpathway of coenzyme A biosynthesis I (bacteria)|g__Agathobaculum.s__Agathobaculum_butyriciproducens	12.8140463963
PANTOSYN-PWY: superpathway of coenzyme A biosynthesis I (bacteria)|g__Bacteroides.s__Bacteroides_uniformis	11.8963751643
PANTOSYN-PWY: superpathway of coenzyme A biosynthesis I (bacteria)|g__Blautia.s__Blautia_wexlerae	11.4996662312
RIBOSYN2-PWY: flavin biosynthesis I (bacteria and plants)	1064.7918705157
RIBOSYN2-PWY: flavin biosynthesis I (bacteria and plants)|g__Faecalibacterium.s__Faecalibacterium_prausnitzii	291.8286589987
RIBOSYN2-PWY: flavin biosynthesis I (bacteria and plants)|g__Roseburia.s__Roseburia_faecis	95.6425451907
RIBOSYN2-PWY: flavin biosynthesis I (bacteria and plants)|g__Blautia.s__Ruminococcus_torques	71.1662823426
RIBOSYN2-PWY: flavin biosynthesis I (bacteria and plants)|g__Lachnospiraceae_unclassified.s__Eubacterium_rectale	39.9337375621
RIBOSYN2-PWY: flavin biosynthesis I (bacteria and plants)|g__Blautia.s__Blautia_obeum	35.6831161419
RIBOSYN2-PWY: flavin biosynthesis I (bacteria and plants)|g__Coprococcus.s__Coprococcus_comes	26.5077167578
RIBOSYN2-PWY: flavin biosynthesis I (bacteria and plants)|unclassified	24.2588642655
RIBOSYN2-PWY: flavin biosynthesis I (bacteria and plants)|g__Acidaminococcus.s__Acidaminococcus_intestini	21.2943841630
RIBOSYN2-PWY: flavin biosynthesis I (bacteria and plants)|g__Blautia.s__Blautia_wexlerae	10.2056623201
PWY-6936: seleno-amino acid biosynthesis (plants)	1032.7199544435
PWY-6936: seleno-amino acid biosynthesis (plants)|g__Roseburia.s__Roseburia_faecis	115.3850375422
PWY-6936: seleno-amino acid biosynthesis (plants)|unclassified	55.6392199270
PWY-6936: seleno-amino acid biosynthesis (plants)|g__Roseburia.s__Roseburia_hominis	55.0089785595
PWY-6936: seleno-amino acid biosynthesis (plants)|g__Fusicatenibacter.s__Fusicatenibacter_saccharivorans	32.8272466147
PWY-6936: seleno-amino acid biosynthesis (plants)|g__Coprococcus.s__Coprococcus_comes	28.2685512367
PWY-6936: seleno-amino acid biosynthesis (plants)|g__Anaerostipes.s__Anaerostipes_hadrus	21.0575201147
PWY-6936: seleno-amino acid biosynthesis (plants)|g__Agathobaculum.s__Agathobaculum_butyriciproducens	14.0814558059
PWY-6936: seleno-amino acid biosynthesis (plants)|g__Lactobacillus.s__Lactobacillus_ruminis	9.6627761899
PWY-6936: seleno-amino acid biosynthesis (plants)|g__Lachnospira.s__Lachnospira_pectinoschiza	7.2370355293
PWY-5695: inosine 5'-phosphate degradation	1030.5983249716
PWY-5695: inosine 5'-phosphate degradation|g__Fusicatenibacter.s__Fusicatenibacter_saccharivorans	126.4905118613
PWY-5695: inosine 5'-phosphate degradation|g__Roseburia.s__Roseburia_faecis	99.0504398106
PWY-5695: inosine 5'-phosphate degradation|g__Faecalibacterium.s__Faecalibacterium_prausnitzii	37.9027296428
PWY-5695: inosine 5'-phosphate degradation|g__Prevotella.s__Prevotella_sp_CAG_279	35.3662446683
PWY-5695: inosine 5'-phosphate degradation|g__Dorea.s__Dorea_longicatena	28.2258064516
PWY-5695: inosine 5'-phosphate degradation|g__Coprococcus.s__Coprococcus_comes	26.3112342046
PWY-5695: inosine 5'-phosphate degradation|unclassified	24.9200675638
PWY-5695: inosine 5'-phosphate degradation|g__Anaerostipes.s__Anaerostipes_hadrus	19.1303499097
PWY-5695: inosine 5'-phosphate degradation|g__Ruminococcus.s__Ruminococcus_bicirculans	16.6614824933
PWY-5695: inosine 5'-phosphate degradation|g__Mesosutterella.s__Mesosutterella_multiformis	13.6423986260
PWY-5695: inosine 5'-phosphate degradation|g__Blautia.s__Ruminococcus_torques	12.9915955216
PWY-5695: inosine 5'-phosphate degradation|g__Agathobaculum.s__Agathobaculum_butyriciproducens	12.4638326285
PWY-5695: inosine 5'-phosphate degradation|g__Clostridiales_unclassified.s__Clostridiales_bacterium_KLE1615	11.6585704372
PWY-5695: inosine 5'-phosphate degradation|g__Sutterella.s__Sutterella_wadsworthensis	10.9978233475
PWY-5695: inosine 5'-phosphate degradation|g__Roseburia.s__Roseburia_inulinivorans	8.8854219671
PWY-5695: inosine 5'-phosphate degradation|g__Bacteroides.s__Bacteroides_uniformis	8.4475216482
PWY-5695: inosine 5'-phosphate degradation|g__Blautia.s__Blautia_wexlerae	8.1991215227
PWY-5695: inosine 5'-phosphate degradation|g__Coprococcus.s__Coprococcus_eutactus	8.0369700623
PWY-5695: inosine 5'-phosphate degradation|g__Coprococcus.s__Coprococcus_catus	5.7421762848
PWY-5695: inosine 5'-phosphate degradation|g__Blautia.s__Blautia_obeum	3.5057895873
PWY-7199: pyrimidine deoxyribonucleosides salvage	1022.4371405260
PWY-7199: pyrimidine deoxyribonucleosides salvage|unclassified	95.9574637526
PWY-7199: pyrimidine deoxyribonucleosides salvage|g__Roseburia.s__Roseburia_hominis	70.3351598508
PWY-7199: pyrimidine deoxyribonucleosides salvage|g__Prevotella.s__Prevotella_sp_CAG_279	65.8626072604
PWY-7199: pyrimidine deoxyribonucleosides salvage|g__Blautia.s__Blautia_sp	20.5592608456
PWY-7199: pyrimidine deoxyribonucleosides salvage|g__Bacteroides.s__Bacteroides_uniformis	10.5991461799
PWY-7199: pyrimidine deoxyribonucleosides salvage|g__Bacteroides.s__Bacteroides_vulgatus	9.0566037736
PWY-6897: thiamine diphosphate salvage II	1003.0221132438
PWY-6897: thiamine diphosphate salvage II|g__Faecalibacterium.s__Faecalibacterium_prausnitzii	153.9902656117
PWY-6897: thiamine diphosphate salvage II|g__Bifidobacterium.s__Bifidobacterium_adolescentis	109.1451791296
PWY-6897: thiamine diphosphate salvage II|g__Lachnospiraceae_unclassified.s__Eubacterium_rectale	74.2206144462
PWY-6897: thiamine diphosphate salvage II|g__Blautia.s__Ruminococcus_torques	8.7933774018
HSERMETANA-PWY: L-methionine biosynthesis III	985.1028588741
HSERMETANA-PWY: L-methionine biosynthesis III|g__Roseburia.s__Roseburia_faecis	121.4356122104
HSERMETANA-PWY: L-methionine biosynthesis III|g__Bifidobacterium.s__Bifidobacterium_adolescentis	105.2581936095
HSERMETANA-PWY: L-methionine biosynthesis III|g__Bifidobacterium.s__Bifidobacterium_bifidum	75.7528362753
HSERMETANA-PWY: L-methionine biosynthesis III|unclassified	54.0491941336
HSERMETANA-PWY: L-methionine biosynthesis III|g__Roseburia.s__Roseburia_hominis	49.6477170523
HSERMETANA-PWY: L-methionine biosynthesis III|g__Fusicatenibacter.s__Fusicatenibacter_saccharivorans	44.6172125774
HSERMETANA-PWY: L-methionine biosynthesis III|g__Bifidobacterium.s__Bifidobacterium_longum	37.9557251595
HSERMETANA-PWY: L-methionine biosynthesis III|g__Dorea.s__Dorea_longicatena	33.3906813414
HSERMETANA-PWY: L-methionine biosynthesis III|g__Blautia.s__Blautia_sp	28.5486741518
HSERMETANA-PWY: L-methionine biosynthesis III|g__Ruminococcus.s__Ruminococcus_bicirculans	25.8076510615
HSERMETANA-PWY: L-methionine biosynthesis III|g__Coprococcus.s__Coprococcus_comes	25.7787325456
HSERMETANA-PWY: L-methionine biosynthesis III|g__Blautia.s__Blautia_obeum	24.3741433540
HSERMETANA-PWY: L-methionine biosynthesis III|g__Anaerostipes.s__Anaerostipes_hadrus	19.7034581855
HSERMETANA-PWY: L-methionine biosynthesis III|g__Blautia.s__Blautia_wexlerae	16.6085992650
HSERMETANA-PWY: L-methionine biosynthesis III|g__Coprococcus.s__Coprococcus_eutactus	9.8591549296
HSERMETANA-PWY: L-methionine biosynthesis III|g__Lachnospira.s__Lachnospira_pectinoschiza	9.4702954534
HSERMETANA-PWY: L-methionine biosynthesis III|g__Lactobacillus.s__Lactobacillus_ruminis	7.1776876453
PWY0-1586: peptidoglycan maturation (meso-diaminopimelate containing)	941.2233290360
PWY0-1586: peptidoglycan maturation (meso-diaminopimelate containing)|g__Lachnospiraceae_unclassified.s__Eubacterium_rectale	89.5639283940
PWY0-1586: peptidoglycan maturation (meso-diaminopimelate containing)|g__Collinsella.s__Collinsella_aerofaciens	59.1610196838
PWY0-1586: peptidoglycan maturation (meso-diaminopimelate containing)|unclassified	33.9858799550
PWY0-1586: peptidoglycan maturation (meso-diaminopimelate containing)|g__Mesosutterella.s__Mesosutterella_multiformis	30.2272192371
PWY0-1586: peptidoglycan maturation (meso-diaminopimelate containing)|g__Ruminococcus.s__Ruminococcus_bicirculans	27.0928318447
PWY0-1586: peptidoglycan maturation (meso-diaminopimelate containing)|g__Sutterella.s__Sutterella_wadsworthensis	21.2731390214
PWY0-1586: peptidoglycan maturation (meso-diaminopimelate containing)|g__Anaerostipes.s__Anaerostipes_hadrus	18.9569750531
PWY0-1586: peptidoglycan maturation (meso-diaminopimelate containing)|g__Lactobacillus.s__Lactobacillus_ruminis	13.4450876392
PWY0-1586: peptidoglycan maturation (meso-diaminopimelate containing)|g__Eubacterium.s__Eubacterium_hallii	12.8293601425
PWY0-1586: peptidoglycan maturation (meso-diaminopimelate containing)|g__Agathobaculum.s__Agathobaculum_butyriciproducens	6.7775723968
THISYNARA-PWY: superpathway of thiamine diphosphate biosynthesis III (eukaryotes)	929.9671245638
THISYNARA-PWY: superpathway of thiamine diphosphate biosynthesis III (eukaryotes)|g__Faecalibacterium.s__Faecalibacterium_prausnitzii	181.5031380382
THISYNARA-PWY: superpathway of thiamine diphosphate biosynthesis III (eukaryotes)|g__Roseburia.s__Roseburia_faecis	121.6303512671
THISYNARA-PWY: superpathway of thiamine diphosphate biosynthesis III (eukaryotes)|g__Lachnospiraceae_unclassified.s__Eubacterium_rectale	74.2434443860
THISYNARA-PWY: superpathway of thiamine diphosphate biosynthesis III (eukaryotes)|g__Bifidobacterium.s__Bifidobacterium_bifidum	46.5083629895
THISYNARA-PWY: superpathway of thiamine diphosphate biosynthesis III (eukaryotes)|g__Blautia.s__Ruminococcus_torques	4.3232260013
PWY-6628: superpathway of L-phenylalanine biosynthesis	928.6505582564
PWY-6628: superpathway of L-phenylalanine biosynthesis|g__Bifidobacterium.s__Bifidobacterium_longum	62.8008493364
PWY-6628: superpathway of L-phenylalanine biosynthesis|g__Acidaminococcus.s__Acidaminococcus_intestini	13.3271709406
PANTO-PWY: phosphopantothenate biosynthesis I	886.0745050857
PANTO-PWY: phosphopantothenate biosynthesis I|unclassified	113.4214613186
PANTO-PWY: phosphopantothenate biosynthesis I|g__Roseburia.s__Roseburia_faecis	108.0924922751
PANTO-PWY: phosphopantothenate biosynthesis I|g__Lachnospiraceae_unclassified.s__Eubacterium_rectale	80.0728622664
PANTO-PWY: phosphopantothenate biosynthesis I|g__Blautia.s__Ruminococcus_torques	40.7547789388
PANTO-PWY: phosphopantothenate biosynthesis I|g__Blautia.s__Blautia_obeum	38.5894928516
PANTO-PWY: phosphopantothenate biosynthesis I|g__Prevotella.s__Prevotella_sp_CAG_279	33.5145896765
PANTO-PWY: phosphopantothenate biosynthesis I|g__Anaerostipes.s__Anaerostipes_hadrus	22.1963540341
PANTO-PWY: phosphopantothenate biosynthesis I|g__Acidaminococcus.s__Acidaminococcus_intestini	21.8794832660
PANTO-PWY: phosphopantothenate biosynthesis I|g__Coprococcus.s__Coprococcus_comes	21.4384839929
PANTO-PWY: phosphopantothenate biosynthesis I|g__Agathobaculum.s__Agathobaculum_butyriciproducens	20.8608096985
PANTO-PWY: phosphopantothenate biosynthesis I|g__Dorea.s__Dorea_longicatena	16.2389444686
PANTO-PWY: phosphopantothenate biosynthesis I|g__Eubacterium.s__Eubacterium_hallii	15.9872102318
PANTO-PWY: phosphopantothenate biosynthesis I|g__Blautia.s__Blautia_wexlerae	12.4788769011
PANTO-PWY: phosphopantothenate biosynthesis I|g__Bacteroides.s__Bacteroides_uniformis	9.7928436911
PANTO-PWY: phosphopantothenate biosynthesis I|g__Blautia.s__Blautia_sp	2.3334868522
PWY-2942: L-lysine biosynthesis III	862.7295353992
PWY-2942: L-lysine biosynthesis III|unclassified	58.8490165405
PWY-2942: L-lysine biosynthesis III|g__Dorea.s__Dorea_longicatena	25.3639725107
PWY-2942: L-lysine biosynthesis III|g__Anaerostipes.s__Anaerostipes_hadrus	15.4667807173
PWY-2942: L-lysine biosynthesis III|g__Bacteroides.s__Bacteroides_uniformis	11.2568870384
PWY-2942: L-lysine biosynthesis III|g__Eubacterium.s__Eubacterium_hallii	10.7398552732
PWY-7237: myo-, chiro- and scyllo-inositol degradation	861.4933072450
PWY-7237: myo-, chiro- and scyllo-inositol degradation|unclassified	88.1033394001
PWY-7237: myo-, chiro- and scyllo-inositol degradation|g__Agathobaculum.s__Agathobaculum_butyriciproducens	67.3103986828
PWY-7237: myo-, chiro- and scyllo-inositol degradation|g__Blautia.s__Blautia_obeum	59.3202614379
PWY-7237: myo-, chiro- and scyllo-inositol degradation|g__Dorea.s__Dorea_longicatena	56.6358853483
PWY-7237: myo-, chiro- and scyllo-inositol degradation|g__Anaerostipes.s__Anaerostipes_hadrus	28.4244506925
PWY-7237: myo-, chiro- and scyllo-inositol degradation|g__Blautia.s__Blautia_sp	16.0000000000
PYRIDNUCSYN-PWY: NAD de novo biosynthesis I (from aspartate)	838.1756385493
PYRIDNUCSYN-PWY: NAD de novo biosynthesis I (from aspartate)|g__Bifidobacterium.s__Bifidobacterium_longum	58.7675115071
PYRIDNUCSYN-PWY: NAD de novo biosynthesis I (from aspartate)|unclassified	44.3138579018
PYRIDNUCSYN-PWY: NAD de novo biosynthesis I (from aspartate)|g__Bifidobacterium.s__Bifidobacterium_bifidum	39.2604298060
PYRIDNUCSYN-PWY: NAD de novo biosynthesis I (from aspartate)|g__Blautia.s__Blautia_obeum	21.7293520530
PYRIDNUCSYN-PWY: NAD de novo biosynthesis I (from aspartate)|g__Ruminococcus.s__Ruminococcus_bicirculans	15.9351960094
PYRIDNUCSYN-PWY: NAD de novo biosynthesis I (from aspartate)|g__Anaerostipes.s__Anaerostipes_hadrus	14.8619224155
PYRIDNUCSYN-PWY: NAD de novo biosynthesis I (from aspartate)|g__Bacteroides.s__Bacteroides_uniformis	13.9883358799
PYRIDNUCSYN-PWY: NAD de novo biosynthesis I (from aspartate)|g__Lactobacillus.s__Lactobacillus_ruminis	8.8323529659
GLYCOLYSIS: glycolysis I (from glucose 6-phosphate)	813.9770421117
GLYCOLYSIS: glycolysis I (from glucose 6-phosphate)|unclassified	40.0605874921
ANAEROFRUCAT-PWY: homolactic fermentation	788.2879991519
ANAEROFRUCAT-PWY: homolactic fermentation|unclassified	34.2752041962
COBALSYN-PWY: superpathway of adenosylcobalamin salvage from cobinamide I	787.6856360626
COBALSYN-PWY: superpathway of adenosylcobalamin salvage from cobinamide I|unclassified	73.7687549701
COBALSYN-PWY: superpathway of adenosylcobalamin salvage from cobinamide I|g__Blautia.s__Blautia_obeum	37.1092854849
COBALSYN-PWY: superpathway of adenosylcobalamin salvage from cobinamide I|g__Faecalibacterium.s__Faecalibacterium_prausnitzii	35.2751027121
COBALSYN-PWY: superpathway of adenosylcobalamin salvage from cobinamide I|g__Dorea.s__Dorea_longicatena	34.3361712843
COBALSYN-PWY: superpathway of adenosylcobalamin salvage from cobinamide I|g__Blautia.s__Blautia_sp	13.1769760598
COBALSYN-PWY: superpathway of adenosylcobalamin salvage from cobinamide I|g__Bacteroides.s__Bacteroides_uniformis	12.1851270975
COBALSYN-PWY: superpathway of adenosylcobalamin salvage from cobinamide I|g__Collinsella.s__Collinsella_aerofaciens	4.7696022345
COBALSYN-PWY: superpathway of adenosylcobalamin salvage from cobinamide I|g__Blautia.s__Blautia_wexlerae	3.6519481505
PWY-5188: tetrapyrrole biosynthesis I (from glutamate)	730.2401131398
PWY-5188: tetrapyrrole biosynthesis I (from glutamate)|g__Ruminococcus.s__Ruminococcus_bromii	292.4464798378
PWY-5188: tetrapyrrole biosynthesis I (from glutamate)|g__Roseburia.s__Roseburia_faecis	105.9189112748
PWY-5188: tetrapyrrole biosynthesis I (from glutamate)|g__Blautia.s__Blautia_obeum	29.9486324445
PWY-5188: tetrapyrrole biosynthesis I (from glutamate)|unclassified	26.6894000332
PWY-5188: tetrapyrrole biosynthesis I (from glutamate)|g__Ruminococcus.s__Ruminococcus_bicirculans	21.4928995447
PWY-5188: tetrapyrrole biosynthesis I (from glutamate)|g__Blautia.s__Blautia_sp	17.1634547703
PWY-5188: tetrapyrrole biosynthesis I (from glutamate)|g__Mesosutterella.s__Mesosutterella_multiformis	16.5182619091
PWY-5188: tetrapyrrole biosynthesis I (from glutamate)|g__Coprococcus.s__Coprococcus_eutactus	14.7754361371
PWY-5188: tetrapyrrole biosynthesis I (from glutamate)|g__Blautia.s__Blautia_wexlerae	13.0353434130
PWY-5188: tetrapyrrole biosynthesis I (from glutamate)|g__Anaerostipes.s__Anaerostipes_hadrus	10.9073238718
PWY-5188: tetrapyrrole biosynthesis I (from glutamate)|g__Phascolarctobacterium.s__Phascolarctobacterium_succinatutens	8.9473648014
PWY-5484: glycolysis II (from fructose 6-phosphate)	690.1162031641
PWY-5484: glycolysis II (from fructose 6-phosphate)|unclassified	34.3166651125
PWY-7328: superpathway of UDP-glucose-derived O-antigen building blocks biosynthesis	655.7609238336
PWY-7328: superpathway of UDP-glucose-derived O-antigen building blocks biosynthesis|unclassified	42.9829754548
PWY0-1061: superpathway of L-alanine biosynthesis	646.9074606461
PWY0-1061: superpathway of L-alanine biosynthesis|g__Bifidobacterium.s__Bifidobacterium_adolescentis	149.8431165878
PWY0-1061: superpathway of L-alanine biosynthesis|g__Blautia.s__Ruminococcus_torques	60.5196981646
PWY0-1061: superpathway of L-alanine biosynthesis|g__Lachnospiraceae_unclassified.s__Eubacterium_rectale	46.2704486325
PWY0-1061: superpathway of L-alanine biosynthesis|g__Bifidobacterium.s__Bifidobacterium_longum	44.9877726646
PWY0-1061: superpathway of L-alanine biosynthesis|g__Bifidobacterium.s__Bifidobacterium_bifidum	37.2600514982
PWY-6892: thiazole component of thiamine diphosphate biosynthesis I	641.8092688565
PWY-6892: thiazole component of thiamine diphosphate biosynthesis I|g__Blautia.s__Blautia_obeum	52.0558799701
PWY-6892: thiazole component of thiamine diphosphate biosynthesis I|g__Coprococcus.s__Coprococcus_comes	51.9376092296
PWY-6892: thiazole component of thiamine diphosphate biosynthesis I|g__Blautia.s__Blautia_sp	37.8007992177
PWY-6892: thiazole component of thiamine diphosphate biosynthesis I|g__Blautia.s__Blautia_wexlerae	24.0515546552
PWY-6892: thiazole component of thiamine diphosphate biosynthesis I|unclassified	22.7145717929
PWY-6892: thiazole component of thiamine diphosphate biosynthesis I|g__Eubacterium.s__Eubacterium_hallii	20.8524133043
PWY-6892: thiazole component of thiamine diphosphate biosynthesis I|g__Anaerostipes.s__Anaerostipes_hadrus	18.3999790200
PWY-6892: thiazole component of thiamine diphosphate biosynthesis I|g__Bacteroides.s__Bacteroides_uniformis	13.1001370745
PWY-6892: thiazole component of thiamine diphosphate biosynthesis I|g__Agathobaculum.s__Agathobaculum_butyriciproducens	12.8468797967
PWY-6892: thiazole component of thiamine diphosphate biosynthesis I|g__Blautia.s__Blautia_sp_CAG_52	12.4336160681
PWY-6901: superpathway of glucose and xylose degradation	637.6340536855
DAPLYSINESYN-PWY: L-lysine biosynthesis I	627.5630882637
DAPLYSINESYN-PWY: L-lysine biosynthesis I|g__Bifidobacterium.s__Bifidobacterium_adolescentis	156.5068826290
DAPLYSINESYN-PWY: L-lysine biosynthesis I|g__Bifidobacterium.s__Bifidobacterium_longum	74.6886860220
DAPLYSINESYN-PWY: L-lysine biosynthesis I|unclassified	15.8253535893
DAPLYSINESYN-PWY: L-lysine biosynthesis I|g__Bifidobacterium.s__Bifidobacterium_pseudocatenulatum	2.5870432252
PWY-2941: L-lysine biosynthesis II	615.8679307120
PWY-2941: L-lysine biosynthesis II|g__Roseburia.s__Roseburia_hominis	61.4838123766
PWY-2941: L-lysine biosynthesis II|unclassified	49.9830840505
PWY-7234: inosine-5'-phosphate biosynthesis III	602.3828675969
PWY-7234: inosine-5'-phosphate biosynthesis III|g__Bifidobacterium.s__Bifidobacterium_adolescentis	128.5536185482
PWY-7234: inosine-5'-phosphate biosynthesis III|g__Mesosutterella.s__Mesosutterella_multiformis	17.2236573001
PWY-7234: inosine-5'-phosphate biosynthesis III|g__Bifidobacterium.s__Bifidobacterium_pseudocatenulatum	2.7677830058
PWY-1861: formaldehyde assimilation II (assimilatory RuMP Cycle)	593.3860108329
PWY-1861: formaldehyde assimilation II (assimilatory RuMP Cycle)|g__Anaerostipes.s__Anaerostipes_hadrus	26.7565191527
GLUCONEO-PWY: gluconeogenesis I	583.8504344400
GLUCONEO-PWY: gluconeogenesis I|unclassified	26.4418035519
PENTOSE-P-PWY: pentose phosphate pathway	583.7117649493
PENTOSE-P-PWY: pentose phosphate pathway|g__Bifidobacterium.s__Bifidobacterium_bifidum	36.9891727522
PENTOSE-P-PWY: pentose phosphate pathway|unclassified	13.9238312750
PWY-622: starch biosynthesis	578.8272237391
FERMENTATION-PWY: mixed acid fermentation	563.4723828744
FERMENTATION-PWY: mixed acid fermentation|unclassified	28.0446106606
P124-PWY: Bifidobacterium shunt	548.3606285942
P124-PWY: Bifidobacterium shunt|g__Collinsella.s__Collinsella_aerofaciens	61.9654695801
P124-PWY: Bifidobacterium shunt|g__Bifidobacterium.s__Bifidobacterium_longum	8.8321661542
PWY-7229: superpathway of adenosine nucleotides de novo biosynthesis I	541.8994374462
PWY-7229: superpathway of adenosine nucleotides de novo biosynthesis I|g__Prevotella.s__Prevotella_sp_CAG_279	41.3465759605
PWY-7229: superpathway of adenosine nucleotides de novo biosynthesis I|unclassified	32.4729623887
PWY-7229: superpathway of adenosine nucleotides de novo biosynthesis I|g__Mesosutterella.s__Mesosutterella_multiformis	15.5276292600
PWY-5384: sucrose degradation IV (sucrose phosphorylase)	510.6573978267
PWY-5384: sucrose degradation IV (sucrose phosphorylase)|g__Bifidobacterium.s__Bifidobacterium_adolescentis	156.7922146261
PWY-5384: sucrose degradation IV (sucrose phosphorylase)|g__Roseburia.s__Roseburia_faecis	95.2823611434
PWY-5384: sucrose degradation IV (sucrose phosphorylase)|g__Bifidobacterium.s__Bifidobacterium_longum	58.4171382202
PWY-5384: sucrose degradation IV (sucrose phosphorylase)|g__Bifidobacterium.s__Bifidobacterium_bifidum	56.9224620967
PWY-5384: sucrose degradation IV (sucrose phosphorylase)|g__Faecalibacterium.s__Faecalibacterium_prausnitzii	45.1464569123
PWY-5384: sucrose degradation IV (sucrose phosphorylase)|g__Anaerostipes.s__Anaerostipes_hadrus	21.3145813943
PWY-5384: sucrose degradation IV (sucrose phosphorylase)|unclassified	11.1404001423
PWY-5384: sucrose degradation IV (sucrose phosphorylase)|g__Bifidobacterium.s__Bifidobacterium_pseudocatenulatum	4.6208433039
PWY-7400: L-arginine biosynthesis IV (archaebacteria)	503.6781267748
PWY-7400: L-arginine biosynthesis IV (archaebacteria)|g__Blautia.s__Ruminococcus_torques	49.9734750086
PHOSLIPSYN-PWY: superpathway of phospholipid biosynthesis I (bacteria)	500.2671478007
PHOSLIPSYN-PWY: superpathway of phospholipid biosynthesis I (bacteria)|g__Fusicatenibacter.s__Fusicatenibacter_saccharivorans	120.9677328903
PWY-621: sucrose degradation III (sucrose invertase)	482.9227064950
PWY-621: sucrose degradation III (sucrose invertase)|g__Roseburia.s__Roseburia_faecis	121.8078876027
PWY-621: sucrose degradation III (sucrose invertase)|g__Bifidobacterium.s__Bifidobacterium_bifidum	54.9205989966
PWY-621: sucrose degradation III (sucrose invertase)|g__Anaerostipes.s__Anaerostipes_hadrus	24.1995505411
PWY-621: sucrose degradation III (sucrose invertase)|g__Ruminococcus.s__Ruminococcus_bicirculans	23.4238647846
PWY-621: sucrose degradation III (sucrose invertase)|g__Coprococcus.s__Coprococcus_eutactus	14.7420911303
PWY-621: sucrose degradation III (sucrose invertase)|g__Faecalibacterium.s__Faecalibacterium_prausnitzii	10.2564102564
PWY-621: sucrose degradation III (sucrose invertase)|g__Bifidobacterium.s__Bifidobacterium_longum	4.7764739567
PWY-241: C4 photosynthetic carbon assimilation cycle, NADP-ME type	481.1302391816
PWY-841: superpathway of purine nucleotides de novo biosynthesis I	474.1906615360
PWY-841: superpathway of purine nucleotides de novo biosynthesis I|unclassified	29.8940208039
PWY-841: superpathway of purine nucleotides de novo biosynthesis I|g__Mesosutterella.s__Mesosutterella_multiformis	15.3473998691
PWY-6470: peptidoglycan biosynthesis V (&beta;-lactam resistance)	441.6838823948
PWY-8187: L-arginine degradation XIII (reductive Stickland reaction)	432.6763405079
PWY-8187: L-arginine degradation XIII (reductive Stickland reaction)|unclassified	225.5590690719
PWY-8187: L-arginine degradation XIII (reductive Stickland reaction)|g__Collinsella.s__Collinsella_sp_CAG_289	5.0850150961
PWY-7117: C4 photosynthetic carbon assimilation cycle, PEPCK type	427.9203013177
ASPASN-PWY: superpathway of L-aspartate and L-asparagine biosynthesis	425.6017017521
ASPASN-PWY: superpathway of L-aspartate and L-asparagine biosynthesis|g__Blautia.s__Blautia_obeum	21.3846978851
ASPASN-PWY: superpathway of L-aspartate and L-asparagine biosynthesis|g__Coprococcus.s__Coprococcus_comes	16.0976942395
ASPASN-PWY: superpathway of L-aspartate and L-asparagine biosynthesis|g__Bacteroides.s__Bacteroides_uniformis	9.5846645367
ASPASN-PWY: superpathway of L-aspartate and L-asparagine biosynthesis|g__Bacteroides.s__Bacteroides_vulgatus	3.8850038850
ASPASN-PWY: superpathway of L-aspartate and L-asparagine biosynthesis|g__Blautia.s__Blautia_wexlerae	1.5037351708
ASPASN-PWY: superpathway of L-aspartate and L-asparagine biosynthesis|g__Bacteroides.s__Bacteroides_dorei	1.4695077149
PWY-5659: GDP-mannose biosynthesis	421.4118748627
PWY-5659: GDP-mannose biosynthesis|g__Faecalibacterium.s__Faecalibacterium_prausnitzii	128.1682887195
PWY-5659: GDP-mannose biosynthesis|g__Ruminococcus.s__Ruminococcus_bicirculans	16.6299387191
PWY-5659: GDP-mannose biosynthesis|unclassified	15.1312794831
PWY-5659: GDP-mannose biosynthesis|g__Lachnospiraceae_unclassified.s__Eubacterium_rectale	11.3261268007
PWY-5659: GDP-mannose biosynthesis|g__Blautia.s__Blautia_obeum	6.2317508708
PWY-6731: starch degradation III	420.9542057114
PWY-6731: starch degradation III|g__Fusicatenibacter.s__Fusicatenibacter_saccharivorans	143.7464420369
PWY-6731: starch degradation III|g__Coprococcus.s__Coprococcus_comes	33.1442937437
PWY-6731: starch degradation III|g__Blautia.s__Blautia_obeum	32.9338098238
PWY-6731: starch degradation III|g__Blautia.s__Blautia_sp	23.5256611341
PWY-6731: starch degradation III|g__Agathobaculum.s__Agathobaculum_butyriciproducens	12.0165702179
PWY-6731: starch degradation III|g__Eubacterium.s__Eubacterium_hallii	11.6256773363
PWY-6731: starch degradation III|g__Lachnospira.s__Lachnospira_pectinoschiza	10.9317844637
PWY-6731: starch degradation III|unclassified	7.3691541695
PWY-6731: starch degradation III|g__Blautia.s__Blautia_wexlerae	6.6251010517
PWY-6549: L-glutamine biosynthesis III	418.3617232572
PWY-6549: L-glutamine biosynthesis III|unclassified	33.3558043174
GLCMANNANAUT-PWY: superpathway of N-acetylglucosamine, N-acetylmannosamine and N-acetylneuraminate degradation	418.0182051498
GLCMANNANAUT-PWY: superpathway of N-acetylglucosamine, N-acetylmannosamine and N-acetylneuraminate degradation|g__Faecalibacterium.s__Faecalibacterium_prausnitzii	197.4701219447
GLCMANNANAUT-PWY: superpathway of N-acetylglucosamine, N-acetylmannosamine and N-acetylneuraminate degradation|unclassified	63.3912524500
COLANSYN-PWY: colanic acid building blocks biosynthesis	410.7545698545
COLANSYN-PWY: colanic acid building blocks biosynthesis|unclassified	20.4462875483
PWY-8004: Entner-Doudoroff pathway I	406.5046088261
LACTOSECAT-PWY: lactose and galactose degradation I	387.7364866628
LACTOSECAT-PWY: lactose and galactose degradation I|g__Collinsella.s__Collinsella_aerofaciens	270.7999690477
LACTOSECAT-PWY: lactose and galactose degradation I|unclassified	46.2068260439
PWY0-162: superpathway of pyrimidine ribonucleotides de novo biosynthesis	385.5711984758
PWY-4041: &gamma;-glutamyl cycle	384.4910857810
PWY-4041: &gamma;-glutamyl cycle|g__Bifidobacterium.s__Bifidobacterium_longum	61.5224273757
PWY-4041: &gamma;-glutamyl cycle|unclassified	42.2618800369
RHAMCAT-PWY: L-rhamnose degradation I	373.2638303380
RHAMCAT-PWY: L-rhamnose degradation I|g__Roseburia.s__Roseburia_faecis	103.3454515747
RHAMCAT-PWY: L-rhamnose degradation I|unclassified	53.6665432053
RHAMCAT-PWY: L-rhamnose degradation I|g__Blautia.s__Blautia_obeum	17.5497427448
RHAMCAT-PWY: L-rhamnose degradation I|g__Clostridiales_unclassified.s__Clostridiales_bacterium_KLE1615	8.0843077811
PWY-6126: superpathway of adenosine nucleotides de novo biosynthesis II	360.8991097496
PWY-6126: superpathway of adenosine nucleotides de novo biosynthesis II|g__Prevotella.s__Prevotella_sp_CAG_279	39.8221736922
PWY-6126: superpathway of adenosine nucleotides de novo biosynthesis II|unclassified	21.7097504278
PWY-6126: superpathway of adenosine nucleotides de novo biosynthesis II|g__Mesosutterella.s__Mesosutterella_multiformis	14.6318626726
PWY-5913: partial TCA cycle (obligate autotrophs)	360.6103621417
PWY-5913: partial TCA cycle (obligate autotrophs)|unclassified	28.0446106606
PWY4FS-7: phosphatidylglycerol biosynthesis I (plastidic)	348.0779735309
PWY4FS-7: phosphatidylglycerol biosynthesis I (plastidic)|g__Fusicatenibacter.s__Fusicatenibacter_saccharivorans	111.3962827054
PWY4FS-7: phosphatidylglycerol biosynthesis I (plastidic)|unclassified	15.1765177881
PWY4FS-8: phosphatidylglycerol biosynthesis II (non-plastidic)	348.0779735309
PWY4FS-8: phosphatidylglycerol biosynthesis II (non-plastidic)|g__Fusicatenibacter.s__Fusicatenibacter_saccharivorans	111.3962827054
PWY4FS-8: phosphatidylglycerol biosynthesis II (non-plastidic)|unclassified	15.1765177881
THISYN-PWY: superpathway of thiamine diphosphate biosynthesis I	338.4514746711
GLYCOCAT-PWY: glycogen degradation I	332.9195861181
GLYCOCAT-PWY: glycogen degradation I|g__Bifidobacterium.s__Bifidobacterium_bifidum	22.2473791030
GLYCOCAT-PWY: glycogen degradation I|unclassified	15.1628659811
GLYCOCAT-PWY: glycogen degradation I|g__Bifidobacterium.s__Bifidobacterium_longum	7.0821072526
METH-ACETATE-PWY: methanogenesis from acetate	325.4567637649
METH-ACETATE-PWY: methanogenesis from acetate|g__Fusicatenibacter.s__Fusicatenibacter_saccharivorans	85.2911010539
METH-ACETATE-PWY: methanogenesis from acetate|g__Blautia.s__Blautia_obeum	13.8230841079
METH-ACETATE-PWY: methanogenesis from acetate|g__Blautia.s__Blautia_wexlerae	13.1160165068
METH-ACETATE-PWY: methanogenesis from acetate|g__Blautia.s__Blautia_sp_AF19_10LB	4.3915327277
PWY-6703: preQ0 biosynthesis	321.8948457949
PWY-6703: preQ0 biosynthesis|g__Prevotella.s__Prevotella_sp_CAG_279	52.6506111232
PWY-6703: preQ0 biosynthesis|unclassified	43.5101980747
PWY-6703: preQ0 biosynthesis|g__Blautia.s__Blautia_sp	35.7333599212
PWY-6703: preQ0 biosynthesis|g__Blautia.s__Blautia_obeum	29.5083999752
PWY-6703: preQ0 biosynthesis|g__Anaerostipes.s__Anaerostipes_hadrus	17.2151147432
PWY-6703: preQ0 biosynthesis|g__Bacteroides.s__Bacteroides_uniformis	14.9015433741
PWY-6703: preQ0 biosynthesis|g__Acidaminococcus.s__Acidaminococcus_intestini	13.4740624298
PWY-6703: preQ0 biosynthesis|g__Blautia.s__Blautia_sp_CAG_52	12.8593735648
PWY-6703: preQ0 biosynthesis|g__Mesosutterella.s__Mesosutterella_multiformis	12.7562675002
PWY-6703: preQ0 biosynthesis|g__Coprococcus.s__Coprococcus_eutactus	12.2342865882
PWY-6703: preQ0 biosynthesis|g__Ruminococcus.s__Ruminococcus_sp_CAG_254	6.3948840927
PWY-6703: preQ0 biosynthesis|g__Bacteroides.s__Bacteroides_vulgatus	6.2942564910
PWY-7228: superpathway of guanosine nucleotides de novo biosynthesis I	311.1817101776
PWY-7228: superpathway of guanosine nucleotides de novo biosynthesis I|g__Collinsella.s__Collinsella_aerofaciens	70.4699228906
PWY-7228: superpathway of guanosine nucleotides de novo biosynthesis I|g__Prevotella.s__Prevotella_sp_CAG_279	34.9355753986
PWY-7228: superpathway of guanosine nucleotides de novo biosynthesis I|unclassified	18.7451703256
PWY-7228: superpathway of guanosine nucleotides de novo biosynthesis I|g__Mesosutterella.s__Mesosutterella_multiformis	14.9866754866
PWY-7228: superpathway of guanosine nucleotides de novo biosynthesis I|g__Sutterella.s__Sutterella_wadsworthensis	11.4460129721
PWY-7345: superpathway of anaerobic sucrose degradation	311.1741178201
PWY-7456: &beta;-(1,4)-mannan degradation	309.5719190045
PWY-702: L-methionine biosynthesis II	308.1996409704
PWY-702: L-methionine biosynthesis II|g__Bifidobacterium.s__Bifidobacterium_longum	41.3820871903
PWY-I9: L-cysteine biosynthesis VI (from L-methionine)	307.0335878112
PWY-I9: L-cysteine biosynthesis VI (from L-methionine)|g__Bifidobacterium.s__Bifidobacterium_longum	78.0666814104
PWY-I9: L-cysteine biosynthesis VI (from L-methionine)|g__Coprococcus.s__Coprococcus_comes	29.7566612845
PWY-I9: L-cysteine biosynthesis VI (from L-methionine)|g__Anaerostipes.s__Anaerostipes_hadrus	21.8386696325
GLUCUROCAT-PWY: superpathway of &beta;-D-glucuronosides degradation	304.9481107938
GLUCUROCAT-PWY: superpathway of &beta;-D-glucuronosides degradation|g__Faecalibacterium.s__Faecalibacterium_prausnitzii	95.5317539478
GLUCUROCAT-PWY: superpathway of &beta;-D-glucuronosides degradation|unclassified	20.3467785172
PWY0-1479: tRNA processing	292.6416124619
PWY0-1479: tRNA processing|g__Sutterella.s__Sutterella_wadsworthensis	10.6773440107
PWY-5973: cis-vaccenate biosynthesis	274.5442360282
PWY-5973: cis-vaccenate biosynthesis|g__Bacteroides.s__Bacteroides_uniformis	10.5004041063
PWY-5973: cis-vaccenate biosynthesis|g__Lactobacillus.s__Lactobacillus_ruminis	9.4756790903
PWY-7242: D-fructuronate degradation	267.1936483794
PWY-7242: D-fructuronate degradation|g__Faecalibacterium.s__Faecalibacterium_prausnitzii	103.9887125880
PWY-7242: D-fructuronate degradation|unclassified	18.5078705028
PWY-7356: thiamine diphosphate salvage IV (yeast)	258.8153784310
PWY-7356: thiamine diphosphate salvage IV (yeast)|g__Bifidobacterium.s__Bifidobacterium_adolescentis	87.8003653349
PWY-7356: thiamine diphosphate salvage IV (yeast)|g__Agathobaculum.s__Agathobaculum_butyriciproducens	11.4686432027
PWY-6630: superpathway of L-tyrosine biosynthesis	256.4442604921
PWY-6630: superpathway of L-tyrosine biosynthesis|unclassified	30.9389885791
PWY-6125: superpathway of guanosine nucleotides de novo biosynthesis II	253.5756316557
PWY-6125: superpathway of guanosine nucleotides de novo biosynthesis II|g__Prevotella.s__Prevotella_sp_CAG_279	26.8119069471
PWY-6125: superpathway of guanosine nucleotides de novo biosynthesis II|unclassified	15.2922196474
PWY-6125: superpathway of guanosine nucleotides de novo biosynthesis II|g__Mesosutterella.s__Mesosutterella_multiformis	14.2173654252
PWY-7115: C4 photosynthetic carbon assimilation cycle, NAD-ME type	249.5096718810
PWY-7208: superpathway of pyrimidine nucleobases salvage	227.6833118866
PWY-7208: superpathway of pyrimidine nucleobases salvage|g__Collinsella.s__Collinsella_aerofaciens	47.6265640738
PWY-7208: superpathway of pyrimidine nucleobases salvage|g__Blautia.s__Blautia_obeum	34.6872724999
PWY-7208: superpathway of pyrimidine nucleobases salvage|g__Mesosutterella.s__Mesosutterella_multiformis	14.7834693933
PWY-7208: superpathway of pyrimidine nucleobases salvage|unclassified	13.7313958219
PWY-7208: superpathway of pyrimidine nucleobases salvage|g__Sutterella.s__Sutterella_wadsworthensis	9.6275874141
PWY-7663: gondoate biosynthesis (anaerobic)	225.1530197274
PWY-7663: gondoate biosynthesis (anaerobic)|g__Bifidobacterium.s__Bifidobacterium_longum	46.8567233018
PWY-7663: gondoate biosynthesis (anaerobic)|unclassified	18.5209444476
PWY-7663: gondoate biosynthesis (anaerobic)|g__Lactobacillus.s__Lactobacillus_ruminis	9.8199672668
PWY-7663: gondoate biosynthesis (anaerobic)|g__Bacteroides.s__Bacteroides_uniformis	9.5153782172
PWY-7198: pyrimidine deoxyribonucleotides de novo biosynthesis IV	222.6764133443
PWY-7198: pyrimidine deoxyribonucleotides de novo biosynthesis IV|unclassified	12.3297941071
PWY-5121: superpathway of geranylgeranyl diphosphate biosynthesis II (via MEP)	216.5193799317
GLYCOLYSIS-E-D: superpathway of glycolysis and the Entner-Doudoroff pathway	208.0090322247
GLYCOLYSIS-E-D: superpathway of glycolysis and the Entner-Doudoroff pathway|unclassified	20.1033414878
FASYN-ELONG-PWY: fatty acid elongation -- saturated	206.8738239130
FASYN-ELONG-PWY: fatty acid elongation -- saturated|g__Bifidobacterium.s__Bifidobacterium_longum	46.8567233018
PWY-7664: oleate biosynthesis IV (anaerobic)	204.1514067708
PWY-7664: oleate biosynthesis IV (anaerobic)|g__Bifidobacterium.s__Bifidobacterium_longum	46.8567233018
PWY0-862: (5Z)-dodecenoate biosynthesis I	200.6310553221
PWY0-862: (5Z)-dodecenoate biosynthesis I|g__Bifidobacterium.s__Bifidobacterium_longum	46.8567233018
PWY-6902: chitin degradation II (Vibrio)	199.5942348805
PWY-6902: chitin degradation II (Vibrio)|g__Fusicatenibacter.s__Fusicatenibacter_saccharivorans	150.3801278647
PWY-6902: chitin degradation II (Vibrio)|g__Bacteroides.s__Bacteroides_uniformis	17.3941394511
PWY-6902: chitin degradation II (Vibrio)|g__Bacteroides.s__Bacteroides_vulgatus	5.1400668209
PWY-5989: stearate biosynthesis II (bacteria and plants)	192.7625612286
PWY-6895: superpathway of thiamine diphosphate biosynthesis II	190.5299029747
PWY-6292: superpathway of L-cysteine biosynthesis (mammalian)	187.7839959257
PWY-6292: superpathway of L-cysteine biosynthesis (mammalian)|unclassified	9.7173952833
PPGPPMET-PWY: ppGpp metabolism	186.9832239062
PWY-6282: palmitoleate biosynthesis I (from (5Z)-dodec-5-enoate)	185.2632710892
PWY-6282: palmitoleate biosynthesis I (from (5Z)-dodec-5-enoate)|g__Bifidobacterium.s__Bifidobacterium_longum	46.8567233018
P441-PWY: superpathway of N-acetylneuraminate degradation	181.0075513175
PWY66-399: gluconeogenesis III	173.4471063461
PWY-7220: adenosine deoxyribonucleotides de novo biosynthesis II	168.5140589190
PWY-7220: adenosine deoxyribonucleotides de novo biosynthesis II|g__Prevotella.s__Prevotella_sp_CAG_279	33.3820102177
PWY-7220: adenosine deoxyribonucleotides de novo biosynthesis II|g__Mesosutterella.s__Mesosutterella_multiformis	13.8420670544
PWY-7220: adenosine deoxyribonucleotides de novo biosynthesis II|g__Sutterella.s__Sutterella_wadsworthensis	12.6903553299
PWY-7220: adenosine deoxyribonucleotides de novo biosynthesis II|unclassified	10.1975908582
PWY-7222: guanosine deoxyribonucleotides de novo biosynthesis II	168.5140589190
PWY-7222: guanosine deoxyribonucleotides de novo biosynthesis II|g__Prevotella.s__Prevotella_sp_CAG_279	33.3820102177
PWY-7222: guanosine deoxyribonucleotides de novo biosynthesis II|g__Mesosutterella.s__Mesosutterella_multiformis	13.8420670544
PWY-7222: guanosine deoxyribonucleotides de novo biosynthesis II|g__Sutterella.s__Sutterella_wadsworthensis	12.6903553299
PWY-7222: guanosine deoxyribonucleotides de novo biosynthesis II|unclassified	10.1975908582
PWY-7383: anaerobic energy metabolism (invertebrates, cytosol)	168.1871804239
PWY3O-4107: NAD salvage pathway V (PNC V cycle)	163.7740206098
PWY3O-4107: NAD salvage pathway V (PNC V cycle)|g__Bifidobacterium.s__Bifidobacterium_bifidum	41.1271610252
PWY-6969: TCA cycle V (2-oxoglutarate synthase)	157.0466048318
PWY-7197: pyrimidine deoxyribonucleotide phosphorylation	154.2294659969
PWY-7197: pyrimidine deoxyribonucleotide phosphorylation|g__Collinsella.s__Collinsella_aerofaciens	57.7061165872
PWY-7197: pyrimidine deoxyribonucleotide phosphorylation|g__Sutterella.s__Sutterella_wadsworthensis	15.0872230080
PWY-7197: pyrimidine deoxyribonucleotide phosphorylation|unclassified	9.3137708775
GALACTUROCAT-PWY: D-galacturonate degradation I	153.8067550547
GALACTUROCAT-PWY: D-galacturonate degradation I|g__Faecalibacterium.s__Faecalibacterium_prausnitzii	122.2772474358
GALACTUROCAT-PWY: D-galacturonate degradation I|unclassified	10.1201370622
PWY-6590: superpathway of Clostridium acetobutylicum acidogenic fermentation	151.1289441529
PWY-6353: purine nucleotides degradation II (aerobic)	146.7407584198
PWY-7323: superpathway of GDP-mannose-derived O-antigen building blocks biosynthesis	145.7575993677
PWY-7323: superpathway of GDP-mannose-derived O-antigen building blocks biosynthesis|unclassified	11.0935936838
FASYN-INITIAL-PWY: superpathway of fatty acid biosynthesis initiation (E. coli)	134.1788739662
PYRIDNUCSAL-PWY: NAD salvage pathway I (PNC VI cycle)	133.0994512881
PWY-7761: NAD salvage pathway II (PNC IV cycle)	131.1183726958
PWY-7761: NAD salvage pathway II (PNC IV cycle)|unclassified	30.2123158534
PWY-7761: NAD salvage pathway II (PNC IV cycle)|g__Blautia.s__Blautia_obeum	17.3185347729
PWY-6507: 4-deoxy-L-threo-hex-4-enopyranuronate degradation	128.5448843579
PWY-6507: 4-deoxy-L-threo-hex-4-enopyranuronate degradation|g__Faecalibacterium.s__Faecalibacterium_prausnitzii	104.0399108699
PWY-6507: 4-deoxy-L-threo-hex-4-enopyranuronate degradation|unclassified	13.4929509054
PWY-6147: 6-hydroxymethyl-dihydropterin diphosphate biosynthesis I	123.3265723789
PWY-6147: 6-hydroxymethyl-dihydropterin diphosphate biosynthesis I|g__Bacteroides.s__Bacteroides_uniformis	12.5216613561
CENTFERM-PWY: pyruvate fermentation to butanoate	117.0015560848
BIOTIN-BIOSYNTHESIS-PWY: biotin biosynthesis I	114.2894011715
PWY-6608: guanosine nucleotides degradation III	113.4051428292
PWY-6608: guanosine nucleotides degradation III|g__Anaerostipes.s__Anaerostipes_hadrus	19.1303499097
PWY-6608: guanosine nucleotides degradation III|unclassified	19.0038552740
PWY-6608: guanosine nucleotides degradation III|g__Faecalibacterium.s__Faecalibacterium_prausnitzii	15.0088271730
PWY-6608: guanosine nucleotides degradation III|g__Blautia.s__Ruminococcus_torques	9.7206675367
PWY-6608: guanosine nucleotides degradation III|g__Blautia.s__Blautia_wexlerae	6.6413662239
PWY-6608: guanosine nucleotides degradation III|g__Blautia.s__Blautia_obeum	3.8118241942
PWY-6519: 8-amino-7-oxononanoate biosynthesis I	107.5756099641
P164-PWY: purine nucleobases degradation I (anaerobic)	103.1385037004
P164-PWY: purine nucleobases degradation I (anaerobic)|unclassified	24.3156399399
SALVADEHYPOX-PWY: adenosine nucleotides degradation II	96.3103169496
SALVADEHYPOX-PWY: adenosine nucleotides degradation II|g__Anaerostipes.s__Anaerostipes_hadrus	19.7875863183
SALVADEHYPOX-PWY: adenosine nucleotides degradation II|g__Faecalibacterium.s__Faecalibacterium_prausnitzii	13.3722078950
PWY-5505: L-glutamate and L-glutamine biosynthesis	85.9673563540
ARG+POLYAMINE-SYN: superpathway of arginine and polyamine biosynthesis	81.4131603042
PWY0-1261: anhydromuropeptides recycling I	81.1832765889
PWY-6606: guanosine nucleotides degradation II	75.0545786757
PWY-6606: guanosine nucleotides degradation II|unclassified	6.9499465515
PWY-7209: superpathway of pyrimidine ribonucleosides degradation	74.0994916955
PWY-5345: superpathway of L-methionine biosynthesis (by sulfhydrylation)	73.4877630611
PWY-5345: superpathway of L-methionine biosynthesis (by sulfhydrylation)|unclassified	24.1741893562
NAGLIPASYN-PWY: lipid IVA biosynthesis (E. coli)	72.8667240236
NAGLIPASYN-PWY: lipid IVA biosynthesis (E. coli)|g__Sutterella.s__Sutterella_wadsworthensis	13.7801191667
PWY-8073: lipid IVA biosynthesis (P. putida)	72.8667240236
PWY-8073: lipid IVA biosynthesis (P. putida)|g__Sutterella.s__Sutterella_wadsworthensis	13.7801191667
PWY0-781: aspartate superpathway	72.5590547682
PWY-5154: L-arginine biosynthesis III (via N-acetyl-L-citrulline)	71.1514428417
PWY-5154: L-arginine biosynthesis III (via N-acetyl-L-citrulline)|unclassified	18.2502418766
PWY-5154: L-arginine biosynthesis III (via N-acetyl-L-citrulline)|g__Blautia.s__Ruminococcus_torques	13.2719346912
PWY-5676: acetyl-CoA fermentation to butanoate II	70.4400401978
PWY-5676: acetyl-CoA fermentation to butanoate II|g__Anaerostipes.s__Anaerostipes_hadrus	18.6963416869
POLYISOPRENSYN-PWY: polyisoprenoid biosynthesis (E. coli)	69.7951428260
P4-PWY: superpathway of L-lysine, L-threonine and L-methionine biosynthesis I	68.6798395690
CITRULBIO-PWY: L-citrulline biosynthesis	68.3209887755
CITRULBIO-PWY: L-citrulline biosynthesis|unclassified	36.8641527946
RUMP-PWY: formaldehyde oxidation I	65.2349241009
SULFATE-CYS-PWY: superpathway of sulfate assimilation and cysteine biosynthesis	61.4597144465
SULFATE-CYS-PWY: superpathway of sulfate assimilation and cysteine biosynthesis|unclassified	21.1591366012
PWY0-1241: ADP-L-glycero-&beta;-D-manno-heptose biosynthesis	60.2701750727
PWY0-1241: ADP-L-glycero-&beta;-D-manno-heptose biosynthesis|g__Acidaminococcus.s__Acidaminococcus_intestini	16.8553988024
P42-PWY: incomplete reductive TCA cycle	59.6734289513
P185-PWY: formaldehyde assimilation III (dihydroxyacetone cycle)	58.9071514343
P185-PWY: formaldehyde assimilation III (dihydroxyacetone cycle)|unclassified	20.2679731964
FOLSYN-PWY: superpathway of tetrahydrofolate biosynthesis and salvage	57.9374779763
PWY-4984: urea cycle	57.1256343434
PWY-4984: urea cycle|unclassified	32.0840827924
PWY-8131: 5'-deoxyadenosine degradation II	55.5733969970
PWY1ZNC-1: assimilatory sulfate reduction IV	55.1492315725
PWY1ZNC-1: assimilatory sulfate reduction IV|unclassified	12.7112853889
HEMESYN2-PWY: heme b biosynthesis II (oxygen-independent)	54.6790588696
HEMESYN2-PWY: heme b biosynthesis II (oxygen-independent)|g__Mesosutterella.s__Mesosutterella_multiformis	15.5084656742
HEMESYN2-PWY: heme b biosynthesis II (oxygen-independent)|g__Sutterella.s__Sutterella_wadsworthensis	10.9675447262
PWY-5136: fatty acid &beta;-oxidation II (plant peroxisome)	52.7718845816
PWY-5136: fatty acid &beta;-oxidation II (plant peroxisome)|g__Coprococcus.s__Coprococcus_catus	8.9038519336
GOLPDLCAT-PWY: superpathway of glycerol degradation to 1,3-propanediol	52.3462837573
GOLPDLCAT-PWY: superpathway of glycerol degradation to 1,3-propanediol|g__Anaerostipes.s__Anaerostipes_hadrus	15.8891831330
GOLPDLCAT-PWY: superpathway of glycerol degradation to 1,3-propanediol|unclassified	10.8244583643
GOLPDLCAT-PWY: superpathway of glycerol degradation to 1,3-propanediol|g__Blautia.s__Ruminococcus_torques	6.9806883700
PWY-7392: taxadiene biosynthesis (engineered)	50.8312166851
PWY-1269: CMP-3-deoxy-D-manno-octulosonate biosynthesis	48.0905584369
PWY-7282: 4-amino-2-methyl-5-diphosphomethylpyrimidine biosynthesis II	46.7010396871
PWY-7282: 4-amino-2-methyl-5-diphosphomethylpyrimidine biosynthesis II|g__Bacteroides.s__Bacteroides_uniformis	8.6563271648
POLYAMINSYN3-PWY: superpathway of polyamine biosynthesis II	45.6923838126
PWY-6305: superpathway of putrescine biosynthesis	45.1036991535
PWY-6305: superpathway of putrescine biosynthesis|unclassified	14.6607884825
POLYAMSYN-PWY: superpathway of polyamine biosynthesis I	44.0856055153
POLYAMSYN-PWY: superpathway of polyamine biosynthesis I|unclassified	9.5745768539
HISDEG-PWY: L-histidine degradation I	40.5684731004
HISDEG-PWY: L-histidine degradation I|g__Acidaminococcus.s__Acidaminococcus_intestini	20.7406642513
HISDEG-PWY: L-histidine degradation I|g__Bacteroides.s__Bacteroides_uniformis	12.3081199224
ORNDEG-PWY: superpathway of ornithine degradation	39.5276061339
PWY-6612: superpathway of tetrahydrofolate biosynthesis	39.0690875854
ARGININE-SYN4-PWY: L-ornithine biosynthesis II	38.3669651967
ARGININE-SYN4-PWY: L-ornithine biosynthesis II|g__Bacteroides.s__Bacteroides_uniformis	10.2964293686
PWY-821: superpathway of sulfur amino acid biosynthesis (Saccharomyces cerevisiae)	35.4931405589
PWY-821: superpathway of sulfur amino acid biosynthesis (Saccharomyces cerevisiae)|unclassified	23.3960564199
P461-PWY: hexitol fermentation to lactate, formate, ethanol and acetate	35.3113415650
P461-PWY: hexitol fermentation to lactate, formate, ethanol and acetate|g__Anaerostipes.s__Anaerostipes_hadrus	17.8030016038
MET-SAM-PWY: superpathway of S-adenosyl-L-methionine biosynthesis	34.8497393564
PWY-5347: superpathway of L-methionine biosynthesis (transsulfuration)	34.5411365795
METSYN-PWY: superpathway of L-homoserine and L-methionine biosynthesis	30.5665523129
PWY-5497: purine nucleobases degradation II (anaerobic)	30.3111675271
PWY-7013: (S)-propane-1,2-diol degradation	29.0639748640
PWY-7013: (S)-propane-1,2-diol degradation|g__Eubacterium.s__Eubacterium_hallii	17.2721884398
PWY-7883: anhydromuropeptides recycling II	28.1864815087
SO4ASSIM-PWY: assimilatory sulfate reduction I	28.1401155640
SO4ASSIM-PWY: assimilatory sulfate reduction I|unclassified	18.9461489700
GLUDEG-I-PWY: GABA shunt	27.5092431961
PWY-7196: superpathway of pyrimidine ribonucleosides salvage	27.1137396736
PWY-5030: L-histidine degradation III	26.3912044626
PWY-5030: L-histidine degradation III|g__Bacteroides.s__Bacteroides_uniformis	13.4734788553
PWY-6906: chitin derivatives degradation	25.0351265571
PWY-6607: guanosine nucleotides degradation I	23.8491754698
PWY0-1298: superpathway of pyrimidine deoxyribonucleosides degradation	23.5127592175
PWY-6595: superpathway of guanosine nucleotides degradation (plants)	23.0617045243
PWY0-1297: superpathway of purine deoxyribonucleosides degradation	22.5355519715
PWY-6588: pyruvate fermentation to acetone	22.3323301696
PWY0-1477: ethanolamine utilization	20.6445711845
PWY0-845: superpathway of pyridoxal 5'-phosphate biosynthesis and salvage	19.3061108124
PWY0-845: superpathway of pyridoxal 5'-phosphate biosynthesis and salvage|g__Bacteroides.s__Bacteroides_uniformis	10.9760669818
PWY-6859: all-trans-farnesol biosynthesis	18.9024550740
PWY4LZ-257: superpathway of fermentation (Chlamydomonas reinhardtii)	18.6676225541
HOMOSER-METSYN-PWY: L-methionine biosynthesis I	17.6091529157
PWY-8190: L-glutamate degradation XI (reductive Stickland reaction)	17.0364623836
FUC-RHAMCAT-PWY: superpathway of fucose and rhamnose degradation	16.2929674426
PYRIDOXSYN-PWY: pyridoxal 5'-phosphate biosynthesis I	15.3967688415
PYRIDOXSYN-PWY: pyridoxal 5'-phosphate biosynthesis I|g__Bacteroides.s__Bacteroides_uniformis	9.8069644109
P161-PWY: acetylene degradation (anaerobic)	15.0823827866
PWY-5189: tetrapyrrole biosynthesis II (from glycine)	14.9288114075
PWY-5189: tetrapyrrole biosynthesis II (from glycine)|unclassified	11.7637265017
FUCCAT-PWY: fucose degradation	7.5927055514
FUCCAT-PWY: fucose degradation|unclassified	6.5511596237