# Pathway	62_S58_L001_R2_001_Abundance
UNMAPPED	854459.4208029583
UNINTEGRATED	2168319.1203427142
UNINTEGRATED|g__Faecalibacterium.s__Faecalibacterium_prausnitzii	256506.8417079496
UNINTEGRATED|unclassified	226039.6760693262
UNINTEGRATED|g__Bacteroides.s__Bacteroides_uniformis	131578.0833220943
UNINTEGRATED|g__Ruminococcus.s__Ruminococcus_bicirculans	118573.6620449496
UNINTEGRATED|g__Bacteroides.s__Bacteroides_vulgatus	110961.3439927789
UNINTEGRATED|g__Roseburia.s__Roseburia_faecis	91925.8618251671
UNINTEGRATED|g__Roseburia.s__Roseburia_intestinalis	66133.6360842029
UNINTEGRATED|g__Blautia.s__Ruminococcus_torques	51420.5264425780
UNINTEGRATED|g__Bacteroides.s__Bacteroides_dorei	48545.1272267444
UNINTEGRATED|g__Alistipes.s__Alistipes_putredinis	47665.9352455595
UNINTEGRATED|g__Blautia.s__Blautia_obeum	44930.0548820760
UNINTEGRATED|g__Lachnospiraceae_unclassified.s__Eubacterium_rectale	38983.1446575629
UNINTEGRATED|g__Ruminococcus.s__Ruminococcus_bromii	31158.2838944386
UNINTEGRATED|g__Clostridium.s__Clostridium_sp_CAG_217	30621.3803139524
UNINTEGRATED|g__Gemmiger.s__Gemmiger_formicilis	28323.5639553089
UNINTEGRATED|g__Blautia.s__Blautia_sp	28303.0297352657
UNINTEGRATED|g__Subdoligranulum.s__Subdoligranulum_sp_APC924_74	27385.2204062925
UNINTEGRATED|g__Ruminococcus.s__Ruminococcus_sp_CAG_254	26616.6285326736
UNINTEGRATED|g__Parabacteroides.s__Parabacteroides_merdae	25057.4191547467
UNINTEGRATED|g__Collinsella.s__Collinsella_aerofaciens	24537.5847331991
UNINTEGRATED|g__Coprococcus.s__Coprococcus_eutactus	24233.9616890925
UNINTEGRATED|g__Fusicatenibacter.s__Fusicatenibacter_saccharivorans	23865.6273498316
UNINTEGRATED|g__Blautia.s__Blautia_wexlerae	23384.5584837734
UNINTEGRATED|g__Roseburia.s__Roseburia_inulinivorans	21873.3138286384
UNINTEGRATED|g__Bacteroides.s__Bacteroides_ovatus	21680.2713139331
UNINTEGRATED|g__Bacteroides.s__Bacteroides_fragilis	21454.3838333943
UNINTEGRATED|g__Parabacteroides.s__Parabacteroides_distasonis	19994.2207183824
UNINTEGRATED|g__Eubacterium.s__Eubacterium_eligens	18449.8178892930
UNINTEGRATED|g__Eubacterium.s__Eubacterium_hallii	16617.6573514767
UNINTEGRATED|g__Dorea.s__Dorea_longicatena	15777.7944114688
UNINTEGRATED|g__Coprococcus.s__Coprococcus_comes	15674.7714338873
UNINTEGRATED|g__Clostridium.s__Clostridium_sp_AF36_4	14794.0556272103
UNINTEGRATED|g__Alistipes.s__Alistipes_finegoldii	13362.6134622940
UNINTEGRATED|g__Bifidobacterium.s__Bifidobacterium_adolescentis	13295.6499109190
UNINTEGRATED|g__Roseburia.s__Roseburia_hominis	12798.5349825219
UNINTEGRATED|g__Dorea.s__Dorea_formicigenerans	12575.8562115144
UNINTEGRATED|g__Paraprevotella.s__Paraprevotella_clara	12109.6667689162
UNINTEGRATED|g__Clostridiales_unclassified.s__Clostridiales_bacterium_KLE1615	11447.4598032252
UNINTEGRATED|g__Agathobaculum.s__Agathobaculum_butyriciproducens	11137.9500717547
UNINTEGRATED|g__Anaerostipes.s__Anaerostipes_hadrus	10847.8192607862
UNINTEGRATED|g__Ruminococcus.s__Ruminococcus_sp_AF31_8BH	10539.0772023015
UNINTEGRATED|g__Eubacterium.s__Eubacterium_ventriosum	10267.9731946105
UNINTEGRATED|g__Bacteroides.s__Bacteroides_finegoldii	10234.2376811465
UNINTEGRATED|g__Parasutterella.s__Parasutterella_excrementihominis	9882.5742555484
UNINTEGRATED|g__Firmicutes_unclassified.s__Firmicutes_bacterium_CAG_56	9655.5536310566
UNINTEGRATED|g__Clostridium.s__Clostridium_sp_CAG_122	9649.9316120851
UNINTEGRATED|g__Lachnospira.s__Lachnospira_pectinoschiza	9377.0562743377
UNINTEGRATED|g__Bacteroides.s__Bacteroides_thetaiotaomicron	8802.9798399106
UNINTEGRATED|g__Clostridium.s__Clostridium_sp_CAG_75	8522.3975614068
UNINTEGRATED|g__Bifidobacterium.s__Bifidobacterium_longum	8401.4348645000
UNINTEGRATED|g__Faecalibacterium.s__Faecalibacterium_sp_CAG_74	8165.8094293973
UNINTEGRATED|g__Proteobacteria_unclassified.s__Proteobacteria_bacterium_CAG_495	7985.5460119237
UNINTEGRATED|g__Dialister.s__Dialister_invisus	7585.2127072052
UNINTEGRATED|g__Blautia.s__Blautia_sp_CAG_52	7572.0888590612
UNINTEGRATED|g__Odoribacter.s__Odoribacter_splanchnicus	7434.9707411609
UNINTEGRATED|g__Bacteroides.s__Bacteroides_cellulosilyticus	7224.2524184720
UNINTEGRATED|g__Eubacterium.s__Eubacterium_ramulus	7031.3817926045
UNINTEGRATED|g__Alistipes.s__Alistipes_sp_CAG_268	6965.5892114176
UNINTEGRATED|g__Bacteroides.s__Bacteroides_intestinalis	5817.3447866953
UNINTEGRATED|g__Bifidobacterium.s__Bifidobacterium_bifidum	5622.8514965000
UNINTEGRATED|g__Bifidobacterium.s__Bifidobacterium_pseudocatenulatum	5328.9896618455
UNINTEGRATED|g__Blautia.s__Blautia_sp_AF19_10LB	5003.7521175102
UNINTEGRATED|g__Bacteroides.s__Bacteroides_eggerthii	4945.3440089994
UNINTEGRATED|g__Oscillibacter.s__Oscillibacter_sp_57_20	4833.7607539187
UNINTEGRATED|g__Firmicutes_unclassified.s__Firmicutes_bacterium_AF16_15	4657.3680824303
UNINTEGRATED|g__Coprococcus.s__Coprococcus_catus	4219.7083982305
UNINTEGRATED|g__Firmicutes_unclassified.s__Firmicutes_bacterium_CAG_41	4146.0096300852
UNINTEGRATED|g__Roseburia.s__Roseburia_sp_CAG_100	4092.3796933340
UNINTEGRATED|g__Alistipes.s__Alistipes_onderdonkii	3657.6845987729
UNINTEGRATED|g__Eubacterium.s__Eubacterium_sp_CAG_38	2938.5511205002
UNINTEGRATED|g__Bifidobacterium.s__Bifidobacterium_catenulatum	2218.6278415818
UNINTEGRATED|g__Firmicutes_unclassified.s__Firmicutes_bacterium_CAG_102	1648.7401283912
UNINTEGRATED|g__Asaccharobacter.s__Asaccharobacter_celatus	1599.9974348570
UNINTEGRATED|g__Slackia.s__Slackia_isoflavoniconvertens	1062.8073323187
UNINTEGRATED|g__Firmicutes_unclassified.s__Firmicutes_bacterium_CAG_194	751.8657586998
UNINTEGRATED|g__Alistipes.s__Alistipes_shahii	696.3219181931
UNINTEGRATED|g__Mitsuokella.s__Mitsuokella_jalaludinii	554.5493129986
UNINTEGRATED|g__Adlercreutzia.s__Adlercreutzia_equolifaciens	450.2628815200
PWY-7238: sucrose biosynthesis II	2679.9191428875
PWY-7238: sucrose biosynthesis II|g__Faecalibacterium.s__Faecalibacterium_prausnitzii	453.0499847617
PWY-7238: sucrose biosynthesis II|unclassified	383.2590150764
PWY-7238: sucrose biosynthesis II|g__Ruminococcus.s__Ruminococcus_bicirculans	211.8605185750
PWY-7238: sucrose biosynthesis II|g__Roseburia.s__Roseburia_faecis	159.8358787648
PWY-7238: sucrose biosynthesis II|g__Blautia.s__Ruminococcus_torques	97.1111010942
PWY-7238: sucrose biosynthesis II|g__Clostridium.s__Clostridium_sp_CAG_217	83.7018561811
PWY-7238: sucrose biosynthesis II|g__Bacteroides.s__Bacteroides_uniformis	83.1950871507
PWY-7238: sucrose biosynthesis II|g__Blautia.s__Blautia_obeum	79.2771044696
PWY-7238: sucrose biosynthesis II|g__Ruminococcus.s__Ruminococcus_bromii	67.7937191649
PWY-7238: sucrose biosynthesis II|g__Roseburia.s__Roseburia_intestinalis	64.3626525567
PWY-7238: sucrose biosynthesis II|g__Ruminococcus.s__Ruminococcus_sp_CAG_254	61.3144792482
PWY-7238: sucrose biosynthesis II|g__Subdoligranulum.s__Subdoligranulum_sp_APC924_74	59.8439780683
PWY-7238: sucrose biosynthesis II|g__Gemmiger.s__Gemmiger_formicilis	56.7236799385
PWY-7238: sucrose biosynthesis II|g__Collinsella.s__Collinsella_aerofaciens	53.7822460351
PWY-7238: sucrose biosynthesis II|g__Blautia.s__Blautia_sp	53.3298079819
PWY-7238: sucrose biosynthesis II|g__Blautia.s__Blautia_wexlerae	46.8499407578
PWY-7238: sucrose biosynthesis II|g__Lachnospiraceae_unclassified.s__Eubacterium_rectale	37.3464281301
PWY-7238: sucrose biosynthesis II|g__Clostridium.s__Clostridium_sp_AF36_4	25.0289405020
PWY-7238: sucrose biosynthesis II|g__Coprococcus.s__Coprococcus_eutactus	23.2151862809
PWY-7238: sucrose biosynthesis II|g__Bifidobacterium.s__Bifidobacterium_adolescentis	21.1998064429
PWY-7238: sucrose biosynthesis II|g__Eubacterium.s__Eubacterium_eligens	17.5948211470
PWY-7238: sucrose biosynthesis II|g__Blautia.s__Blautia_sp_CAG_52	16.8539992977
PWY-7238: sucrose biosynthesis II|g__Proteobacteria_unclassified.s__Proteobacteria_bacterium_CAG_495	14.3281138062
PWY-7238: sucrose biosynthesis II|g__Bifidobacterium.s__Bifidobacterium_pseudocatenulatum	14.2974979379
PWY-7238: sucrose biosynthesis II|g__Fusicatenibacter.s__Fusicatenibacter_saccharivorans	13.9086466378
PWY-7238: sucrose biosynthesis II|g__Clostridium.s__Clostridium_sp_CAG_122	13.9025479852
PWY-7238: sucrose biosynthesis II|g__Dorea.s__Dorea_longicatena	13.8999797655
PWY-7238: sucrose biosynthesis II|g__Eubacterium.s__Eubacterium_hallii	13.3666109095
PWY-7238: sucrose biosynthesis II|g__Lachnospira.s__Lachnospira_pectinoschiza	11.9205298013
PWY-7238: sucrose biosynthesis II|g__Clostridium.s__Clostridium_sp_CAG_75	11.6557363258
PWY-7238: sucrose biosynthesis II|g__Faecalibacterium.s__Faecalibacterium_sp_CAG_74	10.4878637608
PWY-7238: sucrose biosynthesis II|g__Coprococcus.s__Coprococcus_comes	9.6063138490
PWY-7238: sucrose biosynthesis II|g__Roseburia.s__Roseburia_sp_CAG_100	9.3386068996
PWY-7238: sucrose biosynthesis II|g__Anaerostipes.s__Anaerostipes_hadrus	9.0001551751
PWY-7238: sucrose biosynthesis II|g__Agathobaculum.s__Agathobaculum_butyriciproducens	8.8144557074
PWY-7238: sucrose biosynthesis II|g__Roseburia.s__Roseburia_hominis	7.1064831953
PWY-7238: sucrose biosynthesis II|g__Firmicutes_unclassified.s__Firmicutes_bacterium_CAG_102	7.0934424632
PWY-7238: sucrose biosynthesis II|g__Bifidobacterium.s__Bifidobacterium_longum	6.7590402163
PWY-7238: sucrose biosynthesis II|g__Eubacterium.s__Eubacterium_sp_CAG_38	6.2524423603
PWY-7238: sucrose biosynthesis II|g__Firmicutes_unclassified.s__Firmicutes_bacterium_CAG_41	5.9781158260
PWY-7238: sucrose biosynthesis II|g__Bifidobacterium.s__Bifidobacterium_catenulatum	4.7455214142
PWY-7238: sucrose biosynthesis II|g__Bacteroides.s__Bacteroides_cellulosilyticus	4.5934960511
PWY-7238: sucrose biosynthesis II|g__Ruminococcus.s__Ruminococcus_sp_AF31_8BH	3.7613488975
PWY-7238: sucrose biosynthesis II|g__Bacteroides.s__Bacteroides_finegoldii	2.8076600290
PWY-7238: sucrose biosynthesis II|g__Bacteroides.s__Bacteroides_intestinalis	1.4332294242
GLYCOGENSYNTH-PWY: glycogen biosynthesis I (from ADP-D-Glucose)	2128.0754058914
GLYCOGENSYNTH-PWY: glycogen biosynthesis I (from ADP-D-Glucose)|unclassified	306.6296718725
GLYCOGENSYNTH-PWY: glycogen biosynthesis I (from ADP-D-Glucose)|g__Faecalibacterium.s__Faecalibacterium_prausnitzii	287.0489919807
GLYCOGENSYNTH-PWY: glycogen biosynthesis I (from ADP-D-Glucose)|g__Ruminococcus.s__Ruminococcus_bicirculans	178.8695222471
GLYCOGENSYNTH-PWY: glycogen biosynthesis I (from ADP-D-Glucose)|g__Roseburia.s__Roseburia_faecis	129.7160283956
GLYCOGENSYNTH-PWY: glycogen biosynthesis I (from ADP-D-Glucose)|g__Roseburia.s__Roseburia_intestinalis	69.5903679894
GLYCOGENSYNTH-PWY: glycogen biosynthesis I (from ADP-D-Glucose)|g__Ruminococcus.s__Ruminococcus_bromii	65.6121216471
GLYCOGENSYNTH-PWY: glycogen biosynthesis I (from ADP-D-Glucose)|g__Blautia.s__Blautia_sp	61.6502054969
GLYCOGENSYNTH-PWY: glycogen biosynthesis I (from ADP-D-Glucose)|g__Blautia.s__Ruminococcus_torques	58.9614880931
GLYCOGENSYNTH-PWY: glycogen biosynthesis I (from ADP-D-Glucose)|g__Clostridium.s__Clostridium_sp_CAG_217	56.4670884951
GLYCOGENSYNTH-PWY: glycogen biosynthesis I (from ADP-D-Glucose)|g__Blautia.s__Blautia_obeum	47.2057577256
GLYCOGENSYNTH-PWY: glycogen biosynthesis I (from ADP-D-Glucose)|g__Blautia.s__Blautia_wexlerae	41.3093500309
GLYCOGENSYNTH-PWY: glycogen biosynthesis I (from ADP-D-Glucose)|g__Subdoligranulum.s__Subdoligranulum_sp_APC924_74	39.2074349247
GLYCOGENSYNTH-PWY: glycogen biosynthesis I (from ADP-D-Glucose)|g__Ruminococcus.s__Ruminococcus_sp_CAG_254	38.8123091991
GLYCOGENSYNTH-PWY: glycogen biosynthesis I (from ADP-D-Glucose)|g__Collinsella.s__Collinsella_aerofaciens	36.7404604305
GLYCOGENSYNTH-PWY: glycogen biosynthesis I (from ADP-D-Glucose)|g__Gemmiger.s__Gemmiger_formicilis	35.4675975294
GLYCOGENSYNTH-PWY: glycogen biosynthesis I (from ADP-D-Glucose)|g__Fusicatenibacter.s__Fusicatenibacter_saccharivorans	29.0332308646
GLYCOGENSYNTH-PWY: glycogen biosynthesis I (from ADP-D-Glucose)|g__Coprococcus.s__Coprococcus_eutactus	23.9682075105
GLYCOGENSYNTH-PWY: glycogen biosynthesis I (from ADP-D-Glucose)|g__Eubacterium.s__Eubacterium_hallii	22.9782893727
GLYCOGENSYNTH-PWY: glycogen biosynthesis I (from ADP-D-Glucose)|g__Anaerostipes.s__Anaerostipes_hadrus	21.8509348177
GLYCOGENSYNTH-PWY: glycogen biosynthesis I (from ADP-D-Glucose)|g__Clostridium.s__Clostridium_sp_AF36_4	20.3835161685
GLYCOGENSYNTH-PWY: glycogen biosynthesis I (from ADP-D-Glucose)|g__Eubacterium.s__Eubacterium_eligens	19.0416284965
GLYCOGENSYNTH-PWY: glycogen biosynthesis I (from ADP-D-Glucose)|g__Bifidobacterium.s__Bifidobacterium_adolescentis	15.4542019663
GLYCOGENSYNTH-PWY: glycogen biosynthesis I (from ADP-D-Glucose)|g__Clostridium.s__Clostridium_sp_CAG_75	15.3016722533
GLYCOGENSYNTH-PWY: glycogen biosynthesis I (from ADP-D-Glucose)|g__Ruminococcus.s__Ruminococcus_sp_AF31_8BH	15.1166562742
GLYCOGENSYNTH-PWY: glycogen biosynthesis I (from ADP-D-Glucose)|g__Blautia.s__Blautia_sp_CAG_52	14.5752084835
GLYCOGENSYNTH-PWY: glycogen biosynthesis I (from ADP-D-Glucose)|g__Coprococcus.s__Coprococcus_comes	14.0286913854
GLYCOGENSYNTH-PWY: glycogen biosynthesis I (from ADP-D-Glucose)|g__Agathobaculum.s__Agathobaculum_butyriciproducens	12.8473299955
GLYCOGENSYNTH-PWY: glycogen biosynthesis I (from ADP-D-Glucose)|g__Lachnospiraceae_unclassified.s__Eubacterium_rectale	12.8167771486
GLYCOGENSYNTH-PWY: glycogen biosynthesis I (from ADP-D-Glucose)|g__Clostridium.s__Clostridium_sp_CAG_122	12.7663016701
GLYCOGENSYNTH-PWY: glycogen biosynthesis I (from ADP-D-Glucose)|g__Firmicutes_unclassified.s__Firmicutes_bacterium_CAG_56	12.6029908860
GLYCOGENSYNTH-PWY: glycogen biosynthesis I (from ADP-D-Glucose)|g__Bacteroides.s__Bacteroides_ovatus	8.9605734767
GLYCOGENSYNTH-PWY: glycogen biosynthesis I (from ADP-D-Glucose)|g__Lachnospira.s__Lachnospira_pectinoschiza	7.4065626817
GLYCOGENSYNTH-PWY: glycogen biosynthesis I (from ADP-D-Glucose)|g__Clostridiales_unclassified.s__Clostridiales_bacterium_KLE1615	7.2768831678
GLYCOGENSYNTH-PWY: glycogen biosynthesis I (from ADP-D-Glucose)|g__Dorea.s__Dorea_longicatena	7.2125446759
GLYCOGENSYNTH-PWY: glycogen biosynthesis I (from ADP-D-Glucose)|g__Bifidobacterium.s__Bifidobacterium_pseudocatenulatum	6.8224391993
GLYCOGENSYNTH-PWY: glycogen biosynthesis I (from ADP-D-Glucose)|g__Faecalibacterium.s__Faecalibacterium_sp_CAG_74	6.5725757471
GLYCOGENSYNTH-PWY: glycogen biosynthesis I (from ADP-D-Glucose)|g__Dorea.s__Dorea_formicigenerans	6.5071746119
GLYCOGENSYNTH-PWY: glycogen biosynthesis I (from ADP-D-Glucose)|g__Firmicutes_unclassified.s__Firmicutes_bacterium_AF16_15	6.2140440061
GLYCOGENSYNTH-PWY: glycogen biosynthesis I (from ADP-D-Glucose)|g__Bifidobacterium.s__Bifidobacterium_bifidum	5.9546627771
GLYCOGENSYNTH-PWY: glycogen biosynthesis I (from ADP-D-Glucose)|g__Bifidobacterium.s__Bifidobacterium_longum	5.7724222527
GLYCOGENSYNTH-PWY: glycogen biosynthesis I (from ADP-D-Glucose)|g__Blautia.s__Blautia_sp_AF19_10LB	4.9695492195
GLYCOGENSYNTH-PWY: glycogen biosynthesis I (from ADP-D-Glucose)|g__Bacteroides.s__Bacteroides_finegoldii	4.1347018881
GLYCOGENSYNTH-PWY: glycogen biosynthesis I (from ADP-D-Glucose)|g__Bacteroides.s__Bacteroides_thetaiotaomicron	3.4031085451
GLYCOGENSYNTH-PWY: glycogen biosynthesis I (from ADP-D-Glucose)|g__Roseburia.s__Roseburia_hominis	3.2265597282
GLYCOGENSYNTH-PWY: glycogen biosynthesis I (from ADP-D-Glucose)|g__Bifidobacterium.s__Bifidobacterium_catenulatum	2.2589936183
PWY-5941: glycogen degradation II	2024.9413978933
PWY-5941: glycogen degradation II|g__Faecalibacterium.s__Faecalibacterium_prausnitzii	341.4044618631
PWY-5941: glycogen degradation II|g__Roseburia.s__Roseburia_faecis	153.4392619210
PWY-5941: glycogen degradation II|unclassified	74.4825643491
PWY-5941: glycogen degradation II|g__Blautia.s__Blautia_obeum	66.3383885118
PWY-5941: glycogen degradation II|g__Roseburia.s__Roseburia_intestinalis	65.4252461601
PWY-5941: glycogen degradation II|g__Collinsella.s__Collinsella_aerofaciens	59.9870862776
PWY-5941: glycogen degradation II|g__Blautia.s__Blautia_sp	59.9659780342
PWY-5941: glycogen degradation II|g__Blautia.s__Blautia_wexlerae	45.8278928092
PWY-5941: glycogen degradation II|g__Blautia.s__Ruminococcus_torques	31.3496850448
PWY-5941: glycogen degradation II|g__Coprococcus.s__Coprococcus_eutactus	20.0165795870
PWY-5941: glycogen degradation II|g__Eubacterium.s__Eubacterium_eligens	19.1129533679
PWY-5941: glycogen degradation II|g__Bifidobacterium.s__Bifidobacterium_adolescentis	18.4135272131
PWY-5941: glycogen degradation II|g__Fusicatenibacter.s__Fusicatenibacter_saccharivorans	17.1837773763
PWY-5941: glycogen degradation II|g__Eubacterium.s__Eubacterium_hallii	14.7217047178
PWY-5941: glycogen degradation II|g__Dorea.s__Dorea_longicatena	14.6935886906
PWY-5941: glycogen degradation II|g__Blautia.s__Blautia_sp_CAG_52	14.5579574482
PWY-5941: glycogen degradation II|g__Bifidobacterium.s__Bifidobacterium_pseudocatenulatum	13.1576120189
PWY-5941: glycogen degradation II|g__Lachnospira.s__Lachnospira_pectinoschiza	12.1606682226
PWY-5941: glycogen degradation II|g__Coprococcus.s__Coprococcus_comes	11.0580893686
PWY-5941: glycogen degradation II|g__Anaerostipes.s__Anaerostipes_hadrus	9.9545656081
PWY-5941: glycogen degradation II|g__Agathobaculum.s__Agathobaculum_butyriciproducens	9.3190441323
PWY-5941: glycogen degradation II|g__Bacteroides.s__Bacteroides_ovatus	6.9868995633
PWY-5941: glycogen degradation II|g__Bifidobacterium.s__Bifidobacterium_longum	6.4102564103
PWY-5941: glycogen degradation II|g__Bacteroides.s__Bacteroides_thetaiotaomicron	5.4440559567
PWY-5941: glycogen degradation II|g__Roseburia.s__Roseburia_hominis	5.0797666723
PWY-5941: glycogen degradation II|g__Ruminococcus.s__Ruminococcus_sp_AF31_8BH	4.9880709862
PWY-5941: glycogen degradation II|g__Bifidobacterium.s__Bifidobacterium_catenulatum	4.8446352393
PWY-5941: glycogen degradation II|g__Bacteroides.s__Bacteroides_cellulosilyticus	4.2757828635
PWY-5941: glycogen degradation II|g__Bacteroides.s__Bacteroides_finegoldii	2.8191197605
PWY-5941: glycogen degradation II|g__Bacteroides.s__Bacteroides_fragilis	2.4886971670
PWY-1042: glycolysis IV	2021.0064139263
PWY-1042: glycolysis IV|g__Faecalibacterium.s__Faecalibacterium_prausnitzii	249.6123469238
PWY-1042: glycolysis IV|g__Ruminococcus.s__Ruminococcus_bicirculans	166.6519658230
PWY-1042: glycolysis IV|unclassified	124.4617114534
PWY-1042: glycolysis IV|g__Bacteroides.s__Bacteroides_vulgatus	106.9802003343
PWY-1042: glycolysis IV|g__Roseburia.s__Roseburia_faecis	89.9973186686
PWY-1042: glycolysis IV|g__Blautia.s__Ruminococcus_torques	61.2422466001
PWY-1042: glycolysis IV|g__Alistipes.s__Alistipes_putredinis	59.8705269412
PWY-1042: glycolysis IV|g__Blautia.s__Blautia_sp	58.8140566909
PWY-1042: glycolysis IV|g__Roseburia.s__Roseburia_intestinalis	52.0115625044
PWY-1042: glycolysis IV|g__Collinsella.s__Collinsella_aerofaciens	40.0953753933
PWY-1042: glycolysis IV|g__Bacteroides.s__Bacteroides_dorei	39.8855887056
PWY-1042: glycolysis IV|g__Blautia.s__Blautia_wexlerae	33.6205411124
PWY-1042: glycolysis IV|g__Lachnospiraceae_unclassified.s__Eubacterium_rectale	23.1355538996
PWY-1042: glycolysis IV|g__Clostridium.s__Clostridium_sp_CAG_122	19.0882783646
PWY-1042: glycolysis IV|g__Anaerostipes.s__Anaerostipes_hadrus	16.9491350961
PWY-1042: glycolysis IV|g__Fusicatenibacter.s__Fusicatenibacter_saccharivorans	15.6830321502
PWY-1042: glycolysis IV|g__Clostridium.s__Clostridium_sp_AF36_4	15.2768186974
PWY-1042: glycolysis IV|g__Coprococcus.s__Coprococcus_comes	12.3560625958
PWY-1042: glycolysis IV|g__Eubacterium.s__Eubacterium_eligens	11.6914006689
PWY-1042: glycolysis IV|g__Roseburia.s__Roseburia_hominis	9.5342887163
PWY-1042: glycolysis IV|g__Blautia.s__Blautia_obeum	7.2618062809
PWY-1042: glycolysis IV|g__Alistipes.s__Alistipes_sp_CAG_268	5.5565377718
PWY-1042: glycolysis IV|g__Ruminococcus.s__Ruminococcus_sp_AF31_8BH	4.5950003035
PWY-1042: glycolysis IV|g__Alistipes.s__Alistipes_shahii	3.6384112271
PWY-5686: UMP biosynthesis I	1943.0214037023
PWY-5686: UMP biosynthesis I|g__Faecalibacterium.s__Faecalibacterium_prausnitzii	238.7564427454
PWY-5686: UMP biosynthesis I|unclassified	185.8478666039
PWY-5686: UMP biosynthesis I|g__Ruminococcus.s__Ruminococcus_bicirculans	153.1744072508
PWY-5686: UMP biosynthesis I|g__Roseburia.s__Roseburia_faecis	92.8203888392
PWY-5686: UMP biosynthesis I|g__Bacteroides.s__Bacteroides_uniformis	69.3184946640
PWY-5686: UMP biosynthesis I|g__Alistipes.s__Alistipes_putredinis	69.0841526168
PWY-5686: UMP biosynthesis I|g__Bacteroides.s__Bacteroides_vulgatus	63.6563310685
PWY-5686: UMP biosynthesis I|g__Clostridium.s__Clostridium_sp_CAG_217	60.1809512218
PWY-5686: UMP biosynthesis I|g__Blautia.s__Ruminococcus_torques	51.7730466378
PWY-5686: UMP biosynthesis I|g__Blautia.s__Blautia_sp	42.5921918054
PWY-5686: UMP biosynthesis I|g__Collinsella.s__Collinsella_aerofaciens	39.4015195561
PWY-5686: UMP biosynthesis I|g__Roseburia.s__Roseburia_intestinalis	39.1032624120
PWY-5686: UMP biosynthesis I|g__Blautia.s__Blautia_wexlerae	31.1254369223
PWY-5686: UMP biosynthesis I|g__Gemmiger.s__Gemmiger_formicilis	30.4704179377
PWY-5686: UMP biosynthesis I|g__Bacteroides.s__Bacteroides_dorei	27.1608239539
PWY-5686: UMP biosynthesis I|g__Alistipes.s__Alistipes_finegoldii	25.4580720132
PWY-5686: UMP biosynthesis I|g__Eubacterium.s__Eubacterium_eligens	20.4588226979
PWY-5686: UMP biosynthesis I|g__Clostridium.s__Clostridium_sp_AF36_4	19.2642295789
PWY-5686: UMP biosynthesis I|g__Alistipes.s__Alistipes_sp_CAG_268	15.8762718921
PWY-5686: UMP biosynthesis I|g__Paraprevotella.s__Paraprevotella_clara	14.6042241970
PWY-5686: UMP biosynthesis I|g__Fusicatenibacter.s__Fusicatenibacter_saccharivorans	13.9181558815
PWY-5686: UMP biosynthesis I|g__Clostridium.s__Clostridium_sp_CAG_122	12.9461927542
PWY-5686: UMP biosynthesis I|g__Firmicutes_unclassified.s__Firmicutes_bacterium_CAG_56	12.3645165654
PWY-5686: UMP biosynthesis I|g__Parabacteroides.s__Parabacteroides_merdae	11.3186840695
PWY-5686: UMP biosynthesis I|g__Bifidobacterium.s__Bifidobacterium_adolescentis	10.4574838447
PWY-5686: UMP biosynthesis I|g__Anaerostipes.s__Anaerostipes_hadrus	10.2715578201
PWY-5686: UMP biosynthesis I|g__Bacteroides.s__Bacteroides_ovatus	8.7756614314
PWY-5686: UMP biosynthesis I|g__Roseburia.s__Roseburia_hominis	8.6009239223
PWY-5686: UMP biosynthesis I|g__Faecalibacterium.s__Faecalibacterium_sp_CAG_74	8.4623022104
PWY-5686: UMP biosynthesis I|g__Lachnospiraceae_unclassified.s__Eubacterium_rectale	7.8150509198
PWY-5686: UMP biosynthesis I|g__Bifidobacterium.s__Bifidobacterium_pseudocatenulatum	7.1572429556
PWY-5686: UMP biosynthesis I|g__Bacteroides.s__Bacteroides_finegoldii	7.1465830847
PWY-5686: UMP biosynthesis I|g__Blautia.s__Blautia_sp_CAG_52	6.8804414606
PWY-5686: UMP biosynthesis I|g__Blautia.s__Blautia_obeum	4.5992642783
PWY-5686: UMP biosynthesis I|g__Alistipes.s__Alistipes_onderdonkii	4.2690524237
PWY-5686: UMP biosynthesis I|g__Ruminococcus.s__Ruminococcus_sp_AF31_8BH	2.0577491916
PWY-5686: UMP biosynthesis I|g__Bifidobacterium.s__Bifidobacterium_catenulatum	1.5913187877
PWY-7790: UMP biosynthesis II	1943.0214037023
PWY-7790: UMP biosynthesis II|g__Faecalibacterium.s__Faecalibacterium_prausnitzii	238.7564427454
PWY-7790: UMP biosynthesis II|unclassified	185.8478666039
PWY-7790: UMP biosynthesis II|g__Ruminococcus.s__Ruminococcus_bicirculans	153.1744072508
PWY-7790: UMP biosynthesis II|g__Roseburia.s__Roseburia_faecis	92.8203888392
PWY-7790: UMP biosynthesis II|g__Bacteroides.s__Bacteroides_uniformis	69.3184946640
PWY-7790: UMP biosynthesis II|g__Alistipes.s__Alistipes_putredinis	65.2352537077
PWY-7790: UMP biosynthesis II|g__Bacteroides.s__Bacteroides_vulgatus	63.6563310685
PWY-7790: UMP biosynthesis II|g__Clostridium.s__Clostridium_sp_CAG_217	60.1809512218
PWY-7790: UMP biosynthesis II|g__Blautia.s__Ruminococcus_torques	51.7730466378
PWY-7790: UMP biosynthesis II|g__Blautia.s__Blautia_sp	42.5921918054
PWY-7790: UMP biosynthesis II|g__Collinsella.s__Collinsella_aerofaciens	39.4015195561
PWY-7790: UMP biosynthesis II|g__Roseburia.s__Roseburia_intestinalis	39.1032624120
PWY-7790: UMP biosynthesis II|g__Blautia.s__Blautia_wexlerae	31.1254369223
PWY-7790: UMP biosynthesis II|g__Gemmiger.s__Gemmiger_formicilis	30.4704179377
PWY-7790: UMP biosynthesis II|g__Bacteroides.s__Bacteroides_dorei	27.1608239539
PWY-7790: UMP biosynthesis II|g__Alistipes.s__Alistipes_finegoldii	23.4347491747
PWY-7790: UMP biosynthesis II|g__Eubacterium.s__Eubacterium_eligens	20.4588226979
PWY-7790: UMP biosynthesis II|g__Clostridium.s__Clostridium_sp_AF36_4	19.2642295789
PWY-7790: UMP biosynthesis II|g__Alistipes.s__Alistipes_sp_CAG_268	14.8801228634
PWY-7790: UMP biosynthesis II|g__Paraprevotella.s__Paraprevotella_clara	14.6042241970
PWY-7790: UMP biosynthesis II|g__Fusicatenibacter.s__Fusicatenibacter_saccharivorans	13.9181558815
PWY-7790: UMP biosynthesis II|g__Clostridium.s__Clostridium_sp_CAG_122	12.9461927542
PWY-7790: UMP biosynthesis II|g__Firmicutes_unclassified.s__Firmicutes_bacterium_CAG_56	12.3645165654
PWY-7790: UMP biosynthesis II|g__Parabacteroides.s__Parabacteroides_merdae	11.3186840695
PWY-7790: UMP biosynthesis II|g__Bifidobacterium.s__Bifidobacterium_adolescentis	10.9060811708
PWY-7790: UMP biosynthesis II|g__Anaerostipes.s__Anaerostipes_hadrus	10.2715578201
PWY-7790: UMP biosynthesis II|g__Bacteroides.s__Bacteroides_finegoldii	9.5107954694
PWY-7790: UMP biosynthesis II|g__Bacteroides.s__Bacteroides_ovatus	8.7756614314
PWY-7790: UMP biosynthesis II|g__Roseburia.s__Roseburia_hominis	8.6009239223
PWY-7790: UMP biosynthesis II|g__Faecalibacterium.s__Faecalibacterium_sp_CAG_74	8.4623022104
PWY-7790: UMP biosynthesis II|g__Lachnospiraceae_unclassified.s__Eubacterium_rectale	7.8150509198
PWY-7790: UMP biosynthesis II|g__Blautia.s__Blautia_sp_CAG_52	6.8804414606
PWY-7790: UMP biosynthesis II|g__Bifidobacterium.s__Bifidobacterium_pseudocatenulatum	5.6071536801
PWY-7790: UMP biosynthesis II|g__Blautia.s__Blautia_obeum	4.5992642783
PWY-7790: UMP biosynthesis II|g__Alistipes.s__Alistipes_onderdonkii	4.2690524237
PWY-7790: UMP biosynthesis II|g__Parabacteroides.s__Parabacteroides_distasonis	2.9403432699
PWY-7790: UMP biosynthesis II|g__Ruminococcus.s__Ruminococcus_sp_AF31_8BH	2.0577491916
PWY-7790: UMP biosynthesis II|g__Bifidobacterium.s__Bifidobacterium_catenulatum	1.6289043255
PWY-7791: UMP biosynthesis III	1943.0214037023
PWY-7791: UMP biosynthesis III|g__Faecalibacterium.s__Faecalibacterium_prausnitzii	238.7564427454
PWY-7791: UMP biosynthesis III|unclassified	185.8478666039
PWY-7791: UMP biosynthesis III|g__Ruminococcus.s__Ruminococcus_bicirculans	153.1744072508
PWY-7791: UMP biosynthesis III|g__Roseburia.s__Roseburia_faecis	92.8203888392
PWY-7791: UMP biosynthesis III|g__Bacteroides.s__Bacteroides_vulgatus	74.0896799805
PWY-7791: UMP biosynthesis III|g__Bacteroides.s__Bacteroides_uniformis	69.3184946640
PWY-7791: UMP biosynthesis III|g__Alistipes.s__Alistipes_putredinis	65.2352537077
PWY-7791: UMP biosynthesis III|g__Clostridium.s__Clostridium_sp_CAG_217	60.1809512218
PWY-7791: UMP biosynthesis III|g__Blautia.s__Ruminococcus_torques	51.7730466378
PWY-7791: UMP biosynthesis III|g__Blautia.s__Blautia_sp	42.5921918054
PWY-7791: UMP biosynthesis III|g__Collinsella.s__Collinsella_aerofaciens	39.4015195561
PWY-7791: UMP biosynthesis III|g__Roseburia.s__Roseburia_intestinalis	39.1032624120
PWY-7791: UMP biosynthesis III|g__Blautia.s__Blautia_wexlerae	31.1254369223
PWY-7791: UMP biosynthesis III|g__Gemmiger.s__Gemmiger_formicilis	30.4704179377
PWY-7791: UMP biosynthesis III|g__Bacteroides.s__Bacteroides_dorei	27.7803583574
PWY-7791: UMP biosynthesis III|g__Alistipes.s__Alistipes_finegoldii	23.4347491747
PWY-7791: UMP biosynthesis III|g__Eubacterium.s__Eubacterium_eligens	20.4588226979
PWY-7791: UMP biosynthesis III|g__Clostridium.s__Clostridium_sp_AF36_4	19.2642295789
PWY-7791: UMP biosynthesis III|g__Alistipes.s__Alistipes_sp_CAG_268	14.8801228634
PWY-7791: UMP biosynthesis III|g__Paraprevotella.s__Paraprevotella_clara	14.6042241970
PWY-7791: UMP biosynthesis III|g__Fusicatenibacter.s__Fusicatenibacter_saccharivorans	13.9181558815
PWY-7791: UMP biosynthesis III|g__Clostridium.s__Clostridium_sp_CAG_122	12.9461927542
PWY-7791: UMP biosynthesis III|g__Firmicutes_unclassified.s__Firmicutes_bacterium_CAG_56	12.3645165654
PWY-7791: UMP biosynthesis III|g__Parabacteroides.s__Parabacteroides_merdae	11.3186840695
PWY-7791: UMP biosynthesis III|g__Bacteroides.s__Bacteroides_ovatus	10.6127229420
PWY-7791: UMP biosynthesis III|g__Bifidobacterium.s__Bifidobacterium_adolescentis	10.4574838447
PWY-7791: UMP biosynthesis III|g__Anaerostipes.s__Anaerostipes_hadrus	10.2715578201
PWY-7791: UMP biosynthesis III|g__Roseburia.s__Roseburia_hominis	8.6009239223
PWY-7791: UMP biosynthesis III|g__Faecalibacterium.s__Faecalibacterium_sp_CAG_74	8.4623022104
PWY-7791: UMP biosynthesis III|g__Lachnospiraceae_unclassified.s__Eubacterium_rectale	7.8150509198
PWY-7791: UMP biosynthesis III|g__Bacteroides.s__Bacteroides_finegoldii	7.1465830847
PWY-7791: UMP biosynthesis III|g__Blautia.s__Blautia_sp_CAG_52	6.8804414606
PWY-7791: UMP biosynthesis III|g__Bifidobacterium.s__Bifidobacterium_pseudocatenulatum	5.6071536801
PWY-7791: UMP biosynthesis III|g__Blautia.s__Blautia_obeum	4.5992642783
PWY-7791: UMP biosynthesis III|g__Alistipes.s__Alistipes_onderdonkii	4.2690524237
PWY-7791: UMP biosynthesis III|g__Ruminococcus.s__Ruminococcus_sp_AF31_8BH	2.0577491916
VALSYN-PWY: L-valine biosynthesis	1930.2346413760
VALSYN-PWY: L-valine biosynthesis|g__Faecalibacterium.s__Faecalibacterium_prausnitzii	222.2574968959
VALSYN-PWY: L-valine biosynthesis|g__Ruminococcus.s__Ruminococcus_bicirculans	177.2128486978
VALSYN-PWY: L-valine biosynthesis|unclassified	139.9653442097
VALSYN-PWY: L-valine biosynthesis|g__Ruminococcus.s__Ruminococcus_bromii	77.8454746632
VALSYN-PWY: L-valine biosynthesis|g__Roseburia.s__Roseburia_faecis	74.4304487954
VALSYN-PWY: L-valine biosynthesis|g__Bacteroides.s__Bacteroides_uniformis	68.5878861483
VALSYN-PWY: L-valine biosynthesis|g__Bacteroides.s__Bacteroides_vulgatus	68.4217186376
VALSYN-PWY: L-valine biosynthesis|g__Gemmiger.s__Gemmiger_formicilis	60.1213983782
VALSYN-PWY: L-valine biosynthesis|g__Clostridium.s__Clostridium_sp_CAG_217	57.7592205406
VALSYN-PWY: L-valine biosynthesis|g__Roseburia.s__Roseburia_intestinalis	49.8406784292
VALSYN-PWY: L-valine biosynthesis|g__Subdoligranulum.s__Subdoligranulum_sp_APC924_74	48.7622411562
VALSYN-PWY: L-valine biosynthesis|g__Blautia.s__Ruminococcus_torques	46.7961258034
VALSYN-PWY: L-valine biosynthesis|g__Ruminococcus.s__Ruminococcus_sp_CAG_254	40.8977275919
VALSYN-PWY: L-valine biosynthesis|g__Blautia.s__Blautia_sp	35.8926648815
VALSYN-PWY: L-valine biosynthesis|g__Lachnospiraceae_unclassified.s__Eubacterium_rectale	35.8322523674
VALSYN-PWY: L-valine biosynthesis|g__Bacteroides.s__Bacteroides_dorei	33.1378487834
VALSYN-PWY: L-valine biosynthesis|g__Blautia.s__Blautia_obeum	32.9479098404
VALSYN-PWY: L-valine biosynthesis|g__Coprococcus.s__Coprococcus_eutactus	26.5689203875
VALSYN-PWY: L-valine biosynthesis|g__Eubacterium.s__Eubacterium_eligens	20.7218466699
VALSYN-PWY: L-valine biosynthesis|g__Blautia.s__Blautia_wexlerae	20.5059840487
VALSYN-PWY: L-valine biosynthesis|g__Bifidobacterium.s__Bifidobacterium_adolescentis	18.9057270837
VALSYN-PWY: L-valine biosynthesis|g__Anaerostipes.s__Anaerostipes_hadrus	14.6157766012
VALSYN-PWY: L-valine biosynthesis|g__Clostridium.s__Clostridium_sp_CAG_122	13.5788835812
VALSYN-PWY: L-valine biosynthesis|g__Clostridium.s__Clostridium_sp_AF36_4	13.4499873458
VALSYN-PWY: L-valine biosynthesis|g__Bacteroides.s__Bacteroides_finegoldii	13.1210636526
VALSYN-PWY: L-valine biosynthesis|g__Parabacteroides.s__Parabacteroides_distasonis	13.0178309245
VALSYN-PWY: L-valine biosynthesis|g__Agathobaculum.s__Agathobaculum_butyriciproducens	11.7227226491
VALSYN-PWY: L-valine biosynthesis|g__Bacteroides.s__Bacteroides_ovatus	11.1253517595
VALSYN-PWY: L-valine biosynthesis|g__Parabacteroides.s__Parabacteroides_merdae	10.8546308356
VALSYN-PWY: L-valine biosynthesis|g__Alistipes.s__Alistipes_onderdonkii	10.3452735032
VALSYN-PWY: L-valine biosynthesis|g__Firmicutes_unclassified.s__Firmicutes_bacterium_CAG_56	10.0067066253
VALSYN-PWY: L-valine biosynthesis|g__Alistipes.s__Alistipes_finegoldii	10.0056037878
VALSYN-PWY: L-valine biosynthesis|g__Coprococcus.s__Coprococcus_comes	9.4035554744
VALSYN-PWY: L-valine biosynthesis|g__Bifidobacterium.s__Bifidobacterium_pseudocatenulatum	9.1439463415
VALSYN-PWY: L-valine biosynthesis|g__Eubacterium.s__Eubacterium_hallii	8.4069722646
VALSYN-PWY: L-valine biosynthesis|g__Firmicutes_unclassified.s__Firmicutes_bacterium_CAG_41	8.3764263979
VALSYN-PWY: L-valine biosynthesis|g__Bifidobacterium.s__Bifidobacterium_longum	7.9762430837
VALSYN-PWY: L-valine biosynthesis|g__Bifidobacterium.s__Bifidobacterium_bifidum	7.5202962541
VALSYN-PWY: L-valine biosynthesis|g__Paraprevotella.s__Paraprevotella_clara	7.4818548320
VALSYN-PWY: L-valine biosynthesis|g__Ruminococcus.s__Ruminococcus_sp_AF31_8BH	7.2929499865
VALSYN-PWY: L-valine biosynthesis|g__Roseburia.s__Roseburia_hominis	6.8607611942
VALSYN-PWY: L-valine biosynthesis|g__Blautia.s__Blautia_sp_AF19_10LB	6.6999649980
VALSYN-PWY: L-valine biosynthesis|g__Parasutterella.s__Parasutterella_excrementihominis	6.0996351949
VALSYN-PWY: L-valine biosynthesis|g__Eubacterium.s__Eubacterium_sp_CAG_38	5.1442472012
VALSYN-PWY: L-valine biosynthesis|g__Bacteroides.s__Bacteroides_cellulosilyticus	4.9228605336
VALSYN-PWY: L-valine biosynthesis|g__Bifidobacterium.s__Bifidobacterium_catenulatum	4.3196808162
VALSYN-PWY: L-valine biosynthesis|g__Roseburia.s__Roseburia_inulinivorans	3.6903205966
VALSYN-PWY: L-valine biosynthesis|g__Bacteroides.s__Bacteroides_fragilis	3.5281277342
VALSYN-PWY: L-valine biosynthesis|g__Firmicutes_unclassified.s__Firmicutes_bacterium_CAG_194	3.1335683510
VALSYN-PWY: L-valine biosynthesis|g__Bacteroides.s__Bacteroides_thetaiotaomicron	3.0071449861
VALSYN-PWY: L-valine biosynthesis|g__Bacteroides.s__Bacteroides_eggerthii	2.7004219409
PWY-6163: chorismate biosynthesis from 3-dehydroquinate	1917.3882580045
PWY-6163: chorismate biosynthesis from 3-dehydroquinate|g__Faecalibacterium.s__Faecalibacterium_prausnitzii	368.8068058223
PWY-6163: chorismate biosynthesis from 3-dehydroquinate|unclassified	160.5397119207
PWY-6163: chorismate biosynthesis from 3-dehydroquinate|g__Ruminococcus.s__Ruminococcus_bicirculans	151.8593888766
PWY-6163: chorismate biosynthesis from 3-dehydroquinate|g__Roseburia.s__Roseburia_faecis	82.0160390803
PWY-6163: chorismate biosynthesis from 3-dehydroquinate|g__Ruminococcus.s__Ruminococcus_bromii	78.4564584099
PWY-6163: chorismate biosynthesis from 3-dehydroquinate|g__Clostridium.s__Clostridium_sp_CAG_217	74.5451084162
PWY-6163: chorismate biosynthesis from 3-dehydroquinate|g__Bacteroides.s__Bacteroides_uniformis	68.9617590237
PWY-6163: chorismate biosynthesis from 3-dehydroquinate|g__Blautia.s__Ruminococcus_torques	66.6056007708
PWY-6163: chorismate biosynthesis from 3-dehydroquinate|g__Bacteroides.s__Bacteroides_vulgatus	63.6936932012
PWY-6163: chorismate biosynthesis from 3-dehydroquinate|g__Roseburia.s__Roseburia_intestinalis	52.7150972512
PWY-6163: chorismate biosynthesis from 3-dehydroquinate|g__Ruminococcus.s__Ruminococcus_sp_CAG_254	44.6652388569
PWY-6163: chorismate biosynthesis from 3-dehydroquinate|g__Subdoligranulum.s__Subdoligranulum_sp_APC924_74	34.7967048547
PWY-6163: chorismate biosynthesis from 3-dehydroquinate|g__Blautia.s__Blautia_sp	33.4656494111
PWY-6163: chorismate biosynthesis from 3-dehydroquinate|g__Collinsella.s__Collinsella_aerofaciens	32.1016701306
PWY-6163: chorismate biosynthesis from 3-dehydroquinate|g__Blautia.s__Blautia_wexlerae	29.7004814011
PWY-6163: chorismate biosynthesis from 3-dehydroquinate|g__Blautia.s__Blautia_obeum	24.7536044099
PWY-6163: chorismate biosynthesis from 3-dehydroquinate|g__Bacteroides.s__Bacteroides_dorei	20.6143063286
PWY-6163: chorismate biosynthesis from 3-dehydroquinate|g__Lachnospiraceae_unclassified.s__Eubacterium_rectale	20.1906178280
PWY-6163: chorismate biosynthesis from 3-dehydroquinate|g__Fusicatenibacter.s__Fusicatenibacter_saccharivorans	20.1484915513
PWY-6163: chorismate biosynthesis from 3-dehydroquinate|g__Oscillibacter.s__Oscillibacter_sp_57_20	17.1746196424
PWY-6163: chorismate biosynthesis from 3-dehydroquinate|g__Eubacterium.s__Eubacterium_eligens	16.3307120167
PWY-6163: chorismate biosynthesis from 3-dehydroquinate|g__Eubacterium.s__Eubacterium_hallii	14.2463374120
PWY-6163: chorismate biosynthesis from 3-dehydroquinate|g__Bifidobacterium.s__Bifidobacterium_adolescentis	14.1235683838
PWY-6163: chorismate biosynthesis from 3-dehydroquinate|g__Firmicutes_unclassified.s__Firmicutes_bacterium_CAG_56	13.7076193055
PWY-6163: chorismate biosynthesis from 3-dehydroquinate|g__Alistipes.s__Alistipes_finegoldii	12.7651217596
PWY-6163: chorismate biosynthesis from 3-dehydroquinate|g__Coprococcus.s__Coprococcus_eutactus	11.7497809063
PWY-6163: chorismate biosynthesis from 3-dehydroquinate|g__Parabacteroides.s__Parabacteroides_merdae	10.6367891079
PWY-6163: chorismate biosynthesis from 3-dehydroquinate|g__Alistipes.s__Alistipes_sp_CAG_268	10.4420848996
PWY-6163: chorismate biosynthesis from 3-dehydroquinate|g__Parabacteroides.s__Parabacteroides_distasonis	10.1993509504
PWY-6163: chorismate biosynthesis from 3-dehydroquinate|g__Bifidobacterium.s__Bifidobacterium_pseudocatenulatum	8.9424955996
PWY-6163: chorismate biosynthesis from 3-dehydroquinate|g__Firmicutes_unclassified.s__Firmicutes_bacterium_CAG_41	7.6441360656
PWY-6163: chorismate biosynthesis from 3-dehydroquinate|g__Bifidobacterium.s__Bifidobacterium_longum	7.1525641943
PWY-6163: chorismate biosynthesis from 3-dehydroquinate|g__Roseburia.s__Roseburia_hominis	7.0972141979
PWY-6163: chorismate biosynthesis from 3-dehydroquinate|g__Bacteroides.s__Bacteroides_finegoldii	6.8929863864
PWY-6163: chorismate biosynthesis from 3-dehydroquinate|g__Parasutterella.s__Parasutterella_excrementihominis	6.4374925008
PWY-6163: chorismate biosynthesis from 3-dehydroquinate|g__Blautia.s__Blautia_sp_CAG_52	5.9281842818
PWY-6163: chorismate biosynthesis from 3-dehydroquinate|g__Blautia.s__Blautia_sp_AF19_10LB	5.8940207226
PWY-6163: chorismate biosynthesis from 3-dehydroquinate|g__Bacteroides.s__Bacteroides_ovatus	5.7899614870
PWY-6163: chorismate biosynthesis from 3-dehydroquinate|g__Eubacterium.s__Eubacterium_ventriosum	5.6947608200
PWY-6163: chorismate biosynthesis from 3-dehydroquinate|g__Bacteroides.s__Bacteroides_thetaiotaomicron	2.2045855379
PWY-6386: UDP-N-acetylmuramoyl-pentapeptide biosynthesis II (lysine-containing)	1863.5543071987
PWY-6386: UDP-N-acetylmuramoyl-pentapeptide biosynthesis II (lysine-containing)|g__Faecalibacterium.s__Faecalibacterium_prausnitzii	230.4741271859
PWY-6386: UDP-N-acetylmuramoyl-pentapeptide biosynthesis II (lysine-containing)|unclassified	229.7713083217
PWY-6386: UDP-N-acetylmuramoyl-pentapeptide biosynthesis II (lysine-containing)|g__Ruminococcus.s__Ruminococcus_bicirculans	152.6186155012
PWY-6386: UDP-N-acetylmuramoyl-pentapeptide biosynthesis II (lysine-containing)|g__Bacteroides.s__Bacteroides_uniformis	82.3781319438
PWY-6386: UDP-N-acetylmuramoyl-pentapeptide biosynthesis II (lysine-containing)|g__Roseburia.s__Roseburia_faecis	78.9046924611
PWY-6386: UDP-N-acetylmuramoyl-pentapeptide biosynthesis II (lysine-containing)|g__Bacteroides.s__Bacteroides_vulgatus	68.4622059997
PWY-6386: UDP-N-acetylmuramoyl-pentapeptide biosynthesis II (lysine-containing)|g__Blautia.s__Ruminococcus_torques	62.4253749211
PWY-6386: UDP-N-acetylmuramoyl-pentapeptide biosynthesis II (lysine-containing)|g__Alistipes.s__Alistipes_putredinis	61.7855167891
PWY-6386: UDP-N-acetylmuramoyl-pentapeptide biosynthesis II (lysine-containing)|g__Collinsella.s__Collinsella_aerofaciens	47.6114076761
PWY-6386: UDP-N-acetylmuramoyl-pentapeptide biosynthesis II (lysine-containing)|g__Ruminococcus.s__Ruminococcus_sp_CAG_254	42.5016897565
PWY-6386: UDP-N-acetylmuramoyl-pentapeptide biosynthesis II (lysine-containing)|g__Gemmiger.s__Gemmiger_formicilis	36.0583454992
PWY-6386: UDP-N-acetylmuramoyl-pentapeptide biosynthesis II (lysine-containing)|g__Blautia.s__Blautia_sp	34.9739207816
PWY-6386: UDP-N-acetylmuramoyl-pentapeptide biosynthesis II (lysine-containing)|g__Bacteroides.s__Bacteroides_dorei	32.5066492735
PWY-6386: UDP-N-acetylmuramoyl-pentapeptide biosynthesis II (lysine-containing)|g__Subdoligranulum.s__Subdoligranulum_sp_APC924_74	29.7081165727
PWY-6386: UDP-N-acetylmuramoyl-pentapeptide biosynthesis II (lysine-containing)|g__Blautia.s__Blautia_wexlerae	23.2818119384
PWY-6386: UDP-N-acetylmuramoyl-pentapeptide biosynthesis II (lysine-containing)|g__Blautia.s__Blautia_obeum	19.5955053942
PWY-6386: UDP-N-acetylmuramoyl-pentapeptide biosynthesis II (lysine-containing)|g__Fusicatenibacter.s__Fusicatenibacter_saccharivorans	18.6157136981
PWY-6386: UDP-N-acetylmuramoyl-pentapeptide biosynthesis II (lysine-containing)|g__Alistipes.s__Alistipes_finegoldii	18.2049935759
PWY-6386: UDP-N-acetylmuramoyl-pentapeptide biosynthesis II (lysine-containing)|g__Parasutterella.s__Parasutterella_excrementihominis	11.6883706479
PWY-6386: UDP-N-acetylmuramoyl-pentapeptide biosynthesis II (lysine-containing)|g__Clostridium.s__Clostridium_sp_AF36_4	11.5334107412
PWY-6386: UDP-N-acetylmuramoyl-pentapeptide biosynthesis II (lysine-containing)|g__Alistipes.s__Alistipes_sp_CAG_268	11.3910661495
PWY-6386: UDP-N-acetylmuramoyl-pentapeptide biosynthesis II (lysine-containing)|g__Blautia.s__Blautia_sp_CAG_52	11.2461568672
PWY-6386: UDP-N-acetylmuramoyl-pentapeptide biosynthesis II (lysine-containing)|g__Clostridium.s__Clostridium_sp_CAG_122	10.6813121596
PWY-6386: UDP-N-acetylmuramoyl-pentapeptide biosynthesis II (lysine-containing)|g__Bacteroides.s__Bacteroides_ovatus	9.5927540561
PWY-6386: UDP-N-acetylmuramoyl-pentapeptide biosynthesis II (lysine-containing)|g__Coprococcus.s__Coprococcus_comes	8.7432270809
PWY-6386: UDP-N-acetylmuramoyl-pentapeptide biosynthesis II (lysine-containing)|g__Bifidobacterium.s__Bifidobacterium_bifidum	8.5940558820
PWY-6386: UDP-N-acetylmuramoyl-pentapeptide biosynthesis II (lysine-containing)|g__Paraprevotella.s__Paraprevotella_clara	8.5801737485
PWY-6386: UDP-N-acetylmuramoyl-pentapeptide biosynthesis II (lysine-containing)|g__Bacteroides.s__Bacteroides_finegoldii	8.1634636410
PWY-6386: UDP-N-acetylmuramoyl-pentapeptide biosynthesis II (lysine-containing)|g__Lachnospiraceae_unclassified.s__Eubacterium_rectale	7.1128741573
PWY-6386: UDP-N-acetylmuramoyl-pentapeptide biosynthesis II (lysine-containing)|g__Bifidobacterium.s__Bifidobacterium_adolescentis	6.2508981693
PWY-6386: UDP-N-acetylmuramoyl-pentapeptide biosynthesis II (lysine-containing)|g__Ruminococcus.s__Ruminococcus_sp_AF31_8BH	5.3150260215
COMPLETE-ARO-PWY: superpathway of aromatic amino acid biosynthesis	1849.8142228910
COMPLETE-ARO-PWY: superpathway of aromatic amino acid biosynthesis|unclassified	184.3722380912
COMPLETE-ARO-PWY: superpathway of aromatic amino acid biosynthesis|g__Roseburia.s__Roseburia_faecis	78.4311249783
COMPLETE-ARO-PWY: superpathway of aromatic amino acid biosynthesis|g__Clostridium.s__Clostridium_sp_CAG_217	70.8403275695
COMPLETE-ARO-PWY: superpathway of aromatic amino acid biosynthesis|g__Blautia.s__Ruminococcus_torques	67.3856261401
COMPLETE-ARO-PWY: superpathway of aromatic amino acid biosynthesis|g__Roseburia.s__Roseburia_intestinalis	48.5387992592
COMPLETE-ARO-PWY: superpathway of aromatic amino acid biosynthesis|g__Ruminococcus.s__Ruminococcus_sp_CAG_254	42.6853267619
COMPLETE-ARO-PWY: superpathway of aromatic amino acid biosynthesis|g__Blautia.s__Blautia_sp	34.0159812581
COMPLETE-ARO-PWY: superpathway of aromatic amino acid biosynthesis|g__Blautia.s__Blautia_obeum	24.1527691259
COMPLETE-ARO-PWY: superpathway of aromatic amino acid biosynthesis|g__Fusicatenibacter.s__Fusicatenibacter_saccharivorans	18.9138780576
COMPLETE-ARO-PWY: superpathway of aromatic amino acid biosynthesis|g__Blautia.s__Blautia_wexlerae	18.5332777901
COMPLETE-ARO-PWY: superpathway of aromatic amino acid biosynthesis|g__Eubacterium.s__Eubacterium_eligens	13.3792013686
COMPLETE-ARO-PWY: superpathway of aromatic amino acid biosynthesis|g__Eubacterium.s__Eubacterium_hallii	13.3355508045
COMPLETE-ARO-PWY: superpathway of aromatic amino acid biosynthesis|g__Parabacteroides.s__Parabacteroides_distasonis	11.1990763624
COMPLETE-ARO-PWY: superpathway of aromatic amino acid biosynthesis|g__Lachnospiraceae_unclassified.s__Eubacterium_rectale	5.9962722525
COMPLETE-ARO-PWY: superpathway of aromatic amino acid biosynthesis|g__Bifidobacterium.s__Bifidobacterium_pseudocatenulatum	5.3867409456
ARO-PWY: chorismate biosynthesis I	1843.6354307960
ARO-PWY: chorismate biosynthesis I|g__Faecalibacterium.s__Faecalibacterium_prausnitzii	348.2607739105
ARO-PWY: chorismate biosynthesis I|unclassified	180.8802350389
ARO-PWY: chorismate biosynthesis I|g__Roseburia.s__Roseburia_faecis	75.9077727389
ARO-PWY: chorismate biosynthesis I|g__Clostridium.s__Clostridium_sp_CAG_217	73.6054569114
ARO-PWY: chorismate biosynthesis I|g__Ruminococcus.s__Ruminococcus_bromii	71.8617041320
ARO-PWY: chorismate biosynthesis I|g__Blautia.s__Ruminococcus_torques	67.6371268125
ARO-PWY: chorismate biosynthesis I|g__Roseburia.s__Roseburia_intestinalis	49.6979650988
ARO-PWY: chorismate biosynthesis I|g__Bacteroides.s__Bacteroides_vulgatus	45.3416324421
ARO-PWY: chorismate biosynthesis I|g__Ruminococcus.s__Ruminococcus_sp_CAG_254	39.9434645228
ARO-PWY: chorismate biosynthesis I|g__Subdoligranulum.s__Subdoligranulum_sp_APC924_74	37.8766681965
ARO-PWY: chorismate biosynthesis I|g__Collinsella.s__Collinsella_aerofaciens	35.5685623339
ARO-PWY: chorismate biosynthesis I|g__Blautia.s__Blautia_sp	33.0593710875
ARO-PWY: chorismate biosynthesis I|g__Blautia.s__Blautia_obeum	24.1149387012
ARO-PWY: chorismate biosynthesis I|g__Bacteroides.s__Bacteroides_dorei	21.3559651093
ARO-PWY: chorismate biosynthesis I|g__Fusicatenibacter.s__Fusicatenibacter_saccharivorans	17.6753154830
ARO-PWY: chorismate biosynthesis I|g__Blautia.s__Blautia_wexlerae	17.3426166573
ARO-PWY: chorismate biosynthesis I|g__Bifidobacterium.s__Bifidobacterium_adolescentis	16.6333315991
ARO-PWY: chorismate biosynthesis I|g__Alistipes.s__Alistipes_finegoldii	15.1227162725
ARO-PWY: chorismate biosynthesis I|g__Eubacterium.s__Eubacterium_hallii	13.8942238190
ARO-PWY: chorismate biosynthesis I|g__Firmicutes_unclassified.s__Firmicutes_bacterium_CAG_56	13.4445841798
ARO-PWY: chorismate biosynthesis I|g__Eubacterium.s__Eubacterium_eligens	12.6019047155
ARO-PWY: chorismate biosynthesis I|g__Lachnospiraceae_unclassified.s__Eubacterium_rectale	12.1885896026
ARO-PWY: chorismate biosynthesis I|g__Parabacteroides.s__Parabacteroides_distasonis	10.2375011634
ARO-PWY: chorismate biosynthesis I|g__Parasutterella.s__Parasutterella_excrementihominis	7.7424289072
ARO-PWY: chorismate biosynthesis I|g__Parabacteroides.s__Parabacteroides_merdae	6.3144601137
ARO-PWY: chorismate biosynthesis I|g__Bifidobacterium.s__Bifidobacterium_longum	6.0901339829
ARO-PWY: chorismate biosynthesis I|g__Bifidobacterium.s__Bifidobacterium_pseudocatenulatum	5.8181671373
ARO-PWY: chorismate biosynthesis I|g__Bacteroides.s__Bacteroides_ovatus	5.0906736149
ARO-PWY: chorismate biosynthesis I|g__Bacteroides.s__Bacteroides_finegoldii	2.5872503996
PWY-6387: UDP-N-acetylmuramoyl-pentapeptide biosynthesis I (meso-diaminopimelate containing)	1816.9937589451
PWY-6387: UDP-N-acetylmuramoyl-pentapeptide biosynthesis I (meso-diaminopimelate containing)|unclassified	231.1049751604
PWY-6387: UDP-N-acetylmuramoyl-pentapeptide biosynthesis I (meso-diaminopimelate containing)|g__Faecalibacterium.s__Faecalibacterium_prausnitzii	206.3148849080
PWY-6387: UDP-N-acetylmuramoyl-pentapeptide biosynthesis I (meso-diaminopimelate containing)|g__Ruminococcus.s__Ruminococcus_bicirculans	149.3137555696
PWY-6387: UDP-N-acetylmuramoyl-pentapeptide biosynthesis I (meso-diaminopimelate containing)|g__Bacteroides.s__Bacteroides_uniformis	86.0240039899
PWY-6387: UDP-N-acetylmuramoyl-pentapeptide biosynthesis I (meso-diaminopimelate containing)|g__Roseburia.s__Roseburia_faecis	77.8548057194
PWY-6387: UDP-N-acetylmuramoyl-pentapeptide biosynthesis I (meso-diaminopimelate containing)|g__Bacteroides.s__Bacteroides_vulgatus	68.7251091531
PWY-6387: UDP-N-acetylmuramoyl-pentapeptide biosynthesis I (meso-diaminopimelate containing)|g__Clostridium.s__Clostridium_sp_CAG_217	64.6944103726
PWY-6387: UDP-N-acetylmuramoyl-pentapeptide biosynthesis I (meso-diaminopimelate containing)|g__Blautia.s__Ruminococcus_torques	62.2841632260
PWY-6387: UDP-N-acetylmuramoyl-pentapeptide biosynthesis I (meso-diaminopimelate containing)|g__Alistipes.s__Alistipes_putredinis	60.0287098630
PWY-6387: UDP-N-acetylmuramoyl-pentapeptide biosynthesis I (meso-diaminopimelate containing)|g__Collinsella.s__Collinsella_aerofaciens	45.9470461283
PWY-6387: UDP-N-acetylmuramoyl-pentapeptide biosynthesis I (meso-diaminopimelate containing)|g__Blautia.s__Blautia_sp	41.3869032043
PWY-6387: UDP-N-acetylmuramoyl-pentapeptide biosynthesis I (meso-diaminopimelate containing)|g__Ruminococcus.s__Ruminococcus_sp_CAG_254	40.5243445974
PWY-6387: UDP-N-acetylmuramoyl-pentapeptide biosynthesis I (meso-diaminopimelate containing)|g__Gemmiger.s__Gemmiger_formicilis	35.9744304169
PWY-6387: UDP-N-acetylmuramoyl-pentapeptide biosynthesis I (meso-diaminopimelate containing)|g__Bacteroides.s__Bacteroides_dorei	31.6766395241
PWY-6387: UDP-N-acetylmuramoyl-pentapeptide biosynthesis I (meso-diaminopimelate containing)|g__Roseburia.s__Roseburia_intestinalis	30.3153322212
PWY-6387: UDP-N-acetylmuramoyl-pentapeptide biosynthesis I (meso-diaminopimelate containing)|g__Subdoligranulum.s__Subdoligranulum_sp_APC924_74	29.1468284826
PWY-6387: UDP-N-acetylmuramoyl-pentapeptide biosynthesis I (meso-diaminopimelate containing)|g__Blautia.s__Blautia_wexlerae	25.0546791918
PWY-6387: UDP-N-acetylmuramoyl-pentapeptide biosynthesis I (meso-diaminopimelate containing)|g__Blautia.s__Blautia_obeum	18.9845502183
PWY-6387: UDP-N-acetylmuramoyl-pentapeptide biosynthesis I (meso-diaminopimelate containing)|g__Fusicatenibacter.s__Fusicatenibacter_saccharivorans	18.0269196452
PWY-6387: UDP-N-acetylmuramoyl-pentapeptide biosynthesis I (meso-diaminopimelate containing)|g__Alistipes.s__Alistipes_finegoldii	17.9529420526
PWY-6387: UDP-N-acetylmuramoyl-pentapeptide biosynthesis I (meso-diaminopimelate containing)|g__Parasutterella.s__Parasutterella_excrementihominis	13.8202580784
PWY-6387: UDP-N-acetylmuramoyl-pentapeptide biosynthesis I (meso-diaminopimelate containing)|g__Firmicutes_unclassified.s__Firmicutes_bacterium_CAG_56	12.9645036569
PWY-6387: UDP-N-acetylmuramoyl-pentapeptide biosynthesis I (meso-diaminopimelate containing)|g__Eubacterium.s__Eubacterium_eligens	12.8480584752
PWY-6387: UDP-N-acetylmuramoyl-pentapeptide biosynthesis I (meso-diaminopimelate containing)|g__Alistipes.s__Alistipes_sp_CAG_268	12.1549224133
PWY-6387: UDP-N-acetylmuramoyl-pentapeptide biosynthesis I (meso-diaminopimelate containing)|g__Blautia.s__Blautia_sp_CAG_52	11.7579597652
PWY-6387: UDP-N-acetylmuramoyl-pentapeptide biosynthesis I (meso-diaminopimelate containing)|g__Clostridium.s__Clostridium_sp_AF36_4	11.6540675313
PWY-6387: UDP-N-acetylmuramoyl-pentapeptide biosynthesis I (meso-diaminopimelate containing)|g__Clostridium.s__Clostridium_sp_CAG_122	10.8821700817
PWY-6387: UDP-N-acetylmuramoyl-pentapeptide biosynthesis I (meso-diaminopimelate containing)|g__Parabacteroides.s__Parabacteroides_distasonis	10.8171494831
PWY-6387: UDP-N-acetylmuramoyl-pentapeptide biosynthesis I (meso-diaminopimelate containing)|g__Bacteroides.s__Bacteroides_ovatus	9.7486492453
PWY-6387: UDP-N-acetylmuramoyl-pentapeptide biosynthesis I (meso-diaminopimelate containing)|g__Paraprevotella.s__Paraprevotella_clara	9.7483963018
PWY-6387: UDP-N-acetylmuramoyl-pentapeptide biosynthesis I (meso-diaminopimelate containing)|g__Coprococcus.s__Coprococcus_comes	9.4740515952
PWY-6387: UDP-N-acetylmuramoyl-pentapeptide biosynthesis I (meso-diaminopimelate containing)|g__Eubacterium.s__Eubacterium_hallii	9.3046830399
PWY-6387: UDP-N-acetylmuramoyl-pentapeptide biosynthesis I (meso-diaminopimelate containing)|g__Bacteroides.s__Bacteroides_finegoldii	9.0220718544
PWY-6387: UDP-N-acetylmuramoyl-pentapeptide biosynthesis I (meso-diaminopimelate containing)|g__Proteobacteria_unclassified.s__Proteobacteria_bacterium_CAG_495	8.7683148611
PWY-6387: UDP-N-acetylmuramoyl-pentapeptide biosynthesis I (meso-diaminopimelate containing)|g__Parabacteroides.s__Parabacteroides_merdae	8.6625825263
PWY-6387: UDP-N-acetylmuramoyl-pentapeptide biosynthesis I (meso-diaminopimelate containing)|g__Bifidobacterium.s__Bifidobacterium_bifidum	8.1527489990
PWY-6387: UDP-N-acetylmuramoyl-pentapeptide biosynthesis I (meso-diaminopimelate containing)|g__Lachnospiraceae_unclassified.s__Eubacterium_rectale	8.0518401980
PWY-6387: UDP-N-acetylmuramoyl-pentapeptide biosynthesis I (meso-diaminopimelate containing)|g__Anaerostipes.s__Anaerostipes_hadrus	7.7065569956
PWY-6387: UDP-N-acetylmuramoyl-pentapeptide biosynthesis I (meso-diaminopimelate containing)|g__Bifidobacterium.s__Bifidobacterium_adolescentis	6.2446403448
PWY-6387: UDP-N-acetylmuramoyl-pentapeptide biosynthesis I (meso-diaminopimelate containing)|g__Ruminococcus.s__Ruminococcus_sp_AF31_8BH	5.8602692061
PWY-6387: UDP-N-acetylmuramoyl-pentapeptide biosynthesis I (meso-diaminopimelate containing)|g__Bifidobacterium.s__Bifidobacterium_pseudocatenulatum	3.5766178607
PWY-6387: UDP-N-acetylmuramoyl-pentapeptide biosynthesis I (meso-diaminopimelate containing)|g__Alistipes.s__Alistipes_onderdonkii	1.9238152755
ARGSYNBSUB-PWY: L-arginine biosynthesis II (acetyl cycle)	1808.9312971239
ARGSYNBSUB-PWY: L-arginine biosynthesis II (acetyl cycle)|g__Faecalibacterium.s__Faecalibacterium_prausnitzii	290.1736823293
ARGSYNBSUB-PWY: L-arginine biosynthesis II (acetyl cycle)|unclassified	247.8155707890
ARGSYNBSUB-PWY: L-arginine biosynthesis II (acetyl cycle)|g__Ruminococcus.s__Ruminococcus_bicirculans	168.1903300730
ARGSYNBSUB-PWY: L-arginine biosynthesis II (acetyl cycle)|g__Roseburia.s__Roseburia_faecis	82.4720602107
ARGSYNBSUB-PWY: L-arginine biosynthesis II (acetyl cycle)|g__Ruminococcus.s__Ruminococcus_bromii	70.7500023864
ARGSYNBSUB-PWY: L-arginine biosynthesis II (acetyl cycle)|g__Clostridium.s__Clostridium_sp_CAG_217	68.9826150296
ARGSYNBSUB-PWY: L-arginine biosynthesis II (acetyl cycle)|g__Gemmiger.s__Gemmiger_formicilis	60.6239296195
ARGSYNBSUB-PWY: L-arginine biosynthesis II (acetyl cycle)|g__Ruminococcus.s__Ruminococcus_sp_CAG_254	49.6632688730
ARGSYNBSUB-PWY: L-arginine biosynthesis II (acetyl cycle)|g__Blautia.s__Blautia_sp	45.7465875764
ARGSYNBSUB-PWY: L-arginine biosynthesis II (acetyl cycle)|g__Blautia.s__Ruminococcus_torques	45.4777861996
ARGSYNBSUB-PWY: L-arginine biosynthesis II (acetyl cycle)|g__Subdoligranulum.s__Subdoligranulum_sp_APC924_74	44.7141073031
ARGSYNBSUB-PWY: L-arginine biosynthesis II (acetyl cycle)|g__Roseburia.s__Roseburia_intestinalis	38.0068566836
ARGSYNBSUB-PWY: L-arginine biosynthesis II (acetyl cycle)|g__Collinsella.s__Collinsella_aerofaciens	36.5183005249
ARGSYNBSUB-PWY: L-arginine biosynthesis II (acetyl cycle)|g__Blautia.s__Blautia_wexlerae	34.3023457939
ARGSYNBSUB-PWY: L-arginine biosynthesis II (acetyl cycle)|g__Lachnospiraceae_unclassified.s__Eubacterium_rectale	21.9357542447
ARGSYNBSUB-PWY: L-arginine biosynthesis II (acetyl cycle)|g__Fusicatenibacter.s__Fusicatenibacter_saccharivorans	17.1188299143
ARGSYNBSUB-PWY: L-arginine biosynthesis II (acetyl cycle)|g__Eubacterium.s__Eubacterium_eligens	16.7821918785
ARGSYNBSUB-PWY: L-arginine biosynthesis II (acetyl cycle)|g__Clostridium.s__Clostridium_sp_CAG_122	15.1573305881
ARGSYNBSUB-PWY: L-arginine biosynthesis II (acetyl cycle)|g__Firmicutes_unclassified.s__Firmicutes_bacterium_CAG_56	14.8602677389
ARGSYNBSUB-PWY: L-arginine biosynthesis II (acetyl cycle)|g__Parasutterella.s__Parasutterella_excrementihominis	14.6298274249
ARGSYNBSUB-PWY: L-arginine biosynthesis II (acetyl cycle)|g__Clostridium.s__Clostridium_sp_AF36_4	13.4397715903
ARGSYNBSUB-PWY: L-arginine biosynthesis II (acetyl cycle)|g__Bifidobacterium.s__Bifidobacterium_adolescentis	12.7598749113
ARGSYNBSUB-PWY: L-arginine biosynthesis II (acetyl cycle)|g__Clostridium.s__Clostridium_sp_CAG_75	12.2432231007
ARGSYNBSUB-PWY: L-arginine biosynthesis II (acetyl cycle)|g__Anaerostipes.s__Anaerostipes_hadrus	9.2845850852
ARGSYNBSUB-PWY: L-arginine biosynthesis II (acetyl cycle)|g__Lachnospira.s__Lachnospira_pectinoschiza	7.7687939524
ARGSYNBSUB-PWY: L-arginine biosynthesis II (acetyl cycle)|g__Roseburia.s__Roseburia_hominis	7.7471859712
ARGSYNBSUB-PWY: L-arginine biosynthesis II (acetyl cycle)|g__Dorea.s__Dorea_formicigenerans	6.8972511362
ARGSYNBSUB-PWY: L-arginine biosynthesis II (acetyl cycle)|g__Eubacterium.s__Eubacterium_sp_CAG_38	5.4763762818
ARGSYNBSUB-PWY: L-arginine biosynthesis II (acetyl cycle)|g__Ruminococcus.s__Ruminococcus_sp_AF31_8BH	4.2852405133
ARGSYNBSUB-PWY: L-arginine biosynthesis II (acetyl cycle)|g__Bifidobacterium.s__Bifidobacterium_catenulatum	4.0446642484
ARGSYNBSUB-PWY: L-arginine biosynthesis II (acetyl cycle)|g__Blautia.s__Blautia_obeum	3.3382374541
ARGSYNBSUB-PWY: L-arginine biosynthesis II (acetyl cycle)|g__Bifidobacterium.s__Bifidobacterium_pseudocatenulatum	2.7209262748
PWY-6609: adenine and adenosine salvage III	1800.8478602186
PWY-6609: adenine and adenosine salvage III|unclassified	270.8808113159
PWY-6609: adenine and adenosine salvage III|g__Faecalibacterium.s__Faecalibacterium_prausnitzii	192.0154440634
PWY-6609: adenine and adenosine salvage III|g__Ruminococcus.s__Ruminococcus_bicirculans	176.1078202336
PWY-6609: adenine and adenosine salvage III|g__Bacteroides.s__Bacteroides_uniformis	85.5706193945
PWY-6609: adenine and adenosine salvage III|g__Bacteroides.s__Bacteroides_vulgatus	74.4144639514
PWY-6609: adenine and adenosine salvage III|g__Roseburia.s__Roseburia_faecis	71.7358124046
PWY-6609: adenine and adenosine salvage III|g__Ruminococcus.s__Ruminococcus_sp_CAG_254	65.7324766108
PWY-6609: adenine and adenosine salvage III|g__Clostridium.s__Clostridium_sp_CAG_217	61.7563618523
PWY-6609: adenine and adenosine salvage III|g__Alistipes.s__Alistipes_putredinis	59.4479830149
PWY-6609: adenine and adenosine salvage III|g__Blautia.s__Ruminococcus_torques	42.2842697920
PWY-6609: adenine and adenosine salvage III|g__Gemmiger.s__Gemmiger_formicilis	36.1627322953
PWY-6609: adenine and adenosine salvage III|g__Blautia.s__Blautia_sp	30.4355643676
PWY-6609: adenine and adenosine salvage III|g__Bacteroides.s__Bacteroides_dorei	30.4315220221
PWY-6609: adenine and adenosine salvage III|g__Fusicatenibacter.s__Fusicatenibacter_saccharivorans	28.4095078718
PWY-6609: adenine and adenosine salvage III|g__Subdoligranulum.s__Subdoligranulum_sp_APC924_74	27.7604275106
PWY-6609: adenine and adenosine salvage III|g__Firmicutes_unclassified.s__Firmicutes_bacterium_CAG_56	26.7607704749
PWY-6609: adenine and adenosine salvage III|g__Roseburia.s__Roseburia_intestinalis	26.7543489869
PWY-6609: adenine and adenosine salvage III|g__Blautia.s__Blautia_wexlerae	24.1030601078
PWY-6609: adenine and adenosine salvage III|g__Lachnospiraceae_unclassified.s__Eubacterium_rectale	17.0648464164
PWY-6609: adenine and adenosine salvage III|g__Eubacterium.s__Eubacterium_eligens	15.6559548413
PWY-6609: adenine and adenosine salvage III|g__Oscillibacter.s__Oscillibacter_sp_57_20	15.5202965558
PWY-6609: adenine and adenosine salvage III|g__Blautia.s__Blautia_obeum	14.1846661483
PWY-6609: adenine and adenosine salvage III|g__Alistipes.s__Alistipes_onderdonkii	13.8600138600
PWY-6609: adenine and adenosine salvage III|g__Clostridium.s__Clostridium_sp_CAG_122	13.3796474977
PWY-6609: adenine and adenosine salvage III|g__Dorea.s__Dorea_longicatena	12.9221732746
PWY-6609: adenine and adenosine salvage III|g__Clostridiales_unclassified.s__Clostridiales_bacterium_KLE1615	12.5549278092
PWY-6609: adenine and adenosine salvage III|g__Clostridium.s__Clostridium_sp_AF36_4	10.6200518654
PWY-6609: adenine and adenosine salvage III|g__Anaerostipes.s__Anaerostipes_hadrus	8.9858793325
PWY-6609: adenine and adenosine salvage III|g__Bacteroides.s__Bacteroides_finegoldii	7.8895463511
PWY-6609: adenine and adenosine salvage III|g__Eubacterium.s__Eubacterium_ventriosum	7.7949917178
PWY-6609: adenine and adenosine salvage III|g__Dialister.s__Dialister_invisus	7.6045627376
PWY-6609: adenine and adenosine salvage III|g__Parabacteroides.s__Parabacteroides_distasonis	7.1877807727
PWY-6609: adenine and adenosine salvage III|g__Bacteroides.s__Bacteroides_ovatus	6.5897858320
PWY-6609: adenine and adenosine salvage III|g__Lachnospira.s__Lachnospira_pectinoschiza	6.5897858320
PWY-6609: adenine and adenosine salvage III|g__Ruminococcus.s__Ruminococcus_sp_AF31_8BH	3.3416875522
PWY-6609: adenine and adenosine salvage III|g__Alistipes.s__Alistipes_finegoldii	1.9516003123
PWY-6609: adenine and adenosine salvage III|g__Bacteroides.s__Bacteroides_cellulosilyticus	1.8403496664
DTDPRHAMSYN-PWY: dTDP-&beta;-L-rhamnose biosynthesis	1789.8955933807
DTDPRHAMSYN-PWY: dTDP-&beta;-L-rhamnose biosynthesis|unclassified	252.7167379933
DTDPRHAMSYN-PWY: dTDP-&beta;-L-rhamnose biosynthesis|g__Faecalibacterium.s__Faecalibacterium_prausnitzii	240.9374773732
DTDPRHAMSYN-PWY: dTDP-&beta;-L-rhamnose biosynthesis|g__Bacteroides.s__Bacteroides_uniformis	107.2264764675
DTDPRHAMSYN-PWY: dTDP-&beta;-L-rhamnose biosynthesis|g__Roseburia.s__Roseburia_faecis	96.3363085354
DTDPRHAMSYN-PWY: dTDP-&beta;-L-rhamnose biosynthesis|g__Bacteroides.s__Bacteroides_dorei	86.6406175495
DTDPRHAMSYN-PWY: dTDP-&beta;-L-rhamnose biosynthesis|g__Bacteroides.s__Bacteroides_vulgatus	85.1941185298
DTDPRHAMSYN-PWY: dTDP-&beta;-L-rhamnose biosynthesis|g__Roseburia.s__Roseburia_intestinalis	70.6755368059
DTDPRHAMSYN-PWY: dTDP-&beta;-L-rhamnose biosynthesis|g__Alistipes.s__Alistipes_putredinis	57.6127359212
DTDPRHAMSYN-PWY: dTDP-&beta;-L-rhamnose biosynthesis|g__Blautia.s__Ruminococcus_torques	46.5780940090
DTDPRHAMSYN-PWY: dTDP-&beta;-L-rhamnose biosynthesis|g__Blautia.s__Blautia_obeum	46.3642508919
DTDPRHAMSYN-PWY: dTDP-&beta;-L-rhamnose biosynthesis|g__Gemmiger.s__Gemmiger_formicilis	46.2672756037
DTDPRHAMSYN-PWY: dTDP-&beta;-L-rhamnose biosynthesis|g__Blautia.s__Blautia_wexlerae	44.7568583201
DTDPRHAMSYN-PWY: dTDP-&beta;-L-rhamnose biosynthesis|g__Subdoligranulum.s__Subdoligranulum_sp_APC924_74	40.5323156388
DTDPRHAMSYN-PWY: dTDP-&beta;-L-rhamnose biosynthesis|g__Alistipes.s__Alistipes_finegoldii	32.9426972141
DTDPRHAMSYN-PWY: dTDP-&beta;-L-rhamnose biosynthesis|g__Bacteroides.s__Bacteroides_ovatus	29.2124726822
DTDPRHAMSYN-PWY: dTDP-&beta;-L-rhamnose biosynthesis|g__Coprococcus.s__Coprococcus_comes	28.9317138746
DTDPRHAMSYN-PWY: dTDP-&beta;-L-rhamnose biosynthesis|g__Collinsella.s__Collinsella_aerofaciens	26.9115255810
DTDPRHAMSYN-PWY: dTDP-&beta;-L-rhamnose biosynthesis|g__Eubacterium.s__Eubacterium_eligens	24.0213362279
DTDPRHAMSYN-PWY: dTDP-&beta;-L-rhamnose biosynthesis|g__Eubacterium.s__Eubacterium_hallii	18.6536220336
DTDPRHAMSYN-PWY: dTDP-&beta;-L-rhamnose biosynthesis|g__Clostridium.s__Clostridium_sp_AF36_4	16.7528635340
DTDPRHAMSYN-PWY: dTDP-&beta;-L-rhamnose biosynthesis|g__Lachnospiraceae_unclassified.s__Eubacterium_rectale	16.4277805891
DTDPRHAMSYN-PWY: dTDP-&beta;-L-rhamnose biosynthesis|g__Clostridium.s__Clostridium_sp_CAG_75	16.2800162800
DTDPRHAMSYN-PWY: dTDP-&beta;-L-rhamnose biosynthesis|g__Parabacteroides.s__Parabacteroides_distasonis	15.5565792983
DTDPRHAMSYN-PWY: dTDP-&beta;-L-rhamnose biosynthesis|g__Blautia.s__Blautia_sp	15.0161402608
DTDPRHAMSYN-PWY: dTDP-&beta;-L-rhamnose biosynthesis|g__Firmicutes_unclassified.s__Firmicutes_bacterium_CAG_56	14.6103431093
DTDPRHAMSYN-PWY: dTDP-&beta;-L-rhamnose biosynthesis|g__Alistipes.s__Alistipes_sp_CAG_268	14.5172997822
DTDPRHAMSYN-PWY: dTDP-&beta;-L-rhamnose biosynthesis|g__Blautia.s__Blautia_sp_CAG_52	13.6841259898
DTDPRHAMSYN-PWY: dTDP-&beta;-L-rhamnose biosynthesis|g__Fusicatenibacter.s__Fusicatenibacter_saccharivorans	12.8596624088
DTDPRHAMSYN-PWY: dTDP-&beta;-L-rhamnose biosynthesis|g__Coprococcus.s__Coprococcus_eutactus	12.1518040755
DTDPRHAMSYN-PWY: dTDP-&beta;-L-rhamnose biosynthesis|g__Bacteroides.s__Bacteroides_finegoldii	11.6232994320
DTDPRHAMSYN-PWY: dTDP-&beta;-L-rhamnose biosynthesis|g__Faecalibacterium.s__Faecalibacterium_sp_CAG_74	11.4695340502
DTDPRHAMSYN-PWY: dTDP-&beta;-L-rhamnose biosynthesis|g__Proteobacteria_unclassified.s__Proteobacteria_bacterium_CAG_495	11.1295801113
DTDPRHAMSYN-PWY: dTDP-&beta;-L-rhamnose biosynthesis|g__Bifidobacterium.s__Bifidobacterium_bifidum	10.4919112180
DTDPRHAMSYN-PWY: dTDP-&beta;-L-rhamnose biosynthesis|g__Dorea.s__Dorea_longicatena	10.2377166789
DTDPRHAMSYN-PWY: dTDP-&beta;-L-rhamnose biosynthesis|g__Ruminococcus.s__Ruminococcus_sp_AF31_8BH	9.0171325518
DTDPRHAMSYN-PWY: dTDP-&beta;-L-rhamnose biosynthesis|g__Clostridiales_unclassified.s__Clostridiales_bacterium_KLE1615	8.2799749737
DTDPRHAMSYN-PWY: dTDP-&beta;-L-rhamnose biosynthesis|g__Clostridium.s__Clostridium_sp_CAG_122	7.7049022441
DTDPRHAMSYN-PWY: dTDP-&beta;-L-rhamnose biosynthesis|g__Alistipes.s__Alistipes_onderdonkii	7.4418604651
DTDPRHAMSYN-PWY: dTDP-&beta;-L-rhamnose biosynthesis|g__Bacteroides.s__Bacteroides_fragilis	6.3708271647
DTDPRHAMSYN-PWY: dTDP-&beta;-L-rhamnose biosynthesis|g__Anaerostipes.s__Anaerostipes_hadrus	5.7861999132
DTDPRHAMSYN-PWY: dTDP-&beta;-L-rhamnose biosynthesis|g__Roseburia.s__Roseburia_sp_CAG_100	4.6973166579
DTDPRHAMSYN-PWY: dTDP-&beta;-L-rhamnose biosynthesis|g__Eubacterium.s__Eubacterium_sp_CAG_38	4.6742623430
DTDPRHAMSYN-PWY: dTDP-&beta;-L-rhamnose biosynthesis|g__Lachnospira.s__Lachnospira_pectinoschiza	4.6736557577
DTDPRHAMSYN-PWY: dTDP-&beta;-L-rhamnose biosynthesis|g__Firmicutes_unclassified.s__Firmicutes_bacterium_AF16_15	4.3804755945
DTDPRHAMSYN-PWY: dTDP-&beta;-L-rhamnose biosynthesis|g__Bacteroides.s__Bacteroides_cellulosilyticus	3.8606329667
DTDPRHAMSYN-PWY: dTDP-&beta;-L-rhamnose biosynthesis|g__Bacteroides.s__Bacteroides_thetaiotaomicron	3.6681799907
DTDPRHAMSYN-PWY: dTDP-&beta;-L-rhamnose biosynthesis|g__Roseburia.s__Roseburia_inulinivorans	3.2619775739
DTDPRHAMSYN-PWY: dTDP-&beta;-L-rhamnose biosynthesis|g__Dorea.s__Dorea_formicigenerans	2.5653358987
DTDPRHAMSYN-PWY: dTDP-&beta;-L-rhamnose biosynthesis|g__Coprococcus.s__Coprococcus_catus	1.7046665246
ARGSYN-PWY: L-arginine biosynthesis I (via L-ornithine)	1764.4622096840
ARGSYN-PWY: L-arginine biosynthesis I (via L-ornithine)|g__Faecalibacterium.s__Faecalibacterium_prausnitzii	298.6194177805
ARGSYN-PWY: L-arginine biosynthesis I (via L-ornithine)|unclassified	207.1839102597
ARGSYN-PWY: L-arginine biosynthesis I (via L-ornithine)|g__Ruminococcus.s__Ruminococcus_bicirculans	163.1303912706
ARGSYN-PWY: L-arginine biosynthesis I (via L-ornithine)|g__Roseburia.s__Roseburia_faecis	78.1797418840
ARGSYN-PWY: L-arginine biosynthesis I (via L-ornithine)|g__Clostridium.s__Clostridium_sp_CAG_217	64.1315649608
ARGSYN-PWY: L-arginine biosynthesis I (via L-ornithine)|g__Gemmiger.s__Gemmiger_formicilis	56.6152011659
ARGSYN-PWY: L-arginine biosynthesis I (via L-ornithine)|g__Ruminococcus.s__Ruminococcus_sp_CAG_254	50.1575255487
ARGSYN-PWY: L-arginine biosynthesis I (via L-ornithine)|g__Blautia.s__Ruminococcus_torques	43.4965045408
ARGSYN-PWY: L-arginine biosynthesis I (via L-ornithine)|g__Subdoligranulum.s__Subdoligranulum_sp_APC924_74	43.2954759095
ARGSYN-PWY: L-arginine biosynthesis I (via L-ornithine)|g__Blautia.s__Blautia_wexlerae	39.2041598773
ARGSYN-PWY: L-arginine biosynthesis I (via L-ornithine)|g__Collinsella.s__Collinsella_aerofaciens	37.2808225369
ARGSYN-PWY: L-arginine biosynthesis I (via L-ornithine)|g__Roseburia.s__Roseburia_intestinalis	32.3690977768
ARGSYN-PWY: L-arginine biosynthesis I (via L-ornithine)|g__Alistipes.s__Alistipes_finegoldii	24.1379571393
ARGSYN-PWY: L-arginine biosynthesis I (via L-ornithine)|g__Eubacterium.s__Eubacterium_eligens	15.5449792391
ARGSYN-PWY: L-arginine biosynthesis I (via L-ornithine)|g__Fusicatenibacter.s__Fusicatenibacter_saccharivorans	15.4758574455
ARGSYN-PWY: L-arginine biosynthesis I (via L-ornithine)|g__Lachnospiraceae_unclassified.s__Eubacterium_rectale	15.2844474108
ARGSYN-PWY: L-arginine biosynthesis I (via L-ornithine)|g__Firmicutes_unclassified.s__Firmicutes_bacterium_CAG_56	14.8478263009
ARGSYN-PWY: L-arginine biosynthesis I (via L-ornithine)|g__Parasutterella.s__Parasutterella_excrementihominis	13.0436327701
ARGSYN-PWY: L-arginine biosynthesis I (via L-ornithine)|g__Clostridium.s__Clostridium_sp_CAG_122	12.4252953096
ARGSYN-PWY: L-arginine biosynthesis I (via L-ornithine)|g__Clostridium.s__Clostridium_sp_CAG_75	11.7901235228
ARGSYN-PWY: L-arginine biosynthesis I (via L-ornithine)|g__Bifidobacterium.s__Bifidobacterium_adolescentis	10.6126450865
ARGSYN-PWY: L-arginine biosynthesis I (via L-ornithine)|g__Blautia.s__Blautia_sp	10.1293846032
ARGSYN-PWY: L-arginine biosynthesis I (via L-ornithine)|g__Anaerostipes.s__Anaerostipes_hadrus	7.2536319021
PEPTIDOGLYCANSYN-PWY: peptidoglycan biosynthesis I (meso-diaminopimelate containing)	1729.5136745630
PEPTIDOGLYCANSYN-PWY: peptidoglycan biosynthesis I (meso-diaminopimelate containing)|unclassified	226.1368263967
PEPTIDOGLYCANSYN-PWY: peptidoglycan biosynthesis I (meso-diaminopimelate containing)|g__Faecalibacterium.s__Faecalibacterium_prausnitzii	202.0055973659
PEPTIDOGLYCANSYN-PWY: peptidoglycan biosynthesis I (meso-diaminopimelate containing)|g__Ruminococcus.s__Ruminococcus_bicirculans	143.2196065476
PEPTIDOGLYCANSYN-PWY: peptidoglycan biosynthesis I (meso-diaminopimelate containing)|g__Bacteroides.s__Bacteroides_uniformis	81.7756898766
PEPTIDOGLYCANSYN-PWY: peptidoglycan biosynthesis I (meso-diaminopimelate containing)|g__Roseburia.s__Roseburia_faecis	75.2687355681
PEPTIDOGLYCANSYN-PWY: peptidoglycan biosynthesis I (meso-diaminopimelate containing)|g__Bacteroides.s__Bacteroides_vulgatus	72.0077307605
PEPTIDOGLYCANSYN-PWY: peptidoglycan biosynthesis I (meso-diaminopimelate containing)|g__Clostridium.s__Clostridium_sp_CAG_217	65.2851546074
PEPTIDOGLYCANSYN-PWY: peptidoglycan biosynthesis I (meso-diaminopimelate containing)|g__Blautia.s__Ruminococcus_torques	59.2576846300
PEPTIDOGLYCANSYN-PWY: peptidoglycan biosynthesis I (meso-diaminopimelate containing)|g__Alistipes.s__Alistipes_putredinis	57.8587808263
PEPTIDOGLYCANSYN-PWY: peptidoglycan biosynthesis I (meso-diaminopimelate containing)|g__Blautia.s__Blautia_sp	41.1575220782
PEPTIDOGLYCANSYN-PWY: peptidoglycan biosynthesis I (meso-diaminopimelate containing)|g__Collinsella.s__Collinsella_aerofaciens	41.0598683264
PEPTIDOGLYCANSYN-PWY: peptidoglycan biosynthesis I (meso-diaminopimelate containing)|g__Ruminococcus.s__Ruminococcus_sp_CAG_254	40.9337756151
PEPTIDOGLYCANSYN-PWY: peptidoglycan biosynthesis I (meso-diaminopimelate containing)|g__Gemmiger.s__Gemmiger_formicilis	35.6641057514
PEPTIDOGLYCANSYN-PWY: peptidoglycan biosynthesis I (meso-diaminopimelate containing)|g__Roseburia.s__Roseburia_intestinalis	31.4930731928
PEPTIDOGLYCANSYN-PWY: peptidoglycan biosynthesis I (meso-diaminopimelate containing)|g__Bacteroides.s__Bacteroides_dorei	30.4689038732
PEPTIDOGLYCANSYN-PWY: peptidoglycan biosynthesis I (meso-diaminopimelate containing)|g__Subdoligranulum.s__Subdoligranulum_sp_APC924_74	28.7320423892
PEPTIDOGLYCANSYN-PWY: peptidoglycan biosynthesis I (meso-diaminopimelate containing)|g__Blautia.s__Blautia_wexlerae	23.5896010827
PEPTIDOGLYCANSYN-PWY: peptidoglycan biosynthesis I (meso-diaminopimelate containing)|g__Blautia.s__Blautia_obeum	19.6935586353
PEPTIDOGLYCANSYN-PWY: peptidoglycan biosynthesis I (meso-diaminopimelate containing)|g__Alistipes.s__Alistipes_finegoldii	18.3792241497
PEPTIDOGLYCANSYN-PWY: peptidoglycan biosynthesis I (meso-diaminopimelate containing)|g__Fusicatenibacter.s__Fusicatenibacter_saccharivorans	15.9037946529
PEPTIDOGLYCANSYN-PWY: peptidoglycan biosynthesis I (meso-diaminopimelate containing)|g__Firmicutes_unclassified.s__Firmicutes_bacterium_CAG_56	14.4066678270
PEPTIDOGLYCANSYN-PWY: peptidoglycan biosynthesis I (meso-diaminopimelate containing)|g__Eubacterium.s__Eubacterium_eligens	13.6820298667
PEPTIDOGLYCANSYN-PWY: peptidoglycan biosynthesis I (meso-diaminopimelate containing)|g__Parasutterella.s__Parasutterella_excrementihominis	13.2580095890
PEPTIDOGLYCANSYN-PWY: peptidoglycan biosynthesis I (meso-diaminopimelate containing)|g__Clostridium.s__Clostridium_sp_AF36_4	12.4140491547
PEPTIDOGLYCANSYN-PWY: peptidoglycan biosynthesis I (meso-diaminopimelate containing)|g__Alistipes.s__Alistipes_sp_CAG_268	11.8721229952
PEPTIDOGLYCANSYN-PWY: peptidoglycan biosynthesis I (meso-diaminopimelate containing)|g__Blautia.s__Blautia_sp_CAG_52	11.6037289209
PEPTIDOGLYCANSYN-PWY: peptidoglycan biosynthesis I (meso-diaminopimelate containing)|g__Clostridium.s__Clostridium_sp_CAG_122	11.4530573293
PEPTIDOGLYCANSYN-PWY: peptidoglycan biosynthesis I (meso-diaminopimelate containing)|g__Parabacteroides.s__Parabacteroides_distasonis	10.3592980382
PEPTIDOGLYCANSYN-PWY: peptidoglycan biosynthesis I (meso-diaminopimelate containing)|g__Bacteroides.s__Bacteroides_ovatus	10.1301339089
PEPTIDOGLYCANSYN-PWY: peptidoglycan biosynthesis I (meso-diaminopimelate containing)|g__Paraprevotella.s__Paraprevotella_clara	10.1103034906
PEPTIDOGLYCANSYN-PWY: peptidoglycan biosynthesis I (meso-diaminopimelate containing)|g__Eubacterium.s__Eubacterium_hallii	9.7025689303
PEPTIDOGLYCANSYN-PWY: peptidoglycan biosynthesis I (meso-diaminopimelate containing)|g__Bacteroides.s__Bacteroides_finegoldii	9.4253879557
PEPTIDOGLYCANSYN-PWY: peptidoglycan biosynthesis I (meso-diaminopimelate containing)|g__Coprococcus.s__Coprococcus_comes	9.2899715980
PEPTIDOGLYCANSYN-PWY: peptidoglycan biosynthesis I (meso-diaminopimelate containing)|g__Parabacteroides.s__Parabacteroides_merdae	9.2414712068
PEPTIDOGLYCANSYN-PWY: peptidoglycan biosynthesis I (meso-diaminopimelate containing)|g__Anaerostipes.s__Anaerostipes_hadrus	8.5398886740
PEPTIDOGLYCANSYN-PWY: peptidoglycan biosynthesis I (meso-diaminopimelate containing)|g__Bifidobacterium.s__Bifidobacterium_bifidum	8.1407429528
PEPTIDOGLYCANSYN-PWY: peptidoglycan biosynthesis I (meso-diaminopimelate containing)|g__Lachnospiraceae_unclassified.s__Eubacterium_rectale	7.8926648371
PEPTIDOGLYCANSYN-PWY: peptidoglycan biosynthesis I (meso-diaminopimelate containing)|g__Bifidobacterium.s__Bifidobacterium_adolescentis	6.6825625548
PEPTIDOGLYCANSYN-PWY: peptidoglycan biosynthesis I (meso-diaminopimelate containing)|g__Ruminococcus.s__Ruminococcus_sp_AF31_8BH	5.8907063588
PEPTIDOGLYCANSYN-PWY: peptidoglycan biosynthesis I (meso-diaminopimelate containing)|g__Alistipes.s__Alistipes_onderdonkii	2.1836905611
NONMEVIPP-PWY: methylerythritol phosphate pathway I	1727.8912901549
NONMEVIPP-PWY: methylerythritol phosphate pathway I|unclassified	206.9553289924
NONMEVIPP-PWY: methylerythritol phosphate pathway I|g__Ruminococcus.s__Ruminococcus_bicirculans	141.1565083534
NONMEVIPP-PWY: methylerythritol phosphate pathway I|g__Bacteroides.s__Bacteroides_uniformis	85.8974031087
NONMEVIPP-PWY: methylerythritol phosphate pathway I|g__Roseburia.s__Roseburia_faecis	83.1137685185
NONMEVIPP-PWY: methylerythritol phosphate pathway I|g__Bacteroides.s__Bacteroides_vulgatus	70.7945071715
NONMEVIPP-PWY: methylerythritol phosphate pathway I|g__Clostridium.s__Clostridium_sp_CAG_217	66.4529094014
NONMEVIPP-PWY: methylerythritol phosphate pathway I|g__Ruminococcus.s__Ruminococcus_bromii	65.8158730750
NONMEVIPP-PWY: methylerythritol phosphate pathway I|g__Alistipes.s__Alistipes_putredinis	55.5155933547
NONMEVIPP-PWY: methylerythritol phosphate pathway I|g__Blautia.s__Ruminococcus_torques	53.4552621387
NONMEVIPP-PWY: methylerythritol phosphate pathway I|g__Gemmiger.s__Gemmiger_formicilis	37.9741832012
NONMEVIPP-PWY: methylerythritol phosphate pathway I|g__Roseburia.s__Roseburia_intestinalis	30.5571099476
NONMEVIPP-PWY: methylerythritol phosphate pathway I|g__Subdoligranulum.s__Subdoligranulum_sp_APC924_74	30.3099208453
NONMEVIPP-PWY: methylerythritol phosphate pathway I|g__Bacteroides.s__Bacteroides_dorei	23.6661524100
NONMEVIPP-PWY: methylerythritol phosphate pathway I|g__Blautia.s__Blautia_obeum	18.7534157365
NONMEVIPP-PWY: methylerythritol phosphate pathway I|g__Blautia.s__Blautia_wexlerae	17.7094781523
NONMEVIPP-PWY: methylerythritol phosphate pathway I|g__Fusicatenibacter.s__Fusicatenibacter_saccharivorans	15.1320199376
NONMEVIPP-PWY: methylerythritol phosphate pathway I|g__Eubacterium.s__Eubacterium_eligens	15.0828880922
NONMEVIPP-PWY: methylerythritol phosphate pathway I|g__Clostridium.s__Clostridium_sp_CAG_122	12.4985015188
NONMEVIPP-PWY: methylerythritol phosphate pathway I|g__Alistipes.s__Alistipes_sp_CAG_268	11.7890540000
NONMEVIPP-PWY: methylerythritol phosphate pathway I|g__Bifidobacterium.s__Bifidobacterium_adolescentis	10.4611911676
NONMEVIPP-PWY: methylerythritol phosphate pathway I|g__Alistipes.s__Alistipes_finegoldii	10.0858139998
NONMEVIPP-PWY: methylerythritol phosphate pathway I|g__Parabacteroides.s__Parabacteroides_distasonis	9.6042653471
NONMEVIPP-PWY: methylerythritol phosphate pathway I|g__Blautia.s__Blautia_sp	9.2983242388
NONMEVIPP-PWY: methylerythritol phosphate pathway I|g__Eubacterium.s__Eubacterium_hallii	9.1848019644
NONMEVIPP-PWY: methylerythritol phosphate pathway I|g__Bifidobacterium.s__Bifidobacterium_bifidum	8.4831775559
NONMEVIPP-PWY: methylerythritol phosphate pathway I|g__Ruminococcus.s__Ruminococcus_sp_AF31_8BH	5.4149380459
PWY-6385: peptidoglycan biosynthesis III (mycobacteria)	1707.6405576809
PWY-6385: peptidoglycan biosynthesis III (mycobacteria)|unclassified	226.1368263967
PWY-6385: peptidoglycan biosynthesis III (mycobacteria)|g__Faecalibacterium.s__Faecalibacterium_prausnitzii	164.5234022544
PWY-6385: peptidoglycan biosynthesis III (mycobacteria)|g__Ruminococcus.s__Ruminococcus_bicirculans	149.9389522965
PWY-6385: peptidoglycan biosynthesis III (mycobacteria)|g__Bacteroides.s__Bacteroides_uniformis	89.6681751434
PWY-6385: peptidoglycan biosynthesis III (mycobacteria)|g__Roseburia.s__Roseburia_faecis	75.0768356627
PWY-6385: peptidoglycan biosynthesis III (mycobacteria)|g__Bacteroides.s__Bacteroides_vulgatus	69.7463344328
PWY-6385: peptidoglycan biosynthesis III (mycobacteria)|g__Blautia.s__Ruminococcus_torques	59.2576846300
PWY-6385: peptidoglycan biosynthesis III (mycobacteria)|g__Alistipes.s__Alistipes_putredinis	56.8594889563
PWY-6385: peptidoglycan biosynthesis III (mycobacteria)|g__Collinsella.s__Collinsella_aerofaciens	41.6399983694
PWY-6385: peptidoglycan biosynthesis III (mycobacteria)|g__Blautia.s__Blautia_sp	35.2037127820
PWY-6385: peptidoglycan biosynthesis III (mycobacteria)|g__Bacteroides.s__Bacteroides_dorei	28.2758482993
PWY-6385: peptidoglycan biosynthesis III (mycobacteria)|g__Blautia.s__Blautia_wexlerae	21.2143922408
PWY-6385: peptidoglycan biosynthesis III (mycobacteria)|g__Blautia.s__Blautia_obeum	17.6146948745
PWY-6385: peptidoglycan biosynthesis III (mycobacteria)|g__Alistipes.s__Alistipes_finegoldii	16.4222261209
PWY-6385: peptidoglycan biosynthesis III (mycobacteria)|g__Fusicatenibacter.s__Fusicatenibacter_saccharivorans	15.9037946529
PWY-6385: peptidoglycan biosynthesis III (mycobacteria)|g__Parasutterella.s__Parasutterella_excrementihominis	13.7660384311
PWY-6385: peptidoglycan biosynthesis III (mycobacteria)|g__Alistipes.s__Alistipes_sp_CAG_268	11.8721229952
PWY-6385: peptidoglycan biosynthesis III (mycobacteria)|g__Blautia.s__Blautia_sp_CAG_52	11.6037289209
PWY-6385: peptidoglycan biosynthesis III (mycobacteria)|g__Clostridium.s__Clostridium_sp_AF36_4	11.5728827606
PWY-6385: peptidoglycan biosynthesis III (mycobacteria)|g__Parabacteroides.s__Parabacteroides_distasonis	11.1247116216
PWY-6385: peptidoglycan biosynthesis III (mycobacteria)|g__Paraprevotella.s__Paraprevotella_clara	11.0437813113
PWY-6385: peptidoglycan biosynthesis III (mycobacteria)|g__Bacteroides.s__Bacteroides_ovatus	10.3036825398
PWY-6385: peptidoglycan biosynthesis III (mycobacteria)|g__Clostridium.s__Clostridium_sp_CAG_122	9.9435276615
PWY-6385: peptidoglycan biosynthesis III (mycobacteria)|g__Bacteroides.s__Bacteroides_finegoldii	9.8120378379
PWY-6385: peptidoglycan biosynthesis III (mycobacteria)|g__Lachnospiraceae_unclassified.s__Eubacterium_rectale	9.3684798452
PWY-6385: peptidoglycan biosynthesis III (mycobacteria)|g__Parabacteroides.s__Parabacteroides_merdae	9.3294576940
PWY-6385: peptidoglycan biosynthesis III (mycobacteria)|g__Anaerostipes.s__Anaerostipes_hadrus	8.1399988521
PWY-6385: peptidoglycan biosynthesis III (mycobacteria)|g__Bifidobacterium.s__Bifidobacterium_bifidum	7.8186320768
PWY-6385: peptidoglycan biosynthesis III (mycobacteria)|g__Bifidobacterium.s__Bifidobacterium_adolescentis	7.1649004587
PWY-6385: peptidoglycan biosynthesis III (mycobacteria)|g__Ruminococcus.s__Ruminococcus_sp_AF31_8BH	5.3394864558
ANAGLYCOLYSIS-PWY: glycolysis III (from glucose)	1696.3826011566
ANAGLYCOLYSIS-PWY: glycolysis III (from glucose)|g__Faecalibacterium.s__Faecalibacterium_prausnitzii	205.6595758877
ANAGLYCOLYSIS-PWY: glycolysis III (from glucose)|g__Ruminococcus.s__Ruminococcus_bicirculans	148.8679853587
ANAGLYCOLYSIS-PWY: glycolysis III (from glucose)|g__Roseburia.s__Roseburia_faecis	82.9433536998
ANAGLYCOLYSIS-PWY: glycolysis III (from glucose)|unclassified	69.5433630780
ANAGLYCOLYSIS-PWY: glycolysis III (from glucose)|g__Blautia.s__Ruminococcus_torques	44.6844208625
ANAGLYCOLYSIS-PWY: glycolysis III (from glucose)|g__Roseburia.s__Roseburia_intestinalis	44.1568214891
ANAGLYCOLYSIS-PWY: glycolysis III (from glucose)|g__Collinsella.s__Collinsella_aerofaciens	43.2825085864
ANAGLYCOLYSIS-PWY: glycolysis III (from glucose)|g__Blautia.s__Blautia_sp	27.8790743281
ANAGLYCOLYSIS-PWY: glycolysis III (from glucose)|g__Blautia.s__Blautia_wexlerae	20.0868254204
ANAGLYCOLYSIS-PWY: glycolysis III (from glucose)|g__Lachnospiraceae_unclassified.s__Eubacterium_rectale	15.2154027433
ANAGLYCOLYSIS-PWY: glycolysis III (from glucose)|g__Fusicatenibacter.s__Fusicatenibacter_saccharivorans	13.9373035123
ANAGLYCOLYSIS-PWY: glycolysis III (from glucose)|g__Eubacterium.s__Eubacterium_eligens	13.6763083681
ANAGLYCOLYSIS-PWY: glycolysis III (from glucose)|g__Parabacteroides.s__Parabacteroides_distasonis	13.1006236702
ANAGLYCOLYSIS-PWY: glycolysis III (from glucose)|g__Blautia.s__Blautia_obeum	6.6924567312
ANAGLYCOLYSIS-PWY: glycolysis III (from glucose)|g__Ruminococcus.s__Ruminococcus_sp_AF31_8BH	3.4105761605
PWY-7953: UDP-N-acetylmuramoyl-pentapeptide biosynthesis III (meso-diaminopimelate containing)	1684.5495372282
PWY-7953: UDP-N-acetylmuramoyl-pentapeptide biosynthesis III (meso-diaminopimelate containing)|unclassified	215.5033170631
PWY-7953: UDP-N-acetylmuramoyl-pentapeptide biosynthesis III (meso-diaminopimelate containing)|g__Ruminococcus.s__Ruminococcus_bicirculans	155.1367490145
PWY-7953: UDP-N-acetylmuramoyl-pentapeptide biosynthesis III (meso-diaminopimelate containing)|g__Bacteroides.s__Bacteroides_uniformis	84.1904627480
PWY-7953: UDP-N-acetylmuramoyl-pentapeptide biosynthesis III (meso-diaminopimelate containing)|g__Roseburia.s__Roseburia_faecis	76.5695457751
PWY-7953: UDP-N-acetylmuramoyl-pentapeptide biosynthesis III (meso-diaminopimelate containing)|g__Bacteroides.s__Bacteroides_vulgatus	67.9511270137
PWY-7953: UDP-N-acetylmuramoyl-pentapeptide biosynthesis III (meso-diaminopimelate containing)|g__Blautia.s__Ruminococcus_torques	60.3269864361
PWY-7953: UDP-N-acetylmuramoyl-pentapeptide biosynthesis III (meso-diaminopimelate containing)|g__Alistipes.s__Alistipes_putredinis	55.8001954297
PWY-7953: UDP-N-acetylmuramoyl-pentapeptide biosynthesis III (meso-diaminopimelate containing)|g__Blautia.s__Blautia_sp	31.2103194270
PWY-7953: UDP-N-acetylmuramoyl-pentapeptide biosynthesis III (meso-diaminopimelate containing)|g__Bacteroides.s__Bacteroides_dorei	28.3742202844
PWY-7953: UDP-N-acetylmuramoyl-pentapeptide biosynthesis III (meso-diaminopimelate containing)|g__Roseburia.s__Roseburia_intestinalis	28.1033650263
PWY-7953: UDP-N-acetylmuramoyl-pentapeptide biosynthesis III (meso-diaminopimelate containing)|g__Blautia.s__Blautia_wexlerae	20.5215114139
PWY-7953: UDP-N-acetylmuramoyl-pentapeptide biosynthesis III (meso-diaminopimelate containing)|g__Fusicatenibacter.s__Fusicatenibacter_saccharivorans	18.3042238198
PWY-7953: UDP-N-acetylmuramoyl-pentapeptide biosynthesis III (meso-diaminopimelate containing)|g__Blautia.s__Blautia_obeum	18.1334528911
PWY-7953: UDP-N-acetylmuramoyl-pentapeptide biosynthesis III (meso-diaminopimelate containing)|g__Alistipes.s__Alistipes_finegoldii	15.6274123680
PWY-7953: UDP-N-acetylmuramoyl-pentapeptide biosynthesis III (meso-diaminopimelate containing)|g__Clostridium.s__Clostridium_sp_AF36_4	12.3120972571
PWY-7953: UDP-N-acetylmuramoyl-pentapeptide biosynthesis III (meso-diaminopimelate containing)|g__Alistipes.s__Alistipes_sp_CAG_268	11.5452030040
PWY-7953: UDP-N-acetylmuramoyl-pentapeptide biosynthesis III (meso-diaminopimelate containing)|g__Blautia.s__Blautia_sp_CAG_52	11.2734494195
PWY-7953: UDP-N-acetylmuramoyl-pentapeptide biosynthesis III (meso-diaminopimelate containing)|g__Parasutterella.s__Parasutterella_excrementihominis	10.7982581641
PWY-7953: UDP-N-acetylmuramoyl-pentapeptide biosynthesis III (meso-diaminopimelate containing)|g__Lachnospira.s__Lachnospira_pectinoschiza	9.9589154503
PWY-7953: UDP-N-acetylmuramoyl-pentapeptide biosynthesis III (meso-diaminopimelate containing)|g__Clostridium.s__Clostridium_sp_CAG_75	9.7548208227
PWY-7953: UDP-N-acetylmuramoyl-pentapeptide biosynthesis III (meso-diaminopimelate containing)|g__Clostridium.s__Clostridium_sp_CAG_122	9.4148460797
PWY-7953: UDP-N-acetylmuramoyl-pentapeptide biosynthesis III (meso-diaminopimelate containing)|g__Anaerostipes.s__Anaerostipes_hadrus	9.3656712528
PWY-7953: UDP-N-acetylmuramoyl-pentapeptide biosynthesis III (meso-diaminopimelate containing)|g__Bacteroides.s__Bacteroides_ovatus	9.2046245340
PWY-7953: UDP-N-acetylmuramoyl-pentapeptide biosynthesis III (meso-diaminopimelate containing)|g__Coprococcus.s__Coprococcus_comes	9.1067370898
PWY-7953: UDP-N-acetylmuramoyl-pentapeptide biosynthesis III (meso-diaminopimelate containing)|g__Parabacteroides.s__Parabacteroides_merdae	8.8737279563
PWY-7953: UDP-N-acetylmuramoyl-pentapeptide biosynthesis III (meso-diaminopimelate containing)|g__Paraprevotella.s__Paraprevotella_clara	8.8692259094
PWY-7953: UDP-N-acetylmuramoyl-pentapeptide biosynthesis III (meso-diaminopimelate containing)|g__Eubacterium.s__Eubacterium_hallii	8.6050963244
PWY-7953: UDP-N-acetylmuramoyl-pentapeptide biosynthesis III (meso-diaminopimelate containing)|g__Lachnospiraceae_unclassified.s__Eubacterium_rectale	7.8425951218
PWY-7953: UDP-N-acetylmuramoyl-pentapeptide biosynthesis III (meso-diaminopimelate containing)|g__Bacteroides.s__Bacteroides_finegoldii	7.5833784725
PWY-7953: UDP-N-acetylmuramoyl-pentapeptide biosynthesis III (meso-diaminopimelate containing)|g__Bifidobacterium.s__Bifidobacterium_bifidum	7.4799954854
PWY-7953: UDP-N-acetylmuramoyl-pentapeptide biosynthesis III (meso-diaminopimelate containing)|g__Ruminococcus.s__Ruminococcus_sp_AF31_8BH	5.3923928743
PWY-7953: UDP-N-acetylmuramoyl-pentapeptide biosynthesis III (meso-diaminopimelate containing)|g__Alistipes.s__Alistipes_onderdonkii	1.7163579219
PWY-6121: 5-aminoimidazole ribonucleotide biosynthesis I	1677.8269525983
PWY-6121: 5-aminoimidazole ribonucleotide biosynthesis I|unclassified	279.9688095136
PWY-6121: 5-aminoimidazole ribonucleotide biosynthesis I|g__Faecalibacterium.s__Faecalibacterium_prausnitzii	168.4918418568
PWY-6121: 5-aminoimidazole ribonucleotide biosynthesis I|g__Ruminococcus.s__Ruminococcus_bicirculans	143.0907722717
PWY-6121: 5-aminoimidazole ribonucleotide biosynthesis I|g__Roseburia.s__Roseburia_faecis	78.2353265085
PWY-6121: 5-aminoimidazole ribonucleotide biosynthesis I|g__Bacteroides.s__Bacteroides_uniformis	77.7959085260
PWY-6121: 5-aminoimidazole ribonucleotide biosynthesis I|g__Clostridium.s__Clostridium_sp_CAG_217	63.8929696967
PWY-6121: 5-aminoimidazole ribonucleotide biosynthesis I|g__Ruminococcus.s__Ruminococcus_bromii	58.9908301162
PWY-6121: 5-aminoimidazole ribonucleotide biosynthesis I|g__Blautia.s__Ruminococcus_torques	57.9618990094
PWY-6121: 5-aminoimidazole ribonucleotide biosynthesis I|g__Alistipes.s__Alistipes_putredinis	55.9553302670
PWY-6121: 5-aminoimidazole ribonucleotide biosynthesis I|g__Collinsella.s__Collinsella_aerofaciens	49.4703803578
PWY-6121: 5-aminoimidazole ribonucleotide biosynthesis I|g__Bacteroides.s__Bacteroides_vulgatus	42.7809418332
PWY-6121: 5-aminoimidazole ribonucleotide biosynthesis I|g__Gemmiger.s__Gemmiger_formicilis	38.9425241757
PWY-6121: 5-aminoimidazole ribonucleotide biosynthesis I|g__Blautia.s__Blautia_sp	35.8783719233
PWY-6121: 5-aminoimidazole ribonucleotide biosynthesis I|g__Subdoligranulum.s__Subdoligranulum_sp_APC924_74	35.1707632926
PWY-6121: 5-aminoimidazole ribonucleotide biosynthesis I|g__Roseburia.s__Roseburia_intestinalis	34.4924588900
PWY-6121: 5-aminoimidazole ribonucleotide biosynthesis I|g__Blautia.s__Blautia_wexlerae	25.5595380221
PWY-6121: 5-aminoimidazole ribonucleotide biosynthesis I|g__Bacteroides.s__Bacteroides_dorei	24.5878809803
PWY-6121: 5-aminoimidazole ribonucleotide biosynthesis I|g__Blautia.s__Blautia_obeum	24.1124411535
PWY-6121: 5-aminoimidazole ribonucleotide biosynthesis I|g__Alistipes.s__Alistipes_finegoldii	23.4986458962
PWY-6121: 5-aminoimidazole ribonucleotide biosynthesis I|g__Coprococcus.s__Coprococcus_eutactus	19.6795820851
PWY-6121: 5-aminoimidazole ribonucleotide biosynthesis I|g__Eubacterium.s__Eubacterium_eligens	16.5443720246
PWY-6121: 5-aminoimidazole ribonucleotide biosynthesis I|g__Dialister.s__Dialister_invisus	13.9143295091
PWY-6121: 5-aminoimidazole ribonucleotide biosynthesis I|g__Clostridium.s__Clostridium_sp_AF36_4	13.7179039893
PWY-6121: 5-aminoimidazole ribonucleotide biosynthesis I|g__Lachnospiraceae_unclassified.s__Eubacterium_rectale	11.9608589089
PWY-6121: 5-aminoimidazole ribonucleotide biosynthesis I|g__Parasutterella.s__Parasutterella_excrementihominis	11.3626431256
PWY-6121: 5-aminoimidazole ribonucleotide biosynthesis I|g__Lachnospira.s__Lachnospira_pectinoschiza	11.1346727398
PWY-6121: 5-aminoimidazole ribonucleotide biosynthesis I|g__Coprococcus.s__Coprococcus_comes	10.8196557611
PWY-6121: 5-aminoimidazole ribonucleotide biosynthesis I|g__Firmicutes_unclassified.s__Firmicutes_bacterium_CAG_56	10.3591393133
PWY-6121: 5-aminoimidazole ribonucleotide biosynthesis I|g__Anaerostipes.s__Anaerostipes_hadrus	10.3428709816
PWY-6121: 5-aminoimidazole ribonucleotide biosynthesis I|g__Parabacteroides.s__Parabacteroides_merdae	9.7889900921
PWY-6121: 5-aminoimidazole ribonucleotide biosynthesis I|g__Agathobaculum.s__Agathobaculum_butyriciproducens	9.2669421087
PWY-6121: 5-aminoimidazole ribonucleotide biosynthesis I|g__Eubacterium.s__Eubacterium_hallii	7.6258953618
PWY-6121: 5-aminoimidazole ribonucleotide biosynthesis I|g__Firmicutes_unclassified.s__Firmicutes_bacterium_CAG_41	6.4782323680
PWY-6121: 5-aminoimidazole ribonucleotide biosynthesis I|g__Bacteroides.s__Bacteroides_finegoldii	5.6514367691
PWY-6121: 5-aminoimidazole ribonucleotide biosynthesis I|g__Bifidobacterium.s__Bifidobacterium_adolescentis	5.5708509621
PWY-6121: 5-aminoimidazole ribonucleotide biosynthesis I|g__Bifidobacterium.s__Bifidobacterium_pseudocatenulatum	5.0935948045
PWY-6121: 5-aminoimidazole ribonucleotide biosynthesis I|g__Ruminococcus.s__Ruminococcus_sp_AF31_8BH	4.3536701645
PWY-6121: 5-aminoimidazole ribonucleotide biosynthesis I|g__Alistipes.s__Alistipes_onderdonkii	3.6125303195
PWY-6121: 5-aminoimidazole ribonucleotide biosynthesis I|g__Bifidobacterium.s__Bifidobacterium_catenulatum	3.2925682032
PWY-6121: 5-aminoimidazole ribonucleotide biosynthesis I|g__Roseburia.s__Roseburia_inulinivorans	2.5335697998
PWY-6121: 5-aminoimidazole ribonucleotide biosynthesis I|g__Dorea.s__Dorea_longicatena	1.7779674276
PWY-7221: guanosine ribonucleotides de novo biosynthesis	1672.5555150218
PWY-7221: guanosine ribonucleotides de novo biosynthesis|g__Faecalibacterium.s__Faecalibacterium_prausnitzii	162.9606600391
PWY-7221: guanosine ribonucleotides de novo biosynthesis|g__Ruminococcus.s__Ruminococcus_bicirculans	149.2493120788
PWY-7221: guanosine ribonucleotides de novo biosynthesis|unclassified	139.6183640827
PWY-7221: guanosine ribonucleotides de novo biosynthesis|g__Bacteroides.s__Bacteroides_vulgatus	91.7765992248
PWY-7221: guanosine ribonucleotides de novo biosynthesis|g__Roseburia.s__Roseburia_faecis	68.4131464676
PWY-7221: guanosine ribonucleotides de novo biosynthesis|g__Bacteroides.s__Bacteroides_uniformis	67.6794258103
PWY-7221: guanosine ribonucleotides de novo biosynthesis|g__Clostridium.s__Clostridium_sp_CAG_217	56.8750289433
PWY-7221: guanosine ribonucleotides de novo biosynthesis|g__Alistipes.s__Alistipes_putredinis	55.8508143071
PWY-7221: guanosine ribonucleotides de novo biosynthesis|g__Blautia.s__Ruminococcus_torques	51.9124775050
PWY-7221: guanosine ribonucleotides de novo biosynthesis|g__Ruminococcus.s__Ruminococcus_bromii	50.5230848712
PWY-7221: guanosine ribonucleotides de novo biosynthesis|g__Collinsella.s__Collinsella_aerofaciens	41.5779193477
PWY-7221: guanosine ribonucleotides de novo biosynthesis|g__Roseburia.s__Roseburia_intestinalis	41.3629558127
PWY-7221: guanosine ribonucleotides de novo biosynthesis|g__Bacteroides.s__Bacteroides_dorei	30.2207722738
PWY-7221: guanosine ribonucleotides de novo biosynthesis|g__Blautia.s__Blautia_wexlerae	27.7218654735
PWY-7221: guanosine ribonucleotides de novo biosynthesis|g__Blautia.s__Blautia_sp	21.9328292887
PWY-7221: guanosine ribonucleotides de novo biosynthesis|g__Eubacterium.s__Eubacterium_eligens	21.3345390881
PWY-7221: guanosine ribonucleotides de novo biosynthesis|g__Parabacteroides.s__Parabacteroides_distasonis	18.5584625229
PWY-7221: guanosine ribonucleotides de novo biosynthesis|g__Bifidobacterium.s__Bifidobacterium_adolescentis	16.5073943534
PWY-7221: guanosine ribonucleotides de novo biosynthesis|g__Firmicutes_unclassified.s__Firmicutes_bacterium_CAG_56	16.0443674264
PWY-7221: guanosine ribonucleotides de novo biosynthesis|g__Fusicatenibacter.s__Fusicatenibacter_saccharivorans	14.6032987809
PWY-7221: guanosine ribonucleotides de novo biosynthesis|g__Alistipes.s__Alistipes_sp_CAG_268	13.7901314372
PWY-7221: guanosine ribonucleotides de novo biosynthesis|g__Alistipes.s__Alistipes_finegoldii	12.5904941769
PWY-7221: guanosine ribonucleotides de novo biosynthesis|g__Clostridium.s__Clostridium_sp_AF36_4	11.7550876108
PWY-7221: guanosine ribonucleotides de novo biosynthesis|g__Bacteroides.s__Bacteroides_ovatus	11.4427724203
PWY-7221: guanosine ribonucleotides de novo biosynthesis|g__Alistipes.s__Alistipes_onderdonkii	11.3416190161
PWY-7221: guanosine ribonucleotides de novo biosynthesis|g__Lachnospiraceae_unclassified.s__Eubacterium_rectale	10.4147655670
PWY-7221: guanosine ribonucleotides de novo biosynthesis|g__Eubacterium.s__Eubacterium_hallii	9.6999815036
PWY-7221: guanosine ribonucleotides de novo biosynthesis|g__Bacteroides.s__Bacteroides_finegoldii	9.5553105476
PWY-7221: guanosine ribonucleotides de novo biosynthesis|g__Bifidobacterium.s__Bifidobacterium_pseudocatenulatum	9.1499467212
PWY-7221: guanosine ribonucleotides de novo biosynthesis|g__Clostridium.s__Clostridium_sp_CAG_75	8.7237832140
PWY-7221: guanosine ribonucleotides de novo biosynthesis|g__Coprococcus.s__Coprococcus_comes	8.0174754989
PWY-7221: guanosine ribonucleotides de novo biosynthesis|g__Mitsuokella.s__Mitsuokella_jalaludinii	7.2760345612
PWY-7221: guanosine ribonucleotides de novo biosynthesis|g__Ruminococcus.s__Ruminococcus_sp_AF31_8BH	6.0981077930
PWY-7221: guanosine ribonucleotides de novo biosynthesis|g__Bacteroides.s__Bacteroides_cellulosilyticus	5.8719397512
PWY-7221: guanosine ribonucleotides de novo biosynthesis|g__Blautia.s__Blautia_obeum	4.0860162452
PWY-7221: guanosine ribonucleotides de novo biosynthesis|g__Roseburia.s__Roseburia_hominis	2.7388673238
PWY-7221: guanosine ribonucleotides de novo biosynthesis|g__Bacteroides.s__Bacteroides_thetaiotaomicron	2.5116629643
PWY-7221: guanosine ribonucleotides de novo biosynthesis|g__Dorea.s__Dorea_longicatena	1.4039028499
PWY-7221: guanosine ribonucleotides de novo biosynthesis|g__Bifidobacterium.s__Bifidobacterium_catenulatum	1.2746302809
PWY-6122: 5-aminoimidazole ribonucleotide biosynthesis II	1669.8692592399
PWY-6122: 5-aminoimidazole ribonucleotide biosynthesis II|unclassified	264.6481928772
PWY-6122: 5-aminoimidazole ribonucleotide biosynthesis II|g__Faecalibacterium.s__Faecalibacterium_prausnitzii	190.4794313371
PWY-6122: 5-aminoimidazole ribonucleotide biosynthesis II|g__Ruminococcus.s__Ruminococcus_bicirculans	149.0892585047
PWY-6122: 5-aminoimidazole ribonucleotide biosynthesis II|g__Roseburia.s__Roseburia_faecis	77.8838837921
PWY-6122: 5-aminoimidazole ribonucleotide biosynthesis II|g__Bacteroides.s__Bacteroides_uniformis	74.2912235631
PWY-6122: 5-aminoimidazole ribonucleotide biosynthesis II|g__Clostridium.s__Clostridium_sp_CAG_217	63.1416562770
PWY-6122: 5-aminoimidazole ribonucleotide biosynthesis II|g__Alistipes.s__Alistipes_putredinis	61.0976101374
PWY-6122: 5-aminoimidazole ribonucleotide biosynthesis II|g__Ruminococcus.s__Ruminococcus_bromii	60.9023263444
PWY-6122: 5-aminoimidazole ribonucleotide biosynthesis II|g__Blautia.s__Ruminococcus_torques	55.7025957457
PWY-6122: 5-aminoimidazole ribonucleotide biosynthesis II|g__Collinsella.s__Collinsella_aerofaciens	48.3828455890
PWY-6122: 5-aminoimidazole ribonucleotide biosynthesis II|g__Gemmiger.s__Gemmiger_formicilis	39.1095915708
PWY-6122: 5-aminoimidazole ribonucleotide biosynthesis II|g__Bacteroides.s__Bacteroides_vulgatus	37.5900784076
PWY-6122: 5-aminoimidazole ribonucleotide biosynthesis II|g__Blautia.s__Blautia_sp	37.1241865045
PWY-6122: 5-aminoimidazole ribonucleotide biosynthesis II|g__Roseburia.s__Roseburia_intestinalis	37.0340265270
PWY-6122: 5-aminoimidazole ribonucleotide biosynthesis II|g__Subdoligranulum.s__Subdoligranulum_sp_APC924_74	34.4691234521
PWY-6122: 5-aminoimidazole ribonucleotide biosynthesis II|g__Blautia.s__Blautia_obeum	28.5302290228
PWY-6122: 5-aminoimidazole ribonucleotide biosynthesis II|g__Bacteroides.s__Bacteroides_dorei	24.3379747507
PWY-6122: 5-aminoimidazole ribonucleotide biosynthesis II|g__Blautia.s__Blautia_wexlerae	23.5672646403
PWY-6122: 5-aminoimidazole ribonucleotide biosynthesis II|g__Alistipes.s__Alistipes_finegoldii	22.4368408217
PWY-6122: 5-aminoimidazole ribonucleotide biosynthesis II|g__Coprococcus.s__Coprococcus_eutactus	18.6636425125
PWY-6122: 5-aminoimidazole ribonucleotide biosynthesis II|g__Firmicutes_unclassified.s__Firmicutes_bacterium_CAG_56	17.0364585123
PWY-6122: 5-aminoimidazole ribonucleotide biosynthesis II|g__Lachnospiraceae_unclassified.s__Eubacterium_rectale	15.7152287539
PWY-6122: 5-aminoimidazole ribonucleotide biosynthesis II|g__Eubacterium.s__Eubacterium_eligens	15.0961867458
PWY-6122: 5-aminoimidazole ribonucleotide biosynthesis II|g__Clostridium.s__Clostridium_sp_AF36_4	13.4783203424
PWY-6122: 5-aminoimidazole ribonucleotide biosynthesis II|g__Dialister.s__Dialister_invisus	12.7982887237
PWY-6122: 5-aminoimidazole ribonucleotide biosynthesis II|g__Coprococcus.s__Coprococcus_comes	12.3442999171
PWY-6122: 5-aminoimidazole ribonucleotide biosynthesis II|g__Parasutterella.s__Parasutterella_excrementihominis	11.2189859763
PWY-6122: 5-aminoimidazole ribonucleotide biosynthesis II|g__Lachnospira.s__Lachnospira_pectinoschiza	11.1219929531
PWY-6122: 5-aminoimidazole ribonucleotide biosynthesis II|g__Anaerostipes.s__Anaerostipes_hadrus	10.2916436942
PWY-6122: 5-aminoimidazole ribonucleotide biosynthesis II|g__Parabacteroides.s__Parabacteroides_merdae	9.8758623804
PWY-6122: 5-aminoimidazole ribonucleotide biosynthesis II|g__Dorea.s__Dorea_longicatena	9.2721372276
PWY-6122: 5-aminoimidazole ribonucleotide biosynthesis II|g__Bacteroides.s__Bacteroides_ovatus	9.1795754446
PWY-6122: 5-aminoimidazole ribonucleotide biosynthesis II|g__Agathobaculum.s__Agathobaculum_butyriciproducens	8.9937700846
PWY-6122: 5-aminoimidazole ribonucleotide biosynthesis II|g__Firmicutes_unclassified.s__Firmicutes_bacterium_CAG_41	8.9256066623
PWY-6122: 5-aminoimidazole ribonucleotide biosynthesis II|g__Parabacteroides.s__Parabacteroides_distasonis	8.5587952142
PWY-6122: 5-aminoimidazole ribonucleotide biosynthesis II|g__Bifidobacterium.s__Bifidobacterium_bifidum	7.9807132762
PWY-6122: 5-aminoimidazole ribonucleotide biosynthesis II|g__Eubacterium.s__Eubacterium_hallii	7.1395332530
PWY-6122: 5-aminoimidazole ribonucleotide biosynthesis II|g__Bifidobacterium.s__Bifidobacterium_adolescentis	6.9834968942
PWY-6122: 5-aminoimidazole ribonucleotide biosynthesis II|g__Paraprevotella.s__Paraprevotella_clara	6.8232515418
PWY-6122: 5-aminoimidazole ribonucleotide biosynthesis II|g__Odoribacter.s__Odoribacter_splanchnicus	6.3741633911
PWY-6122: 5-aminoimidazole ribonucleotide biosynthesis II|g__Bifidobacterium.s__Bifidobacterium_pseudocatenulatum	5.8044621803
PWY-6122: 5-aminoimidazole ribonucleotide biosynthesis II|g__Dorea.s__Dorea_formicigenerans	5.5188300042
PWY-6122: 5-aminoimidazole ribonucleotide biosynthesis II|g__Bacteroides.s__Bacteroides_finegoldii	5.5041016142
PWY-6122: 5-aminoimidazole ribonucleotide biosynthesis II|g__Alistipes.s__Alistipes_onderdonkii	4.9390555820
PWY-6122: 5-aminoimidazole ribonucleotide biosynthesis II|g__Ruminococcus.s__Ruminococcus_sp_AF31_8BH	4.3958154121
PWY-6122: 5-aminoimidazole ribonucleotide biosynthesis II|g__Bifidobacterium.s__Bifidobacterium_catenulatum	3.7258815702
PWY-6122: 5-aminoimidazole ribonucleotide biosynthesis II|g__Bifidobacterium.s__Bifidobacterium_longum	2.2146292078
PWY-6122: 5-aminoimidazole ribonucleotide biosynthesis II|g__Bacteroides.s__Bacteroides_thetaiotaomicron	2.1143045920
PWY-6122: 5-aminoimidazole ribonucleotide biosynthesis II|g__Roseburia.s__Roseburia_inulinivorans	2.1130480718
PWY-6277: superpathway of 5-aminoimidazole ribonucleotide biosynthesis	1669.8692592399
PWY-6277: superpathway of 5-aminoimidazole ribonucleotide biosynthesis|unclassified	264.6481928772
PWY-6277: superpathway of 5-aminoimidazole ribonucleotide biosynthesis|g__Faecalibacterium.s__Faecalibacterium_prausnitzii	190.4794313371
PWY-6277: superpathway of 5-aminoimidazole ribonucleotide biosynthesis|g__Ruminococcus.s__Ruminococcus_bicirculans	149.0892585047
PWY-6277: superpathway of 5-aminoimidazole ribonucleotide biosynthesis|g__Roseburia.s__Roseburia_faecis	77.8838837921
PWY-6277: superpathway of 5-aminoimidazole ribonucleotide biosynthesis|g__Bacteroides.s__Bacteroides_uniformis	74.2912235631
PWY-6277: superpathway of 5-aminoimidazole ribonucleotide biosynthesis|g__Clostridium.s__Clostridium_sp_CAG_217	63.1416562770
PWY-6277: superpathway of 5-aminoimidazole ribonucleotide biosynthesis|g__Alistipes.s__Alistipes_putredinis	61.0976101374
PWY-6277: superpathway of 5-aminoimidazole ribonucleotide biosynthesis|g__Ruminococcus.s__Ruminococcus_bromii	60.9023263444
PWY-6277: superpathway of 5-aminoimidazole ribonucleotide biosynthesis|g__Blautia.s__Ruminococcus_torques	55.7025957457
PWY-6277: superpathway of 5-aminoimidazole ribonucleotide biosynthesis|g__Collinsella.s__Collinsella_aerofaciens	48.3828455890
PWY-6277: superpathway of 5-aminoimidazole ribonucleotide biosynthesis|g__Gemmiger.s__Gemmiger_formicilis	39.1095915708
PWY-6277: superpathway of 5-aminoimidazole ribonucleotide biosynthesis|g__Bacteroides.s__Bacteroides_vulgatus	37.5900784076
PWY-6277: superpathway of 5-aminoimidazole ribonucleotide biosynthesis|g__Blautia.s__Blautia_sp	37.1241865045
PWY-6277: superpathway of 5-aminoimidazole ribonucleotide biosynthesis|g__Roseburia.s__Roseburia_intestinalis	37.0340265270
PWY-6277: superpathway of 5-aminoimidazole ribonucleotide biosynthesis|g__Subdoligranulum.s__Subdoligranulum_sp_APC924_74	34.4691234521
PWY-6277: superpathway of 5-aminoimidazole ribonucleotide biosynthesis|g__Blautia.s__Blautia_obeum	28.5302290228
PWY-6277: superpathway of 5-aminoimidazole ribonucleotide biosynthesis|g__Bacteroides.s__Bacteroides_dorei	24.3379747507
PWY-6277: superpathway of 5-aminoimidazole ribonucleotide biosynthesis|g__Blautia.s__Blautia_wexlerae	23.5672646403
PWY-6277: superpathway of 5-aminoimidazole ribonucleotide biosynthesis|g__Alistipes.s__Alistipes_finegoldii	22.4368408217
PWY-6277: superpathway of 5-aminoimidazole ribonucleotide biosynthesis|g__Coprococcus.s__Coprococcus_eutactus	18.6636425125
PWY-6277: superpathway of 5-aminoimidazole ribonucleotide biosynthesis|g__Firmicutes_unclassified.s__Firmicutes_bacterium_CAG_56	17.0364585123
PWY-6277: superpathway of 5-aminoimidazole ribonucleotide biosynthesis|g__Lachnospiraceae_unclassified.s__Eubacterium_rectale	15.7152287539
PWY-6277: superpathway of 5-aminoimidazole ribonucleotide biosynthesis|g__Eubacterium.s__Eubacterium_eligens	15.0961867458
PWY-6277: superpathway of 5-aminoimidazole ribonucleotide biosynthesis|g__Clostridium.s__Clostridium_sp_AF36_4	13.4783203424
PWY-6277: superpathway of 5-aminoimidazole ribonucleotide biosynthesis|g__Dialister.s__Dialister_invisus	12.7982887237
PWY-6277: superpathway of 5-aminoimidazole ribonucleotide biosynthesis|g__Coprococcus.s__Coprococcus_comes	12.3442999171
PWY-6277: superpathway of 5-aminoimidazole ribonucleotide biosynthesis|g__Parasutterella.s__Parasutterella_excrementihominis	11.2189859763
PWY-6277: superpathway of 5-aminoimidazole ribonucleotide biosynthesis|g__Lachnospira.s__Lachnospira_pectinoschiza	11.1219929531
PWY-6277: superpathway of 5-aminoimidazole ribonucleotide biosynthesis|g__Anaerostipes.s__Anaerostipes_hadrus	10.2916436942
PWY-6277: superpathway of 5-aminoimidazole ribonucleotide biosynthesis|g__Parabacteroides.s__Parabacteroides_merdae	9.8758623804
PWY-6277: superpathway of 5-aminoimidazole ribonucleotide biosynthesis|g__Dorea.s__Dorea_longicatena	9.2721372276
PWY-6277: superpathway of 5-aminoimidazole ribonucleotide biosynthesis|g__Bacteroides.s__Bacteroides_ovatus	9.1795754446
PWY-6277: superpathway of 5-aminoimidazole ribonucleotide biosynthesis|g__Agathobaculum.s__Agathobaculum_butyriciproducens	8.9937700846
PWY-6277: superpathway of 5-aminoimidazole ribonucleotide biosynthesis|g__Firmicutes_unclassified.s__Firmicutes_bacterium_CAG_41	8.9256066623
PWY-6277: superpathway of 5-aminoimidazole ribonucleotide biosynthesis|g__Parabacteroides.s__Parabacteroides_distasonis	8.5587952142
PWY-6277: superpathway of 5-aminoimidazole ribonucleotide biosynthesis|g__Bifidobacterium.s__Bifidobacterium_bifidum	7.9807132762
PWY-6277: superpathway of 5-aminoimidazole ribonucleotide biosynthesis|g__Eubacterium.s__Eubacterium_hallii	7.1395332530
PWY-6277: superpathway of 5-aminoimidazole ribonucleotide biosynthesis|g__Bifidobacterium.s__Bifidobacterium_adolescentis	6.9834968942
PWY-6277: superpathway of 5-aminoimidazole ribonucleotide biosynthesis|g__Paraprevotella.s__Paraprevotella_clara	6.8232515418
PWY-6277: superpathway of 5-aminoimidazole ribonucleotide biosynthesis|g__Odoribacter.s__Odoribacter_splanchnicus	6.3741633911
PWY-6277: superpathway of 5-aminoimidazole ribonucleotide biosynthesis|g__Bifidobacterium.s__Bifidobacterium_pseudocatenulatum	5.8044621803
PWY-6277: superpathway of 5-aminoimidazole ribonucleotide biosynthesis|g__Dorea.s__Dorea_formicigenerans	5.5188300042
PWY-6277: superpathway of 5-aminoimidazole ribonucleotide biosynthesis|g__Bacteroides.s__Bacteroides_finegoldii	5.5041016142
PWY-6277: superpathway of 5-aminoimidazole ribonucleotide biosynthesis|g__Alistipes.s__Alistipes_onderdonkii	4.9390555820
PWY-6277: superpathway of 5-aminoimidazole ribonucleotide biosynthesis|g__Ruminococcus.s__Ruminococcus_sp_AF31_8BH	4.3958154121
PWY-6277: superpathway of 5-aminoimidazole ribonucleotide biosynthesis|g__Bifidobacterium.s__Bifidobacterium_catenulatum	3.7258815702
PWY-6277: superpathway of 5-aminoimidazole ribonucleotide biosynthesis|g__Bifidobacterium.s__Bifidobacterium_longum	2.2146292078
PWY-6277: superpathway of 5-aminoimidazole ribonucleotide biosynthesis|g__Bacteroides.s__Bacteroides_thetaiotaomicron	2.1143045920
PWY-6277: superpathway of 5-aminoimidazole ribonucleotide biosynthesis|g__Roseburia.s__Roseburia_inulinivorans	2.1130480718
PWY-6700: queuosine biosynthesis I (de novo)	1651.0093748958
PWY-6700: queuosine biosynthesis I (de novo)|unclassified	230.0675312955
PWY-6700: queuosine biosynthesis I (de novo)|g__Faecalibacterium.s__Faecalibacterium_prausnitzii	129.7034151648
PWY-6700: queuosine biosynthesis I (de novo)|g__Ruminococcus.s__Ruminococcus_bicirculans	124.5275595086
PWY-6700: queuosine biosynthesis I (de novo)|g__Bacteroides.s__Bacteroides_uniformis	91.6330322123
PWY-6700: queuosine biosynthesis I (de novo)|g__Bacteroides.s__Bacteroides_vulgatus	81.5187773357
PWY-6700: queuosine biosynthesis I (de novo)|g__Roseburia.s__Roseburia_faecis	71.4240196456
PWY-6700: queuosine biosynthesis I (de novo)|g__Clostridium.s__Clostridium_sp_CAG_217	66.5781092457
PWY-6700: queuosine biosynthesis I (de novo)|g__Ruminococcus.s__Ruminococcus_bromii	45.1129231786
PWY-6700: queuosine biosynthesis I (de novo)|g__Collinsella.s__Collinsella_aerofaciens	44.2439739133
PWY-6700: queuosine biosynthesis I (de novo)|g__Blautia.s__Ruminococcus_torques	39.9986634683
PWY-6700: queuosine biosynthesis I (de novo)|g__Bacteroides.s__Bacteroides_dorei	38.2026992329
PWY-6700: queuosine biosynthesis I (de novo)|g__Ruminococcus.s__Ruminococcus_sp_CAG_254	35.2356383313
PWY-6700: queuosine biosynthesis I (de novo)|g__Blautia.s__Blautia_sp	32.5534079349
PWY-6700: queuosine biosynthesis I (de novo)|g__Gemmiger.s__Gemmiger_formicilis	28.3525704891
PWY-6700: queuosine biosynthesis I (de novo)|g__Subdoligranulum.s__Subdoligranulum_sp_APC924_74	25.5837450524
PWY-6700: queuosine biosynthesis I (de novo)|g__Oscillibacter.s__Oscillibacter_sp_57_20	17.5387313651
PWY-6700: queuosine biosynthesis I (de novo)|g__Roseburia.s__Roseburia_intestinalis	17.0430336600
PWY-6700: queuosine biosynthesis I (de novo)|g__Bacteroides.s__Bacteroides_ovatus	16.3661703725
PWY-6700: queuosine biosynthesis I (de novo)|g__Coprococcus.s__Coprococcus_eutactus	14.9337417776
PWY-6700: queuosine biosynthesis I (de novo)|g__Blautia.s__Blautia_wexlerae	14.2160178341
PWY-6700: queuosine biosynthesis I (de novo)|g__Eubacterium.s__Eubacterium_eligens	12.9091747349
PWY-6700: queuosine biosynthesis I (de novo)|g__Blautia.s__Blautia_obeum	12.7165792402
PWY-6700: queuosine biosynthesis I (de novo)|g__Clostridium.s__Clostridium_sp_CAG_75	11.1547289615
PWY-6700: queuosine biosynthesis I (de novo)|g__Eubacterium.s__Eubacterium_hallii	10.7526881720
PWY-6700: queuosine biosynthesis I (de novo)|g__Lachnospiraceae_unclassified.s__Eubacterium_rectale	10.3735720902
PWY-6700: queuosine biosynthesis I (de novo)|g__Lachnospira.s__Lachnospira_pectinoschiza	10.2118968598
PWY-6700: queuosine biosynthesis I (de novo)|g__Parasutterella.s__Parasutterella_excrementihominis	9.3953425945
PWY-6700: queuosine biosynthesis I (de novo)|g__Bacteroides.s__Bacteroides_finegoldii	9.2150177430
PWY-6700: queuosine biosynthesis I (de novo)|g__Coprococcus.s__Coprococcus_comes	9.1169328033
PWY-6700: queuosine biosynthesis I (de novo)|g__Firmicutes_unclassified.s__Firmicutes_bacterium_CAG_56	8.4721402744
PWY-6700: queuosine biosynthesis I (de novo)|g__Parabacteroides.s__Parabacteroides_merdae	8.4717321900
PWY-6700: queuosine biosynthesis I (de novo)|g__Anaerostipes.s__Anaerostipes_hadrus	7.9813767875
PWY-6700: queuosine biosynthesis I (de novo)|g__Blautia.s__Blautia_sp_CAG_52	7.9192239161
PWY-6700: queuosine biosynthesis I (de novo)|g__Odoribacter.s__Odoribacter_splanchnicus	6.7668759880
PWY-6700: queuosine biosynthesis I (de novo)|g__Parabacteroides.s__Parabacteroides_distasonis	5.2853208857
PWY-6700: queuosine biosynthesis I (de novo)|g__Bacteroides.s__Bacteroides_cellulosilyticus	4.0436727270
PWY-6700: queuosine biosynthesis I (de novo)|g__Bacteroides.s__Bacteroides_fragilis	2.9761904762
TRNA-CHARGING-PWY: tRNA charging	1640.5439229053
TRNA-CHARGING-PWY: tRNA charging|g__Faecalibacterium.s__Faecalibacterium_prausnitzii	187.9849164554
TRNA-CHARGING-PWY: tRNA charging|unclassified	174.9886137026
TRNA-CHARGING-PWY: tRNA charging|g__Bacteroides.s__Bacteroides_uniformis	70.0964305190
TRNA-CHARGING-PWY: tRNA charging|g__Alistipes.s__Alistipes_putredinis	57.2317073158
TRNA-CHARGING-PWY: tRNA charging|g__Bacteroides.s__Bacteroides_vulgatus	56.3331967749
TRNA-CHARGING-PWY: tRNA charging|g__Gemmiger.s__Gemmiger_formicilis	49.2035528765
TRNA-CHARGING-PWY: tRNA charging|g__Blautia.s__Ruminococcus_torques	46.9553175431
TRNA-CHARGING-PWY: tRNA charging|g__Subdoligranulum.s__Subdoligranulum_sp_APC924_74	39.9895141449
TRNA-CHARGING-PWY: tRNA charging|g__Roseburia.s__Roseburia_intestinalis	27.3694836191
TRNA-CHARGING-PWY: tRNA charging|g__Bacteroides.s__Bacteroides_dorei	25.4910075538
TRNA-CHARGING-PWY: tRNA charging|g__Lachnospiraceae_unclassified.s__Eubacterium_rectale	13.8665987845
TRNA-CHARGING-PWY: tRNA charging|g__Parabacteroides.s__Parabacteroides_distasonis	10.0844874135
TRNA-CHARGING-PWY: tRNA charging|g__Bacteroides.s__Bacteroides_finegoldii	7.9710052094
TRNA-CHARGING-PWY: tRNA charging|g__Bacteroides.s__Bacteroides_ovatus	7.6228547820
TRNA-CHARGING-PWY: tRNA charging|g__Alistipes.s__Alistipes_onderdonkii	6.3265812987
TRNA-CHARGING-PWY: tRNA charging|g__Alistipes.s__Alistipes_finegoldii	4.9550066617
COA-PWY-1: superpathway of coenzyme A biosynthesis III (mammals)	1609.0666187246
COA-PWY-1: superpathway of coenzyme A biosynthesis III (mammals)|g__Faecalibacterium.s__Faecalibacterium_prausnitzii	191.2587030402
COA-PWY-1: superpathway of coenzyme A biosynthesis III (mammals)|unclassified	186.7072069689
COA-PWY-1: superpathway of coenzyme A biosynthesis III (mammals)|g__Ruminococcus.s__Ruminococcus_bicirculans	157.4908775247
COA-PWY-1: superpathway of coenzyme A biosynthesis III (mammals)|g__Roseburia.s__Roseburia_faecis	78.3487208001
COA-PWY-1: superpathway of coenzyme A biosynthesis III (mammals)|g__Bacteroides.s__Bacteroides_uniformis	68.3643983763
COA-PWY-1: superpathway of coenzyme A biosynthesis III (mammals)|g__Alistipes.s__Alistipes_putredinis	62.0960858276
COA-PWY-1: superpathway of coenzyme A biosynthesis III (mammals)|g__Gemmiger.s__Gemmiger_formicilis	42.3953128061
COA-PWY-1: superpathway of coenzyme A biosynthesis III (mammals)|g__Bacteroides.s__Bacteroides_vulgatus	40.4602255718
COA-PWY-1: superpathway of coenzyme A biosynthesis III (mammals)|g__Collinsella.s__Collinsella_aerofaciens	37.2110388600
COA-PWY-1: superpathway of coenzyme A biosynthesis III (mammals)|g__Subdoligranulum.s__Subdoligranulum_sp_APC924_74	35.8305158396
COA-PWY-1: superpathway of coenzyme A biosynthesis III (mammals)|g__Ruminococcus.s__Ruminococcus_sp_CAG_254	25.9065413363
COA-PWY-1: superpathway of coenzyme A biosynthesis III (mammals)|g__Roseburia.s__Roseburia_intestinalis	25.0162918434
COA-PWY-1: superpathway of coenzyme A biosynthesis III (mammals)|g__Bacteroides.s__Bacteroides_dorei	23.3713285598
COA-PWY-1: superpathway of coenzyme A biosynthesis III (mammals)|g__Blautia.s__Blautia_obeum	17.9999068944
COA-PWY-1: superpathway of coenzyme A biosynthesis III (mammals)|g__Blautia.s__Ruminococcus_torques	17.4650840187
COA-PWY-1: superpathway of coenzyme A biosynthesis III (mammals)|g__Fusicatenibacter.s__Fusicatenibacter_saccharivorans	16.3224307866
COA-PWY-1: superpathway of coenzyme A biosynthesis III (mammals)|g__Blautia.s__Blautia_wexlerae	15.8530080487
COA-PWY-1: superpathway of coenzyme A biosynthesis III (mammals)|g__Clostridium.s__Clostridium_sp_AF36_4	14.4568360182
COA-PWY-1: superpathway of coenzyme A biosynthesis III (mammals)|g__Dialister.s__Dialister_invisus	12.3247495510
COA-PWY-1: superpathway of coenzyme A biosynthesis III (mammals)|g__Lachnospira.s__Lachnospira_pectinoschiza	11.1234705228
COA-PWY-1: superpathway of coenzyme A biosynthesis III (mammals)|g__Agathobaculum.s__Agathobaculum_butyriciproducens	10.7803300440
COA-PWY-1: superpathway of coenzyme A biosynthesis III (mammals)|g__Eubacterium.s__Eubacterium_eligens	10.6089539571
COA-PWY-1: superpathway of coenzyme A biosynthesis III (mammals)|g__Bacteroides.s__Bacteroides_ovatus	9.3693114895
COA-PWY-1: superpathway of coenzyme A biosynthesis III (mammals)|g__Blautia.s__Blautia_sp_CAG_52	9.1253364968
COA-PWY-1: superpathway of coenzyme A biosynthesis III (mammals)|g__Firmicutes_unclassified.s__Firmicutes_bacterium_CAG_56	8.7089673653
COA-PWY-1: superpathway of coenzyme A biosynthesis III (mammals)|g__Bifidobacterium.s__Bifidobacterium_pseudocatenulatum	6.3128656201
COA-PWY-1: superpathway of coenzyme A biosynthesis III (mammals)|g__Bacteroides.s__Bacteroides_cellulosilyticus	6.2305295950
COA-PWY-1: superpathway of coenzyme A biosynthesis III (mammals)|g__Bifidobacterium.s__Bifidobacterium_catenulatum	4.6924577713
GLUTORN-PWY: L-ornithine biosynthesis I	1588.6136082723
GLUTORN-PWY: L-ornithine biosynthesis I|g__Faecalibacterium.s__Faecalibacterium_prausnitzii	234.6097734488
GLUTORN-PWY: L-ornithine biosynthesis I|unclassified	204.8314822312
GLUTORN-PWY: L-ornithine biosynthesis I|g__Ruminococcus.s__Ruminococcus_bicirculans	150.0546659141
GLUTORN-PWY: L-ornithine biosynthesis I|g__Ruminococcus.s__Ruminococcus_bromii	64.3681960368
GLUTORN-PWY: L-ornithine biosynthesis I|g__Roseburia.s__Roseburia_faecis	62.8348527146
GLUTORN-PWY: L-ornithine biosynthesis I|g__Clostridium.s__Clostridium_sp_CAG_217	62.7476004360
GLUTORN-PWY: L-ornithine biosynthesis I|g__Subdoligranulum.s__Subdoligranulum_sp_APC924_74	44.0294986812
GLUTORN-PWY: L-ornithine biosynthesis I|g__Gemmiger.s__Gemmiger_formicilis	42.0087653306
GLUTORN-PWY: L-ornithine biosynthesis I|g__Blautia.s__Blautia_sp	41.1308617218
GLUTORN-PWY: L-ornithine biosynthesis I|g__Ruminococcus.s__Ruminococcus_sp_CAG_254	41.0520900724
GLUTORN-PWY: L-ornithine biosynthesis I|g__Blautia.s__Ruminococcus_torques	38.6042022333
GLUTORN-PWY: L-ornithine biosynthesis I|g__Collinsella.s__Collinsella_aerofaciens	31.0549029267
GLUTORN-PWY: L-ornithine biosynthesis I|g__Alistipes.s__Alistipes_finegoldii	26.2943890105
GLUTORN-PWY: L-ornithine biosynthesis I|g__Roseburia.s__Roseburia_intestinalis	25.7846331095
GLUTORN-PWY: L-ornithine biosynthesis I|g__Blautia.s__Blautia_wexlerae	24.2662979827
GLUTORN-PWY: L-ornithine biosynthesis I|g__Fusicatenibacter.s__Fusicatenibacter_saccharivorans	15.2927799940
GLUTORN-PWY: L-ornithine biosynthesis I|g__Eubacterium.s__Eubacterium_eligens	14.9802239197
GLUTORN-PWY: L-ornithine biosynthesis I|g__Clostridium.s__Clostridium_sp_AF36_4	13.4313918867
GLUTORN-PWY: L-ornithine biosynthesis I|g__Clostridium.s__Clostridium_sp_CAG_75	12.7818372774
GLUTORN-PWY: L-ornithine biosynthesis I|g__Parasutterella.s__Parasutterella_excrementihominis	10.9943601450
GLUTORN-PWY: L-ornithine biosynthesis I|g__Anaerostipes.s__Anaerostipes_hadrus	10.6960240466
GLUTORN-PWY: L-ornithine biosynthesis I|g__Clostridium.s__Clostridium_sp_CAG_122	9.8158590197
GLUTORN-PWY: L-ornithine biosynthesis I|g__Firmicutes_unclassified.s__Firmicutes_bacterium_CAG_56	9.2483788136
GLUTORN-PWY: L-ornithine biosynthesis I|g__Bifidobacterium.s__Bifidobacterium_adolescentis	9.0933541250
GLUTORN-PWY: L-ornithine biosynthesis I|g__Roseburia.s__Roseburia_hominis	7.3760414913
GLUTORN-PWY: L-ornithine biosynthesis I|g__Lachnospiraceae_unclassified.s__Eubacterium_rectale	6.8029188353
GLUTORN-PWY: L-ornithine biosynthesis I|g__Lachnospira.s__Lachnospira_pectinoschiza	5.9517061558
GLUTORN-PWY: L-ornithine biosynthesis I|g__Ruminococcus.s__Ruminococcus_sp_AF31_8BH	4.1197979839
GLUTORN-PWY: L-ornithine biosynthesis I|g__Bifidobacterium.s__Bifidobacterium_pseudocatenulatum	4.0869707373
GLUTORN-PWY: L-ornithine biosynthesis I|g__Blautia.s__Blautia_obeum	2.6394789979
PWY-3841: folate transformations II (plants)	1550.7009594900
PWY-3841: folate transformations II (plants)|unclassified	191.5541641826
PWY-3841: folate transformations II (plants)|g__Bacteroides.s__Bacteroides_uniformis	90.5940433195
PWY-3841: folate transformations II (plants)|g__Roseburia.s__Roseburia_faecis	78.9993480737
PWY-3841: folate transformations II (plants)|g__Bacteroides.s__Bacteroides_vulgatus	67.9776542348
PWY-3841: folate transformations II (plants)|g__Alistipes.s__Alistipes_putredinis	54.6402238001
PWY-3841: folate transformations II (plants)|g__Roseburia.s__Roseburia_intestinalis	46.0452814479
PWY-3841: folate transformations II (plants)|g__Blautia.s__Ruminococcus_torques	28.7205979423
PWY-3841: folate transformations II (plants)|g__Bacteroides.s__Bacteroides_dorei	25.1793839590
PWY-3841: folate transformations II (plants)|g__Lachnospiraceae_unclassified.s__Eubacterium_rectale	24.2834222280
PWY-3841: folate transformations II (plants)|g__Alistipes.s__Alistipes_finegoldii	17.1426948038
PWY-3841: folate transformations II (plants)|g__Firmicutes_unclassified.s__Firmicutes_bacterium_CAG_56	16.9718983293
PWY-3841: folate transformations II (plants)|g__Bifidobacterium.s__Bifidobacterium_adolescentis	10.9190172884
PWY-3841: folate transformations II (plants)|g__Bacteroides.s__Bacteroides_finegoldii	10.8881527346
PWY-3841: folate transformations II (plants)|g__Paraprevotella.s__Paraprevotella_clara	10.5560364403
PWY-3841: folate transformations II (plants)|g__Parabacteroides.s__Parabacteroides_merdae	8.9243976032
PWY-3841: folate transformations II (plants)|g__Dialister.s__Dialister_invisus	8.6632323139
PWY-3841: folate transformations II (plants)|g__Coprococcus.s__Coprococcus_comes	8.3889625595
PWY-3841: folate transformations II (plants)|g__Bifidobacterium.s__Bifidobacterium_longum	7.7399380805
PWY-3841: folate transformations II (plants)|g__Blautia.s__Blautia_wexlerae	7.5216167226
PWY-3841: folate transformations II (plants)|g__Bacteroides.s__Bacteroides_ovatus	7.3260073260
PWY-3841: folate transformations II (plants)|g__Parabacteroides.s__Parabacteroides_distasonis	7.2082895330
PWY-3841: folate transformations II (plants)|g__Eubacterium.s__Eubacterium_hallii	6.7992520823
PWY-3841: folate transformations II (plants)|g__Blautia.s__Blautia_obeum	6.1599601815
PWY-3841: folate transformations II (plants)|g__Bifidobacterium.s__Bifidobacterium_pseudocatenulatum	4.8709206040
PWY-3841: folate transformations II (plants)|g__Roseburia.s__Roseburia_hominis	4.7003525264
PWY-3841: folate transformations II (plants)|g__Dorea.s__Dorea_longicatena	4.1221177380
PWY66-429: fatty acid biosynthesis initiation (mitochondria)	1546.0964459793
PWY66-429: fatty acid biosynthesis initiation (mitochondria)|g__Ruminococcus.s__Ruminococcus_bicirculans	172.2425227600
PWY66-429: fatty acid biosynthesis initiation (mitochondria)|unclassified	171.6065013934
PWY66-429: fatty acid biosynthesis initiation (mitochondria)|g__Bacteroides.s__Bacteroides_vulgatus	94.0463590276
PWY66-429: fatty acid biosynthesis initiation (mitochondria)|g__Bacteroides.s__Bacteroides_uniformis	65.1129144463
PWY66-429: fatty acid biosynthesis initiation (mitochondria)|g__Ruminococcus.s__Ruminococcus_sp_CAG_254	58.1118198534
PWY66-429: fatty acid biosynthesis initiation (mitochondria)|g__Blautia.s__Blautia_sp	53.8382953775
PWY66-429: fatty acid biosynthesis initiation (mitochondria)|g__Blautia.s__Ruminococcus_torques	47.1701008244
PWY66-429: fatty acid biosynthesis initiation (mitochondria)|g__Bacteroides.s__Bacteroides_dorei	37.2782141625
PWY66-429: fatty acid biosynthesis initiation (mitochondria)|g__Blautia.s__Blautia_obeum	22.9024186581
PWY66-429: fatty acid biosynthesis initiation (mitochondria)|g__Eubacterium.s__Eubacterium_eligens	16.4810263153
PWY66-429: fatty acid biosynthesis initiation (mitochondria)|g__Anaerostipes.s__Anaerostipes_hadrus	16.1986660369
PWY66-429: fatty acid biosynthesis initiation (mitochondria)|g__Clostridium.s__Clostridium_sp_CAG_75	16.0859512023
PWY66-429: fatty acid biosynthesis initiation (mitochondria)|g__Fusicatenibacter.s__Fusicatenibacter_saccharivorans	15.9534341945
PWY66-429: fatty acid biosynthesis initiation (mitochondria)|g__Lachnospira.s__Lachnospira_pectinoschiza	15.5082461891
PWY66-429: fatty acid biosynthesis initiation (mitochondria)|g__Parabacteroides.s__Parabacteroides_distasonis	15.0117181849
PWY66-429: fatty acid biosynthesis initiation (mitochondria)|g__Agathobaculum.s__Agathobaculum_butyriciproducens	12.8337517488
PWY66-429: fatty acid biosynthesis initiation (mitochondria)|g__Blautia.s__Blautia_wexlerae	12.5841906127
PWY66-429: fatty acid biosynthesis initiation (mitochondria)|g__Clostridium.s__Clostridium_sp_CAG_122	11.9065085146
PWY66-429: fatty acid biosynthesis initiation (mitochondria)|g__Bacteroides.s__Bacteroides_ovatus	11.7912265544
PWY66-429: fatty acid biosynthesis initiation (mitochondria)|g__Proteobacteria_unclassified.s__Proteobacteria_bacterium_CAG_495	11.6363636364
PWY66-429: fatty acid biosynthesis initiation (mitochondria)|g__Bacteroides.s__Bacteroides_finegoldii	11.3941430373
PWY66-429: fatty acid biosynthesis initiation (mitochondria)|g__Parasutterella.s__Parasutterella_excrementihominis	10.9638554217
PWY66-429: fatty acid biosynthesis initiation (mitochondria)|g__Firmicutes_unclassified.s__Firmicutes_bacterium_CAG_56	10.5469586856
PWY66-429: fatty acid biosynthesis initiation (mitochondria)|g__Parabacteroides.s__Parabacteroides_merdae	6.2760852209
PWY66-429: fatty acid biosynthesis initiation (mitochondria)|g__Bacteroides.s__Bacteroides_fragilis	2.3671021265
PWY66-429: fatty acid biosynthesis initiation (mitochondria)|g__Bacteroides.s__Bacteroides_cellulosilyticus	2.2060229279
PWY66-429: fatty acid biosynthesis initiation (mitochondria)|g__Bacteroides.s__Bacteroides_intestinalis	1.5031337655
BRANCHED-CHAIN-AA-SYN-PWY: superpathway of branched chain amino acid biosynthesis	1542.3872256408
BRANCHED-CHAIN-AA-SYN-PWY: superpathway of branched chain amino acid biosynthesis|g__Ruminococcus.s__Ruminococcus_bicirculans	167.9610503698
BRANCHED-CHAIN-AA-SYN-PWY: superpathway of branched chain amino acid biosynthesis|g__Bacteroides.s__Bacteroides_uniformis	71.0273263645
BRANCHED-CHAIN-AA-SYN-PWY: superpathway of branched chain amino acid biosynthesis|g__Gemmiger.s__Gemmiger_formicilis	52.3183523457
BRANCHED-CHAIN-AA-SYN-PWY: superpathway of branched chain amino acid biosynthesis|g__Blautia.s__Ruminococcus_torques	46.9415759454
BRANCHED-CHAIN-AA-SYN-PWY: superpathway of branched chain amino acid biosynthesis|g__Ruminococcus.s__Ruminococcus_sp_CAG_254	44.5704782702
BRANCHED-CHAIN-AA-SYN-PWY: superpathway of branched chain amino acid biosynthesis|g__Roseburia.s__Roseburia_intestinalis	43.8791491612
BRANCHED-CHAIN-AA-SYN-PWY: superpathway of branched chain amino acid biosynthesis|g__Blautia.s__Blautia_sp	35.7749797452
BRANCHED-CHAIN-AA-SYN-PWY: superpathway of branched chain amino acid biosynthesis|g__Bifidobacterium.s__Bifidobacterium_adolescentis	20.2704347960
BRANCHED-CHAIN-AA-SYN-PWY: superpathway of branched chain amino acid biosynthesis|g__Blautia.s__Blautia_wexlerae	18.8499536717
BRANCHED-CHAIN-AA-SYN-PWY: superpathway of branched chain amino acid biosynthesis|g__Eubacterium.s__Eubacterium_eligens	18.5928359455
BRANCHED-CHAIN-AA-SYN-PWY: superpathway of branched chain amino acid biosynthesis|g__Lachnospiraceae_unclassified.s__Eubacterium_rectale	18.4205682987
BRANCHED-CHAIN-AA-SYN-PWY: superpathway of branched chain amino acid biosynthesis|g__Parabacteroides.s__Parabacteroides_distasonis	12.7807351170
BRANCHED-CHAIN-AA-SYN-PWY: superpathway of branched chain amino acid biosynthesis|g__Anaerostipes.s__Anaerostipes_hadrus	12.7447239211
BRANCHED-CHAIN-AA-SYN-PWY: superpathway of branched chain amino acid biosynthesis|g__Bacteroides.s__Bacteroides_ovatus	10.5792504542
BRANCHED-CHAIN-AA-SYN-PWY: superpathway of branched chain amino acid biosynthesis|g__Parabacteroides.s__Parabacteroides_merdae	10.4456301315
BRANCHED-CHAIN-AA-SYN-PWY: superpathway of branched chain amino acid biosynthesis|g__Blautia.s__Blautia_obeum	9.4165558027
BRANCHED-CHAIN-AA-SYN-PWY: superpathway of branched chain amino acid biosynthesis|g__Ruminococcus.s__Ruminococcus_sp_AF31_8BH	7.1860755441
BRANCHED-CHAIN-AA-SYN-PWY: superpathway of branched chain amino acid biosynthesis|g__Bifidobacterium.s__Bifidobacterium_longum	6.3591598646
BRANCHED-CHAIN-AA-SYN-PWY: superpathway of branched chain amino acid biosynthesis|g__Blautia.s__Blautia_sp_AF19_10LB	5.7304651536
BRANCHED-CHAIN-AA-SYN-PWY: superpathway of branched chain amino acid biosynthesis|g__Bifidobacterium.s__Bifidobacterium_pseudocatenulatum	4.6751271206
BRANCHED-CHAIN-AA-SYN-PWY: superpathway of branched chain amino acid biosynthesis|g__Bifidobacterium.s__Bifidobacterium_catenulatum	3.7671075066
BRANCHED-CHAIN-AA-SYN-PWY: superpathway of branched chain amino acid biosynthesis|g__Bacteroides.s__Bacteroides_fragilis	2.7434005956
ILEUSYN-PWY: L-isoleucine biosynthesis I (from threonine)	1540.3633969915
ILEUSYN-PWY: L-isoleucine biosynthesis I (from threonine)|g__Ruminococcus.s__Ruminococcus_bicirculans	170.8514428457
ILEUSYN-PWY: L-isoleucine biosynthesis I (from threonine)|g__Bacteroides.s__Bacteroides_uniformis	68.1350442284
ILEUSYN-PWY: L-isoleucine biosynthesis I (from threonine)|g__Gemmiger.s__Gemmiger_formicilis	59.7888559365
ILEUSYN-PWY: L-isoleucine biosynthesis I (from threonine)|g__Roseburia.s__Roseburia_intestinalis	46.9950107286
ILEUSYN-PWY: L-isoleucine biosynthesis I (from threonine)|g__Blautia.s__Ruminococcus_torques	46.6673831279
ILEUSYN-PWY: L-isoleucine biosynthesis I (from threonine)|g__Ruminococcus.s__Ruminococcus_sp_CAG_254	40.8494548747
ILEUSYN-PWY: L-isoleucine biosynthesis I (from threonine)|g__Blautia.s__Blautia_sp	34.3091992012
ILEUSYN-PWY: L-isoleucine biosynthesis I (from threonine)|g__Coprococcus.s__Coprococcus_eutactus	21.2642373918
ILEUSYN-PWY: L-isoleucine biosynthesis I (from threonine)|g__Lachnospiraceae_unclassified.s__Eubacterium_rectale	19.5045070845
ILEUSYN-PWY: L-isoleucine biosynthesis I (from threonine)|g__Bifidobacterium.s__Bifidobacterium_adolescentis	18.6002303823
ILEUSYN-PWY: L-isoleucine biosynthesis I (from threonine)|g__Eubacterium.s__Eubacterium_eligens	18.3071794807
ILEUSYN-PWY: L-isoleucine biosynthesis I (from threonine)|g__Blautia.s__Blautia_wexlerae	17.7403966558
ILEUSYN-PWY: L-isoleucine biosynthesis I (from threonine)|g__Parabacteroides.s__Parabacteroides_distasonis	12.4085923552
ILEUSYN-PWY: L-isoleucine biosynthesis I (from threonine)|g__Anaerostipes.s__Anaerostipes_hadrus	12.3199413434
ILEUSYN-PWY: L-isoleucine biosynthesis I (from threonine)|g__Parabacteroides.s__Parabacteroides_merdae	10.6700436903
ILEUSYN-PWY: L-isoleucine biosynthesis I (from threonine)|g__Bacteroides.s__Bacteroides_finegoldii	10.0958262004
ILEUSYN-PWY: L-isoleucine biosynthesis I (from threonine)|g__Bacteroides.s__Bacteroides_ovatus	9.4145884861
ILEUSYN-PWY: L-isoleucine biosynthesis I (from threonine)|g__Blautia.s__Blautia_obeum	8.7601289683
ILEUSYN-PWY: L-isoleucine biosynthesis I (from threonine)|g__Ruminococcus.s__Ruminococcus_sp_AF31_8BH	7.2770286846
ILEUSYN-PWY: L-isoleucine biosynthesis I (from threonine)|g__Bifidobacterium.s__Bifidobacterium_pseudocatenulatum	6.5790194249
ILEUSYN-PWY: L-isoleucine biosynthesis I (from threonine)|g__Roseburia.s__Roseburia_hominis	5.9673757597
ILEUSYN-PWY: L-isoleucine biosynthesis I (from threonine)|g__Blautia.s__Blautia_sp_AF19_10LB	5.9187528858
ILEUSYN-PWY: L-isoleucine biosynthesis I (from threonine)|g__Bifidobacterium.s__Bifidobacterium_longum	5.8339391745
ILEUSYN-PWY: L-isoleucine biosynthesis I (from threonine)|g__Bacteroides.s__Bacteroides_cellulosilyticus	4.5017886571
ILEUSYN-PWY: L-isoleucine biosynthesis I (from threonine)|g__Bifidobacterium.s__Bifidobacterium_catenulatum	3.7237209687
ILEUSYN-PWY: L-isoleucine biosynthesis I (from threonine)|g__Bacteroides.s__Bacteroides_fragilis	2.5149390526
ILEUSYN-PWY: L-isoleucine biosynthesis I (from threonine)|g__Roseburia.s__Roseburia_inulinivorans	2.4228963707
PWY-6151: S-adenosyl-L-methionine salvage I	1538.0843147615
PWY-6151: S-adenosyl-L-methionine salvage I|unclassified	279.8675491461
PWY-6151: S-adenosyl-L-methionine salvage I|g__Faecalibacterium.s__Faecalibacterium_prausnitzii	173.0196011018
PWY-6151: S-adenosyl-L-methionine salvage I|g__Roseburia.s__Roseburia_faecis	78.1158642613
PWY-6151: S-adenosyl-L-methionine salvage I|g__Bacteroides.s__Bacteroides_uniformis	77.7865496107
PWY-6151: S-adenosyl-L-methionine salvage I|g__Blautia.s__Ruminococcus_torques	66.5798525542
PWY-6151: S-adenosyl-L-methionine salvage I|g__Ruminococcus.s__Ruminococcus_bromii	61.1280911364
PWY-6151: S-adenosyl-L-methionine salvage I|g__Bacteroides.s__Bacteroides_vulgatus	60.6902719882
PWY-6151: S-adenosyl-L-methionine salvage I|g__Gemmiger.s__Gemmiger_formicilis	52.3821522591
PWY-6151: S-adenosyl-L-methionine salvage I|g__Ruminococcus.s__Ruminococcus_sp_CAG_254	40.9267909719
PWY-6151: S-adenosyl-L-methionine salvage I|g__Collinsella.s__Collinsella_aerofaciens	32.0673293900
PWY-6151: S-adenosyl-L-methionine salvage I|g__Roseburia.s__Roseburia_intestinalis	31.0604302944
PWY-6151: S-adenosyl-L-methionine salvage I|g__Bacteroides.s__Bacteroides_dorei	30.7913433673
PWY-6151: S-adenosyl-L-methionine salvage I|g__Blautia.s__Blautia_wexlerae	25.5736307452
PWY-6151: S-adenosyl-L-methionine salvage I|g__Coprococcus.s__Coprococcus_eutactus	18.4325089556
PWY-6151: S-adenosyl-L-methionine salvage I|g__Eubacterium.s__Eubacterium_hallii	18.1632478542
PWY-6151: S-adenosyl-L-methionine salvage I|g__Anaerostipes.s__Anaerostipes_hadrus	17.3404627935
PWY-6151: S-adenosyl-L-methionine salvage I|g__Clostridium.s__Clostridium_sp_AF36_4	16.8918567521
PWY-6151: S-adenosyl-L-methionine salvage I|g__Bifidobacterium.s__Bifidobacterium_adolescentis	15.7421462895
PWY-6151: S-adenosyl-L-methionine salvage I|g__Paraprevotella.s__Paraprevotella_clara	15.4612842592
PWY-6151: S-adenosyl-L-methionine salvage I|g__Eubacterium.s__Eubacterium_eligens	12.0830551051
PWY-6151: S-adenosyl-L-methionine salvage I|g__Clostridium.s__Clostridium_sp_CAG_75	11.8574731725
PWY-6151: S-adenosyl-L-methionine salvage I|g__Blautia.s__Blautia_obeum	10.2278612259
PWY-6151: S-adenosyl-L-methionine salvage I|g__Clostridium.s__Clostridium_sp_CAG_122	9.9234401259
PWY-6151: S-adenosyl-L-methionine salvage I|g__Fusicatenibacter.s__Fusicatenibacter_saccharivorans	9.2247324219
PWY-6151: S-adenosyl-L-methionine salvage I|g__Eubacterium.s__Eubacterium_sp_CAG_38	8.3511332914
PWY-6151: S-adenosyl-L-methionine salvage I|g__Ruminococcus.s__Ruminococcus_sp_AF31_8BH	7.7332044466
PWY-6151: S-adenosyl-L-methionine salvage I|g__Bifidobacterium.s__Bifidobacterium_pseudocatenulatum	7.3789014796
PWY-6151: S-adenosyl-L-methionine salvage I|g__Bifidobacterium.s__Bifidobacterium_bifidum	6.6533599468
PWY-6151: S-adenosyl-L-methionine salvage I|g__Dorea.s__Dorea_formicigenerans	5.9488399762
PWY-6151: S-adenosyl-L-methionine salvage I|g__Roseburia.s__Roseburia_inulinivorans	5.5401662050
PWY-6151: S-adenosyl-L-methionine salvage I|g__Lachnospiraceae_unclassified.s__Eubacterium_rectale	4.0236288239
PWY-6151: S-adenosyl-L-methionine salvage I|g__Blautia.s__Blautia_sp	3.2546903809
PWY-6151: S-adenosyl-L-methionine salvage I|g__Bifidobacterium.s__Bifidobacterium_catenulatum	2.6316659883
PWY-6629: superpathway of L-tryptophan biosynthesis	1483.8381496397
PWY-6629: superpathway of L-tryptophan biosynthesis|unclassified	146.4577509185
PWY-6629: superpathway of L-tryptophan biosynthesis|g__Roseburia.s__Roseburia_faecis	67.4866459095
PWY-6629: superpathway of L-tryptophan biosynthesis|g__Blautia.s__Ruminococcus_torques	57.6534987769
PWY-6629: superpathway of L-tryptophan biosynthesis|g__Ruminococcus.s__Ruminococcus_sp_CAG_254	40.3178502622
PWY-6629: superpathway of L-tryptophan biosynthesis|g__Roseburia.s__Roseburia_intestinalis	39.8587782572
PWY-6629: superpathway of L-tryptophan biosynthesis|g__Blautia.s__Blautia_sp	34.6353146303
PWY-6629: superpathway of L-tryptophan biosynthesis|g__Blautia.s__Blautia_wexlerae	19.7461666646
PWY-6629: superpathway of L-tryptophan biosynthesis|g__Blautia.s__Blautia_obeum	19.4495549660
PWY-6629: superpathway of L-tryptophan biosynthesis|g__Fusicatenibacter.s__Fusicatenibacter_saccharivorans	18.3821293820
PWY-6629: superpathway of L-tryptophan biosynthesis|g__Eubacterium.s__Eubacterium_eligens	14.9563215525
PWY-6629: superpathway of L-tryptophan biosynthesis|g__Lachnospiraceae_unclassified.s__Eubacterium_rectale	7.9845492517
COA-PWY: coenzyme A biosynthesis I (prokaryotic)	1481.8983208309
COA-PWY: coenzyme A biosynthesis I (prokaryotic)|unclassified	199.5769882088
COA-PWY: coenzyme A biosynthesis I (prokaryotic)|g__Faecalibacterium.s__Faecalibacterium_prausnitzii	162.1255730883
COA-PWY: coenzyme A biosynthesis I (prokaryotic)|g__Ruminococcus.s__Ruminococcus_bicirculans	152.7866195960
COA-PWY: coenzyme A biosynthesis I (prokaryotic)|g__Roseburia.s__Roseburia_faecis	82.6875318636
COA-PWY: coenzyme A biosynthesis I (prokaryotic)|g__Alistipes.s__Alistipes_putredinis	77.3866121890
COA-PWY: coenzyme A biosynthesis I (prokaryotic)|g__Bacteroides.s__Bacteroides_uniformis	66.7665829461
COA-PWY: coenzyme A biosynthesis I (prokaryotic)|g__Bacteroides.s__Bacteroides_vulgatus	43.7899693656
COA-PWY: coenzyme A biosynthesis I (prokaryotic)|g__Ruminococcus.s__Ruminococcus_sp_CAG_254	40.2865943958
COA-PWY: coenzyme A biosynthesis I (prokaryotic)|g__Gemmiger.s__Gemmiger_formicilis	36.8493781667
COA-PWY: coenzyme A biosynthesis I (prokaryotic)|g__Subdoligranulum.s__Subdoligranulum_sp_APC924_74	34.9085488793
COA-PWY: coenzyme A biosynthesis I (prokaryotic)|g__Collinsella.s__Collinsella_aerofaciens	32.1871808362
COA-PWY: coenzyme A biosynthesis I (prokaryotic)|g__Blautia.s__Blautia_sp	31.2046927322
COA-PWY: coenzyme A biosynthesis I (prokaryotic)|g__Roseburia.s__Roseburia_intestinalis	27.3610944438
COA-PWY: coenzyme A biosynthesis I (prokaryotic)|g__Bifidobacterium.s__Bifidobacterium_adolescentis	22.7434257285
COA-PWY: coenzyme A biosynthesis I (prokaryotic)|g__Alistipes.s__Alistipes_finegoldii	22.6774900142
COA-PWY: coenzyme A biosynthesis I (prokaryotic)|g__Bacteroides.s__Bacteroides_dorei	21.8026826962
COA-PWY: coenzyme A biosynthesis I (prokaryotic)|g__Blautia.s__Blautia_obeum	19.8493216004
COA-PWY: coenzyme A biosynthesis I (prokaryotic)|g__Blautia.s__Blautia_wexlerae	18.4760714038
COA-PWY: coenzyme A biosynthesis I (prokaryotic)|g__Eubacterium.s__Eubacterium_eligens	15.9489633174
COA-PWY: coenzyme A biosynthesis I (prokaryotic)|g__Blautia.s__Ruminococcus_torques	15.7912071746
COA-PWY: coenzyme A biosynthesis I (prokaryotic)|g__Dialister.s__Dialister_invisus	15.6537431191
COA-PWY: coenzyme A biosynthesis I (prokaryotic)|g__Paraprevotella.s__Paraprevotella_clara	15.4249913490
COA-PWY: coenzyme A biosynthesis I (prokaryotic)|g__Clostridium.s__Clostridium_sp_AF36_4	15.3005464481
COA-PWY: coenzyme A biosynthesis I (prokaryotic)|g__Fusicatenibacter.s__Fusicatenibacter_saccharivorans	15.0050497764
COA-PWY: coenzyme A biosynthesis I (prokaryotic)|g__Firmicutes_unclassified.s__Firmicutes_bacterium_CAG_56	12.8585558853
COA-PWY: coenzyme A biosynthesis I (prokaryotic)|g__Agathobaculum.s__Agathobaculum_butyriciproducens	12.7623021230
COA-PWY: coenzyme A biosynthesis I (prokaryotic)|g__Alistipes.s__Alistipes_sp_CAG_268	11.8361386519
COA-PWY: coenzyme A biosynthesis I (prokaryotic)|g__Firmicutes_unclassified.s__Firmicutes_bacterium_CAG_41	10.9332292073
COA-PWY: coenzyme A biosynthesis I (prokaryotic)|g__Lachnospira.s__Lachnospira_pectinoschiza	10.4794341106
COA-PWY: coenzyme A biosynthesis I (prokaryotic)|g__Lachnospiraceae_unclassified.s__Eubacterium_rectale	10.0651711530
COA-PWY: coenzyme A biosynthesis I (prokaryotic)|g__Roseburia.s__Roseburia_hominis	9.1324200913
COA-PWY: coenzyme A biosynthesis I (prokaryotic)|g__Bacteroides.s__Bacteroides_ovatus	9.0421752890
COA-PWY: coenzyme A biosynthesis I (prokaryotic)|g__Blautia.s__Blautia_sp_CAG_52	8.4916675512
COA-PWY: coenzyme A biosynthesis I (prokaryotic)|g__Bacteroides.s__Bacteroides_finegoldii	7.9601990050
COA-PWY: coenzyme A biosynthesis I (prokaryotic)|g__Anaerostipes.s__Anaerostipes_hadrus	7.2430964237
COA-PWY: coenzyme A biosynthesis I (prokaryotic)|g__Bacteroides.s__Bacteroides_cellulosilyticus	5.8300539280
COA-PWY: coenzyme A biosynthesis I (prokaryotic)|g__Bifidobacterium.s__Bifidobacterium_pseudocatenulatum	5.5348000553
COA-PWY: coenzyme A biosynthesis I (prokaryotic)|g__Bifidobacterium.s__Bifidobacterium_catenulatum	4.2485395645
COA-PWY: coenzyme A biosynthesis I (prokaryotic)|g__Bacteroides.s__Bacteroides_thetaiotaomicron	3.3167495854
COA-PWY: coenzyme A biosynthesis I (prokaryotic)|g__Bacteroides.s__Bacteroides_fragilis	1.1915400655
COA-PWY: coenzyme A biosynthesis I (prokaryotic)|g__Alistipes.s__Alistipes_onderdonkii	1.1821495419
PWY-7851: coenzyme A biosynthesis II (eukaryotic)	1481.8983208309
PWY-7851: coenzyme A biosynthesis II (eukaryotic)|unclassified	176.5625421857
PWY-7851: coenzyme A biosynthesis II (eukaryotic)|g__Faecalibacterium.s__Faecalibacterium_prausnitzii	162.1255730883
PWY-7851: coenzyme A biosynthesis II (eukaryotic)|g__Ruminococcus.s__Ruminococcus_bicirculans	152.7866195960
PWY-7851: coenzyme A biosynthesis II (eukaryotic)|g__Alistipes.s__Alistipes_putredinis	77.3866121890
PWY-7851: coenzyme A biosynthesis II (eukaryotic)|g__Roseburia.s__Roseburia_faecis	77.0260862903
PWY-7851: coenzyme A biosynthesis II (eukaryotic)|g__Bacteroides.s__Bacteroides_uniformis	66.7665829461
PWY-7851: coenzyme A biosynthesis II (eukaryotic)|g__Bacteroides.s__Bacteroides_vulgatus	39.4831951555
PWY-7851: coenzyme A biosynthesis II (eukaryotic)|g__Gemmiger.s__Gemmiger_formicilis	36.8493781667
PWY-7851: coenzyme A biosynthesis II (eukaryotic)|g__Collinsella.s__Collinsella_aerofaciens	32.1871808362
PWY-7851: coenzyme A biosynthesis II (eukaryotic)|g__Subdoligranulum.s__Subdoligranulum_sp_APC924_74	31.9982485550
PWY-7851: coenzyme A biosynthesis II (eukaryotic)|g__Ruminococcus.s__Ruminococcus_sp_CAG_254	26.8325136151
PWY-7851: coenzyme A biosynthesis II (eukaryotic)|g__Roseburia.s__Roseburia_intestinalis	22.1710803540
PWY-7851: coenzyme A biosynthesis II (eukaryotic)|g__Bacteroides.s__Bacteroides_dorei	21.8026826962
PWY-7851: coenzyme A biosynthesis II (eukaryotic)|g__Blautia.s__Blautia_wexlerae	18.3257119729
PWY-7851: coenzyme A biosynthesis II (eukaryotic)|g__Blautia.s__Blautia_obeum	18.0285652410
PWY-7851: coenzyme A biosynthesis II (eukaryotic)|g__Blautia.s__Ruminococcus_torques	15.7912071746
PWY-7851: coenzyme A biosynthesis II (eukaryotic)|g__Paraprevotella.s__Paraprevotella_clara	15.4249913490
PWY-7851: coenzyme A biosynthesis II (eukaryotic)|g__Dialister.s__Dialister_invisus	15.3205192273
PWY-7851: coenzyme A biosynthesis II (eukaryotic)|g__Clostridium.s__Clostridium_sp_AF36_4	15.3005464481
PWY-7851: coenzyme A biosynthesis II (eukaryotic)|g__Fusicatenibacter.s__Fusicatenibacter_saccharivorans	15.0050497764
PWY-7851: coenzyme A biosynthesis II (eukaryotic)|g__Agathobaculum.s__Agathobaculum_butyriciproducens	10.6154945391
PWY-7851: coenzyme A biosynthesis II (eukaryotic)|g__Lachnospira.s__Lachnospira_pectinoschiza	10.4794341106
PWY-7851: coenzyme A biosynthesis II (eukaryotic)|g__Eubacterium.s__Eubacterium_eligens	9.8619329389
PWY-7851: coenzyme A biosynthesis II (eukaryotic)|g__Bacteroides.s__Bacteroides_ovatus	9.0421752890
PWY-7851: coenzyme A biosynthesis II (eukaryotic)|g__Blautia.s__Blautia_sp_CAG_52	8.4916675512
PWY-7851: coenzyme A biosynthesis II (eukaryotic)|g__Firmicutes_unclassified.s__Firmicutes_bacterium_CAG_56	8.2697201018
PWY-7851: coenzyme A biosynthesis II (eukaryotic)|g__Bacteroides.s__Bacteroides_cellulosilyticus	5.8300539280
PWY-7851: coenzyme A biosynthesis II (eukaryotic)|g__Bifidobacterium.s__Bifidobacterium_pseudocatenulatum	5.5348000553
PWY-7851: coenzyme A biosynthesis II (eukaryotic)|g__Alistipes.s__Alistipes_finegoldii	5.4780023966
PWY-7851: coenzyme A biosynthesis II (eukaryotic)|g__Bifidobacterium.s__Bifidobacterium_catenulatum	4.2485395645
CALVIN-PWY: Calvin-Benson-Bassham cycle	1442.3257982395
CALVIN-PWY: Calvin-Benson-Bassham cycle|unclassified	110.3722534604
CALVIN-PWY: Calvin-Benson-Bassham cycle|g__Roseburia.s__Roseburia_faecis	82.9129044798
CALVIN-PWY: Calvin-Benson-Bassham cycle|g__Roseburia.s__Roseburia_intestinalis	52.1891175600
CALVIN-PWY: Calvin-Benson-Bassham cycle|g__Blautia.s__Blautia_wexlerae	44.2005852458
CALVIN-PWY: Calvin-Benson-Bassham cycle|g__Blautia.s__Ruminococcus_torques	42.7058753854
CALVIN-PWY: Calvin-Benson-Bassham cycle|g__Blautia.s__Blautia_sp	40.1997437145
CALVIN-PWY: Calvin-Benson-Bassham cycle|g__Collinsella.s__Collinsella_aerofaciens	38.5059790775
CALVIN-PWY: Calvin-Benson-Bassham cycle|g__Lachnospiraceae_unclassified.s__Eubacterium_rectale	29.1791539439
CALVIN-PWY: Calvin-Benson-Bassham cycle|g__Anaerostipes.s__Anaerostipes_hadrus	20.8244987901
CALVIN-PWY: Calvin-Benson-Bassham cycle|g__Eubacterium.s__Eubacterium_hallii	20.1756411188
CALVIN-PWY: Calvin-Benson-Bassham cycle|g__Eubacterium.s__Eubacterium_eligens	11.8600383411
CALVIN-PWY: Calvin-Benson-Bassham cycle|g__Fusicatenibacter.s__Fusicatenibacter_saccharivorans	11.4787692798
CALVIN-PWY: Calvin-Benson-Bassham cycle|g__Ruminococcus.s__Ruminococcus_sp_AF31_8BH	11.0627117472
CALVIN-PWY: Calvin-Benson-Bassham cycle|g__Roseburia.s__Roseburia_hominis	10.2440727950
CALVIN-PWY: Calvin-Benson-Bassham cycle|g__Blautia.s__Blautia_sp_AF19_10LB	9.5843210638
CALVIN-PWY: Calvin-Benson-Bassham cycle|g__Blautia.s__Blautia_obeum	9.1617059828
HISTSYN-PWY: L-histidine biosynthesis	1371.6212729521
HISTSYN-PWY: L-histidine biosynthesis|g__Faecalibacterium.s__Faecalibacterium_prausnitzii	181.7168098330
HISTSYN-PWY: L-histidine biosynthesis|unclassified	131.4285719279
HISTSYN-PWY: L-histidine biosynthesis|g__Bacteroides.s__Bacteroides_uniformis	84.7049118450
HISTSYN-PWY: L-histidine biosynthesis|g__Clostridium.s__Clostridium_sp_CAG_217	67.1380922411
HISTSYN-PWY: L-histidine biosynthesis|g__Bacteroides.s__Bacteroides_vulgatus	64.1667591403
HISTSYN-PWY: L-histidine biosynthesis|g__Collinsella.s__Collinsella_aerofaciens	57.6086298058
HISTSYN-PWY: L-histidine biosynthesis|g__Subdoligranulum.s__Subdoligranulum_sp_APC924_74	45.4050758291
HISTSYN-PWY: L-histidine biosynthesis|g__Blautia.s__Ruminococcus_torques	32.2076488717
HISTSYN-PWY: L-histidine biosynthesis|g__Blautia.s__Blautia_sp	32.0009805718
HISTSYN-PWY: L-histidine biosynthesis|g__Ruminococcus.s__Ruminococcus_bromii	29.6311523619
HISTSYN-PWY: L-histidine biosynthesis|g__Roseburia.s__Roseburia_intestinalis	29.0666193325
HISTSYN-PWY: L-histidine biosynthesis|g__Alistipes.s__Alistipes_finegoldii	23.7982024621
HISTSYN-PWY: L-histidine biosynthesis|g__Bacteroides.s__Bacteroides_dorei	22.9277367436
HISTSYN-PWY: L-histidine biosynthesis|g__Paraprevotella.s__Paraprevotella_clara	12.7459939438
HISTSYN-PWY: L-histidine biosynthesis|g__Bacteroides.s__Bacteroides_ovatus	10.7983690274
HISTSYN-PWY: L-histidine biosynthesis|g__Bifidobacterium.s__Bifidobacterium_adolescentis	10.0886614808
HISTSYN-PWY: L-histidine biosynthesis|g__Blautia.s__Blautia_obeum	3.7736441284
PWY-5103: L-isoleucine biosynthesis III	1343.5539319362
PWY-5103: L-isoleucine biosynthesis III|g__Ruminococcus.s__Ruminococcus_bicirculans	162.8020059197
PWY-5103: L-isoleucine biosynthesis III|g__Bacteroides.s__Bacteroides_uniformis	66.7443331652
PWY-5103: L-isoleucine biosynthesis III|g__Gemmiger.s__Gemmiger_formicilis	56.8547624936
PWY-5103: L-isoleucine biosynthesis III|g__Blautia.s__Ruminococcus_torques	42.3115653165
PWY-5103: L-isoleucine biosynthesis III|g__Roseburia.s__Roseburia_intestinalis	41.6398210285
PWY-5103: L-isoleucine biosynthesis III|g__Ruminococcus.s__Ruminococcus_sp_CAG_254	39.8688787054
PWY-5103: L-isoleucine biosynthesis III|g__Blautia.s__Blautia_sp	31.6424897149
PWY-5103: L-isoleucine biosynthesis III|g__Coprococcus.s__Coprococcus_eutactus	18.6744414238
PWY-5103: L-isoleucine biosynthesis III|g__Bifidobacterium.s__Bifidobacterium_adolescentis	17.4260898667
PWY-5103: L-isoleucine biosynthesis III|g__Eubacterium.s__Eubacterium_eligens	16.7389767240
PWY-5103: L-isoleucine biosynthesis III|g__Lachnospiraceae_unclassified.s__Eubacterium_rectale	15.1020534424
PWY-5103: L-isoleucine biosynthesis III|g__Blautia.s__Blautia_wexlerae	14.9265270791
PWY-5103: L-isoleucine biosynthesis III|g__Parabacteroides.s__Parabacteroides_distasonis	11.5980413855
PWY-5103: L-isoleucine biosynthesis III|g__Anaerostipes.s__Anaerostipes_hadrus	10.8136896958
PWY-5103: L-isoleucine biosynthesis III|g__Parabacteroides.s__Parabacteroides_merdae	10.2747189818
PWY-5103: L-isoleucine biosynthesis III|g__Bacteroides.s__Bacteroides_finegoldii	8.7688017624
PWY-5103: L-isoleucine biosynthesis III|g__Bacteroides.s__Bacteroides_ovatus	8.4764076505
PWY-5103: L-isoleucine biosynthesis III|g__Ruminococcus.s__Ruminococcus_sp_AF31_8BH	6.8977419604
PWY-5103: L-isoleucine biosynthesis III|g__Blautia.s__Blautia_obeum	5.9693347007
PWY-5103: L-isoleucine biosynthesis III|g__Blautia.s__Blautia_sp_AF19_10LB	5.3773961805
PWY-5103: L-isoleucine biosynthesis III|g__Bifidobacterium.s__Bifidobacterium_pseudocatenulatum	5.3533572254
PWY-5103: L-isoleucine biosynthesis III|g__Roseburia.s__Roseburia_hominis	5.1265677812
PWY-5103: L-isoleucine biosynthesis III|g__Bifidobacterium.s__Bifidobacterium_longum	4.9522451246
PWY-5103: L-isoleucine biosynthesis III|g__Bacteroides.s__Bacteroides_cellulosilyticus	4.2425528046
PWY-5103: L-isoleucine biosynthesis III|g__Bifidobacterium.s__Bifidobacterium_catenulatum	3.1985786169
PWY-5103: L-isoleucine biosynthesis III|g__Bacteroides.s__Bacteroides_fragilis	2.0321107641
PWY-5103: L-isoleucine biosynthesis III|g__Roseburia.s__Roseburia_inulinivorans	1.9486213504
PWY-5097: L-lysine biosynthesis VI	1340.2282879948
PWY-5097: L-lysine biosynthesis VI|unclassified	169.5165160838
PWY-5097: L-lysine biosynthesis VI|g__Faecalibacterium.s__Faecalibacterium_prausnitzii	140.3181348542
PWY-5097: L-lysine biosynthesis VI|g__Bacteroides.s__Bacteroides_uniformis	72.2410743613
PWY-5097: L-lysine biosynthesis VI|g__Bacteroides.s__Bacteroides_vulgatus	62.8723718576
PWY-5097: L-lysine biosynthesis VI|g__Ruminococcus.s__Ruminococcus_bromii	54.3566227213
PWY-5097: L-lysine biosynthesis VI|g__Roseburia.s__Roseburia_intestinalis	31.1431582179
PWY-5097: L-lysine biosynthesis VI|g__Blautia.s__Blautia_obeum	31.0586662542
PWY-5097: L-lysine biosynthesis VI|g__Ruminococcus.s__Ruminococcus_sp_CAG_254	30.8224216803
PWY-5097: L-lysine biosynthesis VI|g__Gemmiger.s__Gemmiger_formicilis	29.9819719320
PWY-5097: L-lysine biosynthesis VI|g__Blautia.s__Ruminococcus_torques	29.9564954489
PWY-5097: L-lysine biosynthesis VI|g__Blautia.s__Blautia_wexlerae	23.4298813248
PWY-5097: L-lysine biosynthesis VI|g__Bacteroides.s__Bacteroides_dorei	22.1553686036
PWY-5097: L-lysine biosynthesis VI|g__Bifidobacterium.s__Bifidobacterium_adolescentis	18.5256467559
PWY-5097: L-lysine biosynthesis VI|g__Eubacterium.s__Eubacterium_eligens	17.2966049356
PWY-5097: L-lysine biosynthesis VI|g__Parabacteroides.s__Parabacteroides_distasonis	17.2562918124
PWY-5097: L-lysine biosynthesis VI|g__Fusicatenibacter.s__Fusicatenibacter_saccharivorans	11.2960591430
PWY-5097: L-lysine biosynthesis VI|g__Lachnospira.s__Lachnospira_pectinoschiza	10.6831395349
PWY-5097: L-lysine biosynthesis VI|g__Agathobaculum.s__Agathobaculum_butyriciproducens	10.1769191030
PWY-5097: L-lysine biosynthesis VI|g__Bifidobacterium.s__Bifidobacterium_bifidum	10.0245454010
PWY-5097: L-lysine biosynthesis VI|g__Dialister.s__Dialister_invisus	9.9989095428
PWY-5097: L-lysine biosynthesis VI|g__Eubacterium.s__Eubacterium_hallii	9.3110901735
PWY-5097: L-lysine biosynthesis VI|g__Bacteroides.s__Bacteroides_ovatus	9.2976107427
PWY-5097: L-lysine biosynthesis VI|g__Bacteroides.s__Bacteroides_finegoldii	9.2247681603
PWY-5097: L-lysine biosynthesis VI|g__Alistipes.s__Alistipes_sp_CAG_268	8.2929902692
PWY-5097: L-lysine biosynthesis VI|g__Parabacteroides.s__Parabacteroides_merdae	8.2879904627
PWY-5097: L-lysine biosynthesis VI|g__Eubacterium.s__Eubacterium_sp_CAG_38	7.6155340753
PWY-5097: L-lysine biosynthesis VI|g__Alistipes.s__Alistipes_finegoldii	7.0321444840
PWY-5097: L-lysine biosynthesis VI|g__Bifidobacterium.s__Bifidobacterium_pseudocatenulatum	5.2044032643
PWY-5097: L-lysine biosynthesis VI|g__Bifidobacterium.s__Bifidobacterium_catenulatum	3.9805653758
PWY-5667: CDP-diacylglycerol biosynthesis I	1322.6453911688
PWY-5667: CDP-diacylglycerol biosynthesis I|g__Faecalibacterium.s__Faecalibacterium_prausnitzii	205.8048573956
PWY-5667: CDP-diacylglycerol biosynthesis I|unclassified	156.6613870237
PWY-5667: CDP-diacylglycerol biosynthesis I|g__Roseburia.s__Roseburia_faecis	74.4979219566
PWY-5667: CDP-diacylglycerol biosynthesis I|g__Bacteroides.s__Bacteroides_vulgatus	64.7010598763
PWY-5667: CDP-diacylglycerol biosynthesis I|g__Bacteroides.s__Bacteroides_uniformis	63.6689711313
PWY-5667: CDP-diacylglycerol biosynthesis I|g__Blautia.s__Ruminococcus_torques	36.9739466889
PWY-5667: CDP-diacylglycerol biosynthesis I|g__Subdoligranulum.s__Subdoligranulum_sp_APC924_74	32.5143644956
PWY-5667: CDP-diacylglycerol biosynthesis I|g__Blautia.s__Blautia_sp	32.1765391874
PWY-5667: CDP-diacylglycerol biosynthesis I|g__Blautia.s__Blautia_obeum	25.4415677618
PWY-5667: CDP-diacylglycerol biosynthesis I|g__Lachnospiraceae_unclassified.s__Eubacterium_rectale	22.6283724978
PWY-5667: CDP-diacylglycerol biosynthesis I|g__Fusicatenibacter.s__Fusicatenibacter_saccharivorans	21.5483398411
PWY-5667: CDP-diacylglycerol biosynthesis I|g__Clostridium.s__Clostridium_sp_CAG_122	16.3882090029
PWY-5667: CDP-diacylglycerol biosynthesis I|g__Bacteroides.s__Bacteroides_dorei	15.7935354188
PWY-5667: CDP-diacylglycerol biosynthesis I|g__Roseburia.s__Roseburia_intestinalis	14.4702309914
PWY-5667: CDP-diacylglycerol biosynthesis I|g__Alistipes.s__Alistipes_finegoldii	13.6767722817
PWY-5667: CDP-diacylglycerol biosynthesis I|g__Clostridium.s__Clostridium_sp_AF36_4	12.9694677114
PWY-5667: CDP-diacylglycerol biosynthesis I|g__Clostridium.s__Clostridium_sp_CAG_75	10.7535140948
PWY-5667: CDP-diacylglycerol biosynthesis I|g__Blautia.s__Blautia_wexlerae	10.2137402549
PWY-5667: CDP-diacylglycerol biosynthesis I|g__Lachnospira.s__Lachnospira_pectinoschiza	10.1233786776
PWY-5667: CDP-diacylglycerol biosynthesis I|g__Bacteroides.s__Bacteroides_finegoldii	9.8537143911
PWY-5667: CDP-diacylglycerol biosynthesis I|g__Bacteroides.s__Bacteroides_ovatus	4.3096060139
PWY-5667: CDP-diacylglycerol biosynthesis I|g__Bacteroides.s__Bacteroides_cellulosilyticus	3.5231426432
PWY-5667: CDP-diacylglycerol biosynthesis I|g__Ruminococcus.s__Ruminococcus_sp_AF31_8BH	2.1412915588
PWY-5667: CDP-diacylglycerol biosynthesis I|g__Bacteroides.s__Bacteroides_fragilis	2.1040162192
PWY0-1319: CDP-diacylglycerol biosynthesis II	1322.6453911688
PWY0-1319: CDP-diacylglycerol biosynthesis II|g__Faecalibacterium.s__Faecalibacterium_prausnitzii	205.8048573956
PWY0-1319: CDP-diacylglycerol biosynthesis II|unclassified	156.6613870237
PWY0-1319: CDP-diacylglycerol biosynthesis II|g__Roseburia.s__Roseburia_faecis	74.4979219566
PWY0-1319: CDP-diacylglycerol biosynthesis II|g__Bacteroides.s__Bacteroides_vulgatus	64.7010598763
PWY0-1319: CDP-diacylglycerol biosynthesis II|g__Bacteroides.s__Bacteroides_uniformis	63.6689711313
PWY0-1319: CDP-diacylglycerol biosynthesis II|g__Blautia.s__Ruminococcus_torques	36.9739466889
PWY0-1319: CDP-diacylglycerol biosynthesis II|g__Subdoligranulum.s__Subdoligranulum_sp_APC924_74	32.5143644956
PWY0-1319: CDP-diacylglycerol biosynthesis II|g__Blautia.s__Blautia_sp	32.1765391874
PWY0-1319: CDP-diacylglycerol biosynthesis II|g__Blautia.s__Blautia_obeum	25.4415677618
PWY0-1319: CDP-diacylglycerol biosynthesis II|g__Lachnospiraceae_unclassified.s__Eubacterium_rectale	22.6283724978
PWY0-1319: CDP-diacylglycerol biosynthesis II|g__Fusicatenibacter.s__Fusicatenibacter_saccharivorans	21.5483398411
PWY0-1319: CDP-diacylglycerol biosynthesis II|g__Clostridium.s__Clostridium_sp_CAG_122	16.3882090029
PWY0-1319: CDP-diacylglycerol biosynthesis II|g__Bacteroides.s__Bacteroides_dorei	15.7935354188
PWY0-1319: CDP-diacylglycerol biosynthesis II|g__Roseburia.s__Roseburia_intestinalis	14.4702309914
PWY0-1319: CDP-diacylglycerol biosynthesis II|g__Alistipes.s__Alistipes_finegoldii	13.6767722817
PWY0-1319: CDP-diacylglycerol biosynthesis II|g__Clostridium.s__Clostridium_sp_AF36_4	12.9694677114
PWY0-1319: CDP-diacylglycerol biosynthesis II|g__Clostridium.s__Clostridium_sp_CAG_75	10.7535140948
PWY0-1319: CDP-diacylglycerol biosynthesis II|g__Blautia.s__Blautia_wexlerae	10.2137402549
PWY0-1319: CDP-diacylglycerol biosynthesis II|g__Lachnospira.s__Lachnospira_pectinoschiza	10.1233786776
PWY0-1319: CDP-diacylglycerol biosynthesis II|g__Bacteroides.s__Bacteroides_finegoldii	9.8537143911
PWY0-1319: CDP-diacylglycerol biosynthesis II|g__Bacteroides.s__Bacteroides_ovatus	4.3096060139
PWY0-1319: CDP-diacylglycerol biosynthesis II|g__Bacteroides.s__Bacteroides_cellulosilyticus	3.5231426432
PWY0-1319: CDP-diacylglycerol biosynthesis II|g__Ruminococcus.s__Ruminococcus_sp_AF31_8BH	2.1412915588
PWY0-1319: CDP-diacylglycerol biosynthesis II|g__Bacteroides.s__Bacteroides_fragilis	2.1040162192
PWY-6317: D-galactose degradation I (Leloir pathway)	1320.9674158617
PWY-6317: D-galactose degradation I (Leloir pathway)|g__Faecalibacterium.s__Faecalibacterium_prausnitzii	217.9388208123
PWY-6317: D-galactose degradation I (Leloir pathway)|unclassified	205.1233244774
PWY-6317: D-galactose degradation I (Leloir pathway)|g__Roseburia.s__Roseburia_faecis	79.8694194376
PWY-6317: D-galactose degradation I (Leloir pathway)|g__Roseburia.s__Roseburia_intestinalis	48.2536887468
PWY-6317: D-galactose degradation I (Leloir pathway)|g__Collinsella.s__Collinsella_aerofaciens	38.0791650591
PWY-6317: D-galactose degradation I (Leloir pathway)|g__Blautia.s__Ruminococcus_torques	36.7321000062
PWY-6317: D-galactose degradation I (Leloir pathway)|g__Blautia.s__Blautia_sp	36.2694183998
PWY-6317: D-galactose degradation I (Leloir pathway)|g__Blautia.s__Blautia_wexlerae	29.8460840607
PWY-6317: D-galactose degradation I (Leloir pathway)|g__Coprococcus.s__Coprococcus_eutactus	25.7530400905
PWY-6317: D-galactose degradation I (Leloir pathway)|g__Blautia.s__Blautia_obeum	23.4570860717
PWY-6317: D-galactose degradation I (Leloir pathway)|g__Fusicatenibacter.s__Fusicatenibacter_saccharivorans	19.4460904209
PWY-6317: D-galactose degradation I (Leloir pathway)|g__Eubacterium.s__Eubacterium_eligens	16.3260747277
PWY-6317: D-galactose degradation I (Leloir pathway)|g__Anaerostipes.s__Anaerostipes_hadrus	12.5740746259
PWY-6317: D-galactose degradation I (Leloir pathway)|g__Eubacterium.s__Eubacterium_hallii	10.1690061853
PWY-6317: D-galactose degradation I (Leloir pathway)|g__Coprococcus.s__Coprococcus_comes	8.9503661513
PWY-6317: D-galactose degradation I (Leloir pathway)|g__Ruminococcus.s__Ruminococcus_sp_AF31_8BH	7.6538315428
PWY-6317: D-galactose degradation I (Leloir pathway)|g__Roseburia.s__Roseburia_inulinivorans	5.9564963038
PWY-6317: D-galactose degradation I (Leloir pathway)|g__Lachnospira.s__Lachnospira_pectinoschiza	2.7623886871
PWY0-1296: purine ribonucleosides degradation	1314.0097322917
PWY0-1296: purine ribonucleosides degradation|unclassified	237.9499005700
PWY0-1296: purine ribonucleosides degradation|g__Faecalibacterium.s__Faecalibacterium_prausnitzii	230.1615299425
PWY0-1296: purine ribonucleosides degradation|g__Roseburia.s__Roseburia_faecis	68.6618646647
PWY0-1296: purine ribonucleosides degradation|g__Gemmiger.s__Gemmiger_formicilis	42.7892234548
PWY0-1296: purine ribonucleosides degradation|g__Blautia.s__Ruminococcus_torques	41.8785004095
PWY0-1296: purine ribonucleosides degradation|g__Blautia.s__Blautia_sp	37.9887970371
PWY0-1296: purine ribonucleosides degradation|g__Subdoligranulum.s__Subdoligranulum_sp_APC924_74	32.4407219535
PWY0-1296: purine ribonucleosides degradation|g__Blautia.s__Blautia_obeum	28.9846195731
PWY0-1296: purine ribonucleosides degradation|g__Fusicatenibacter.s__Fusicatenibacter_saccharivorans	27.6853820458
PWY0-1296: purine ribonucleosides degradation|g__Lachnospiraceae_unclassified.s__Eubacterium_rectale	25.1572327044
PWY0-1296: purine ribonucleosides degradation|g__Roseburia.s__Roseburia_intestinalis	23.6165779116
PWY0-1296: purine ribonucleosides degradation|g__Blautia.s__Blautia_wexlerae	22.3646936037
PWY0-1296: purine ribonucleosides degradation|g__Proteobacteria_unclassified.s__Proteobacteria_bacterium_CAG_495	17.8906116885
PWY0-1296: purine ribonucleosides degradation|g__Eubacterium.s__Eubacterium_eligens	14.4768345963
PWY0-1296: purine ribonucleosides degradation|g__Clostridium.s__Clostridium_sp_CAG_122	14.0936686904
PWY0-1296: purine ribonucleosides degradation|g__Faecalibacterium.s__Faecalibacterium_sp_CAG_74	12.6353790614
PWY0-1296: purine ribonucleosides degradation|g__Clostridiales_unclassified.s__Clostridiales_bacterium_KLE1615	8.0906148867
PWY0-1296: purine ribonucleosides degradation|g__Clostridium.s__Clostridium_sp_CAG_75	8.0538878313
PWY0-1296: purine ribonucleosides degradation|g__Ruminococcus.s__Ruminococcus_sp_AF31_8BH	1.7513134851
PWY-8178: pentose phosphate pathway (non-oxidative branch) II	1248.8130046586
PWY-8178: pentose phosphate pathway (non-oxidative branch) II|unclassified	105.0452223728
PWY-8178: pentose phosphate pathway (non-oxidative branch) II|g__Roseburia.s__Roseburia_faecis	87.4074351069
PWY-8178: pentose phosphate pathway (non-oxidative branch) II|g__Blautia.s__Ruminococcus_torques	57.8028962738
PWY-8178: pentose phosphate pathway (non-oxidative branch) II|g__Blautia.s__Blautia_sp	51.0842688704
PWY-8178: pentose phosphate pathway (non-oxidative branch) II|g__Collinsella.s__Collinsella_aerofaciens	43.3834720207
PWY-8178: pentose phosphate pathway (non-oxidative branch) II|g__Blautia.s__Blautia_wexlerae	39.1220042957
PWY-8178: pentose phosphate pathway (non-oxidative branch) II|g__Roseburia.s__Roseburia_intestinalis	36.9054807221
PWY-8178: pentose phosphate pathway (non-oxidative branch) II|g__Lachnospiraceae_unclassified.s__Eubacterium_rectale	35.5882279899
PWY-8178: pentose phosphate pathway (non-oxidative branch) II|g__Coprococcus.s__Coprococcus_eutactus	29.4999982439
PWY-8178: pentose phosphate pathway (non-oxidative branch) II|g__Eubacterium.s__Eubacterium_hallii	22.5529426994
PWY-8178: pentose phosphate pathway (non-oxidative branch) II|g__Fusicatenibacter.s__Fusicatenibacter_saccharivorans	20.7320323712
PWY-8178: pentose phosphate pathway (non-oxidative branch) II|g__Anaerostipes.s__Anaerostipes_hadrus	20.2441681146
PWY-8178: pentose phosphate pathway (non-oxidative branch) II|g__Eubacterium.s__Eubacterium_eligens	20.1445267714
PWY-8178: pentose phosphate pathway (non-oxidative branch) II|g__Blautia.s__Blautia_obeum	13.4765656232
PWY-8178: pentose phosphate pathway (non-oxidative branch) II|g__Lachnospira.s__Lachnospira_pectinoschiza	11.8927151903
PWY-8178: pentose phosphate pathway (non-oxidative branch) II|g__Ruminococcus.s__Ruminococcus_sp_AF31_8BH	9.0880174490
PWY-8178: pentose phosphate pathway (non-oxidative branch) II|g__Roseburia.s__Roseburia_hominis	7.4029207887
PWY-5695: inosine 5'-phosphate degradation	1247.0509681833
PWY-5695: inosine 5'-phosphate degradation|g__Ruminococcus.s__Ruminococcus_bicirculans	144.6895501021
PWY-5695: inosine 5'-phosphate degradation|g__Bacteroides.s__Bacteroides_vulgatus	81.2200890060
PWY-5695: inosine 5'-phosphate degradation|g__Bacteroides.s__Bacteroides_uniformis	70.6730588671
PWY-5695: inosine 5'-phosphate degradation|g__Roseburia.s__Roseburia_faecis	67.4606211255
PWY-5695: inosine 5'-phosphate degradation|g__Faecalibacterium.s__Faecalibacterium_prausnitzii	51.9106108282
PWY-5695: inosine 5'-phosphate degradation|g__Alistipes.s__Alistipes_putredinis	50.5597688696
PWY-5695: inosine 5'-phosphate degradation|g__Blautia.s__Ruminococcus_torques	49.2216346692
PWY-5695: inosine 5'-phosphate degradation|unclassified	47.4642690631
PWY-5695: inosine 5'-phosphate degradation|g__Roseburia.s__Roseburia_intestinalis	35.0009824445
PWY-5695: inosine 5'-phosphate degradation|g__Bacteroides.s__Bacteroides_dorei	33.4589742566
PWY-5695: inosine 5'-phosphate degradation|g__Coprococcus.s__Coprococcus_eutactus	24.5695691635
PWY-5695: inosine 5'-phosphate degradation|g__Fusicatenibacter.s__Fusicatenibacter_saccharivorans	18.7406195161
PWY-5695: inosine 5'-phosphate degradation|g__Parabacteroides.s__Parabacteroides_distasonis	10.4869097343
PWY-5695: inosine 5'-phosphate degradation|g__Anaerostipes.s__Anaerostipes_hadrus	10.1265822785
PWY-5695: inosine 5'-phosphate degradation|g__Bacteroides.s__Bacteroides_ovatus	9.3264797838
PWY-5695: inosine 5'-phosphate degradation|g__Dialister.s__Dialister_invisus	8.5548426520
PWY-5695: inosine 5'-phosphate degradation|g__Eubacterium.s__Eubacterium_eligens	8.2294264896
PWY-5695: inosine 5'-phosphate degradation|g__Alistipes.s__Alistipes_onderdonkii	7.2002880115
PWY-5695: inosine 5'-phosphate degradation|g__Blautia.s__Blautia_wexlerae	7.0121100081
PWY-5695: inosine 5'-phosphate degradation|g__Bacteroides.s__Bacteroides_finegoldii	6.9658405894
PWY-5695: inosine 5'-phosphate degradation|g__Ruminococcus.s__Ruminococcus_sp_AF31_8BH	4.7139727699
PWY-5695: inosine 5'-phosphate degradation|g__Blautia.s__Blautia_obeum	4.1395126443
PWY-5695: inosine 5'-phosphate degradation|g__Alistipes.s__Alistipes_finegoldii	2.7746947836
PWY-5695: inosine 5'-phosphate degradation|g__Bacteroides.s__Bacteroides_fragilis	2.3656973879
PWY-5695: inosine 5'-phosphate degradation|g__Bacteroides.s__Bacteroides_cellulosilyticus	2.1595356998
PWY0-1586: peptidoglycan maturation (meso-diaminopimelate containing)	1226.1102429895
PWY0-1586: peptidoglycan maturation (meso-diaminopimelate containing)|g__Ruminococcus.s__Ruminococcus_bicirculans	214.8752813986
PWY0-1586: peptidoglycan maturation (meso-diaminopimelate containing)|g__Faecalibacterium.s__Faecalibacterium_prausnitzii	139.9870147933
PWY0-1586: peptidoglycan maturation (meso-diaminopimelate containing)|g__Bacteroides.s__Bacteroides_uniformis	60.3674181806
PWY0-1586: peptidoglycan maturation (meso-diaminopimelate containing)|g__Bacteroides.s__Bacteroides_vulgatus	54.6506263530
PWY0-1586: peptidoglycan maturation (meso-diaminopimelate containing)|g__Lachnospiraceae_unclassified.s__Eubacterium_rectale	42.0327304048
PWY0-1586: peptidoglycan maturation (meso-diaminopimelate containing)|g__Parasutterella.s__Parasutterella_excrementihominis	32.2571202877
PWY0-1586: peptidoglycan maturation (meso-diaminopimelate containing)|unclassified	30.2630851173
PWY0-1586: peptidoglycan maturation (meso-diaminopimelate containing)|g__Blautia.s__Ruminococcus_torques	27.6467915990
PWY0-1586: peptidoglycan maturation (meso-diaminopimelate containing)|g__Collinsella.s__Collinsella_aerofaciens	26.6299357208
PWY0-1586: peptidoglycan maturation (meso-diaminopimelate containing)|g__Lachnospira.s__Lachnospira_pectinoschiza	16.0757573688
PWY0-1586: peptidoglycan maturation (meso-diaminopimelate containing)|g__Bacteroides.s__Bacteroides_dorei	14.9914821124
PWY0-1586: peptidoglycan maturation (meso-diaminopimelate containing)|g__Eubacterium.s__Eubacterium_hallii	11.8140438807
PWY0-1586: peptidoglycan maturation (meso-diaminopimelate containing)|g__Anaerostipes.s__Anaerostipes_hadrus	11.2535943581
PWY0-1586: peptidoglycan maturation (meso-diaminopimelate containing)|g__Bifidobacterium.s__Bifidobacterium_pseudocatenulatum	10.7429744272
PWY0-1586: peptidoglycan maturation (meso-diaminopimelate containing)|g__Ruminococcus.s__Ruminococcus_sp_AF31_8BH	10.1489496760
PWY0-1586: peptidoglycan maturation (meso-diaminopimelate containing)|g__Bacteroides.s__Bacteroides_fragilis	8.6160840564
PWY0-1586: peptidoglycan maturation (meso-diaminopimelate containing)|g__Bacteroides.s__Bacteroides_ovatus	5.0081346313
PWY0-1586: peptidoglycan maturation (meso-diaminopimelate containing)|g__Bifidobacterium.s__Bifidobacterium_catenulatum	4.7576242490
PWY-6123: inosine-5'-phosphate biosynthesis I	1224.8159531604
PWY-6123: inosine-5'-phosphate biosynthesis I|g__Faecalibacterium.s__Faecalibacterium_prausnitzii	191.1816255247
PWY-6123: inosine-5'-phosphate biosynthesis I|unclassified	128.4986201315
PWY-6123: inosine-5'-phosphate biosynthesis I|g__Bacteroides.s__Bacteroides_uniformis	67.3127410786
PWY-6123: inosine-5'-phosphate biosynthesis I|g__Bacteroides.s__Bacteroides_vulgatus	64.7242403674
PWY-6123: inosine-5'-phosphate biosynthesis I|g__Alistipes.s__Alistipes_putredinis	48.9952861726
PWY-6123: inosine-5'-phosphate biosynthesis I|g__Blautia.s__Ruminococcus_torques	43.2242255080
PWY-6123: inosine-5'-phosphate biosynthesis I|g__Collinsella.s__Collinsella_aerofaciens	37.1266410809
PWY-6123: inosine-5'-phosphate biosynthesis I|g__Blautia.s__Blautia_wexlerae	32.8558623850
PWY-6123: inosine-5'-phosphate biosynthesis I|g__Bacteroides.s__Bacteroides_dorei	29.0032221829
PWY-6123: inosine-5'-phosphate biosynthesis I|g__Blautia.s__Blautia_sp	22.6280442697
PWY-6123: inosine-5'-phosphate biosynthesis I|g__Alistipes.s__Alistipes_finegoldii	22.1014966963
PWY-6123: inosine-5'-phosphate biosynthesis I|g__Alistipes.s__Alistipes_sp_CAG_268	14.9107269213
PWY-6123: inosine-5'-phosphate biosynthesis I|g__Bifidobacterium.s__Bifidobacterium_adolescentis	14.0781490294
PWY-6123: inosine-5'-phosphate biosynthesis I|g__Parasutterella.s__Parasutterella_excrementihominis	13.8257728965
PWY-6123: inosine-5'-phosphate biosynthesis I|g__Bacteroides.s__Bacteroides_ovatus	11.4299854517
PWY-6123: inosine-5'-phosphate biosynthesis I|g__Anaerostipes.s__Anaerostipes_hadrus	10.6243939458
PWY-6123: inosine-5'-phosphate biosynthesis I|g__Dialister.s__Dialister_invisus	8.7193704167
PWY-6123: inosine-5'-phosphate biosynthesis I|g__Bifidobacterium.s__Bifidobacterium_bifidum	7.1552693448
PWY-6123: inosine-5'-phosphate biosynthesis I|g__Bacteroides.s__Bacteroides_finegoldii	6.9716264876
PWY-6123: inosine-5'-phosphate biosynthesis I|g__Ruminococcus.s__Ruminococcus_sp_AF31_8BH	6.1192228587
PWY-6123: inosine-5'-phosphate biosynthesis I|g__Clostridiales_unclassified.s__Clostridiales_bacterium_KLE1615	5.5048757471
PWY-6123: inosine-5'-phosphate biosynthesis I|g__Bifidobacterium.s__Bifidobacterium_pseudocatenulatum	4.7842893052
PWY-6123: inosine-5'-phosphate biosynthesis I|g__Coprococcus.s__Coprococcus_comes	4.2695509856
PWY-6123: inosine-5'-phosphate biosynthesis I|g__Blautia.s__Blautia_obeum	3.5494373534
PWY-6123: inosine-5'-phosphate biosynthesis I|g__Bacteroides.s__Bacteroides_cellulosilyticus	2.9648531069
PWY-6123: inosine-5'-phosphate biosynthesis I|g__Bacteroides.s__Bacteroides_eggerthii	2.9148853478
PWY-6123: inosine-5'-phosphate biosynthesis I|g__Bifidobacterium.s__Bifidobacterium_catenulatum	2.3478772831
PWY-6123: inosine-5'-phosphate biosynthesis I|g__Alistipes.s__Alistipes_onderdonkii	1.4557201135
TRPSYN-PWY: L-tryptophan biosynthesis	1215.7075283346
TRPSYN-PWY: L-tryptophan biosynthesis|g__Ruminococcus.s__Ruminococcus_bicirculans	138.2110983753
TRPSYN-PWY: L-tryptophan biosynthesis|unclassified	121.7913120792
TRPSYN-PWY: L-tryptophan biosynthesis|g__Bacteroides.s__Bacteroides_vulgatus	87.4330772144
TRPSYN-PWY: L-tryptophan biosynthesis|g__Ruminococcus.s__Ruminococcus_bromii	85.1064069884
TRPSYN-PWY: L-tryptophan biosynthesis|g__Roseburia.s__Roseburia_faecis	59.1234154057
TRPSYN-PWY: L-tryptophan biosynthesis|g__Blautia.s__Ruminococcus_torques	51.5522055178
TRPSYN-PWY: L-tryptophan biosynthesis|g__Ruminococcus.s__Ruminococcus_sp_CAG_254	41.3061930978
TRPSYN-PWY: L-tryptophan biosynthesis|g__Blautia.s__Blautia_sp	39.4276243663
TRPSYN-PWY: L-tryptophan biosynthesis|g__Roseburia.s__Roseburia_intestinalis	33.2641265716
TRPSYN-PWY: L-tryptophan biosynthesis|g__Lachnospiraceae_unclassified.s__Eubacterium_rectale	27.1493575606
TRPSYN-PWY: L-tryptophan biosynthesis|g__Blautia.s__Blautia_wexlerae	25.3256112579
TRPSYN-PWY: L-tryptophan biosynthesis|g__Coprococcus.s__Coprococcus_eutactus	22.9320470186
TRPSYN-PWY: L-tryptophan biosynthesis|g__Eubacterium.s__Eubacterium_eligens	21.1960232859
TRPSYN-PWY: L-tryptophan biosynthesis|g__Fusicatenibacter.s__Fusicatenibacter_saccharivorans	19.6135807582
TRPSYN-PWY: L-tryptophan biosynthesis|g__Blautia.s__Blautia_obeum	16.6553300370
TRPSYN-PWY: L-tryptophan biosynthesis|g__Clostridium.s__Clostridium_sp_CAG_75	15.8833516781
TRPSYN-PWY: L-tryptophan biosynthesis|g__Anaerostipes.s__Anaerostipes_hadrus	10.8192721827
PWY-7357: thiamine phosphate formation from pyrithiamine and oxythiamine (yeast)	1205.2804470518
PWY-7357: thiamine phosphate formation from pyrithiamine and oxythiamine (yeast)|g__Faecalibacterium.s__Faecalibacterium_prausnitzii	294.9399128444
PWY-7357: thiamine phosphate formation from pyrithiamine and oxythiamine (yeast)|g__Roseburia.s__Roseburia_faecis	115.8527921084
PWY-7357: thiamine phosphate formation from pyrithiamine and oxythiamine (yeast)|g__Bacteroides.s__Bacteroides_uniformis	76.2983822901
PWY-7357: thiamine phosphate formation from pyrithiamine and oxythiamine (yeast)|unclassified	52.2533515658
PWY-7357: thiamine phosphate formation from pyrithiamine and oxythiamine (yeast)|g__Roseburia.s__Roseburia_intestinalis	46.0861383498
PWY-7357: thiamine phosphate formation from pyrithiamine and oxythiamine (yeast)|g__Blautia.s__Blautia_obeum	40.0781689826
PWY-7357: thiamine phosphate formation from pyrithiamine and oxythiamine (yeast)|g__Collinsella.s__Collinsella_aerofaciens	33.8713482999
PWY-7357: thiamine phosphate formation from pyrithiamine and oxythiamine (yeast)|g__Blautia.s__Blautia_wexlerae	30.4475699859
PWY-7357: thiamine phosphate formation from pyrithiamine and oxythiamine (yeast)|g__Lachnospiraceae_unclassified.s__Eubacterium_rectale	27.7685131844
PWY-7357: thiamine phosphate formation from pyrithiamine and oxythiamine (yeast)|g__Blautia.s__Blautia_sp	18.5771585392
PWY-7357: thiamine phosphate formation from pyrithiamine and oxythiamine (yeast)|g__Dialister.s__Dialister_invisus	16.6753517457
PWY-7357: thiamine phosphate formation from pyrithiamine and oxythiamine (yeast)|g__Fusicatenibacter.s__Fusicatenibacter_saccharivorans	16.4720789212
PWY-7357: thiamine phosphate formation from pyrithiamine and oxythiamine (yeast)|g__Agathobaculum.s__Agathobaculum_butyriciproducens	11.1898145499
PWY-7357: thiamine phosphate formation from pyrithiamine and oxythiamine (yeast)|g__Blautia.s__Ruminococcus_torques	10.9329311918
PWY-7357: thiamine phosphate formation from pyrithiamine and oxythiamine (yeast)|g__Lachnospira.s__Lachnospira_pectinoschiza	9.5018821036
PWY-7357: thiamine phosphate formation from pyrithiamine and oxythiamine (yeast)|g__Dorea.s__Dorea_longicatena	8.8056356068
PWY-7357: thiamine phosphate formation from pyrithiamine and oxythiamine (yeast)|g__Parasutterella.s__Parasutterella_excrementihominis	7.7972709552
PWY-7357: thiamine phosphate formation from pyrithiamine and oxythiamine (yeast)|g__Bifidobacterium.s__Bifidobacterium_bifidum	5.1713947991
PWY-7400: L-arginine biosynthesis IV (archaebacteria)	1185.1629186995
PWY-7400: L-arginine biosynthesis IV (archaebacteria)|unclassified	69.2986732387
PWY-7400: L-arginine biosynthesis IV (archaebacteria)|g__Blautia.s__Ruminococcus_torques	36.6299928435
RIBOSYN2-PWY: flavin biosynthesis I (bacteria and plants)	1184.8000965471
RIBOSYN2-PWY: flavin biosynthesis I (bacteria and plants)|g__Faecalibacterium.s__Faecalibacterium_prausnitzii	309.3605455056
RIBOSYN2-PWY: flavin biosynthesis I (bacteria and plants)|g__Roseburia.s__Roseburia_faecis	74.1955688364
RIBOSYN2-PWY: flavin biosynthesis I (bacteria and plants)|unclassified	72.3595228391
RIBOSYN2-PWY: flavin biosynthesis I (bacteria and plants)|g__Bacteroides.s__Bacteroides_vulgatus	70.8069573466
RIBOSYN2-PWY: flavin biosynthesis I (bacteria and plants)|g__Blautia.s__Ruminococcus_torques	28.3428709839
RIBOSYN2-PWY: flavin biosynthesis I (bacteria and plants)|g__Bacteroides.s__Bacteroides_dorei	26.2004362811
RIBOSYN2-PWY: flavin biosynthesis I (bacteria and plants)|g__Eubacterium.s__Eubacterium_eligens	16.2617818822
RIBOSYN2-PWY: flavin biosynthesis I (bacteria and plants)|g__Blautia.s__Blautia_wexlerae	15.4813539220
RIBOSYN2-PWY: flavin biosynthesis I (bacteria and plants)|g__Blautia.s__Blautia_obeum	14.1890787779
RIBOSYN2-PWY: flavin biosynthesis I (bacteria and plants)|g__Lachnospiraceae_unclassified.s__Eubacterium_rectale	13.5227935505
RIBOSYN2-PWY: flavin biosynthesis I (bacteria and plants)|g__Lachnospira.s__Lachnospira_pectinoschiza	9.2378752887
RIBOSYN2-PWY: flavin biosynthesis I (bacteria and plants)|g__Parabacteroides.s__Parabacteroides_distasonis	8.4309923278
PWY-724: superpathway of L-lysine, L-threonine and L-methionine biosynthesis II	1168.8791405895
PWY-724: superpathway of L-lysine, L-threonine and L-methionine biosynthesis II|unclassified	142.7941416164
PWY-724: superpathway of L-lysine, L-threonine and L-methionine biosynthesis II|g__Faecalibacterium.s__Faecalibacterium_prausnitzii	111.9178991884
PWY-724: superpathway of L-lysine, L-threonine and L-methionine biosynthesis II|g__Bacteroides.s__Bacteroides_uniformis	50.1850549594
PWY-724: superpathway of L-lysine, L-threonine and L-methionine biosynthesis II|g__Blautia.s__Ruminococcus_torques	30.3242144157
PWY-724: superpathway of L-lysine, L-threonine and L-methionine biosynthesis II|g__Roseburia.s__Roseburia_intestinalis	29.4981186662
PWY-724: superpathway of L-lysine, L-threonine and L-methionine biosynthesis II|g__Blautia.s__Blautia_obeum	17.8281716924
PWY-724: superpathway of L-lysine, L-threonine and L-methionine biosynthesis II|g__Bifidobacterium.s__Bifidobacterium_adolescentis	15.7911838735
PWY-724: superpathway of L-lysine, L-threonine and L-methionine biosynthesis II|g__Lachnospira.s__Lachnospira_pectinoschiza	9.7237978376
PWY-724: superpathway of L-lysine, L-threonine and L-methionine biosynthesis II|g__Eubacterium.s__Eubacterium_hallii	9.5530921225
PWY-724: superpathway of L-lysine, L-threonine and L-methionine biosynthesis II|g__Dialister.s__Dialister_invisus	9.3356763197
PWY-724: superpathway of L-lysine, L-threonine and L-methionine biosynthesis II|g__Bifidobacterium.s__Bifidobacterium_pseudocatenulatum	5.7748528172
PWY-724: superpathway of L-lysine, L-threonine and L-methionine biosynthesis II|g__Bifidobacterium.s__Bifidobacterium_catenulatum	2.3578154236
PWY-7977: L-methionine biosynthesis IV	1164.1395930571
PWY-7977: L-methionine biosynthesis IV|unclassified	119.8090157697
PWY-7977: L-methionine biosynthesis IV|g__Faecalibacterium.s__Faecalibacterium_prausnitzii	117.4631735480
PWY-7977: L-methionine biosynthesis IV|g__Bacteroides.s__Bacteroides_uniformis	79.5150287593
PWY-7977: L-methionine biosynthesis IV|g__Bacteroides.s__Bacteroides_vulgatus	64.5222079893
PWY-7977: L-methionine biosynthesis IV|g__Alistipes.s__Alistipes_putredinis	59.6899255425
PWY-7977: L-methionine biosynthesis IV|g__Collinsella.s__Collinsella_aerofaciens	49.8264853832
PWY-7977: L-methionine biosynthesis IV|g__Bacteroides.s__Bacteroides_dorei	31.5351335451
PWY-7977: L-methionine biosynthesis IV|g__Bacteroides.s__Bacteroides_finegoldii	14.8804393548
PWY-7977: L-methionine biosynthesis IV|g__Alistipes.s__Alistipes_sp_CAG_268	13.7876438962
PWY-7977: L-methionine biosynthesis IV|g__Eubacterium.s__Eubacterium_eligens	12.1740687221
PWY-7977: L-methionine biosynthesis IV|g__Anaerostipes.s__Anaerostipes_hadrus	11.4785968926
PWY-7977: L-methionine biosynthesis IV|g__Alistipes.s__Alistipes_finegoldii	10.9181894003
PWY-7977: L-methionine biosynthesis IV|g__Parabacteroides.s__Parabacteroides_merdae	10.6584921121
PWY-7977: L-methionine biosynthesis IV|g__Fusicatenibacter.s__Fusicatenibacter_saccharivorans	10.3755783305
PWY-7977: L-methionine biosynthesis IV|g__Coprococcus.s__Coprococcus_eutactus	9.7066447782
PWY-7977: L-methionine biosynthesis IV|g__Lachnospira.s__Lachnospira_pectinoschiza	7.5400565504
PWY-7977: L-methionine biosynthesis IV|g__Bacteroides.s__Bacteroides_ovatus	6.3662221402
PWY-7977: L-methionine biosynthesis IV|g__Eubacterium.s__Eubacterium_hallii	5.1834573661
PWY-7977: L-methionine biosynthesis IV|g__Alistipes.s__Alistipes_onderdonkii	3.8227594086
PWY-7977: L-methionine biosynthesis IV|g__Bacteroides.s__Bacteroides_fragilis	3.5794330375
PWY-7977: L-methionine biosynthesis IV|g__Bacteroides.s__Bacteroides_thetaiotaomicron	1.3557024233
PWY-6527: stachyose degradation	1162.5090614479
PWY-6527: stachyose degradation|unclassified	200.7536173644
PWY-6527: stachyose degradation|g__Faecalibacterium.s__Faecalibacterium_prausnitzii	104.6593074629
PWY-6527: stachyose degradation|g__Ruminococcus.s__Ruminococcus_bicirculans	102.4859667977
PWY-6527: stachyose degradation|g__Roseburia.s__Roseburia_faecis	92.7467088046
PWY-6527: stachyose degradation|g__Blautia.s__Blautia_obeum	41.8570795615
PWY-6527: stachyose degradation|g__Roseburia.s__Roseburia_intestinalis	41.5317652388
PWY-6527: stachyose degradation|g__Blautia.s__Ruminococcus_torques	36.6831949123
PWY-6527: stachyose degradation|g__Blautia.s__Blautia_wexlerae	34.1194107723
PWY-6527: stachyose degradation|g__Coprococcus.s__Coprococcus_eutactus	31.3469704663
PWY-6527: stachyose degradation|g__Lachnospiraceae_unclassified.s__Eubacterium_rectale	25.7014773264
PWY-6527: stachyose degradation|g__Fusicatenibacter.s__Fusicatenibacter_saccharivorans	22.3871628977
PWY-6527: stachyose degradation|g__Clostridium.s__Clostridium_sp_CAG_75	11.4041507168
PWY-6527: stachyose degradation|g__Blautia.s__Blautia_sp	9.6706308683
PWY-6527: stachyose degradation|g__Dorea.s__Dorea_longicatena	8.2806943044
PWY-6124: inosine-5'-phosphate biosynthesis II	1144.6350306245
PWY-6124: inosine-5'-phosphate biosynthesis II|g__Faecalibacterium.s__Faecalibacterium_prausnitzii	195.0863919521
PWY-6124: inosine-5'-phosphate biosynthesis II|unclassified	114.3608087328
PWY-6124: inosine-5'-phosphate biosynthesis II|g__Bacteroides.s__Bacteroides_vulgatus	64.8939388822
PWY-6124: inosine-5'-phosphate biosynthesis II|g__Bacteroides.s__Bacteroides_uniformis	62.9671840133
PWY-6124: inosine-5'-phosphate biosynthesis II|g__Alistipes.s__Alistipes_putredinis	44.3341082227
PWY-6124: inosine-5'-phosphate biosynthesis II|g__Blautia.s__Ruminococcus_torques	40.2092877960
PWY-6124: inosine-5'-phosphate biosynthesis II|g__Blautia.s__Blautia_wexlerae	35.5896809025
PWY-6124: inosine-5'-phosphate biosynthesis II|g__Collinsella.s__Collinsella_aerofaciens	33.8035712878
PWY-6124: inosine-5'-phosphate biosynthesis II|g__Blautia.s__Blautia_sp	31.6340187371
PWY-6124: inosine-5'-phosphate biosynthesis II|g__Bacteroides.s__Bacteroides_dorei	27.9047041289
PWY-6124: inosine-5'-phosphate biosynthesis II|g__Coprococcus.s__Coprococcus_eutactus	12.6326204295
PWY-6124: inosine-5'-phosphate biosynthesis II|g__Bifidobacterium.s__Bifidobacterium_adolescentis	12.4110317884
PWY-6124: inosine-5'-phosphate biosynthesis II|g__Alistipes.s__Alistipes_finegoldii	11.7559450962
PWY-6124: inosine-5'-phosphate biosynthesis II|g__Alistipes.s__Alistipes_sp_CAG_268	11.2508827155
PWY-6124: inosine-5'-phosphate biosynthesis II|g__Bacteroides.s__Bacteroides_ovatus	11.0391103208
PWY-6124: inosine-5'-phosphate biosynthesis II|g__Parabacteroides.s__Parabacteroides_merdae	9.8012106574
PWY-6124: inosine-5'-phosphate biosynthesis II|g__Anaerostipes.s__Anaerostipes_hadrus	9.7244732577
PWY-6124: inosine-5'-phosphate biosynthesis II|g__Dialister.s__Dialister_invisus	8.9107010665
PWY-6124: inosine-5'-phosphate biosynthesis II|g__Bacteroides.s__Bacteroides_finegoldii	7.3461211164
PWY-6124: inosine-5'-phosphate biosynthesis II|g__Parasutterella.s__Parasutterella_excrementihominis	7.0803052449
PWY-6124: inosine-5'-phosphate biosynthesis II|g__Firmicutes_unclassified.s__Firmicutes_bacterium_AF16_15	6.2408986894
PWY-6124: inosine-5'-phosphate biosynthesis II|g__Clostridiales_unclassified.s__Clostridiales_bacterium_KLE1615	5.5405170094
PWY-6124: inosine-5'-phosphate biosynthesis II|g__Ruminococcus.s__Ruminococcus_sp_AF31_8BH	5.3124612633
PWY-6124: inosine-5'-phosphate biosynthesis II|g__Bacteroides.s__Bacteroides_thetaiotaomicron	4.4797965942
PWY-6124: inosine-5'-phosphate biosynthesis II|g__Bifidobacterium.s__Bifidobacterium_pseudocatenulatum	4.3829989731
PWY-6124: inosine-5'-phosphate biosynthesis II|g__Coprococcus.s__Coprococcus_comes	4.0856349077
PWY-6124: inosine-5'-phosphate biosynthesis II|g__Blautia.s__Blautia_obeum	3.0896619910
PWY-6124: inosine-5'-phosphate biosynthesis II|g__Bacteroides.s__Bacteroides_cellulosilyticus	2.9999237510
PWY-6124: inosine-5'-phosphate biosynthesis II|g__Blautia.s__Blautia_sp_AF19_10LB	2.8835063437
PWY-6124: inosine-5'-phosphate biosynthesis II|g__Bacteroides.s__Bacteroides_eggerthii	2.6618398637
PWY-6124: inosine-5'-phosphate biosynthesis II|g__Bifidobacterium.s__Bifidobacterium_catenulatum	1.8575278058
PWY-6124: inosine-5'-phosphate biosynthesis II|g__Alistipes.s__Alistipes_onderdonkii	1.1158045748
OANTIGEN-PWY: O-antigen building blocks biosynthesis (E. coli)	1125.1235806565
OANTIGEN-PWY: O-antigen building blocks biosynthesis (E. coli)|unclassified	157.9971732135
1CMET2-PWY: folate transformations III (E. coli)	1123.4527260091
1CMET2-PWY: folate transformations III (E. coli)|unclassified	130.0800868258
1CMET2-PWY: folate transformations III (E. coli)|g__Roseburia.s__Roseburia_faecis	73.9289978959
1CMET2-PWY: folate transformations III (E. coli)|g__Bacteroides.s__Bacteroides_vulgatus	68.0327900921
1CMET2-PWY: folate transformations III (E. coli)|g__Alistipes.s__Alistipes_putredinis	49.2950201517
1CMET2-PWY: folate transformations III (E. coli)|g__Blautia.s__Ruminococcus_torques	27.7338123663
1CMET2-PWY: folate transformations III (E. coli)|g__Bacteroides.s__Bacteroides_dorei	24.2073163950
1CMET2-PWY: folate transformations III (E. coli)|g__Alistipes.s__Alistipes_finegoldii	16.6577629262
1CMET2-PWY: folate transformations III (E. coli)|g__Firmicutes_unclassified.s__Firmicutes_bacterium_CAG_56	11.0662824207
1CMET2-PWY: folate transformations III (E. coli)|g__Blautia.s__Blautia_obeum	6.8783676919
1CMET2-PWY: folate transformations III (E. coli)|g__Bacteroides.s__Bacteroides_ovatus	3.1217297221
PANTOSYN-PWY: superpathway of coenzyme A biosynthesis I (bacteria)	1119.5450352955
PANTOSYN-PWY: superpathway of coenzyme A biosynthesis I (bacteria)|unclassified	92.1884794169
PANTOSYN-PWY: superpathway of coenzyme A biosynthesis I (bacteria)|g__Roseburia.s__Roseburia_faecis	88.9025240085
PANTOSYN-PWY: superpathway of coenzyme A biosynthesis I (bacteria)|g__Bacteroides.s__Bacteroides_uniformis	67.6041956581
PANTOSYN-PWY: superpathway of coenzyme A biosynthesis I (bacteria)|g__Alistipes.s__Alistipes_putredinis	60.0899044439
PANTOSYN-PWY: superpathway of coenzyme A biosynthesis I (bacteria)|g__Bacteroides.s__Bacteroides_vulgatus	54.5925545075
PANTOSYN-PWY: superpathway of coenzyme A biosynthesis I (bacteria)|g__Roseburia.s__Roseburia_intestinalis	29.8577328957
PANTOSYN-PWY: superpathway of coenzyme A biosynthesis I (bacteria)|g__Bacteroides.s__Bacteroides_dorei	24.2857807074
PANTOSYN-PWY: superpathway of coenzyme A biosynthesis I (bacteria)|g__Blautia.s__Ruminococcus_torques	22.8934457407
PANTOSYN-PWY: superpathway of coenzyme A biosynthesis I (bacteria)|g__Blautia.s__Blautia_wexlerae	16.8786130166
PANTOSYN-PWY: superpathway of coenzyme A biosynthesis I (bacteria)|g__Clostridium.s__Clostridium_sp_AF36_4	15.8236759944
PANTOSYN-PWY: superpathway of coenzyme A biosynthesis I (bacteria)|g__Bacteroides.s__Bacteroides_ovatus	9.8596692577
PANTOSYN-PWY: superpathway of coenzyme A biosynthesis I (bacteria)|g__Agathobaculum.s__Agathobaculum_butyriciproducens	9.6835065881
PANTOSYN-PWY: superpathway of coenzyme A biosynthesis I (bacteria)|g__Anaerostipes.s__Anaerostipes_hadrus	8.8916070756
HSERMETANA-PWY: L-methionine biosynthesis III	1117.9519610807
HSERMETANA-PWY: L-methionine biosynthesis III|g__Ruminococcus.s__Ruminococcus_bicirculans	170.9593293416
HSERMETANA-PWY: L-methionine biosynthesis III|unclassified	91.2804606398
HSERMETANA-PWY: L-methionine biosynthesis III|g__Roseburia.s__Roseburia_faecis	75.8141749565
HSERMETANA-PWY: L-methionine biosynthesis III|g__Roseburia.s__Roseburia_intestinalis	36.9807669690
HSERMETANA-PWY: L-methionine biosynthesis III|g__Blautia.s__Blautia_wexlerae	34.1036309568
HSERMETANA-PWY: L-methionine biosynthesis III|g__Blautia.s__Blautia_sp	24.2508864434
HSERMETANA-PWY: L-methionine biosynthesis III|g__Coprococcus.s__Coprococcus_eutactus	20.3850509626
HSERMETANA-PWY: L-methionine biosynthesis III|g__Blautia.s__Ruminococcus_torques	13.0675695196
HSERMETANA-PWY: L-methionine biosynthesis III|g__Eubacterium.s__Eubacterium_eligens	11.9066269779
HSERMETANA-PWY: L-methionine biosynthesis III|g__Clostridium.s__Clostridium_sp_CAG_122	11.3607599448
HSERMETANA-PWY: L-methionine biosynthesis III|g__Bifidobacterium.s__Bifidobacterium_adolescentis	10.4803493450
HSERMETANA-PWY: L-methionine biosynthesis III|g__Lachnospira.s__Lachnospira_pectinoschiza	8.7307236062
HSERMETANA-PWY: L-methionine biosynthesis III|g__Anaerostipes.s__Anaerostipes_hadrus	8.5495228148
HSERMETANA-PWY: L-methionine biosynthesis III|g__Coprococcus.s__Coprococcus_comes	8.0328198066
HSERMETANA-PWY: L-methionine biosynthesis III|g__Ruminococcus.s__Ruminococcus_sp_AF31_8BH	7.7194487222
PWY-7111: pyruvate fermentation to isobutanol (engineered)	1062.7488926160
PWY-7111: pyruvate fermentation to isobutanol (engineered)|g__Faecalibacterium.s__Faecalibacterium_prausnitzii	156.0898271777
PWY-7111: pyruvate fermentation to isobutanol (engineered)|g__Roseburia.s__Roseburia_faecis	73.9518326662
PWY-7111: pyruvate fermentation to isobutanol (engineered)|g__Roseburia.s__Roseburia_intestinalis	49.9529505475
PWY-7111: pyruvate fermentation to isobutanol (engineered)|g__Blautia.s__Ruminococcus_torques	42.3354966573
PWY-7111: pyruvate fermentation to isobutanol (engineered)|unclassified	38.6478272573
PWY-7111: pyruvate fermentation to isobutanol (engineered)|g__Blautia.s__Blautia_wexlerae	21.3811609867
PWY-7111: pyruvate fermentation to isobutanol (engineered)|g__Coprococcus.s__Coprococcus_eutactus	17.7471130588
PWY-7111: pyruvate fermentation to isobutanol (engineered)|g__Bifidobacterium.s__Bifidobacterium_adolescentis	15.7170054206
PWY-7111: pyruvate fermentation to isobutanol (engineered)|g__Eubacterium.s__Eubacterium_eligens	15.4373915243
PWY-7111: pyruvate fermentation to isobutanol (engineered)|g__Anaerostipes.s__Anaerostipes_hadrus	11.3471430599
PWY-7111: pyruvate fermentation to isobutanol (engineered)|g__Parabacteroides.s__Parabacteroides_distasonis	10.8788530729
PWY-7111: pyruvate fermentation to isobutanol (engineered)|g__Bifidobacterium.s__Bifidobacterium_pseudocatenulatum	9.2190729012
PWY-7111: pyruvate fermentation to isobutanol (engineered)|g__Coprococcus.s__Coprococcus_comes	9.0192304505
PWY-7111: pyruvate fermentation to isobutanol (engineered)|g__Ruminococcus.s__Ruminococcus_sp_AF31_8BH	8.4302830211
PWY-7111: pyruvate fermentation to isobutanol (engineered)|g__Roseburia.s__Roseburia_hominis	6.7971990410
PWY-7111: pyruvate fermentation to isobutanol (engineered)|g__Parasutterella.s__Parasutterella_excrementihominis	6.6008611585
PWY-7111: pyruvate fermentation to isobutanol (engineered)|g__Lachnospiraceae_unclassified.s__Eubacterium_rectale	6.3204668511
PWY-7111: pyruvate fermentation to isobutanol (engineered)|g__Bifidobacterium.s__Bifidobacterium_longum	5.2317857449
PWY-7111: pyruvate fermentation to isobutanol (engineered)|g__Roseburia.s__Roseburia_inulinivorans	3.4532374101
PWY-7111: pyruvate fermentation to isobutanol (engineered)|g__Blautia.s__Blautia_obeum	3.2947050518
PWY-7111: pyruvate fermentation to isobutanol (engineered)|g__Bifidobacterium.s__Bifidobacterium_catenulatum	2.2073161251
PWY-2942: L-lysine biosynthesis III	1047.0718904540
PWY-2942: L-lysine biosynthesis III|unclassified	115.9031313929
PWY-2942: L-lysine biosynthesis III|g__Bacteroides.s__Bacteroides_uniformis	74.6822021129
PWY-2942: L-lysine biosynthesis III|g__Parabacteroides.s__Parabacteroides_distasonis	12.7781929678
PWY-2942: L-lysine biosynthesis III|g__Dialister.s__Dialister_invisus	10.1240573489
PWY-2942: L-lysine biosynthesis III|g__Parabacteroides.s__Parabacteroides_merdae	10.1097637882
PWY-2942: L-lysine biosynthesis III|g__Lachnospira.s__Lachnospira_pectinoschiza	9.3318644287
PWY-2942: L-lysine biosynthesis III|g__Eubacterium.s__Eubacterium_hallii	9.2259534858
PWY-7199: pyrimidine deoxyribonucleosides salvage	1028.8092624998
PWY-7199: pyrimidine deoxyribonucleosides salvage|unclassified	108.9081274082
PWY-7199: pyrimidine deoxyribonucleosides salvage|g__Bacteroides.s__Bacteroides_uniformis	76.3222267344
PWY-7199: pyrimidine deoxyribonucleosides salvage|g__Bacteroides.s__Bacteroides_vulgatus	59.9622086920
PWY-7199: pyrimidine deoxyribonucleosides salvage|g__Blautia.s__Blautia_sp	35.7174747745
PWY-7199: pyrimidine deoxyribonucleosides salvage|g__Bacteroides.s__Bacteroides_dorei	30.5497272346
PWY-7199: pyrimidine deoxyribonucleosides salvage|g__Blautia.s__Ruminococcus_torques	27.7814658905
PWY-7199: pyrimidine deoxyribonucleosides salvage|g__Oscillibacter.s__Oscillibacter_sp_57_20	9.9585062241
PWY-7199: pyrimidine deoxyribonucleosides salvage|g__Alistipes.s__Alistipes_onderdonkii	8.8529151385
PWY-3001: superpathway of L-isoleucine biosynthesis I	1024.8544437550
NONOXIPENT-PWY: pentose phosphate pathway (non-oxidative branch) I	1021.6849454137
NONOXIPENT-PWY: pentose phosphate pathway (non-oxidative branch) I|unclassified	107.9729051551
NONOXIPENT-PWY: pentose phosphate pathway (non-oxidative branch) I|g__Roseburia.s__Roseburia_faecis	92.9359126513
NONOXIPENT-PWY: pentose phosphate pathway (non-oxidative branch) I|g__Blautia.s__Ruminococcus_torques	59.1826805612
NONOXIPENT-PWY: pentose phosphate pathway (non-oxidative branch) I|g__Collinsella.s__Collinsella_aerofaciens	57.9000142819
NONOXIPENT-PWY: pentose phosphate pathway (non-oxidative branch) I|g__Blautia.s__Blautia_sp	39.5671300511
NONOXIPENT-PWY: pentose phosphate pathway (non-oxidative branch) I|g__Coprococcus.s__Coprococcus_eutactus	30.7527251062
NONOXIPENT-PWY: pentose phosphate pathway (non-oxidative branch) I|g__Lachnospiraceae_unclassified.s__Eubacterium_rectale	26.0162996611
NONOXIPENT-PWY: pentose phosphate pathway (non-oxidative branch) I|g__Fusicatenibacter.s__Fusicatenibacter_saccharivorans	25.9113190303
NONOXIPENT-PWY: pentose phosphate pathway (non-oxidative branch) I|g__Blautia.s__Blautia_wexlerae	25.1655741747
NONOXIPENT-PWY: pentose phosphate pathway (non-oxidative branch) I|g__Roseburia.s__Roseburia_intestinalis	21.8176097990
NONOXIPENT-PWY: pentose phosphate pathway (non-oxidative branch) I|g__Eubacterium.s__Eubacterium_eligens	21.2779318553
NONOXIPENT-PWY: pentose phosphate pathway (non-oxidative branch) I|g__Eubacterium.s__Eubacterium_hallii	20.7199516285
NONOXIPENT-PWY: pentose phosphate pathway (non-oxidative branch) I|g__Blautia.s__Blautia_obeum	14.6677456360
NONOXIPENT-PWY: pentose phosphate pathway (non-oxidative branch) I|g__Anaerostipes.s__Anaerostipes_hadrus	12.1145233378
NONOXIPENT-PWY: pentose phosphate pathway (non-oxidative branch) I|g__Lachnospira.s__Lachnospira_pectinoschiza	11.0928662653
NONOXIPENT-PWY: pentose phosphate pathway (non-oxidative branch) I|g__Ruminococcus.s__Ruminococcus_sp_AF31_8BH	5.3064473335
PYRIDNUCSYN-PWY: NAD de novo biosynthesis I (from aspartate)	986.8640907712
PYRIDNUCSYN-PWY: NAD de novo biosynthesis I (from aspartate)|g__Ruminococcus.s__Ruminococcus_bicirculans	118.3217869833
PYRIDNUCSYN-PWY: NAD de novo biosynthesis I (from aspartate)|g__Bacteroides.s__Bacteroides_uniformis	64.4990881376
PYRIDNUCSYN-PWY: NAD de novo biosynthesis I (from aspartate)|g__Alistipes.s__Alistipes_putredinis	63.2759442859
PYRIDNUCSYN-PWY: NAD de novo biosynthesis I (from aspartate)|g__Bacteroides.s__Bacteroides_vulgatus	54.5866612787
PYRIDNUCSYN-PWY: NAD de novo biosynthesis I (from aspartate)|unclassified	54.0637286622
PYRIDNUCSYN-PWY: NAD de novo biosynthesis I (from aspartate)|g__Roseburia.s__Roseburia_intestinalis	29.2280920581
PYRIDNUCSYN-PWY: NAD de novo biosynthesis I (from aspartate)|g__Bacteroides.s__Bacteroides_dorei	19.6567899648
PYRIDNUCSYN-PWY: NAD de novo biosynthesis I (from aspartate)|g__Coprococcus.s__Coprococcus_eutactus	14.6726428911
PYRIDNUCSYN-PWY: NAD de novo biosynthesis I (from aspartate)|g__Eubacterium.s__Eubacterium_hallii	12.5771175894
PYRIDNUCSYN-PWY: NAD de novo biosynthesis I (from aspartate)|g__Blautia.s__Blautia_obeum	9.9058915043
PYRIDNUCSYN-PWY: NAD de novo biosynthesis I (from aspartate)|g__Bacteroides.s__Bacteroides_ovatus	3.9268043666
PYRIDNUCSYN-PWY: NAD de novo biosynthesis I (from aspartate)|g__Bacteroides.s__Bacteroides_fragilis	2.5897484034
PANTO-PWY: phosphopantothenate biosynthesis I	974.3844617319
PANTO-PWY: phosphopantothenate biosynthesis I|g__Roseburia.s__Roseburia_faecis	94.6836153545
PANTO-PWY: phosphopantothenate biosynthesis I|unclassified	79.3187818921
PANTO-PWY: phosphopantothenate biosynthesis I|g__Bacteroides.s__Bacteroides_uniformis	71.1065748065
PANTO-PWY: phosphopantothenate biosynthesis I|g__Bacteroides.s__Bacteroides_vulgatus	70.2738694771
PANTO-PWY: phosphopantothenate biosynthesis I|g__Alistipes.s__Alistipes_putredinis	50.6353861193
PANTO-PWY: phosphopantothenate biosynthesis I|g__Roseburia.s__Roseburia_intestinalis	43.0175262069
PANTO-PWY: phosphopantothenate biosynthesis I|g__Blautia.s__Ruminococcus_torques	35.0938196554
PANTO-PWY: phosphopantothenate biosynthesis I|g__Bacteroides.s__Bacteroides_dorei	27.6521277819
PANTO-PWY: phosphopantothenate biosynthesis I|g__Clostridium.s__Clostridium_sp_CAG_122	15.9193420005
PANTO-PWY: phosphopantothenate biosynthesis I|g__Clostridium.s__Clostridium_sp_AF36_4	15.3882023782
PANTO-PWY: phosphopantothenate biosynthesis I|g__Blautia.s__Blautia_wexlerae	14.5277692256
PANTO-PWY: phosphopantothenate biosynthesis I|g__Parabacteroides.s__Parabacteroides_distasonis	13.3091362182
PANTO-PWY: phosphopantothenate biosynthesis I|g__Bacteroides.s__Bacteroides_ovatus	12.9685666646
PANTO-PWY: phosphopantothenate biosynthesis I|g__Parabacteroides.s__Parabacteroides_merdae	11.6382983145
PANTO-PWY: phosphopantothenate biosynthesis I|g__Alistipes.s__Alistipes_sp_CAG_268	11.2458010808
PANTO-PWY: phosphopantothenate biosynthesis I|g__Anaerostipes.s__Anaerostipes_hadrus	10.9382121232
PANTO-PWY: phosphopantothenate biosynthesis I|g__Alistipes.s__Alistipes_onderdonkii	10.8799129607
PANTO-PWY: phosphopantothenate biosynthesis I|g__Agathobaculum.s__Agathobaculum_butyriciproducens	10.5820105820
PANTO-PWY: phosphopantothenate biosynthesis I|g__Parasutterella.s__Parasutterella_excrementihominis	10.0088145810
PANTO-PWY: phosphopantothenate biosynthesis I|g__Eubacterium.s__Eubacterium_sp_CAG_38	7.6675566509
PANTO-PWY: phosphopantothenate biosynthesis I|g__Slackia.s__Slackia_isoflavoniconvertens	7.6252723312
PANTO-PWY: phosphopantothenate biosynthesis I|g__Bacteroides.s__Bacteroides_fragilis	5.9171597633
PANTO-PWY: phosphopantothenate biosynthesis I|g__Blautia.s__Blautia_obeum	5.2243140021
PANTO-PWY: phosphopantothenate biosynthesis I|g__Lachnospiraceae_unclassified.s__Eubacterium_rectale	4.9276977679
PANTO-PWY: phosphopantothenate biosynthesis I|g__Bacteroides.s__Bacteroides_cellulosilyticus	2.4416281386
PANTO-PWY: phosphopantothenate biosynthesis I|g__Bacteroides.s__Bacteroides_thetaiotaomicron	2.0429009193
PANTO-PWY: phosphopantothenate biosynthesis I|g__Bacteroides.s__Bacteroides_finegoldii	1.8492834027
PWY-7229: superpathway of adenosine nucleotides de novo biosynthesis I	963.2469649321
PWY-7229: superpathway of adenosine nucleotides de novo biosynthesis I|g__Bacteroides.s__Bacteroides_vulgatus	70.8933578186
PWY-7229: superpathway of adenosine nucleotides de novo biosynthesis I|g__Bacteroides.s__Bacteroides_dorei	28.7912065606
PWY-7229: superpathway of adenosine nucleotides de novo biosynthesis I|unclassified	22.1775325963
PWY-7229: superpathway of adenosine nucleotides de novo biosynthesis I|g__Parasutterella.s__Parasutterella_excrementihominis	15.5731773245
PWY-7229: superpathway of adenosine nucleotides de novo biosynthesis I|g__Bacteroides.s__Bacteroides_finegoldii	7.5551741028
UDPNAGSYN-PWY: UDP-N-acetyl-D-glucosamine biosynthesis I	947.1569246283
UDPNAGSYN-PWY: UDP-N-acetyl-D-glucosamine biosynthesis I|g__Ruminococcus.s__Ruminococcus_bicirculans	144.4650360767
UDPNAGSYN-PWY: UDP-N-acetyl-D-glucosamine biosynthesis I|unclassified	121.5259514510
UDPNAGSYN-PWY: UDP-N-acetyl-D-glucosamine biosynthesis I|g__Clostridium.s__Clostridium_sp_CAG_217	62.2153251325
UDPNAGSYN-PWY: UDP-N-acetyl-D-glucosamine biosynthesis I|g__Collinsella.s__Collinsella_aerofaciens	60.4499459679
UDPNAGSYN-PWY: UDP-N-acetyl-D-glucosamine biosynthesis I|g__Ruminococcus.s__Ruminococcus_sp_CAG_254	50.8512752448
UDPNAGSYN-PWY: UDP-N-acetyl-D-glucosamine biosynthesis I|g__Coprococcus.s__Coprococcus_eutactus	19.3102405714
UDPNAGSYN-PWY: UDP-N-acetyl-D-glucosamine biosynthesis I|g__Bifidobacterium.s__Bifidobacterium_adolescentis	15.7952943386
UDPNAGSYN-PWY: UDP-N-acetyl-D-glucosamine biosynthesis I|g__Dialister.s__Dialister_invisus	10.9327404880
UDPNAGSYN-PWY: UDP-N-acetyl-D-glucosamine biosynthesis I|g__Parasutterella.s__Parasutterella_excrementihominis	10.9327162637
UDPNAGSYN-PWY: UDP-N-acetyl-D-glucosamine biosynthesis I|g__Agathobaculum.s__Agathobaculum_butyriciproducens	9.7954598386
UDPNAGSYN-PWY: UDP-N-acetyl-D-glucosamine biosynthesis I|g__Bifidobacterium.s__Bifidobacterium_bifidum	6.4085959185
UDPNAGSYN-PWY: UDP-N-acetyl-D-glucosamine biosynthesis I|g__Bifidobacterium.s__Bifidobacterium_catenulatum	3.7543577367
UDPNAGSYN-PWY: UDP-N-acetyl-D-glucosamine biosynthesis I|g__Bifidobacterium.s__Bifidobacterium_pseudocatenulatum	1.7204766212
SER-GLYSYN-PWY: superpathway of L-serine and glycine biosynthesis I	932.3665892963
SER-GLYSYN-PWY: superpathway of L-serine and glycine biosynthesis I|g__Roseburia.s__Roseburia_faecis	72.7337206720
SER-GLYSYN-PWY: superpathway of L-serine and glycine biosynthesis I|g__Bacteroides.s__Bacteroides_uniformis	59.5799738106
SER-GLYSYN-PWY: superpathway of L-serine and glycine biosynthesis I|g__Alistipes.s__Alistipes_putredinis	49.3500520333
SER-GLYSYN-PWY: superpathway of L-serine and glycine biosynthesis I|g__Bacteroides.s__Bacteroides_vulgatus	45.8097182260
SER-GLYSYN-PWY: superpathway of L-serine and glycine biosynthesis I|g__Collinsella.s__Collinsella_aerofaciens	40.8747728588
SER-GLYSYN-PWY: superpathway of L-serine and glycine biosynthesis I|g__Blautia.s__Ruminococcus_torques	38.8681911831
SER-GLYSYN-PWY: superpathway of L-serine and glycine biosynthesis I|g__Blautia.s__Blautia_sp	33.2928247650
SER-GLYSYN-PWY: superpathway of L-serine and glycine biosynthesis I|g__Roseburia.s__Roseburia_intestinalis	32.4611964950
SER-GLYSYN-PWY: superpathway of L-serine and glycine biosynthesis I|unclassified	31.3229807920
SER-GLYSYN-PWY: superpathway of L-serine and glycine biosynthesis I|g__Blautia.s__Blautia_wexlerae	23.6704200203
SER-GLYSYN-PWY: superpathway of L-serine and glycine biosynthesis I|g__Alistipes.s__Alistipes_sp_CAG_268	15.7736024124
SER-GLYSYN-PWY: superpathway of L-serine and glycine biosynthesis I|g__Eubacterium.s__Eubacterium_eligens	15.0258760510
SER-GLYSYN-PWY: superpathway of L-serine and glycine biosynthesis I|g__Alistipes.s__Alistipes_finegoldii	14.6100553146
SER-GLYSYN-PWY: superpathway of L-serine and glycine biosynthesis I|g__Firmicutes_unclassified.s__Firmicutes_bacterium_CAG_56	13.6425109694
SER-GLYSYN-PWY: superpathway of L-serine and glycine biosynthesis I|g__Bacteroides.s__Bacteroides_dorei	13.0907576276
SER-GLYSYN-PWY: superpathway of L-serine and glycine biosynthesis I|g__Bacteroides.s__Bacteroides_finegoldii	12.0022428902
SER-GLYSYN-PWY: superpathway of L-serine and glycine biosynthesis I|g__Blautia.s__Blautia_obeum	11.7730856074
SER-GLYSYN-PWY: superpathway of L-serine and glycine biosynthesis I|g__Bifidobacterium.s__Bifidobacterium_adolescentis	10.8171076718
SER-GLYSYN-PWY: superpathway of L-serine and glycine biosynthesis I|g__Parabacteroides.s__Parabacteroides_distasonis	9.6874639603
SER-GLYSYN-PWY: superpathway of L-serine and glycine biosynthesis I|g__Eubacterium.s__Eubacterium_hallii	9.0215588723
SER-GLYSYN-PWY: superpathway of L-serine and glycine biosynthesis I|g__Dialister.s__Dialister_invisus	8.5246536859
SER-GLYSYN-PWY: superpathway of L-serine and glycine biosynthesis I|g__Dorea.s__Dorea_longicatena	7.6751756039
SER-GLYSYN-PWY: superpathway of L-serine and glycine biosynthesis I|g__Anaerostipes.s__Anaerostipes_hadrus	7.2286682411
SER-GLYSYN-PWY: superpathway of L-serine and glycine biosynthesis I|g__Bifidobacterium.s__Bifidobacterium_pseudocatenulatum	6.0578524913
SER-GLYSYN-PWY: superpathway of L-serine and glycine biosynthesis I|g__Ruminococcus.s__Ruminococcus_sp_AF31_8BH	6.0167854640
SER-GLYSYN-PWY: superpathway of L-serine and glycine biosynthesis I|g__Alistipes.s__Alistipes_onderdonkii	3.9674105561
SER-GLYSYN-PWY: superpathway of L-serine and glycine biosynthesis I|g__Bacteroides.s__Bacteroides_ovatus	3.9564787339
SER-GLYSYN-PWY: superpathway of L-serine and glycine biosynthesis I|g__Bacteroides.s__Bacteroides_fragilis	3.3941450997
SER-GLYSYN-PWY: superpathway of L-serine and glycine biosynthesis I|g__Bacteroides.s__Bacteroides_cellulosilyticus	2.9838022165
THRESYN-PWY: superpathway of L-threonine biosynthesis	929.5731951293
THRESYN-PWY: superpathway of L-threonine biosynthesis|unclassified	132.3773905855
THRESYN-PWY: superpathway of L-threonine biosynthesis|g__Faecalibacterium.s__Faecalibacterium_prausnitzii	89.9601155183
THRESYN-PWY: superpathway of L-threonine biosynthesis|g__Bacteroides.s__Bacteroides_vulgatus	56.1148677395
THRESYN-PWY: superpathway of L-threonine biosynthesis|g__Collinsella.s__Collinsella_aerofaciens	48.9544976661
THRESYN-PWY: superpathway of L-threonine biosynthesis|g__Bacteroides.s__Bacteroides_uniformis	36.7412882604
THRESYN-PWY: superpathway of L-threonine biosynthesis|g__Bacteroides.s__Bacteroides_dorei	31.1262276125
THRESYN-PWY: superpathway of L-threonine biosynthesis|g__Blautia.s__Ruminococcus_torques	28.6036462524
THRESYN-PWY: superpathway of L-threonine biosynthesis|g__Bifidobacterium.s__Bifidobacterium_adolescentis	14.5524608917
THRESYN-PWY: superpathway of L-threonine biosynthesis|g__Blautia.s__Blautia_obeum	11.8639016537
THRESYN-PWY: superpathway of L-threonine biosynthesis|g__Anaerostipes.s__Anaerostipes_hadrus	10.0147210221
THRESYN-PWY: superpathway of L-threonine biosynthesis|g__Dialister.s__Dialister_invisus	8.3155717481
THRESYN-PWY: superpathway of L-threonine biosynthesis|g__Eubacterium.s__Eubacterium_hallii	7.9126909776
THRESYN-PWY: superpathway of L-threonine biosynthesis|g__Bifidobacterium.s__Bifidobacterium_pseudocatenulatum	7.7894074796
THRESYN-PWY: superpathway of L-threonine biosynthesis|g__Bifidobacterium.s__Bifidobacterium_catenulatum	1.8851623174
PWY-6823: molybdopterin biosynthesis	907.0265134097
PWY-6823: molybdopterin biosynthesis|g__Faecalibacterium.s__Faecalibacterium_prausnitzii	228.3611439897
PWY-6823: molybdopterin biosynthesis|unclassified	157.3987756653
PWY-6823: molybdopterin biosynthesis|g__Blautia.s__Blautia_obeum	82.1450832661
PWY-6823: molybdopterin biosynthesis|g__Roseburia.s__Roseburia_faecis	79.7448165869
PWY-6823: molybdopterin biosynthesis|g__Blautia.s__Ruminococcus_torques	58.9780852032
PWY-6823: molybdopterin biosynthesis|g__Roseburia.s__Roseburia_intestinalis	35.4218419358
PWY-6823: molybdopterin biosynthesis|g__Fusicatenibacter.s__Fusicatenibacter_saccharivorans	17.3589584625
PWY-6823: molybdopterin biosynthesis|g__Blautia.s__Blautia_sp	14.4578313253
PWY-6823: molybdopterin biosynthesis|g__Oscillibacter.s__Oscillibacter_sp_57_20	13.6502132846
PWY-6823: molybdopterin biosynthesis|g__Anaerostipes.s__Anaerostipes_hadrus	13.5226504395
PWY-6823: molybdopterin biosynthesis|g__Lachnospiraceae_unclassified.s__Eubacterium_rectale	12.7388535032
PWY-6823: molybdopterin biosynthesis|g__Dorea.s__Dorea_formicigenerans	11.9260584377
PWY-6823: molybdopterin biosynthesis|g__Blautia.s__Blautia_wexlerae	9.5541401274
PWY-6823: molybdopterin biosynthesis|g__Agathobaculum.s__Agathobaculum_butyriciproducens	7.3637702504
PWY-6823: molybdopterin biosynthesis|g__Clostridium.s__Clostridium_sp_CAG_122	7.3300348177
PWY-7237: myo-, chiro- and scyllo-inositol degradation	893.6208612637
PWY-7237: myo-, chiro- and scyllo-inositol degradation|unclassified	76.6340281316
PWY-7237: myo-, chiro- and scyllo-inositol degradation|g__Agathobaculum.s__Agathobaculum_butyriciproducens	38.1353761380
PWY-7237: myo-, chiro- and scyllo-inositol degradation|g__Blautia.s__Blautia_sp	26.6203703704
PWY-7237: myo-, chiro- and scyllo-inositol degradation|g__Anaerostipes.s__Anaerostipes_hadrus	15.7575757576
PWY-7237: myo-, chiro- and scyllo-inositol degradation|g__Dorea.s__Dorea_longicatena	7.0175438596
GLUCOSE1PMETAB-PWY: glucose and glucose-1-phosphate degradation	882.4090453391
GLUCOSE1PMETAB-PWY: glucose and glucose-1-phosphate degradation|unclassified	14.8413854802
COBALSYN-PWY: superpathway of adenosylcobalamin salvage from cobinamide I	841.5353985231
COBALSYN-PWY: superpathway of adenosylcobalamin salvage from cobinamide I|g__Faecalibacterium.s__Faecalibacterium_prausnitzii	80.3208231391
COBALSYN-PWY: superpathway of adenosylcobalamin salvage from cobinamide I|g__Bacteroides.s__Bacteroides_uniformis	68.1807168622
COBALSYN-PWY: superpathway of adenosylcobalamin salvage from cobinamide I|g__Blautia.s__Ruminococcus_torques	34.4084731555
COBALSYN-PWY: superpathway of adenosylcobalamin salvage from cobinamide I|g__Collinsella.s__Collinsella_aerofaciens	33.9587718209
COBALSYN-PWY: superpathway of adenosylcobalamin salvage from cobinamide I|g__Blautia.s__Blautia_sp	26.2043103513
COBALSYN-PWY: superpathway of adenosylcobalamin salvage from cobinamide I|g__Blautia.s__Blautia_wexlerae	13.2399093366
COBALSYN-PWY: superpathway of adenosylcobalamin salvage from cobinamide I|unclassified	9.6518263872
COBALSYN-PWY: superpathway of adenosylcobalamin salvage from cobinamide I|g__Blautia.s__Blautia_obeum	3.5330014945
PWY-6270: isoprene biosynthesis I	828.9588966053
PWY-6270: isoprene biosynthesis I|g__Blautia.s__Ruminococcus_torques	48.0719694487
PWY-6270: isoprene biosynthesis I|g__Blautia.s__Blautia_wexlerae	15.1869351085
PWY-6270: isoprene biosynthesis I|g__Eubacterium.s__Eubacterium_eligens	14.2221691892
PWY-6270: isoprene biosynthesis I|g__Fusicatenibacter.s__Fusicatenibacter_saccharivorans	12.5432110895
PWY-6270: isoprene biosynthesis I|g__Eubacterium.s__Eubacterium_hallii	8.6334484460
PWY-6270: isoprene biosynthesis I|g__Blautia.s__Blautia_obeum	7.1892965670
PWY-6270: isoprene biosynthesis I|g__Ruminococcus.s__Ruminococcus_sp_AF31_8BH	3.3673998612
PWY-841: superpathway of purine nucleotides de novo biosynthesis I	819.4256840042
PWY-841: superpathway of purine nucleotides de novo biosynthesis I|unclassified	21.6338975967
PWY-6897: thiamine diphosphate salvage II	811.3900401678
PWY-6897: thiamine diphosphate salvage II|g__Faecalibacterium.s__Faecalibacterium_prausnitzii	186.2507967169
PWY-6897: thiamine diphosphate salvage II|g__Bacteroides.s__Bacteroides_uniformis	73.5428535098
PWY-6897: thiamine diphosphate salvage II|unclassified	29.3833322106
PWY-6897: thiamine diphosphate salvage II|g__Lachnospiraceae_unclassified.s__Eubacterium_rectale	22.8658804956
PWY-6897: thiamine diphosphate salvage II|g__Parasutterella.s__Parasutterella_excrementihominis	9.6026887529
PWY-6897: thiamine diphosphate salvage II|g__Agathobaculum.s__Agathobaculum_butyriciproducens	9.4215942634
THISYN-PWY: superpathway of thiamine diphosphate biosynthesis I	794.6271849692
THISYN-PWY: superpathway of thiamine diphosphate biosynthesis I|g__Bacteroides.s__Bacteroides_uniformis	72.2547154933
THISYN-PWY: superpathway of thiamine diphosphate biosynthesis I|unclassified	33.0367833305
PWY-7560: methylerythritol phosphate pathway II	783.9670179740
PWY-7560: methylerythritol phosphate pathway II|g__Blautia.s__Ruminococcus_torques	46.8884420963
PWY-7560: methylerythritol phosphate pathway II|g__Blautia.s__Blautia_obeum	18.7534157365
PWY-7560: methylerythritol phosphate pathway II|g__Blautia.s__Blautia_wexlerae	14.2265494098
PWY-7560: methylerythritol phosphate pathway II|g__Eubacterium.s__Eubacterium_eligens	14.2042632770
PWY-7560: methylerythritol phosphate pathway II|g__Fusicatenibacter.s__Fusicatenibacter_saccharivorans	12.1234118872
PWY-7560: methylerythritol phosphate pathway II|g__Eubacterium.s__Eubacterium_hallii	9.1848019644
PWY-7560: methylerythritol phosphate pathway II|g__Ruminococcus.s__Ruminococcus_sp_AF31_8BH	3.1186271676
P41-PWY: pyruvate fermentation to acetate and (S)-lactate I	732.7057426697
P41-PWY: pyruvate fermentation to acetate and (S)-lactate I|g__Roseburia.s__Roseburia_faecis	69.9201947363
P41-PWY: pyruvate fermentation to acetate and (S)-lactate I|g__Blautia.s__Ruminococcus_torques	49.4425519420
P41-PWY: pyruvate fermentation to acetate and (S)-lactate I|g__Roseburia.s__Roseburia_intestinalis	48.7525032781
P41-PWY: pyruvate fermentation to acetate and (S)-lactate I|g__Collinsella.s__Collinsella_aerofaciens	45.3145368519
P41-PWY: pyruvate fermentation to acetate and (S)-lactate I|g__Blautia.s__Blautia_sp	28.7382939696
P41-PWY: pyruvate fermentation to acetate and (S)-lactate I|g__Coprococcus.s__Coprococcus_eutactus	26.8116216186
P41-PWY: pyruvate fermentation to acetate and (S)-lactate I|unclassified	25.5906572801
P41-PWY: pyruvate fermentation to acetate and (S)-lactate I|g__Eubacterium.s__Eubacterium_hallii	19.2384776384
P41-PWY: pyruvate fermentation to acetate and (S)-lactate I|g__Blautia.s__Blautia_obeum	16.7508018407
P41-PWY: pyruvate fermentation to acetate and (S)-lactate I|g__Bifidobacterium.s__Bifidobacterium_adolescentis	11.3271663206
P41-PWY: pyruvate fermentation to acetate and (S)-lactate I|g__Agathobaculum.s__Agathobaculum_butyriciproducens	8.8272228049
P41-PWY: pyruvate fermentation to acetate and (S)-lactate I|g__Blautia.s__Blautia_wexlerae	8.0258899676
P41-PWY: pyruvate fermentation to acetate and (S)-lactate I|g__Fusicatenibacter.s__Fusicatenibacter_saccharivorans	7.6591892864
P41-PWY: pyruvate fermentation to acetate and (S)-lactate I|g__Lachnospiraceae_unclassified.s__Eubacterium_rectale	7.4471451384
P41-PWY: pyruvate fermentation to acetate and (S)-lactate I|g__Coprococcus.s__Coprococcus_comes	7.0709302693
P41-PWY: pyruvate fermentation to acetate and (S)-lactate I|g__Ruminococcus.s__Ruminococcus_sp_AF31_8BH	6.1817352904
P41-PWY: pyruvate fermentation to acetate and (S)-lactate I|g__Bifidobacterium.s__Bifidobacterium_longum	6.0301507538
P41-PWY: pyruvate fermentation to acetate and (S)-lactate I|g__Roseburia.s__Roseburia_hominis	4.7359696898
PWY-5100: pyruvate fermentation to acetate and lactate II	732.7057426697
PWY-5100: pyruvate fermentation to acetate and lactate II|g__Roseburia.s__Roseburia_faecis	69.9201947363
PWY-5100: pyruvate fermentation to acetate and lactate II|g__Roseburia.s__Roseburia_intestinalis	55.3037575543
PWY-5100: pyruvate fermentation to acetate and lactate II|g__Blautia.s__Ruminococcus_torques	49.4425519420
PWY-5100: pyruvate fermentation to acetate and lactate II|g__Collinsella.s__Collinsella_aerofaciens	45.3145368519
PWY-5100: pyruvate fermentation to acetate and lactate II|g__Coprococcus.s__Coprococcus_eutactus	39.4724463038
PWY-5100: pyruvate fermentation to acetate and lactate II|g__Blautia.s__Blautia_sp	28.7382939696
PWY-5100: pyruvate fermentation to acetate and lactate II|g__Eubacterium.s__Eubacterium_hallii	25.5982461091
PWY-5100: pyruvate fermentation to acetate and lactate II|unclassified	25.5906572801
PWY-5100: pyruvate fermentation to acetate and lactate II|g__Blautia.s__Blautia_obeum	16.7508018407
PWY-5100: pyruvate fermentation to acetate and lactate II|g__Anaerostipes.s__Anaerostipes_hadrus	12.7619205029
PWY-5100: pyruvate fermentation to acetate and lactate II|g__Bifidobacterium.s__Bifidobacterium_adolescentis	11.3271663206
PWY-5100: pyruvate fermentation to acetate and lactate II|g__Eubacterium.s__Eubacterium_ramulus	9.7685421811
PWY-5100: pyruvate fermentation to acetate and lactate II|g__Agathobaculum.s__Agathobaculum_butyriciproducens	8.8272228049
PWY-5100: pyruvate fermentation to acetate and lactate II|g__Blautia.s__Blautia_wexlerae	8.0258899676
PWY-5100: pyruvate fermentation to acetate and lactate II|g__Fusicatenibacter.s__Fusicatenibacter_saccharivorans	7.6591892864
PWY-5100: pyruvate fermentation to acetate and lactate II|g__Lachnospiraceae_unclassified.s__Eubacterium_rectale	7.4471451384
PWY-5100: pyruvate fermentation to acetate and lactate II|g__Coprococcus.s__Coprococcus_comes	7.0709302693
PWY-5100: pyruvate fermentation to acetate and lactate II|g__Ruminococcus.s__Ruminococcus_sp_AF31_8BH	6.1817352904
PWY-5100: pyruvate fermentation to acetate and lactate II|g__Bifidobacterium.s__Bifidobacterium_longum	6.0301507538
PWY-5100: pyruvate fermentation to acetate and lactate II|g__Roseburia.s__Roseburia_hominis	4.7359696898
THISYNARA-PWY: superpathway of thiamine diphosphate biosynthesis III (eukaryotes)	730.2822970213
THISYNARA-PWY: superpathway of thiamine diphosphate biosynthesis III (eukaryotes)|g__Roseburia.s__Roseburia_faecis	85.9902405781
THISYNARA-PWY: superpathway of thiamine diphosphate biosynthesis III (eukaryotes)|g__Bacteroides.s__Bacteroides_uniformis	77.3621311592
THISYNARA-PWY: superpathway of thiamine diphosphate biosynthesis III (eukaryotes)|g__Faecalibacterium.s__Faecalibacterium_prausnitzii	70.6149212152
THISYNARA-PWY: superpathway of thiamine diphosphate biosynthesis III (eukaryotes)|g__Roseburia.s__Roseburia_intestinalis	24.1531837918
THISYNARA-PWY: superpathway of thiamine diphosphate biosynthesis III (eukaryotes)|g__Lachnospiraceae_unclassified.s__Eubacterium_rectale	21.9153524497
THISYNARA-PWY: superpathway of thiamine diphosphate biosynthesis III (eukaryotes)|unclassified	11.3430486495
THISYNARA-PWY: superpathway of thiamine diphosphate biosynthesis III (eukaryotes)|g__Blautia.s__Ruminococcus_torques	8.1882537427
THISYNARA-PWY: superpathway of thiamine diphosphate biosynthesis III (eukaryotes)|g__Bifidobacterium.s__Bifidobacterium_bifidum	4.6500813764
PWY-6126: superpathway of adenosine nucleotides de novo biosynthesis II	719.4846717567
PWY-6126: superpathway of adenosine nucleotides de novo biosynthesis II|g__Bacteroides.s__Bacteroides_vulgatus	74.3260610282
PWY-6126: superpathway of adenosine nucleotides de novo biosynthesis II|g__Bacteroides.s__Bacteroides_dorei	28.7596029221
PWY-6126: superpathway of adenosine nucleotides de novo biosynthesis II|unclassified	15.3747813214
PWY-6126: superpathway of adenosine nucleotides de novo biosynthesis II|g__Parasutterella.s__Parasutterella_excrementihominis	14.6358445422
PWY-6126: superpathway of adenosine nucleotides de novo biosynthesis II|g__Bacteroides.s__Bacteroides_finegoldii	7.7850633755
PWY-6936: seleno-amino acid biosynthesis (plants)	719.0347797142
PWY-6936: seleno-amino acid biosynthesis (plants)|g__Ruminococcus.s__Ruminococcus_bicirculans	152.5910962738
PWY-6936: seleno-amino acid biosynthesis (plants)|unclassified	73.8224313074
PWY-6936: seleno-amino acid biosynthesis (plants)|g__Roseburia.s__Roseburia_faecis	46.5174601502
PWY-6936: seleno-amino acid biosynthesis (plants)|g__Ruminococcus.s__Ruminococcus_sp_CAG_254	34.5817497028
PWY-6936: seleno-amino acid biosynthesis (plants)|g__Eubacterium.s__Eubacterium_eligens	19.8019575785
PWY-6936: seleno-amino acid biosynthesis (plants)|g__Coprococcus.s__Coprococcus_eutactus	14.9066334281
PWY-6936: seleno-amino acid biosynthesis (plants)|g__Blautia.s__Blautia_wexlerae	9.9235883696
PWY-6936: seleno-amino acid biosynthesis (plants)|g__Blautia.s__Ruminococcus_torques	8.8660556955
PWY-6936: seleno-amino acid biosynthesis (plants)|g__Eubacterium.s__Eubacterium_sp_CAG_38	7.7055383557
PWY-6936: seleno-amino acid biosynthesis (plants)|g__Dorea.s__Dorea_formicigenerans	6.3021900110
PWY-6892: thiazole component of thiamine diphosphate biosynthesis I	701.6769142049
PWY-6892: thiazole component of thiamine diphosphate biosynthesis I|g__Bacteroides.s__Bacteroides_uniformis	74.8965944587
PWY-6892: thiazole component of thiamine diphosphate biosynthesis I|g__Blautia.s__Blautia_sp	58.8686837340
PWY-6892: thiazole component of thiamine diphosphate biosynthesis I|unclassified	41.2207745262
PWY-6892: thiazole component of thiamine diphosphate biosynthesis I|g__Blautia.s__Blautia_wexlerae	40.5334612938
PWY-6892: thiazole component of thiamine diphosphate biosynthesis I|g__Roseburia.s__Roseburia_intestinalis	35.8466374329
PWY-6892: thiazole component of thiamine diphosphate biosynthesis I|g__Eubacterium.s__Eubacterium_eligens	18.0194020352
PWY-6892: thiazole component of thiamine diphosphate biosynthesis I|g__Agathobaculum.s__Agathobaculum_butyriciproducens	13.5139083170
PWY-6892: thiazole component of thiamine diphosphate biosynthesis I|g__Anaerostipes.s__Anaerostipes_hadrus	12.5463109317
PWY-6892: thiazole component of thiamine diphosphate biosynthesis I|g__Coprococcus.s__Coprococcus_comes	12.2330509928
PWY-6892: thiazole component of thiamine diphosphate biosynthesis I|g__Bacteroides.s__Bacteroides_ovatus	11.5153471961
PWY-6892: thiazole component of thiamine diphosphate biosynthesis I|g__Blautia.s__Blautia_obeum	10.4359929971
PWY-6892: thiazole component of thiamine diphosphate biosynthesis I|g__Bacteroides.s__Bacteroides_finegoldii	8.9651418474
PWY-6892: thiazole component of thiamine diphosphate biosynthesis I|g__Blautia.s__Blautia_sp_CAG_52	8.9063317046
PWY-6892: thiazole component of thiamine diphosphate biosynthesis I|g__Eubacterium.s__Eubacterium_hallii	8.4145218672
PWY-6892: thiazole component of thiamine diphosphate biosynthesis I|g__Bacteroides.s__Bacteroides_thetaiotaomicron	1.3305244484
PWY-5973: cis-vaccenate biosynthesis	681.6810517093
PWY-5973: cis-vaccenate biosynthesis|g__Bacteroides.s__Bacteroides_uniformis	65.0282494752
PWY-5973: cis-vaccenate biosynthesis|g__Alistipes.s__Alistipes_finegoldii	19.8463260563
PWY-5973: cis-vaccenate biosynthesis|g__Parabacteroides.s__Parabacteroides_distasonis	18.0496150414
PWY-5973: cis-vaccenate biosynthesis|g__Alistipes.s__Alistipes_sp_CAG_268	12.4209728847
PWY-5973: cis-vaccenate biosynthesis|g__Bacteroides.s__Bacteroides_ovatus	11.3443246933
PWY-5973: cis-vaccenate biosynthesis|g__Parabacteroides.s__Parabacteroides_merdae	8.3397380341
PWY-5973: cis-vaccenate biosynthesis|g__Bacteroides.s__Bacteroides_fragilis	3.9622369889
PWY-5973: cis-vaccenate biosynthesis|g__Bacteroides.s__Bacteroides_cellulosilyticus	3.9073402177
PWY-5973: cis-vaccenate biosynthesis|g__Alistipes.s__Alistipes_onderdonkii	2.9474691884
PWY-5188: tetrapyrrole biosynthesis I (from glutamate)	631.9506920334
PWY-5188: tetrapyrrole biosynthesis I (from glutamate)|g__Ruminococcus.s__Ruminococcus_bicirculans	171.8893756508
PWY-5188: tetrapyrrole biosynthesis I (from glutamate)|g__Roseburia.s__Roseburia_faecis	71.2149448317
PWY-5188: tetrapyrrole biosynthesis I (from glutamate)|g__Ruminococcus.s__Ruminococcus_bromii	60.5335750613
PWY-5188: tetrapyrrole biosynthesis I (from glutamate)|g__Ruminococcus.s__Ruminococcus_sp_CAG_254	28.1283711692
PWY-5188: tetrapyrrole biosynthesis I (from glutamate)|g__Blautia.s__Blautia_sp	26.2239587001
PWY-5188: tetrapyrrole biosynthesis I (from glutamate)|g__Blautia.s__Blautia_wexlerae	20.3942100400
PWY-5188: tetrapyrrole biosynthesis I (from glutamate)|g__Coprococcus.s__Coprococcus_eutactus	18.7003909814
PWY-5188: tetrapyrrole biosynthesis I (from glutamate)|g__Parasutterella.s__Parasutterella_excrementihominis	11.0890536822
PWY-5188: tetrapyrrole biosynthesis I (from glutamate)|g__Eubacterium.s__Eubacterium_eligens	10.7447178898
PWY-5188: tetrapyrrole biosynthesis I (from glutamate)|g__Firmicutes_unclassified.s__Firmicutes_bacterium_CAG_56	8.5776265413
PWY-5188: tetrapyrrole biosynthesis I (from glutamate)|g__Blautia.s__Blautia_obeum	4.2749616483
PWY-7228: superpathway of guanosine nucleotides de novo biosynthesis I	614.6554559860
PWY-7228: superpathway of guanosine nucleotides de novo biosynthesis I|g__Bacteroides.s__Bacteroides_vulgatus	101.4396602971
PWY-7228: superpathway of guanosine nucleotides de novo biosynthesis I|g__Collinsella.s__Collinsella_aerofaciens	40.0832086680
PWY-7228: superpathway of guanosine nucleotides de novo biosynthesis I|g__Bacteroides.s__Bacteroides_dorei	32.7489943138
PWY-7228: superpathway of guanosine nucleotides de novo biosynthesis I|g__Parabacteroides.s__Parabacteroides_distasonis	16.2256521234
PWY-7228: superpathway of guanosine nucleotides de novo biosynthesis I|unclassified	13.0574409239
PWY-7228: superpathway of guanosine nucleotides de novo biosynthesis I|g__Bacteroides.s__Bacteroides_finegoldii	9.6251735308
PWY-5154: L-arginine biosynthesis III (via N-acetyl-L-citrulline)	612.5832158661
PWY-5154: L-arginine biosynthesis III (via N-acetyl-L-citrulline)|g__Alistipes.s__Alistipes_finegoldii	25.1885578067
PWY-5154: L-arginine biosynthesis III (via N-acetyl-L-citrulline)|g__Blautia.s__Ruminococcus_torques	15.3415765757
PWY-5154: L-arginine biosynthesis III (via N-acetyl-L-citrulline)|unclassified	10.8689366435
PWY-7663: gondoate biosynthesis (anaerobic)	582.7909142584
PWY-7663: gondoate biosynthesis (anaerobic)|g__Bacteroides.s__Bacteroides_uniformis	65.1575524694
PWY-7663: gondoate biosynthesis (anaerobic)|g__Bacteroides.s__Bacteroides_vulgatus	36.5205366814
PWY-7663: gondoate biosynthesis (anaerobic)|g__Alistipes.s__Alistipes_finegoldii	29.4033041764
PWY-7663: gondoate biosynthesis (anaerobic)|g__Parabacteroides.s__Parabacteroides_distasonis	17.8674037654
PWY-7663: gondoate biosynthesis (anaerobic)|g__Alistipes.s__Alistipes_sp_CAG_268	15.5297614727
PWY-7663: gondoate biosynthesis (anaerobic)|g__Parabacteroides.s__Parabacteroides_merdae	12.6566571535
PWY-7663: gondoate biosynthesis (anaerobic)|unclassified	11.8282784914
PWY-7663: gondoate biosynthesis (anaerobic)|g__Bacteroides.s__Bacteroides_ovatus	10.7762533822
PWY-7663: gondoate biosynthesis (anaerobic)|g__Alistipes.s__Alistipes_onderdonkii	4.3735869866
PWY-7663: gondoate biosynthesis (anaerobic)|g__Bacteroides.s__Bacteroides_cellulosilyticus	4.2187735423
PWY-7663: gondoate biosynthesis (anaerobic)|g__Bacteroides.s__Bacteroides_fragilis	3.8486946783
PWY-621: sucrose degradation III (sucrose invertase)	569.0469233482
PWY-621: sucrose degradation III (sucrose invertase)|g__Ruminococcus.s__Ruminococcus_bicirculans	144.2298184564
PWY-621: sucrose degradation III (sucrose invertase)|g__Roseburia.s__Roseburia_faecis	81.2992768225
PWY-621: sucrose degradation III (sucrose invertase)|g__Faecalibacterium.s__Faecalibacterium_prausnitzii	36.4127214448
PWY-621: sucrose degradation III (sucrose invertase)|g__Roseburia.s__Roseburia_intestinalis	35.0370912551
PWY-621: sucrose degradation III (sucrose invertase)|g__Coprococcus.s__Coprococcus_eutactus	21.5436510101
PWY-621: sucrose degradation III (sucrose invertase)|unclassified	15.5677657503
PWY-621: sucrose degradation III (sucrose invertase)|g__Anaerostipes.s__Anaerostipes_hadrus	15.0009843536
PWY-621: sucrose degradation III (sucrose invertase)|g__Bifidobacterium.s__Bifidobacterium_bifidum	10.1671274944
PWY-621: sucrose degradation III (sucrose invertase)|g__Bacteroides.s__Bacteroides_ovatus	3.8076588338
PWY-621: sucrose degradation III (sucrose invertase)|g__Bacteroides.s__Bacteroides_fragilis	2.0146058927
PWY-5384: sucrose degradation IV (sucrose phosphorylase)	563.0859808763
PWY-5384: sucrose degradation IV (sucrose phosphorylase)|g__Roseburia.s__Roseburia_faecis	79.1174031839
PWY-5384: sucrose degradation IV (sucrose phosphorylase)|g__Roseburia.s__Roseburia_intestinalis	37.7902598931
PWY-5384: sucrose degradation IV (sucrose phosphorylase)|g__Faecalibacterium.s__Faecalibacterium_prausnitzii	37.0032980313
PWY-5384: sucrose degradation IV (sucrose phosphorylase)|unclassified	16.4431468938
PWY-5384: sucrose degradation IV (sucrose phosphorylase)|g__Bifidobacterium.s__Bifidobacterium_adolescentis	15.3717929942
PWY-5384: sucrose degradation IV (sucrose phosphorylase)|g__Anaerostipes.s__Anaerostipes_hadrus	14.5705721004
PWY-5384: sucrose degradation IV (sucrose phosphorylase)|g__Coprococcus.s__Coprococcus_eutactus	14.1636836457
PWY-5384: sucrose degradation IV (sucrose phosphorylase)|g__Bifidobacterium.s__Bifidobacterium_bifidum	13.7122247585
PWY-5384: sucrose degradation IV (sucrose phosphorylase)|g__Bifidobacterium.s__Bifidobacterium_pseudocatenulatum	9.7553131616
PWY-5384: sucrose degradation IV (sucrose phosphorylase)|g__Bacteroides.s__Bacteroides_ovatus	4.1206769684
PWY-5384: sucrose degradation IV (sucrose phosphorylase)|g__Bacteroides.s__Bacteroides_fragilis	2.8338646830
PWY-5384: sucrose degradation IV (sucrose phosphorylase)|g__Bifidobacterium.s__Bifidobacterium_longum	2.4757071238
PWY-5384: sucrose degradation IV (sucrose phosphorylase)|g__Bifidobacterium.s__Bifidobacterium_catenulatum	1.1864155420
PWY-5659: GDP-mannose biosynthesis	556.3943582109
PWY-5659: GDP-mannose biosynthesis|g__Ruminococcus.s__Ruminococcus_bicirculans	92.8866598125
PWY-5659: GDP-mannose biosynthesis|g__Roseburia.s__Roseburia_faecis	73.9508839403
PWY-5659: GDP-mannose biosynthesis|g__Faecalibacterium.s__Faecalibacterium_prausnitzii	48.2294437032
PWY-5659: GDP-mannose biosynthesis|g__Roseburia.s__Roseburia_intestinalis	40.7332876641
PWY-5659: GDP-mannose biosynthesis|g__Bacteroides.s__Bacteroides_vulgatus	37.3532387492
PWY-5659: GDP-mannose biosynthesis|unclassified	31.7450868634
PWY-5659: GDP-mannose biosynthesis|g__Coprococcus.s__Coprococcus_eutactus	11.9057361737
PWY-5659: GDP-mannose biosynthesis|g__Bacteroides.s__Bacteroides_dorei	8.9605734767
PWY-5659: GDP-mannose biosynthesis|g__Bacteroides.s__Bacteroides_cellulosilyticus	6.4850843061
PWY-5659: GDP-mannose biosynthesis|g__Lachnospiraceae_unclassified.s__Eubacterium_rectale	1.8542206805
PWY-6703: preQ0 biosynthesis	539.3303074962
PWY-6703: preQ0 biosynthesis|g__Bacteroides.s__Bacteroides_uniformis	71.1481029159
PWY-6703: preQ0 biosynthesis|g__Bacteroides.s__Bacteroides_vulgatus	64.7170790794
PWY-6703: preQ0 biosynthesis|g__Ruminococcus.s__Ruminococcus_sp_CAG_254	37.1853402840
PWY-6703: preQ0 biosynthesis|g__Blautia.s__Blautia_sp	33.6421257923
PWY-6703: preQ0 biosynthesis|g__Clostridium.s__Clostridium_sp_CAG_122	22.6751248482
PWY-6703: preQ0 biosynthesis|unclassified	20.0773506805
PWY-6703: preQ0 biosynthesis|g__Bacteroides.s__Bacteroides_dorei	19.5781377462
PWY-6703: preQ0 biosynthesis|g__Eubacterium.s__Eubacterium_eligens	19.1061071307
PWY-6703: preQ0 biosynthesis|g__Alistipes.s__Alistipes_sp_CAG_268	16.9616985564
PWY-6703: preQ0 biosynthesis|g__Blautia.s__Blautia_obeum	15.1392268181
PWY-6703: preQ0 biosynthesis|g__Firmicutes_unclassified.s__Firmicutes_bacterium_CAG_41	11.1549340664
PWY-6703: preQ0 biosynthesis|g__Eubacterium.s__Eubacterium_sp_CAG_38	7.9846706094
PWY-6703: preQ0 biosynthesis|g__Bacteroides.s__Bacteroides_ovatus	7.6372315036
PWY-6703: preQ0 biosynthesis|g__Lachnospira.s__Lachnospira_pectinoschiza	7.0175438596
PWY-6703: preQ0 biosynthesis|g__Parabacteroides.s__Parabacteroides_distasonis	5.6798012070
PWY-6703: preQ0 biosynthesis|g__Bacteroides.s__Bacteroides_cellulosilyticus	3.3181252592
PWY-6703: preQ0 biosynthesis|g__Bacteroides.s__Bacteroides_fragilis	2.7305151784
COLANSYN-PWY: colanic acid building blocks biosynthesis	533.8378564416
COLANSYN-PWY: colanic acid building blocks biosynthesis|unclassified	34.6824182370
PWY-6731: starch degradation III	528.3447762248
PWY-6731: starch degradation III|g__Blautia.s__Blautia_obeum	28.2573193568
PWY-6731: starch degradation III|g__Blautia.s__Blautia_wexlerae	27.4945920191
PWY-6731: starch degradation III|g__Blautia.s__Blautia_sp	26.2636461845
PWY-6731: starch degradation III|g__Fusicatenibacter.s__Fusicatenibacter_saccharivorans	18.3844102532
PWY-6731: starch degradation III|g__Eubacterium.s__Eubacterium_hallii	15.6673276425
PWY-6731: starch degradation III|g__Blautia.s__Ruminococcus_torques	12.0500874391
PWY-6731: starch degradation III|unclassified	11.4699913720
PWY-6731: starch degradation III|g__Lachnospira.s__Lachnospira_pectinoschiza	9.6345676609
PWY-6731: starch degradation III|g__Agathobaculum.s__Agathobaculum_butyriciproducens	7.6664019933
PWY-6731: starch degradation III|g__Roseburia.s__Roseburia_inulinivorans	4.6861354293
PWY-6731: starch degradation III|g__Bacteroides.s__Bacteroides_cellulosilyticus	2.8923565504
PWY-5121: superpathway of geranylgeranyl diphosphate biosynthesis II (via MEP)	527.8434044070
PWY-5121: superpathway of geranylgeranyl diphosphate biosynthesis II (via MEP)|g__Bacteroides.s__Bacteroides_vulgatus	68.5542798474
PWY-5121: superpathway of geranylgeranyl diphosphate biosynthesis II (via MEP)|g__Bacteroides.s__Bacteroides_dorei	24.7637458932
PWY-6125: superpathway of guanosine nucleotides de novo biosynthesis II	527.8310260699
PWY-6125: superpathway of guanosine nucleotides de novo biosynthesis II|g__Bacteroides.s__Bacteroides_vulgatus	94.9335287263
PWY-6125: superpathway of guanosine nucleotides de novo biosynthesis II|g__Bacteroides.s__Bacteroides_dorei	30.6732695557
PWY-6125: superpathway of guanosine nucleotides de novo biosynthesis II|g__Parabacteroides.s__Parabacteroides_distasonis	15.2352774344
PWY-6125: superpathway of guanosine nucleotides de novo biosynthesis II|unclassified	10.8652618766
PWY-6125: superpathway of guanosine nucleotides de novo biosynthesis II|g__Bacteroides.s__Bacteroides_finegoldii	7.4892496348
ASPASN-PWY: superpathway of L-aspartate and L-asparagine biosynthesis	524.3926575782
ASPASN-PWY: superpathway of L-aspartate and L-asparagine biosynthesis|g__Bacteroides.s__Bacteroides_vulgatus	73.7842433113
ASPASN-PWY: superpathway of L-aspartate and L-asparagine biosynthesis|g__Bacteroides.s__Bacteroides_uniformis	37.7071513694
ASPASN-PWY: superpathway of L-aspartate and L-asparagine biosynthesis|g__Bacteroides.s__Bacteroides_dorei	28.8403325425
ASPASN-PWY: superpathway of L-aspartate and L-asparagine biosynthesis|unclassified	25.2667626580
ASPASN-PWY: superpathway of L-aspartate and L-asparagine biosynthesis|g__Blautia.s__Ruminococcus_torques	20.3582682780
ASPASN-PWY: superpathway of L-aspartate and L-asparagine biosynthesis|g__Blautia.s__Blautia_obeum	11.2833886869
ASPASN-PWY: superpathway of L-aspartate and L-asparagine biosynthesis|g__Blautia.s__Blautia_sp	6.5449449724
ASPASN-PWY: superpathway of L-aspartate and L-asparagine biosynthesis|g__Ruminococcus.s__Ruminococcus_sp_AF31_8BH	2.9684601113
ASPASN-PWY: superpathway of L-aspartate and L-asparagine biosynthesis|g__Bacteroides.s__Bacteroides_cellulosilyticus	1.5897408722
ASPASN-PWY: superpathway of L-aspartate and L-asparagine biosynthesis|g__Blautia.s__Blautia_wexlerae	1.5264823082
PWY-6628: superpathway of L-phenylalanine biosynthesis	514.3807974094
PWY-6628: superpathway of L-phenylalanine biosynthesis|unclassified	29.6691450202
PWY-6147: 6-hydroxymethyl-dihydropterin diphosphate biosynthesis I	508.7460684833
PWY-6147: 6-hydroxymethyl-dihydropterin diphosphate biosynthesis I|g__Bacteroides.s__Bacteroides_vulgatus	78.7240303690
PWY-6147: 6-hydroxymethyl-dihydropterin diphosphate biosynthesis I|g__Bacteroides.s__Bacteroides_uniformis	77.0358372140
PWY-6147: 6-hydroxymethyl-dihydropterin diphosphate biosynthesis I|g__Alistipes.s__Alistipes_putredinis	67.8944002117
PWY-6147: 6-hydroxymethyl-dihydropterin diphosphate biosynthesis I|g__Bacteroides.s__Bacteroides_dorei	33.1914893617
PWY-6147: 6-hydroxymethyl-dihydropterin diphosphate biosynthesis I|unclassified	19.3639166908
RHAMCAT-PWY: L-rhamnose degradation I	504.8938210127
RHAMCAT-PWY: L-rhamnose degradation I|g__Bacteroides.s__Bacteroides_vulgatus	69.0198764537
RHAMCAT-PWY: L-rhamnose degradation I|g__Roseburia.s__Roseburia_faecis	67.2714546785
RHAMCAT-PWY: L-rhamnose degradation I|g__Bacteroides.s__Bacteroides_dorei	17.7175210877
RHAMCAT-PWY: L-rhamnose degradation I|g__Eubacterium.s__Eubacterium_eligens	16.7785234899
RHAMCAT-PWY: L-rhamnose degradation I|g__Bacteroides.s__Bacteroides_uniformis	11.9811724433
RHAMCAT-PWY: L-rhamnose degradation I|g__Blautia.s__Ruminococcus_torques	9.5674717518
RHAMCAT-PWY: L-rhamnose degradation I|g__Bacteroides.s__Bacteroides_finegoldii	8.2764328574
RHAMCAT-PWY: L-rhamnose degradation I|g__Bacteroides.s__Bacteroides_ovatus	6.4065408375
RHAMCAT-PWY: L-rhamnose degradation I|g__Bacteroides.s__Bacteroides_thetaiotaomicron	5.6577086280
RHAMCAT-PWY: L-rhamnose degradation I|g__Bacteroides.s__Bacteroides_fragilis	5.4338597385
PHOSLIPSYN-PWY: superpathway of phospholipid biosynthesis I (bacteria)	501.8697181855
PHOSLIPSYN-PWY: superpathway of phospholipid biosynthesis I (bacteria)|unclassified	19.3088610696
PHOSLIPSYN-PWY: superpathway of phospholipid biosynthesis I (bacteria)|g__Fusicatenibacter.s__Fusicatenibacter_saccharivorans	19.2207119337
CITRULBIO-PWY: L-citrulline biosynthesis	498.2146333163
CITRULBIO-PWY: L-citrulline biosynthesis|g__Alistipes.s__Alistipes_finegoldii	17.3603525324
CITRULBIO-PWY: L-citrulline biosynthesis|g__Alistipes.s__Alistipes_onderdonkii	2.5971884405
PWY-6901: superpathway of glucose and xylose degradation	492.5286866724
PWY-7208: superpathway of pyrimidine nucleobases salvage	481.0472060758
PWY-7208: superpathway of pyrimidine nucleobases salvage|g__Roseburia.s__Roseburia_intestinalis	28.1150451617
PWY-7208: superpathway of pyrimidine nucleobases salvage|g__Blautia.s__Blautia_sp	21.3566797659
PWY-7208: superpathway of pyrimidine nucleobases salvage|g__Collinsella.s__Collinsella_aerofaciens	15.8398994162
PWY-7208: superpathway of pyrimidine nucleobases salvage|unclassified	10.5461985509
PWY-7208: superpathway of pyrimidine nucleobases salvage|g__Parasutterella.s__Parasutterella_excrementihominis	9.4007050529
PWY-7208: superpathway of pyrimidine nucleobases salvage|g__Anaerostipes.s__Anaerostipes_hadrus	8.1946222791
PWY-7208: superpathway of pyrimidine nucleobases salvage|g__Blautia.s__Blautia_obeum	7.1996768178
PENTOSE-P-PWY: pentose phosphate pathway	474.4579443947
PWY-7456: &beta;-(1,4)-mannan degradation	471.8139194026
PWY-7456: &beta;-(1,4)-mannan degradation|g__Roseburia.s__Roseburia_faecis	67.6789474463
PWY-7456: &beta;-(1,4)-mannan degradation|g__Coprococcus.s__Coprococcus_eutactus	12.6744887143
GLUCONEO-PWY: gluconeogenesis I	460.2930086135
PWY-7282: 4-amino-2-methyl-5-diphosphomethylpyrimidine biosynthesis II	451.1951000765
PWY-7282: 4-amino-2-methyl-5-diphosphomethylpyrimidine biosynthesis II|g__Bacteroides.s__Bacteroides_uniformis	81.5042064776
GLCMANNANAUT-PWY: superpathway of N-acetylglucosamine, N-acetylmannosamine and N-acetylneuraminate degradation	447.2401460240
GLCMANNANAUT-PWY: superpathway of N-acetylglucosamine, N-acetylmannosamine and N-acetylneuraminate degradation|g__Faecalibacterium.s__Faecalibacterium_prausnitzii	110.0669353709
GLCMANNANAUT-PWY: superpathway of N-acetylglucosamine, N-acetylmannosamine and N-acetylneuraminate degradation|unclassified	53.9464855051
GLCMANNANAUT-PWY: superpathway of N-acetylglucosamine, N-acetylmannosamine and N-acetylneuraminate degradation|g__Blautia.s__Blautia_wexlerae	14.1858544577
GLCMANNANAUT-PWY: superpathway of N-acetylglucosamine, N-acetylmannosamine and N-acetylneuraminate degradation|g__Blautia.s__Blautia_obeum	6.3657739290
PWY-7323: superpathway of GDP-mannose-derived O-antigen building blocks biosynthesis	444.6913540659
ANAEROFRUCAT-PWY: homolactic fermentation	439.7407478120
ANAEROFRUCAT-PWY: homolactic fermentation|unclassified	19.8359070739
PWY-4984: urea cycle	427.4810037742
PWY-4984: urea cycle|g__Alistipes.s__Alistipes_finegoldii	17.0808405525
PWY-4984: urea cycle|g__Alistipes.s__Alistipes_onderdonkii	2.5388384583
FERMENTATION-PWY: mixed acid fermentation	391.9942773974
FERMENTATION-PWY: mixed acid fermentation|g__Faecalibacterium.s__Faecalibacterium_prausnitzii	86.8310557639
FERMENTATION-PWY: mixed acid fermentation|unclassified	31.6170064572
PWY0-162: superpathway of pyrimidine ribonucleotides de novo biosynthesis	389.6932118175
PWY0-162: superpathway of pyrimidine ribonucleotides de novo biosynthesis|unclassified	12.0470062586
GLYCOCAT-PWY: glycogen degradation I	387.7583312061
GLYCOCAT-PWY: glycogen degradation I|g__Coprococcus.s__Coprococcus_eutactus	20.1032508143
GLYCOCAT-PWY: glycogen degradation I|unclassified	16.8273356092
GLYCOCAT-PWY: glycogen degradation I|g__Bifidobacterium.s__Bifidobacterium_longum	4.7789725209
PWY-7328: superpathway of UDP-glucose-derived O-antigen building blocks biosynthesis	378.5195699726
PWY-7328: superpathway of UDP-glucose-derived O-antigen building blocks biosynthesis|unclassified	25.0350274247
PWY-7328: superpathway of UDP-glucose-derived O-antigen building blocks biosynthesis|g__Blautia.s__Ruminococcus_torques	11.4718983662
GLYCOLYSIS: glycolysis I (from glucose 6-phosphate)	376.6886451660
GLYCOLYSIS: glycolysis I (from glucose 6-phosphate)|unclassified	27.4399674953
PWY-7220: adenosine deoxyribonucleotides de novo biosynthesis II	375.7308765766
PWY-7220: adenosine deoxyribonucleotides de novo biosynthesis II|g__Bacteroides.s__Bacteroides_vulgatus	119.4751560687
PWY-7220: adenosine deoxyribonucleotides de novo biosynthesis II|g__Bacteroides.s__Bacteroides_dorei	34.9436771065
PWY-7220: adenosine deoxyribonucleotides de novo biosynthesis II|g__Proteobacteria_unclassified.s__Proteobacteria_bacterium_CAG_495	22.7402235706
PWY-7220: adenosine deoxyribonucleotides de novo biosynthesis II|g__Parabacteroides.s__Parabacteroides_distasonis	13.8472360608
PWY-7220: adenosine deoxyribonucleotides de novo biosynthesis II|g__Parasutterella.s__Parasutterella_excrementihominis	12.8680614447
PWY-7220: adenosine deoxyribonucleotides de novo biosynthesis II|g__Bacteroides.s__Bacteroides_finegoldii	9.6852300242
PWY-7220: adenosine deoxyribonucleotides de novo biosynthesis II|unclassified	6.8322087839
PWY-7220: adenosine deoxyribonucleotides de novo biosynthesis II|g__Bacteroides.s__Bacteroides_intestinalis	3.6984544780
PWY-7222: guanosine deoxyribonucleotides de novo biosynthesis II	375.7308765766
PWY-7222: guanosine deoxyribonucleotides de novo biosynthesis II|g__Bacteroides.s__Bacteroides_vulgatus	119.4751560687
PWY-7222: guanosine deoxyribonucleotides de novo biosynthesis II|g__Bacteroides.s__Bacteroides_dorei	34.9436771065
PWY-7222: guanosine deoxyribonucleotides de novo biosynthesis II|g__Proteobacteria_unclassified.s__Proteobacteria_bacterium_CAG_495	22.7402235706
PWY-7222: guanosine deoxyribonucleotides de novo biosynthesis II|g__Parabacteroides.s__Parabacteroides_distasonis	13.8472360608
PWY-7222: guanosine deoxyribonucleotides de novo biosynthesis II|g__Parasutterella.s__Parasutterella_excrementihominis	12.8680614447
PWY-7222: guanosine deoxyribonucleotides de novo biosynthesis II|g__Bacteroides.s__Bacteroides_finegoldii	9.6852300242
PWY-7222: guanosine deoxyribonucleotides de novo biosynthesis II|unclassified	6.8322087839
PWY-7222: guanosine deoxyribonucleotides de novo biosynthesis II|g__Bacteroides.s__Bacteroides_intestinalis	3.6984544780
PWY-7345: superpathway of anaerobic sucrose degradation	371.3545083762
GLUCUROCAT-PWY: superpathway of &beta;-D-glucuronosides degradation	369.2036582805
GLUCUROCAT-PWY: superpathway of &beta;-D-glucuronosides degradation|g__Faecalibacterium.s__Faecalibacterium_prausnitzii	135.3017143868
GLUCUROCAT-PWY: superpathway of &beta;-D-glucuronosides degradation|unclassified	22.3534456680
HISDEG-PWY: L-histidine degradation I	365.2739948283
HISDEG-PWY: L-histidine degradation I|g__Bacteroides.s__Bacteroides_uniformis	86.9714002042
HISDEG-PWY: L-histidine degradation I|g__Bacteroides.s__Bacteroides_vulgatus	53.9421158366
HISDEG-PWY: L-histidine degradation I|g__Alistipes.s__Alistipes_putredinis	47.1260469418
HISDEG-PWY: L-histidine degradation I|unclassified	41.6567623323
HISDEG-PWY: L-histidine degradation I|g__Bacteroides.s__Bacteroides_dorei	29.4426306750
HISDEG-PWY: L-histidine degradation I|g__Alistipes.s__Alistipes_finegoldii	18.3690217184
HISDEG-PWY: L-histidine degradation I|g__Alistipes.s__Alistipes_sp_CAG_268	12.7609151399
HISDEG-PWY: L-histidine degradation I|g__Parabacteroides.s__Parabacteroides_distasonis	10.2739320940
HISDEG-PWY: L-histidine degradation I|g__Bacteroides.s__Bacteroides_ovatus	9.5243603833
HISDEG-PWY: L-histidine degradation I|g__Parabacteroides.s__Parabacteroides_merdae	8.7608515093
HISDEG-PWY: L-histidine degradation I|g__Bacteroides.s__Bacteroides_thetaiotaomicron	4.5034671580
HISDEG-PWY: L-histidine degradation I|g__Bacteroides.s__Bacteroides_fragilis	0.8185937728
PWY-5484: glycolysis II (from fructose 6-phosphate)	362.5302068604
PWY-5484: glycolysis II (from fructose 6-phosphate)|unclassified	17.8207876964
PWY-7392: taxadiene biosynthesis (engineered)	361.7201464639
PWY-6292: superpathway of L-cysteine biosynthesis (mammalian)	357.8261586993
PWY-6292: superpathway of L-cysteine biosynthesis (mammalian)|unclassified	9.7529063712
PWY4FS-8: phosphatidylglycerol biosynthesis II (non-plastidic)	354.7035387642
PWY4FS-8: phosphatidylglycerol biosynthesis II (non-plastidic)|g__Roseburia.s__Roseburia_intestinalis	19.3082135457
PWY4FS-8: phosphatidylglycerol biosynthesis II (non-plastidic)|g__Fusicatenibacter.s__Fusicatenibacter_saccharivorans	17.7622093320
PWY4FS-8: phosphatidylglycerol biosynthesis II (non-plastidic)|unclassified	12.3469881901
PWY4FS-7: phosphatidylglycerol biosynthesis I (plastidic)	354.7035387642
PWY4FS-7: phosphatidylglycerol biosynthesis I (plastidic)|g__Roseburia.s__Roseburia_intestinalis	19.3082135457
PWY4FS-7: phosphatidylglycerol biosynthesis I (plastidic)|g__Fusicatenibacter.s__Fusicatenibacter_saccharivorans	17.7622093320
PWY4FS-7: phosphatidylglycerol biosynthesis I (plastidic)|unclassified	12.3469881901
PWY-7234: inosine-5'-phosphate biosynthesis III	352.2736416432
PWY-7234: inosine-5'-phosphate biosynthesis III|g__Alistipes.s__Alistipes_putredinis	48.2077249094
PWY-7234: inosine-5'-phosphate biosynthesis III|unclassified	24.5099094077
PWY-7234: inosine-5'-phosphate biosynthesis III|g__Bifidobacterium.s__Bifidobacterium_adolescentis	14.0781490294
PWY-7234: inosine-5'-phosphate biosynthesis III|g__Alistipes.s__Alistipes_finegoldii	12.7357415221
PWY-7234: inosine-5'-phosphate biosynthesis III|g__Alistipes.s__Alistipes_sp_CAG_268	11.0467765545
PWY-7234: inosine-5'-phosphate biosynthesis III|g__Parasutterella.s__Parasutterella_excrementihominis	7.8682267303
PWY-7234: inosine-5'-phosphate biosynthesis III|g__Bifidobacterium.s__Bifidobacterium_catenulatum	2.3478772831
PWY-7234: inosine-5'-phosphate biosynthesis III|g__Alistipes.s__Alistipes_onderdonkii	1.4557201135
ARGININE-SYN4-PWY: L-ornithine biosynthesis II	348.8519378869
ARGININE-SYN4-PWY: L-ornithine biosynthesis II|g__Bacteroides.s__Bacteroides_vulgatus	82.0147817416
ARGININE-SYN4-PWY: L-ornithine biosynthesis II|g__Bacteroides.s__Bacteroides_uniformis	70.0429312930
ARGININE-SYN4-PWY: L-ornithine biosynthesis II|g__Bacteroides.s__Bacteroides_dorei	27.0183237643
ARGININE-SYN4-PWY: L-ornithine biosynthesis II|g__Paraprevotella.s__Paraprevotella_clara	16.1171177221
ARGININE-SYN4-PWY: L-ornithine biosynthesis II|g__Bacteroides.s__Bacteroides_ovatus	11.0377698688
ARGININE-SYN4-PWY: L-ornithine biosynthesis II|g__Bacteroides.s__Bacteroides_finegoldii	8.5392488745
ARGININE-SYN4-PWY: L-ornithine biosynthesis II|g__Parabacteroides.s__Parabacteroides_distasonis	8.3385449239
PWY-5505: L-glutamate and L-glutamine biosynthesis	343.5671455277
PWY-5505: L-glutamate and L-glutamine biosynthesis|unclassified	34.0809571232
PWY-6305: superpathway of putrescine biosynthesis	335.0310555876
PWY-8187: L-arginine degradation XIII (reductive Stickland reaction)	332.5746583552
PWY-8187: L-arginine degradation XIII (reductive Stickland reaction)|unclassified	202.5336323196
PWY-8187: L-arginine degradation XIII (reductive Stickland reaction)|g__Asaccharobacter.s__Asaccharobacter_celatus	3.6223681232
PWY-8187: L-arginine degradation XIII (reductive Stickland reaction)|g__Adlercreutzia.s__Adlercreutzia_equolifaciens	1.9829677237
PWY-7197: pyrimidine deoxyribonucleotide phosphorylation	331.7158432646
PWY-7197: pyrimidine deoxyribonucleotide phosphorylation|g__Collinsella.s__Collinsella_aerofaciens	44.7811828565
PWY-7197: pyrimidine deoxyribonucleotide phosphorylation|g__Proteobacteria_unclassified.s__Proteobacteria_bacterium_CAG_495	19.6399345336
PWY-7197: pyrimidine deoxyribonucleotide phosphorylation|g__Parasutterella.s__Parasutterella_excrementihominis	8.1300813008
PWY-7197: pyrimidine deoxyribonucleotide phosphorylation|unclassified	7.1063678194
PWY-7242: D-fructuronate degradation	320.7276668012
PWY-7242: D-fructuronate degradation|g__Faecalibacterium.s__Faecalibacterium_prausnitzii	121.2509583125
PWY-7242: D-fructuronate degradation|unclassified	19.8038637875
PWY-5030: L-histidine degradation III	319.9478100648
PWY-5030: L-histidine degradation III|g__Bacteroides.s__Bacteroides_uniformis	98.8209222035
PWY-5030: L-histidine degradation III|g__Bacteroides.s__Bacteroides_vulgatus	58.1992929786
PWY-5030: L-histidine degradation III|g__Alistipes.s__Alistipes_putredinis	47.4393900760
PWY-5030: L-histidine degradation III|g__Bacteroides.s__Bacteroides_dorei	28.1399992639
PWY-5030: L-histidine degradation III|unclassified	22.0635274760
PWY-5030: L-histidine degradation III|g__Alistipes.s__Alistipes_finegoldii	13.7552375712
PWY-5030: L-histidine degradation III|g__Bacteroides.s__Bacteroides_ovatus	8.9890911738
PWY-6470: peptidoglycan biosynthesis V (&beta;-lactam resistance)	317.3314725074
PWY-7383: anaerobic energy metabolism (invertebrates, cytosol)	306.0064267784
PWY-7761: NAD salvage pathway II (PNC IV cycle)	305.5857023508
PWY-7761: NAD salvage pathway II (PNC IV cycle)|unclassified	68.1025948490
PWY-6608: guanosine nucleotides degradation III	288.2605048070
PWY-6608: guanosine nucleotides degradation III|g__Blautia.s__Ruminococcus_torques	47.6378228287
PWY-6608: guanosine nucleotides degradation III|g__Roseburia.s__Roseburia_intestinalis	33.1224123610
PWY-6608: guanosine nucleotides degradation III|unclassified	28.4402276276
PWY-6608: guanosine nucleotides degradation III|g__Faecalibacterium.s__Faecalibacterium_prausnitzii	26.5564914720
PWY-6608: guanosine nucleotides degradation III|g__Blautia.s__Blautia_obeum	21.2907400461
PWY-6608: guanosine nucleotides degradation III|g__Bacteroides.s__Bacteroides_finegoldii	7.2430964237
PWY-6608: guanosine nucleotides degradation III|g__Blautia.s__Blautia_wexlerae	6.9084688629
PWY-6608: guanosine nucleotides degradation III|g__Ruminococcus.s__Ruminococcus_sp_AF31_8BH	3.7511136119
PWY0-1261: anhydromuropeptides recycling I	269.1775208667
GLYCOLYSIS-E-D: superpathway of glycolysis and the Entner-Doudoroff pathway	264.9336991462
PWY66-399: gluconeogenesis III	259.3572854920
PWY-6353: purine nucleotides degradation II (aerobic)	254.3446768918
PWY-6353: purine nucleotides degradation II (aerobic)|g__Roseburia.s__Roseburia_intestinalis	30.9227485918
PWY-6353: purine nucleotides degradation II (aerobic)|unclassified	21.8001001978
PWY-6353: purine nucleotides degradation II (aerobic)|g__Blautia.s__Ruminococcus_torques	21.2644827063
METH-ACETATE-PWY: methanogenesis from acetate	252.5711180420
METH-ACETATE-PWY: methanogenesis from acetate|g__Blautia.s__Blautia_wexlerae	24.5720003077
METH-ACETATE-PWY: methanogenesis from acetate|g__Blautia.s__Blautia_sp	13.2986830751
METH-ACETATE-PWY: methanogenesis from acetate|g__Blautia.s__Blautia_obeum	10.7033875510
METH-ACETATE-PWY: methanogenesis from acetate|g__Fusicatenibacter.s__Fusicatenibacter_saccharivorans	8.7934928153
METH-ACETATE-PWY: methanogenesis from acetate|g__Ruminococcus.s__Ruminococcus_sp_AF31_8BH	6.2130850532
PWY-6630: superpathway of L-tyrosine biosynthesis	252.1838068407
PWY-I9: L-cysteine biosynthesis VI (from L-methionine)	251.9785144470
PWY-I9: L-cysteine biosynthesis VI (from L-methionine)|g__Blautia.s__Ruminococcus_torques	42.5015333368
PWY-I9: L-cysteine biosynthesis VI (from L-methionine)|g__Roseburia.s__Roseburia_intestinalis	31.4585878794
PWY-I9: L-cysteine biosynthesis VI (from L-methionine)|g__Anaerostipes.s__Anaerostipes_hadrus	11.8776210634
PWY-I9: L-cysteine biosynthesis VI (from L-methionine)|unclassified	9.8961361207
PWY-I9: L-cysteine biosynthesis VI (from L-methionine)|g__Ruminococcus.s__Ruminococcus_sp_AF31_8BH	7.4266617156
PWY-I9: L-cysteine biosynthesis VI (from L-methionine)|g__Blautia.s__Blautia_sp	3.7540481264
FASYN-ELONG-PWY: fatty acid elongation -- saturated	247.0970184805
FASYN-ELONG-PWY: fatty acid elongation -- saturated|g__Alistipes.s__Alistipes_finegoldii	23.2983209858
FASYN-ELONG-PWY: fatty acid elongation -- saturated|g__Alistipes.s__Alistipes_onderdonkii	3.1333692767
PWY0-845: superpathway of pyridoxal 5'-phosphate biosynthesis and salvage	244.0519792755
PWY0-845: superpathway of pyridoxal 5'-phosphate biosynthesis and salvage|g__Bacteroides.s__Bacteroides_uniformis	61.5745682011
BIOTIN-BIOSYNTHESIS-PWY: biotin biosynthesis I	242.3196219645
PWY-702: L-methionine biosynthesis II	240.7222079965
PWY-702: L-methionine biosynthesis II|unclassified	10.8158450826
PWY-702: L-methionine biosynthesis II|g__Blautia.s__Ruminococcus_torques	10.6180503525
PWY-8004: Entner-Doudoroff pathway I	236.4867753725
PWY-8004: Entner-Doudoroff pathway I|g__Parabacteroides.s__Parabacteroides_distasonis	10.3523074309
POLYISOPRENSYN-PWY: polyisoprenoid biosynthesis (E. coli)	235.1931089038
PWY-6895: superpathway of thiamine diphosphate biosynthesis II	235.0549724162
PWY-6895: superpathway of thiamine diphosphate biosynthesis II|unclassified	31.0672544607
PWY-7664: oleate biosynthesis IV (anaerobic)	227.9006510868
PWY-7664: oleate biosynthesis IV (anaerobic)|g__Alistipes.s__Alistipes_finegoldii	20.8625603303
PWY-7664: oleate biosynthesis IV (anaerobic)|g__Alistipes.s__Alistipes_onderdonkii	2.9750879089
LACTOSECAT-PWY: lactose and galactose degradation I	225.7583546973
LACTOSECAT-PWY: lactose and galactose degradation I|g__Collinsella.s__Collinsella_aerofaciens	107.5975651611
LACTOSECAT-PWY: lactose and galactose degradation I|unclassified	29.6110263473
ARG+POLYAMINE-SYN: superpathway of arginine and polyamine biosynthesis	218.0846243775
PWY-6519: 8-amino-7-oxononanoate biosynthesis I	217.7521021001
PWY-6969: TCA cycle V (2-oxoglutarate synthase)	206.9293271259
PWY0-862: (5Z)-dodecenoate biosynthesis I	206.5096711786
PWY0-862: (5Z)-dodecenoate biosynthesis I|g__Alistipes.s__Alistipes_finegoldii	18.3102009007
PWY0-862: (5Z)-dodecenoate biosynthesis I|g__Alistipes.s__Alistipes_onderdonkii	2.7873514258
PWY-1269: CMP-3-deoxy-D-manno-octulosonate biosynthesis	203.5355529766
PWY-1269: CMP-3-deoxy-D-manno-octulosonate biosynthesis|g__Bacteroides.s__Bacteroides_uniformis	61.1740716050
PWY-1269: CMP-3-deoxy-D-manno-octulosonate biosynthesis|g__Bacteroides.s__Bacteroides_finegoldii	6.4226075787
PWY-1269: CMP-3-deoxy-D-manno-octulosonate biosynthesis|g__Bacteroides.s__Bacteroides_ovatus	6.0957025297
PWY-6282: palmitoleate biosynthesis I (from (5Z)-dodec-5-enoate)	202.0569561560
PWY-6282: palmitoleate biosynthesis I (from (5Z)-dodec-5-enoate)|g__Alistipes.s__Alistipes_finegoldii	21.3587799300
PWY-6282: palmitoleate biosynthesis I (from (5Z)-dodec-5-enoate)|g__Alistipes.s__Alistipes_onderdonkii	2.7496345877
PWY-5989: stearate biosynthesis II (bacteria and plants)	202.0350353636
PWY-5989: stearate biosynthesis II (bacteria and plants)|g__Alistipes.s__Alistipes_finegoldii	19.9080857111
PWY-5989: stearate biosynthesis II (bacteria and plants)|g__Alistipes.s__Alistipes_onderdonkii	2.6010270321
PYRIDOXSYN-PWY: pyridoxal 5'-phosphate biosynthesis I	194.4244752213
PYRIDOXSYN-PWY: pyridoxal 5'-phosphate biosynthesis I|g__Bacteroides.s__Bacteroides_uniformis	51.7641198032
NAGLIPASYN-PWY: lipid IVA biosynthesis (E. coli)	192.1681018881
NAGLIPASYN-PWY: lipid IVA biosynthesis (E. coli)|g__Bacteroides.s__Bacteroides_uniformis	81.4551026102
PWY-8073: lipid IVA biosynthesis (P. putida)	192.1681018881
PWY-8073: lipid IVA biosynthesis (P. putida)|g__Bacteroides.s__Bacteroides_uniformis	81.4551026102
PWY-5497: purine nucleobases degradation II (anaerobic)	181.1983673478
PWY-5497: purine nucleobases degradation II (anaerobic)|g__Roseburia.s__Roseburia_intestinalis	37.3573092933
PWY-4041: &gamma;-glutamyl cycle	180.2201373615
PWY-4041: &gamma;-glutamyl cycle|g__Bifidobacterium.s__Bifidobacterium_longum	6.3817663818
GALACTUROCAT-PWY: D-galacturonate degradation I	178.0246761367
GALACTUROCAT-PWY: D-galacturonate degradation I|g__Faecalibacterium.s__Faecalibacterium_prausnitzii	131.8251660275
GALACTUROCAT-PWY: D-galacturonate degradation I|unclassified	10.9524120903
PWY-6549: L-glutamine biosynthesis III	171.6474238897
PWY-6549: L-glutamine biosynthesis III|unclassified	18.0652877949
DAPLYSINESYN-PWY: L-lysine biosynthesis I	167.4863287184
DAPLYSINESYN-PWY: L-lysine biosynthesis I|g__Bifidobacterium.s__Bifidobacterium_adolescentis	17.0116746360
DAPLYSINESYN-PWY: L-lysine biosynthesis I|unclassified	13.9796585430
DAPLYSINESYN-PWY: L-lysine biosynthesis I|g__Bifidobacterium.s__Bifidobacterium_pseudocatenulatum	7.2679412246
PWY-6859: all-trans-farnesol biosynthesis	156.7816674945
PWY-6507: 4-deoxy-L-threo-hex-4-enopyranuronate degradation	155.3794030331
PWY-6507: 4-deoxy-L-threo-hex-4-enopyranuronate degradation|g__Faecalibacterium.s__Faecalibacterium_prausnitzii	122.2714266041
PWY-6507: 4-deoxy-L-threo-hex-4-enopyranuronate degradation|unclassified	26.2336981101
PWY-2941: L-lysine biosynthesis II	151.6232025010
PWY0-1479: tRNA processing	150.0116438518
SALVADEHYPOX-PWY: adenosine nucleotides degradation II	149.9539168471
SALVADEHYPOX-PWY: adenosine nucleotides degradation II|g__Roseburia.s__Roseburia_intestinalis	29.8610232846
SALVADEHYPOX-PWY: adenosine nucleotides degradation II|unclassified	26.2180765113
SALVADEHYPOX-PWY: adenosine nucleotides degradation II|g__Faecalibacterium.s__Faecalibacterium_prausnitzii	24.1372592440
SALVADEHYPOX-PWY: adenosine nucleotides degradation II|g__Blautia.s__Ruminococcus_torques	12.4980462302
P164-PWY: purine nucleobases degradation I (anaerobic)	146.0554330312
P164-PWY: purine nucleobases degradation I (anaerobic)|unclassified	9.4600415948
PWY-7198: pyrimidine deoxyribonucleotides de novo biosynthesis IV	145.6011832295
PWY-7198: pyrimidine deoxyribonucleotides de novo biosynthesis IV|unclassified	8.7094723789
P441-PWY: superpathway of N-acetylneuraminate degradation	141.3234821936
PWY-6606: guanosine nucleotides degradation II	141.0303037847
PWY-6606: guanosine nucleotides degradation II|g__Roseburia.s__Roseburia_intestinalis	33.1224123610
PWY-6606: guanosine nucleotides degradation II|g__Blautia.s__Ruminococcus_torques	14.4944922489
PWY-6606: guanosine nucleotides degradation II|unclassified	11.0219529566
PWY-7356: thiamine diphosphate salvage IV (yeast)	126.9097480079
PWY-7356: thiamine diphosphate salvage IV (yeast)|unclassified	19.2074145918
FUC-RHAMCAT-PWY: superpathway of fucose and rhamnose degradation	126.7083820410
PWY-6906: chitin derivatives degradation	122.6768869513
PWY-7117: C4 photosynthetic carbon assimilation cycle, PEPCK type	121.2949200135
POLYAMSYN-PWY: superpathway of polyamine biosynthesis I	119.7963384008
GALACT-GLUCUROCAT-PWY: superpathway of hexuronide and hexuronate degradation	119.7534795105
PWY-6168: flavin biosynthesis III (fungi)	115.7320695535
PWY-241: C4 photosynthetic carbon assimilation cycle, NADP-ME type	111.3651718182
PWY-5130: 2-oxobutanoate degradation I	109.5090136959
PWY-5130: 2-oxobutanoate degradation I|g__Alistipes.s__Alistipes_putredinis	55.3860633542
PWY-7211: superpathway of pyrimidine deoxyribonucleotides de novo biosynthesis	107.4723250000
PWY-6590: superpathway of Clostridium acetobutylicum acidogenic fermentation	105.4637918865
PWY0-1298: superpathway of pyrimidine deoxyribonucleosides degradation	96.2313585314
PWY0-1061: superpathway of L-alanine biosynthesis	93.3114439652
PWY0-1061: superpathway of L-alanine biosynthesis|g__Blautia.s__Ruminococcus_torques	20.8954582544
PWY0-1061: superpathway of L-alanine biosynthesis|g__Bifidobacterium.s__Bifidobacterium_adolescentis	12.8890991056
PWY0-1061: superpathway of L-alanine biosynthesis|g__Lachnospiraceae_unclassified.s__Eubacterium_rectale	12.7862724053
PWY-5913: partial TCA cycle (obligate autotrophs)	83.3500576599
PWY-5913: partial TCA cycle (obligate autotrophs)|unclassified	8.3521150999
CENTFERM-PWY: pyruvate fermentation to butanoate	81.8875778111
PWY-7115: C4 photosynthetic carbon assimilation cycle, NAD-ME type	79.7343610932
PWY-6902: chitin degradation II (Vibrio)	75.1413645373
PWY-6902: chitin degradation II (Vibrio)|g__Bacteroides.s__Bacteroides_vulgatus	30.6446384988
PWY-6902: chitin degradation II (Vibrio)|g__Fusicatenibacter.s__Fusicatenibacter_saccharivorans	16.4491291329
PWY-6902: chitin degradation II (Vibrio)|g__Bacteroides.s__Bacteroides_uniformis	15.0767863270
PWY-6902: chitin degradation II (Vibrio)|g__Bifidobacterium.s__Bifidobacterium_pseudocatenulatum	5.2078584109
PWY-6902: chitin degradation II (Vibrio)|g__Bifidobacterium.s__Bifidobacterium_bifidum	1.2706494187
PWY-7210: pyrimidine deoxyribonucleotides biosynthesis from CTP	71.0746059892
PWY-5136: fatty acid &beta;-oxidation II (plant peroxisome)	67.7488158990
PWY-5136: fatty acid &beta;-oxidation II (plant peroxisome)|g__Coprococcus.s__Coprococcus_catus	6.8789278678
FUCCAT-PWY: fucose degradation	67.7109001930
FUCCAT-PWY: fucose degradation|g__Blautia.s__Ruminococcus_torques	11.5401121702
FUCCAT-PWY: fucose degradation|g__Blautia.s__Blautia_sp	10.6399361604
FUCCAT-PWY: fucose degradation|g__Ruminococcus.s__Ruminococcus_sp_AF31_8BH	9.0990302349
PWY-8131: 5'-deoxyadenosine degradation II	67.2438019967
PWY-8131: 5'-deoxyadenosine degradation II|unclassified	17.8621470322
PWY-6545: pyrimidine deoxyribonucleotides de novo biosynthesis III	65.8857377447
PWY-7196: superpathway of pyrimidine ribonucleosides salvage	65.7789228711
PWY-7184: pyrimidine deoxyribonucleotides de novo biosynthesis I	65.7521170256
GLUDEG-I-PWY: GABA shunt	63.0341030405
PWY0-781: aspartate superpathway	61.8721116666
PPGPPMET-PWY: ppGpp metabolism	61.8269539523
PPGPPMET-PWY: ppGpp metabolism|unclassified	13.4662054944
P4-PWY: superpathway of L-lysine, L-threonine and L-methionine biosynthesis I	58.6858874220
P124-PWY: Bifidobacterium shunt	58.2353361273
P124-PWY: Bifidobacterium shunt|g__Bifidobacterium.s__Bifidobacterium_pseudocatenulatum	6.7277721345
PWY-1861: formaldehyde assimilation II (assimilatory RuMP Cycle)	56.1646929484
PWY-1861: formaldehyde assimilation II (assimilatory RuMP Cycle)|unclassified	25.4938920816
PWY-5345: superpathway of L-methionine biosynthesis (by sulfhydrylation)	55.0912933758
PWY-5345: superpathway of L-methionine biosynthesis (by sulfhydrylation)|unclassified	35.1136222713
PWY-5005: biotin biosynthesis II	51.4556663611
PWY-5005: biotin biosynthesis II|g__Blautia.s__Ruminococcus_torques	10.2877069135
PWY-7992: superpathway of menaquinol-8 biosynthesis III	51.4361473718
P461-PWY: hexitol fermentation to lactate, formate, ethanol and acetate	49.9649551314
P461-PWY: hexitol fermentation to lactate, formate, ethanol and acetate|g__Anaerostipes.s__Anaerostipes_hadrus	22.7819175836
FOLSYN-PWY: superpathway of tetrahydrofolate biosynthesis and salvage	48.8512277916
PWY0-1241: ADP-L-glycero-&beta;-D-manno-heptose biosynthesis	48.3105097168
PWY0-1241: ADP-L-glycero-&beta;-D-manno-heptose biosynthesis|unclassified	8.6378968165
PWY-7185: UTP and CTP dephosphorylation I	48.0401505949
PWY-7185: UTP and CTP dephosphorylation I|g__Faecalibacterium.s__Faecalibacterium_prausnitzii	29.5101122511
PWY-7013: (S)-propane-1,2-diol degradation	45.9670807948
PWY-7013: (S)-propane-1,2-diol degradation|unclassified	18.0237250820
PWY-7013: (S)-propane-1,2-diol degradation|g__Eubacterium.s__Eubacterium_hallii	8.8733216579
SULFATE-CYS-PWY: superpathway of sulfate assimilation and cysteine biosynthesis	45.5240996169
SULFATE-CYS-PWY: superpathway of sulfate assimilation and cysteine biosynthesis|unclassified	11.8916129700
PWY-5676: acetyl-CoA fermentation to butanoate II	36.3835054882
TCA: TCA cycle I (prokaryotic)	36.1991871265
PWY-7883: anhydromuropeptides recycling II	35.0986106738
PWY-7209: superpathway of pyrimidine ribonucleosides degradation	34.7284849322
MET-SAM-PWY: superpathway of S-adenosyl-L-methionine biosynthesis	34.5264699065
PWY1ZNC-1: assimilatory sulfate reduction IV	34.3846853457
PWY1ZNC-1: assimilatory sulfate reduction IV|unclassified	18.1077302209
PWY-5347: superpathway of L-methionine biosynthesis (transsulfuration)	34.3797748202
PWY-6588: pyruvate fermentation to acetone	33.7153765586
PWY-6588: pyruvate fermentation to acetone|g__Coprococcus.s__Coprococcus_catus	7.3648516470
HEMESYN2-PWY: heme b biosynthesis II (oxygen-independent)	33.6965522323
HEMESYN2-PWY: heme b biosynthesis II (oxygen-independent)|g__Parasutterella.s__Parasutterella_excrementihominis	7.2300045188
PWY-6612: superpathway of tetrahydrofolate biosynthesis	32.8650748365
GOLPDLCAT-PWY: superpathway of glycerol degradation to 1,3-propanediol	31.3619507126
GOLPDLCAT-PWY: superpathway of glycerol degradation to 1,3-propanediol|g__Blautia.s__Ruminococcus_torques	12.5208990412
GOLPDLCAT-PWY: superpathway of glycerol degradation to 1,3-propanediol|unclassified	7.7303963984
GOLPDLCAT-PWY: superpathway of glycerol degradation to 1,3-propanediol|g__Eubacterium.s__Eubacterium_hallii	7.0108916386
METSYN-PWY: superpathway of L-homoserine and L-methionine biosynthesis	30.3738457130
PYRIDNUCSAL-PWY: NAD salvage pathway I (PNC VI cycle)	22.2300356827
SO4ASSIM-PWY: assimilatory sulfate reduction I	20.7677074693
SO4ASSIM-PWY: assimilatory sulfate reduction I|unclassified	18.1564269035
PWY-7371: 1,4-dihydroxy-6-naphthoate biosynthesis II	20.7400060394
PWY-7315: dTDP-N-acetylthomosamine biosynthesis	20.3299047351
HEME-BIOSYNTHESIS-II: heme b biosynthesis I (aerobic)	19.0949796011
METHGLYUT-PWY: superpathway of methylglyoxal degradation	18.7113233709
P185-PWY: formaldehyde assimilation III (dihydroxyacetone cycle)	18.5661100998
P185-PWY: formaldehyde assimilation III (dihydroxyacetone cycle)|unclassified	9.3637744024
PWY0-1297: superpathway of purine deoxyribonucleosides degradation	18.4496827911
HOMOSER-METSYN-PWY: L-methionine biosynthesis I	17.5195340916
PWY3O-4107: NAD salvage pathway V (PNC V cycle)	16.3189763390
PWY-5981: CDP-diacylglycerol biosynthesis III	16.1397434662
P42-PWY: incomplete reductive TCA cycle	15.6651545936
PWY-5675: nitrate reduction V (assimilatory)	15.5799405439
PWY-5675: nitrate reduction V (assimilatory)|unclassified	14.6542045607
PWY4LZ-257: superpathway of fermentation (Chlamydomonas reinhardtii)	15.2998543301
PWY0-301: L-ascorbate degradation I (bacterial, anaerobic)	14.7282211642
PWY0-301: L-ascorbate degradation I (bacterial, anaerobic)|unclassified	9.4116912141
PWY-6607: guanosine nucleotides degradation I	13.8113535224
PWY-6595: superpathway of guanosine nucleotides degradation (plants)	13.8003719337
NAD-BIOSYNTHESIS-II: NAD salvage pathway III (to nicotinamide riboside)	13.0093019689
PWY-6531: mannitol cycle	13.0046896458
P161-PWY: acetylene degradation (anaerobic)	12.2988872947
PWY0-1477: ethanolamine utilization	12.2988872947
REDCITCYC: TCA cycle VI (Helicobacter)	11.6972456185
PWY-7254: TCA cycle VII (acetate-producers)	11.4946446907
PWY-6922: L-N&delta;-acetylornithine biosynthesis	11.2244041444
PWY-6807: xyloglucan degradation II (exoglucanase)	11.1158172338
PWY-6435: 4-hydroxybenzoate biosynthesis III (plants)	11.1122264261
P125-PWY: superpathway of (R,R)-butanediol biosynthesis	5.8121210727