# Pathway	64_S78_L001_R1_001_Coverage
UNMAPPED	1.0000000000
UNINTEGRATED	1.0000000000
UNINTEGRATED|g__Agathobaculum.s__Agathobaculum_butyriciproducens	1.0000000000
UNINTEGRATED|g__Alistipes.s__Alistipes_finegoldii	1.0000000000
UNINTEGRATED|g__Alistipes.s__Alistipes_onderdonkii	1.0000000000
UNINTEGRATED|g__Alistipes.s__Alistipes_putredinis	1.0000000000
UNINTEGRATED|g__Alistipes.s__Alistipes_shahii	1.0000000000
UNINTEGRATED|g__Anaerostipes.s__Anaerostipes_hadrus	1.0000000000
UNINTEGRATED|g__Bacteroides.s__Bacteroides_caccae	1.0000000000
UNINTEGRATED|g__Bacteroides.s__Bacteroides_dorei	1.0000000000
UNINTEGRATED|g__Bacteroides.s__Bacteroides_finegoldii	1.0000000000
UNINTEGRATED|g__Bacteroides.s__Bacteroides_fragilis	1.0000000000
UNINTEGRATED|g__Bacteroides.s__Bacteroides_intestinalis	1.0000000000
UNINTEGRATED|g__Bacteroides.s__Bacteroides_ovatus	1.0000000000
UNINTEGRATED|g__Bacteroides.s__Bacteroides_stercoris	1.0000000000
UNINTEGRATED|g__Bacteroides.s__Bacteroides_thetaiotaomicron	1.0000000000
UNINTEGRATED|g__Bacteroides.s__Bacteroides_uniformis	1.0000000000
UNINTEGRATED|g__Bacteroides.s__Bacteroides_vulgatus	1.0000000000
UNINTEGRATED|g__Barnesiella.s__Barnesiella_intestinihominis	1.0000000000
UNINTEGRATED|g__Bifidobacterium.s__Bifidobacterium_adolescentis	1.0000000000
UNINTEGRATED|g__Bifidobacterium.s__Bifidobacterium_catenulatum	1.0000000000
UNINTEGRATED|g__Bifidobacterium.s__Bifidobacterium_longum	1.0000000000
UNINTEGRATED|g__Bifidobacterium.s__Bifidobacterium_pseudocatenulatum	1.0000000000
UNINTEGRATED|g__Bilophila.s__Bilophila_wadsworthia	1.0000000000
UNINTEGRATED|g__Blautia.s__Blautia_obeum	1.0000000000
UNINTEGRATED|g__Blautia.s__Blautia_sp_AF19_10LB	1.0000000000
UNINTEGRATED|g__Blautia.s__Blautia_wexlerae	1.0000000000
UNINTEGRATED|g__Blautia.s__Ruminococcus_torques	1.0000000000
UNINTEGRATED|g__Butyricimonas.s__Butyricimonas_synergistica	1.0000000000
UNINTEGRATED|g__Butyricimonas.s__Butyricimonas_virosa	1.0000000000
UNINTEGRATED|g__Citrobacter.s__Citrobacter_freundii	1.0000000000
UNINTEGRATED|g__Clostridiales_unclassified.s__Clostridiales_bacterium_KLE1615	1.0000000000
UNINTEGRATED|g__Clostridium.s__Clostridium_sp_CAG_356	1.0000000000
UNINTEGRATED|g__Collinsella.s__Collinsella_aerofaciens	1.0000000000
UNINTEGRATED|g__Coprococcus.s__Coprococcus_catus	1.0000000000
UNINTEGRATED|g__Coprococcus.s__Coprococcus_comes	1.0000000000
UNINTEGRATED|g__Dialister.s__Dialister_invisus	1.0000000000
UNINTEGRATED|g__Dorea.s__Dorea_longicatena	1.0000000000
UNINTEGRATED|g__Enterobacter.s__Enterobacter_cloacae	1.0000000000
UNINTEGRATED|g__Escherichia.s__Escherichia_coli	1.0000000000
UNINTEGRATED|g__Escherichia.s__Escherichia_fergusonii	1.0000000000
UNINTEGRATED|g__Eubacterium.s__Eubacterium_eligens	1.0000000000
UNINTEGRATED|g__Eubacterium.s__Eubacterium_sp_CAG_251	1.0000000000
UNINTEGRATED|g__Faecalibacterium.s__Faecalibacterium_prausnitzii	1.0000000000
UNINTEGRATED|g__Firmicutes_unclassified.s__Firmicutes_bacterium_CAG_102	1.0000000000
UNINTEGRATED|g__Firmicutes_unclassified.s__Firmicutes_bacterium_CAG_103	1.0000000000
UNINTEGRATED|g__Firmicutes_unclassified.s__Firmicutes_bacterium_CAG_129	1.0000000000
UNINTEGRATED|g__Firmicutes_unclassified.s__Firmicutes_bacterium_CAG_41	1.0000000000
UNINTEGRATED|g__Firmicutes_unclassified.s__Firmicutes_bacterium_CAG_56	1.0000000000
UNINTEGRATED|g__Firmicutes_unclassified.s__Firmicutes_bacterium_CAG_83	1.0000000000
UNINTEGRATED|g__Gemmiger.s__Gemmiger_formicilis	1.0000000000
UNINTEGRATED|g__Klebsiella.s__Klebsiella_michiganensis	1.0000000000
UNINTEGRATED|g__Klebsiella.s__Klebsiella_oxytoca	1.0000000000
UNINTEGRATED|g__Lachnospiraceae_unclassified.s__Eubacterium_rectale	1.0000000000
UNINTEGRATED|g__Odoribacter.s__Odoribacter_splanchnicus	1.0000000000
UNINTEGRATED|g__Parabacteroides.s__Parabacteroides_distasonis	1.0000000000
UNINTEGRATED|g__Parabacteroides.s__Parabacteroides_goldsteinii	1.0000000000
UNINTEGRATED|g__Parabacteroides.s__Parabacteroides_merdae	1.0000000000
UNINTEGRATED|g__Paraprevotella.s__Paraprevotella_xylaniphila	1.0000000000
UNINTEGRATED|g__Prevotella.s__Prevotella_sp_CAG_1320	1.0000000000
UNINTEGRATED|g__Roseburia.s__Roseburia_faecis	1.0000000000
UNINTEGRATED|g__Roseburia.s__Roseburia_hominis	1.0000000000
UNINTEGRATED|g__Roseburia.s__Roseburia_inulinivorans	1.0000000000
UNINTEGRATED|g__Ruminococcus.s__Ruminococcus_bicirculans	1.0000000000
UNINTEGRATED|g__Ruminococcus.s__Ruminococcus_bromii	1.0000000000
UNINTEGRATED|g__Subdoligranulum.s__Subdoligranulum_sp_APC924_74	1.0000000000
UNINTEGRATED|g__Sutterella.s__Sutterella_wadsworthensis	1.0000000000
UNINTEGRATED|unclassified	1.0000000000
PWY-7238: sucrose biosynthesis II	1.0000000000
PWY-7238: sucrose biosynthesis II|g__Faecalibacterium.s__Faecalibacterium_prausnitzii	1.0000000000
PWY-7238: sucrose biosynthesis II|unclassified	1.0000000000
PWY-7238: sucrose biosynthesis II|g__Escherichia.s__Escherichia_coli	0.3922096222
PWY-7238: sucrose biosynthesis II|g__Bacteroides.s__Bacteroides_uniformis	0.8535282056
PWY-7238: sucrose biosynthesis II|g__Subdoligranulum.s__Subdoligranulum_sp_APC924_74	0.9827687598
PWY-7238: sucrose biosynthesis II|g__Bacteroides.s__Bacteroides_stercoris	0.4699267288
PWY-7238: sucrose biosynthesis II|g__Lachnospiraceae_unclassified.s__Eubacterium_rectale	0.9966876321
PWY-7238: sucrose biosynthesis II|g__Firmicutes_unclassified.s__Firmicutes_bacterium_CAG_129	0.8154399754
PWY-7238: sucrose biosynthesis II|g__Eubacterium.s__Eubacterium_sp_CAG_251	0.9778087318
PWY-7238: sucrose biosynthesis II|g__Gemmiger.s__Gemmiger_formicilis	0.6346237930
PWY-7238: sucrose biosynthesis II|g__Klebsiella.s__Klebsiella_oxytoca	0.9975388851
PWY-7238: sucrose biosynthesis II|g__Blautia.s__Ruminococcus_torques	0.7417760752
PWY-7238: sucrose biosynthesis II|g__Eubacterium.s__Eubacterium_eligens	0.6714709092
PWY-7238: sucrose biosynthesis II|g__Bifidobacterium.s__Bifidobacterium_adolescentis	0.9052745153
PWY-7238: sucrose biosynthesis II|g__Ruminococcus.s__Ruminococcus_bicirculans	0.5405172344
PWY-7238: sucrose biosynthesis II|g__Bifidobacterium.s__Bifidobacterium_pseudocatenulatum	0.8542567579
PWY-7238: sucrose biosynthesis II|g__Collinsella.s__Collinsella_aerofaciens	0.5433377712
PWY-7238: sucrose biosynthesis II|g__Firmicutes_unclassified.s__Firmicutes_bacterium_CAG_83	0.5575682062
PWY-7238: sucrose biosynthesis II|g__Ruminococcus.s__Ruminococcus_bromii	0.2806842531
PWY-7238: sucrose biosynthesis II|g__Blautia.s__Blautia_sp_AF19_10LB	0.7359638741
PWY-7238: sucrose biosynthesis II|g__Alistipes.s__Alistipes_shahii	0.1828488162
PWY-7238: sucrose biosynthesis II|g__Roseburia.s__Roseburia_faecis	0.5524678557
PWY-7238: sucrose biosynthesis II|g__Clostridiales_unclassified.s__Clostridiales_bacterium_KLE1615	0.4605010304
PWY-7238: sucrose biosynthesis II|g__Bifidobacterium.s__Bifidobacterium_catenulatum	0.5261619989
PWY-7238: sucrose biosynthesis II|g__Citrobacter.s__Citrobacter_freundii	0.0000000000
PWY-7238: sucrose biosynthesis II|g__Bacteroides.s__Bacteroides_finegoldii	0.0000001856
PWY-7238: sucrose biosynthesis II|g__Blautia.s__Blautia_obeum	0.3538010957
PWY-7238: sucrose biosynthesis II|g__Enterobacter.s__Enterobacter_cloacae	0.0491848693
PWY0-1586: peptidoglycan maturation (meso-diaminopimelate containing)	1.0000000000
PWY0-1586: peptidoglycan maturation (meso-diaminopimelate containing)|g__Escherichia.s__Escherichia_coli	1.0000000000
PWY0-1586: peptidoglycan maturation (meso-diaminopimelate containing)|g__Faecalibacterium.s__Faecalibacterium_prausnitzii	0.0000000000
PWY0-1586: peptidoglycan maturation (meso-diaminopimelate containing)|unclassified	0.9999632834
PWY0-1586: peptidoglycan maturation (meso-diaminopimelate containing)|g__Klebsiella.s__Klebsiella_oxytoca	1.0000000000
PWY0-1586: peptidoglycan maturation (meso-diaminopimelate containing)|g__Citrobacter.s__Citrobacter_freundii	1.0000000000
PWY0-1586: peptidoglycan maturation (meso-diaminopimelate containing)|g__Bacteroides.s__Bacteroides_uniformis	0.0000598909
PWY0-1586: peptidoglycan maturation (meso-diaminopimelate containing)|g__Bacteroides.s__Bacteroides_stercoris	0.5194354174
PWY0-1586: peptidoglycan maturation (meso-diaminopimelate containing)|g__Lachnospiraceae_unclassified.s__Eubacterium_rectale	0.9596168302
PWY0-1586: peptidoglycan maturation (meso-diaminopimelate containing)|g__Bacteroides.s__Bacteroides_dorei	0.0886017059
PWY0-1586: peptidoglycan maturation (meso-diaminopimelate containing)|g__Bacteroides.s__Bacteroides_ovatus	0.8317011929
PWY0-1586: peptidoglycan maturation (meso-diaminopimelate containing)|g__Sutterella.s__Sutterella_wadsworthensis	0.8161026786
PWY0-1586: peptidoglycan maturation (meso-diaminopimelate containing)|g__Ruminococcus.s__Ruminococcus_bicirculans	0.7924613405
PWY0-1586: peptidoglycan maturation (meso-diaminopimelate containing)|g__Bifidobacterium.s__Bifidobacterium_catenulatum	0.9776960540
PWY0-1586: peptidoglycan maturation (meso-diaminopimelate containing)|g__Collinsella.s__Collinsella_aerofaciens	0.5888212716
PWY0-1586: peptidoglycan maturation (meso-diaminopimelate containing)|g__Bacteroides.s__Bacteroides_vulgatus	0.0925800585
PWY0-1586: peptidoglycan maturation (meso-diaminopimelate containing)|g__Klebsiella.s__Klebsiella_michiganensis	0.9344375194
PWY0-1586: peptidoglycan maturation (meso-diaminopimelate containing)|g__Bacteroides.s__Bacteroides_thetaiotaomicron	0.6943288853
PWY0-1586: peptidoglycan maturation (meso-diaminopimelate containing)|g__Bifidobacterium.s__Bifidobacterium_pseudocatenulatum	0.0031901462
PWY0-1586: peptidoglycan maturation (meso-diaminopimelate containing)|g__Bacteroides.s__Bacteroides_fragilis	0.4984515668
PWY0-1586: peptidoglycan maturation (meso-diaminopimelate containing)|g__Enterobacter.s__Enterobacter_cloacae	0.0454646908
PWY0-1586: peptidoglycan maturation (meso-diaminopimelate containing)|g__Escherichia.s__Escherichia_fergusonii	0.0000015490
VALSYN-PWY: L-valine biosynthesis	1.0000000000
VALSYN-PWY: L-valine biosynthesis|g__Faecalibacterium.s__Faecalibacterium_prausnitzii	0.6302316201
VALSYN-PWY: L-valine biosynthesis|g__Escherichia.s__Escherichia_coli	0.9898150680
VALSYN-PWY: L-valine biosynthesis|g__Prevotella.s__Prevotella_sp_CAG_1320	0.2089931632
VALSYN-PWY: L-valine biosynthesis|unclassified	0.8487881326
VALSYN-PWY: L-valine biosynthesis|g__Bacteroides.s__Bacteroides_uniformis	0.4895622324
VALSYN-PWY: L-valine biosynthesis|g__Subdoligranulum.s__Subdoligranulum_sp_APC924_74	0.9102580561
VALSYN-PWY: L-valine biosynthesis|g__Bacteroides.s__Bacteroides_stercoris	0.4227586046
VALSYN-PWY: L-valine biosynthesis|g__Citrobacter.s__Citrobacter_freundii	0.9608903397
VALSYN-PWY: L-valine biosynthesis|g__Bacteroides.s__Bacteroides_dorei	0.5787698320
VALSYN-PWY: L-valine biosynthesis|g__Gemmiger.s__Gemmiger_formicilis	0.7946212939
VALSYN-PWY: L-valine biosynthesis|g__Lachnospiraceae_unclassified.s__Eubacterium_rectale	0.2475717592
VALSYN-PWY: L-valine biosynthesis|g__Alistipes.s__Alistipes_onderdonkii	0.9727261917
VALSYN-PWY: L-valine biosynthesis|g__Blautia.s__Ruminococcus_torques	0.5546581789
VALSYN-PWY: L-valine biosynthesis|g__Ruminococcus.s__Ruminococcus_bicirculans	0.8005843286
VALSYN-PWY: L-valine biosynthesis|g__Escherichia.s__Escherichia_fergusonii	0.9903963307
VALSYN-PWY: L-valine biosynthesis|g__Bacteroides.s__Bacteroides_ovatus	0.7575235742
VALSYN-PWY: L-valine biosynthesis|g__Eubacterium.s__Eubacterium_eligens	0.7382358166
VALSYN-PWY: L-valine biosynthesis|g__Bacteroides.s__Bacteroides_caccae	0.7275782530
VALSYN-PWY: L-valine biosynthesis|g__Bacteroides.s__Bacteroides_finegoldii	0.4461854324
VALSYN-PWY: L-valine biosynthesis|g__Bifidobacterium.s__Bifidobacterium_adolescentis	0.7112363550
VALSYN-PWY: L-valine biosynthesis|g__Parabacteroides.s__Parabacteroides_distasonis	0.8132018031
VALSYN-PWY: L-valine biosynthesis|g__Paraprevotella.s__Paraprevotella_xylaniphila	0.3177806531
VALSYN-PWY: L-valine biosynthesis|g__Ruminococcus.s__Ruminococcus_bromii	0.6154316615
VALSYN-PWY: L-valine biosynthesis|g__Bacteroides.s__Bacteroides_vulgatus	0.3732190292
VALSYN-PWY: L-valine biosynthesis|g__Eubacterium.s__Eubacterium_sp_CAG_251	0.0203775094
VALSYN-PWY: L-valine biosynthesis|g__Bifidobacterium.s__Bifidobacterium_pseudocatenulatum	0.6292956994
VALSYN-PWY: L-valine biosynthesis|g__Alistipes.s__Alistipes_finegoldii	0.0000001098
VALSYN-PWY: L-valine biosynthesis|g__Parabacteroides.s__Parabacteroides_merdae	0.3332793648
VALSYN-PWY: L-valine biosynthesis|g__Firmicutes_unclassified.s__Firmicutes_bacterium_CAG_41	0.5446904243
VALSYN-PWY: L-valine biosynthesis|g__Bifidobacterium.s__Bifidobacterium_catenulatum	0.6409748930
VALSYN-PWY: L-valine biosynthesis|g__Bacteroides.s__Bacteroides_thetaiotaomicron	0.6992972112
VALSYN-PWY: L-valine biosynthesis|g__Firmicutes_unclassified.s__Firmicutes_bacterium_CAG_56	0.3250183122
VALSYN-PWY: L-valine biosynthesis|g__Anaerostipes.s__Anaerostipes_hadrus	0.2924178966
VALSYN-PWY: L-valine biosynthesis|g__Barnesiella.s__Barnesiella_intestinihominis	0.1646124537
VALSYN-PWY: L-valine biosynthesis|g__Bifidobacterium.s__Bifidobacterium_longum	0.5814088031
VALSYN-PWY: L-valine biosynthesis|g__Blautia.s__Blautia_sp_AF19_10LB	0.2908043019
VALSYN-PWY: L-valine biosynthesis|g__Roseburia.s__Roseburia_faecis	0.3351613321
VALSYN-PWY: L-valine biosynthesis|g__Klebsiella.s__Klebsiella_oxytoca	0.0001513890
VALSYN-PWY: L-valine biosynthesis|g__Enterobacter.s__Enterobacter_cloacae	0.4760277640
VALSYN-PWY: L-valine biosynthesis|g__Klebsiella.s__Klebsiella_michiganensis	0.5620938802
VALSYN-PWY: L-valine biosynthesis|g__Roseburia.s__Roseburia_inulinivorans	0.4253358924
VALSYN-PWY: L-valine biosynthesis|g__Blautia.s__Blautia_obeum	0.5239796464
VALSYN-PWY: L-valine biosynthesis|g__Bacteroides.s__Bacteroides_fragilis	0.2675532991
VALSYN-PWY: L-valine biosynthesis|g__Blautia.s__Blautia_wexlerae	0.0601488021
VALSYN-PWY: L-valine biosynthesis|g__Roseburia.s__Roseburia_hominis	0.4057543422
PWY-1042: glycolysis IV	1.0000000000
PWY-1042: glycolysis IV|g__Faecalibacterium.s__Faecalibacterium_prausnitzii	0.8126230776
PWY-1042: glycolysis IV|g__Escherichia.s__Escherichia_coli	0.9997951867
PWY-1042: glycolysis IV|unclassified	0.6450700367
PWY-1042: glycolysis IV|g__Bacteroides.s__Bacteroides_dorei	0.7750550092
PWY-1042: glycolysis IV|g__Citrobacter.s__Citrobacter_freundii	0.9817982765
PWY-1042: glycolysis IV|g__Alistipes.s__Alistipes_putredinis	0.5163378579
PWY-1042: glycolysis IV|g__Lachnospiraceae_unclassified.s__Eubacterium_rectale	0.0011046841
PWY-1042: glycolysis IV|g__Bacteroides.s__Bacteroides_vulgatus	0.4931142413
PWY-1042: glycolysis IV|g__Bacteroides.s__Bacteroides_caccae	0.5149960299
PWY-1042: glycolysis IV|g__Eubacterium.s__Eubacterium_eligens	0.1179000028
PWY-1042: glycolysis IV|g__Blautia.s__Ruminococcus_torques	0.0039440458
PWY-1042: glycolysis IV|g__Ruminococcus.s__Ruminococcus_bicirculans	0.0395110819
PWY-1042: glycolysis IV|g__Alistipes.s__Alistipes_shahii	0.2059727420
PWY-1042: glycolysis IV|g__Collinsella.s__Collinsella_aerofaciens	0.1292024623
PWY-1042: glycolysis IV|g__Blautia.s__Blautia_sp_AF19_10LB	0.4713537843
PWY-1042: glycolysis IV|g__Klebsiella.s__Klebsiella_oxytoca	0.0000383684
PWY-1042: glycolysis IV|g__Klebsiella.s__Klebsiella_michiganensis	0.5868896223
PWY-1042: glycolysis IV|g__Blautia.s__Blautia_obeum	0.4412858866
PWY-6163: chorismate biosynthesis from 3-dehydroquinate	1.0000000000
PWY-6163: chorismate biosynthesis from 3-dehydroquinate|g__Faecalibacterium.s__Faecalibacterium_prausnitzii	1.0000000000
PWY-6163: chorismate biosynthesis from 3-dehydroquinate|g__Escherichia.s__Escherichia_coli	0.0057262522
PWY-6163: chorismate biosynthesis from 3-dehydroquinate|g__Prevotella.s__Prevotella_sp_CAG_1320	0.1304419607
PWY-6163: chorismate biosynthesis from 3-dehydroquinate|unclassified	0.9840870149
PWY-6163: chorismate biosynthesis from 3-dehydroquinate|g__Bacteroides.s__Bacteroides_stercoris	0.8181044076
PWY-6163: chorismate biosynthesis from 3-dehydroquinate|g__Bacteroides.s__Bacteroides_uniformis	0.1430635172
PWY-6163: chorismate biosynthesis from 3-dehydroquinate|g__Subdoligranulum.s__Subdoligranulum_sp_APC924_74	0.7602315095
PWY-6163: chorismate biosynthesis from 3-dehydroquinate|g__Lachnospiraceae_unclassified.s__Eubacterium_rectale	0.7286030080
PWY-6163: chorismate biosynthesis from 3-dehydroquinate|g__Alistipes.s__Alistipes_onderdonkii	0.9995345884
PWY-6163: chorismate biosynthesis from 3-dehydroquinate|g__Bacteroides.s__Bacteroides_dorei	0.1267378574
PWY-6163: chorismate biosynthesis from 3-dehydroquinate|g__Blautia.s__Ruminococcus_torques	0.8363303956
PWY-6163: chorismate biosynthesis from 3-dehydroquinate|g__Sutterella.s__Sutterella_wadsworthensis	0.6664635650
PWY-6163: chorismate biosynthesis from 3-dehydroquinate|g__Eubacterium.s__Eubacterium_sp_CAG_251	0.2866896755
PWY-6163: chorismate biosynthesis from 3-dehydroquinate|g__Bacteroides.s__Bacteroides_ovatus	0.6142774004
PWY-6163: chorismate biosynthesis from 3-dehydroquinate|g__Bacteroides.s__Bacteroides_vulgatus	0.7551710609
PWY-6163: chorismate biosynthesis from 3-dehydroquinate|g__Eubacterium.s__Eubacterium_eligens	0.3121132214
PWY-6163: chorismate biosynthesis from 3-dehydroquinate|g__Bacteroides.s__Bacteroides_caccae	0.4552974110
PWY-6163: chorismate biosynthesis from 3-dehydroquinate|g__Bacteroides.s__Bacteroides_finegoldii	0.2435120727
PWY-6163: chorismate biosynthesis from 3-dehydroquinate|g__Ruminococcus.s__Ruminococcus_bicirculans	0.1293073439
PWY-6163: chorismate biosynthesis from 3-dehydroquinate|g__Ruminococcus.s__Ruminococcus_bromii	0.4192415635
PWY-6163: chorismate biosynthesis from 3-dehydroquinate|g__Firmicutes_unclassified.s__Firmicutes_bacterium_CAG_103	0.2967309003
PWY-6163: chorismate biosynthesis from 3-dehydroquinate|g__Parabacteroides.s__Parabacteroides_distasonis	0.4085797041
PWY-6163: chorismate biosynthesis from 3-dehydroquinate|g__Firmicutes_unclassified.s__Firmicutes_bacterium_CAG_83	0.3222803302
PWY-6163: chorismate biosynthesis from 3-dehydroquinate|g__Citrobacter.s__Citrobacter_freundii	0.0000001964
PWY-6163: chorismate biosynthesis from 3-dehydroquinate|g__Blautia.s__Blautia_sp_AF19_10LB	0.7204361661
PWY-6163: chorismate biosynthesis from 3-dehydroquinate|g__Alistipes.s__Alistipes_shahii	0.1974851702
PWY-6163: chorismate biosynthesis from 3-dehydroquinate|g__Barnesiella.s__Barnesiella_intestinihominis	0.4162511055
PWY-6163: chorismate biosynthesis from 3-dehydroquinate|g__Collinsella.s__Collinsella_aerofaciens	0.1776162306
PWY-6163: chorismate biosynthesis from 3-dehydroquinate|g__Parabacteroides.s__Parabacteroides_merdae	0.3328632390
PWY-6163: chorismate biosynthesis from 3-dehydroquinate|g__Alistipes.s__Alistipes_finegoldii	0.0000003657
PWY-6163: chorismate biosynthesis from 3-dehydroquinate|g__Bifidobacterium.s__Bifidobacterium_adolescentis	0.1178882076
PWY-6163: chorismate biosynthesis from 3-dehydroquinate|g__Anaerostipes.s__Anaerostipes_hadrus	0.2232743902
PWY-6163: chorismate biosynthesis from 3-dehydroquinate|g__Roseburia.s__Roseburia_faecis	0.3464891246
PWY-6163: chorismate biosynthesis from 3-dehydroquinate|g__Bifidobacterium.s__Bifidobacterium_pseudocatenulatum	0.0742005048
PWY-6163: chorismate biosynthesis from 3-dehydroquinate|g__Bacteroides.s__Bacteroides_thetaiotaomicron	0.2087657815
ARO-PWY: chorismate biosynthesis I	1.0000000000
ARO-PWY: chorismate biosynthesis I|g__Faecalibacterium.s__Faecalibacterium_prausnitzii	0.9999990704
ARO-PWY: chorismate biosynthesis I|g__Escherichia.s__Escherichia_coli	0.0000000214
ARO-PWY: chorismate biosynthesis I|unclassified	0.9885816679
ARO-PWY: chorismate biosynthesis I|g__Bacteroides.s__Bacteroides_stercoris	0.7495964774
ARO-PWY: chorismate biosynthesis I|g__Subdoligranulum.s__Subdoligranulum_sp_APC924_74	0.6162356091
ARO-PWY: chorismate biosynthesis I|g__Bacteroides.s__Bacteroides_dorei	0.0560965878
ARO-PWY: chorismate biosynthesis I|g__Blautia.s__Ruminococcus_torques	0.7715057741
ARO-PWY: chorismate biosynthesis I|g__Eubacterium.s__Eubacterium_sp_CAG_251	0.2635627089
ARO-PWY: chorismate biosynthesis I|g__Lachnospiraceae_unclassified.s__Eubacterium_rectale	0.0001999415
ARO-PWY: chorismate biosynthesis I|g__Bacteroides.s__Bacteroides_ovatus	0.5015807353
ARO-PWY: chorismate biosynthesis I|g__Eubacterium.s__Eubacterium_eligens	0.3640766667
ARO-PWY: chorismate biosynthesis I|g__Alistipes.s__Alistipes_onderdonkii	0.0726093572
ARO-PWY: chorismate biosynthesis I|g__Bacteroides.s__Bacteroides_caccae	0.4476855038
ARO-PWY: chorismate biosynthesis I|g__Bacteroides.s__Bacteroides_vulgatus	0.4601990133
ARO-PWY: chorismate biosynthesis I|g__Citrobacter.s__Citrobacter_freundii	0.0000002749
ARO-PWY: chorismate biosynthesis I|g__Bacteroides.s__Bacteroides_finegoldii	0.0270493127
ARO-PWY: chorismate biosynthesis I|g__Blautia.s__Blautia_sp_AF19_10LB	0.7611088563
ARO-PWY: chorismate biosynthesis I|g__Parabacteroides.s__Parabacteroides_distasonis	0.4350086690
ARO-PWY: chorismate biosynthesis I|g__Collinsella.s__Collinsella_aerofaciens	0.2244409100
ARO-PWY: chorismate biosynthesis I|g__Bifidobacterium.s__Bifidobacterium_adolescentis	0.1561091248
ARO-PWY: chorismate biosynthesis I|g__Parabacteroides.s__Parabacteroides_merdae	0.3095870337
ARO-PWY: chorismate biosynthesis I|g__Anaerostipes.s__Anaerostipes_hadrus	0.1246039308
ARO-PWY: chorismate biosynthesis I|g__Bifidobacterium.s__Bifidobacterium_pseudocatenulatum	0.0858964708
PWY66-429: fatty acid biosynthesis initiation (mitochondria)	1.0000000000
PWY66-429: fatty acid biosynthesis initiation (mitochondria)|g__Escherichia.s__Escherichia_coli	0.0000043356
PWY66-429: fatty acid biosynthesis initiation (mitochondria)|unclassified	0.4940932028
PWY66-429: fatty acid biosynthesis initiation (mitochondria)|g__Bacteroides.s__Bacteroides_uniformis	0.4359201115
PWY66-429: fatty acid biosynthesis initiation (mitochondria)|g__Bacteroides.s__Bacteroides_dorei	0.9283127561
PWY66-429: fatty acid biosynthesis initiation (mitochondria)|g__Citrobacter.s__Citrobacter_freundii	0.0278981707
PWY66-429: fatty acid biosynthesis initiation (mitochondria)|g__Bacteroides.s__Bacteroides_vulgatus	0.6369749919
PWY66-429: fatty acid biosynthesis initiation (mitochondria)|g__Bacteroides.s__Bacteroides_ovatus	0.6086141859
PWY66-429: fatty acid biosynthesis initiation (mitochondria)|g__Bacteroides.s__Bacteroides_caccae	0.6659646907
PWY66-429: fatty acid biosynthesis initiation (mitochondria)|g__Sutterella.s__Sutterella_wadsworthensis	0.3650467621
PWY66-429: fatty acid biosynthesis initiation (mitochondria)|g__Bacteroides.s__Bacteroides_finegoldii	0.4356025589
PWY66-429: fatty acid biosynthesis initiation (mitochondria)|g__Eubacterium.s__Eubacterium_eligens	0.2790161077
PWY66-429: fatty acid biosynthesis initiation (mitochondria)|g__Paraprevotella.s__Paraprevotella_xylaniphila	0.1570486902
PWY66-429: fatty acid biosynthesis initiation (mitochondria)|g__Ruminococcus.s__Ruminococcus_bicirculans	0.1013333107
PWY66-429: fatty acid biosynthesis initiation (mitochondria)|g__Parabacteroides.s__Parabacteroides_merdae	0.7007546815
PWY66-429: fatty acid biosynthesis initiation (mitochondria)|g__Anaerostipes.s__Anaerostipes_hadrus	0.6058209128
PWY66-429: fatty acid biosynthesis initiation (mitochondria)|g__Parabacteroides.s__Parabacteroides_distasonis	0.2285068952
PWY66-429: fatty acid biosynthesis initiation (mitochondria)|g__Dorea.s__Dorea_longicatena	0.6463226298
PWY66-429: fatty acid biosynthesis initiation (mitochondria)|g__Blautia.s__Blautia_sp_AF19_10LB	0.2553210538
PWY66-429: fatty acid biosynthesis initiation (mitochondria)|g__Bacteroides.s__Bacteroides_thetaiotaomicron	0.4489262472
PWY66-429: fatty acid biosynthesis initiation (mitochondria)|g__Klebsiella.s__Klebsiella_oxytoca	0.0000000115
PWY66-429: fatty acid biosynthesis initiation (mitochondria)|g__Bacteroides.s__Bacteroides_intestinalis	0.5802376388
PWY66-429: fatty acid biosynthesis initiation (mitochondria)|g__Blautia.s__Blautia_obeum	0.1155330880
PWY-7111: pyruvate fermentation to isobutanol (engineered)	1.0000000000
PWY-7111: pyruvate fermentation to isobutanol (engineered)|g__Escherichia.s__Escherichia_coli	0.9199743348
PWY-7111: pyruvate fermentation to isobutanol (engineered)|g__Faecalibacterium.s__Faecalibacterium_prausnitzii	0.0000000000
PWY-7111: pyruvate fermentation to isobutanol (engineered)|unclassified	0.8744913877
PWY-7111: pyruvate fermentation to isobutanol (engineered)|g__Eubacterium.s__Eubacterium_eligens	0.7546648838
PWY-7111: pyruvate fermentation to isobutanol (engineered)|g__Citrobacter.s__Citrobacter_freundii	0.0008016255
PWY-7111: pyruvate fermentation to isobutanol (engineered)|g__Escherichia.s__Escherichia_fergusonii	0.4815290255
PWY-7111: pyruvate fermentation to isobutanol (engineered)|g__Bifidobacterium.s__Bifidobacterium_adolescentis	0.4604982923
PWY-7111: pyruvate fermentation to isobutanol (engineered)|g__Parabacteroides.s__Parabacteroides_distasonis	0.2751849236
PWY-7111: pyruvate fermentation to isobutanol (engineered)|g__Bifidobacterium.s__Bifidobacterium_pseudocatenulatum	0.2150722317
PWY-7111: pyruvate fermentation to isobutanol (engineered)|g__Bifidobacterium.s__Bifidobacterium_longum	0.6057513674
PWY-7111: pyruvate fermentation to isobutanol (engineered)|g__Bifidobacterium.s__Bifidobacterium_catenulatum	0.5215217610
PWY-7111: pyruvate fermentation to isobutanol (engineered)|g__Roseburia.s__Roseburia_faecis	0.3444564289
PWY-7111: pyruvate fermentation to isobutanol (engineered)|g__Klebsiella.s__Klebsiella_oxytoca	0.0001890812
PWY-7111: pyruvate fermentation to isobutanol (engineered)|g__Enterobacter.s__Enterobacter_cloacae	0.5308533854
PWY-7111: pyruvate fermentation to isobutanol (engineered)|g__Blautia.s__Ruminococcus_torques	0.0000000000
PWY-7111: pyruvate fermentation to isobutanol (engineered)|g__Klebsiella.s__Klebsiella_michiganensis	0.0897032461
TRNA-CHARGING-PWY: tRNA charging	1.0000000000
TRNA-CHARGING-PWY: tRNA charging|g__Faecalibacterium.s__Faecalibacterium_prausnitzii	0.0000000903
TRNA-CHARGING-PWY: tRNA charging|g__Escherichia.s__Escherichia_coli	0.0000809523
TRNA-CHARGING-PWY: tRNA charging|unclassified	0.8031875121
TRNA-CHARGING-PWY: tRNA charging|g__Bacteroides.s__Bacteroides_uniformis	0.2182012495
TRNA-CHARGING-PWY: tRNA charging|g__Subdoligranulum.s__Subdoligranulum_sp_APC924_74	0.3160606956
TRNA-CHARGING-PWY: tRNA charging|g__Alistipes.s__Alistipes_putredinis	0.3860443169
TRNA-CHARGING-PWY: tRNA charging|g__Bacteroides.s__Bacteroides_dorei	0.0006666200
TRNA-CHARGING-PWY: tRNA charging|g__Citrobacter.s__Citrobacter_freundii	0.3019509978
TRNA-CHARGING-PWY: tRNA charging|g__Gemmiger.s__Gemmiger_formicilis	0.6279255078
TRNA-CHARGING-PWY: tRNA charging|g__Alistipes.s__Alistipes_finegoldii	0.0008686501
TRNA-CHARGING-PWY: tRNA charging|g__Lachnospiraceae_unclassified.s__Eubacterium_rectale	0.0000062622
TRNA-CHARGING-PWY: tRNA charging|g__Blautia.s__Ruminococcus_torques	0.0018298252
TRNA-CHARGING-PWY: tRNA charging|g__Bacteroides.s__Bacteroides_ovatus	0.3023673586
TRNA-CHARGING-PWY: tRNA charging|g__Bacteroides.s__Bacteroides_vulgatus	0.3025352205
TRNA-CHARGING-PWY: tRNA charging|g__Bacteroides.s__Bacteroides_caccae	0.3021436604
TRNA-CHARGING-PWY: tRNA charging|g__Alistipes.s__Alistipes_shahii	0.5043590355
TRNA-CHARGING-PWY: tRNA charging|g__Bacteroides.s__Bacteroides_finegoldii	0.0364574354
TRNA-CHARGING-PWY: tRNA charging|g__Parabacteroides.s__Parabacteroides_distasonis	0.1546147316
TRNA-CHARGING-PWY: tRNA charging|g__Parabacteroides.s__Parabacteroides_merdae	0.4473171919
TRNA-CHARGING-PWY: tRNA charging|g__Bacteroides.s__Bacteroides_fragilis	0.3796476272
COMPLETE-ARO-PWY: superpathway of aromatic amino acid biosynthesis	0.9588028249
COMPLETE-ARO-PWY: superpathway of aromatic amino acid biosynthesis|g__Escherichia.s__Escherichia_coli	0.0000000000
COMPLETE-ARO-PWY: superpathway of aromatic amino acid biosynthesis|unclassified	0.0521340084
COMPLETE-ARO-PWY: superpathway of aromatic amino acid biosynthesis|g__Blautia.s__Ruminococcus_torques	0.7651180630
COMPLETE-ARO-PWY: superpathway of aromatic amino acid biosynthesis|g__Eubacterium.s__Eubacterium_sp_CAG_251	0.2802660715
COMPLETE-ARO-PWY: superpathway of aromatic amino acid biosynthesis|g__Blautia.s__Blautia_sp_AF19_10LB	0.6192404663
COMPLETE-ARO-PWY: superpathway of aromatic amino acid biosynthesis|g__Parabacteroides.s__Parabacteroides_distasonis	0.1228233665
COMPLETE-ARO-PWY: superpathway of aromatic amino acid biosynthesis|g__Parabacteroides.s__Parabacteroides_merdae	0.3216216057
COMPLETE-ARO-PWY: superpathway of aromatic amino acid biosynthesis|g__Anaerostipes.s__Anaerostipes_hadrus	0.1385311696
COMPLETE-ARO-PWY: superpathway of aromatic amino acid biosynthesis|g__Bifidobacterium.s__Bifidobacterium_pseudocatenulatum	0.0008805615
PWY-5686: UMP biosynthesis I	1.0000000000
PWY-5686: UMP biosynthesis I|g__Faecalibacterium.s__Faecalibacterium_prausnitzii	0.4249238820
PWY-5686: UMP biosynthesis I|g__Prevotella.s__Prevotella_sp_CAG_1320	0.3740570037
PWY-5686: UMP biosynthesis I|unclassified	0.8049125258
PWY-5686: UMP biosynthesis I|g__Escherichia.s__Escherichia_coli	0.0000000000
PWY-5686: UMP biosynthesis I|g__Bacteroides.s__Bacteroides_uniformis	0.0157949094
PWY-5686: UMP biosynthesis I|g__Bacteroides.s__Bacteroides_stercoris	0.3241778181
PWY-5686: UMP biosynthesis I|g__Alistipes.s__Alistipes_putredinis	0.5340887061
PWY-5686: UMP biosynthesis I|g__Bacteroides.s__Bacteroides_dorei	0.1532196981
PWY-5686: UMP biosynthesis I|g__Lachnospiraceae_unclassified.s__Eubacterium_rectale	0.0131796740
PWY-5686: UMP biosynthesis I|g__Eubacterium.s__Eubacterium_eligens	0.6766944630
PWY-5686: UMP biosynthesis I|g__Bacteroides.s__Bacteroides_ovatus	0.6095024890
PWY-5686: UMP biosynthesis I|g__Bacteroides.s__Bacteroides_caccae	0.7143259154
PWY-5686: UMP biosynthesis I|g__Eubacterium.s__Eubacterium_sp_CAG_251	0.1151294321
PWY-5686: UMP biosynthesis I|g__Alistipes.s__Alistipes_finegoldii	0.0001753356
PWY-5686: UMP biosynthesis I|g__Firmicutes_unclassified.s__Firmicutes_bacterium_CAG_103	0.7283825450
PWY-5686: UMP biosynthesis I|g__Gemmiger.s__Gemmiger_formicilis	0.0010775051
PWY-5686: UMP biosynthesis I|g__Citrobacter.s__Citrobacter_freundii	0.0000142587
PWY-5686: UMP biosynthesis I|g__Paraprevotella.s__Paraprevotella_xylaniphila	0.0822690244
PWY-5686: UMP biosynthesis I|g__Ruminococcus.s__Ruminococcus_bicirculans	0.1015533358
PWY-5686: UMP biosynthesis I|g__Bifidobacterium.s__Bifidobacterium_adolescentis	0.2242223226
PWY-5686: UMP biosynthesis I|g__Alistipes.s__Alistipes_onderdonkii	0.0692309606
PWY-5686: UMP biosynthesis I|g__Blautia.s__Ruminococcus_torques	0.0000063384
PWY-5686: UMP biosynthesis I|g__Bacteroides.s__Bacteroides_vulgatus	0.0070323046
PWY-5686: UMP biosynthesis I|g__Blautia.s__Blautia_sp_AF19_10LB	0.5481851294
PWY-5686: UMP biosynthesis I|g__Parabacteroides.s__Parabacteroides_merdae	0.2228681620
PWY-5686: UMP biosynthesis I|g__Barnesiella.s__Barnesiella_intestinihominis	0.2557822274
PWY-5686: UMP biosynthesis I|g__Bifidobacterium.s__Bifidobacterium_pseudocatenulatum	0.3643999442
PWY-5686: UMP biosynthesis I|g__Parabacteroides.s__Parabacteroides_distasonis	0.0592605551
PWY-5686: UMP biosynthesis I|g__Firmicutes_unclassified.s__Firmicutes_bacterium_CAG_56	0.2739174675
PWY-5686: UMP biosynthesis I|g__Bifidobacterium.s__Bifidobacterium_catenulatum	0.6634933614
PWY-5686: UMP biosynthesis I|g__Blautia.s__Blautia_wexlerae	0.4576312387
PWY-5686: UMP biosynthesis I|g__Bacteroides.s__Bacteroides_thetaiotaomicron	0.0283409146
PWY-5686: UMP biosynthesis I|g__Blautia.s__Blautia_obeum	0.2631395342
PWY-5686: UMP biosynthesis I|g__Klebsiella.s__Klebsiella_oxytoca	0.0000000000
PWY-7790: UMP biosynthesis II	1.0000000000
PWY-7790: UMP biosynthesis II|g__Faecalibacterium.s__Faecalibacterium_prausnitzii	0.4249238820
PWY-7790: UMP biosynthesis II|g__Prevotella.s__Prevotella_sp_CAG_1320	0.3740570037
PWY-7790: UMP biosynthesis II|unclassified	0.8049125258
PWY-7790: UMP biosynthesis II|g__Escherichia.s__Escherichia_coli	0.0000000000
PWY-7790: UMP biosynthesis II|g__Bacteroides.s__Bacteroides_uniformis	0.0157949094
PWY-7790: UMP biosynthesis II|g__Bacteroides.s__Bacteroides_stercoris	0.3241778181
PWY-7790: UMP biosynthesis II|g__Alistipes.s__Alistipes_putredinis	0.1543364884
PWY-7790: UMP biosynthesis II|g__Bacteroides.s__Bacteroides_dorei	0.1532196981
PWY-7790: UMP biosynthesis II|g__Lachnospiraceae_unclassified.s__Eubacterium_rectale	0.0131796740
PWY-7790: UMP biosynthesis II|g__Eubacterium.s__Eubacterium_eligens	0.6766944630
PWY-7790: UMP biosynthesis II|g__Bacteroides.s__Bacteroides_caccae	0.8168698585
PWY-7790: UMP biosynthesis II|g__Bacteroides.s__Bacteroides_ovatus	0.6095024890
PWY-7790: UMP biosynthesis II|g__Eubacterium.s__Eubacterium_sp_CAG_251	0.1151294321
PWY-7790: UMP biosynthesis II|g__Bacteroides.s__Bacteroides_finegoldii	0.5628371293
PWY-7790: UMP biosynthesis II|g__Alistipes.s__Alistipes_finegoldii	0.0001753356
PWY-7790: UMP biosynthesis II|g__Firmicutes_unclassified.s__Firmicutes_bacterium_CAG_103	0.7283825450
PWY-7790: UMP biosynthesis II|g__Gemmiger.s__Gemmiger_formicilis	0.0010775051
PWY-7790: UMP biosynthesis II|g__Paraprevotella.s__Paraprevotella_xylaniphila	0.0822690244
PWY-7790: UMP biosynthesis II|g__Ruminococcus.s__Ruminococcus_bicirculans	0.1015533358
PWY-7790: UMP biosynthesis II|g__Bifidobacterium.s__Bifidobacterium_adolescentis	0.2242223226
PWY-7790: UMP biosynthesis II|g__Parabacteroides.s__Parabacteroides_distasonis	0.3243851233
PWY-7790: UMP biosynthesis II|g__Blautia.s__Ruminococcus_torques	0.0000063384
PWY-7790: UMP biosynthesis II|g__Bacteroides.s__Bacteroides_vulgatus	0.0070323046
PWY-7790: UMP biosynthesis II|g__Blautia.s__Blautia_sp_AF19_10LB	0.5481851294
PWY-7790: UMP biosynthesis II|g__Parabacteroides.s__Parabacteroides_merdae	0.2228681620
PWY-7790: UMP biosynthesis II|g__Barnesiella.s__Barnesiella_intestinihominis	0.2557822274
PWY-7790: UMP biosynthesis II|g__Bifidobacterium.s__Bifidobacterium_catenulatum	0.7422347245
PWY-7790: UMP biosynthesis II|g__Firmicutes_unclassified.s__Firmicutes_bacterium_CAG_56	0.2739174675
PWY-7790: UMP biosynthesis II|g__Bifidobacterium.s__Bifidobacterium_pseudocatenulatum	0.2527471178
PWY-7790: UMP biosynthesis II|g__Bacteroides.s__Bacteroides_thetaiotaomicron	0.6071211740
PWY-7790: UMP biosynthesis II|g__Blautia.s__Blautia_wexlerae	0.4576312387
PWY-7790: UMP biosynthesis II|g__Blautia.s__Blautia_obeum	0.2631395342
PWY-7791: UMP biosynthesis III	1.0000000000
PWY-7791: UMP biosynthesis III|g__Faecalibacterium.s__Faecalibacterium_prausnitzii	0.4249238820
PWY-7791: UMP biosynthesis III|g__Prevotella.s__Prevotella_sp_CAG_1320	0.3740570037
PWY-7791: UMP biosynthesis III|unclassified	0.8049125258
PWY-7791: UMP biosynthesis III|g__Escherichia.s__Escherichia_coli	0.0000000000
PWY-7791: UMP biosynthesis III|g__Bacteroides.s__Bacteroides_uniformis	0.0157949094
PWY-7791: UMP biosynthesis III|g__Bacteroides.s__Bacteroides_stercoris	0.3241778181
PWY-7791: UMP biosynthesis III|g__Alistipes.s__Alistipes_putredinis	0.1543364884
PWY-7791: UMP biosynthesis III|g__Bacteroides.s__Bacteroides_dorei	0.2590582052
PWY-7791: UMP biosynthesis III|g__Lachnospiraceae_unclassified.s__Eubacterium_rectale	0.0131796740
PWY-7791: UMP biosynthesis III|g__Eubacterium.s__Eubacterium_eligens	0.6766944630
PWY-7791: UMP biosynthesis III|g__Bacteroides.s__Bacteroides_ovatus	0.6640093757
PWY-7791: UMP biosynthesis III|g__Bacteroides.s__Bacteroides_caccae	0.7143259154
PWY-7791: UMP biosynthesis III|g__Eubacterium.s__Eubacterium_sp_CAG_251	0.1151294321
PWY-7791: UMP biosynthesis III|g__Alistipes.s__Alistipes_finegoldii	0.0001753356
PWY-7791: UMP biosynthesis III|g__Bacteroides.s__Bacteroides_finegoldii	0.5251812749
PWY-7791: UMP biosynthesis III|g__Firmicutes_unclassified.s__Firmicutes_bacterium_CAG_103	0.7283825450
PWY-7791: UMP biosynthesis III|g__Gemmiger.s__Gemmiger_formicilis	0.0010775051
PWY-7791: UMP biosynthesis III|g__Paraprevotella.s__Paraprevotella_xylaniphila	0.0822690244
PWY-7791: UMP biosynthesis III|g__Ruminococcus.s__Ruminococcus_bicirculans	0.1015533358
PWY-7791: UMP biosynthesis III|g__Bifidobacterium.s__Bifidobacterium_adolescentis	0.2242223226
PWY-7791: UMP biosynthesis III|g__Bacteroides.s__Bacteroides_vulgatus	0.2302494178
PWY-7791: UMP biosynthesis III|g__Parabacteroides.s__Parabacteroides_merdae	0.5615143942
PWY-7791: UMP biosynthesis III|g__Parabacteroides.s__Parabacteroides_distasonis	0.2970934452
PWY-7791: UMP biosynthesis III|g__Blautia.s__Ruminococcus_torques	0.0000063384
PWY-7791: UMP biosynthesis III|g__Blautia.s__Blautia_sp_AF19_10LB	0.5481851294
PWY-7791: UMP biosynthesis III|g__Barnesiella.s__Barnesiella_intestinihominis	0.2557822274
PWY-7791: UMP biosynthesis III|g__Firmicutes_unclassified.s__Firmicutes_bacterium_CAG_56	0.2739174675
PWY-7791: UMP biosynthesis III|g__Bifidobacterium.s__Bifidobacterium_pseudocatenulatum	0.2527471178
PWY-7791: UMP biosynthesis III|g__Bifidobacterium.s__Bifidobacterium_catenulatum	0.5547748218
PWY-7791: UMP biosynthesis III|g__Bacteroides.s__Bacteroides_thetaiotaomicron	0.3221828746
PWY-7791: UMP biosynthesis III|g__Blautia.s__Blautia_wexlerae	0.4576312387
PWY-7791: UMP biosynthesis III|g__Blautia.s__Blautia_obeum	0.2631395342
PWY-6385: peptidoglycan biosynthesis III (mycobacteria)	1.0000000000
PWY-6385: peptidoglycan biosynthesis III (mycobacteria)|g__Faecalibacterium.s__Faecalibacterium_prausnitzii	0.0000000000
PWY-6385: peptidoglycan biosynthesis III (mycobacteria)|unclassified	0.8190575612
PWY-6385: peptidoglycan biosynthesis III (mycobacteria)|g__Prevotella.s__Prevotella_sp_CAG_1320	0.3358644434
PWY-6385: peptidoglycan biosynthesis III (mycobacteria)|g__Escherichia.s__Escherichia_coli	0.0000000000
PWY-6385: peptidoglycan biosynthesis III (mycobacteria)|g__Bacteroides.s__Bacteroides_uniformis	0.4616150484
PWY-6385: peptidoglycan biosynthesis III (mycobacteria)|g__Bacteroides.s__Bacteroides_stercoris	0.4805098169
PWY-6385: peptidoglycan biosynthesis III (mycobacteria)|g__Alistipes.s__Alistipes_putredinis	0.5202333695
PWY-6385: peptidoglycan biosynthesis III (mycobacteria)|g__Bacteroides.s__Bacteroides_dorei	0.1668635540
PWY-6385: peptidoglycan biosynthesis III (mycobacteria)|g__Lachnospiraceae_unclassified.s__Eubacterium_rectale	0.4292901875
PWY-6385: peptidoglycan biosynthesis III (mycobacteria)|g__Sutterella.s__Sutterella_wadsworthensis	0.6216378552
PWY-6385: peptidoglycan biosynthesis III (mycobacteria)|g__Citrobacter.s__Citrobacter_freundii	0.0037934144
PWY-6385: peptidoglycan biosynthesis III (mycobacteria)|g__Bacteroides.s__Bacteroides_ovatus	0.5141036346
PWY-6385: peptidoglycan biosynthesis III (mycobacteria)|g__Eubacterium.s__Eubacterium_sp_CAG_251	0.1546703000
PWY-6385: peptidoglycan biosynthesis III (mycobacteria)|g__Paraprevotella.s__Paraprevotella_xylaniphila	0.5219328807
PWY-6385: peptidoglycan biosynthesis III (mycobacteria)|g__Bacteroides.s__Bacteroides_vulgatus	0.6041244192
PWY-6385: peptidoglycan biosynthesis III (mycobacteria)|g__Bacteroides.s__Bacteroides_finegoldii	0.2974140813
PWY-6385: peptidoglycan biosynthesis III (mycobacteria)|g__Bacteroides.s__Bacteroides_caccae	0.3287566399
PWY-6385: peptidoglycan biosynthesis III (mycobacteria)|g__Ruminococcus.s__Ruminococcus_bicirculans	0.3673343929
PWY-6385: peptidoglycan biosynthesis III (mycobacteria)|g__Eubacterium.s__Eubacterium_eligens	0.1297593856
PWY-6385: peptidoglycan biosynthesis III (mycobacteria)|g__Firmicutes_unclassified.s__Firmicutes_bacterium_CAG_83	0.3347205167
PWY-6385: peptidoglycan biosynthesis III (mycobacteria)|g__Bifidobacterium.s__Bifidobacterium_adolescentis	0.2409383179
PWY-6385: peptidoglycan biosynthesis III (mycobacteria)|g__Parabacteroides.s__Parabacteroides_merdae	0.4896977137
PWY-6385: peptidoglycan biosynthesis III (mycobacteria)|g__Parabacteroides.s__Parabacteroides_distasonis	0.1525376111
PWY-6385: peptidoglycan biosynthesis III (mycobacteria)|g__Bifidobacterium.s__Bifidobacterium_pseudocatenulatum	0.0185482947
PWY-6385: peptidoglycan biosynthesis III (mycobacteria)|g__Bacteroides.s__Bacteroides_thetaiotaomicron	0.3751851383
PWY-6385: peptidoglycan biosynthesis III (mycobacteria)|g__Bifidobacterium.s__Bifidobacterium_catenulatum	0.2184411920
PWY-6385: peptidoglycan biosynthesis III (mycobacteria)|g__Alistipes.s__Alistipes_onderdonkii	0.0000000072
PWY-6385: peptidoglycan biosynthesis III (mycobacteria)|g__Klebsiella.s__Klebsiella_oxytoca	0.0000000073
PWY-6386: UDP-N-acetylmuramoyl-pentapeptide biosynthesis II (lysine-containing)	1.0000000000
PWY-6386: UDP-N-acetylmuramoyl-pentapeptide biosynthesis II (lysine-containing)|g__Faecalibacterium.s__Faecalibacterium_prausnitzii	0.0746042151
PWY-6386: UDP-N-acetylmuramoyl-pentapeptide biosynthesis II (lysine-containing)|unclassified	0.8114165947
PWY-6386: UDP-N-acetylmuramoyl-pentapeptide biosynthesis II (lysine-containing)|g__Prevotella.s__Prevotella_sp_CAG_1320	0.0001705497
PWY-6386: UDP-N-acetylmuramoyl-pentapeptide biosynthesis II (lysine-containing)|g__Bacteroides.s__Bacteroides_uniformis	0.4137715536
PWY-6386: UDP-N-acetylmuramoyl-pentapeptide biosynthesis II (lysine-containing)|g__Bacteroides.s__Bacteroides_stercoris	0.3508767673
PWY-6386: UDP-N-acetylmuramoyl-pentapeptide biosynthesis II (lysine-containing)|g__Alistipes.s__Alistipes_putredinis	0.6007474421
PWY-6386: UDP-N-acetylmuramoyl-pentapeptide biosynthesis II (lysine-containing)|g__Subdoligranulum.s__Subdoligranulum_sp_APC924_74	0.0574624994
PWY-6386: UDP-N-acetylmuramoyl-pentapeptide biosynthesis II (lysine-containing)|g__Bacteroides.s__Bacteroides_dorei	0.0774305021
PWY-6386: UDP-N-acetylmuramoyl-pentapeptide biosynthesis II (lysine-containing)|g__Lachnospiraceae_unclassified.s__Eubacterium_rectale	0.2340991652
PWY-6386: UDP-N-acetylmuramoyl-pentapeptide biosynthesis II (lysine-containing)|g__Escherichia.s__Escherichia_coli	0.0000000000
PWY-6386: UDP-N-acetylmuramoyl-pentapeptide biosynthesis II (lysine-containing)|g__Eubacterium.s__Eubacterium_sp_CAG_251	0.5979198290
PWY-6386: UDP-N-acetylmuramoyl-pentapeptide biosynthesis II (lysine-containing)|g__Sutterella.s__Sutterella_wadsworthensis	0.4183640277
PWY-6386: UDP-N-acetylmuramoyl-pentapeptide biosynthesis II (lysine-containing)|g__Bacteroides.s__Bacteroides_finegoldii	0.4023811300
PWY-6386: UDP-N-acetylmuramoyl-pentapeptide biosynthesis II (lysine-containing)|g__Bacteroides.s__Bacteroides_caccae	0.4035587423
PWY-6386: UDP-N-acetylmuramoyl-pentapeptide biosynthesis II (lysine-containing)|g__Bacteroides.s__Bacteroides_ovatus	0.1941395792
PWY-6386: UDP-N-acetylmuramoyl-pentapeptide biosynthesis II (lysine-containing)|g__Bacteroides.s__Bacteroides_vulgatus	0.6227317203
PWY-6386: UDP-N-acetylmuramoyl-pentapeptide biosynthesis II (lysine-containing)|g__Paraprevotella.s__Paraprevotella_xylaniphila	0.2465326813
PWY-6386: UDP-N-acetylmuramoyl-pentapeptide biosynthesis II (lysine-containing)|g__Ruminococcus.s__Ruminococcus_bicirculans	0.4086985556
PWY-6386: UDP-N-acetylmuramoyl-pentapeptide biosynthesis II (lysine-containing)|g__Eubacterium.s__Eubacterium_eligens	0.1261531874
PWY-6386: UDP-N-acetylmuramoyl-pentapeptide biosynthesis II (lysine-containing)|g__Gemmiger.s__Gemmiger_formicilis	0.0012965057
PWY-6386: UDP-N-acetylmuramoyl-pentapeptide biosynthesis II (lysine-containing)|g__Firmicutes_unclassified.s__Firmicutes_bacterium_CAG_83	0.3217628382
PWY-6386: UDP-N-acetylmuramoyl-pentapeptide biosynthesis II (lysine-containing)|g__Bifidobacterium.s__Bifidobacterium_adolescentis	0.2301724272
PWY-6386: UDP-N-acetylmuramoyl-pentapeptide biosynthesis II (lysine-containing)|g__Parabacteroides.s__Parabacteroides_merdae	0.4999757495
PWY-6386: UDP-N-acetylmuramoyl-pentapeptide biosynthesis II (lysine-containing)|g__Parabacteroides.s__Parabacteroides_distasonis	0.2142866067
PWY-6386: UDP-N-acetylmuramoyl-pentapeptide biosynthesis II (lysine-containing)|g__Collinsella.s__Collinsella_aerofaciens	0.0721389955
PWY-6386: UDP-N-acetylmuramoyl-pentapeptide biosynthesis II (lysine-containing)|g__Citrobacter.s__Citrobacter_freundii	0.0000000000
PWY-6386: UDP-N-acetylmuramoyl-pentapeptide biosynthesis II (lysine-containing)|g__Clostridiales_unclassified.s__Clostridiales_bacterium_KLE1615	0.3770231608
PWY-6386: UDP-N-acetylmuramoyl-pentapeptide biosynthesis II (lysine-containing)|g__Bifidobacterium.s__Bifidobacterium_catenulatum	0.2767002209
PWY-6386: UDP-N-acetylmuramoyl-pentapeptide biosynthesis II (lysine-containing)|g__Bifidobacterium.s__Bifidobacterium_pseudocatenulatum	0.0178825967
PWY-6386: UDP-N-acetylmuramoyl-pentapeptide biosynthesis II (lysine-containing)|g__Alistipes.s__Alistipes_onderdonkii	0.0000000069
PWY-6386: UDP-N-acetylmuramoyl-pentapeptide biosynthesis II (lysine-containing)|g__Klebsiella.s__Klebsiella_oxytoca	0.0000000066
DTDPRHAMSYN-PWY: dTDP-&beta;-L-rhamnose biosynthesis	1.0000000000
DTDPRHAMSYN-PWY: dTDP-&beta;-L-rhamnose biosynthesis|g__Faecalibacterium.s__Faecalibacterium_prausnitzii	0.9598596596
DTDPRHAMSYN-PWY: dTDP-&beta;-L-rhamnose biosynthesis|unclassified	1.0000000000
DTDPRHAMSYN-PWY: dTDP-&beta;-L-rhamnose biosynthesis|g__Prevotella.s__Prevotella_sp_CAG_1320	0.0006901980
DTDPRHAMSYN-PWY: dTDP-&beta;-L-rhamnose biosynthesis|g__Bacteroides.s__Bacteroides_uniformis	0.7130704880
DTDPRHAMSYN-PWY: dTDP-&beta;-L-rhamnose biosynthesis|g__Escherichia.s__Escherichia_coli	0.0000000000
DTDPRHAMSYN-PWY: dTDP-&beta;-L-rhamnose biosynthesis|g__Subdoligranulum.s__Subdoligranulum_sp_APC924_74	0.8252537050
DTDPRHAMSYN-PWY: dTDP-&beta;-L-rhamnose biosynthesis|g__Bacteroides.s__Bacteroides_stercoris	0.8046251868
DTDPRHAMSYN-PWY: dTDP-&beta;-L-rhamnose biosynthesis|g__Alistipes.s__Alistipes_putredinis	0.3071671645
DTDPRHAMSYN-PWY: dTDP-&beta;-L-rhamnose biosynthesis|g__Bacteroides.s__Bacteroides_dorei	0.3407613959
DTDPRHAMSYN-PWY: dTDP-&beta;-L-rhamnose biosynthesis|g__Alistipes.s__Alistipes_finegoldii	0.9323961335
DTDPRHAMSYN-PWY: dTDP-&beta;-L-rhamnose biosynthesis|g__Bacteroides.s__Bacteroides_ovatus	0.9851869478
DTDPRHAMSYN-PWY: dTDP-&beta;-L-rhamnose biosynthesis|g__Gemmiger.s__Gemmiger_formicilis	0.7136390147
DTDPRHAMSYN-PWY: dTDP-&beta;-L-rhamnose biosynthesis|g__Eubacterium.s__Eubacterium_eligens	0.9612492921
DTDPRHAMSYN-PWY: dTDP-&beta;-L-rhamnose biosynthesis|g__Alistipes.s__Alistipes_shahii	0.8528033909
DTDPRHAMSYN-PWY: dTDP-&beta;-L-rhamnose biosynthesis|g__Bacteroides.s__Bacteroides_finegoldii	0.6541214930
DTDPRHAMSYN-PWY: dTDP-&beta;-L-rhamnose biosynthesis|g__Firmicutes_unclassified.s__Firmicutes_bacterium_CAG_103	0.6304363891
DTDPRHAMSYN-PWY: dTDP-&beta;-L-rhamnose biosynthesis|g__Paraprevotella.s__Paraprevotella_xylaniphila	0.3498829159
DTDPRHAMSYN-PWY: dTDP-&beta;-L-rhamnose biosynthesis|g__Bacteroides.s__Bacteroides_caccae	0.1458486744
DTDPRHAMSYN-PWY: dTDP-&beta;-L-rhamnose biosynthesis|g__Bacteroides.s__Bacteroides_vulgatus	0.4791155993
DTDPRHAMSYN-PWY: dTDP-&beta;-L-rhamnose biosynthesis|g__Parabacteroides.s__Parabacteroides_distasonis	0.6325639124
DTDPRHAMSYN-PWY: dTDP-&beta;-L-rhamnose biosynthesis|g__Bifidobacterium.s__Bifidobacterium_longum	0.9759322422
DTDPRHAMSYN-PWY: dTDP-&beta;-L-rhamnose biosynthesis|g__Collinsella.s__Collinsella_aerofaciens	0.3834484096
DTDPRHAMSYN-PWY: dTDP-&beta;-L-rhamnose biosynthesis|g__Bacteroides.s__Bacteroides_thetaiotaomicron	0.9507782094
DTDPRHAMSYN-PWY: dTDP-&beta;-L-rhamnose biosynthesis|g__Parabacteroides.s__Parabacteroides_merdae	0.4831366149
DTDPRHAMSYN-PWY: dTDP-&beta;-L-rhamnose biosynthesis|g__Firmicutes_unclassified.s__Firmicutes_bacterium_CAG_56	0.5426142769
DTDPRHAMSYN-PWY: dTDP-&beta;-L-rhamnose biosynthesis|g__Clostridiales_unclassified.s__Clostridiales_bacterium_KLE1615	0.7586917886
DTDPRHAMSYN-PWY: dTDP-&beta;-L-rhamnose biosynthesis|g__Anaerostipes.s__Anaerostipes_hadrus	0.4854334919
DTDPRHAMSYN-PWY: dTDP-&beta;-L-rhamnose biosynthesis|g__Odoribacter.s__Odoribacter_splanchnicus	0.5079854646
DTDPRHAMSYN-PWY: dTDP-&beta;-L-rhamnose biosynthesis|g__Clostridium.s__Clostridium_sp_CAG_356	0.2836430634
DTDPRHAMSYN-PWY: dTDP-&beta;-L-rhamnose biosynthesis|g__Alistipes.s__Alistipes_onderdonkii	0.0000080918
DTDPRHAMSYN-PWY: dTDP-&beta;-L-rhamnose biosynthesis|g__Bacteroides.s__Bacteroides_fragilis	0.5030848208
DTDPRHAMSYN-PWY: dTDP-&beta;-L-rhamnose biosynthesis|g__Blautia.s__Blautia_wexlerae	0.1254740322
ARGSYN-PWY: L-arginine biosynthesis I (via L-ornithine)	1.0000000000
ARGSYN-PWY: L-arginine biosynthesis I (via L-ornithine)|g__Faecalibacterium.s__Faecalibacterium_prausnitzii	0.9081903873
ARGSYN-PWY: L-arginine biosynthesis I (via L-ornithine)|unclassified	0.9986503563
ARGSYN-PWY: L-arginine biosynthesis I (via L-ornithine)|g__Escherichia.s__Escherichia_coli	0.0000001465
ARGSYN-PWY: L-arginine biosynthesis I (via L-ornithine)|g__Subdoligranulum.s__Subdoligranulum_sp_APC924_74	0.6047500898
ARGSYN-PWY: L-arginine biosynthesis I (via L-ornithine)|g__Gemmiger.s__Gemmiger_formicilis	0.2526268646
ARGSYN-PWY: L-arginine biosynthesis I (via L-ornithine)|g__Citrobacter.s__Citrobacter_freundii	0.0896239821
ARGSYN-PWY: L-arginine biosynthesis I (via L-ornithine)|g__Alistipes.s__Alistipes_finegoldii	0.0616413801
ARGSYN-PWY: L-arginine biosynthesis I (via L-ornithine)|g__Blautia.s__Ruminococcus_torques	0.6958412008
ARGSYN-PWY: L-arginine biosynthesis I (via L-ornithine)|g__Lachnospiraceae_unclassified.s__Eubacterium_rectale	0.0012597575
ARGSYN-PWY: L-arginine biosynthesis I (via L-ornithine)|g__Eubacterium.s__Eubacterium_eligens	0.5214560696
ARGSYN-PWY: L-arginine biosynthesis I (via L-ornithine)|g__Ruminococcus.s__Ruminococcus_bicirculans	0.4298585911
ARGSYN-PWY: L-arginine biosynthesis I (via L-ornithine)|g__Collinsella.s__Collinsella_aerofaciens	0.4238683155
ARGSYN-PWY: L-arginine biosynthesis I (via L-ornithine)|g__Bifidobacterium.s__Bifidobacterium_catenulatum	0.8273031905
ARGSYN-PWY: L-arginine biosynthesis I (via L-ornithine)|g__Bifidobacterium.s__Bifidobacterium_adolescentis	0.1383210484
ARGSYN-PWY: L-arginine biosynthesis I (via L-ornithine)|g__Roseburia.s__Roseburia_faecis	0.4856302838
PWY-6387: UDP-N-acetylmuramoyl-pentapeptide biosynthesis I (meso-diaminopimelate containing)	1.0000000000
PWY-6387: UDP-N-acetylmuramoyl-pentapeptide biosynthesis I (meso-diaminopimelate containing)|g__Faecalibacterium.s__Faecalibacterium_prausnitzii	0.0267419374
PWY-6387: UDP-N-acetylmuramoyl-pentapeptide biosynthesis I (meso-diaminopimelate containing)|g__Prevotella.s__Prevotella_sp_CAG_1320	0.3207189494
PWY-6387: UDP-N-acetylmuramoyl-pentapeptide biosynthesis I (meso-diaminopimelate containing)|unclassified	0.7836161008
PWY-6387: UDP-N-acetylmuramoyl-pentapeptide biosynthesis I (meso-diaminopimelate containing)|g__Escherichia.s__Escherichia_coli	0.0000000000
PWY-6387: UDP-N-acetylmuramoyl-pentapeptide biosynthesis I (meso-diaminopimelate containing)|g__Bacteroides.s__Bacteroides_uniformis	0.4174538002
PWY-6387: UDP-N-acetylmuramoyl-pentapeptide biosynthesis I (meso-diaminopimelate containing)|g__Bacteroides.s__Bacteroides_stercoris	0.4345429109
PWY-6387: UDP-N-acetylmuramoyl-pentapeptide biosynthesis I (meso-diaminopimelate containing)|g__Alistipes.s__Alistipes_putredinis	0.5916203496
PWY-6387: UDP-N-acetylmuramoyl-pentapeptide biosynthesis I (meso-diaminopimelate containing)|g__Subdoligranulum.s__Subdoligranulum_sp_APC924_74	0.0522301227
PWY-6387: UDP-N-acetylmuramoyl-pentapeptide biosynthesis I (meso-diaminopimelate containing)|g__Bacteroides.s__Bacteroides_dorei	0.2066371788
PWY-6387: UDP-N-acetylmuramoyl-pentapeptide biosynthesis I (meso-diaminopimelate containing)|g__Firmicutes_unclassified.s__Firmicutes_bacterium_CAG_129	0.5324621768
PWY-6387: UDP-N-acetylmuramoyl-pentapeptide biosynthesis I (meso-diaminopimelate containing)|g__Lachnospiraceae_unclassified.s__Eubacterium_rectale	0.4227957501
PWY-6387: UDP-N-acetylmuramoyl-pentapeptide biosynthesis I (meso-diaminopimelate containing)|g__Alistipes.s__Alistipes_finegoldii	0.1372315306
PWY-6387: UDP-N-acetylmuramoyl-pentapeptide biosynthesis I (meso-diaminopimelate containing)|g__Eubacterium.s__Eubacterium_sp_CAG_251	0.5750448653
PWY-6387: UDP-N-acetylmuramoyl-pentapeptide biosynthesis I (meso-diaminopimelate containing)|g__Sutterella.s__Sutterella_wadsworthensis	0.5945548984
PWY-6387: UDP-N-acetylmuramoyl-pentapeptide biosynthesis I (meso-diaminopimelate containing)|g__Bacteroides.s__Bacteroides_ovatus	0.4980877567
PWY-6387: UDP-N-acetylmuramoyl-pentapeptide biosynthesis I (meso-diaminopimelate containing)|g__Citrobacter.s__Citrobacter_freundii	0.0030403363
PWY-6387: UDP-N-acetylmuramoyl-pentapeptide biosynthesis I (meso-diaminopimelate containing)|g__Paraprevotella.s__Paraprevotella_xylaniphila	0.4945273958
PWY-6387: UDP-N-acetylmuramoyl-pentapeptide biosynthesis I (meso-diaminopimelate containing)|g__Bacteroides.s__Bacteroides_finegoldii	0.4656920467
PWY-6387: UDP-N-acetylmuramoyl-pentapeptide biosynthesis I (meso-diaminopimelate containing)|g__Eubacterium.s__Eubacterium_eligens	0.4250472095
PWY-6387: UDP-N-acetylmuramoyl-pentapeptide biosynthesis I (meso-diaminopimelate containing)|g__Bacteroides.s__Bacteroides_vulgatus	0.6551497217
PWY-6387: UDP-N-acetylmuramoyl-pentapeptide biosynthesis I (meso-diaminopimelate containing)|g__Bacteroides.s__Bacteroides_caccae	0.3450527679
PWY-6387: UDP-N-acetylmuramoyl-pentapeptide biosynthesis I (meso-diaminopimelate containing)|g__Ruminococcus.s__Ruminococcus_bicirculans	0.3643331403
PWY-6387: UDP-N-acetylmuramoyl-pentapeptide biosynthesis I (meso-diaminopimelate containing)|g__Blautia.s__Ruminococcus_torques	0.0433649720
PWY-6387: UDP-N-acetylmuramoyl-pentapeptide biosynthesis I (meso-diaminopimelate containing)|g__Gemmiger.s__Gemmiger_formicilis	0.0010923833
PWY-6387: UDP-N-acetylmuramoyl-pentapeptide biosynthesis I (meso-diaminopimelate containing)|g__Firmicutes_unclassified.s__Firmicutes_bacterium_CAG_83	0.4660569962
PWY-6387: UDP-N-acetylmuramoyl-pentapeptide biosynthesis I (meso-diaminopimelate containing)|g__Bifidobacterium.s__Bifidobacterium_adolescentis	0.2058542284
PWY-6387: UDP-N-acetylmuramoyl-pentapeptide biosynthesis I (meso-diaminopimelate containing)|g__Parabacteroides.s__Parabacteroides_merdae	0.5427481388
PWY-6387: UDP-N-acetylmuramoyl-pentapeptide biosynthesis I (meso-diaminopimelate containing)|g__Parabacteroides.s__Parabacteroides_distasonis	0.3144468373
PWY-6387: UDP-N-acetylmuramoyl-pentapeptide biosynthesis I (meso-diaminopimelate containing)|g__Firmicutes_unclassified.s__Firmicutes_bacterium_CAG_56	0.4151417497
PWY-6387: UDP-N-acetylmuramoyl-pentapeptide biosynthesis I (meso-diaminopimelate containing)|g__Barnesiella.s__Barnesiella_intestinihominis	0.3343294585
PWY-6387: UDP-N-acetylmuramoyl-pentapeptide biosynthesis I (meso-diaminopimelate containing)|g__Blautia.s__Blautia_sp_AF19_10LB	0.3826468561
PWY-6387: UDP-N-acetylmuramoyl-pentapeptide biosynthesis I (meso-diaminopimelate containing)|g__Clostridiales_unclassified.s__Clostridiales_bacterium_KLE1615	0.3642231343
PWY-6387: UDP-N-acetylmuramoyl-pentapeptide biosynthesis I (meso-diaminopimelate containing)|g__Alistipes.s__Alistipes_onderdonkii	0.0000004597
PWY-6387: UDP-N-acetylmuramoyl-pentapeptide biosynthesis I (meso-diaminopimelate containing)|g__Bacteroides.s__Bacteroides_thetaiotaomicron	0.3301988341
PWY-6387: UDP-N-acetylmuramoyl-pentapeptide biosynthesis I (meso-diaminopimelate containing)|g__Bifidobacterium.s__Bifidobacterium_pseudocatenulatum	0.0149154262
PWY-6387: UDP-N-acetylmuramoyl-pentapeptide biosynthesis I (meso-diaminopimelate containing)|g__Bifidobacterium.s__Bifidobacterium_catenulatum	0.1874530955
PWY-6387: UDP-N-acetylmuramoyl-pentapeptide biosynthesis I (meso-diaminopimelate containing)|g__Klebsiella.s__Klebsiella_oxytoca	0.0000000058
PWY-7400: L-arginine biosynthesis IV (archaebacteria)	0.9795803568
PWY-7400: L-arginine biosynthesis IV (archaebacteria)|unclassified	0.5234246827
PWY-7400: L-arginine biosynthesis IV (archaebacteria)|g__Escherichia.s__Escherichia_coli	0.0000000000
PWY-7400: L-arginine biosynthesis IV (archaebacteria)|g__Citrobacter.s__Citrobacter_freundii	0.0024034492
PWY-7400: L-arginine biosynthesis IV (archaebacteria)|g__Blautia.s__Ruminococcus_torques	0.0002275373
GLYCOGENSYNTH-PWY: glycogen biosynthesis I (from ADP-D-Glucose)	1.0000000000
GLYCOGENSYNTH-PWY: glycogen biosynthesis I (from ADP-D-Glucose)|g__Faecalibacterium.s__Faecalibacterium_prausnitzii	0.9996822150
GLYCOGENSYNTH-PWY: glycogen biosynthesis I (from ADP-D-Glucose)|g__Escherichia.s__Escherichia_coli	0.7616666784
GLYCOGENSYNTH-PWY: glycogen biosynthesis I (from ADP-D-Glucose)|unclassified	0.9999917885
GLYCOGENSYNTH-PWY: glycogen biosynthesis I (from ADP-D-Glucose)|g__Subdoligranulum.s__Subdoligranulum_sp_APC924_74	0.5392808260
GLYCOGENSYNTH-PWY: glycogen biosynthesis I (from ADP-D-Glucose)|g__Blautia.s__Ruminococcus_torques	0.9734013961
GLYCOGENSYNTH-PWY: glycogen biosynthesis I (from ADP-D-Glucose)|g__Citrobacter.s__Citrobacter_freundii	0.7918216799
GLYCOGENSYNTH-PWY: glycogen biosynthesis I (from ADP-D-Glucose)|g__Gemmiger.s__Gemmiger_formicilis	0.4740770502
GLYCOGENSYNTH-PWY: glycogen biosynthesis I (from ADP-D-Glucose)|g__Eubacterium.s__Eubacterium_eligens	0.4913557109
GLYCOGENSYNTH-PWY: glycogen biosynthesis I (from ADP-D-Glucose)|g__Ruminococcus.s__Ruminococcus_bicirculans	0.5452793008
GLYCOGENSYNTH-PWY: glycogen biosynthesis I (from ADP-D-Glucose)|g__Eubacterium.s__Eubacterium_sp_CAG_251	0.1875359093
GLYCOGENSYNTH-PWY: glycogen biosynthesis I (from ADP-D-Glucose)|g__Bacteroides.s__Bacteroides_caccae	0.3958664344
GLYCOGENSYNTH-PWY: glycogen biosynthesis I (from ADP-D-Glucose)|g__Bifidobacterium.s__Bifidobacterium_adolescentis	0.5084341033
GLYCOGENSYNTH-PWY: glycogen biosynthesis I (from ADP-D-Glucose)|g__Firmicutes_unclassified.s__Firmicutes_bacterium_CAG_83	0.5436966447
GLYCOGENSYNTH-PWY: glycogen biosynthesis I (from ADP-D-Glucose)|g__Blautia.s__Blautia_sp_AF19_10LB	0.7431679245
GLYCOGENSYNTH-PWY: glycogen biosynthesis I (from ADP-D-Glucose)|g__Bacteroides.s__Bacteroides_finegoldii	0.0494308132
GLYCOGENSYNTH-PWY: glycogen biosynthesis I (from ADP-D-Glucose)|g__Ruminococcus.s__Ruminococcus_bromii	0.3554576389
GLYCOGENSYNTH-PWY: glycogen biosynthesis I (from ADP-D-Glucose)|g__Collinsella.s__Collinsella_aerofaciens	0.3068391782
GLYCOGENSYNTH-PWY: glycogen biosynthesis I (from ADP-D-Glucose)|g__Firmicutes_unclassified.s__Firmicutes_bacterium_CAG_56	0.6599893590
GLYCOGENSYNTH-PWY: glycogen biosynthesis I (from ADP-D-Glucose)|g__Anaerostipes.s__Anaerostipes_hadrus	0.6009626565
GLYCOGENSYNTH-PWY: glycogen biosynthesis I (from ADP-D-Glucose)|g__Bacteroides.s__Bacteroides_ovatus	0.0132709004
GLYCOGENSYNTH-PWY: glycogen biosynthesis I (from ADP-D-Glucose)|g__Firmicutes_unclassified.s__Firmicutes_bacterium_CAG_103	0.1056387596
GLYCOGENSYNTH-PWY: glycogen biosynthesis I (from ADP-D-Glucose)|g__Lachnospiraceae_unclassified.s__Eubacterium_rectale	0.0000004442
GLYCOGENSYNTH-PWY: glycogen biosynthesis I (from ADP-D-Glucose)|g__Bifidobacterium.s__Bifidobacterium_pseudocatenulatum	0.4485582963
GLYCOGENSYNTH-PWY: glycogen biosynthesis I (from ADP-D-Glucose)|g__Dorea.s__Dorea_longicatena	0.5886815145
GLYCOGENSYNTH-PWY: glycogen biosynthesis I (from ADP-D-Glucose)|g__Blautia.s__Blautia_obeum	0.7866969694
GLYCOGENSYNTH-PWY: glycogen biosynthesis I (from ADP-D-Glucose)|g__Bifidobacterium.s__Bifidobacterium_longum	0.3877761295
GLYCOGENSYNTH-PWY: glycogen biosynthesis I (from ADP-D-Glucose)|g__Bacteroides.s__Bacteroides_thetaiotaomicron	0.3296720476
GLYCOGENSYNTH-PWY: glycogen biosynthesis I (from ADP-D-Glucose)|g__Bifidobacterium.s__Bifidobacterium_catenulatum	0.2805054746
GLYCOGENSYNTH-PWY: glycogen biosynthesis I (from ADP-D-Glucose)|g__Coprococcus.s__Coprococcus_comes	0.1207329188
GLYCOGENSYNTH-PWY: glycogen biosynthesis I (from ADP-D-Glucose)|g__Klebsiella.s__Klebsiella_michiganensis	0.3241186651
GLYCOGENSYNTH-PWY: glycogen biosynthesis I (from ADP-D-Glucose)|g__Blautia.s__Blautia_wexlerae	0.1250411743
GLYCOGENSYNTH-PWY: glycogen biosynthesis I (from ADP-D-Glucose)|g__Enterobacter.s__Enterobacter_cloacae	0.0772811215
GLYCOGENSYNTH-PWY: glycogen biosynthesis I (from ADP-D-Glucose)|g__Klebsiella.s__Klebsiella_oxytoca	0.0000000013
PWY-5695: inosine 5'-phosphate degradation	1.0000000000
PWY-5695: inosine 5'-phosphate degradation|g__Escherichia.s__Escherichia_coli	0.8759112331
PWY-5695: inosine 5'-phosphate degradation|unclassified	0.9999995407
PWY-5695: inosine 5'-phosphate degradation|g__Faecalibacterium.s__Faecalibacterium_prausnitzii	0.0000000000
PWY-5695: inosine 5'-phosphate degradation|g__Bacteroides.s__Bacteroides_uniformis	0.0002825187
PWY-5695: inosine 5'-phosphate degradation|g__Bacteroides.s__Bacteroides_stercoris	0.4649322203
PWY-5695: inosine 5'-phosphate degradation|g__Alistipes.s__Alistipes_putredinis	0.6679399138
PWY-5695: inosine 5'-phosphate degradation|g__Bacteroides.s__Bacteroides_dorei	0.0339811137
PWY-5695: inosine 5'-phosphate degradation|g__Citrobacter.s__Citrobacter_freundii	0.0246214855
PWY-5695: inosine 5'-phosphate degradation|g__Alistipes.s__Alistipes_finegoldii	0.0111562286
PWY-5695: inosine 5'-phosphate degradation|g__Bacteroides.s__Bacteroides_vulgatus	0.6336115334
PWY-5695: inosine 5'-phosphate degradation|g__Alistipes.s__Alistipes_shahii	0.7251587032
PWY-5695: inosine 5'-phosphate degradation|g__Bacteroides.s__Bacteroides_caccae	0.4506643455
PWY-5695: inosine 5'-phosphate degradation|g__Bacteroides.s__Bacteroides_ovatus	0.3328077844
PWY-5695: inosine 5'-phosphate degradation|g__Sutterella.s__Sutterella_wadsworthensis	0.2191005698
PWY-5695: inosine 5'-phosphate degradation|g__Ruminococcus.s__Ruminococcus_bicirculans	0.1680072657
PWY-5695: inosine 5'-phosphate degradation|g__Bacteroides.s__Bacteroides_finegoldii	0.1103702797
PWY-5695: inosine 5'-phosphate degradation|g__Parabacteroides.s__Parabacteroides_distasonis	0.4097150268
PWY-5695: inosine 5'-phosphate degradation|g__Barnesiella.s__Barnesiella_intestinihominis	0.4507068574
PWY-5695: inosine 5'-phosphate degradation|g__Escherichia.s__Escherichia_fergusonii	0.0342232636
PWY-5695: inosine 5'-phosphate degradation|g__Roseburia.s__Roseburia_faecis	0.1851483217
PWY-5695: inosine 5'-phosphate degradation|g__Alistipes.s__Alistipes_onderdonkii	0.0000003398
COA-PWY-1: superpathway of coenzyme A biosynthesis III (mammals)	1.0000000000
COA-PWY-1: superpathway of coenzyme A biosynthesis III (mammals)|g__Faecalibacterium.s__Faecalibacterium_prausnitzii	0.0719299957
COA-PWY-1: superpathway of coenzyme A biosynthesis III (mammals)|unclassified	0.0570825413
COA-PWY-1: superpathway of coenzyme A biosynthesis III (mammals)|g__Bacteroides.s__Bacteroides_uniformis	0.3470847049
COA-PWY-1: superpathway of coenzyme A biosynthesis III (mammals)|g__Escherichia.s__Escherichia_coli	0.0000000000
COA-PWY-1: superpathway of coenzyme A biosynthesis III (mammals)|g__Bacteroides.s__Bacteroides_stercoris	0.7160087340
COA-PWY-1: superpathway of coenzyme A biosynthesis III (mammals)|g__Alistipes.s__Alistipes_putredinis	0.7454713286
COA-PWY-1: superpathway of coenzyme A biosynthesis III (mammals)|g__Subdoligranulum.s__Subdoligranulum_sp_APC924_74	0.0942525448
COA-PWY-1: superpathway of coenzyme A biosynthesis III (mammals)|g__Alistipes.s__Alistipes_finegoldii	0.8043572545
COA-PWY-1: superpathway of coenzyme A biosynthesis III (mammals)|g__Bacteroides.s__Bacteroides_dorei	0.0493381386
COA-PWY-1: superpathway of coenzyme A biosynthesis III (mammals)|g__Sutterella.s__Sutterella_wadsworthensis	0.3237132074
COA-PWY-1: superpathway of coenzyme A biosynthesis III (mammals)|g__Eubacterium.s__Eubacterium_eligens	0.4079539682
COA-PWY-1: superpathway of coenzyme A biosynthesis III (mammals)|g__Bacteroides.s__Bacteroides_vulgatus	0.6648278696
COA-PWY-1: superpathway of coenzyme A biosynthesis III (mammals)|g__Bacteroides.s__Bacteroides_caccae	0.1950219690
COA-PWY-1: superpathway of coenzyme A biosynthesis III (mammals)|g__Bacteroides.s__Bacteroides_finegoldii	0.1783918271
COA-PWY-1: superpathway of coenzyme A biosynthesis III (mammals)|g__Ruminococcus.s__Ruminococcus_bicirculans	0.1933456520
COA-PWY-1: superpathway of coenzyme A biosynthesis III (mammals)|g__Paraprevotella.s__Paraprevotella_xylaniphila	0.0938992769
COA-PWY-1: superpathway of coenzyme A biosynthesis III (mammals)|g__Bacteroides.s__Bacteroides_ovatus	0.0134089162
COA-PWY-1: superpathway of coenzyme A biosynthesis III (mammals)|g__Parabacteroides.s__Parabacteroides_distasonis	0.1439508352
COA-PWY-1: superpathway of coenzyme A biosynthesis III (mammals)|g__Gemmiger.s__Gemmiger_formicilis	0.0000048913
COA-PWY-1: superpathway of coenzyme A biosynthesis III (mammals)|g__Barnesiella.s__Barnesiella_intestinihominis	0.4794622695
COA-PWY-1: superpathway of coenzyme A biosynthesis III (mammals)|g__Bifidobacterium.s__Bifidobacterium_adolescentis	0.1311325836
COA-PWY-1: superpathway of coenzyme A biosynthesis III (mammals)|g__Citrobacter.s__Citrobacter_freundii	0.0000000004
COA-PWY-1: superpathway of coenzyme A biosynthesis III (mammals)|g__Bifidobacterium.s__Bifidobacterium_pseudocatenulatum	0.0458449943
COA-PWY-1: superpathway of coenzyme A biosynthesis III (mammals)|g__Bacteroides.s__Bacteroides_thetaiotaomicron	0.3776035156
PWY-6122: 5-aminoimidazole ribonucleotide biosynthesis II	1.0000000000
PWY-6122: 5-aminoimidazole ribonucleotide biosynthesis II|g__Faecalibacterium.s__Faecalibacterium_prausnitzii	0.7247239949
PWY-6122: 5-aminoimidazole ribonucleotide biosynthesis II|g__Escherichia.s__Escherichia_coli	0.9999628134
PWY-6122: 5-aminoimidazole ribonucleotide biosynthesis II|unclassified	1.0000000000
PWY-6122: 5-aminoimidazole ribonucleotide biosynthesis II|g__Bacteroides.s__Bacteroides_uniformis	0.6768357479
PWY-6122: 5-aminoimidazole ribonucleotide biosynthesis II|g__Alistipes.s__Alistipes_putredinis	0.5833410314
PWY-6122: 5-aminoimidazole ribonucleotide biosynthesis II|g__Subdoligranulum.s__Subdoligranulum_sp_APC924_74	0.3090968078
PWY-6122: 5-aminoimidazole ribonucleotide biosynthesis II|g__Bacteroides.s__Bacteroides_stercoris	0.0242729085
PWY-6122: 5-aminoimidazole ribonucleotide biosynthesis II|g__Bacteroides.s__Bacteroides_dorei	0.1225885040
PWY-6122: 5-aminoimidazole ribonucleotide biosynthesis II|g__Alistipes.s__Alistipes_finegoldii	0.7630683958
PWY-6122: 5-aminoimidazole ribonucleotide biosynthesis II|g__Citrobacter.s__Citrobacter_freundii	0.3574359181
PWY-6122: 5-aminoimidazole ribonucleotide biosynthesis II|g__Gemmiger.s__Gemmiger_formicilis	0.3972247996
PWY-6122: 5-aminoimidazole ribonucleotide biosynthesis II|g__Lachnospiraceae_unclassified.s__Eubacterium_rectale	0.1897930212
PWY-6122: 5-aminoimidazole ribonucleotide biosynthesis II|g__Sutterella.s__Sutterella_wadsworthensis	0.4379652450
PWY-6122: 5-aminoimidazole ribonucleotide biosynthesis II|g__Eubacterium.s__Eubacterium_eligens	0.5622552231
PWY-6122: 5-aminoimidazole ribonucleotide biosynthesis II|g__Bacteroides.s__Bacteroides_finegoldii	0.3675134003
PWY-6122: 5-aminoimidazole ribonucleotide biosynthesis II|g__Blautia.s__Ruminococcus_torques	0.0720131904
PWY-6122: 5-aminoimidazole ribonucleotide biosynthesis II|g__Paraprevotella.s__Paraprevotella_xylaniphila	0.2861002802
PWY-6122: 5-aminoimidazole ribonucleotide biosynthesis II|g__Ruminococcus.s__Ruminococcus_bicirculans	0.4094225488
PWY-6122: 5-aminoimidazole ribonucleotide biosynthesis II|g__Alistipes.s__Alistipes_shahii	0.6863057838
PWY-6122: 5-aminoimidazole ribonucleotide biosynthesis II|g__Bacteroides.s__Bacteroides_ovatus	0.1892680353
PWY-6122: 5-aminoimidazole ribonucleotide biosynthesis II|g__Bacteroides.s__Bacteroides_caccae	0.2250844989
PWY-6122: 5-aminoimidazole ribonucleotide biosynthesis II|g__Eubacterium.s__Eubacterium_sp_CAG_251	0.0196153404
PWY-6122: 5-aminoimidazole ribonucleotide biosynthesis II|g__Collinsella.s__Collinsella_aerofaciens	0.5160316697
PWY-6122: 5-aminoimidazole ribonucleotide biosynthesis II|g__Parabacteroides.s__Parabacteroides_merdae	0.5840268804
PWY-6122: 5-aminoimidazole ribonucleotide biosynthesis II|g__Bifidobacterium.s__Bifidobacterium_adolescentis	0.2884484852
PWY-6122: 5-aminoimidazole ribonucleotide biosynthesis II|g__Ruminococcus.s__Ruminococcus_bromii	0.1085982790
PWY-6122: 5-aminoimidazole ribonucleotide biosynthesis II|g__Parabacteroides.s__Parabacteroides_distasonis	0.2436185228
PWY-6122: 5-aminoimidazole ribonucleotide biosynthesis II|g__Firmicutes_unclassified.s__Firmicutes_bacterium_CAG_56	0.4573075512
PWY-6122: 5-aminoimidazole ribonucleotide biosynthesis II|g__Barnesiella.s__Barnesiella_intestinihominis	0.3413511450
PWY-6122: 5-aminoimidazole ribonucleotide biosynthesis II|g__Bifidobacterium.s__Bifidobacterium_pseudocatenulatum	0.4867355877
PWY-6122: 5-aminoimidazole ribonucleotide biosynthesis II|g__Bifidobacterium.s__Bifidobacterium_catenulatum	0.7731039911
PWY-6122: 5-aminoimidazole ribonucleotide biosynthesis II|g__Bacteroides.s__Bacteroides_vulgatus	0.0150101581
PWY-6122: 5-aminoimidazole ribonucleotide biosynthesis II|g__Dialister.s__Dialister_invisus	0.5017251968
PWY-6122: 5-aminoimidazole ribonucleotide biosynthesis II|g__Anaerostipes.s__Anaerostipes_hadrus	0.2370479087
PWY-6122: 5-aminoimidazole ribonucleotide biosynthesis II|g__Butyricimonas.s__Butyricimonas_virosa	0.6112301028
PWY-6122: 5-aminoimidazole ribonucleotide biosynthesis II|g__Bacteroides.s__Bacteroides_thetaiotaomicron	0.6469950518
PWY-6122: 5-aminoimidazole ribonucleotide biosynthesis II|g__Blautia.s__Blautia_sp_AF19_10LB	0.2173814474
PWY-6122: 5-aminoimidazole ribonucleotide biosynthesis II|g__Klebsiella.s__Klebsiella_michiganensis	0.7303276587
PWY-6122: 5-aminoimidazole ribonucleotide biosynthesis II|g__Alistipes.s__Alistipes_onderdonkii	0.0000765531
PWY-6122: 5-aminoimidazole ribonucleotide biosynthesis II|g__Escherichia.s__Escherichia_fergusonii	0.0323335880
PWY-6122: 5-aminoimidazole ribonucleotide biosynthesis II|g__Blautia.s__Blautia_obeum	0.4696201694
PWY-6277: superpathway of 5-aminoimidazole ribonucleotide biosynthesis	1.0000000000
PWY-6277: superpathway of 5-aminoimidazole ribonucleotide biosynthesis|g__Faecalibacterium.s__Faecalibacterium_prausnitzii	0.7247239949
PWY-6277: superpathway of 5-aminoimidazole ribonucleotide biosynthesis|g__Escherichia.s__Escherichia_coli	0.9999628134
PWY-6277: superpathway of 5-aminoimidazole ribonucleotide biosynthesis|unclassified	1.0000000000
PWY-6277: superpathway of 5-aminoimidazole ribonucleotide biosynthesis|g__Bacteroides.s__Bacteroides_uniformis	0.6768357479
PWY-6277: superpathway of 5-aminoimidazole ribonucleotide biosynthesis|g__Alistipes.s__Alistipes_putredinis	0.5833410314
PWY-6277: superpathway of 5-aminoimidazole ribonucleotide biosynthesis|g__Subdoligranulum.s__Subdoligranulum_sp_APC924_74	0.3090968078
PWY-6277: superpathway of 5-aminoimidazole ribonucleotide biosynthesis|g__Bacteroides.s__Bacteroides_stercoris	0.0242729085
PWY-6277: superpathway of 5-aminoimidazole ribonucleotide biosynthesis|g__Bacteroides.s__Bacteroides_dorei	0.1225885040
PWY-6277: superpathway of 5-aminoimidazole ribonucleotide biosynthesis|g__Alistipes.s__Alistipes_finegoldii	0.7630683958
PWY-6277: superpathway of 5-aminoimidazole ribonucleotide biosynthesis|g__Citrobacter.s__Citrobacter_freundii	0.3574359181
PWY-6277: superpathway of 5-aminoimidazole ribonucleotide biosynthesis|g__Gemmiger.s__Gemmiger_formicilis	0.3972247996
PWY-6277: superpathway of 5-aminoimidazole ribonucleotide biosynthesis|g__Lachnospiraceae_unclassified.s__Eubacterium_rectale	0.1897930212
PWY-6277: superpathway of 5-aminoimidazole ribonucleotide biosynthesis|g__Sutterella.s__Sutterella_wadsworthensis	0.4379652450
PWY-6277: superpathway of 5-aminoimidazole ribonucleotide biosynthesis|g__Eubacterium.s__Eubacterium_eligens	0.5622552231
PWY-6277: superpathway of 5-aminoimidazole ribonucleotide biosynthesis|g__Bacteroides.s__Bacteroides_finegoldii	0.3675134003
PWY-6277: superpathway of 5-aminoimidazole ribonucleotide biosynthesis|g__Blautia.s__Ruminococcus_torques	0.0720131904
PWY-6277: superpathway of 5-aminoimidazole ribonucleotide biosynthesis|g__Paraprevotella.s__Paraprevotella_xylaniphila	0.2861002802
PWY-6277: superpathway of 5-aminoimidazole ribonucleotide biosynthesis|g__Ruminococcus.s__Ruminococcus_bicirculans	0.4094225488
PWY-6277: superpathway of 5-aminoimidazole ribonucleotide biosynthesis|g__Alistipes.s__Alistipes_shahii	0.6863057838
PWY-6277: superpathway of 5-aminoimidazole ribonucleotide biosynthesis|g__Bacteroides.s__Bacteroides_ovatus	0.1892680353
PWY-6277: superpathway of 5-aminoimidazole ribonucleotide biosynthesis|g__Bacteroides.s__Bacteroides_caccae	0.2250844989
PWY-6277: superpathway of 5-aminoimidazole ribonucleotide biosynthesis|g__Eubacterium.s__Eubacterium_sp_CAG_251	0.0196153404
PWY-6277: superpathway of 5-aminoimidazole ribonucleotide biosynthesis|g__Collinsella.s__Collinsella_aerofaciens	0.5160316697
PWY-6277: superpathway of 5-aminoimidazole ribonucleotide biosynthesis|g__Parabacteroides.s__Parabacteroides_merdae	0.5840268804
PWY-6277: superpathway of 5-aminoimidazole ribonucleotide biosynthesis|g__Bifidobacterium.s__Bifidobacterium_adolescentis	0.2884484852
PWY-6277: superpathway of 5-aminoimidazole ribonucleotide biosynthesis|g__Ruminococcus.s__Ruminococcus_bromii	0.1085982790
PWY-6277: superpathway of 5-aminoimidazole ribonucleotide biosynthesis|g__Parabacteroides.s__Parabacteroides_distasonis	0.2436185228
PWY-6277: superpathway of 5-aminoimidazole ribonucleotide biosynthesis|g__Firmicutes_unclassified.s__Firmicutes_bacterium_CAG_56	0.4573075512
PWY-6277: superpathway of 5-aminoimidazole ribonucleotide biosynthesis|g__Barnesiella.s__Barnesiella_intestinihominis	0.3413511450
PWY-6277: superpathway of 5-aminoimidazole ribonucleotide biosynthesis|g__Bifidobacterium.s__Bifidobacterium_pseudocatenulatum	0.4867355877
PWY-6277: superpathway of 5-aminoimidazole ribonucleotide biosynthesis|g__Bifidobacterium.s__Bifidobacterium_catenulatum	0.7731039911
PWY-6277: superpathway of 5-aminoimidazole ribonucleotide biosynthesis|g__Bacteroides.s__Bacteroides_vulgatus	0.0150101581
PWY-6277: superpathway of 5-aminoimidazole ribonucleotide biosynthesis|g__Dialister.s__Dialister_invisus	0.5017251968
PWY-6277: superpathway of 5-aminoimidazole ribonucleotide biosynthesis|g__Anaerostipes.s__Anaerostipes_hadrus	0.2370479087
PWY-6277: superpathway of 5-aminoimidazole ribonucleotide biosynthesis|g__Butyricimonas.s__Butyricimonas_virosa	0.6112301028
PWY-6277: superpathway of 5-aminoimidazole ribonucleotide biosynthesis|g__Bacteroides.s__Bacteroides_thetaiotaomicron	0.6469950518
PWY-6277: superpathway of 5-aminoimidazole ribonucleotide biosynthesis|g__Blautia.s__Blautia_sp_AF19_10LB	0.2173814474
PWY-6277: superpathway of 5-aminoimidazole ribonucleotide biosynthesis|g__Klebsiella.s__Klebsiella_michiganensis	0.7303276587
PWY-6277: superpathway of 5-aminoimidazole ribonucleotide biosynthesis|g__Alistipes.s__Alistipes_onderdonkii	0.0000765531
PWY-6277: superpathway of 5-aminoimidazole ribonucleotide biosynthesis|g__Escherichia.s__Escherichia_fergusonii	0.0323335880
PWY-6277: superpathway of 5-aminoimidazole ribonucleotide biosynthesis|g__Blautia.s__Blautia_obeum	0.4696201694
ARGSYNBSUB-PWY: L-arginine biosynthesis II (acetyl cycle)	1.0000000000
ARGSYNBSUB-PWY: L-arginine biosynthesis II (acetyl cycle)|g__Faecalibacterium.s__Faecalibacterium_prausnitzii	0.8882740365
ARGSYNBSUB-PWY: L-arginine biosynthesis II (acetyl cycle)|unclassified	0.9999999959
ARGSYNBSUB-PWY: L-arginine biosynthesis II (acetyl cycle)|g__Escherichia.s__Escherichia_coli	0.0000000000
ARGSYNBSUB-PWY: L-arginine biosynthesis II (acetyl cycle)|g__Subdoligranulum.s__Subdoligranulum_sp_APC924_74	0.7656076201
ARGSYNBSUB-PWY: L-arginine biosynthesis II (acetyl cycle)|g__Gemmiger.s__Gemmiger_formicilis	0.7500674386
ARGSYNBSUB-PWY: L-arginine biosynthesis II (acetyl cycle)|g__Citrobacter.s__Citrobacter_freundii	0.0025863230
ARGSYNBSUB-PWY: L-arginine biosynthesis II (acetyl cycle)|g__Blautia.s__Ruminococcus_torques	0.7654546653
ARGSYNBSUB-PWY: L-arginine biosynthesis II (acetyl cycle)|g__Lachnospiraceae_unclassified.s__Eubacterium_rectale	0.0158710093
ARGSYNBSUB-PWY: L-arginine biosynthesis II (acetyl cycle)|g__Eubacterium.s__Eubacterium_eligens	0.5931004306
ARGSYNBSUB-PWY: L-arginine biosynthesis II (acetyl cycle)|g__Ruminococcus.s__Ruminococcus_bicirculans	0.4276969061
ARGSYNBSUB-PWY: L-arginine biosynthesis II (acetyl cycle)|g__Ruminococcus.s__Ruminococcus_bromii	0.4264244485
ARGSYNBSUB-PWY: L-arginine biosynthesis II (acetyl cycle)|g__Collinsella.s__Collinsella_aerofaciens	0.5710224231
ARGSYNBSUB-PWY: L-arginine biosynthesis II (acetyl cycle)|g__Bifidobacterium.s__Bifidobacterium_adolescentis	0.2570195369
ARGSYNBSUB-PWY: L-arginine biosynthesis II (acetyl cycle)|g__Bifidobacterium.s__Bifidobacterium_catenulatum	0.7066444860
ARGSYNBSUB-PWY: L-arginine biosynthesis II (acetyl cycle)|g__Firmicutes_unclassified.s__Firmicutes_bacterium_CAG_56	0.2907379418
ARGSYNBSUB-PWY: L-arginine biosynthesis II (acetyl cycle)|g__Roseburia.s__Roseburia_faecis	0.4459114206
ARGSYNBSUB-PWY: L-arginine biosynthesis II (acetyl cycle)|g__Anaerostipes.s__Anaerostipes_hadrus	0.1485373812
ARGSYNBSUB-PWY: L-arginine biosynthesis II (acetyl cycle)|g__Bifidobacterium.s__Bifidobacterium_longum	0.0551776402
PEPTIDOGLYCANSYN-PWY: peptidoglycan biosynthesis I (meso-diaminopimelate containing)	1.0000000000
PEPTIDOGLYCANSYN-PWY: peptidoglycan biosynthesis I (meso-diaminopimelate containing)|g__Faecalibacterium.s__Faecalibacterium_prausnitzii	0.0000000006
PEPTIDOGLYCANSYN-PWY: peptidoglycan biosynthesis I (meso-diaminopimelate containing)|g__Prevotella.s__Prevotella_sp_CAG_1320	0.3179876479
PEPTIDOGLYCANSYN-PWY: peptidoglycan biosynthesis I (meso-diaminopimelate containing)|unclassified	0.5871828056
PEPTIDOGLYCANSYN-PWY: peptidoglycan biosynthesis I (meso-diaminopimelate containing)|g__Escherichia.s__Escherichia_coli	0.0000000000
PEPTIDOGLYCANSYN-PWY: peptidoglycan biosynthesis I (meso-diaminopimelate containing)|g__Bacteroides.s__Bacteroides_uniformis	0.4409105551
PEPTIDOGLYCANSYN-PWY: peptidoglycan biosynthesis I (meso-diaminopimelate containing)|g__Bacteroides.s__Bacteroides_stercoris	0.3610113976
PEPTIDOGLYCANSYN-PWY: peptidoglycan biosynthesis I (meso-diaminopimelate containing)|g__Alistipes.s__Alistipes_putredinis	0.5202333695
PEPTIDOGLYCANSYN-PWY: peptidoglycan biosynthesis I (meso-diaminopimelate containing)|g__Subdoligranulum.s__Subdoligranulum_sp_APC924_74	0.0623120430
PEPTIDOGLYCANSYN-PWY: peptidoglycan biosynthesis I (meso-diaminopimelate containing)|g__Bacteroides.s__Bacteroides_dorei	0.2288138769
PEPTIDOGLYCANSYN-PWY: peptidoglycan biosynthesis I (meso-diaminopimelate containing)|g__Lachnospiraceae_unclassified.s__Eubacterium_rectale	0.1356147736
PEPTIDOGLYCANSYN-PWY: peptidoglycan biosynthesis I (meso-diaminopimelate containing)|g__Alistipes.s__Alistipes_finegoldii	0.1646344915
PEPTIDOGLYCANSYN-PWY: peptidoglycan biosynthesis I (meso-diaminopimelate containing)|g__Eubacterium.s__Eubacterium_sp_CAG_251	0.4776172388
PEPTIDOGLYCANSYN-PWY: peptidoglycan biosynthesis I (meso-diaminopimelate containing)|g__Sutterella.s__Sutterella_wadsworthensis	0.5855056606
PEPTIDOGLYCANSYN-PWY: peptidoglycan biosynthesis I (meso-diaminopimelate containing)|g__Citrobacter.s__Citrobacter_freundii	0.0037829348
PEPTIDOGLYCANSYN-PWY: peptidoglycan biosynthesis I (meso-diaminopimelate containing)|g__Bacteroides.s__Bacteroides_ovatus	0.4923176519
PEPTIDOGLYCANSYN-PWY: peptidoglycan biosynthesis I (meso-diaminopimelate containing)|g__Paraprevotella.s__Paraprevotella_xylaniphila	0.5200643500
PEPTIDOGLYCANSYN-PWY: peptidoglycan biosynthesis I (meso-diaminopimelate containing)|g__Eubacterium.s__Eubacterium_eligens	0.4559094245
PEPTIDOGLYCANSYN-PWY: peptidoglycan biosynthesis I (meso-diaminopimelate containing)|g__Bacteroides.s__Bacteroides_finegoldii	0.3914978904
PEPTIDOGLYCANSYN-PWY: peptidoglycan biosynthesis I (meso-diaminopimelate containing)|g__Bacteroides.s__Bacteroides_vulgatus	0.6529927387
PEPTIDOGLYCANSYN-PWY: peptidoglycan biosynthesis I (meso-diaminopimelate containing)|g__Bacteroides.s__Bacteroides_caccae	0.3039722172
PEPTIDOGLYCANSYN-PWY: peptidoglycan biosynthesis I (meso-diaminopimelate containing)|g__Ruminococcus.s__Ruminococcus_bicirculans	0.1369106953
PEPTIDOGLYCANSYN-PWY: peptidoglycan biosynthesis I (meso-diaminopimelate containing)|g__Firmicutes_unclassified.s__Firmicutes_bacterium_CAG_83	0.4498473270
PEPTIDOGLYCANSYN-PWY: peptidoglycan biosynthesis I (meso-diaminopimelate containing)|g__Gemmiger.s__Gemmiger_formicilis	0.0000047552
PEPTIDOGLYCANSYN-PWY: peptidoglycan biosynthesis I (meso-diaminopimelate containing)|g__Bifidobacterium.s__Bifidobacterium_adolescentis	0.2258140874
PEPTIDOGLYCANSYN-PWY: peptidoglycan biosynthesis I (meso-diaminopimelate containing)|g__Parabacteroides.s__Parabacteroides_distasonis	0.3482500230
PEPTIDOGLYCANSYN-PWY: peptidoglycan biosynthesis I (meso-diaminopimelate containing)|g__Parabacteroides.s__Parabacteroides_merdae	0.5384190446
PEPTIDOGLYCANSYN-PWY: peptidoglycan biosynthesis I (meso-diaminopimelate containing)|g__Firmicutes_unclassified.s__Firmicutes_bacterium_CAG_56	0.4481957412
PEPTIDOGLYCANSYN-PWY: peptidoglycan biosynthesis I (meso-diaminopimelate containing)|g__Barnesiella.s__Barnesiella_intestinihominis	0.3691643188
PEPTIDOGLYCANSYN-PWY: peptidoglycan biosynthesis I (meso-diaminopimelate containing)|g__Bifidobacterium.s__Bifidobacterium_pseudocatenulatum	0.0185047004
PEPTIDOGLYCANSYN-PWY: peptidoglycan biosynthesis I (meso-diaminopimelate containing)|g__Bacteroides.s__Bacteroides_thetaiotaomicron	0.3621873860
PEPTIDOGLYCANSYN-PWY: peptidoglycan biosynthesis I (meso-diaminopimelate containing)|g__Alistipes.s__Alistipes_onderdonkii	0.0000000072
PEPTIDOGLYCANSYN-PWY: peptidoglycan biosynthesis I (meso-diaminopimelate containing)|g__Bifidobacterium.s__Bifidobacterium_catenulatum	0.0484388723
PEPTIDOGLYCANSYN-PWY: peptidoglycan biosynthesis I (meso-diaminopimelate containing)|g__Klebsiella.s__Klebsiella_oxytoca	0.0000000071
NONMEVIPP-PWY: methylerythritol phosphate pathway I	0.9998790857
NONMEVIPP-PWY: methylerythritol phosphate pathway I|g__Prevotella.s__Prevotella_sp_CAG_1320	0.0198741153
NONMEVIPP-PWY: methylerythritol phosphate pathway I|g__Escherichia.s__Escherichia_coli	0.0000000000
NONMEVIPP-PWY: methylerythritol phosphate pathway I|unclassified	0.0003068418
NONMEVIPP-PWY: methylerythritol phosphate pathway I|g__Bacteroides.s__Bacteroides_uniformis	0.0523488625
NONMEVIPP-PWY: methylerythritol phosphate pathway I|g__Bacteroides.s__Bacteroides_stercoris	0.2727268181
NONMEVIPP-PWY: methylerythritol phosphate pathway I|g__Alistipes.s__Alistipes_putredinis	0.4594333836
NONMEVIPP-PWY: methylerythritol phosphate pathway I|g__Subdoligranulum.s__Subdoligranulum_sp_APC924_74	0.0466376190
NONMEVIPP-PWY: methylerythritol phosphate pathway I|g__Firmicutes_unclassified.s__Firmicutes_bacterium_CAG_129	0.3172193624
NONMEVIPP-PWY: methylerythritol phosphate pathway I|g__Eubacterium.s__Eubacterium_sp_CAG_251	0.2623461059
NONMEVIPP-PWY: methylerythritol phosphate pathway I|g__Bacteroides.s__Bacteroides_dorei	0.0000000000
NONMEVIPP-PWY: methylerythritol phosphate pathway I|g__Bacteroides.s__Bacteroides_ovatus	0.3362614341
NONMEVIPP-PWY: methylerythritol phosphate pathway I|g__Sutterella.s__Sutterella_wadsworthensis	0.4250263380
NONMEVIPP-PWY: methylerythritol phosphate pathway I|g__Paraprevotella.s__Paraprevotella_xylaniphila	0.4809317786
NONMEVIPP-PWY: methylerythritol phosphate pathway I|g__Eubacterium.s__Eubacterium_eligens	0.3854463935
NONMEVIPP-PWY: methylerythritol phosphate pathway I|g__Bacteroides.s__Bacteroides_caccae	0.4550750471
NONMEVIPP-PWY: methylerythritol phosphate pathway I|g__Bacteroides.s__Bacteroides_vulgatus	0.2482776280
NONMEVIPP-PWY: methylerythritol phosphate pathway I|g__Ruminococcus.s__Ruminococcus_bicirculans	0.3097791019
NONMEVIPP-PWY: methylerythritol phosphate pathway I|g__Blautia.s__Ruminococcus_torques	0.0015268024
NONMEVIPP-PWY: methylerythritol phosphate pathway I|g__Bacteroides.s__Bacteroides_finegoldii	0.2383415070
NONMEVIPP-PWY: methylerythritol phosphate pathway I|g__Alistipes.s__Alistipes_onderdonkii	0.1153481556
NONMEVIPP-PWY: methylerythritol phosphate pathway I|g__Gemmiger.s__Gemmiger_formicilis	0.0034616205
NONMEVIPP-PWY: methylerythritol phosphate pathway I|g__Parabacteroides.s__Parabacteroides_distasonis	0.5844397243
NONMEVIPP-PWY: methylerythritol phosphate pathway I|g__Firmicutes_unclassified.s__Firmicutes_bacterium_CAG_83	0.4266319095
NONMEVIPP-PWY: methylerythritol phosphate pathway I|g__Citrobacter.s__Citrobacter_freundii	0.0000000369
NONMEVIPP-PWY: methylerythritol phosphate pathway I|g__Bifidobacterium.s__Bifidobacterium_adolescentis	0.1318948795
NONMEVIPP-PWY: methylerythritol phosphate pathway I|g__Ruminococcus.s__Ruminococcus_bromii	0.0639122551
NONMEVIPP-PWY: methylerythritol phosphate pathway I|g__Alistipes.s__Alistipes_finegoldii	0.0000000000
PWY-6121: 5-aminoimidazole ribonucleotide biosynthesis I	1.0000000000
PWY-6121: 5-aminoimidazole ribonucleotide biosynthesis I|g__Faecalibacterium.s__Faecalibacterium_prausnitzii	0.0801095555
PWY-6121: 5-aminoimidazole ribonucleotide biosynthesis I|g__Escherichia.s__Escherichia_coli	0.9773450872
PWY-6121: 5-aminoimidazole ribonucleotide biosynthesis I|unclassified	1.0000000000
PWY-6121: 5-aminoimidazole ribonucleotide biosynthesis I|g__Bacteroides.s__Bacteroides_uniformis	0.5023245093
PWY-6121: 5-aminoimidazole ribonucleotide biosynthesis I|g__Subdoligranulum.s__Subdoligranulum_sp_APC924_74	0.3572831280
PWY-6121: 5-aminoimidazole ribonucleotide biosynthesis I|g__Alistipes.s__Alistipes_putredinis	0.6217930297
PWY-6121: 5-aminoimidazole ribonucleotide biosynthesis I|g__Bacteroides.s__Bacteroides_stercoris	0.0286411008
PWY-6121: 5-aminoimidazole ribonucleotide biosynthesis I|g__Bacteroides.s__Bacteroides_dorei	0.1026155973
PWY-6121: 5-aminoimidazole ribonucleotide biosynthesis I|g__Alistipes.s__Alistipes_finegoldii	0.7900369120
PWY-6121: 5-aminoimidazole ribonucleotide biosynthesis I|g__Lachnospiraceae_unclassified.s__Eubacterium_rectale	0.2188610198
PWY-6121: 5-aminoimidazole ribonucleotide biosynthesis I|g__Citrobacter.s__Citrobacter_freundii	0.2089558827
PWY-6121: 5-aminoimidazole ribonucleotide biosynthesis I|g__Eubacterium.s__Eubacterium_eligens	0.6156718598
PWY-6121: 5-aminoimidazole ribonucleotide biosynthesis I|g__Gemmiger.s__Gemmiger_formicilis	0.0747944104
PWY-6121: 5-aminoimidazole ribonucleotide biosynthesis I|g__Sutterella.s__Sutterella_wadsworthensis	0.3099195104
PWY-6121: 5-aminoimidazole ribonucleotide biosynthesis I|g__Bacteroides.s__Bacteroides_finegoldii	0.3966862027
PWY-6121: 5-aminoimidazole ribonucleotide biosynthesis I|g__Blautia.s__Ruminococcus_torques	0.0559972555
PWY-6121: 5-aminoimidazole ribonucleotide biosynthesis I|g__Ruminococcus.s__Ruminococcus_bicirculans	0.3212692520
PWY-6121: 5-aminoimidazole ribonucleotide biosynthesis I|g__Bacteroides.s__Bacteroides_ovatus	0.1987518287
PWY-6121: 5-aminoimidazole ribonucleotide biosynthesis I|g__Alistipes.s__Alistipes_shahii	0.5473707182
PWY-6121: 5-aminoimidazole ribonucleotide biosynthesis I|g__Eubacterium.s__Eubacterium_sp_CAG_251	0.0241290825
PWY-6121: 5-aminoimidazole ribonucleotide biosynthesis I|g__Collinsella.s__Collinsella_aerofaciens	0.5506651269
PWY-6121: 5-aminoimidazole ribonucleotide biosynthesis I|g__Parabacteroides.s__Parabacteroides_merdae	0.6308754510
PWY-6121: 5-aminoimidazole ribonucleotide biosynthesis I|g__Ruminococcus.s__Ruminococcus_bromii	0.1294661861
PWY-6121: 5-aminoimidazole ribonucleotide biosynthesis I|g__Bifidobacterium.s__Bifidobacterium_adolescentis	0.2681056655
PWY-6121: 5-aminoimidazole ribonucleotide biosynthesis I|g__Parabacteroides.s__Parabacteroides_distasonis	0.2776693494
PWY-6121: 5-aminoimidazole ribonucleotide biosynthesis I|g__Bacteroides.s__Bacteroides_vulgatus	0.0185526609
PWY-6121: 5-aminoimidazole ribonucleotide biosynthesis I|g__Firmicutes_unclassified.s__Firmicutes_bacterium_CAG_56	0.3161682156
PWY-6121: 5-aminoimidazole ribonucleotide biosynthesis I|g__Bacteroides.s__Bacteroides_caccae	0.0009088025
PWY-6121: 5-aminoimidazole ribonucleotide biosynthesis I|g__Bifidobacterium.s__Bifidobacterium_pseudocatenulatum	0.3469829887
PWY-6121: 5-aminoimidazole ribonucleotide biosynthesis I|g__Bacteroides.s__Bacteroides_thetaiotaomicron	0.6954664317
PWY-6121: 5-aminoimidazole ribonucleotide biosynthesis I|g__Barnesiella.s__Barnesiella_intestinihominis	0.1186194481
PWY-6121: 5-aminoimidazole ribonucleotide biosynthesis I|g__Blautia.s__Blautia_sp_AF19_10LB	0.2527647962
PWY-6121: 5-aminoimidazole ribonucleotide biosynthesis I|g__Bifidobacterium.s__Bifidobacterium_catenulatum	0.4090493449
PWY-6121: 5-aminoimidazole ribonucleotide biosynthesis I|g__Alistipes.s__Alistipes_onderdonkii	0.0000073668
PWY-6121: 5-aminoimidazole ribonucleotide biosynthesis I|g__Klebsiella.s__Klebsiella_michiganensis	0.2540453211
ANAGLYCOLYSIS-PWY: glycolysis III (from glucose)	0.0335352953
ANAGLYCOLYSIS-PWY: glycolysis III (from glucose)|g__Faecalibacterium.s__Faecalibacterium_prausnitzii	0.3943907545
ANAGLYCOLYSIS-PWY: glycolysis III (from glucose)|g__Escherichia.s__Escherichia_coli	0.0000001171
ANAGLYCOLYSIS-PWY: glycolysis III (from glucose)|unclassified	0.0112627861
ANAGLYCOLYSIS-PWY: glycolysis III (from glucose)|g__Citrobacter.s__Citrobacter_freundii	0.6105989201
ANAGLYCOLYSIS-PWY: glycolysis III (from glucose)|g__Lachnospiraceae_unclassified.s__Eubacterium_rectale	0.0006628874
ANAGLYCOLYSIS-PWY: glycolysis III (from glucose)|g__Eubacterium.s__Eubacterium_eligens	0.1182257220
ANAGLYCOLYSIS-PWY: glycolysis III (from glucose)|g__Ruminococcus.s__Ruminococcus_bicirculans	0.0939955184
ANAGLYCOLYSIS-PWY: glycolysis III (from glucose)|g__Parabacteroides.s__Parabacteroides_distasonis	0.4061699562
ANAGLYCOLYSIS-PWY: glycolysis III (from glucose)|g__Collinsella.s__Collinsella_aerofaciens	0.1817602474
ANAGLYCOLYSIS-PWY: glycolysis III (from glucose)|g__Blautia.s__Ruminococcus_torques	0.0000000000
ANAGLYCOLYSIS-PWY: glycolysis III (from glucose)|g__Blautia.s__Blautia_obeum	0.4231434125
PWY-6608: guanosine nucleotides degradation III	1.0000000000
PWY-6608: guanosine nucleotides degradation III|g__Escherichia.s__Escherichia_coli	0.4468655482
PWY-6608: guanosine nucleotides degradation III|g__Faecalibacterium.s__Faecalibacterium_prausnitzii	0.0000000000
PWY-6608: guanosine nucleotides degradation III|unclassified	0.0005511031
PWY-6608: guanosine nucleotides degradation III|g__Bacteroides.s__Bacteroides_ovatus	0.3688749335
PWY-6608: guanosine nucleotides degradation III|g__Bacteroides.s__Bacteroides_finegoldii	0.1252367592
PWY-6608: guanosine nucleotides degradation III|g__Bacteroides.s__Bacteroides_caccae	0.0603440951
PWY-5941: glycogen degradation II	0.0000000000
PWY-5941: glycogen degradation II|g__Faecalibacterium.s__Faecalibacterium_prausnitzii	0.0014809839
PWY-5941: glycogen degradation II|unclassified	0.0507318480
PWY-5941: glycogen degradation II|g__Escherichia.s__Escherichia_coli	0.0000000000
PWY-5941: glycogen degradation II|g__Eubacterium.s__Eubacterium_eligens	0.7330553166
PWY-5941: glycogen degradation II|g__Bifidobacterium.s__Bifidobacterium_adolescentis	0.7850731610
PWY-5941: glycogen degradation II|g__Collinsella.s__Collinsella_aerofaciens	0.6378873956
PWY-5941: glycogen degradation II|g__Bacteroides.s__Bacteroides_ovatus	0.2032934108
PWY-5941: glycogen degradation II|g__Bifidobacterium.s__Bifidobacterium_pseudocatenulatum	0.8044965831
PWY-5941: glycogen degradation II|g__Blautia.s__Ruminococcus_torques	0.0000000056
PWY-5941: glycogen degradation II|g__Blautia.s__Blautia_sp_AF19_10LB	0.6929104510
PWY-5941: glycogen degradation II|g__Citrobacter.s__Citrobacter_freundii	0.0000000000
PWY-5941: glycogen degradation II|g__Bifidobacterium.s__Bifidobacterium_catenulatum	0.5236917814
PWY-5941: glycogen degradation II|g__Klebsiella.s__Klebsiella_oxytoca	0.0000000038
PWY-5941: glycogen degradation II|g__Bacteroides.s__Bacteroides_finegoldii	0.0000001856
PWY-5941: glycogen degradation II|g__Blautia.s__Blautia_obeum	0.3735032927
PWY-5941: glycogen degradation II|g__Enterobacter.s__Enterobacter_cloacae	0.0442260763
PWY-6609: adenine and adenosine salvage III	1.0000000000
PWY-6609: adenine and adenosine salvage III|g__Faecalibacterium.s__Faecalibacterium_prausnitzii	0.0000000000
PWY-6609: adenine and adenosine salvage III|unclassified	1.0000000000
PWY-6609: adenine and adenosine salvage III|g__Escherichia.s__Escherichia_coli	0.0097290242
PWY-6609: adenine and adenosine salvage III|g__Bacteroides.s__Bacteroides_uniformis	0.6497132762
PWY-6609: adenine and adenosine salvage III|g__Bacteroides.s__Bacteroides_stercoris	0.4809021509
PWY-6609: adenine and adenosine salvage III|g__Alistipes.s__Alistipes_putredinis	0.6621875850
PWY-6609: adenine and adenosine salvage III|g__Subdoligranulum.s__Subdoligranulum_sp_APC924_74	0.1279272600
PWY-6609: adenine and adenosine salvage III|g__Firmicutes_unclassified.s__Firmicutes_bacterium_CAG_129	0.2916436944
PWY-6609: adenine and adenosine salvage III|g__Alistipes.s__Alistipes_finegoldii	0.8225060613
PWY-6609: adenine and adenosine salvage III|g__Bacteroides.s__Bacteroides_dorei	0.0228381662
PWY-6609: adenine and adenosine salvage III|g__Citrobacter.s__Citrobacter_freundii	0.0894305127
PWY-6609: adenine and adenosine salvage III|g__Bacteroides.s__Bacteroides_vulgatus	0.9232706612
PWY-6609: adenine and adenosine salvage III|g__Blautia.s__Ruminococcus_torques	0.3340781633
PWY-6609: adenine and adenosine salvage III|g__Eubacterium.s__Eubacterium_eligens	0.8179730669
PWY-6609: adenine and adenosine salvage III|g__Lachnospiraceae_unclassified.s__Eubacterium_rectale	0.1285376607
PWY-6609: adenine and adenosine salvage III|g__Ruminococcus.s__Ruminococcus_bicirculans	0.5680893749
PWY-6609: adenine and adenosine salvage III|g__Bacteroides.s__Bacteroides_caccae	0.4589642739
PWY-6609: adenine and adenosine salvage III|g__Eubacterium.s__Eubacterium_sp_CAG_251	0.1281075040
PWY-6609: adenine and adenosine salvage III|g__Bacteroides.s__Bacteroides_finegoldii	0.1659218708
PWY-6609: adenine and adenosine salvage III|g__Alistipes.s__Alistipes_shahii	0.2559917579
PWY-6609: adenine and adenosine salvage III|g__Firmicutes_unclassified.s__Firmicutes_bacterium_CAG_83	0.3018303062
PWY-6609: adenine and adenosine salvage III|g__Parabacteroides.s__Parabacteroides_distasonis	0.3514866712
PWY-6609: adenine and adenosine salvage III|g__Gemmiger.s__Gemmiger_formicilis	0.0000317553
PWY-6609: adenine and adenosine salvage III|g__Dialister.s__Dialister_invisus	0.7247205875
PWY-6609: adenine and adenosine salvage III|g__Agathobaculum.s__Agathobaculum_butyriciproducens	0.4330597305
PWY-6609: adenine and adenosine salvage III|g__Roseburia.s__Roseburia_inulinivorans	0.6559232625
PWY-6609: adenine and adenosine salvage III|g__Roseburia.s__Roseburia_faecis	0.2005848604
PWY-6609: adenine and adenosine salvage III|g__Alistipes.s__Alistipes_onderdonkii	0.0006722204
PWY-6609: adenine and adenosine salvage III|g__Escherichia.s__Escherichia_fergusonii	0.0270758454
PWY-6609: adenine and adenosine salvage III|g__Bacteroides.s__Bacteroides_thetaiotaomicron	0.0527662056
PWY-6151: S-adenosyl-L-methionine salvage I	1.0000000000
PWY-6151: S-adenosyl-L-methionine salvage I|g__Faecalibacterium.s__Faecalibacterium_prausnitzii	0.0001030246
PWY-6151: S-adenosyl-L-methionine salvage I|unclassified	1.0000000000
PWY-6151: S-adenosyl-L-methionine salvage I|g__Escherichia.s__Escherichia_coli	0.0000000042
PWY-6151: S-adenosyl-L-methionine salvage I|g__Prevotella.s__Prevotella_sp_CAG_1320	0.7194721768
PWY-6151: S-adenosyl-L-methionine salvage I|g__Bacteroides.s__Bacteroides_uniformis	0.9947371943
PWY-6151: S-adenosyl-L-methionine salvage I|g__Bacteroides.s__Bacteroides_stercoris	0.2877995828
PWY-6151: S-adenosyl-L-methionine salvage I|g__Bacteroides.s__Bacteroides_dorei	0.7456990424
PWY-6151: S-adenosyl-L-methionine salvage I|g__Lachnospiraceae_unclassified.s__Eubacterium_rectale	0.4344172798
PWY-6151: S-adenosyl-L-methionine salvage I|g__Citrobacter.s__Citrobacter_freundii	0.0511676796
PWY-6151: S-adenosyl-L-methionine salvage I|g__Eubacterium.s__Eubacterium_eligens	0.4625282954
PWY-6151: S-adenosyl-L-methionine salvage I|g__Eubacterium.s__Eubacterium_sp_CAG_251	0.0861482349
PWY-6151: S-adenosyl-L-methionine salvage I|g__Paraprevotella.s__Paraprevotella_xylaniphila	0.1579871336
PWY-6151: S-adenosyl-L-methionine salvage I|g__Gemmiger.s__Gemmiger_formicilis	0.0005093909
PWY-6151: S-adenosyl-L-methionine salvage I|g__Bifidobacterium.s__Bifidobacterium_adolescentis	0.4935745297
PWY-6151: S-adenosyl-L-methionine salvage I|g__Collinsella.s__Collinsella_aerofaciens	0.5517242687
PWY-6151: S-adenosyl-L-methionine salvage I|g__Bacteroides.s__Bacteroides_vulgatus	0.1981273319
PWY-6151: S-adenosyl-L-methionine salvage I|g__Blautia.s__Blautia_sp_AF19_10LB	0.8727882879
PWY-6151: S-adenosyl-L-methionine salvage I|g__Barnesiella.s__Barnesiella_intestinihominis	0.6655814621
PWY-6151: S-adenosyl-L-methionine salvage I|g__Ruminococcus.s__Ruminococcus_bromii	0.1160337015
PWY-6151: S-adenosyl-L-methionine salvage I|g__Blautia.s__Ruminococcus_torques	0.0011842785
PWY-6151: S-adenosyl-L-methionine salvage I|g__Bifidobacterium.s__Bifidobacterium_pseudocatenulatum	0.2940399076
PWY-6151: S-adenosyl-L-methionine salvage I|g__Odoribacter.s__Odoribacter_splanchnicus	0.4760097518
PWY-6151: S-adenosyl-L-methionine salvage I|g__Roseburia.s__Roseburia_inulinivorans	0.7000894397
PWY-6151: S-adenosyl-L-methionine salvage I|g__Butyricimonas.s__Butyricimonas_virosa	0.4851340876
PWY-6151: S-adenosyl-L-methionine salvage I|g__Bifidobacterium.s__Bifidobacterium_catenulatum	0.0918802015
PWY-6151: S-adenosyl-L-methionine salvage I|g__Klebsiella.s__Klebsiella_michiganensis	0.2462107206
PWY-6151: S-adenosyl-L-methionine salvage I|g__Escherichia.s__Escherichia_fergusonii	0.0000029162
PWY-7221: guanosine ribonucleotides de novo biosynthesis	1.0000000000
PWY-7221: guanosine ribonucleotides de novo biosynthesis|g__Faecalibacterium.s__Faecalibacterium_prausnitzii	0.0121739619
PWY-7221: guanosine ribonucleotides de novo biosynthesis|g__Prevotella.s__Prevotella_sp_CAG_1320	0.3510205763
PWY-7221: guanosine ribonucleotides de novo biosynthesis|g__Escherichia.s__Escherichia_coli	0.0000000000
PWY-7221: guanosine ribonucleotides de novo biosynthesis|unclassified	0.0564114868
PWY-7221: guanosine ribonucleotides de novo biosynthesis|g__Bacteroides.s__Bacteroides_uniformis	0.0002825114
PWY-7221: guanosine ribonucleotides de novo biosynthesis|g__Bacteroides.s__Bacteroides_dorei	0.8638636531
PWY-7221: guanosine ribonucleotides de novo biosynthesis|g__Bacteroides.s__Bacteroides_stercoris	0.3439085607
PWY-7221: guanosine ribonucleotides de novo biosynthesis|g__Alistipes.s__Alistipes_putredinis	0.4199630849
PWY-7221: guanosine ribonucleotides de novo biosynthesis|g__Blautia.s__Ruminococcus_torques	0.9126742758
PWY-7221: guanosine ribonucleotides de novo biosynthesis|g__Citrobacter.s__Citrobacter_freundii	0.0243050665
PWY-7221: guanosine ribonucleotides de novo biosynthesis|g__Bacteroides.s__Bacteroides_ovatus	0.4326227896
PWY-7221: guanosine ribonucleotides de novo biosynthesis|g__Sutterella.s__Sutterella_wadsworthensis	0.3707665016
PWY-7221: guanosine ribonucleotides de novo biosynthesis|g__Parabacteroides.s__Parabacteroides_distasonis	0.9295125984
PWY-7221: guanosine ribonucleotides de novo biosynthesis|g__Eubacterium.s__Eubacterium_sp_CAG_251	0.3435803544
PWY-7221: guanosine ribonucleotides de novo biosynthesis|g__Ruminococcus.s__Ruminococcus_bicirculans	0.6656821761
PWY-7221: guanosine ribonucleotides de novo biosynthesis|g__Bacteroides.s__Bacteroides_caccae	0.5695753373
PWY-7221: guanosine ribonucleotides de novo biosynthesis|g__Alistipes.s__Alistipes_finegoldii	0.0101490541
PWY-7221: guanosine ribonucleotides de novo biosynthesis|g__Bacteroides.s__Bacteroides_finegoldii	0.5248488721
PWY-7221: guanosine ribonucleotides de novo biosynthesis|g__Eubacterium.s__Eubacterium_eligens	0.1228178425
PWY-7221: guanosine ribonucleotides de novo biosynthesis|g__Bacteroides.s__Bacteroides_vulgatus	0.3484177774
PWY-7221: guanosine ribonucleotides de novo biosynthesis|g__Alistipes.s__Alistipes_shahii	0.2289011793
PWY-7221: guanosine ribonucleotides de novo biosynthesis|g__Collinsella.s__Collinsella_aerofaciens	0.4120489393
PWY-7221: guanosine ribonucleotides de novo biosynthesis|g__Barnesiella.s__Barnesiella_intestinihominis	0.4835281565
PWY-7221: guanosine ribonucleotides de novo biosynthesis|g__Odoribacter.s__Odoribacter_splanchnicus	0.6559055481
PWY-7221: guanosine ribonucleotides de novo biosynthesis|g__Anaerostipes.s__Anaerostipes_hadrus	0.5029258029
PWY-7221: guanosine ribonucleotides de novo biosynthesis|g__Firmicutes_unclassified.s__Firmicutes_bacterium_CAG_56	0.3674252160
PWY-7221: guanosine ribonucleotides de novo biosynthesis|g__Bifidobacterium.s__Bifidobacterium_pseudocatenulatum	0.3882160719
PWY-7221: guanosine ribonucleotides de novo biosynthesis|g__Escherichia.s__Escherichia_fergusonii	0.1043022529
PWY-7221: guanosine ribonucleotides de novo biosynthesis|g__Lachnospiraceae_unclassified.s__Eubacterium_rectale	0.0000000245
PWY-7221: guanosine ribonucleotides de novo biosynthesis|g__Enterobacter.s__Enterobacter_cloacae	0.8027014301
PWY-7221: guanosine ribonucleotides de novo biosynthesis|g__Bifidobacterium.s__Bifidobacterium_adolescentis	0.0483312418
PWY-7221: guanosine ribonucleotides de novo biosynthesis|g__Bacteroides.s__Bacteroides_thetaiotaomicron	0.6546940204
PWY-7221: guanosine ribonucleotides de novo biosynthesis|g__Klebsiella.s__Klebsiella_michiganensis	0.7567114146
PWY-7221: guanosine ribonucleotides de novo biosynthesis|g__Bifidobacterium.s__Bifidobacterium_catenulatum	0.1253690014
PWY-6700: queuosine biosynthesis I (de novo)	1.0000000000
PWY-6700: queuosine biosynthesis I (de novo)|g__Faecalibacterium.s__Faecalibacterium_prausnitzii	0.0000000000
PWY-6700: queuosine biosynthesis I (de novo)|unclassified	0.9999999726
PWY-6700: queuosine biosynthesis I (de novo)|g__Prevotella.s__Prevotella_sp_CAG_1320	0.5321862909
PWY-6700: queuosine biosynthesis I (de novo)|g__Escherichia.s__Escherichia_coli	0.0000000168
PWY-6700: queuosine biosynthesis I (de novo)|g__Bacteroides.s__Bacteroides_uniformis	0.6268863537
PWY-6700: queuosine biosynthesis I (de novo)|g__Bacteroides.s__Bacteroides_stercoris	0.7228983736
PWY-6700: queuosine biosynthesis I (de novo)|g__Bacteroides.s__Bacteroides_dorei	0.1429450812
PWY-6700: queuosine biosynthesis I (de novo)|g__Subdoligranulum.s__Subdoligranulum_sp_APC924_74	0.0045030529
PWY-6700: queuosine biosynthesis I (de novo)|g__Firmicutes_unclassified.s__Firmicutes_bacterium_CAG_129	0.1532684905
PWY-6700: queuosine biosynthesis I (de novo)|g__Bacteroides.s__Bacteroides_vulgatus	0.9400652733
PWY-6700: queuosine biosynthesis I (de novo)|g__Eubacterium.s__Eubacterium_eligens	0.5921351009
PWY-6700: queuosine biosynthesis I (de novo)|g__Citrobacter.s__Citrobacter_freundii	0.1050648786
PWY-6700: queuosine biosynthesis I (de novo)|g__Bacteroides.s__Bacteroides_finegoldii	0.7716616425
PWY-6700: queuosine biosynthesis I (de novo)|g__Eubacterium.s__Eubacterium_sp_CAG_251	0.4021771762
PWY-6700: queuosine biosynthesis I (de novo)|g__Gemmiger.s__Gemmiger_formicilis	0.2644004479
PWY-6700: queuosine biosynthesis I (de novo)|g__Sutterella.s__Sutterella_wadsworthensis	0.4923456139
PWY-6700: queuosine biosynthesis I (de novo)|g__Lachnospiraceae_unclassified.s__Eubacterium_rectale	0.0055497356
PWY-6700: queuosine biosynthesis I (de novo)|g__Paraprevotella.s__Paraprevotella_xylaniphila	0.3737800317
PWY-6700: queuosine biosynthesis I (de novo)|g__Bacteroides.s__Bacteroides_ovatus	0.3234487335
PWY-6700: queuosine biosynthesis I (de novo)|g__Bacteroides.s__Bacteroides_caccae	0.2618619947
PWY-6700: queuosine biosynthesis I (de novo)|g__Parabacteroides.s__Parabacteroides_distasonis	0.6240309337
PWY-6700: queuosine biosynthesis I (de novo)|g__Barnesiella.s__Barnesiella_intestinihominis	0.7363494489
PWY-6700: queuosine biosynthesis I (de novo)|g__Parabacteroides.s__Parabacteroides_merdae	0.5287316567
PWY-6700: queuosine biosynthesis I (de novo)|g__Butyricimonas.s__Butyricimonas_virosa	0.8116451552
PWY-6700: queuosine biosynthesis I (de novo)|g__Ruminococcus.s__Ruminococcus_bicirculans	0.0059146439
PWY-6700: queuosine biosynthesis I (de novo)|g__Ruminococcus.s__Ruminococcus_bromii	0.1501696172
PWY-6700: queuosine biosynthesis I (de novo)|g__Firmicutes_unclassified.s__Firmicutes_bacterium_CAG_83	0.0762896282
PWY-6700: queuosine biosynthesis I (de novo)|g__Bacteroides.s__Bacteroides_thetaiotaomicron	0.6395660692
PWY-6700: queuosine biosynthesis I (de novo)|g__Clostridiales_unclassified.s__Clostridiales_bacterium_KLE1615	0.4218660818
PWY-6700: queuosine biosynthesis I (de novo)|g__Odoribacter.s__Odoribacter_splanchnicus	0.1191768872
PWY-6700: queuosine biosynthesis I (de novo)|g__Bacteroides.s__Bacteroides_fragilis	0.8040543272
PWY-6700: queuosine biosynthesis I (de novo)|g__Enterobacter.s__Enterobacter_cloacae	0.1315558809
PWY-7977: L-methionine biosynthesis IV	1.0000000000
PWY-7977: L-methionine biosynthesis IV|g__Escherichia.s__Escherichia_coli	0.9924648080
PWY-7977: L-methionine biosynthesis IV|g__Faecalibacterium.s__Faecalibacterium_prausnitzii	0.0000000002
PWY-7977: L-methionine biosynthesis IV|unclassified	0.9992113040
PWY-7977: L-methionine biosynthesis IV|g__Prevotella.s__Prevotella_sp_CAG_1320	0.2555556795
PWY-7977: L-methionine biosynthesis IV|g__Bacteroides.s__Bacteroides_uniformis	0.6604072646
PWY-7977: L-methionine biosynthesis IV|g__Bacteroides.s__Bacteroides_stercoris	0.7006043658
PWY-7977: L-methionine biosynthesis IV|g__Bacteroides.s__Bacteroides_dorei	0.2115583069
PWY-7977: L-methionine biosynthesis IV|g__Alistipes.s__Alistipes_putredinis	0.2180265955
PWY-7977: L-methionine biosynthesis IV|g__Citrobacter.s__Citrobacter_freundii	0.8383486275
PWY-7977: L-methionine biosynthesis IV|g__Bacteroides.s__Bacteroides_finegoldii	0.5001603101
PWY-7977: L-methionine biosynthesis IV|g__Alistipes.s__Alistipes_finegoldii	0.0380598107
PWY-7977: L-methionine biosynthesis IV|g__Alistipes.s__Alistipes_shahii	0.8124371775
PWY-7977: L-methionine biosynthesis IV|g__Eubacterium.s__Eubacterium_eligens	0.4377988857
PWY-7977: L-methionine biosynthesis IV|g__Bacteroides.s__Bacteroides_caccae	0.4110314963
PWY-7977: L-methionine biosynthesis IV|g__Bacteroides.s__Bacteroides_vulgatus	0.4493273468
PWY-7977: L-methionine biosynthesis IV|g__Bacteroides.s__Bacteroides_ovatus	0.0645758456
PWY-7977: L-methionine biosynthesis IV|g__Alistipes.s__Alistipes_onderdonkii	0.0767906734
PWY-7977: L-methionine biosynthesis IV|g__Parabacteroides.s__Parabacteroides_merdae	0.5441142045
PWY-7977: L-methionine biosynthesis IV|g__Paraprevotella.s__Paraprevotella_xylaniphila	0.0130456258
PWY-7977: L-methionine biosynthesis IV|g__Barnesiella.s__Barnesiella_intestinihominis	0.3706193927
PWY-7977: L-methionine biosynthesis IV|g__Bacteroides.s__Bacteroides_thetaiotaomicron	0.5023141977
PWY-7977: L-methionine biosynthesis IV|g__Butyricimonas.s__Butyricimonas_synergistica	0.6265431646
PWY-7977: L-methionine biosynthesis IV|g__Klebsiella.s__Klebsiella_michiganensis	0.5589555336
PWY-7977: L-methionine biosynthesis IV|g__Klebsiella.s__Klebsiella_oxytoca	0.0000000454
ILEUSYN-PWY: L-isoleucine biosynthesis I (from threonine)	0.1179031755
ILEUSYN-PWY: L-isoleucine biosynthesis I (from threonine)|g__Escherichia.s__Escherichia_coli	0.9438310615
ILEUSYN-PWY: L-isoleucine biosynthesis I (from threonine)|g__Bacteroides.s__Bacteroides_uniformis	0.3070740282
ILEUSYN-PWY: L-isoleucine biosynthesis I (from threonine)|unclassified	0.0000000000
ILEUSYN-PWY: L-isoleucine biosynthesis I (from threonine)|g__Citrobacter.s__Citrobacter_freundii	0.9608903397
ILEUSYN-PWY: L-isoleucine biosynthesis I (from threonine)|g__Bacteroides.s__Bacteroides_stercoris	0.0001848294
ILEUSYN-PWY: L-isoleucine biosynthesis I (from threonine)|g__Gemmiger.s__Gemmiger_formicilis	0.4613503057
ILEUSYN-PWY: L-isoleucine biosynthesis I (from threonine)|g__Lachnospiraceae_unclassified.s__Eubacterium_rectale	0.0091027979
ILEUSYN-PWY: L-isoleucine biosynthesis I (from threonine)|g__Ruminococcus.s__Ruminococcus_bicirculans	0.4925209925
ILEUSYN-PWY: L-isoleucine biosynthesis I (from threonine)|g__Eubacterium.s__Eubacterium_eligens	0.4068831332
ILEUSYN-PWY: L-isoleucine biosynthesis I (from threonine)|g__Bacteroides.s__Bacteroides_caccae	0.5066951630
ILEUSYN-PWY: L-isoleucine biosynthesis I (from threonine)|g__Bacteroides.s__Bacteroides_ovatus	0.1183395795
ILEUSYN-PWY: L-isoleucine biosynthesis I (from threonine)|g__Bacteroides.s__Bacteroides_finegoldii	0.4410814883
ILEUSYN-PWY: L-isoleucine biosynthesis I (from threonine)|g__Bifidobacterium.s__Bifidobacterium_adolescentis	0.6888051915
ILEUSYN-PWY: L-isoleucine biosynthesis I (from threonine)|g__Parabacteroides.s__Parabacteroides_distasonis	0.7893469521
ILEUSYN-PWY: L-isoleucine biosynthesis I (from threonine)|g__Escherichia.s__Escherichia_fergusonii	0.5962857260
ILEUSYN-PWY: L-isoleucine biosynthesis I (from threonine)|g__Bifidobacterium.s__Bifidobacterium_pseudocatenulatum	0.6241187331
ILEUSYN-PWY: L-isoleucine biosynthesis I (from threonine)|g__Bifidobacterium.s__Bifidobacterium_catenulatum	0.6002524179
ILEUSYN-PWY: L-isoleucine biosynthesis I (from threonine)|g__Bacteroides.s__Bacteroides_thetaiotaomicron	0.6195196888
ILEUSYN-PWY: L-isoleucine biosynthesis I (from threonine)|g__Klebsiella.s__Klebsiella_oxytoca	0.0001513890
ILEUSYN-PWY: L-isoleucine biosynthesis I (from threonine)|g__Parabacteroides.s__Parabacteroides_merdae	0.0085251217
ILEUSYN-PWY: L-isoleucine biosynthesis I (from threonine)|g__Bifidobacterium.s__Bifidobacterium_longum	0.3392996358
ILEUSYN-PWY: L-isoleucine biosynthesis I (from threonine)|g__Blautia.s__Ruminococcus_torques	0.0000000000
ILEUSYN-PWY: L-isoleucine biosynthesis I (from threonine)|g__Klebsiella.s__Klebsiella_michiganensis	0.1446125618
ILEUSYN-PWY: L-isoleucine biosynthesis I (from threonine)|g__Blautia.s__Blautia_obeum	0.1989080543
HISTSYN-PWY: L-histidine biosynthesis	1.0000000000
HISTSYN-PWY: L-histidine biosynthesis|g__Faecalibacterium.s__Faecalibacterium_prausnitzii	0.0006418269
HISTSYN-PWY: L-histidine biosynthesis|unclassified	0.6772208401
HISTSYN-PWY: L-histidine biosynthesis|g__Prevotella.s__Prevotella_sp_CAG_1320	0.1268695026
HISTSYN-PWY: L-histidine biosynthesis|g__Bacteroides.s__Bacteroides_uniformis	0.3724737728
HISTSYN-PWY: L-histidine biosynthesis|g__Escherichia.s__Escherichia_coli	0.0000000000
HISTSYN-PWY: L-histidine biosynthesis|g__Subdoligranulum.s__Subdoligranulum_sp_APC924_74	0.9370902270
HISTSYN-PWY: L-histidine biosynthesis|g__Bacteroides.s__Bacteroides_stercoris	0.0378615153
HISTSYN-PWY: L-histidine biosynthesis|g__Bacteroides.s__Bacteroides_dorei	0.1182931404
HISTSYN-PWY: L-histidine biosynthesis|g__Alistipes.s__Alistipes_finegoldii	0.5789945156
HISTSYN-PWY: L-histidine biosynthesis|g__Eubacterium.s__Eubacterium_sp_CAG_251	0.1988006954
HISTSYN-PWY: L-histidine biosynthesis|g__Paraprevotella.s__Paraprevotella_xylaniphila	0.5292507374
HISTSYN-PWY: L-histidine biosynthesis|g__Bacteroides.s__Bacteroides_ovatus	0.1554788870
HISTSYN-PWY: L-histidine biosynthesis|g__Bacteroides.s__Bacteroides_caccae	0.3904396335
HISTSYN-PWY: L-histidine biosynthesis|g__Collinsella.s__Collinsella_aerofaciens	0.6242439768
HISTSYN-PWY: L-histidine biosynthesis|g__Sutterella.s__Sutterella_wadsworthensis	0.0083794061
HISTSYN-PWY: L-histidine biosynthesis|g__Alistipes.s__Alistipes_shahii	0.4460373719
HISTSYN-PWY: L-histidine biosynthesis|g__Parabacteroides.s__Parabacteroides_distasonis	0.5461586347
HISTSYN-PWY: L-histidine biosynthesis|g__Bacteroides.s__Bacteroides_finegoldii	0.0584953205
HISTSYN-PWY: L-histidine biosynthesis|g__Bifidobacterium.s__Bifidobacterium_adolescentis	0.2188655740
HISTSYN-PWY: L-histidine biosynthesis|g__Bacteroides.s__Bacteroides_vulgatus	0.0280846996
HISTSYN-PWY: L-histidine biosynthesis|g__Parabacteroides.s__Parabacteroides_merdae	0.2551412848
HISTSYN-PWY: L-histidine biosynthesis|g__Citrobacter.s__Citrobacter_freundii	0.0000000000
PWY-7953: UDP-N-acetylmuramoyl-pentapeptide biosynthesis III (meso-diaminopimelate containing)	0.9999999986
PWY-7953: UDP-N-acetylmuramoyl-pentapeptide biosynthesis III (meso-diaminopimelate containing)|g__Escherichia.s__Escherichia_coli	0.0000000000
PWY-7953: UDP-N-acetylmuramoyl-pentapeptide biosynthesis III (meso-diaminopimelate containing)|g__Prevotella.s__Prevotella_sp_CAG_1320	0.2934785652
PWY-7953: UDP-N-acetylmuramoyl-pentapeptide biosynthesis III (meso-diaminopimelate containing)|unclassified	0.4989140979
PWY-7953: UDP-N-acetylmuramoyl-pentapeptide biosynthesis III (meso-diaminopimelate containing)|g__Bacteroides.s__Bacteroides_uniformis	0.3607810389
PWY-7953: UDP-N-acetylmuramoyl-pentapeptide biosynthesis III (meso-diaminopimelate containing)|g__Bacteroides.s__Bacteroides_stercoris	0.3122338719
PWY-7953: UDP-N-acetylmuramoyl-pentapeptide biosynthesis III (meso-diaminopimelate containing)|g__Alistipes.s__Alistipes_putredinis	0.5594045904
PWY-7953: UDP-N-acetylmuramoyl-pentapeptide biosynthesis III (meso-diaminopimelate containing)|g__Bacteroides.s__Bacteroides_dorei	0.0636822391
PWY-7953: UDP-N-acetylmuramoyl-pentapeptide biosynthesis III (meso-diaminopimelate containing)|g__Lachnospiraceae_unclassified.s__Eubacterium_rectale	0.4048919210
PWY-7953: UDP-N-acetylmuramoyl-pentapeptide biosynthesis III (meso-diaminopimelate containing)|g__Alistipes.s__Alistipes_finegoldii	0.1222678249
PWY-7953: UDP-N-acetylmuramoyl-pentapeptide biosynthesis III (meso-diaminopimelate containing)|g__Sutterella.s__Sutterella_wadsworthensis	0.3774386300
PWY-7953: UDP-N-acetylmuramoyl-pentapeptide biosynthesis III (meso-diaminopimelate containing)|g__Eubacterium.s__Eubacterium_sp_CAG_251	0.1166695055
PWY-7953: UDP-N-acetylmuramoyl-pentapeptide biosynthesis III (meso-diaminopimelate containing)|g__Eubacterium.s__Eubacterium_eligens	0.4346744262
PWY-7953: UDP-N-acetylmuramoyl-pentapeptide biosynthesis III (meso-diaminopimelate containing)|g__Bacteroides.s__Bacteroides_finegoldii	0.3721490032
PWY-7953: UDP-N-acetylmuramoyl-pentapeptide biosynthesis III (meso-diaminopimelate containing)|g__Paraprevotella.s__Paraprevotella_xylaniphila	0.2029900431
PWY-7953: UDP-N-acetylmuramoyl-pentapeptide biosynthesis III (meso-diaminopimelate containing)|g__Bacteroides.s__Bacteroides_ovatus	0.1554715091
PWY-7953: UDP-N-acetylmuramoyl-pentapeptide biosynthesis III (meso-diaminopimelate containing)|g__Bacteroides.s__Bacteroides_vulgatus	0.5463531956
PWY-7953: UDP-N-acetylmuramoyl-pentapeptide biosynthesis III (meso-diaminopimelate containing)|g__Bacteroides.s__Bacteroides_caccae	0.2976524493
PWY-7953: UDP-N-acetylmuramoyl-pentapeptide biosynthesis III (meso-diaminopimelate containing)|g__Ruminococcus.s__Ruminococcus_bicirculans	0.1080893587
PWY-7953: UDP-N-acetylmuramoyl-pentapeptide biosynthesis III (meso-diaminopimelate containing)|g__Firmicutes_unclassified.s__Firmicutes_bacterium_CAG_83	0.2846600209
PWY-7953: UDP-N-acetylmuramoyl-pentapeptide biosynthesis III (meso-diaminopimelate containing)|g__Parabacteroides.s__Parabacteroides_distasonis	0.3180097885
PWY-7953: UDP-N-acetylmuramoyl-pentapeptide biosynthesis III (meso-diaminopimelate containing)|g__Parabacteroides.s__Parabacteroides_merdae	0.4782449291
PWY-7953: UDP-N-acetylmuramoyl-pentapeptide biosynthesis III (meso-diaminopimelate containing)|g__Firmicutes_unclassified.s__Firmicutes_bacterium_CAG_56	0.4102258661
PWY-7953: UDP-N-acetylmuramoyl-pentapeptide biosynthesis III (meso-diaminopimelate containing)|g__Citrobacter.s__Citrobacter_freundii	0.0000000000
PWY-7953: UDP-N-acetylmuramoyl-pentapeptide biosynthesis III (meso-diaminopimelate containing)|g__Bacteroides.s__Bacteroides_thetaiotaomicron	0.3472552582
PWY-7953: UDP-N-acetylmuramoyl-pentapeptide biosynthesis III (meso-diaminopimelate containing)|g__Alistipes.s__Alistipes_onderdonkii	0.0000000050
SALVADEHYPOX-PWY: adenosine nucleotides degradation II	1.0000000000
SALVADEHYPOX-PWY: adenosine nucleotides degradation II|g__Escherichia.s__Escherichia_coli	0.5024500329
SALVADEHYPOX-PWY: adenosine nucleotides degradation II|unclassified	0.0006887839
SALVADEHYPOX-PWY: adenosine nucleotides degradation II|g__Faecalibacterium.s__Faecalibacterium_prausnitzii	0.0000000000
SALVADEHYPOX-PWY: adenosine nucleotides degradation II|g__Klebsiella.s__Klebsiella_oxytoca	0.4687481496
BRANCHED-CHAIN-AA-SYN-PWY: superpathway of branched chain amino acid biosynthesis	0.1179031755
BRANCHED-CHAIN-AA-SYN-PWY: superpathway of branched chain amino acid biosynthesis|g__Escherichia.s__Escherichia_coli	0.0000000002
BRANCHED-CHAIN-AA-SYN-PWY: superpathway of branched chain amino acid biosynthesis|g__Bacteroides.s__Bacteroides_uniformis	0.2617343874
BRANCHED-CHAIN-AA-SYN-PWY: superpathway of branched chain amino acid biosynthesis|unclassified	0.0000000000
BRANCHED-CHAIN-AA-SYN-PWY: superpathway of branched chain amino acid biosynthesis|g__Bacteroides.s__Bacteroides_stercoris	0.0001848239
BRANCHED-CHAIN-AA-SYN-PWY: superpathway of branched chain amino acid biosynthesis|g__Gemmiger.s__Gemmiger_formicilis	0.5020894047
BRANCHED-CHAIN-AA-SYN-PWY: superpathway of branched chain amino acid biosynthesis|g__Citrobacter.s__Citrobacter_freundii	0.0021959250
BRANCHED-CHAIN-AA-SYN-PWY: superpathway of branched chain amino acid biosynthesis|g__Lachnospiraceae_unclassified.s__Eubacterium_rectale	0.0090907483
BRANCHED-CHAIN-AA-SYN-PWY: superpathway of branched chain amino acid biosynthesis|g__Bacteroides.s__Bacteroides_caccae	0.5802143782
BRANCHED-CHAIN-AA-SYN-PWY: superpathway of branched chain amino acid biosynthesis|g__Ruminococcus.s__Ruminococcus_bicirculans	0.3006298737
BRANCHED-CHAIN-AA-SYN-PWY: superpathway of branched chain amino acid biosynthesis|g__Bacteroides.s__Bacteroides_ovatus	0.1189825576
BRANCHED-CHAIN-AA-SYN-PWY: superpathway of branched chain amino acid biosynthesis|g__Eubacterium.s__Eubacterium_eligens	0.1992303865
BRANCHED-CHAIN-AA-SYN-PWY: superpathway of branched chain amino acid biosynthesis|g__Parabacteroides.s__Parabacteroides_distasonis	0.7636274382
BRANCHED-CHAIN-AA-SYN-PWY: superpathway of branched chain amino acid biosynthesis|g__Bifidobacterium.s__Bifidobacterium_adolescentis	0.4462170074
BRANCHED-CHAIN-AA-SYN-PWY: superpathway of branched chain amino acid biosynthesis|g__Bacteroides.s__Bacteroides_finegoldii	0.0000018533
BRANCHED-CHAIN-AA-SYN-PWY: superpathway of branched chain amino acid biosynthesis|g__Bifidobacterium.s__Bifidobacterium_pseudocatenulatum	0.4016197636
BRANCHED-CHAIN-AA-SYN-PWY: superpathway of branched chain amino acid biosynthesis|g__Bifidobacterium.s__Bifidobacterium_catenulatum	0.6125075337
BRANCHED-CHAIN-AA-SYN-PWY: superpathway of branched chain amino acid biosynthesis|g__Bacteroides.s__Bacteroides_thetaiotaomicron	0.4398030053
BRANCHED-CHAIN-AA-SYN-PWY: superpathway of branched chain amino acid biosynthesis|g__Blautia.s__Ruminococcus_torques	0.0000000000
BRANCHED-CHAIN-AA-SYN-PWY: superpathway of branched chain amino acid biosynthesis|g__Parabacteroides.s__Parabacteroides_merdae	0.0085465230
BRANCHED-CHAIN-AA-SYN-PWY: superpathway of branched chain amino acid biosynthesis|g__Blautia.s__Blautia_obeum	0.2487766366
BRANCHED-CHAIN-AA-SYN-PWY: superpathway of branched chain amino acid biosynthesis|g__Klebsiella.s__Klebsiella_michiganensis	0.1385897144
COA-PWY: coenzyme A biosynthesis I (prokaryotic)	1.0000000000
COA-PWY: coenzyme A biosynthesis I (prokaryotic)|g__Faecalibacterium.s__Faecalibacterium_prausnitzii	0.0583839074
COA-PWY: coenzyme A biosynthesis I (prokaryotic)|unclassified	0.9999989132
COA-PWY: coenzyme A biosynthesis I (prokaryotic)|g__Prevotella.s__Prevotella_sp_CAG_1320	0.4792554945
COA-PWY: coenzyme A biosynthesis I (prokaryotic)|g__Bacteroides.s__Bacteroides_uniformis	0.8030294830
COA-PWY: coenzyme A biosynthesis I (prokaryotic)|g__Escherichia.s__Escherichia_coli	0.0000000000
COA-PWY: coenzyme A biosynthesis I (prokaryotic)|g__Bacteroides.s__Bacteroides_stercoris	0.7323386704
COA-PWY: coenzyme A biosynthesis I (prokaryotic)|g__Alistipes.s__Alistipes_putredinis	0.8831501732
COA-PWY: coenzyme A biosynthesis I (prokaryotic)|g__Subdoligranulum.s__Subdoligranulum_sp_APC924_74	0.0768507109
COA-PWY: coenzyme A biosynthesis I (prokaryotic)|g__Alistipes.s__Alistipes_finegoldii	0.9692765400
COA-PWY: coenzyme A biosynthesis I (prokaryotic)|g__Bacteroides.s__Bacteroides_dorei	0.1689906603
COA-PWY: coenzyme A biosynthesis I (prokaryotic)|g__Lachnospiraceae_unclassified.s__Eubacterium_rectale	0.7727576301
COA-PWY: coenzyme A biosynthesis I (prokaryotic)|g__Sutterella.s__Sutterella_wadsworthensis	0.7643533938
COA-PWY: coenzyme A biosynthesis I (prokaryotic)|g__Citrobacter.s__Citrobacter_freundii	0.1054142523
COA-PWY: coenzyme A biosynthesis I (prokaryotic)|g__Bacteroides.s__Bacteroides_ovatus	0.7211173395
COA-PWY: coenzyme A biosynthesis I (prokaryotic)|g__Paraprevotella.s__Paraprevotella_xylaniphila	0.5500077384
COA-PWY: coenzyme A biosynthesis I (prokaryotic)|g__Bacteroides.s__Bacteroides_caccae	0.5914842319
COA-PWY: coenzyme A biosynthesis I (prokaryotic)|g__Eubacterium.s__Eubacterium_eligens	0.4951715600
COA-PWY: coenzyme A biosynthesis I (prokaryotic)|g__Bacteroides.s__Bacteroides_vulgatus	0.6836597422
COA-PWY: coenzyme A biosynthesis I (prokaryotic)|g__Ruminococcus.s__Ruminococcus_bicirculans	0.2288460142
COA-PWY: coenzyme A biosynthesis I (prokaryotic)|g__Bacteroides.s__Bacteroides_finegoldii	0.1734101148
COA-PWY: coenzyme A biosynthesis I (prokaryotic)|g__Gemmiger.s__Gemmiger_formicilis	0.0076508200
COA-PWY: coenzyme A biosynthesis I (prokaryotic)|g__Blautia.s__Ruminococcus_torques	0.0069724584
COA-PWY: coenzyme A biosynthesis I (prokaryotic)|g__Klebsiella.s__Klebsiella_oxytoca	0.1326538048
COA-PWY: coenzyme A biosynthesis I (prokaryotic)|g__Parabacteroides.s__Parabacteroides_merdae	0.6359169077
COA-PWY: coenzyme A biosynthesis I (prokaryotic)|g__Escherichia.s__Escherichia_fergusonii	0.5546119098
COA-PWY: coenzyme A biosynthesis I (prokaryotic)|g__Collinsella.s__Collinsella_aerofaciens	0.2849710691
COA-PWY: coenzyme A biosynthesis I (prokaryotic)|g__Butyricimonas.s__Butyricimonas_virosa	0.8295033259
COA-PWY: coenzyme A biosynthesis I (prokaryotic)|g__Barnesiella.s__Barnesiella_intestinihominis	0.4390863957
COA-PWY: coenzyme A biosynthesis I (prokaryotic)|g__Parabacteroides.s__Parabacteroides_distasonis	0.1192261093
COA-PWY: coenzyme A biosynthesis I (prokaryotic)|g__Bifidobacterium.s__Bifidobacterium_pseudocatenulatum	0.3614498162
COA-PWY: coenzyme A biosynthesis I (prokaryotic)|g__Bifidobacterium.s__Bifidobacterium_adolescentis	0.1277383404
COA-PWY: coenzyme A biosynthesis I (prokaryotic)|g__Odoribacter.s__Odoribacter_splanchnicus	0.5753252539
COA-PWY: coenzyme A biosynthesis I (prokaryotic)|g__Dialister.s__Dialister_invisus	0.4923800346
COA-PWY: coenzyme A biosynthesis I (prokaryotic)|g__Firmicutes_unclassified.s__Firmicutes_bacterium_CAG_41	0.5140487317
COA-PWY: coenzyme A biosynthesis I (prokaryotic)|g__Bacteroides.s__Bacteroides_thetaiotaomicron	0.6418873696
COA-PWY: coenzyme A biosynthesis I (prokaryotic)|g__Bilophila.s__Bilophila_wadsworthia	0.4598224017
COA-PWY: coenzyme A biosynthesis I (prokaryotic)|g__Anaerostipes.s__Anaerostipes_hadrus	0.0738432105
COA-PWY: coenzyme A biosynthesis I (prokaryotic)|g__Enterobacter.s__Enterobacter_cloacae	0.3110162096
PWY-7851: coenzyme A biosynthesis II (eukaryotic)	1.0000000000
PWY-7851: coenzyme A biosynthesis II (eukaryotic)|g__Faecalibacterium.s__Faecalibacterium_prausnitzii	0.0583839074
PWY-7851: coenzyme A biosynthesis II (eukaryotic)|g__Prevotella.s__Prevotella_sp_CAG_1320	0.3062915254
PWY-7851: coenzyme A biosynthesis II (eukaryotic)|unclassified	0.0461934003
PWY-7851: coenzyme A biosynthesis II (eukaryotic)|g__Bacteroides.s__Bacteroides_uniformis	0.3129911604
PWY-7851: coenzyme A biosynthesis II (eukaryotic)|g__Bacteroides.s__Bacteroides_stercoris	0.6685436041
PWY-7851: coenzyme A biosynthesis II (eukaryotic)|g__Escherichia.s__Escherichia_coli	0.0000000000
PWY-7851: coenzyme A biosynthesis II (eukaryotic)|g__Alistipes.s__Alistipes_putredinis	0.8831501732
PWY-7851: coenzyme A biosynthesis II (eukaryotic)|g__Subdoligranulum.s__Subdoligranulum_sp_APC924_74	0.0768507109
PWY-7851: coenzyme A biosynthesis II (eukaryotic)|g__Alistipes.s__Alistipes_finegoldii	0.8791850882
PWY-7851: coenzyme A biosynthesis II (eukaryotic)|g__Bacteroides.s__Bacteroides_dorei	0.0408596177
PWY-7851: coenzyme A biosynthesis II (eukaryotic)|g__Sutterella.s__Sutterella_wadsworthensis	0.3100069425
PWY-7851: coenzyme A biosynthesis II (eukaryotic)|g__Bacteroides.s__Bacteroides_caccae	0.5914842319
PWY-7851: coenzyme A biosynthesis II (eukaryotic)|g__Eubacterium.s__Eubacterium_eligens	0.4198105084
PWY-7851: coenzyme A biosynthesis II (eukaryotic)|g__Bacteroides.s__Bacteroides_vulgatus	0.6444972344
PWY-7851: coenzyme A biosynthesis II (eukaryotic)|g__Ruminococcus.s__Ruminococcus_bicirculans	0.2288460142
PWY-7851: coenzyme A biosynthesis II (eukaryotic)|g__Bacteroides.s__Bacteroides_finegoldii	0.1734101148
PWY-7851: coenzyme A biosynthesis II (eukaryotic)|g__Paraprevotella.s__Paraprevotella_xylaniphila	0.0841259872
PWY-7851: coenzyme A biosynthesis II (eukaryotic)|g__Klebsiella.s__Klebsiella_oxytoca	0.1326538048
PWY-7851: coenzyme A biosynthesis II (eukaryotic)|g__Bacteroides.s__Bacteroides_ovatus	0.0117835443
PWY-7851: coenzyme A biosynthesis II (eukaryotic)|g__Barnesiella.s__Barnesiella_intestinihominis	0.4390863957
PWY-7851: coenzyme A biosynthesis II (eukaryotic)|g__Parabacteroides.s__Parabacteroides_distasonis	0.1192261093
PWY-7851: coenzyme A biosynthesis II (eukaryotic)|g__Butyricimonas.s__Butyricimonas_virosa	0.8070571369
PWY-7851: coenzyme A biosynthesis II (eukaryotic)|g__Gemmiger.s__Gemmiger_formicilis	0.0000039131
PWY-7851: coenzyme A biosynthesis II (eukaryotic)|g__Bifidobacterium.s__Bifidobacterium_adolescentis	0.1077712716
PWY-7851: coenzyme A biosynthesis II (eukaryotic)|g__Citrobacter.s__Citrobacter_freundii	0.0000000003
PWY-7851: coenzyme A biosynthesis II (eukaryotic)|g__Bifidobacterium.s__Bifidobacterium_pseudocatenulatum	0.0375396900
PWY-7851: coenzyme A biosynthesis II (eukaryotic)|g__Bacteroides.s__Bacteroides_thetaiotaomicron	0.3402273211
CALVIN-PWY: Calvin-Benson-Bassham cycle	0.9993362753
CALVIN-PWY: Calvin-Benson-Bassham cycle|g__Escherichia.s__Escherichia_coli	0.0229888773
CALVIN-PWY: Calvin-Benson-Bassham cycle|unclassified	0.3179036689
CALVIN-PWY: Calvin-Benson-Bassham cycle|g__Klebsiella.s__Klebsiella_oxytoca	0.9934628925
CALVIN-PWY: Calvin-Benson-Bassham cycle|g__Citrobacter.s__Citrobacter_freundii	0.6713434656
CALVIN-PWY: Calvin-Benson-Bassham cycle|g__Blautia.s__Ruminococcus_torques	0.0078056034
CALVIN-PWY: Calvin-Benson-Bassham cycle|g__Lachnospiraceae_unclassified.s__Eubacterium_rectale	0.0001486059
CALVIN-PWY: Calvin-Benson-Bassham cycle|g__Eubacterium.s__Eubacterium_eligens	0.0353154749
CALVIN-PWY: Calvin-Benson-Bassham cycle|g__Collinsella.s__Collinsella_aerofaciens	0.2264948681
CALVIN-PWY: Calvin-Benson-Bassham cycle|g__Roseburia.s__Roseburia_faecis	0.6603141718
CALVIN-PWY: Calvin-Benson-Bassham cycle|g__Escherichia.s__Escherichia_fergusonii	0.0170597176
CALVIN-PWY: Calvin-Benson-Bassham cycle|g__Blautia.s__Blautia_sp_AF19_10LB	0.2418947642
PWY-3841: folate transformations II (plants)	0.9999999866
PWY-3841: folate transformations II (plants)|g__Escherichia.s__Escherichia_coli	0.0000000000
PWY-3841: folate transformations II (plants)|g__Bacteroides.s__Bacteroides_uniformis	0.6627217732
PWY-3841: folate transformations II (plants)|unclassified	0.0000223659
PWY-3841: folate transformations II (plants)|g__Bacteroides.s__Bacteroides_stercoris	0.5853612204
PWY-3841: folate transformations II (plants)|g__Alistipes.s__Alistipes_putredinis	0.5416301460
PWY-3841: folate transformations II (plants)|g__Firmicutes_unclassified.s__Firmicutes_bacterium_CAG_129	0.4769684511
PWY-3841: folate transformations II (plants)|g__Bacteroides.s__Bacteroides_dorei	0.2090697200
PWY-3841: folate transformations II (plants)|g__Lachnospiraceae_unclassified.s__Eubacterium_rectale	0.3854947268
PWY-3841: folate transformations II (plants)|g__Sutterella.s__Sutterella_wadsworthensis	0.7059283888
PWY-3841: folate transformations II (plants)|g__Alistipes.s__Alistipes_finegoldii	0.0240532874
PWY-3841: folate transformations II (plants)|g__Paraprevotella.s__Paraprevotella_xylaniphila	0.6411560657
PWY-3841: folate transformations II (plants)|g__Citrobacter.s__Citrobacter_freundii	0.0010268077
PWY-3841: folate transformations II (plants)|g__Eubacterium.s__Eubacterium_sp_CAG_251	0.4018634625
PWY-3841: folate transformations II (plants)|g__Bacteroides.s__Bacteroides_caccae	0.6905770017
PWY-3841: folate transformations II (plants)|g__Bacteroides.s__Bacteroides_finegoldii	0.4668786322
PWY-3841: folate transformations II (plants)|g__Bacteroides.s__Bacteroides_ovatus	0.3338847856
PWY-3841: folate transformations II (plants)|g__Blautia.s__Ruminococcus_torques	0.0335027597
PWY-3841: folate transformations II (plants)|g__Bacteroides.s__Bacteroides_vulgatus	0.1116968438
PWY-3841: folate transformations II (plants)|g__Alistipes.s__Alistipes_onderdonkii	0.2675653161
PWY-3841: folate transformations II (plants)|g__Bifidobacterium.s__Bifidobacterium_adolescentis	0.1640868518
PWY-3841: folate transformations II (plants)|g__Parabacteroides.s__Parabacteroides_merdae	0.4731274607
PWY-3841: folate transformations II (plants)|g__Odoribacter.s__Odoribacter_splanchnicus	0.6165609849
PWY-3841: folate transformations II (plants)|g__Barnesiella.s__Barnesiella_intestinihominis	0.3099615667
PWY-3841: folate transformations II (plants)|g__Dialister.s__Dialister_invisus	0.4149651955
PWY-3841: folate transformations II (plants)|g__Bifidobacterium.s__Bifidobacterium_catenulatum	0.3340490954
PWY-3841: folate transformations II (plants)|g__Bacteroides.s__Bacteroides_thetaiotaomicron	0.3473978614
PWY-3841: folate transformations II (plants)|g__Klebsiella.s__Klebsiella_oxytoca	0.0000000288
PWY-3841: folate transformations II (plants)|g__Bacteroides.s__Bacteroides_fragilis	0.4589793675
PWY-6123: inosine-5'-phosphate biosynthesis I	1.0000000000
PWY-6123: inosine-5'-phosphate biosynthesis I|g__Faecalibacterium.s__Faecalibacterium_prausnitzii	0.0570725907
PWY-6123: inosine-5'-phosphate biosynthesis I|g__Escherichia.s__Escherichia_coli	0.0000000005
PWY-6123: inosine-5'-phosphate biosynthesis I|g__Prevotella.s__Prevotella_sp_CAG_1320	0.3059415566
PWY-6123: inosine-5'-phosphate biosynthesis I|unclassified	0.7059144597
PWY-6123: inosine-5'-phosphate biosynthesis I|g__Bacteroides.s__Bacteroides_uniformis	0.0992440825
PWY-6123: inosine-5'-phosphate biosynthesis I|g__Bacteroides.s__Bacteroides_stercoris	0.4015658078
PWY-6123: inosine-5'-phosphate biosynthesis I|g__Alistipes.s__Alistipes_putredinis	0.0923548429
PWY-6123: inosine-5'-phosphate biosynthesis I|g__Bacteroides.s__Bacteroides_dorei	0.1125529266
PWY-6123: inosine-5'-phosphate biosynthesis I|g__Sutterella.s__Sutterella_wadsworthensis	0.8440734164
PWY-6123: inosine-5'-phosphate biosynthesis I|g__Alistipes.s__Alistipes_finegoldii	0.0243204122
PWY-6123: inosine-5'-phosphate biosynthesis I|g__Citrobacter.s__Citrobacter_freundii	0.0345453406
PWY-6123: inosine-5'-phosphate biosynthesis I|g__Bacteroides.s__Bacteroides_ovatus	0.1642035853
PWY-6123: inosine-5'-phosphate biosynthesis I|g__Bacteroides.s__Bacteroides_caccae	0.4978052390
PWY-6123: inosine-5'-phosphate biosynthesis I|g__Bacteroides.s__Bacteroides_finegoldii	0.3224683719
PWY-6123: inosine-5'-phosphate biosynthesis I|g__Bacteroides.s__Bacteroides_vulgatus	0.2693787438
PWY-6123: inosine-5'-phosphate biosynthesis I|g__Klebsiella.s__Klebsiella_oxytoca	0.1409221914
PWY-6123: inosine-5'-phosphate biosynthesis I|g__Collinsella.s__Collinsella_aerofaciens	0.3672750761
PWY-6123: inosine-5'-phosphate biosynthesis I|g__Parabacteroides.s__Parabacteroides_merdae	0.4622777132
PWY-6123: inosine-5'-phosphate biosynthesis I|g__Bifidobacterium.s__Bifidobacterium_adolescentis	0.1971402191
PWY-6123: inosine-5'-phosphate biosynthesis I|g__Parabacteroides.s__Parabacteroides_distasonis	0.2297473789
PWY-6123: inosine-5'-phosphate biosynthesis I|g__Bifidobacterium.s__Bifidobacterium_pseudocatenulatum	0.3455201955
PWY-6123: inosine-5'-phosphate biosynthesis I|g__Bacteroides.s__Bacteroides_thetaiotaomicron	0.7167373517
PWY-6123: inosine-5'-phosphate biosynthesis I|g__Alistipes.s__Alistipes_onderdonkii	0.0008248148
PWY-6123: inosine-5'-phosphate biosynthesis I|g__Escherichia.s__Escherichia_fergusonii	0.1643982624
PWY-6123: inosine-5'-phosphate biosynthesis I|g__Blautia.s__Ruminococcus_torques	0.0000000001
PWY-6123: inosine-5'-phosphate biosynthesis I|g__Bifidobacterium.s__Bifidobacterium_catenulatum	0.3076667431
PWY-5973: cis-vaccenate biosynthesis	0.9908032028
PWY-5973: cis-vaccenate biosynthesis|g__Escherichia.s__Escherichia_coli	0.9999988468
PWY-5973: cis-vaccenate biosynthesis|g__Bacteroides.s__Bacteroides_uniformis	0.0020670189
PWY-5973: cis-vaccenate biosynthesis|g__Bacteroides.s__Bacteroides_stercoris	0.3492932976
PWY-5973: cis-vaccenate biosynthesis|g__Citrobacter.s__Citrobacter_freundii	0.8029948117
PWY-5973: cis-vaccenate biosynthesis|unclassified	0.0000000000
PWY-5973: cis-vaccenate biosynthesis|g__Alistipes.s__Alistipes_finegoldii	0.0036061302
PWY-5973: cis-vaccenate biosynthesis|g__Bacteroides.s__Bacteroides_caccae	0.6214529259
PWY-5973: cis-vaccenate biosynthesis|g__Bacteroides.s__Bacteroides_finegoldii	0.5465873488
PWY-5973: cis-vaccenate biosynthesis|g__Bacteroides.s__Bacteroides_ovatus	0.3178744992
PWY-5973: cis-vaccenate biosynthesis|g__Bacteroides.s__Bacteroides_vulgatus	0.5496170238
PWY-5973: cis-vaccenate biosynthesis|g__Alistipes.s__Alistipes_onderdonkii	0.4768941450
PWY-5973: cis-vaccenate biosynthesis|g__Parabacteroides.s__Parabacteroides_distasonis	0.3263544271
PWY-5973: cis-vaccenate biosynthesis|g__Parabacteroides.s__Parabacteroides_merdae	0.2979298007
PWY-5973: cis-vaccenate biosynthesis|g__Enterobacter.s__Enterobacter_cloacae	0.8785446716
PWY-5973: cis-vaccenate biosynthesis|g__Bacteroides.s__Bacteroides_thetaiotaomicron	0.3541770137
PWY-5973: cis-vaccenate biosynthesis|g__Klebsiella.s__Klebsiella_oxytoca	0.0000000213
PWY0-1296: purine ribonucleosides degradation	0.9999658737
PWY0-1296: purine ribonucleosides degradation|g__Faecalibacterium.s__Faecalibacterium_prausnitzii	0.8171069560
PWY0-1296: purine ribonucleosides degradation|unclassified	1.0000000000
PWY0-1296: purine ribonucleosides degradation|g__Escherichia.s__Escherichia_coli	0.2918573447
PWY0-1296: purine ribonucleosides degradation|g__Citrobacter.s__Citrobacter_freundii	0.9982017382
PWY0-1296: purine ribonucleosides degradation|g__Subdoligranulum.s__Subdoligranulum_sp_APC924_74	0.3408590653
PWY0-1296: purine ribonucleosides degradation|g__Lachnospiraceae_unclassified.s__Eubacterium_rectale	0.2049823713
PWY0-1296: purine ribonucleosides degradation|g__Blautia.s__Ruminococcus_torques	0.0821064292
PWY0-1296: purine ribonucleosides degradation|g__Eubacterium.s__Eubacterium_eligens	0.7157170979
PWY0-1296: purine ribonucleosides degradation|g__Gemmiger.s__Gemmiger_formicilis	0.0190960901
PWY0-1296: purine ribonucleosides degradation|g__Eubacterium.s__Eubacterium_sp_CAG_251	0.1378214125
PWY0-1296: purine ribonucleosides degradation|g__Dorea.s__Dorea_longicatena	0.7227724351
PWY0-1296: purine ribonucleosides degradation|g__Clostridiales_unclassified.s__Clostridiales_bacterium_KLE1615	0.4971621213
PWY0-1296: purine ribonucleosides degradation|g__Roseburia.s__Roseburia_inulinivorans	0.6503701838
PWY0-1296: purine ribonucleosides degradation|g__Escherichia.s__Escherichia_fergusonii	0.0301808902
PWY0-1296: purine ribonucleosides degradation|g__Blautia.s__Blautia_obeum	0.3042310996
PWY-6124: inosine-5'-phosphate biosynthesis II	1.0000000000
PWY-6124: inosine-5'-phosphate biosynthesis II|g__Faecalibacterium.s__Faecalibacterium_prausnitzii	0.0676185700
PWY-6124: inosine-5'-phosphate biosynthesis II|g__Prevotella.s__Prevotella_sp_CAG_1320	0.2702741808
PWY-6124: inosine-5'-phosphate biosynthesis II|g__Escherichia.s__Escherichia_coli	0.0000000000
PWY-6124: inosine-5'-phosphate biosynthesis II|unclassified	0.6667010330
PWY-6124: inosine-5'-phosphate biosynthesis II|g__Bacteroides.s__Bacteroides_uniformis	0.0841154606
PWY-6124: inosine-5'-phosphate biosynthesis II|g__Bacteroides.s__Bacteroides_stercoris	0.3588640190
PWY-6124: inosine-5'-phosphate biosynthesis II|g__Alistipes.s__Alistipes_putredinis	0.0813817995
PWY-6124: inosine-5'-phosphate biosynthesis II|g__Bacteroides.s__Bacteroides_dorei	0.0962079578
PWY-6124: inosine-5'-phosphate biosynthesis II|g__Sutterella.s__Sutterella_wadsworthensis	0.8294860935
PWY-6124: inosine-5'-phosphate biosynthesis II|g__Alistipes.s__Alistipes_finegoldii	0.0014560549
PWY-6124: inosine-5'-phosphate biosynthesis II|g__Bacteroides.s__Bacteroides_caccae	0.4685193441
PWY-6124: inosine-5'-phosphate biosynthesis II|g__Bacteroides.s__Bacteroides_ovatus	0.1414701058
PWY-6124: inosine-5'-phosphate biosynthesis II|g__Bacteroides.s__Bacteroides_finegoldii	0.2852013350
PWY-6124: inosine-5'-phosphate biosynthesis II|g__Citrobacter.s__Citrobacter_freundii	0.0011276844
PWY-6124: inosine-5'-phosphate biosynthesis II|g__Bacteroides.s__Bacteroides_vulgatus	0.2605139017
PWY-6124: inosine-5'-phosphate biosynthesis II|g__Klebsiella.s__Klebsiella_oxytoca	0.1203253477
PWY-6124: inosine-5'-phosphate biosynthesis II|g__Parabacteroides.s__Parabacteroides_merdae	0.5586686445
PWY-6124: inosine-5'-phosphate biosynthesis II|g__Collinsella.s__Collinsella_aerofaciens	0.3265119452
PWY-6124: inosine-5'-phosphate biosynthesis II|g__Parabacteroides.s__Parabacteroides_distasonis	0.2831049954
PWY-6124: inosine-5'-phosphate biosynthesis II|g__Bifidobacterium.s__Bifidobacterium_adolescentis	0.1763744171
PWY-6124: inosine-5'-phosphate biosynthesis II|g__Bacteroides.s__Bacteroides_thetaiotaomicron	0.6814159352
PWY-6124: inosine-5'-phosphate biosynthesis II|g__Escherichia.s__Escherichia_fergusonii	0.2197962372
PWY-6124: inosine-5'-phosphate biosynthesis II|g__Clostridiales_unclassified.s__Clostridiales_bacterium_KLE1615	0.4235541814
PWY-6124: inosine-5'-phosphate biosynthesis II|g__Anaerostipes.s__Anaerostipes_hadrus	0.1450469834
PWY-6124: inosine-5'-phosphate biosynthesis II|g__Butyricimonas.s__Butyricimonas_virosa	0.3741557579
PWY-6124: inosine-5'-phosphate biosynthesis II|g__Bifidobacterium.s__Bifidobacterium_pseudocatenulatum	0.0744000934
PWY-6124: inosine-5'-phosphate biosynthesis II|g__Blautia.s__Blautia_sp_AF19_10LB	0.1588637212
PWY-6124: inosine-5'-phosphate biosynthesis II|g__Bifidobacterium.s__Bifidobacterium_catenulatum	0.2742919432
PWY-6124: inosine-5'-phosphate biosynthesis II|g__Blautia.s__Ruminococcus_torques	0.0000000001
PWY-6124: inosine-5'-phosphate biosynthesis II|g__Alistipes.s__Alistipes_onderdonkii	0.0000009380
PWY-6124: inosine-5'-phosphate biosynthesis II|g__Blautia.s__Blautia_wexlerae	0.3749072288
PWY-6124: inosine-5'-phosphate biosynthesis II|g__Bacteroides.s__Bacteroides_fragilis	0.3883424798
PWY-6124: inosine-5'-phosphate biosynthesis II|g__Klebsiella.s__Klebsiella_michiganensis	0.1466863750
PWY-5097: L-lysine biosynthesis VI	1.0000000000
PWY-5097: L-lysine biosynthesis VI|g__Faecalibacterium.s__Faecalibacterium_prausnitzii	0.0000000004
PWY-5097: L-lysine biosynthesis VI|g__Escherichia.s__Escherichia_coli	0.0594539684
PWY-5097: L-lysine biosynthesis VI|g__Prevotella.s__Prevotella_sp_CAG_1320	0.3194575004
PWY-5097: L-lysine biosynthesis VI|unclassified	0.0281830111
PWY-5097: L-lysine biosynthesis VI|g__Bacteroides.s__Bacteroides_uniformis	0.5550794756
PWY-5097: L-lysine biosynthesis VI|g__Bacteroides.s__Bacteroides_stercoris	0.4450584744
PWY-5097: L-lysine biosynthesis VI|g__Bacteroides.s__Bacteroides_dorei	0.0005190568
PWY-5097: L-lysine biosynthesis VI|g__Citrobacter.s__Citrobacter_freundii	0.0588130876
PWY-5097: L-lysine biosynthesis VI|g__Lachnospiraceae_unclassified.s__Eubacterium_rectale	0.0568574687
PWY-5097: L-lysine biosynthesis VI|g__Alistipes.s__Alistipes_finegoldii	0.0118340184
PWY-5097: L-lysine biosynthesis VI|g__Eubacterium.s__Eubacterium_eligens	0.6038971656
PWY-5097: L-lysine biosynthesis VI|g__Bacteroides.s__Bacteroides_ovatus	0.1252001764
PWY-5097: L-lysine biosynthesis VI|g__Bifidobacterium.s__Bifidobacterium_adolescentis	0.6902579526
PWY-5097: L-lysine biosynthesis VI|g__Bacteroides.s__Bacteroides_caccae	0.2535671005
PWY-5097: L-lysine biosynthesis VI|g__Sutterella.s__Sutterella_wadsworthensis	0.0951171235
PWY-5097: L-lysine biosynthesis VI|g__Gemmiger.s__Gemmiger_formicilis	0.0045744143
PWY-5097: L-lysine biosynthesis VI|g__Bacteroides.s__Bacteroides_vulgatus	0.2523107952
PWY-5097: L-lysine biosynthesis VI|g__Bacteroides.s__Bacteroides_finegoldii	0.1363225669
PWY-5097: L-lysine biosynthesis VI|g__Parabacteroides.s__Parabacteroides_distasonis	0.5195006009
PWY-5097: L-lysine biosynthesis VI|g__Paraprevotella.s__Paraprevotella_xylaniphila	0.0206707556
PWY-5097: L-lysine biosynthesis VI|g__Barnesiella.s__Barnesiella_intestinihominis	0.5718564996
PWY-5097: L-lysine biosynthesis VI|g__Parabacteroides.s__Parabacteroides_merdae	0.4779114894
PWY-5097: L-lysine biosynthesis VI|g__Bacteroides.s__Bacteroides_thetaiotaomicron	0.5172775525
PWY-5097: L-lysine biosynthesis VI|g__Bifidobacterium.s__Bifidobacterium_pseudocatenulatum	0.0201545402
PWY-5097: L-lysine biosynthesis VI|g__Bifidobacterium.s__Bifidobacterium_catenulatum	0.2435820683
GLUTORN-PWY: L-ornithine biosynthesis I	1.0000000000
GLUTORN-PWY: L-ornithine biosynthesis I|g__Faecalibacterium.s__Faecalibacterium_prausnitzii	0.6733406951
GLUTORN-PWY: L-ornithine biosynthesis I|g__Escherichia.s__Escherichia_coli	0.9088120475
GLUTORN-PWY: L-ornithine biosynthesis I|unclassified	1.0000000000
GLUTORN-PWY: L-ornithine biosynthesis I|g__Subdoligranulum.s__Subdoligranulum_sp_APC924_74	0.3754637907
GLUTORN-PWY: L-ornithine biosynthesis I|g__Alistipes.s__Alistipes_finegoldii	0.7558858820
GLUTORN-PWY: L-ornithine biosynthesis I|g__Blautia.s__Ruminococcus_torques	0.5015675427
GLUTORN-PWY: L-ornithine biosynthesis I|g__Citrobacter.s__Citrobacter_freundii	0.0361572857
GLUTORN-PWY: L-ornithine biosynthesis I|g__Gemmiger.s__Gemmiger_formicilis	0.0671758126
GLUTORN-PWY: L-ornithine biosynthesis I|g__Ruminococcus.s__Ruminococcus_bicirculans	0.4033530167
GLUTORN-PWY: L-ornithine biosynthesis I|g__Lachnospiraceae_unclassified.s__Eubacterium_rectale	0.0002875033
GLUTORN-PWY: L-ornithine biosynthesis I|g__Eubacterium.s__Eubacterium_eligens	0.3124712887
GLUTORN-PWY: L-ornithine biosynthesis I|g__Collinsella.s__Collinsella_aerofaciens	0.4396998951
GLUTORN-PWY: L-ornithine biosynthesis I|g__Ruminococcus.s__Ruminococcus_bromii	0.3203241467
GLUTORN-PWY: L-ornithine biosynthesis I|g__Bifidobacterium.s__Bifidobacterium_adolescentis	0.0548395998
GLUTORN-PWY: L-ornithine biosynthesis I|g__Bifidobacterium.s__Bifidobacterium_catenulatum	0.5721692574
GLUTORN-PWY: L-ornithine biosynthesis I|g__Firmicutes_unclassified.s__Firmicutes_bacterium_CAG_56	0.2210863180
GLUTORN-PWY: L-ornithine biosynthesis I|g__Roseburia.s__Roseburia_faecis	0.3852939015
GLUTORN-PWY: L-ornithine biosynthesis I|g__Klebsiella.s__Klebsiella_michiganensis	0.2505145187
PWY-7229: superpathway of adenosine nucleotides de novo biosynthesis I	0.0000000000
PWY-7229: superpathway of adenosine nucleotides de novo biosynthesis I|g__Prevotella.s__Prevotella_sp_CAG_1320	0.4161192208
PWY-7229: superpathway of adenosine nucleotides de novo biosynthesis I|g__Escherichia.s__Escherichia_coli	0.0000000000
PWY-7229: superpathway of adenosine nucleotides de novo biosynthesis I|unclassified	0.0000000000
PWY-7229: superpathway of adenosine nucleotides de novo biosynthesis I|g__Bacteroides.s__Bacteroides_dorei	0.3043366849
PWY-7229: superpathway of adenosine nucleotides de novo biosynthesis I|g__Citrobacter.s__Citrobacter_freundii	0.0871284459
PWY-7229: superpathway of adenosine nucleotides de novo biosynthesis I|g__Sutterella.s__Sutterella_wadsworthensis	0.5793542648
PWY-7229: superpathway of adenosine nucleotides de novo biosynthesis I|g__Bacteroides.s__Bacteroides_finegoldii	0.3578680504
PWY-7229: superpathway of adenosine nucleotides de novo biosynthesis I|g__Bacteroides.s__Bacteroides_caccae	0.4192002140
PWY-7229: superpathway of adenosine nucleotides de novo biosynthesis I|g__Bacteroides.s__Bacteroides_vulgatus	0.0482887019
PWY-7229: superpathway of adenosine nucleotides de novo biosynthesis I|g__Klebsiella.s__Klebsiella_michiganensis	0.1736400607
PWY-5667: CDP-diacylglycerol biosynthesis I	1.0000000000
PWY-5667: CDP-diacylglycerol biosynthesis I|g__Faecalibacterium.s__Faecalibacterium_prausnitzii	0.0207134852
PWY-5667: CDP-diacylglycerol biosynthesis I|g__Escherichia.s__Escherichia_coli	0.0029578426
PWY-5667: CDP-diacylglycerol biosynthesis I|unclassified	0.2432965084
PWY-5667: CDP-diacylglycerol biosynthesis I|g__Bacteroides.s__Bacteroides_uniformis	0.3558205491
PWY-5667: CDP-diacylglycerol biosynthesis I|g__Bacteroides.s__Bacteroides_stercoris	0.5987066646
PWY-5667: CDP-diacylglycerol biosynthesis I|g__Subdoligranulum.s__Subdoligranulum_sp_APC924_74	0.0891473355
PWY-5667: CDP-diacylglycerol biosynthesis I|g__Bacteroides.s__Bacteroides_dorei	0.0734192953
PWY-5667: CDP-diacylglycerol biosynthesis I|g__Lachnospiraceae_unclassified.s__Eubacterium_rectale	0.5563242610
PWY-5667: CDP-diacylglycerol biosynthesis I|g__Alistipes.s__Alistipes_finegoldii	0.1590076352
PWY-5667: CDP-diacylglycerol biosynthesis I|g__Citrobacter.s__Citrobacter_freundii	0.0265991568
PWY-5667: CDP-diacylglycerol biosynthesis I|g__Klebsiella.s__Klebsiella_oxytoca	0.7627560667
PWY-5667: CDP-diacylglycerol biosynthesis I|g__Bacteroides.s__Bacteroides_finegoldii	0.5103149781
PWY-5667: CDP-diacylglycerol biosynthesis I|g__Eubacterium.s__Eubacterium_eligens	0.3490848412
PWY-5667: CDP-diacylglycerol biosynthesis I|g__Bacteroides.s__Bacteroides_ovatus	0.1435058476
PWY-5667: CDP-diacylglycerol biosynthesis I|g__Paraprevotella.s__Paraprevotella_xylaniphila	0.3070531530
PWY-5667: CDP-diacylglycerol biosynthesis I|g__Bacteroides.s__Bacteroides_caccae	0.3248228274
PWY-5667: CDP-diacylglycerol biosynthesis I|g__Bacteroides.s__Bacteroides_vulgatus	0.2041281494
PWY-5667: CDP-diacylglycerol biosynthesis I|g__Parabacteroides.s__Parabacteroides_distasonis	0.2702311976
PWY-5667: CDP-diacylglycerol biosynthesis I|g__Parabacteroides.s__Parabacteroides_merdae	0.4125826292
PWY-5667: CDP-diacylglycerol biosynthesis I|g__Barnesiella.s__Barnesiella_intestinihominis	0.4383882692
PWY-5667: CDP-diacylglycerol biosynthesis I|g__Blautia.s__Ruminococcus_torques	0.0000000000
PWY-5667: CDP-diacylglycerol biosynthesis I|g__Bacteroides.s__Bacteroides_thetaiotaomicron	0.0509689548
PWY0-1319: CDP-diacylglycerol biosynthesis II	1.0000000000
PWY0-1319: CDP-diacylglycerol biosynthesis II|g__Faecalibacterium.s__Faecalibacterium_prausnitzii	0.0207134852
PWY0-1319: CDP-diacylglycerol biosynthesis II|g__Escherichia.s__Escherichia_coli	0.0029578426
PWY0-1319: CDP-diacylglycerol biosynthesis II|unclassified	0.2432965084
PWY0-1319: CDP-diacylglycerol biosynthesis II|g__Bacteroides.s__Bacteroides_uniformis	0.3558205491
PWY0-1319: CDP-diacylglycerol biosynthesis II|g__Bacteroides.s__Bacteroides_stercoris	0.5987066646
PWY0-1319: CDP-diacylglycerol biosynthesis II|g__Subdoligranulum.s__Subdoligranulum_sp_APC924_74	0.0891473355
PWY0-1319: CDP-diacylglycerol biosynthesis II|g__Bacteroides.s__Bacteroides_dorei	0.0734192953
PWY0-1319: CDP-diacylglycerol biosynthesis II|g__Lachnospiraceae_unclassified.s__Eubacterium_rectale	0.5563242610
PWY0-1319: CDP-diacylglycerol biosynthesis II|g__Alistipes.s__Alistipes_finegoldii	0.1590076352
PWY0-1319: CDP-diacylglycerol biosynthesis II|g__Citrobacter.s__Citrobacter_freundii	0.0265991568
PWY0-1319: CDP-diacylglycerol biosynthesis II|g__Klebsiella.s__Klebsiella_oxytoca	0.7627560667
PWY0-1319: CDP-diacylglycerol biosynthesis II|g__Bacteroides.s__Bacteroides_finegoldii	0.5103149781
PWY0-1319: CDP-diacylglycerol biosynthesis II|g__Eubacterium.s__Eubacterium_eligens	0.3490848412
PWY0-1319: CDP-diacylglycerol biosynthesis II|g__Bacteroides.s__Bacteroides_ovatus	0.1435058476
PWY0-1319: CDP-diacylglycerol biosynthesis II|g__Paraprevotella.s__Paraprevotella_xylaniphila	0.3070531530
PWY0-1319: CDP-diacylglycerol biosynthesis II|g__Bacteroides.s__Bacteroides_caccae	0.3248228274
PWY0-1319: CDP-diacylglycerol biosynthesis II|g__Bacteroides.s__Bacteroides_vulgatus	0.2041281494
PWY0-1319: CDP-diacylglycerol biosynthesis II|g__Parabacteroides.s__Parabacteroides_distasonis	0.2702311976
PWY0-1319: CDP-diacylglycerol biosynthesis II|g__Parabacteroides.s__Parabacteroides_merdae	0.4125826292
PWY0-1319: CDP-diacylglycerol biosynthesis II|g__Barnesiella.s__Barnesiella_intestinihominis	0.4383882692
PWY0-1319: CDP-diacylglycerol biosynthesis II|g__Blautia.s__Ruminococcus_torques	0.0000000000
PWY0-1319: CDP-diacylglycerol biosynthesis II|g__Bacteroides.s__Bacteroides_thetaiotaomicron	0.0509689548
PWY-7663: gondoate biosynthesis (anaerobic)	0.9979670088
PWY-7663: gondoate biosynthesis (anaerobic)|g__Escherichia.s__Escherichia_coli	1.0000000000
PWY-7663: gondoate biosynthesis (anaerobic)|unclassified	0.6841313745
PWY-7663: gondoate biosynthesis (anaerobic)|g__Citrobacter.s__Citrobacter_freundii	0.9999950686
PWY-7663: gondoate biosynthesis (anaerobic)|g__Bacteroides.s__Bacteroides_uniformis	0.0016553368
PWY-7663: gondoate biosynthesis (anaerobic)|g__Bacteroides.s__Bacteroides_stercoris	0.3104189177
PWY-7663: gondoate biosynthesis (anaerobic)|g__Alistipes.s__Alistipes_finegoldii	0.8944451331
PWY-7663: gondoate biosynthesis (anaerobic)|g__Bacteroides.s__Bacteroides_finegoldii	0.7376605049
PWY-7663: gondoate biosynthesis (anaerobic)|g__Alistipes.s__Alistipes_onderdonkii	0.6933264858
PWY-7663: gondoate biosynthesis (anaerobic)|g__Bacteroides.s__Bacteroides_caccae	0.5982388348
PWY-7663: gondoate biosynthesis (anaerobic)|g__Bacteroides.s__Bacteroides_ovatus	0.2846102439
PWY-7663: gondoate biosynthesis (anaerobic)|g__Bacteroides.s__Bacteroides_vulgatus	0.4940997353
PWY-7663: gondoate biosynthesis (anaerobic)|g__Parabacteroides.s__Parabacteroides_distasonis	0.5253001058
PWY-7663: gondoate biosynthesis (anaerobic)|g__Enterobacter.s__Enterobacter_cloacae	0.9110470685
PWY-7663: gondoate biosynthesis (anaerobic)|g__Parabacteroides.s__Parabacteroides_merdae	0.2563442821
PWY-7663: gondoate biosynthesis (anaerobic)|g__Bacteroides.s__Bacteroides_thetaiotaomicron	0.3287786160
PWY-7663: gondoate biosynthesis (anaerobic)|g__Klebsiella.s__Klebsiella_oxytoca	0.0000000170
FASYN-ELONG-PWY: fatty acid elongation -- saturated	0.9932262778
FASYN-ELONG-PWY: fatty acid elongation -- saturated|g__Escherichia.s__Escherichia_coli	0.9999992793
FASYN-ELONG-PWY: fatty acid elongation -- saturated|g__Citrobacter.s__Citrobacter_freundii	0.1178135934
FASYN-ELONG-PWY: fatty acid elongation -- saturated|unclassified	0.0000000000
FASYN-ELONG-PWY: fatty acid elongation -- saturated|g__Alistipes.s__Alistipes_finegoldii	0.0057559017
FASYN-ELONG-PWY: fatty acid elongation -- saturated|g__Bacteroides.s__Bacteroides_vulgatus	0.3295775095
FASYN-ELONG-PWY: fatty acid elongation -- saturated|g__Alistipes.s__Alistipes_onderdonkii	0.0524444534
FASYN-ELONG-PWY: fatty acid elongation -- saturated|g__Enterobacter.s__Enterobacter_cloacae	0.8927869708
PWY-7664: oleate biosynthesis IV (anaerobic)	0.9925527048
PWY-7664: oleate biosynthesis IV (anaerobic)|g__Escherichia.s__Escherichia_coli	0.9999991763
PWY-7664: oleate biosynthesis IV (anaerobic)|g__Citrobacter.s__Citrobacter_freundii	0.1339117587
PWY-7664: oleate biosynthesis IV (anaerobic)|unclassified	0.0000000000
PWY-7664: oleate biosynthesis IV (anaerobic)|g__Alistipes.s__Alistipes_finegoldii	0.0040367384
PWY-7664: oleate biosynthesis IV (anaerobic)|g__Bacteroides.s__Bacteroides_vulgatus	0.3100387097
PWY-7664: oleate biosynthesis IV (anaerobic)|g__Alistipes.s__Alistipes_onderdonkii	0.0463336542
PWY-7664: oleate biosynthesis IV (anaerobic)|g__Enterobacter.s__Enterobacter_cloacae	0.8876325389
PWY-6629: superpathway of L-tryptophan biosynthesis	0.1617464522
PWY-6629: superpathway of L-tryptophan biosynthesis|g__Escherichia.s__Escherichia_coli	0.0000000000
PWY-6629: superpathway of L-tryptophan biosynthesis|unclassified	0.0734881574
PWY-6629: superpathway of L-tryptophan biosynthesis|g__Anaerostipes.s__Anaerostipes_hadrus	0.1415766939
PWY0-862: (5Z)-dodecenoate biosynthesis I	0.9916560273
PWY0-862: (5Z)-dodecenoate biosynthesis I|g__Escherichia.s__Escherichia_coli	0.9999990390
PWY0-862: (5Z)-dodecenoate biosynthesis I|g__Citrobacter.s__Citrobacter_freundii	0.8128663893
PWY0-862: (5Z)-dodecenoate biosynthesis I|unclassified	0.0000000000
PWY0-862: (5Z)-dodecenoate biosynthesis I|g__Alistipes.s__Alistipes_finegoldii	0.0028870184
PWY0-862: (5Z)-dodecenoate biosynthesis I|g__Bacteroides.s__Bacteroides_vulgatus	0.2873267255
PWY0-862: (5Z)-dodecenoate biosynthesis I|g__Alistipes.s__Alistipes_onderdonkii	0.0401032435
PWY0-862: (5Z)-dodecenoate biosynthesis I|g__Enterobacter.s__Enterobacter_cloacae	0.8808518385
PWY-8178: pentose phosphate pathway (non-oxidative branch) II	0.9984085395
PWY-8178: pentose phosphate pathway (non-oxidative branch) II|g__Escherichia.s__Escherichia_coli	0.9973733397
PWY-8178: pentose phosphate pathway (non-oxidative branch) II|unclassified	0.9985341854
PWY-8178: pentose phosphate pathway (non-oxidative branch) II|g__Citrobacter.s__Citrobacter_freundii	0.1627067920
PWY-8178: pentose phosphate pathway (non-oxidative branch) II|g__Lachnospiraceae_unclassified.s__Eubacterium_rectale	0.5240454075
PWY-8178: pentose phosphate pathway (non-oxidative branch) II|g__Eubacterium.s__Eubacterium_eligens	0.2746309343
PWY-8178: pentose phosphate pathway (non-oxidative branch) II|g__Blautia.s__Ruminococcus_torques	0.0317155433
PWY-8178: pentose phosphate pathway (non-oxidative branch) II|g__Parabacteroides.s__Parabacteroides_distasonis	0.4808179627
PWY-8178: pentose phosphate pathway (non-oxidative branch) II|g__Roseburia.s__Roseburia_faecis	0.6814108384
PWY-8178: pentose phosphate pathway (non-oxidative branch) II|g__Klebsiella.s__Klebsiella_michiganensis	0.7940756673
PWY-5103: L-isoleucine biosynthesis III	0.0770982844
PWY-5103: L-isoleucine biosynthesis III|g__Escherichia.s__Escherichia_coli	0.9909935400
PWY-5103: L-isoleucine biosynthesis III|g__Bacteroides.s__Bacteroides_uniformis	0.2463166620
PWY-5103: L-isoleucine biosynthesis III|g__Citrobacter.s__Citrobacter_freundii	0.9684655980
PWY-5103: L-isoleucine biosynthesis III|unclassified	0.0000000025
PWY-5103: L-isoleucine biosynthesis III|g__Bacteroides.s__Bacteroides_stercoris	0.0001155346
PWY-5103: L-isoleucine biosynthesis III|g__Gemmiger.s__Gemmiger_formicilis	0.3621600578
PWY-5103: L-isoleucine biosynthesis III|g__Lachnospiraceae_unclassified.s__Eubacterium_rectale	0.0057486883
PWY-5103: L-isoleucine biosynthesis III|g__Ruminococcus.s__Ruminococcus_bicirculans	0.3924517350
PWY-5103: L-isoleucine biosynthesis III|g__Eubacterium.s__Eubacterium_eligens	0.3169627535
PWY-5103: L-isoleucine biosynthesis III|g__Bacteroides.s__Bacteroides_finegoldii	0.4054856088
PWY-5103: L-isoleucine biosynthesis III|g__Bacteroides.s__Bacteroides_caccae	0.4181683448
PWY-5103: L-isoleucine biosynthesis III|g__Bifidobacterium.s__Bifidobacterium_adolescentis	0.6563931733
PWY-5103: L-isoleucine biosynthesis III|g__Bacteroides.s__Bacteroides_ovatus	0.0782323576
PWY-5103: L-isoleucine biosynthesis III|g__Parabacteroides.s__Parabacteroides_distasonis	0.7656956007
PWY-5103: L-isoleucine biosynthesis III|g__Escherichia.s__Escherichia_fergusonii	0.4811452914
PWY-5103: L-isoleucine biosynthesis III|g__Bifidobacterium.s__Bifidobacterium_pseudocatenulatum	0.5983743254
PWY-5103: L-isoleucine biosynthesis III|g__Bifidobacterium.s__Bifidobacterium_catenulatum	0.5538167312
PWY-5103: L-isoleucine biosynthesis III|g__Bacteroides.s__Bacteroides_thetaiotaomicron	0.5624302858
PWY-5103: L-isoleucine biosynthesis III|g__Klebsiella.s__Klebsiella_oxytoca	0.0001889310
PWY-5103: L-isoleucine biosynthesis III|g__Enterobacter.s__Enterobacter_cloacae	0.5313717447
PWY-5103: L-isoleucine biosynthesis III|g__Klebsiella.s__Klebsiella_michiganensis	0.6108109296
PWY-5103: L-isoleucine biosynthesis III|g__Bifidobacterium.s__Bifidobacterium_longum	0.2686278302
PWY-5103: L-isoleucine biosynthesis III|g__Parabacteroides.s__Parabacteroides_merdae	0.0053727755
PWY-5103: L-isoleucine biosynthesis III|g__Blautia.s__Ruminococcus_torques	0.0000000000
PWY-5103: L-isoleucine biosynthesis III|g__Blautia.s__Blautia_obeum	0.1420086034
PWY-5971: palmitate biosynthesis (type II fatty acid synthase)	0.0000000000
PWY-5971: palmitate biosynthesis (type II fatty acid synthase)|g__Escherichia.s__Escherichia_coli	0.0000000000
PWY-5971: palmitate biosynthesis (type II fatty acid synthase)|g__Citrobacter.s__Citrobacter_freundii	0.1136913409
PANTO-PWY: phosphopantothenate biosynthesis I	0.9999986465
PANTO-PWY: phosphopantothenate biosynthesis I|g__Escherichia.s__Escherichia_coli	0.9879574313
PANTO-PWY: phosphopantothenate biosynthesis I|g__Bacteroides.s__Bacteroides_uniformis	0.5546020194
PANTO-PWY: phosphopantothenate biosynthesis I|unclassified	0.0342885237
PANTO-PWY: phosphopantothenate biosynthesis I|g__Bacteroides.s__Bacteroides_stercoris	0.6601465163
PANTO-PWY: phosphopantothenate biosynthesis I|g__Alistipes.s__Alistipes_putredinis	0.4281505869
PANTO-PWY: phosphopantothenate biosynthesis I|g__Bacteroides.s__Bacteroides_dorei	0.4331607416
PANTO-PWY: phosphopantothenate biosynthesis I|g__Lachnospiraceae_unclassified.s__Eubacterium_rectale	0.0762313851
PANTO-PWY: phosphopantothenate biosynthesis I|g__Alistipes.s__Alistipes_finegoldii	0.2236537893
PANTO-PWY: phosphopantothenate biosynthesis I|g__Citrobacter.s__Citrobacter_freundii	0.0411324415
PANTO-PWY: phosphopantothenate biosynthesis I|g__Bacteroides.s__Bacteroides_ovatus	0.4388872106
PANTO-PWY: phosphopantothenate biosynthesis I|g__Parabacteroides.s__Parabacteroides_distasonis	0.8037514820
PANTO-PWY: phosphopantothenate biosynthesis I|g__Paraprevotella.s__Paraprevotella_xylaniphila	0.3141572348
PANTO-PWY: phosphopantothenate biosynthesis I|g__Bacteroides.s__Bacteroides_finegoldii	0.2672461495
PANTO-PWY: phosphopantothenate biosynthesis I|g__Bacteroides.s__Bacteroides_vulgatus	0.3164977280
PANTO-PWY: phosphopantothenate biosynthesis I|g__Bacteroides.s__Bacteroides_caccae	0.1723772739
PANTO-PWY: phosphopantothenate biosynthesis I|g__Odoribacter.s__Odoribacter_splanchnicus	0.4184720427
PANTO-PWY: phosphopantothenate biosynthesis I|g__Bacteroides.s__Bacteroides_thetaiotaomicron	0.3847477709
PANTO-PWY: phosphopantothenate biosynthesis I|g__Alistipes.s__Alistipes_onderdonkii	0.0000001332
PWY-6282: palmitoleate biosynthesis I (from (5Z)-dodec-5-enoate)	0.9914334907
PWY-6282: palmitoleate biosynthesis I (from (5Z)-dodec-5-enoate)|g__Escherichia.s__Escherichia_coli	0.9999990390
PWY-6282: palmitoleate biosynthesis I (from (5Z)-dodec-5-enoate)|g__Citrobacter.s__Citrobacter_freundii	0.1294644433
PWY-6282: palmitoleate biosynthesis I (from (5Z)-dodec-5-enoate)|unclassified	0.0000000000
PWY-6282: palmitoleate biosynthesis I (from (5Z)-dodec-5-enoate)|g__Alistipes.s__Alistipes_finegoldii	0.0043237162
PWY-6282: palmitoleate biosynthesis I (from (5Z)-dodec-5-enoate)|g__Bacteroides.s__Bacteroides_vulgatus	0.2931805011
PWY-6282: palmitoleate biosynthesis I (from (5Z)-dodec-5-enoate)|g__Alistipes.s__Alistipes_onderdonkii	0.0400210704
PWY-6282: palmitoleate biosynthesis I (from (5Z)-dodec-5-enoate)|g__Enterobacter.s__Enterobacter_cloacae	0.8848494229
PWY-3001: superpathway of L-isoleucine biosynthesis I	0.0000010202
PWY-3001: superpathway of L-isoleucine biosynthesis I|g__Escherichia.s__Escherichia_coli	0.3538245060
PWY-3001: superpathway of L-isoleucine biosynthesis I|unclassified	0.0000000001
PWY-3001: superpathway of L-isoleucine biosynthesis I|g__Citrobacter.s__Citrobacter_freundii	0.2834120685
PWY-3001: superpathway of L-isoleucine biosynthesis I|g__Klebsiella.s__Klebsiella_michiganensis	0.2616535446
PWY-7199: pyrimidine deoxyribonucleosides salvage	0.8600284442
PWY-7199: pyrimidine deoxyribonucleosides salvage|g__Escherichia.s__Escherichia_coli	0.0000000000
PWY-7199: pyrimidine deoxyribonucleosides salvage|g__Bacteroides.s__Bacteroides_uniformis	0.3457260419
PWY-7199: pyrimidine deoxyribonucleosides salvage|g__Bacteroides.s__Bacteroides_stercoris	0.6502305395
PWY-7199: pyrimidine deoxyribonucleosides salvage|unclassified	0.0000150413
PWY-7199: pyrimidine deoxyribonucleosides salvage|g__Bacteroides.s__Bacteroides_dorei	0.2188112250
PWY-7199: pyrimidine deoxyribonucleosides salvage|g__Klebsiella.s__Klebsiella_oxytoca	0.9995147421
PWY-7199: pyrimidine deoxyribonucleosides salvage|g__Firmicutes_unclassified.s__Firmicutes_bacterium_CAG_129	0.3707130690
PWY-7199: pyrimidine deoxyribonucleosides salvage|g__Bacteroides.s__Bacteroides_finegoldii	0.7723995376
PWY-7199: pyrimidine deoxyribonucleosides salvage|g__Bacteroides.s__Bacteroides_vulgatus	0.5549024239
PWY-7199: pyrimidine deoxyribonucleosides salvage|g__Bacteroides.s__Bacteroides_caccae	0.1976592712
PWY-7199: pyrimidine deoxyribonucleosides salvage|g__Firmicutes_unclassified.s__Firmicutes_bacterium_CAG_103	0.4251740964
PWY-7199: pyrimidine deoxyribonucleosides salvage|g__Firmicutes_unclassified.s__Firmicutes_bacterium_CAG_83	0.3333505423
PWY-7199: pyrimidine deoxyribonucleosides salvage|g__Firmicutes_unclassified.s__Firmicutes_bacterium_CAG_102	0.7826211062
PWY-7199: pyrimidine deoxyribonucleosides salvage|g__Blautia.s__Blautia_sp_AF19_10LB	0.4326164272
PWY-7199: pyrimidine deoxyribonucleosides salvage|g__Bacteroides.s__Bacteroides_ovatus	0.0000018440
PWY-7199: pyrimidine deoxyribonucleosides salvage|g__Bacteroides.s__Bacteroides_thetaiotaomicron	0.2901928222
PWY-5154: L-arginine biosynthesis III (via N-acetyl-L-citrulline)	0.8426205150
PWY-5154: L-arginine biosynthesis III (via N-acetyl-L-citrulline)|g__Escherichia.s__Escherichia_coli	0.0000000000
PWY-5154: L-arginine biosynthesis III (via N-acetyl-L-citrulline)|unclassified	0.1093065982
PWY-5154: L-arginine biosynthesis III (via N-acetyl-L-citrulline)|g__Alistipes.s__Alistipes_finegoldii	0.0784895182
PWY-5154: L-arginine biosynthesis III (via N-acetyl-L-citrulline)|g__Citrobacter.s__Citrobacter_freundii	0.0005820756
PWY-5154: L-arginine biosynthesis III (via N-acetyl-L-citrulline)|g__Blautia.s__Ruminococcus_torques	0.0000254020
PANTOSYN-PWY: superpathway of coenzyme A biosynthesis I (bacteria)	0.5375991160
PANTOSYN-PWY: superpathway of coenzyme A biosynthesis I (bacteria)|g__Escherichia.s__Escherichia_coli	0.0000000000
PANTOSYN-PWY: superpathway of coenzyme A biosynthesis I (bacteria)|g__Bacteroides.s__Bacteroides_uniformis	0.3895320499
PANTOSYN-PWY: superpathway of coenzyme A biosynthesis I (bacteria)|unclassified	0.0000142548
PANTOSYN-PWY: superpathway of coenzyme A biosynthesis I (bacteria)|g__Bacteroides.s__Bacteroides_stercoris	0.6903574507
PANTOSYN-PWY: superpathway of coenzyme A biosynthesis I (bacteria)|g__Alistipes.s__Alistipes_putredinis	0.5624468049
PANTOSYN-PWY: superpathway of coenzyme A biosynthesis I (bacteria)|g__Bacteroides.s__Bacteroides_dorei	0.2501328985
PANTOSYN-PWY: superpathway of coenzyme A biosynthesis I (bacteria)|g__Alistipes.s__Alistipes_finegoldii	0.3811770405
PANTOSYN-PWY: superpathway of coenzyme A biosynthesis I (bacteria)|g__Paraprevotella.s__Paraprevotella_xylaniphila	0.3330071845
PANTOSYN-PWY: superpathway of coenzyme A biosynthesis I (bacteria)|g__Bacteroides.s__Bacteroides_ovatus	0.1072631227
PANTOSYN-PWY: superpathway of coenzyme A biosynthesis I (bacteria)|g__Bacteroides.s__Bacteroides_vulgatus	0.3533411845
PANTOSYN-PWY: superpathway of coenzyme A biosynthesis I (bacteria)|g__Bacteroides.s__Bacteroides_finegoldii	0.2237026220
PANTOSYN-PWY: superpathway of coenzyme A biosynthesis I (bacteria)|g__Bacteroides.s__Bacteroides_caccae	0.2169540524
PANTOSYN-PWY: superpathway of coenzyme A biosynthesis I (bacteria)|g__Citrobacter.s__Citrobacter_freundii	0.0000000006
PANTOSYN-PWY: superpathway of coenzyme A biosynthesis I (bacteria)|g__Parabacteroides.s__Parabacteroides_distasonis	0.1592664432
PANTOSYN-PWY: superpathway of coenzyme A biosynthesis I (bacteria)|g__Bacteroides.s__Bacteroides_thetaiotaomicron	0.4141367072
PWY-5989: stearate biosynthesis II (bacteria and plants)	0.9916560273
PWY-5989: stearate biosynthesis II (bacteria and plants)|g__Escherichia.s__Escherichia_coli	0.9999990390
PWY-5989: stearate biosynthesis II (bacteria and plants)|g__Citrobacter.s__Citrobacter_freundii	0.6910214242
PWY-5989: stearate biosynthesis II (bacteria and plants)|unclassified	0.0000000000
PWY-5989: stearate biosynthesis II (bacteria and plants)|g__Alistipes.s__Alistipes_finegoldii	0.0043197769
PWY-5989: stearate biosynthesis II (bacteria and plants)|g__Bacteroides.s__Bacteroides_vulgatus	0.3066341413
PWY-5989: stearate biosynthesis II (bacteria and plants)|g__Alistipes.s__Alistipes_onderdonkii	0.0000000002
PWY-724: superpathway of L-lysine, L-threonine and L-methionine biosynthesis II	0.4476977431
PWY-724: superpathway of L-lysine, L-threonine and L-methionine biosynthesis II|g__Escherichia.s__Escherichia_coli	0.0720733410
PWY-724: superpathway of L-lysine, L-threonine and L-methionine biosynthesis II|g__Faecalibacterium.s__Faecalibacterium_prausnitzii	0.0000000000
PWY-724: superpathway of L-lysine, L-threonine and L-methionine biosynthesis II|unclassified	0.0381681273
PWY-724: superpathway of L-lysine, L-threonine and L-methionine biosynthesis II|g__Citrobacter.s__Citrobacter_freundii	0.0742952433
PWY-724: superpathway of L-lysine, L-threonine and L-methionine biosynthesis II|g__Bacteroides.s__Bacteroides_uniformis	0.0000000000
PWY-724: superpathway of L-lysine, L-threonine and L-methionine biosynthesis II|g__Bifidobacterium.s__Bifidobacterium_adolescentis	0.3957331516
PWY-724: superpathway of L-lysine, L-threonine and L-methionine biosynthesis II|g__Bifidobacterium.s__Bifidobacterium_catenulatum	0.3029422289
THRESYN-PWY: superpathway of L-threonine biosynthesis	0.3308457806
THRESYN-PWY: superpathway of L-threonine biosynthesis|g__Escherichia.s__Escherichia_coli	0.8519344705
THRESYN-PWY: superpathway of L-threonine biosynthesis|unclassified	0.8541942873
THRESYN-PWY: superpathway of L-threonine biosynthesis|g__Faecalibacterium.s__Faecalibacterium_prausnitzii	0.0000000000
THRESYN-PWY: superpathway of L-threonine biosynthesis|g__Bacteroides.s__Bacteroides_stercoris	0.5792437425
THRESYN-PWY: superpathway of L-threonine biosynthesis|g__Citrobacter.s__Citrobacter_freundii	0.9726719493
THRESYN-PWY: superpathway of L-threonine biosynthesis|g__Bacteroides.s__Bacteroides_dorei	0.1727376163
THRESYN-PWY: superpathway of L-threonine biosynthesis|g__Bacteroides.s__Bacteroides_vulgatus	0.3059699779
THRESYN-PWY: superpathway of L-threonine biosynthesis|g__Bacteroides.s__Bacteroides_uniformis	0.0000000000
THRESYN-PWY: superpathway of L-threonine biosynthesis|g__Bifidobacterium.s__Bifidobacterium_adolescentis	0.0651163420
THRESYN-PWY: superpathway of L-threonine biosynthesis|g__Collinsella.s__Collinsella_aerofaciens	0.1542875960
THRESYN-PWY: superpathway of L-threonine biosynthesis|g__Blautia.s__Ruminococcus_torques	0.0000011783
THRESYN-PWY: superpathway of L-threonine biosynthesis|g__Bifidobacterium.s__Bifidobacterium_catenulatum	0.6946108543
THRESYN-PWY: superpathway of L-threonine biosynthesis|g__Klebsiella.s__Klebsiella_michiganensis	0.7344806946
THRESYN-PWY: superpathway of L-threonine biosynthesis|g__Enterobacter.s__Enterobacter_cloacae	0.1627279118
1CMET2-PWY: folate transformations III (E. coli)	0.8037755674
1CMET2-PWY: folate transformations III (E. coli)|g__Escherichia.s__Escherichia_coli	0.0000000000
1CMET2-PWY: folate transformations III (E. coli)|g__Bacteroides.s__Bacteroides_stercoris	0.5340170229
1CMET2-PWY: folate transformations III (E. coli)|unclassified	0.0000016117
1CMET2-PWY: folate transformations III (E. coli)|g__Alistipes.s__Alistipes_putredinis	0.5540870498
1CMET2-PWY: folate transformations III (E. coli)|g__Bacteroides.s__Bacteroides_dorei	0.2519848259
1CMET2-PWY: folate transformations III (E. coli)|g__Alistipes.s__Alistipes_finegoldii	0.0190098888
1CMET2-PWY: folate transformations III (E. coli)|g__Bacteroides.s__Bacteroides_finegoldii	0.5142689335
1CMET2-PWY: folate transformations III (E. coli)|g__Paraprevotella.s__Paraprevotella_xylaniphila	0.4618716014
1CMET2-PWY: folate transformations III (E. coli)|g__Bacteroides.s__Bacteroides_ovatus	0.1102196544
1CMET2-PWY: folate transformations III (E. coli)|g__Bacteroides.s__Bacteroides_caccae	0.1471149504
1CMET2-PWY: folate transformations III (E. coli)|g__Bacteroides.s__Bacteroides_vulgatus	0.1138882665
1CMET2-PWY: folate transformations III (E. coli)|g__Barnesiella.s__Barnesiella_intestinihominis	0.2776238783
1CMET2-PWY: folate transformations III (E. coli)|g__Blautia.s__Ruminococcus_torques	0.0000000344
1CMET2-PWY: folate transformations III (E. coli)|g__Klebsiella.s__Klebsiella_oxytoca	0.0000000288
ASPASN-PWY: superpathway of L-aspartate and L-asparagine biosynthesis	0.9999997977
ASPASN-PWY: superpathway of L-aspartate and L-asparagine biosynthesis|g__Escherichia.s__Escherichia_coli	0.9446458818
ASPASN-PWY: superpathway of L-aspartate and L-asparagine biosynthesis|unclassified	0.7959924471
ASPASN-PWY: superpathway of L-aspartate and L-asparagine biosynthesis|g__Bacteroides.s__Bacteroides_stercoris	0.4832322603
ASPASN-PWY: superpathway of L-aspartate and L-asparagine biosynthesis|g__Citrobacter.s__Citrobacter_freundii	0.9508517182
ASPASN-PWY: superpathway of L-aspartate and L-asparagine biosynthesis|g__Bacteroides.s__Bacteroides_dorei	0.3982765285
ASPASN-PWY: superpathway of L-aspartate and L-asparagine biosynthesis|g__Bacteroides.s__Bacteroides_uniformis	0.0000000799
ASPASN-PWY: superpathway of L-aspartate and L-asparagine biosynthesis|g__Bacteroides.s__Bacteroides_vulgatus	0.3709071168
ASPASN-PWY: superpathway of L-aspartate and L-asparagine biosynthesis|g__Parabacteroides.s__Parabacteroides_distasonis	0.5300586773
ASPASN-PWY: superpathway of L-aspartate and L-asparagine biosynthesis|g__Odoribacter.s__Odoribacter_splanchnicus	0.7626514715
ASPASN-PWY: superpathway of L-aspartate and L-asparagine biosynthesis|g__Klebsiella.s__Klebsiella_michiganensis	0.4896043498
RIBOSYN2-PWY: flavin biosynthesis I (bacteria and plants)	0.0059420143
RIBOSYN2-PWY: flavin biosynthesis I (bacteria and plants)|g__Faecalibacterium.s__Faecalibacterium_prausnitzii	0.9963295302
RIBOSYN2-PWY: flavin biosynthesis I (bacteria and plants)|g__Escherichia.s__Escherichia_coli	0.0000000000
RIBOSYN2-PWY: flavin biosynthesis I (bacteria and plants)|unclassified	0.0000000000
RIBOSYN2-PWY: flavin biosynthesis I (bacteria and plants)|g__Bacteroides.s__Bacteroides_dorei	0.1085218415
RIBOSYN2-PWY: flavin biosynthesis I (bacteria and plants)|g__Blautia.s__Ruminococcus_torques	0.0851433239
RIBOSYN2-PWY: flavin biosynthesis I (bacteria and plants)|g__Bacteroides.s__Bacteroides_caccae	0.2463974980
RIBOSYN2-PWY: flavin biosynthesis I (bacteria and plants)|g__Bacteroides.s__Bacteroides_vulgatus	0.5197703803
RIBOSYN2-PWY: flavin biosynthesis I (bacteria and plants)|g__Eubacterium.s__Eubacterium_eligens	0.0499780405
RIBOSYN2-PWY: flavin biosynthesis I (bacteria and plants)|g__Lachnospiraceae_unclassified.s__Eubacterium_rectale	0.0000000000
RIBOSYN2-PWY: flavin biosynthesis I (bacteria and plants)|g__Parabacteroides.s__Parabacteroides_distasonis	0.1421015975
RIBOSYN2-PWY: flavin biosynthesis I (bacteria and plants)|g__Citrobacter.s__Citrobacter_freundii	0.0000000000
RIBOSYN2-PWY: flavin biosynthesis I (bacteria and plants)|g__Bacteroides.s__Bacteroides_thetaiotaomicron	0.2958348212
GLYCOLYSIS: glycolysis I (from glucose 6-phosphate)	0.0000000000
GLYCOLYSIS: glycolysis I (from glucose 6-phosphate)|g__Escherichia.s__Escherichia_coli	0.0119673193
GLYCOLYSIS: glycolysis I (from glucose 6-phosphate)|unclassified	0.0088255151
GLYCOLYSIS: glycolysis I (from glucose 6-phosphate)|g__Citrobacter.s__Citrobacter_freundii	0.6110521011
GLYCOLYSIS: glycolysis I (from glucose 6-phosphate)|g__Klebsiella.s__Klebsiella_michiganensis	0.4066713049
NONOXIPENT-PWY: pentose phosphate pathway (non-oxidative branch) I	0.9970201611
NONOXIPENT-PWY: pentose phosphate pathway (non-oxidative branch) I|g__Escherichia.s__Escherichia_coli	0.9999485589
NONOXIPENT-PWY: pentose phosphate pathway (non-oxidative branch) I|unclassified	0.9744531008
NONOXIPENT-PWY: pentose phosphate pathway (non-oxidative branch) I|g__Citrobacter.s__Citrobacter_freundii	0.7609048316
NONOXIPENT-PWY: pentose phosphate pathway (non-oxidative branch) I|g__Lachnospiraceae_unclassified.s__Eubacterium_rectale	0.2468315979
NONOXIPENT-PWY: pentose phosphate pathway (non-oxidative branch) I|g__Klebsiella.s__Klebsiella_oxytoca	0.6970920341
NONOXIPENT-PWY: pentose phosphate pathway (non-oxidative branch) I|g__Blautia.s__Ruminococcus_torques	0.2271401908
NONOXIPENT-PWY: pentose phosphate pathway (non-oxidative branch) I|g__Parabacteroides.s__Parabacteroides_distasonis	0.6784132327
NONOXIPENT-PWY: pentose phosphate pathway (non-oxidative branch) I|g__Blautia.s__Blautia_sp_AF19_10LB	0.7627238031
NONOXIPENT-PWY: pentose phosphate pathway (non-oxidative branch) I|g__Roseburia.s__Roseburia_faecis	0.7113967306
NONOXIPENT-PWY: pentose phosphate pathway (non-oxidative branch) I|g__Klebsiella.s__Klebsiella_michiganensis	0.7927591729
NONOXIPENT-PWY: pentose phosphate pathway (non-oxidative branch) I|g__Enterobacter.s__Enterobacter_cloacae	0.0851042464
PWY-841: superpathway of purine nucleotides de novo biosynthesis I	0.0000000000
PWY-841: superpathway of purine nucleotides de novo biosynthesis I|g__Escherichia.s__Escherichia_coli	0.0000000000
PWY-841: superpathway of purine nucleotides de novo biosynthesis I|unclassified	0.0000000000
PWY-841: superpathway of purine nucleotides de novo biosynthesis I|g__Sutterella.s__Sutterella_wadsworthensis	0.0722788198
PWY-841: superpathway of purine nucleotides de novo biosynthesis I|g__Citrobacter.s__Citrobacter_freundii	0.0016340757
PWY-7357: thiamine phosphate formation from pyrithiamine and oxythiamine (yeast)	0.3016207472
PWY-7357: thiamine phosphate formation from pyrithiamine and oxythiamine (yeast)|g__Faecalibacterium.s__Faecalibacterium_prausnitzii	0.0000611553
PWY-7357: thiamine phosphate formation from pyrithiamine and oxythiamine (yeast)|g__Escherichia.s__Escherichia_coli	0.0000000033
PWY-7357: thiamine phosphate formation from pyrithiamine and oxythiamine (yeast)|g__Bacteroides.s__Bacteroides_uniformis	0.9512417138
PWY-7357: thiamine phosphate formation from pyrithiamine and oxythiamine (yeast)|unclassified	0.0000002570
PWY-7357: thiamine phosphate formation from pyrithiamine and oxythiamine (yeast)|g__Lachnospiraceae_unclassified.s__Eubacterium_rectale	0.7586534709
PWY-7357: thiamine phosphate formation from pyrithiamine and oxythiamine (yeast)|g__Klebsiella.s__Klebsiella_oxytoca	0.9974965835
PWY-7357: thiamine phosphate formation from pyrithiamine and oxythiamine (yeast)|g__Blautia.s__Ruminococcus_torques	0.0907314512
PWY-7357: thiamine phosphate formation from pyrithiamine and oxythiamine (yeast)|g__Collinsella.s__Collinsella_aerofaciens	0.8084261235
PWY-7357: thiamine phosphate formation from pyrithiamine and oxythiamine (yeast)|g__Bacteroides.s__Bacteroides_ovatus	0.0670336922
PWY-7357: thiamine phosphate formation from pyrithiamine and oxythiamine (yeast)|g__Citrobacter.s__Citrobacter_freundii	0.0000008897
PWY-7357: thiamine phosphate formation from pyrithiamine and oxythiamine (yeast)|g__Bifidobacterium.s__Bifidobacterium_adolescentis	0.0656201225
PWY-7357: thiamine phosphate formation from pyrithiamine and oxythiamine (yeast)|g__Anaerostipes.s__Anaerostipes_hadrus	0.2539931988
PWY-7357: thiamine phosphate formation from pyrithiamine and oxythiamine (yeast)|g__Blautia.s__Blautia_sp_AF19_10LB	0.3071782144
PWY-7357: thiamine phosphate formation from pyrithiamine and oxythiamine (yeast)|g__Agathobaculum.s__Agathobaculum_butyriciproducens	0.4042370916
PWY-2942: L-lysine biosynthesis III	0.0000000000
PWY-2942: L-lysine biosynthesis III|g__Bacteroides.s__Bacteroides_uniformis	0.5936012873
PWY-2942: L-lysine biosynthesis III|unclassified	0.0000011395
PWY-2942: L-lysine biosynthesis III|g__Parabacteroides.s__Parabacteroides_distasonis	0.5471844428
PWY-2942: L-lysine biosynthesis III|g__Parabacteroides.s__Parabacteroides_merdae	0.3772200703
GLUCONEO-PWY: gluconeogenesis I	0.0000000000
GLUCONEO-PWY: gluconeogenesis I|g__Escherichia.s__Escherichia_coli	0.0000022280
GLUCONEO-PWY: gluconeogenesis I|unclassified	0.0076122669
GLUCONEO-PWY: gluconeogenesis I|g__Citrobacter.s__Citrobacter_freundii	0.4730821364
GLUCONEO-PWY: gluconeogenesis I|g__Klebsiella.s__Klebsiella_michiganensis	0.3346220918
PWY-6126: superpathway of adenosine nucleotides de novo biosynthesis II	0.0000000000
PWY-6126: superpathway of adenosine nucleotides de novo biosynthesis II|g__Prevotella.s__Prevotella_sp_CAG_1320	0.3738399559
PWY-6126: superpathway of adenosine nucleotides de novo biosynthesis II|g__Escherichia.s__Escherichia_coli	0.0000000000
PWY-6126: superpathway of adenosine nucleotides de novo biosynthesis II|g__Bacteroides.s__Bacteroides_dorei	0.3355854100
PWY-6126: superpathway of adenosine nucleotides de novo biosynthesis II|unclassified	0.0000000000
PWY-6126: superpathway of adenosine nucleotides de novo biosynthesis II|g__Citrobacter.s__Citrobacter_freundii	0.0541995980
PWY-6126: superpathway of adenosine nucleotides de novo biosynthesis II|g__Sutterella.s__Sutterella_wadsworthensis	0.4482726991
PWY-6126: superpathway of adenosine nucleotides de novo biosynthesis II|g__Bacteroides.s__Bacteroides_finegoldii	0.3689137711
PWY-6126: superpathway of adenosine nucleotides de novo biosynthesis II|g__Bacteroides.s__Bacteroides_caccae	0.3521125171
PWY-6126: superpathway of adenosine nucleotides de novo biosynthesis II|g__Bacteroides.s__Bacteroides_vulgatus	0.0545342203
PWY-6126: superpathway of adenosine nucleotides de novo biosynthesis II|g__Klebsiella.s__Klebsiella_michiganensis	0.1967058183
PWY-6897: thiamine diphosphate salvage II	0.3269953046
PWY-6897: thiamine diphosphate salvage II|g__Faecalibacterium.s__Faecalibacterium_prausnitzii	0.0000000004
PWY-6897: thiamine diphosphate salvage II|g__Escherichia.s__Escherichia_coli	0.0000000037
PWY-6897: thiamine diphosphate salvage II|g__Bacteroides.s__Bacteroides_uniformis	0.7939735814
PWY-6897: thiamine diphosphate salvage II|unclassified	0.0000000911
PWY-6897: thiamine diphosphate salvage II|g__Bacteroides.s__Bacteroides_ovatus	0.0970341222
PWY-6897: thiamine diphosphate salvage II|g__Citrobacter.s__Citrobacter_freundii	0.0000012010
PWY-6897: thiamine diphosphate salvage II|g__Lachnospiraceae_unclassified.s__Eubacterium_rectale	0.0000000137
PWY-6897: thiamine diphosphate salvage II|g__Klebsiella.s__Klebsiella_oxytoca	0.0027771263
PWY-5484: glycolysis II (from fructose 6-phosphate)	0.0000000000
PWY-5484: glycolysis II (from fructose 6-phosphate)|g__Escherichia.s__Escherichia_coli	0.0060513243
PWY-5484: glycolysis II (from fructose 6-phosphate)|unclassified	0.0044755343
PWY-5484: glycolysis II (from fructose 6-phosphate)|g__Citrobacter.s__Citrobacter_freundii	0.5183522585
PWY-5484: glycolysis II (from fructose 6-phosphate)|g__Klebsiella.s__Klebsiella_michiganensis	0.3004344264
THISYN-PWY: superpathway of thiamine diphosphate biosynthesis I	0.0000000000
THISYN-PWY: superpathway of thiamine diphosphate biosynthesis I|g__Escherichia.s__Escherichia_coli	0.0000086250
THISYN-PWY: superpathway of thiamine diphosphate biosynthesis I|g__Bacteroides.s__Bacteroides_uniformis	0.6383473490
THISYN-PWY: superpathway of thiamine diphosphate biosynthesis I|unclassified	0.0000000000
THISYN-PWY: superpathway of thiamine diphosphate biosynthesis I|g__Bacteroides.s__Bacteroides_ovatus	0.1772446336
THISYN-PWY: superpathway of thiamine diphosphate biosynthesis I|g__Citrobacter.s__Citrobacter_freundii	0.0000016680
PWY-6519: 8-amino-7-oxononanoate biosynthesis I	0.0000000000
PWY-6519: 8-amino-7-oxononanoate biosynthesis I|g__Escherichia.s__Escherichia_coli	0.0000000000
PWY-6519: 8-amino-7-oxononanoate biosynthesis I|unclassified	0.0000000000
PWY-6519: 8-amino-7-oxononanoate biosynthesis I|g__Citrobacter.s__Citrobacter_freundii	0.0004683918
PWY-6519: 8-amino-7-oxononanoate biosynthesis I|g__Bacteroides.s__Bacteroides_vulgatus	0.3246507969
PWY-6519: 8-amino-7-oxononanoate biosynthesis I|g__Enterobacter.s__Enterobacter_cloacae	0.6467264271
PWY-6317: D-galactose degradation I (Leloir pathway)	0.0000000000
PWY-6317: D-galactose degradation I (Leloir pathway)|g__Faecalibacterium.s__Faecalibacterium_prausnitzii	0.0009863317
PWY-6317: D-galactose degradation I (Leloir pathway)|g__Escherichia.s__Escherichia_coli	0.0045676282
PWY-6317: D-galactose degradation I (Leloir pathway)|unclassified	0.0343958097
PWY-6317: D-galactose degradation I (Leloir pathway)|g__Citrobacter.s__Citrobacter_freundii	0.4431126977
PWY-6317: D-galactose degradation I (Leloir pathway)|g__Collinsella.s__Collinsella_aerofaciens	0.5249985078
PWY-6317: D-galactose degradation I (Leloir pathway)|g__Eubacterium.s__Eubacterium_eligens	0.0534940501
PWY-6317: D-galactose degradation I (Leloir pathway)|g__Anaerostipes.s__Anaerostipes_hadrus	0.4951899553
PWY-6317: D-galactose degradation I (Leloir pathway)|g__Blautia.s__Ruminococcus_torques	0.0000000539
PWY-6317: D-galactose degradation I (Leloir pathway)|g__Enterobacter.s__Enterobacter_cloacae	0.1684921486
PWY-6317: D-galactose degradation I (Leloir pathway)|g__Klebsiella.s__Klebsiella_oxytoca	0.0000000025
PHOSLIPSYN-PWY: superpathway of phospholipid biosynthesis I (bacteria)	0.0000000000
PHOSLIPSYN-PWY: superpathway of phospholipid biosynthesis I (bacteria)|g__Escherichia.s__Escherichia_coli	0.0014057150
PHOSLIPSYN-PWY: superpathway of phospholipid biosynthesis I (bacteria)|unclassified	0.0000814567
PHOSLIPSYN-PWY: superpathway of phospholipid biosynthesis I (bacteria)|g__Klebsiella.s__Klebsiella_oxytoca	0.8007507167
PHOSLIPSYN-PWY: superpathway of phospholipid biosynthesis I (bacteria)|g__Citrobacter.s__Citrobacter_freundii	0.0001035714
PWY-6895: superpathway of thiamine diphosphate biosynthesis II	0.0000000000
PWY-6895: superpathway of thiamine diphosphate biosynthesis II|g__Escherichia.s__Escherichia_coli	0.0000000062
PWY-6895: superpathway of thiamine diphosphate biosynthesis II|unclassified	0.0000000000
PYRIDNUCSYN-PWY: NAD de novo biosynthesis I (from aspartate)	0.0000097911
PYRIDNUCSYN-PWY: NAD de novo biosynthesis I (from aspartate)|g__Escherichia.s__Escherichia_coli	0.2712865568
PYRIDNUCSYN-PWY: NAD de novo biosynthesis I (from aspartate)|g__Bacteroides.s__Bacteroides_uniformis	0.0000100950
PYRIDNUCSYN-PWY: NAD de novo biosynthesis I (from aspartate)|g__Alistipes.s__Alistipes_putredinis	0.3130927346
PYRIDNUCSYN-PWY: NAD de novo biosynthesis I (from aspartate)|unclassified	0.0000000342
PYRIDNUCSYN-PWY: NAD de novo biosynthesis I (from aspartate)|g__Bacteroides.s__Bacteroides_dorei	0.1438462013
PYRIDNUCSYN-PWY: NAD de novo biosynthesis I (from aspartate)|g__Bacteroides.s__Bacteroides_ovatus	0.1528417661
PYRIDNUCSYN-PWY: NAD de novo biosynthesis I (from aspartate)|g__Ruminococcus.s__Ruminococcus_bicirculans	0.3002387284
PYRIDNUCSYN-PWY: NAD de novo biosynthesis I (from aspartate)|g__Parabacteroides.s__Parabacteroides_distasonis	0.3514293844
PYRIDNUCSYN-PWY: NAD de novo biosynthesis I (from aspartate)|g__Bacteroides.s__Bacteroides_vulgatus	0.0039878003
PYRIDNUCSYN-PWY: NAD de novo biosynthesis I (from aspartate)|g__Alistipes.s__Alistipes_onderdonkii	0.0000243942
PYRIDNUCSYN-PWY: NAD de novo biosynthesis I (from aspartate)|g__Klebsiella.s__Klebsiella_oxytoca	0.0000009086
PYRIDNUCSYN-PWY: NAD de novo biosynthesis I (from aspartate)|g__Bacteroides.s__Bacteroides_finegoldii	0.0000000014
TRPSYN-PWY: L-tryptophan biosynthesis	0.0747982861
TRPSYN-PWY: L-tryptophan biosynthesis|g__Escherichia.s__Escherichia_coli	0.0000000029
TRPSYN-PWY: L-tryptophan biosynthesis|unclassified	0.4612155558
TRPSYN-PWY: L-tryptophan biosynthesis|g__Lachnospiraceae_unclassified.s__Eubacterium_rectale	0.3669126603
TRPSYN-PWY: L-tryptophan biosynthesis|g__Bacteroides.s__Bacteroides_vulgatus	0.8680382605
TRPSYN-PWY: L-tryptophan biosynthesis|g__Eubacterium.s__Eubacterium_eligens	0.2819438330
TRPSYN-PWY: L-tryptophan biosynthesis|g__Ruminococcus.s__Ruminococcus_bicirculans	0.1780666563
TRPSYN-PWY: L-tryptophan biosynthesis|g__Citrobacter.s__Citrobacter_freundii	0.0000000332
TRPSYN-PWY: L-tryptophan biosynthesis|g__Anaerostipes.s__Anaerostipes_hadrus	0.1754055343
PWY-7237: myo-, chiro- and scyllo-inositol degradation	0.9995723586
PWY-7237: myo-, chiro- and scyllo-inositol degradation|g__Agathobaculum.s__Agathobaculum_butyriciproducens	0.6282648106
SER-GLYSYN-PWY: superpathway of L-serine and glycine biosynthesis I	0.0000848700
SER-GLYSYN-PWY: superpathway of L-serine and glycine biosynthesis I|g__Escherichia.s__Escherichia_coli	0.1371037774
SER-GLYSYN-PWY: superpathway of L-serine and glycine biosynthesis I|g__Bacteroides.s__Bacteroides_uniformis	0.2691404194
SER-GLYSYN-PWY: superpathway of L-serine and glycine biosynthesis I|unclassified	0.0023163855
SER-GLYSYN-PWY: superpathway of L-serine and glycine biosynthesis I|g__Bacteroides.s__Bacteroides_stercoris	0.1587584966
SER-GLYSYN-PWY: superpathway of L-serine and glycine biosynthesis I|g__Alistipes.s__Alistipes_putredinis	0.2498228597
SER-GLYSYN-PWY: superpathway of L-serine and glycine biosynthesis I|g__Citrobacter.s__Citrobacter_freundii	0.8783172835
SER-GLYSYN-PWY: superpathway of L-serine and glycine biosynthesis I|g__Bacteroides.s__Bacteroides_dorei	0.0503063207
SER-GLYSYN-PWY: superpathway of L-serine and glycine biosynthesis I|g__Alistipes.s__Alistipes_finegoldii	0.0120798426
SER-GLYSYN-PWY: superpathway of L-serine and glycine biosynthesis I|g__Eubacterium.s__Eubacterium_eligens	0.3436233698
SER-GLYSYN-PWY: superpathway of L-serine and glycine biosynthesis I|g__Bacteroides.s__Bacteroides_finegoldii	0.3780864339
SER-GLYSYN-PWY: superpathway of L-serine and glycine biosynthesis I|g__Bifidobacterium.s__Bifidobacterium_adolescentis	0.4758940634
SER-GLYSYN-PWY: superpathway of L-serine and glycine biosynthesis I|g__Alistipes.s__Alistipes_shahii	0.3164446826
SER-GLYSYN-PWY: superpathway of L-serine and glycine biosynthesis I|g__Parabacteroides.s__Parabacteroides_distasonis	0.3201131762
SER-GLYSYN-PWY: superpathway of L-serine and glycine biosynthesis I|g__Collinsella.s__Collinsella_aerofaciens	0.3738208049
SER-GLYSYN-PWY: superpathway of L-serine and glycine biosynthesis I|g__Bacteroides.s__Bacteroides_caccae	0.0191356304
SER-GLYSYN-PWY: superpathway of L-serine and glycine biosynthesis I|g__Bacteroides.s__Bacteroides_ovatus	0.0051369962
SER-GLYSYN-PWY: superpathway of L-serine and glycine biosynthesis I|g__Bacteroides.s__Bacteroides_vulgatus	0.0583213806
SER-GLYSYN-PWY: superpathway of L-serine and glycine biosynthesis I|g__Alistipes.s__Alistipes_onderdonkii	0.0119521895
SER-GLYSYN-PWY: superpathway of L-serine and glycine biosynthesis I|g__Blautia.s__Ruminococcus_torques	0.0000622293
SER-GLYSYN-PWY: superpathway of L-serine and glycine biosynthesis I|g__Roseburia.s__Roseburia_faecis	0.5394904224
SER-GLYSYN-PWY: superpathway of L-serine and glycine biosynthesis I|g__Dialister.s__Dialister_invisus	0.5718948471
SER-GLYSYN-PWY: superpathway of L-serine and glycine biosynthesis I|g__Bifidobacterium.s__Bifidobacterium_catenulatum	0.4880110998
SER-GLYSYN-PWY: superpathway of L-serine and glycine biosynthesis I|g__Bacteroides.s__Bacteroides_thetaiotaomicron	0.6010402528
SER-GLYSYN-PWY: superpathway of L-serine and glycine biosynthesis I|g__Blautia.s__Blautia_sp_AF19_10LB	0.1061857885
SER-GLYSYN-PWY: superpathway of L-serine and glycine biosynthesis I|g__Bacteroides.s__Bacteroides_fragilis	0.6295388211
SER-GLYSYN-PWY: superpathway of L-serine and glycine biosynthesis I|g__Parabacteroides.s__Parabacteroides_goldsteinii	0.7066582183
SER-GLYSYN-PWY: superpathway of L-serine and glycine biosynthesis I|g__Bifidobacterium.s__Bifidobacterium_pseudocatenulatum	0.0004998171
SER-GLYSYN-PWY: superpathway of L-serine and glycine biosynthesis I|g__Klebsiella.s__Klebsiella_oxytoca	0.0000000144
BIOTIN-BIOSYNTHESIS-PWY: biotin biosynthesis I	0.0000000000
BIOTIN-BIOSYNTHESIS-PWY: biotin biosynthesis I|g__Escherichia.s__Escherichia_coli	0.0000000001
BIOTIN-BIOSYNTHESIS-PWY: biotin biosynthesis I|unclassified	0.0000000000
BIOTIN-BIOSYNTHESIS-PWY: biotin biosynthesis I|g__Citrobacter.s__Citrobacter_freundii	0.0002909114
BIOTIN-BIOSYNTHESIS-PWY: biotin biosynthesis I|g__Bacteroides.s__Bacteroides_vulgatus	0.3669996572
ANAEROFRUCAT-PWY: homolactic fermentation	0.0000000000
ANAEROFRUCAT-PWY: homolactic fermentation|g__Escherichia.s__Escherichia_coli	0.0000000000
ANAEROFRUCAT-PWY: homolactic fermentation|unclassified	0.0042447029
ANAEROFRUCAT-PWY: homolactic fermentation|g__Citrobacter.s__Citrobacter_freundii	0.4222231126
PWY-6270: isoprene biosynthesis I	0.0000000000
PWY-6270: isoprene biosynthesis I|unclassified	0.0000310365
PWY-6270: isoprene biosynthesis I|g__Escherichia.s__Escherichia_coli	0.0000000000
PWY-6270: isoprene biosynthesis I|g__Eubacterium.s__Eubacterium_eligens	0.2418815603
PWY-6270: isoprene biosynthesis I|g__Bacteroides.s__Bacteroides_ovatus	0.0306869659
PWY-6270: isoprene biosynthesis I|g__Bacteroides.s__Bacteroides_finegoldii	0.0757160230
PWY-6270: isoprene biosynthesis I|g__Citrobacter.s__Citrobacter_freundii	0.0000000031
PWY4FS-7: phosphatidylglycerol biosynthesis I (plastidic)	0.0000000000
PWY4FS-7: phosphatidylglycerol biosynthesis I (plastidic)|g__Escherichia.s__Escherichia_coli	0.0009325471
PWY4FS-7: phosphatidylglycerol biosynthesis I (plastidic)|unclassified	0.0066603545
PWY4FS-7: phosphatidylglycerol biosynthesis I (plastidic)|g__Klebsiella.s__Klebsiella_oxytoca	0.7882504933
PWY4FS-7: phosphatidylglycerol biosynthesis I (plastidic)|g__Citrobacter.s__Citrobacter_freundii	0.0000621929
PWY4FS-8: phosphatidylglycerol biosynthesis II (non-plastidic)	0.0000000000
PWY4FS-8: phosphatidylglycerol biosynthesis II (non-plastidic)|g__Escherichia.s__Escherichia_coli	0.0009325471
PWY4FS-8: phosphatidylglycerol biosynthesis II (non-plastidic)|unclassified	0.0066603545
PWY4FS-8: phosphatidylglycerol biosynthesis II (non-plastidic)|g__Klebsiella.s__Klebsiella_oxytoca	0.7882504933
PWY4FS-8: phosphatidylglycerol biosynthesis II (non-plastidic)|g__Citrobacter.s__Citrobacter_freundii	0.0000621929
PWY-6628: superpathway of L-phenylalanine biosynthesis	0.0000000000
PWY-6628: superpathway of L-phenylalanine biosynthesis|unclassified	0.0332323545
PWY-6628: superpathway of L-phenylalanine biosynthesis|g__Escherichia.s__Escherichia_coli	0.0000000000
PWY-6628: superpathway of L-phenylalanine biosynthesis|g__Citrobacter.s__Citrobacter_freundii	0.0000003928
PWY-6628: superpathway of L-phenylalanine biosynthesis|g__Bifidobacterium.s__Bifidobacterium_pseudocatenulatum	0.0005518771
PWY-7560: methylerythritol phosphate pathway II	0.0000000000
PWY-7560: methylerythritol phosphate pathway II|g__Escherichia.s__Escherichia_coli	0.0000000000
PWY-7560: methylerythritol phosphate pathway II|unclassified	0.0000297921
PWY-7560: methylerythritol phosphate pathway II|g__Eubacterium.s__Eubacterium_eligens	0.2393452844
PWY-7560: methylerythritol phosphate pathway II|g__Bacteroides.s__Bacteroides_ovatus	0.0269852785
PWY-7560: methylerythritol phosphate pathway II|g__Bacteroides.s__Bacteroides_finegoldii	0.0691778588
PWY-7560: methylerythritol phosphate pathway II|g__Citrobacter.s__Citrobacter_freundii	0.0000000027
PWY-7228: superpathway of guanosine nucleotides de novo biosynthesis I	0.0000000000
PWY-7228: superpathway of guanosine nucleotides de novo biosynthesis I|g__Prevotella.s__Prevotella_sp_CAG_1320	0.3456310080
PWY-7228: superpathway of guanosine nucleotides de novo biosynthesis I|g__Escherichia.s__Escherichia_coli	0.0000000000
PWY-7228: superpathway of guanosine nucleotides de novo biosynthesis I|g__Bacteroides.s__Bacteroides_dorei	0.8856840881
PWY-7228: superpathway of guanosine nucleotides de novo biosynthesis I|unclassified	0.0000000000
PWY-7228: superpathway of guanosine nucleotides de novo biosynthesis I|g__Sutterella.s__Sutterella_wadsworthensis	0.3586776114
PWY-7228: superpathway of guanosine nucleotides de novo biosynthesis I|g__Citrobacter.s__Citrobacter_freundii	0.0031791973
PWY-7228: superpathway of guanosine nucleotides de novo biosynthesis I|g__Bacteroides.s__Bacteroides_finegoldii	0.5240759818
PWY-7228: superpathway of guanosine nucleotides de novo biosynthesis I|g__Bacteroides.s__Bacteroides_caccae	0.5055743984
PWY-7228: superpathway of guanosine nucleotides de novo biosynthesis I|g__Bacteroides.s__Bacteroides_ovatus	0.1669286915
PWY-7228: superpathway of guanosine nucleotides de novo biosynthesis I|g__Bacteroides.s__Bacteroides_vulgatus	0.3617150113
PWY-7228: superpathway of guanosine nucleotides de novo biosynthesis I|g__Collinsella.s__Collinsella_aerofaciens	0.3956704149
PWY-7228: superpathway of guanosine nucleotides de novo biosynthesis I|g__Escherichia.s__Escherichia_fergusonii	0.1486985808
PWY-7228: superpathway of guanosine nucleotides de novo biosynthesis I|g__Klebsiella.s__Klebsiella_michiganensis	0.8172738416
PWY-7228: superpathway of guanosine nucleotides de novo biosynthesis I|g__Enterobacter.s__Enterobacter_cloacae	0.5890129230
PWY-7228: superpathway of guanosine nucleotides de novo biosynthesis I|g__Bacteroides.s__Bacteroides_thetaiotaomicron	0.3458291410
PWY-7345: superpathway of anaerobic sucrose degradation	0.0000000000
PWY-7345: superpathway of anaerobic sucrose degradation|g__Escherichia.s__Escherichia_coli	0.0000000000
PWY-7345: superpathway of anaerobic sucrose degradation|unclassified	0.0000262828
PWY-7345: superpathway of anaerobic sucrose degradation|g__Citrobacter.s__Citrobacter_freundii	0.0122872942
PWY-6892: thiazole component of thiamine diphosphate biosynthesis I	0.0000000000
PWY-6892: thiazole component of thiamine diphosphate biosynthesis I|g__Escherichia.s__Escherichia_coli	0.9799236125
PWY-6892: thiazole component of thiamine diphosphate biosynthesis I|g__Bacteroides.s__Bacteroides_uniformis	0.7235844178
PWY-6892: thiazole component of thiamine diphosphate biosynthesis I|g__Citrobacter.s__Citrobacter_freundii	0.9064326385
PWY-6892: thiazole component of thiamine diphosphate biosynthesis I|unclassified	0.0000000000
PWY-6892: thiazole component of thiamine diphosphate biosynthesis I|g__Bacteroides.s__Bacteroides_finegoldii	0.6921427278
PWY-6892: thiazole component of thiamine diphosphate biosynthesis I|g__Eubacterium.s__Eubacterium_eligens	0.3064011141
PWY-6892: thiazole component of thiamine diphosphate biosynthesis I|g__Bacteroides.s__Bacteroides_ovatus	0.2134347613
PWY-6892: thiazole component of thiamine diphosphate biosynthesis I|g__Bacteroides.s__Bacteroides_caccae	0.0071329678
PWY-6892: thiazole component of thiamine diphosphate biosynthesis I|g__Klebsiella.s__Klebsiella_oxytoca	0.0069574741
PWY-6892: thiazole component of thiamine diphosphate biosynthesis I|g__Anaerostipes.s__Anaerostipes_hadrus	0.2156735804
PWY-6892: thiazole component of thiamine diphosphate biosynthesis I|g__Bacteroides.s__Bacteroides_thetaiotaomicron	0.3137440347
PWY-6892: thiazole component of thiamine diphosphate biosynthesis I|g__Blautia.s__Blautia_sp_AF19_10LB	0.0388303603
PWY-6892: thiazole component of thiamine diphosphate biosynthesis I|g__Enterobacter.s__Enterobacter_cloacae	0.0640869060
PWY-7234: inosine-5'-phosphate biosynthesis III	0.0000000000
PWY-7234: inosine-5'-phosphate biosynthesis III|g__Escherichia.s__Escherichia_coli	0.0000000000
PWY-7234: inosine-5'-phosphate biosynthesis III|unclassified	0.0073254598
PWY-7234: inosine-5'-phosphate biosynthesis III|g__Alistipes.s__Alistipes_putredinis	0.0364757029
PWY-7234: inosine-5'-phosphate biosynthesis III|g__Sutterella.s__Sutterella_wadsworthensis	0.6569860817
PWY-7234: inosine-5'-phosphate biosynthesis III|g__Alistipes.s__Alistipes_finegoldii	0.0016877128
PWY-7234: inosine-5'-phosphate biosynthesis III|g__Citrobacter.s__Citrobacter_freundii	0.0007685544
PWY-7234: inosine-5'-phosphate biosynthesis III|g__Bifidobacterium.s__Bifidobacterium_adolescentis	0.0013249222
PWY-7234: inosine-5'-phosphate biosynthesis III|g__Bifidobacterium.s__Bifidobacterium_pseudocatenulatum	0.0833590632
PWY-7234: inosine-5'-phosphate biosynthesis III|g__Escherichia.s__Escherichia_fergusonii	0.0919978901
PWY-7234: inosine-5'-phosphate biosynthesis III|g__Klebsiella.s__Klebsiella_oxytoca	0.0000208404
PWY-7234: inosine-5'-phosphate biosynthesis III|g__Alistipes.s__Alistipes_onderdonkii	0.0000011261
PWY-6527: stachyose degradation	0.0000000000
PWY-6527: stachyose degradation|g__Faecalibacterium.s__Faecalibacterium_prausnitzii	0.0000000000
PWY-6527: stachyose degradation|g__Escherichia.s__Escherichia_coli	0.0000003368
PWY-6527: stachyose degradation|unclassified	0.0019915021
PWY-6527: stachyose degradation|g__Citrobacter.s__Citrobacter_freundii	0.0197989623
PWY-6527: stachyose degradation|g__Lachnospiraceae_unclassified.s__Eubacterium_rectale	0.0264184306
PWY-6527: stachyose degradation|g__Blautia.s__Ruminococcus_torques	0.1345753182
PWY-6527: stachyose degradation|g__Ruminococcus.s__Ruminococcus_bicirculans	0.0166390543
PWY-6527: stachyose degradation|g__Clostridiales_unclassified.s__Clostridiales_bacterium_KLE1615	0.3868066537
PWY-6901: superpathway of glucose and xylose degradation	0.0000000000
PWY-6901: superpathway of glucose and xylose degradation|g__Escherichia.s__Escherichia_coli	0.0000000000
PWY-6901: superpathway of glucose and xylose degradation|unclassified	0.0000000126
PWY-6901: superpathway of glucose and xylose degradation|g__Citrobacter.s__Citrobacter_freundii	0.0000000000
PWY0-162: superpathway of pyrimidine ribonucleotides de novo biosynthesis	0.0000000000
PWY0-162: superpathway of pyrimidine ribonucleotides de novo biosynthesis|g__Escherichia.s__Escherichia_coli	0.0000000000
PWY0-162: superpathway of pyrimidine ribonucleotides de novo biosynthesis|unclassified	0.0000000000
PWY0-162: superpathway of pyrimidine ribonucleotides de novo biosynthesis|g__Bacteroides.s__Bacteroides_ovatus	0.1460681787
PWY-7282: 4-amino-2-methyl-5-diphosphomethylpyrimidine biosynthesis II	0.0000000000
PWY-7282: 4-amino-2-methyl-5-diphosphomethylpyrimidine biosynthesis II|g__Escherichia.s__Escherichia_coli	0.0000000033
PWY-7282: 4-amino-2-methyl-5-diphosphomethylpyrimidine biosynthesis II|g__Bacteroides.s__Bacteroides_uniformis	0.5279907447
PWY-7282: 4-amino-2-methyl-5-diphosphomethylpyrimidine biosynthesis II|unclassified	0.0000000330
PWY-7282: 4-amino-2-methyl-5-diphosphomethylpyrimidine biosynthesis II|g__Bacteroides.s__Bacteroides_ovatus	0.1155990421
PWY-7282: 4-amino-2-methyl-5-diphosphomethylpyrimidine biosynthesis II|g__Citrobacter.s__Citrobacter_freundii	0.0000026665
ARG+POLYAMINE-SYN: superpathway of arginine and polyamine biosynthesis	0.0000000000
ARG+POLYAMINE-SYN: superpathway of arginine and polyamine biosynthesis|g__Escherichia.s__Escherichia_coli	0.0000000000
ARG+POLYAMINE-SYN: superpathway of arginine and polyamine biosynthesis|unclassified	0.0001733451
GLYCOLYSIS-E-D: superpathway of glycolysis and the Entner-Doudoroff pathway	0.0000000000
GLYCOLYSIS-E-D: superpathway of glycolysis and the Entner-Doudoroff pathway|g__Escherichia.s__Escherichia_coli	0.0000000000
GLYCOLYSIS-E-D: superpathway of glycolysis and the Entner-Doudoroff pathway|unclassified	0.0000000000
GLYCOLYSIS-E-D: superpathway of glycolysis and the Entner-Doudoroff pathway|g__Citrobacter.s__Citrobacter_freundii	0.0323987037
PWY-6703: preQ0 biosynthesis	0.0001226336
PWY-6703: preQ0 biosynthesis|g__Escherichia.s__Escherichia_coli	0.0000000000
PWY-6703: preQ0 biosynthesis|g__Bacteroides.s__Bacteroides_uniformis	0.6015007487
PWY-6703: preQ0 biosynthesis|g__Bacteroides.s__Bacteroides_stercoris	0.6908600518
PWY-6703: preQ0 biosynthesis|g__Alistipes.s__Alistipes_putredinis	0.6873515314
PWY-6703: preQ0 biosynthesis|g__Bacteroides.s__Bacteroides_dorei	0.3932095263
PWY-6703: preQ0 biosynthesis|g__Eubacterium.s__Eubacterium_eligens	0.9992568552
PWY-6703: preQ0 biosynthesis|unclassified	0.0000000000
PWY-6703: preQ0 biosynthesis|g__Citrobacter.s__Citrobacter_freundii	0.4696849379
PWY-6703: preQ0 biosynthesis|g__Parabacteroides.s__Parabacteroides_distasonis	0.9848289577
PWY-6703: preQ0 biosynthesis|g__Bacteroides.s__Bacteroides_ovatus	0.4635944469
PWY-6703: preQ0 biosynthesis|g__Bacteroides.s__Bacteroides_caccae	0.4002830282
PWY-6703: preQ0 biosynthesis|g__Bacteroides.s__Bacteroides_vulgatus	0.4054482463
PWY-6703: preQ0 biosynthesis|g__Barnesiella.s__Barnesiella_intestinihominis	0.7834323352
PWY-6703: preQ0 biosynthesis|g__Parabacteroides.s__Parabacteroides_merdae	0.2656112197
PWY-6703: preQ0 biosynthesis|g__Firmicutes_unclassified.s__Firmicutes_bacterium_CAG_41	0.6420099137
PWY-6703: preQ0 biosynthesis|g__Coprococcus.s__Coprococcus_catus	0.3504740091
PWY-6703: preQ0 biosynthesis|g__Escherichia.s__Escherichia_fergusonii	0.0030594179
SULFATE-CYS-PWY: superpathway of sulfate assimilation and cysteine biosynthesis	0.0000000000
SULFATE-CYS-PWY: superpathway of sulfate assimilation and cysteine biosynthesis|g__Escherichia.s__Escherichia_coli	0.0093482197
SULFATE-CYS-PWY: superpathway of sulfate assimilation and cysteine biosynthesis|unclassified	0.0000000000
SULFATE-CYS-PWY: superpathway of sulfate assimilation and cysteine biosynthesis|g__Citrobacter.s__Citrobacter_freundii	0.0110562435
PWY-6168: flavin biosynthesis III (fungi)	0.0000000000
PWY-6168: flavin biosynthesis III (fungi)|g__Escherichia.s__Escherichia_coli	0.0000000000
PWY-6168: flavin biosynthesis III (fungi)|unclassified	0.0000000000
PWY-6125: superpathway of guanosine nucleotides de novo biosynthesis II	0.0000000000
PWY-6125: superpathway of guanosine nucleotides de novo biosynthesis II|g__Prevotella.s__Prevotella_sp_CAG_1320	0.2052072299
PWY-6125: superpathway of guanosine nucleotides de novo biosynthesis II|g__Escherichia.s__Escherichia_coli	0.0000000000
PWY-6125: superpathway of guanosine nucleotides de novo biosynthesis II|g__Bacteroides.s__Bacteroides_dorei	0.7994612119
PWY-6125: superpathway of guanosine nucleotides de novo biosynthesis II|unclassified	0.0000000000
PWY-6125: superpathway of guanosine nucleotides de novo biosynthesis II|g__Citrobacter.s__Citrobacter_freundii	0.0037033717
PWY-6125: superpathway of guanosine nucleotides de novo biosynthesis II|g__Sutterella.s__Sutterella_wadsworthensis	0.3067977205
PWY-6125: superpathway of guanosine nucleotides de novo biosynthesis II|g__Bacteroides.s__Bacteroides_caccae	0.3422207592
PWY-6125: superpathway of guanosine nucleotides de novo biosynthesis II|g__Bacteroides.s__Bacteroides_ovatus	0.1388531058
PWY-6125: superpathway of guanosine nucleotides de novo biosynthesis II|g__Bacteroides.s__Bacteroides_finegoldii	0.1927610437
PWY-6125: superpathway of guanosine nucleotides de novo biosynthesis II|g__Bacteroides.s__Bacteroides_vulgatus	0.3070007198
PWY-6125: superpathway of guanosine nucleotides de novo biosynthesis II|g__Enterobacter.s__Enterobacter_cloacae	0.5431828472
PWY-6125: superpathway of guanosine nucleotides de novo biosynthesis II|g__Bacteroides.s__Bacteroides_thetaiotaomicron	0.3194644182
PWY-6125: superpathway of guanosine nucleotides de novo biosynthesis II|g__Klebsiella.s__Klebsiella_michiganensis	0.1055261815
COLANSYN-PWY: colanic acid building blocks biosynthesis	0.0000000000
COLANSYN-PWY: colanic acid building blocks biosynthesis|g__Escherichia.s__Escherichia_coli	0.0000000000
COLANSYN-PWY: colanic acid building blocks biosynthesis|unclassified	0.0128764939
PENTOSE-P-PWY: pentose phosphate pathway	0.0000000000
PENTOSE-P-PWY: pentose phosphate pathway|g__Escherichia.s__Escherichia_coli	0.8873912546
PENTOSE-P-PWY: pentose phosphate pathway|unclassified	0.0000000059
PENTOSE-P-PWY: pentose phosphate pathway|g__Citrobacter.s__Citrobacter_freundii	0.0000350072
PENTOSE-P-PWY: pentose phosphate pathway|g__Parabacteroides.s__Parabacteroides_distasonis	0.1161993013
PENTOSE-P-PWY: pentose phosphate pathway|g__Enterobacter.s__Enterobacter_cloacae	0.0612860023
PWY-6823: molybdopterin biosynthesis	0.0005032864
PWY-6823: molybdopterin biosynthesis|g__Faecalibacterium.s__Faecalibacterium_prausnitzii	0.0695324162
PWY-6823: molybdopterin biosynthesis|unclassified	0.9999930876
PWY-6823: molybdopterin biosynthesis|g__Escherichia.s__Escherichia_coli	0.0000508309
PWY-6823: molybdopterin biosynthesis|g__Citrobacter.s__Citrobacter_freundii	0.4920316849
PWY-6823: molybdopterin biosynthesis|g__Blautia.s__Ruminococcus_torques	0.5616248782
PWY-6823: molybdopterin biosynthesis|g__Lachnospiraceae_unclassified.s__Eubacterium_rectale	0.0423300923
PWY-6823: molybdopterin biosynthesis|g__Escherichia.s__Escherichia_fergusonii	0.5986085938
PWY-6823: molybdopterin biosynthesis|g__Roseburia.s__Roseburia_faecis	0.3634382516
PWY-6823: molybdopterin biosynthesis|g__Bilophila.s__Bilophila_wadsworthia	0.3640175705
PWY-6285: superpathway of fatty acids biosynthesis (E. coli)	0.0000000000
PWY-6285: superpathway of fatty acids biosynthesis (E. coli)|g__Escherichia.s__Escherichia_coli	0.0000000000
PWY-6285: superpathway of fatty acids biosynthesis (E. coli)|g__Citrobacter.s__Citrobacter_freundii	0.1006205654
COBALSYN-PWY: superpathway of adenosylcobalamin salvage from cobinamide I	0.0000000000
COBALSYN-PWY: superpathway of adenosylcobalamin salvage from cobinamide I|g__Faecalibacterium.s__Faecalibacterium_prausnitzii	0.0000000000
COBALSYN-PWY: superpathway of adenosylcobalamin salvage from cobinamide I|g__Escherichia.s__Escherichia_coli	0.0000000000
COBALSYN-PWY: superpathway of adenosylcobalamin salvage from cobinamide I|g__Bacteroides.s__Bacteroides_uniformis	0.3612279907
COBALSYN-PWY: superpathway of adenosylcobalamin salvage from cobinamide I|unclassified	0.0000000000
COBALSYN-PWY: superpathway of adenosylcobalamin salvage from cobinamide I|g__Citrobacter.s__Citrobacter_freundii	0.0063496689
COBALSYN-PWY: superpathway of adenosylcobalamin salvage from cobinamide I|g__Collinsella.s__Collinsella_aerofaciens	0.0000087334
P461-PWY: hexitol fermentation to lactate, formate, ethanol and acetate	0.0000000000
P461-PWY: hexitol fermentation to lactate, formate, ethanol and acetate|g__Escherichia.s__Escherichia_coli	0.9772586405
P461-PWY: hexitol fermentation to lactate, formate, ethanol and acetate|unclassified	0.0000000013
P461-PWY: hexitol fermentation to lactate, formate, ethanol and acetate|g__Citrobacter.s__Citrobacter_freundii	0.7737910408
FERMENTATION-PWY: mixed acid fermentation	0.0000000000
FERMENTATION-PWY: mixed acid fermentation|g__Escherichia.s__Escherichia_coli	0.0000005506
FERMENTATION-PWY: mixed acid fermentation|unclassified	0.0014350022
FERMENTATION-PWY: mixed acid fermentation|g__Citrobacter.s__Citrobacter_freundii	0.1241884731
FERMENTATION-PWY: mixed acid fermentation|g__Klebsiella.s__Klebsiella_oxytoca	0.0000020126
PWY-7242: D-fructuronate degradation	0.0000000000
PWY-7242: D-fructuronate degradation|g__Faecalibacterium.s__Faecalibacterium_prausnitzii	0.0000000106
PWY-7242: D-fructuronate degradation|unclassified	0.5583339356
PWY-7242: D-fructuronate degradation|g__Citrobacter.s__Citrobacter_freundii	0.9726497787
PWY-7242: D-fructuronate degradation|g__Escherichia.s__Escherichia_coli	0.0000000000
PWY-7242: D-fructuronate degradation|g__Klebsiella.s__Klebsiella_oxytoca	0.0000019456
PWY-7242: D-fructuronate degradation|g__Enterobacter.s__Enterobacter_cloacae	0.0355004479
GLUCUROCAT-PWY: superpathway of &beta;-D-glucuronosides degradation	0.0000000000
GLUCUROCAT-PWY: superpathway of &beta;-D-glucuronosides degradation|g__Faecalibacterium.s__Faecalibacterium_prausnitzii	0.0000000159
GLUCUROCAT-PWY: superpathway of &beta;-D-glucuronosides degradation|unclassified	0.0014239681
GLUCUROCAT-PWY: superpathway of &beta;-D-glucuronosides degradation|g__Escherichia.s__Escherichia_coli	0.0000000000
GLUCUROCAT-PWY: superpathway of &beta;-D-glucuronosides degradation|g__Citrobacter.s__Citrobacter_freundii	0.0002243919
DAPLYSINESYN-PWY: L-lysine biosynthesis I	0.0000000000
DAPLYSINESYN-PWY: L-lysine biosynthesis I|g__Escherichia.s__Escherichia_coli	0.0726416964
DAPLYSINESYN-PWY: L-lysine biosynthesis I|unclassified	0.0000008551
DAPLYSINESYN-PWY: L-lysine biosynthesis I|g__Citrobacter.s__Citrobacter_freundii	0.0722071441
DAPLYSINESYN-PWY: L-lysine biosynthesis I|g__Bifidobacterium.s__Bifidobacterium_adolescentis	0.7069161217
DAPLYSINESYN-PWY: L-lysine biosynthesis I|g__Bifidobacterium.s__Bifidobacterium_pseudocatenulatum	0.2263935709
DAPLYSINESYN-PWY: L-lysine biosynthesis I|g__Bifidobacterium.s__Bifidobacterium_catenulatum	0.2883931896
OANTIGEN-PWY: O-antigen building blocks biosynthesis (E. coli)	0.0000000000
OANTIGEN-PWY: O-antigen building blocks biosynthesis (E. coli)|unclassified	0.0000000000
OANTIGEN-PWY: O-antigen building blocks biosynthesis (E. coli)|g__Escherichia.s__Escherichia_coli	0.0000000000
OANTIGEN-PWY: O-antigen building blocks biosynthesis (E. coli)|g__Collinsella.s__Collinsella_aerofaciens	0.3996570216
SO4ASSIM-PWY: assimilatory sulfate reduction I	0.0000000000
SO4ASSIM-PWY: assimilatory sulfate reduction I|g__Escherichia.s__Escherichia_coli	0.9949195139
SO4ASSIM-PWY: assimilatory sulfate reduction I|g__Citrobacter.s__Citrobacter_freundii	0.0049583959
SO4ASSIM-PWY: assimilatory sulfate reduction I|unclassified	0.0000000000
SO4ASSIM-PWY: assimilatory sulfate reduction I|g__Escherichia.s__Escherichia_fergusonii	0.1433111770
SO4ASSIM-PWY: assimilatory sulfate reduction I|g__Klebsiella.s__Klebsiella_michiganensis	0.7804530924
P441-PWY: superpathway of N-acetylneuraminate degradation	0.0000000000
P441-PWY: superpathway of N-acetylneuraminate degradation|g__Escherichia.s__Escherichia_coli	0.0000000000
P441-PWY: superpathway of N-acetylneuraminate degradation|unclassified	0.0000000000
P441-PWY: superpathway of N-acetylneuraminate degradation|g__Citrobacter.s__Citrobacter_freundii	0.0095189599
PWY0-845: superpathway of pyridoxal 5'-phosphate biosynthesis and salvage	0.0000000000
PWY0-845: superpathway of pyridoxal 5'-phosphate biosynthesis and salvage|g__Escherichia.s__Escherichia_coli	0.0000668208
PWY0-845: superpathway of pyridoxal 5'-phosphate biosynthesis and salvage|g__Bacteroides.s__Bacteroides_uniformis	0.3571321076
PWY0-845: superpathway of pyridoxal 5'-phosphate biosynthesis and salvage|unclassified	0.0000000000
PWY0-845: superpathway of pyridoxal 5'-phosphate biosynthesis and salvage|g__Bacteroides.s__Bacteroides_ovatus	0.0664977962
PWY0-845: superpathway of pyridoxal 5'-phosphate biosynthesis and salvage|g__Bacteroides.s__Bacteroides_caccae	0.1890599796
PWY0-845: superpathway of pyridoxal 5'-phosphate biosynthesis and salvage|g__Citrobacter.s__Citrobacter_freundii	0.0021242335
PWY0-845: superpathway of pyridoxal 5'-phosphate biosynthesis and salvage|g__Parabacteroides.s__Parabacteroides_distasonis	0.7425908533
PWY0-845: superpathway of pyridoxal 5'-phosphate biosynthesis and salvage|g__Bacteroides.s__Bacteroides_finegoldii	0.1016507531
PWY-8004: Entner-Doudoroff pathway I	0.0000000000
PWY-8004: Entner-Doudoroff pathway I|g__Escherichia.s__Escherichia_coli	0.0000003990
PWY-8004: Entner-Doudoroff pathway I|unclassified	0.0000000000
PWY-8004: Entner-Doudoroff pathway I|g__Citrobacter.s__Citrobacter_freundii	0.0000500068
PWY-8004: Entner-Doudoroff pathway I|g__Parabacteroides.s__Parabacteroides_distasonis	0.1005619880
CITRULBIO-PWY: L-citrulline biosynthesis	0.0000000000
CITRULBIO-PWY: L-citrulline biosynthesis|g__Escherichia.s__Escherichia_coli	0.0000002198
CITRULBIO-PWY: L-citrulline biosynthesis|unclassified	0.0000000002
CITRULBIO-PWY: L-citrulline biosynthesis|g__Alistipes.s__Alistipes_finegoldii	0.0000535888
CITRULBIO-PWY: L-citrulline biosynthesis|g__Alistipes.s__Alistipes_onderdonkii	0.0003715153
PWY-7328: superpathway of UDP-glucose-derived O-antigen building blocks biosynthesis	0.0000000000
PWY-7328: superpathway of UDP-glucose-derived O-antigen building blocks biosynthesis|unclassified	0.0173419280
PWY-7328: superpathway of UDP-glucose-derived O-antigen building blocks biosynthesis|g__Escherichia.s__Escherichia_coli	0.0000000000
HSERMETANA-PWY: L-methionine biosynthesis III	0.0000000000
HSERMETANA-PWY: L-methionine biosynthesis III|unclassified	0.9988262393
HSERMETANA-PWY: L-methionine biosynthesis III|g__Ruminococcus.s__Ruminococcus_bicirculans	0.4219921458
HSERMETANA-PWY: L-methionine biosynthesis III|g__Eubacterium.s__Eubacterium_eligens	0.1168909086
HSERMETANA-PWY: L-methionine biosynthesis III|g__Bifidobacterium.s__Bifidobacterium_adolescentis	0.1173707984
GLCMANNANAUT-PWY: superpathway of N-acetylglucosamine, N-acetylmannosamine and N-acetylneuraminate degradation	0.0000000000
GLCMANNANAUT-PWY: superpathway of N-acetylglucosamine, N-acetylmannosamine and N-acetylneuraminate degradation|g__Escherichia.s__Escherichia_coli	0.0056121399
GLCMANNANAUT-PWY: superpathway of N-acetylglucosamine, N-acetylmannosamine and N-acetylneuraminate degradation|g__Faecalibacterium.s__Faecalibacterium_prausnitzii	0.0000000000
GLCMANNANAUT-PWY: superpathway of N-acetylglucosamine, N-acetylmannosamine and N-acetylneuraminate degradation|unclassified	0.0000001028
GLCMANNANAUT-PWY: superpathway of N-acetylglucosamine, N-acetylmannosamine and N-acetylneuraminate degradation|g__Citrobacter.s__Citrobacter_freundii	0.3065187991
GLCMANNANAUT-PWY: superpathway of N-acetylglucosamine, N-acetylmannosamine and N-acetylneuraminate degradation|g__Klebsiella.s__Klebsiella_oxytoca	0.0000032107
THISYNARA-PWY: superpathway of thiamine diphosphate biosynthesis III (eukaryotes)	0.0000000000
THISYNARA-PWY: superpathway of thiamine diphosphate biosynthesis III (eukaryotes)|g__Faecalibacterium.s__Faecalibacterium_prausnitzii	0.0000000000
THISYNARA-PWY: superpathway of thiamine diphosphate biosynthesis III (eukaryotes)|g__Bacteroides.s__Bacteroides_uniformis	0.4486618235
THISYNARA-PWY: superpathway of thiamine diphosphate biosynthesis III (eukaryotes)|g__Bacteroides.s__Bacteroides_ovatus	0.0863621613
THISYNARA-PWY: superpathway of thiamine diphosphate biosynthesis III (eukaryotes)|g__Lachnospiraceae_unclassified.s__Eubacterium_rectale	0.0000000183
PWY-1269: CMP-3-deoxy-D-manno-octulosonate biosynthesis	0.0000000000
PWY-1269: CMP-3-deoxy-D-manno-octulosonate biosynthesis|g__Escherichia.s__Escherichia_coli	0.0000207252
PWY-1269: CMP-3-deoxy-D-manno-octulosonate biosynthesis|g__Bacteroides.s__Bacteroides_uniformis	0.0547787893
PWY-1269: CMP-3-deoxy-D-manno-octulosonate biosynthesis|g__Citrobacter.s__Citrobacter_freundii	0.0272390751
PWY-1269: CMP-3-deoxy-D-manno-octulosonate biosynthesis|unclassified	0.0000000000
PWY-1269: CMP-3-deoxy-D-manno-octulosonate biosynthesis|g__Klebsiella.s__Klebsiella_oxytoca	0.5336881138
PWY-1269: CMP-3-deoxy-D-manno-octulosonate biosynthesis|g__Alistipes.s__Alistipes_shahii	0.7355160476
PWY-1269: CMP-3-deoxy-D-manno-octulosonate biosynthesis|g__Bacteroides.s__Bacteroides_ovatus	0.1554342136
PWY-1269: CMP-3-deoxy-D-manno-octulosonate biosynthesis|g__Bacteroides.s__Bacteroides_finegoldii	0.0656484875
PWY-1269: CMP-3-deoxy-D-manno-octulosonate biosynthesis|g__Bacteroides.s__Bacteroides_caccae	0.0180028069
PWY-1269: CMP-3-deoxy-D-manno-octulosonate biosynthesis|g__Bacteroides.s__Bacteroides_thetaiotaomicron	0.2406979322
PWY66-409: superpathway of purine nucleotide salvage	0.0000000000
PWY66-409: superpathway of purine nucleotide salvage|g__Escherichia.s__Escherichia_coli	0.0000000000
PWY66-409: superpathway of purine nucleotide salvage|unclassified	0.0000000000
PWY66-409: superpathway of purine nucleotide salvage|g__Citrobacter.s__Citrobacter_freundii	0.0000000001
PWY0-1477: ethanolamine utilization	0.0000000000
PWY0-1477: ethanolamine utilization|g__Escherichia.s__Escherichia_coli	0.9999998897
PWY0-1477: ethanolamine utilization|unclassified	0.0000000003
PWY0-1477: ethanolamine utilization|g__Citrobacter.s__Citrobacter_freundii	0.2217205603
PWY0-1477: ethanolamine utilization|g__Escherichia.s__Escherichia_fergusonii	0.9857172804
PWY0-1477: ethanolamine utilization|g__Enterobacter.s__Enterobacter_cloacae	0.9880930055
PWY0-1477: ethanolamine utilization|g__Klebsiella.s__Klebsiella_oxytoca	0.0333077519
PWY0-1477: ethanolamine utilization|g__Klebsiella.s__Klebsiella_michiganensis	0.7002357989
NAGLIPASYN-PWY: lipid IVA biosynthesis (E. coli)	0.0000000000
NAGLIPASYN-PWY: lipid IVA biosynthesis (E. coli)|g__Escherichia.s__Escherichia_coli	0.0000009503
NAGLIPASYN-PWY: lipid IVA biosynthesis (E. coli)|g__Bacteroides.s__Bacteroides_uniformis	0.1882751710
NAGLIPASYN-PWY: lipid IVA biosynthesis (E. coli)|g__Bacteroides.s__Bacteroides_stercoris	0.0077786232
NAGLIPASYN-PWY: lipid IVA biosynthesis (E. coli)|unclassified	0.0000000000
NAGLIPASYN-PWY: lipid IVA biosynthesis (E. coli)|g__Sutterella.s__Sutterella_wadsworthensis	0.1392334746
NAGLIPASYN-PWY: lipid IVA biosynthesis (E. coli)|g__Citrobacter.s__Citrobacter_freundii	0.0000000000
NAGLIPASYN-PWY: lipid IVA biosynthesis (E. coli)|g__Klebsiella.s__Klebsiella_oxytoca	0.0000000411
PWY-8073: lipid IVA biosynthesis (P. putida)	0.0000000000
PWY-8073: lipid IVA biosynthesis (P. putida)|g__Escherichia.s__Escherichia_coli	0.0000009503
PWY-8073: lipid IVA biosynthesis (P. putida)|g__Bacteroides.s__Bacteroides_uniformis	0.1882751710
PWY-8073: lipid IVA biosynthesis (P. putida)|g__Bacteroides.s__Bacteroides_stercoris	0.0077786232
PWY-8073: lipid IVA biosynthesis (P. putida)|unclassified	0.0000000000
PWY-8073: lipid IVA biosynthesis (P. putida)|g__Sutterella.s__Sutterella_wadsworthensis	0.1392334746
PWY-8073: lipid IVA biosynthesis (P. putida)|g__Citrobacter.s__Citrobacter_freundii	0.0000000000
PWY-8073: lipid IVA biosynthesis (P. putida)|g__Klebsiella.s__Klebsiella_oxytoca	0.0000000411
PYRIDOXSYN-PWY: pyridoxal 5'-phosphate biosynthesis I	0.0000000000
PYRIDOXSYN-PWY: pyridoxal 5'-phosphate biosynthesis I|g__Escherichia.s__Escherichia_coli	0.0000427725
PYRIDOXSYN-PWY: pyridoxal 5'-phosphate biosynthesis I|g__Bacteroides.s__Bacteroides_uniformis	0.3497714783
PYRIDOXSYN-PWY: pyridoxal 5'-phosphate biosynthesis I|g__Bacteroides.s__Bacteroides_stercoris	0.5247424444
PYRIDOXSYN-PWY: pyridoxal 5'-phosphate biosynthesis I|unclassified	0.0000000000
PYRIDOXSYN-PWY: pyridoxal 5'-phosphate biosynthesis I|g__Citrobacter.s__Citrobacter_freundii	0.0217310850
PYRIDOXSYN-PWY: pyridoxal 5'-phosphate biosynthesis I|g__Bacteroides.s__Bacteroides_ovatus	0.0303693239
PYRIDOXSYN-PWY: pyridoxal 5'-phosphate biosynthesis I|g__Bacteroides.s__Bacteroides_caccae	0.0971317310
PYRIDOXSYN-PWY: pyridoxal 5'-phosphate biosynthesis I|g__Parabacteroides.s__Parabacteroides_distasonis	0.7219868434
PYRIDOXSYN-PWY: pyridoxal 5'-phosphate biosynthesis I|g__Bacteroides.s__Bacteroides_finegoldii	0.0669686351
PYRIDOXSYN-PWY: pyridoxal 5'-phosphate biosynthesis I|g__Klebsiella.s__Klebsiella_oxytoca	0.0000001248
RHAMCAT-PWY: L-rhamnose degradation I	0.0000000000
RHAMCAT-PWY: L-rhamnose degradation I|g__Bacteroides.s__Bacteroides_uniformis	0.0744838490
RHAMCAT-PWY: L-rhamnose degradation I|g__Escherichia.s__Escherichia_coli	0.0000000000
RHAMCAT-PWY: L-rhamnose degradation I|unclassified	0.0000000073
RHAMCAT-PWY: L-rhamnose degradation I|g__Bacteroides.s__Bacteroides_dorei	0.0002462427
RHAMCAT-PWY: L-rhamnose degradation I|g__Klebsiella.s__Klebsiella_oxytoca	0.8987501653
RHAMCAT-PWY: L-rhamnose degradation I|g__Citrobacter.s__Citrobacter_freundii	0.1659820909
RHAMCAT-PWY: L-rhamnose degradation I|g__Bacteroides.s__Bacteroides_ovatus	0.6443394251
RHAMCAT-PWY: L-rhamnose degradation I|g__Bacteroides.s__Bacteroides_finegoldii	0.6758676021
RHAMCAT-PWY: L-rhamnose degradation I|g__Bacteroides.s__Bacteroides_caccae	0.1856388798
RHAMCAT-PWY: L-rhamnose degradation I|g__Eubacterium.s__Eubacterium_eligens	0.0121721503
RHAMCAT-PWY: L-rhamnose degradation I|g__Bacteroides.s__Bacteroides_thetaiotaomicron	0.8629439061
RHAMCAT-PWY: L-rhamnose degradation I|g__Bacteroides.s__Bacteroides_vulgatus	0.0140953250
RHAMCAT-PWY: L-rhamnose degradation I|g__Escherichia.s__Escherichia_fergusonii	0.0064912177
PWY-5659: GDP-mannose biosynthesis	0.0000000000
PWY-5659: GDP-mannose biosynthesis|g__Faecalibacterium.s__Faecalibacterium_prausnitzii	0.0000000000
PWY-5659: GDP-mannose biosynthesis|g__Escherichia.s__Escherichia_coli	0.0000000000
PWY-5659: GDP-mannose biosynthesis|unclassified	0.0069017631
PWY-5659: GDP-mannose biosynthesis|g__Bacteroides.s__Bacteroides_dorei	0.3065631138
PWY-5659: GDP-mannose biosynthesis|g__Klebsiella.s__Klebsiella_oxytoca	0.3036228692
PWY-5659: GDP-mannose biosynthesis|g__Alistipes.s__Alistipes_shahii	0.3048271892
PWY-5659: GDP-mannose biosynthesis|g__Bacteroides.s__Bacteroides_vulgatus	0.0073106386
PWY-5659: GDP-mannose biosynthesis|g__Enterobacter.s__Enterobacter_cloacae	0.0309565531
PWY0-1479: tRNA processing	0.0000000000
PWY0-1479: tRNA processing|g__Escherichia.s__Escherichia_coli	0.0000000001
PWY0-1479: tRNA processing|unclassified	0.0000000014
PWY0-1479: tRNA processing|g__Citrobacter.s__Citrobacter_freundii	0.0000014764
PWY0-1479: tRNA processing|g__Enterobacter.s__Enterobacter_cloacae	0.2225105923
PWY-7220: adenosine deoxyribonucleotides de novo biosynthesis II	0.0000000000
PWY-7220: adenosine deoxyribonucleotides de novo biosynthesis II|g__Prevotella.s__Prevotella_sp_CAG_1320	0.2921170506
PWY-7220: adenosine deoxyribonucleotides de novo biosynthesis II|g__Escherichia.s__Escherichia_coli	0.0000000000
PWY-7220: adenosine deoxyribonucleotides de novo biosynthesis II|g__Bacteroides.s__Bacteroides_dorei	0.9123732211
PWY-7220: adenosine deoxyribonucleotides de novo biosynthesis II|g__Escherichia.s__Escherichia_fergusonii	0.9999999955
PWY-7220: adenosine deoxyribonucleotides de novo biosynthesis II|g__Citrobacter.s__Citrobacter_freundii	0.4410987536
PWY-7220: adenosine deoxyribonucleotides de novo biosynthesis II|unclassified	0.0000000000
PWY-7220: adenosine deoxyribonucleotides de novo biosynthesis II|g__Sutterella.s__Sutterella_wadsworthensis	0.2603198704
PWY-7220: adenosine deoxyribonucleotides de novo biosynthesis II|g__Bacteroides.s__Bacteroides_finegoldii	0.4970057234
PWY-7220: adenosine deoxyribonucleotides de novo biosynthesis II|g__Bacteroides.s__Bacteroides_vulgatus	0.3255816925
PWY-7220: adenosine deoxyribonucleotides de novo biosynthesis II|g__Bacteroides.s__Bacteroides_ovatus	0.0990972056
PWY-7220: adenosine deoxyribonucleotides de novo biosynthesis II|g__Bacteroides.s__Bacteroides_caccae	0.2312080549
PWY-7220: adenosine deoxyribonucleotides de novo biosynthesis II|g__Klebsiella.s__Klebsiella_michiganensis	0.9717079393
PWY-7220: adenosine deoxyribonucleotides de novo biosynthesis II|g__Enterobacter.s__Enterobacter_cloacae	0.4542394838
PWY-7220: adenosine deoxyribonucleotides de novo biosynthesis II|g__Bacteroides.s__Bacteroides_thetaiotaomicron	0.2264022698
PWY-7220: adenosine deoxyribonucleotides de novo biosynthesis II|g__Klebsiella.s__Klebsiella_oxytoca	0.0000000001
PWY-7222: guanosine deoxyribonucleotides de novo biosynthesis II	0.0000000000
PWY-7222: guanosine deoxyribonucleotides de novo biosynthesis II|g__Prevotella.s__Prevotella_sp_CAG_1320	0.2921170506
PWY-7222: guanosine deoxyribonucleotides de novo biosynthesis II|g__Escherichia.s__Escherichia_coli	0.0000000000
PWY-7222: guanosine deoxyribonucleotides de novo biosynthesis II|g__Bacteroides.s__Bacteroides_dorei	0.9123732211
PWY-7222: guanosine deoxyribonucleotides de novo biosynthesis II|g__Escherichia.s__Escherichia_fergusonii	0.9999999955
PWY-7222: guanosine deoxyribonucleotides de novo biosynthesis II|g__Citrobacter.s__Citrobacter_freundii	0.4410987536
PWY-7222: guanosine deoxyribonucleotides de novo biosynthesis II|unclassified	0.0000000000
PWY-7222: guanosine deoxyribonucleotides de novo biosynthesis II|g__Sutterella.s__Sutterella_wadsworthensis	0.2603198704
PWY-7222: guanosine deoxyribonucleotides de novo biosynthesis II|g__Bacteroides.s__Bacteroides_finegoldii	0.4970057234
PWY-7222: guanosine deoxyribonucleotides de novo biosynthesis II|g__Bacteroides.s__Bacteroides_vulgatus	0.3255816925
PWY-7222: guanosine deoxyribonucleotides de novo biosynthesis II|g__Bacteroides.s__Bacteroides_ovatus	0.0990972056
PWY-7222: guanosine deoxyribonucleotides de novo biosynthesis II|g__Bacteroides.s__Bacteroides_caccae	0.2312080549
PWY-7222: guanosine deoxyribonucleotides de novo biosynthesis II|g__Klebsiella.s__Klebsiella_michiganensis	0.9717079393
PWY-7222: guanosine deoxyribonucleotides de novo biosynthesis II|g__Enterobacter.s__Enterobacter_cloacae	0.4542394838
PWY-7222: guanosine deoxyribonucleotides de novo biosynthesis II|g__Bacteroides.s__Bacteroides_thetaiotaomicron	0.2264022698
PWY-7222: guanosine deoxyribonucleotides de novo biosynthesis II|g__Klebsiella.s__Klebsiella_oxytoca	0.0000000001
PWY0-1298: superpathway of pyrimidine deoxyribonucleosides degradation	0.0000000000
PWY0-1298: superpathway of pyrimidine deoxyribonucleosides degradation|g__Escherichia.s__Escherichia_coli	0.2154285908
PWY0-1298: superpathway of pyrimidine deoxyribonucleosides degradation|g__Citrobacter.s__Citrobacter_freundii	0.8187427182
PWY0-1298: superpathway of pyrimidine deoxyribonucleosides degradation|unclassified	0.0000000000
PWY0-1298: superpathway of pyrimidine deoxyribonucleosides degradation|g__Enterobacter.s__Enterobacter_cloacae	0.0673767698
PWY-7208: superpathway of pyrimidine nucleobases salvage	0.0000000000
PWY-7208: superpathway of pyrimidine nucleobases salvage|g__Escherichia.s__Escherichia_coli	0.0000000000
PWY-7208: superpathway of pyrimidine nucleobases salvage|g__Sutterella.s__Sutterella_wadsworthensis	0.7373768363
PWY-7208: superpathway of pyrimidine nucleobases salvage|unclassified	0.0000000000
PWY-7208: superpathway of pyrimidine nucleobases salvage|g__Citrobacter.s__Citrobacter_freundii	0.0020268784
PWY-7208: superpathway of pyrimidine nucleobases salvage|g__Klebsiella.s__Klebsiella_michiganensis	0.1030476059
PWY-7117: C4 photosynthetic carbon assimilation cycle, PEPCK type	0.0000000000
PWY-7117: C4 photosynthetic carbon assimilation cycle, PEPCK type|g__Escherichia.s__Escherichia_coli	0.3325276057
PWY-7117: C4 photosynthetic carbon assimilation cycle, PEPCK type|unclassified	0.2610852021
PWY-7117: C4 photosynthetic carbon assimilation cycle, PEPCK type|g__Citrobacter.s__Citrobacter_freundii	0.2285662967
PWY-7117: C4 photosynthetic carbon assimilation cycle, PEPCK type|g__Klebsiella.s__Klebsiella_michiganensis	0.6323381141
PWY-6353: purine nucleotides degradation II (aerobic)	0.0000000000
PWY-6353: purine nucleotides degradation II (aerobic)|g__Escherichia.s__Escherichia_coli	0.0000108767
PWY-6353: purine nucleotides degradation II (aerobic)|unclassified	0.0000000000
PWY0-1297: superpathway of purine deoxyribonucleosides degradation	0.0000000000
PWY0-1297: superpathway of purine deoxyribonucleosides degradation|g__Escherichia.s__Escherichia_coli	0.0035253292
PWY0-1297: superpathway of purine deoxyribonucleosides degradation|g__Citrobacter.s__Citrobacter_freundii	0.8093531238
PWY0-1297: superpathway of purine deoxyribonucleosides degradation|unclassified	0.0000000000
PWY0-1297: superpathway of purine deoxyribonucleosides degradation|g__Escherichia.s__Escherichia_fergusonii	0.0017901572
GLYCOCAT-PWY: glycogen degradation I	0.0000000000
GLYCOCAT-PWY: glycogen degradation I|g__Escherichia.s__Escherichia_coli	0.0000000000
GLYCOCAT-PWY: glycogen degradation I|unclassified	0.0000000000
GLYCOCAT-PWY: glycogen degradation I|g__Citrobacter.s__Citrobacter_freundii	0.0000000000
GLYCOCAT-PWY: glycogen degradation I|g__Klebsiella.s__Klebsiella_oxytoca	0.0000004851
PWY-7761: NAD salvage pathway II (PNC IV cycle)	0.0000000000
PWY-7761: NAD salvage pathway II (PNC IV cycle)|unclassified	0.0000000000
PWY-7761: NAD salvage pathway II (PNC IV cycle)|g__Escherichia.s__Escherichia_coli	0.0000000000
PWY-7761: NAD salvage pathway II (PNC IV cycle)|g__Klebsiella.s__Klebsiella_oxytoca	0.0002889721
PWY-4984: urea cycle	0.0000000000
PWY-4984: urea cycle|g__Alistipes.s__Alistipes_finegoldii	0.0000446377
PWY-4984: urea cycle|g__Alistipes.s__Alistipes_onderdonkii	0.0200929907
GALACT-GLUCUROCAT-PWY: superpathway of hexuronide and hexuronate degradation	0.0000000000
GALACT-GLUCUROCAT-PWY: superpathway of hexuronide and hexuronate degradation|unclassified	0.0000000000
GALACT-GLUCUROCAT-PWY: superpathway of hexuronide and hexuronate degradation|g__Escherichia.s__Escherichia_coli	0.0000000000
PWY-6507: 4-deoxy-L-threo-hex-4-enopyranuronate degradation	0.0000000000
PWY-6507: 4-deoxy-L-threo-hex-4-enopyranuronate degradation|g__Faecalibacterium.s__Faecalibacterium_prausnitzii	0.0000000106
PWY-6507: 4-deoxy-L-threo-hex-4-enopyranuronate degradation|unclassified	0.2452623076
PWY-6507: 4-deoxy-L-threo-hex-4-enopyranuronate degradation|g__Escherichia.s__Escherichia_coli	0.0000000000
PWY-6507: 4-deoxy-L-threo-hex-4-enopyranuronate degradation|g__Citrobacter.s__Citrobacter_freundii	0.0419212619
PWY-6507: 4-deoxy-L-threo-hex-4-enopyranuronate degradation|g__Klebsiella.s__Klebsiella_oxytoca	0.0000019457
PWY-5723: Rubisco shunt	0.0000000000
PWY-5723: Rubisco shunt|g__Escherichia.s__Escherichia_coli	0.0000000000
PWY-5723: Rubisco shunt|unclassified	0.0000000000
PWY-5723: Rubisco shunt|g__Citrobacter.s__Citrobacter_freundii	0.2013725401
PWY-5723: Rubisco shunt|g__Klebsiella.s__Klebsiella_michiganensis	0.3720276013
PWY-5838: superpathway of menaquinol-8 biosynthesis I	0.0000000000
PWY-5838: superpathway of menaquinol-8 biosynthesis I|g__Escherichia.s__Escherichia_coli	0.0000001743
PWY-5838: superpathway of menaquinol-8 biosynthesis I|unclassified	0.0000000000
PWY-5838: superpathway of menaquinol-8 biosynthesis I|g__Citrobacter.s__Citrobacter_freundii	0.0000000000
PWY-6969: TCA cycle V (2-oxoglutarate synthase)	0.0000000000
PWY-6969: TCA cycle V (2-oxoglutarate synthase)|g__Escherichia.s__Escherichia_coli	0.0000003670
PWY-6969: TCA cycle V (2-oxoglutarate synthase)|unclassified	0.0000000000
TCA: TCA cycle I (prokaryotic)	0.0000000000
TCA: TCA cycle I (prokaryotic)|g__Escherichia.s__Escherichia_coli	0.0000003671
TCA: TCA cycle I (prokaryotic)|unclassified	0.0000000000
PWY-6936: seleno-amino acid biosynthesis (plants)	0.0000000000
PWY-6936: seleno-amino acid biosynthesis (plants)|g__Escherichia.s__Escherichia_coli	0.0000000042
PWY-6936: seleno-amino acid biosynthesis (plants)|unclassified	0.5016682328
PWY-6936: seleno-amino acid biosynthesis (plants)|g__Citrobacter.s__Citrobacter_freundii	0.6723274417
PWY-6936: seleno-amino acid biosynthesis (plants)|g__Eubacterium.s__Eubacterium_eligens	0.4280849928
PWY-6936: seleno-amino acid biosynthesis (plants)|g__Anaerostipes.s__Anaerostipes_hadrus	0.5658729956
PWY-6936: seleno-amino acid biosynthesis (plants)|g__Klebsiella.s__Klebsiella_oxytoca	0.0000001502
PWY-6936: seleno-amino acid biosynthesis (plants)|g__Enterobacter.s__Enterobacter_cloacae	0.0499878045
POLYAMSYN-PWY: superpathway of polyamine biosynthesis I	0.0000000000
POLYAMSYN-PWY: superpathway of polyamine biosynthesis I|g__Escherichia.s__Escherichia_coli	0.0000000000
POLYAMSYN-PWY: superpathway of polyamine biosynthesis I|unclassified	0.0000866865
PWY-4041: &gamma;-glutamyl cycle	0.0000000000
PWY-4041: &gamma;-glutamyl cycle|g__Escherichia.s__Escherichia_coli	0.2358192948
PWY-4041: &gamma;-glutamyl cycle|unclassified	0.0019288326
PWY-4041: &gamma;-glutamyl cycle|g__Citrobacter.s__Citrobacter_freundii	0.9378809492
PWY-4041: &gamma;-glutamyl cycle|g__Bacteroides.s__Bacteroides_dorei	0.0016245531
PWY-4041: &gamma;-glutamyl cycle|g__Klebsiella.s__Klebsiella_oxytoca	0.7522831960
PWY-4041: &gamma;-glutamyl cycle|g__Bacteroides.s__Bacteroides_ovatus	0.0321585367
PWY-4041: &gamma;-glutamyl cycle|g__Enterobacter.s__Enterobacter_cloacae	0.9817022432
PWY-4041: &gamma;-glutamyl cycle|g__Klebsiella.s__Klebsiella_michiganensis	0.3265250836
PWY-4041: &gamma;-glutamyl cycle|g__Bacteroides.s__Bacteroides_vulgatus	0.0000000167
PWY-4041: &gamma;-glutamyl cycle|g__Bacteroides.s__Bacteroides_thetaiotaomicron	0.0246426290
PWY-241: C4 photosynthetic carbon assimilation cycle, NADP-ME type	0.0000000000
PWY-241: C4 photosynthetic carbon assimilation cycle, NADP-ME type|unclassified	0.0000000000
PWY-5136: fatty acid &beta;-oxidation II (plant peroxisome)	0.0000000000
PWY-5136: fatty acid &beta;-oxidation II (plant peroxisome)|g__Escherichia.s__Escherichia_coli	0.0000000008
PWY-5136: fatty acid &beta;-oxidation II (plant peroxisome)|unclassified	0.3119924155
PWY-5136: fatty acid &beta;-oxidation II (plant peroxisome)|g__Citrobacter.s__Citrobacter_freundii	0.7509728142
PWY-5136: fatty acid &beta;-oxidation II (plant peroxisome)|g__Klebsiella.s__Klebsiella_oxytoca	0.3075824233
PWY-5136: fatty acid &beta;-oxidation II (plant peroxisome)|g__Escherichia.s__Escherichia_fergusonii	0.6248932652
PWY-5136: fatty acid &beta;-oxidation II (plant peroxisome)|g__Enterobacter.s__Enterobacter_cloacae	0.0641253024
PWY-7323: superpathway of GDP-mannose-derived O-antigen building blocks biosynthesis	0.0000000000
PWY-7323: superpathway of GDP-mannose-derived O-antigen building blocks biosynthesis|g__Escherichia.s__Escherichia_coli	0.0000000000
PWY-7323: superpathway of GDP-mannose-derived O-antigen building blocks biosynthesis|unclassified	0.0000002128
GALACTUROCAT-PWY: D-galacturonate degradation I	0.0000000000
GALACTUROCAT-PWY: D-galacturonate degradation I|g__Faecalibacterium.s__Faecalibacterium_prausnitzii	0.0000000133
GALACTUROCAT-PWY: D-galacturonate degradation I|unclassified	0.0000329812
GALACTUROCAT-PWY: D-galacturonate degradation I|g__Escherichia.s__Escherichia_coli	0.0000000000
GALACTUROCAT-PWY: D-galacturonate degradation I|g__Citrobacter.s__Citrobacter_freundii	0.0003912327
GALACTUROCAT-PWY: D-galacturonate degradation I|g__Alistipes.s__Alistipes_shahii	0.3586991981
GALACTUROCAT-PWY: D-galacturonate degradation I|g__Klebsiella.s__Klebsiella_oxytoca	0.0000002364
PWY-5345: superpathway of L-methionine biosynthesis (by sulfhydrylation)	0.0000000000
PWY-5345: superpathway of L-methionine biosynthesis (by sulfhydrylation)|unclassified	0.0000000000
PWY-5897: superpathway of menaquinol-11 biosynthesis	0.0000000000
PWY-5897: superpathway of menaquinol-11 biosynthesis|g__Escherichia.s__Escherichia_coli	0.0000001528
PWY-5897: superpathway of menaquinol-11 biosynthesis|g__Klebsiella.s__Klebsiella_oxytoca	0.1115465298
PWY-5897: superpathway of menaquinol-11 biosynthesis|g__Citrobacter.s__Citrobacter_freundii	0.0000169914
PWY-5897: superpathway of menaquinol-11 biosynthesis|unclassified	0.0000000000
PWY-5898: superpathway of menaquinol-12 biosynthesis	0.0000000000
PWY-5898: superpathway of menaquinol-12 biosynthesis|g__Escherichia.s__Escherichia_coli	0.0000001528
PWY-5898: superpathway of menaquinol-12 biosynthesis|g__Klebsiella.s__Klebsiella_oxytoca	0.1115465298
PWY-5898: superpathway of menaquinol-12 biosynthesis|g__Citrobacter.s__Citrobacter_freundii	0.0000169914
PWY-5898: superpathway of menaquinol-12 biosynthesis|unclassified	0.0000000000
PWY-5899: superpathway of menaquinol-13 biosynthesis	0.0000000000
PWY-5899: superpathway of menaquinol-13 biosynthesis|g__Escherichia.s__Escherichia_coli	0.0000001528
PWY-5899: superpathway of menaquinol-13 biosynthesis|g__Klebsiella.s__Klebsiella_oxytoca	0.1115465298
PWY-5899: superpathway of menaquinol-13 biosynthesis|g__Citrobacter.s__Citrobacter_freundii	0.0000169914
PWY-5899: superpathway of menaquinol-13 biosynthesis|unclassified	0.0000000000
GALACTARDEG-PWY: D-galactarate degradation I	0.0000000000
GALACTARDEG-PWY: D-galactarate degradation I|g__Escherichia.s__Escherichia_coli	0.9999999998
GALACTARDEG-PWY: D-galactarate degradation I|g__Citrobacter.s__Citrobacter_freundii	0.5069322715
GALACTARDEG-PWY: D-galactarate degradation I|unclassified	0.0000000000
GALACTARDEG-PWY: D-galactarate degradation I|g__Klebsiella.s__Klebsiella_oxytoca	0.0102457434
GALACTARDEG-PWY: D-galactarate degradation I|g__Klebsiella.s__Klebsiella_michiganensis	0.5773845419
GLUCARGALACTSUPER-PWY: superpathway of D-glucarate and D-galactarate degradation	0.0000000000
GLUCARGALACTSUPER-PWY: superpathway of D-glucarate and D-galactarate degradation|g__Escherichia.s__Escherichia_coli	0.9999999998
GLUCARGALACTSUPER-PWY: superpathway of D-glucarate and D-galactarate degradation|g__Citrobacter.s__Citrobacter_freundii	0.5069322715
GLUCARGALACTSUPER-PWY: superpathway of D-glucarate and D-galactarate degradation|unclassified	0.0000000000
GLUCARGALACTSUPER-PWY: superpathway of D-glucarate and D-galactarate degradation|g__Klebsiella.s__Klebsiella_oxytoca	0.0102457434
GLUCARGALACTSUPER-PWY: superpathway of D-glucarate and D-galactarate degradation|g__Klebsiella.s__Klebsiella_michiganensis	0.5773845419
UDPNAGSYN-PWY: UDP-N-acetyl-D-glucosamine biosynthesis I	0.0000000000
UDPNAGSYN-PWY: UDP-N-acetyl-D-glucosamine biosynthesis I|g__Escherichia.s__Escherichia_coli	0.0000000000
UDPNAGSYN-PWY: UDP-N-acetyl-D-glucosamine biosynthesis I|unclassified	0.0000000000
UDPNAGSYN-PWY: UDP-N-acetyl-D-glucosamine biosynthesis I|g__Firmicutes_unclassified.s__Firmicutes_bacterium_CAG_129	0.3801752341
UDPNAGSYN-PWY: UDP-N-acetyl-D-glucosamine biosynthesis I|g__Eubacterium.s__Eubacterium_sp_CAG_251	0.5044428535
UDPNAGSYN-PWY: UDP-N-acetyl-D-glucosamine biosynthesis I|g__Ruminococcus.s__Ruminococcus_bicirculans	0.5108687770
UDPNAGSYN-PWY: UDP-N-acetyl-D-glucosamine biosynthesis I|g__Citrobacter.s__Citrobacter_freundii	0.0001501022
UDPNAGSYN-PWY: UDP-N-acetyl-D-glucosamine biosynthesis I|g__Sutterella.s__Sutterella_wadsworthensis	0.0344453424
UDPNAGSYN-PWY: UDP-N-acetyl-D-glucosamine biosynthesis I|g__Bifidobacterium.s__Bifidobacterium_adolescentis	0.6295701780
UDPNAGSYN-PWY: UDP-N-acetyl-D-glucosamine biosynthesis I|g__Collinsella.s__Collinsella_aerofaciens	0.6219720877
UDPNAGSYN-PWY: UDP-N-acetyl-D-glucosamine biosynthesis I|g__Bifidobacterium.s__Bifidobacterium_pseudocatenulatum	0.7681925054
UDPNAGSYN-PWY: UDP-N-acetyl-D-glucosamine biosynthesis I|g__Bifidobacterium.s__Bifidobacterium_catenulatum	0.5698321915
UDPNAGSYN-PWY: UDP-N-acetyl-D-glucosamine biosynthesis I|g__Bifidobacterium.s__Bifidobacterium_longum	0.2658093838
UDPNAGSYN-PWY: UDP-N-acetyl-D-glucosamine biosynthesis I|g__Klebsiella.s__Klebsiella_michiganensis	0.6212311284
UDPNAGSYN-PWY: UDP-N-acetyl-D-glucosamine biosynthesis I|g__Escherichia.s__Escherichia_fergusonii	0.0011627420
GLUCOSE1PMETAB-PWY: glucose and glucose-1-phosphate degradation	0.0000000000
GLUCOSE1PMETAB-PWY: glucose and glucose-1-phosphate degradation|g__Escherichia.s__Escherichia_coli	0.0000000000
GLUCOSE1PMETAB-PWY: glucose and glucose-1-phosphate degradation|unclassified	0.0088285485
GLUCOSE1PMETAB-PWY: glucose and glucose-1-phosphate degradation|g__Citrobacter.s__Citrobacter_freundii	0.4391023253
GLUCOSE1PMETAB-PWY: glucose and glucose-1-phosphate degradation|g__Escherichia.s__Escherichia_fergusonii	0.8524829798
GLUCOSE1PMETAB-PWY: glucose and glucose-1-phosphate degradation|g__Klebsiella.s__Klebsiella_oxytoca	0.0000001617
PWY-621: sucrose degradation III (sucrose invertase)	0.0000000000
PWY-621: sucrose degradation III (sucrose invertase)|g__Escherichia.s__Escherichia_coli	0.0000000260
PWY-621: sucrose degradation III (sucrose invertase)|g__Faecalibacterium.s__Faecalibacterium_prausnitzii	0.0000000000
PWY-621: sucrose degradation III (sucrose invertase)|unclassified	0.0000050127
PWY-621: sucrose degradation III (sucrose invertase)|g__Citrobacter.s__Citrobacter_freundii	0.2223326583
PWY-621: sucrose degradation III (sucrose invertase)|g__Ruminococcus.s__Ruminococcus_bicirculans	0.1525624324
PWY-621: sucrose degradation III (sucrose invertase)|g__Bacteroides.s__Bacteroides_ovatus	0.0275704420
PWY-621: sucrose degradation III (sucrose invertase)|g__Anaerostipes.s__Anaerostipes_hadrus	0.2679130312
PWY-6284: superpathway of unsaturated fatty acids biosynthesis (E. coli)	0.0000000000
PWY-6284: superpathway of unsaturated fatty acids biosynthesis (E. coli)|g__Escherichia.s__Escherichia_coli	0.0000000000
PWY-6284: superpathway of unsaturated fatty acids biosynthesis (E. coli)|g__Citrobacter.s__Citrobacter_freundii	0.1411182868
FAO-PWY: fatty acid &beta;-oxidation I (generic)	0.0000000000
FAO-PWY: fatty acid &beta;-oxidation I (generic)|g__Escherichia.s__Escherichia_coli	0.0000000000
FAO-PWY: fatty acid &beta;-oxidation I (generic)|unclassified	0.0007460774
FAO-PWY: fatty acid &beta;-oxidation I (generic)|g__Citrobacter.s__Citrobacter_freundii	0.8063508597
FAO-PWY: fatty acid &beta;-oxidation I (generic)|g__Klebsiella.s__Klebsiella_oxytoca	0.3089924253
FAO-PWY: fatty acid &beta;-oxidation I (generic)|g__Escherichia.s__Escherichia_fergusonii	0.6512208421
FAO-PWY: fatty acid &beta;-oxidation I (generic)|g__Enterobacter.s__Enterobacter_cloacae	0.0931997195
PWY-6731: starch degradation III	0.0000000000
PWY-6731: starch degradation III|unclassified	0.0000000372
PWY-6731: starch degradation III|g__Escherichia.s__Escherichia_coli	0.0000000000
PWY-6731: starch degradation III|g__Blautia.s__Blautia_wexlerae	0.4190228491
PWY-6731: starch degradation III|g__Blautia.s__Blautia_obeum	0.3649687868
HEXITOLDEGSUPER-PWY: superpathway of hexitol degradation (bacteria)	0.0000000000
HEXITOLDEGSUPER-PWY: superpathway of hexitol degradation (bacteria)|g__Escherichia.s__Escherichia_coli	0.0000000000
HEXITOLDEGSUPER-PWY: superpathway of hexitol degradation (bacteria)|unclassified	0.0000000000
ARGININE-SYN4-PWY: L-ornithine biosynthesis II	0.0000000000
ARGININE-SYN4-PWY: L-ornithine biosynthesis II|g__Escherichia.s__Escherichia_coli	0.0111050615
ARGININE-SYN4-PWY: L-ornithine biosynthesis II|g__Bacteroides.s__Bacteroides_uniformis	0.4803173116
ARGININE-SYN4-PWY: L-ornithine biosynthesis II|g__Bacteroides.s__Bacteroides_stercoris	0.8642970025
ARGININE-SYN4-PWY: L-ornithine biosynthesis II|unclassified	0.0000000001
ARGININE-SYN4-PWY: L-ornithine biosynthesis II|g__Bacteroides.s__Bacteroides_dorei	0.2060252811
ARGININE-SYN4-PWY: L-ornithine biosynthesis II|g__Bacteroides.s__Bacteroides_ovatus	0.3934126507
ARGININE-SYN4-PWY: L-ornithine biosynthesis II|g__Bacteroides.s__Bacteroides_finegoldii	0.4618199898
ARGININE-SYN4-PWY: L-ornithine biosynthesis II|g__Paraprevotella.s__Paraprevotella_xylaniphila	0.3449888510
ARGININE-SYN4-PWY: L-ornithine biosynthesis II|g__Bacteroides.s__Bacteroides_vulgatus	0.4795577362
ARGININE-SYN4-PWY: L-ornithine biosynthesis II|g__Bacteroides.s__Bacteroides_caccae	0.1786103914
ARGININE-SYN4-PWY: L-ornithine biosynthesis II|g__Parabacteroides.s__Parabacteroides_distasonis	0.3724258555
ARGININE-SYN4-PWY: L-ornithine biosynthesis II|g__Citrobacter.s__Citrobacter_freundii	0.0000000000
ARGININE-SYN4-PWY: L-ornithine biosynthesis II|g__Bacteroides.s__Bacteroides_thetaiotaomicron	0.0352905572
PWY-5840: superpathway of menaquinol-7 biosynthesis	0.0000000000
PWY-5840: superpathway of menaquinol-7 biosynthesis|g__Escherichia.s__Escherichia_coli	0.0000000001
PWY-5845: superpathway of menaquinol-9 biosynthesis	0.0000000000
PWY-5845: superpathway of menaquinol-9 biosynthesis|g__Escherichia.s__Escherichia_coli	0.0000000001
PWY-5850: superpathway of menaquinol-6 biosynthesis	0.0000000000
PWY-5850: superpathway of menaquinol-6 biosynthesis|g__Escherichia.s__Escherichia_coli	0.0000000001
PWY-5896: superpathway of menaquinol-10 biosynthesis	0.0000000000
PWY-5896: superpathway of menaquinol-10 biosynthesis|g__Escherichia.s__Escherichia_coli	0.0000000001
PWY-5384: sucrose degradation IV (sucrose phosphorylase)	0.0000000000
PWY-5384: sucrose degradation IV (sucrose phosphorylase)|g__Faecalibacterium.s__Faecalibacterium_prausnitzii	0.0000000000
PWY-5384: sucrose degradation IV (sucrose phosphorylase)|g__Escherichia.s__Escherichia_coli	0.0000000000
PWY-5384: sucrose degradation IV (sucrose phosphorylase)|unclassified	0.0000050169
PWY-5384: sucrose degradation IV (sucrose phosphorylase)|g__Citrobacter.s__Citrobacter_freundii	0.2173485228
PWY-5384: sucrose degradation IV (sucrose phosphorylase)|g__Bifidobacterium.s__Bifidobacterium_adolescentis	0.6087920998
PWY-5384: sucrose degradation IV (sucrose phosphorylase)|g__Bacteroides.s__Bacteroides_ovatus	0.0280963954
PWY-5384: sucrose degradation IV (sucrose phosphorylase)|g__Bifidobacterium.s__Bifidobacterium_pseudocatenulatum	0.7575394228
PWY-5384: sucrose degradation IV (sucrose phosphorylase)|g__Anaerostipes.s__Anaerostipes_hadrus	0.3606615493
PWY-5384: sucrose degradation IV (sucrose phosphorylase)|g__Bifidobacterium.s__Bifidobacterium_longum	0.3548496717
PWY-5384: sucrose degradation IV (sucrose phosphorylase)|g__Bifidobacterium.s__Bifidobacterium_catenulatum	0.4147006594
PWY-5384: sucrose degradation IV (sucrose phosphorylase)|g__Bacteroides.s__Bacteroides_fragilis	0.5709633897
PWY-5505: L-glutamate and L-glutamine biosynthesis	0.0000000000
PWY-5505: L-glutamate and L-glutamine biosynthesis|unclassified	0.0028055802
PWY0-1261: anhydromuropeptides recycling I	0.0000000000
PWY0-1261: anhydromuropeptides recycling I|g__Escherichia.s__Escherichia_coli	0.0000000000
PWY0-1261: anhydromuropeptides recycling I|g__Citrobacter.s__Citrobacter_freundii	0.0399309345
PWY0-1261: anhydromuropeptides recycling I|unclassified	0.0000000000
PWY-5121: superpathway of geranylgeranyl diphosphate biosynthesis II (via MEP)	0.0000000000
PWY-5121: superpathway of geranylgeranyl diphosphate biosynthesis II (via MEP)|g__Escherichia.s__Escherichia_coli	0.0000000000
PWY-5121: superpathway of geranylgeranyl diphosphate biosynthesis II (via MEP)|unclassified	0.0000000000
PWY-5121: superpathway of geranylgeranyl diphosphate biosynthesis II (via MEP)|g__Bacteroides.s__Bacteroides_dorei	0.0000000000
PWY-5121: superpathway of geranylgeranyl diphosphate biosynthesis II (via MEP)|g__Bacteroides.s__Bacteroides_vulgatus	0.2295933020
PWY-5121: superpathway of geranylgeranyl diphosphate biosynthesis II (via MEP)|g__Citrobacter.s__Citrobacter_freundii	0.0000000043
PWY-5347: superpathway of L-methionine biosynthesis (transsulfuration)	0.0000000000
PWY-5347: superpathway of L-methionine biosynthesis (transsulfuration)|g__Escherichia.s__Escherichia_coli	0.0000000000
PWY-5347: superpathway of L-methionine biosynthesis (transsulfuration)|unclassified	0.0000000000
PWY-5347: superpathway of L-methionine biosynthesis (transsulfuration)|g__Citrobacter.s__Citrobacter_freundii	0.2505952691
PWY-7197: pyrimidine deoxyribonucleotide phosphorylation	0.0000000000
PWY-7197: pyrimidine deoxyribonucleotide phosphorylation|g__Escherichia.s__Escherichia_coli	0.0000000000
PWY-7197: pyrimidine deoxyribonucleotide phosphorylation|g__Sutterella.s__Sutterella_wadsworthensis	0.6297844227
PWY-7197: pyrimidine deoxyribonucleotide phosphorylation|g__Collinsella.s__Collinsella_aerofaciens	0.8614752314
PWY-7197: pyrimidine deoxyribonucleotide phosphorylation|unclassified	0.0000000000
PWY-7197: pyrimidine deoxyribonucleotide phosphorylation|g__Citrobacter.s__Citrobacter_freundii	0.0000000001
PWY-7197: pyrimidine deoxyribonucleotide phosphorylation|g__Enterobacter.s__Enterobacter_cloacae	0.4190019718
PWY-5676: acetyl-CoA fermentation to butanoate II	0.0000000000
PWY-5676: acetyl-CoA fermentation to butanoate II|unclassified	0.0000000000
P161-PWY: acetylene degradation (anaerobic)	0.0000000000
P161-PWY: acetylene degradation (anaerobic)|g__Escherichia.s__Escherichia_coli	0.0002387223
P161-PWY: acetylene degradation (anaerobic)|unclassified	0.0000000000
P161-PWY: acetylene degradation (anaerobic)|g__Citrobacter.s__Citrobacter_freundii	0.0022831355
P161-PWY: acetylene degradation (anaerobic)|g__Klebsiella.s__Klebsiella_michiganensis	0.2190196975
PWY-6305: superpathway of putrescine biosynthesis	0.0000000000
PWY-6305: superpathway of putrescine biosynthesis|g__Escherichia.s__Escherichia_coli	0.0000000000
PWY-6305: superpathway of putrescine biosynthesis|unclassified	0.0000256283
PWY-6305: superpathway of putrescine biosynthesis|g__Citrobacter.s__Citrobacter_freundii	0.6373109183
PWY-561: superpathway of glyoxylate cycle and fatty acid degradation	0.0000000000
PWY-561: superpathway of glyoxylate cycle and fatty acid degradation|g__Escherichia.s__Escherichia_coli	0.0000000023
PWY-561: superpathway of glyoxylate cycle and fatty acid degradation|unclassified	0.0000000000
PWY-5913: partial TCA cycle (obligate autotrophs)	0.0000000000
PWY-5913: partial TCA cycle (obligate autotrophs)|g__Escherichia.s__Escherichia_coli	0.2392706554
PWY-5913: partial TCA cycle (obligate autotrophs)|unclassified	0.0014350022
PWY-5913: partial TCA cycle (obligate autotrophs)|g__Citrobacter.s__Citrobacter_freundii	0.1619891838
PWY-5913: partial TCA cycle (obligate autotrophs)|g__Enterobacter.s__Enterobacter_cloacae	0.0404042539
PWY4LZ-257: superpathway of fermentation (Chlamydomonas reinhardtii)	0.0000000000
PWY4LZ-257: superpathway of fermentation (Chlamydomonas reinhardtii)|g__Escherichia.s__Escherichia_coli	0.0000000002
PWY4LZ-257: superpathway of fermentation (Chlamydomonas reinhardtii)|unclassified	0.0000000000
PWY4LZ-257: superpathway of fermentation (Chlamydomonas reinhardtii)|g__Citrobacter.s__Citrobacter_freundii	0.0028712334
HISDEG-PWY: L-histidine degradation I	0.0000000000
HISDEG-PWY: L-histidine degradation I|g__Bacteroides.s__Bacteroides_uniformis	0.7608732304
HISDEG-PWY: L-histidine degradation I|g__Bacteroides.s__Bacteroides_stercoris	0.6741045242
HISDEG-PWY: L-histidine degradation I|g__Alistipes.s__Alistipes_putredinis	0.3335223597
HISDEG-PWY: L-histidine degradation I|g__Bacteroides.s__Bacteroides_dorei	0.1920321392
HISDEG-PWY: L-histidine degradation I|g__Firmicutes_unclassified.s__Firmicutes_bacterium_CAG_129	0.4383950711
HISDEG-PWY: L-histidine degradation I|g__Alistipes.s__Alistipes_finegoldii	0.3443479032
HISDEG-PWY: L-histidine degradation I|g__Citrobacter.s__Citrobacter_freundii	0.1071321080
HISDEG-PWY: L-histidine degradation I|g__Bacteroides.s__Bacteroides_ovatus	0.4823952255
HISDEG-PWY: L-histidine degradation I|g__Bacteroides.s__Bacteroides_vulgatus	0.6665987443
HISDEG-PWY: L-histidine degradation I|g__Alistipes.s__Alistipes_shahii	0.3358323041
HISDEG-PWY: L-histidine degradation I|g__Parabacteroides.s__Parabacteroides_merdae	0.5448796563
HISDEG-PWY: L-histidine degradation I|g__Parabacteroides.s__Parabacteroides_distasonis	0.2800188238
HISDEG-PWY: L-histidine degradation I|g__Bacteroides.s__Bacteroides_thetaiotaomicron	0.4223728633
HISDEG-PWY: L-histidine degradation I|g__Butyricimonas.s__Butyricimonas_synergistica	0.5385517251
HISDEG-PWY: L-histidine degradation I|g__Escherichia.s__Escherichia_coli	0.0000000000
HISDEG-PWY: L-histidine degradation I|g__Bacteroides.s__Bacteroides_fragilis	0.4559805966
HISDEG-PWY: L-histidine degradation I|g__Klebsiella.s__Klebsiella_michiganensis	0.1071024226
PWY-5188: tetrapyrrole biosynthesis I (from glutamate)	0.0000000000
PWY-5188: tetrapyrrole biosynthesis I (from glutamate)|g__Escherichia.s__Escherichia_coli	0.0000757007
PWY-5188: tetrapyrrole biosynthesis I (from glutamate)|g__Citrobacter.s__Citrobacter_freundii	0.0791824591
PWY-5188: tetrapyrrole biosynthesis I (from glutamate)|g__Sutterella.s__Sutterella_wadsworthensis	0.4692730817
PWY-5188: tetrapyrrole biosynthesis I (from glutamate)|g__Eubacterium.s__Eubacterium_eligens	0.2615362014
PWY-5188: tetrapyrrole biosynthesis I (from glutamate)|g__Ruminococcus.s__Ruminococcus_bicirculans	0.2899087813
MET-SAM-PWY: superpathway of S-adenosyl-L-methionine biosynthesis	0.0000000000
MET-SAM-PWY: superpathway of S-adenosyl-L-methionine biosynthesis|g__Escherichia.s__Escherichia_coli	0.0000000000
MET-SAM-PWY: superpathway of S-adenosyl-L-methionine biosynthesis|unclassified	0.0000000000
MET-SAM-PWY: superpathway of S-adenosyl-L-methionine biosynthesis|g__Citrobacter.s__Citrobacter_freundii	0.0843515352
TCA-GLYOX-BYPASS: superpathway of glyoxylate bypass and TCA	0.0000000000
TCA-GLYOX-BYPASS: superpathway of glyoxylate bypass and TCA|g__Escherichia.s__Escherichia_coli	0.0000003730
TCA-GLYOX-BYPASS: superpathway of glyoxylate bypass and TCA|unclassified	0.0000000000
FUC-RHAMCAT-PWY: superpathway of fucose and rhamnose degradation	0.0000000000
FUC-RHAMCAT-PWY: superpathway of fucose and rhamnose degradation|g__Escherichia.s__Escherichia_coli	0.0000000000
FUC-RHAMCAT-PWY: superpathway of fucose and rhamnose degradation|unclassified	0.0000000000
FUC-RHAMCAT-PWY: superpathway of fucose and rhamnose degradation|g__Klebsiella.s__Klebsiella_oxytoca	0.0089218883
FUC-RHAMCAT-PWY: superpathway of fucose and rhamnose degradation|g__Citrobacter.s__Citrobacter_freundii	0.0000000000
PWY-5861: superpathway of demethylmenaquinol-8 biosynthesis I	0.0000000000
PWY-5861: superpathway of demethylmenaquinol-8 biosynthesis I|g__Escherichia.s__Escherichia_coli	0.0000001162
PWY-5861: superpathway of demethylmenaquinol-8 biosynthesis I|unclassified	0.0000000000
PWY-5861: superpathway of demethylmenaquinol-8 biosynthesis I|g__Citrobacter.s__Citrobacter_freundii	0.0000000000
DENOVOPURINE2-PWY: superpathway of purine nucleotides de novo biosynthesis II	0.0000000000
DENOVOPURINE2-PWY: superpathway of purine nucleotides de novo biosynthesis II|g__Escherichia.s__Escherichia_coli	0.0000000000
DENOVOPURINE2-PWY: superpathway of purine nucleotides de novo biosynthesis II|g__Citrobacter.s__Citrobacter_freundii	0.0060367453
PRPP-PWY: superpathway of histidine, purine, and pyrimidine biosynthesis	0.0000000000
PRPP-PWY: superpathway of histidine, purine, and pyrimidine biosynthesis|g__Escherichia.s__Escherichia_coli	0.0000000000
PWY0-781: aspartate superpathway	0.0000000000
PWY0-781: aspartate superpathway|g__Escherichia.s__Escherichia_coli	0.0000000000
PWY0-781: aspartate superpathway|unclassified	0.0000000000
METSYN-PWY: superpathway of L-homoserine and L-methionine biosynthesis	0.0000000000
METSYN-PWY: superpathway of L-homoserine and L-methionine biosynthesis|g__Escherichia.s__Escherichia_coli	0.0000000000
METSYN-PWY: superpathway of L-homoserine and L-methionine biosynthesis|unclassified	0.0000000000
METSYN-PWY: superpathway of L-homoserine and L-methionine biosynthesis|g__Citrobacter.s__Citrobacter_freundii	0.2263615012
METSYN-PWY: superpathway of L-homoserine and L-methionine biosynthesis|g__Klebsiella.s__Klebsiella_oxytoca	0.0000000794
P4-PWY: superpathway of L-lysine, L-threonine and L-methionine biosynthesis I	0.0000000000
P4-PWY: superpathway of L-lysine, L-threonine and L-methionine biosynthesis I|g__Escherichia.s__Escherichia_coli	0.0000000000
P4-PWY: superpathway of L-lysine, L-threonine and L-methionine biosynthesis I|unclassified	0.0000000000
P4-PWY: superpathway of L-lysine, L-threonine and L-methionine biosynthesis I|g__Citrobacter.s__Citrobacter_freundii	0.0743256535
KETOGLUCONMET-PWY: ketogluconate metabolism	0.0000000000
KETOGLUCONMET-PWY: ketogluconate metabolism|g__Escherichia.s__Escherichia_coli	0.8613713133
KETOGLUCONMET-PWY: ketogluconate metabolism|g__Citrobacter.s__Citrobacter_freundii	0.0988580068
KETOGLUCONMET-PWY: ketogluconate metabolism|unclassified	0.0000000000
KETOGLUCONMET-PWY: ketogluconate metabolism|g__Klebsiella.s__Klebsiella_oxytoca	0.0223731568
PWY-8187: L-arginine degradation XIII (reductive Stickland reaction)	0.0000000000
PWY-8187: L-arginine degradation XIII (reductive Stickland reaction)|g__Escherichia.s__Escherichia_coli	0.0000000000
PWY-8187: L-arginine degradation XIII (reductive Stickland reaction)|unclassified	0.0000000004
PWY-8187: L-arginine degradation XIII (reductive Stickland reaction)|g__Collinsella.s__Collinsella_aerofaciens	0.0631692426
PWY-7456: &beta;-(1,4)-mannan degradation	0.0000000000
PWY-5675: nitrate reduction V (assimilatory)	0.0000000000
PWY-5675: nitrate reduction V (assimilatory)|g__Escherichia.s__Escherichia_coli	0.0000000000
PWY-5675: nitrate reduction V (assimilatory)|unclassified	0.0208747785
PWY-5675: nitrate reduction V (assimilatory)|g__Citrobacter.s__Citrobacter_freundii	0.0001610736
PWY-5675: nitrate reduction V (assimilatory)|g__Klebsiella.s__Klebsiella_oxytoca	0.0000198826
PWY-7184: pyrimidine deoxyribonucleotides de novo biosynthesis I	0.0000000000
PWY-7184: pyrimidine deoxyribonucleotides de novo biosynthesis I|g__Escherichia.s__Escherichia_coli	0.0000000000
PWY-7184: pyrimidine deoxyribonucleotides de novo biosynthesis I|g__Citrobacter.s__Citrobacter_freundii	0.0000000003
PWY-7184: pyrimidine deoxyribonucleotides de novo biosynthesis I|unclassified	0.0000000000
PWY-6545: pyrimidine deoxyribonucleotides de novo biosynthesis III	0.0000000000
PWY-6545: pyrimidine deoxyribonucleotides de novo biosynthesis III|unclassified	0.0000000000
PWY0-166: superpathway of pyrimidine deoxyribonucleotides de novo biosynthesis (E. coli)	0.0000000000
PWY0-166: superpathway of pyrimidine deoxyribonucleotides de novo biosynthesis (E. coli)|g__Escherichia.s__Escherichia_coli	0.0000000000
PWY0-166: superpathway of pyrimidine deoxyribonucleotides de novo biosynthesis (E. coli)|g__Citrobacter.s__Citrobacter_freundii	0.0000000004
PWY0-166: superpathway of pyrimidine deoxyribonucleotides de novo biosynthesis (E. coli)|unclassified	0.0000000000
P41-PWY: pyruvate fermentation to acetate and (S)-lactate I	0.0000000000
P41-PWY: pyruvate fermentation to acetate and (S)-lactate I|g__Blautia.s__Ruminococcus_torques	0.8667131494
P41-PWY: pyruvate fermentation to acetate and (S)-lactate I|unclassified	0.0000000000
P41-PWY: pyruvate fermentation to acetate and (S)-lactate I|g__Citrobacter.s__Citrobacter_freundii	0.0024611390
P41-PWY: pyruvate fermentation to acetate and (S)-lactate I|g__Bifidobacterium.s__Bifidobacterium_adolescentis	0.5846850337
P41-PWY: pyruvate fermentation to acetate and (S)-lactate I|g__Lachnospiraceae_unclassified.s__Eubacterium_rectale	0.0000002561
P41-PWY: pyruvate fermentation to acetate and (S)-lactate I|g__Collinsella.s__Collinsella_aerofaciens	0.1061791753
P41-PWY: pyruvate fermentation to acetate and (S)-lactate I|g__Escherichia.s__Escherichia_coli	0.0000000000
P41-PWY: pyruvate fermentation to acetate and (S)-lactate I|g__Bifidobacterium.s__Bifidobacterium_pseudocatenulatum	0.2087120652
P41-PWY: pyruvate fermentation to acetate and (S)-lactate I|g__Bifidobacterium.s__Bifidobacterium_longum	0.1961553558
P41-PWY: pyruvate fermentation to acetate and (S)-lactate I|g__Bifidobacterium.s__Bifidobacterium_catenulatum	0.0151356743
PWY-5100: pyruvate fermentation to acetate and lactate II	0.0000000000
PWY-5100: pyruvate fermentation to acetate and lactate II|g__Escherichia.s__Escherichia_coli	0.0000000001
PWY-5100: pyruvate fermentation to acetate and lactate II|unclassified	0.0020341229
PWY-5100: pyruvate fermentation to acetate and lactate II|g__Blautia.s__Ruminococcus_torques	0.8667131494
PWY-5100: pyruvate fermentation to acetate and lactate II|g__Citrobacter.s__Citrobacter_freundii	0.0907430145
PWY-5100: pyruvate fermentation to acetate and lactate II|g__Bifidobacterium.s__Bifidobacterium_adolescentis	0.5846850337
PWY-5100: pyruvate fermentation to acetate and lactate II|g__Anaerostipes.s__Anaerostipes_hadrus	0.4611415677
PWY-5100: pyruvate fermentation to acetate and lactate II|g__Lachnospiraceae_unclassified.s__Eubacterium_rectale	0.0000002561
PWY-5100: pyruvate fermentation to acetate and lactate II|g__Collinsella.s__Collinsella_aerofaciens	0.1061791753
PWY-5100: pyruvate fermentation to acetate and lactate II|g__Bifidobacterium.s__Bifidobacterium_pseudocatenulatum	0.2087120652
PWY-5100: pyruvate fermentation to acetate and lactate II|g__Bifidobacterium.s__Bifidobacterium_longum	0.1961553558
PWY-5100: pyruvate fermentation to acetate and lactate II|g__Bifidobacterium.s__Bifidobacterium_catenulatum	0.0151356743
PWY-I9: L-cysteine biosynthesis VI (from L-methionine)	0.0000000000
PWY-I9: L-cysteine biosynthesis VI (from L-methionine)|unclassified	0.8509103271
PWY-I9: L-cysteine biosynthesis VI (from L-methionine)|g__Escherichia.s__Escherichia_coli	0.0000000000
PWY-I9: L-cysteine biosynthesis VI (from L-methionine)|g__Citrobacter.s__Citrobacter_freundii	0.0429397670
PWY0-301: L-ascorbate degradation I (bacterial, anaerobic)	0.0000000000
PWY0-301: L-ascorbate degradation I (bacterial, anaerobic)|g__Escherichia.s__Escherichia_coli	0.0000000019
PWY0-301: L-ascorbate degradation I (bacterial, anaerobic)|g__Citrobacter.s__Citrobacter_freundii	0.8142411850
PWY0-301: L-ascorbate degradation I (bacterial, anaerobic)|unclassified	0.0000009325
PWY0-301: L-ascorbate degradation I (bacterial, anaerobic)|g__Escherichia.s__Escherichia_fergusonii	0.0144778720
PWY0-301: L-ascorbate degradation I (bacterial, anaerobic)|g__Klebsiella.s__Klebsiella_oxytoca	0.0000004794
PWY0-301: L-ascorbate degradation I (bacterial, anaerobic)|g__Enterobacter.s__Enterobacter_cloacae	0.2065323327
FUCCAT-PWY: fucose degradation	0.0000000000
FUCCAT-PWY: fucose degradation|g__Escherichia.s__Escherichia_coli	0.0000000005
FUCCAT-PWY: fucose degradation|unclassified	0.0000000000
FUCCAT-PWY: fucose degradation|g__Citrobacter.s__Citrobacter_freundii	0.0000024241
FUCCAT-PWY: fucose degradation|g__Klebsiella.s__Klebsiella_oxytoca	0.0086175506
PWY-6147: 6-hydroxymethyl-dihydropterin diphosphate biosynthesis I	0.0000000000
PWY-6147: 6-hydroxymethyl-dihydropterin diphosphate biosynthesis I|g__Bacteroides.s__Bacteroides_uniformis	0.5561701189
PWY-6147: 6-hydroxymethyl-dihydropterin diphosphate biosynthesis I|g__Alistipes.s__Alistipes_putredinis	0.0160741415
PWY-6147: 6-hydroxymethyl-dihydropterin diphosphate biosynthesis I|g__Bacteroides.s__Bacteroides_dorei	0.0224000621
PWY-6147: 6-hydroxymethyl-dihydropterin diphosphate biosynthesis I|g__Citrobacter.s__Citrobacter_freundii	0.0633490614
PWY-6147: 6-hydroxymethyl-dihydropterin diphosphate biosynthesis I|g__Bacteroides.s__Bacteroides_vulgatus	0.4592416960
PWY-6147: 6-hydroxymethyl-dihydropterin diphosphate biosynthesis I|g__Klebsiella.s__Klebsiella_oxytoca	0.0025496576
GLYOXYLATE-BYPASS: glyoxylate cycle	0.0000000000
GLYOXYLATE-BYPASS: glyoxylate cycle|g__Escherichia.s__Escherichia_coli	0.0000004978
GLYOXYLATE-BYPASS: glyoxylate cycle|unclassified	0.0244140347
GLYOXYLATE-BYPASS: glyoxylate cycle|g__Citrobacter.s__Citrobacter_freundii	0.0444158666
GLYOXYLATE-BYPASS: glyoxylate cycle|g__Klebsiella.s__Klebsiella_oxytoca	0.0005926482
GLYOXYLATE-BYPASS: glyoxylate cycle|g__Klebsiella.s__Klebsiella_michiganensis	0.4127901068
GLYOXYLATE-BYPASS: glyoxylate cycle|g__Enterobacter.s__Enterobacter_cloacae	0.1120719627
PWY-7858: (5Z)-dodecenoate biosynthesis II	0.0000000000
PWY-7858: (5Z)-dodecenoate biosynthesis II|g__Escherichia.s__Escherichia_coli	0.0000758080
PWY-7858: (5Z)-dodecenoate biosynthesis II|g__Citrobacter.s__Citrobacter_freundii	0.0900975235
PWY-5030: L-histidine degradation III	0.0000000000
PWY-5030: L-histidine degradation III|g__Bacteroides.s__Bacteroides_uniformis	0.8267725981
PWY-5030: L-histidine degradation III|g__Bacteroides.s__Bacteroides_stercoris	0.7514754416
PWY-5030: L-histidine degradation III|g__Alistipes.s__Alistipes_putredinis	0.3669437888
PWY-5030: L-histidine degradation III|g__Bacteroides.s__Bacteroides_dorei	0.2220961353
PWY-5030: L-histidine degradation III|g__Bacteroides.s__Bacteroides_ovatus	0.3923124528
PWY-5030: L-histidine degradation III|g__Alistipes.s__Alistipes_finegoldii	0.0004117045
PWY-5030: L-histidine degradation III|g__Bacteroides.s__Bacteroides_vulgatus	0.6018653463
PWY-5030: L-histidine degradation III|g__Alistipes.s__Alistipes_shahii	0.3228781360
PWY-5030: L-histidine degradation III|g__Bacteroides.s__Bacteroides_thetaiotaomicron	0.2999973866
PWY-5030: L-histidine degradation III|g__Bacteroides.s__Bacteroides_fragilis	0.4450843155
PWY-7392: taxadiene biosynthesis (engineered)	0.0000000000
PWY-5860: superpathway of demethylmenaquinol-6 biosynthesis I	0.0000000000
PWY-5860: superpathway of demethylmenaquinol-6 biosynthesis I|g__Escherichia.s__Escherichia_coli	0.0000000001
PWY-5862: superpathway of demethylmenaquinol-9 biosynthesis	0.0000000000
PWY-5862: superpathway of demethylmenaquinol-9 biosynthesis|g__Escherichia.s__Escherichia_coli	0.0000000001
PWY-6292: superpathway of L-cysteine biosynthesis (mammalian)	0.0000000000
POLYISOPRENSYN-PWY: polyisoprenoid biosynthesis (E. coli)	0.0000000000
POLYISOPRENSYN-PWY: polyisoprenoid biosynthesis (E. coli)|g__Escherichia.s__Escherichia_coli	0.0000000000
POLYISOPRENSYN-PWY: polyisoprenoid biosynthesis (E. coli)|g__Klebsiella.s__Klebsiella_oxytoca	0.9140050043
POLYISOPRENSYN-PWY: polyisoprenoid biosynthesis (E. coli)|g__Citrobacter.s__Citrobacter_freundii	0.2324928517
POLYISOPRENSYN-PWY: polyisoprenoid biosynthesis (E. coli)|unclassified	0.0000000000
PWY-1861: formaldehyde assimilation II (assimilatory RuMP Cycle)	0.0000000000
PWY-1861: formaldehyde assimilation II (assimilatory RuMP Cycle)|g__Escherichia.s__Escherichia_coli	0.0000000781
GLUCARDEG-PWY: D-glucarate degradation I	0.0000000000
GLUCARDEG-PWY: D-glucarate degradation I|g__Escherichia.s__Escherichia_coli	0.9113810529
GLUCARDEG-PWY: D-glucarate degradation I|unclassified	0.0000000000
GLUCARDEG-PWY: D-glucarate degradation I|g__Citrobacter.s__Citrobacter_freundii	0.0000002145
GLUCARDEG-PWY: D-glucarate degradation I|g__Klebsiella.s__Klebsiella_oxytoca	0.0123377510
GLUCARDEG-PWY: D-glucarate degradation I|g__Klebsiella.s__Klebsiella_michiganensis	0.6014381250
PYRIDNUCSAL-PWY: NAD salvage pathway I (PNC VI cycle)	0.0000000000
GLUDEG-I-PWY: GABA shunt	0.0000000000
GLUDEG-I-PWY: GABA shunt|unclassified	0.0000000000
PWY-6906: chitin derivatives degradation	0.0000000000
PWY-6961: L-ascorbate degradation II (bacterial, aerobic)	0.0000000000
PWY-6961: L-ascorbate degradation II (bacterial, aerobic)|g__Escherichia.s__Escherichia_coli	0.0000000024
PWY-6961: L-ascorbate degradation II (bacterial, aerobic)|g__Citrobacter.s__Citrobacter_freundii	0.7019674457
PWY-6961: L-ascorbate degradation II (bacterial, aerobic)|g__Escherichia.s__Escherichia_fergusonii	0.0180320735
PWY-7115: C4 photosynthetic carbon assimilation cycle, NAD-ME type	0.0000000000
PWY-7115: C4 photosynthetic carbon assimilation cycle, NAD-ME type|g__Citrobacter.s__Citrobacter_freundii	0.1101153106
PWY-7115: C4 photosynthetic carbon assimilation cycle, NAD-ME type|g__Escherichia.s__Escherichia_coli	0.0000000000
PWY-7115: C4 photosynthetic carbon assimilation cycle, NAD-ME type|unclassified	0.0000000000
PWY-821: superpathway of sulfur amino acid biosynthesis (Saccharomyces cerevisiae)	0.0000000000
PWY-821: superpathway of sulfur amino acid biosynthesis (Saccharomyces cerevisiae)|unclassified	0.0000000000
PWY-5497: purine nucleobases degradation II (anaerobic)	0.0000000000
PWY-5497: purine nucleobases degradation II (anaerobic)|g__Escherichia.s__Escherichia_coli	0.0000000001
PWY0-1061: superpathway of L-alanine biosynthesis	0.0000000000
PWY0-1061: superpathway of L-alanine biosynthesis|g__Escherichia.s__Escherichia_coli	0.0000000000
PWY0-1061: superpathway of L-alanine biosynthesis|g__Citrobacter.s__Citrobacter_freundii	0.7902164606
PWY0-1061: superpathway of L-alanine biosynthesis|g__Lachnospiraceae_unclassified.s__Eubacterium_rectale	0.0046231248
PWY0-1061: superpathway of L-alanine biosynthesis|g__Blautia.s__Ruminococcus_torques	0.1375234769
PWY0-1061: superpathway of L-alanine biosynthesis|unclassified	0.0000000000
PWY0-1061: superpathway of L-alanine biosynthesis|g__Bifidobacterium.s__Bifidobacterium_adolescentis	0.4319519029
PWY0-1061: superpathway of L-alanine biosynthesis|g__Klebsiella.s__Klebsiella_michiganensis	0.6390257113
PWY0-1061: superpathway of L-alanine biosynthesis|g__Enterobacter.s__Enterobacter_cloacae	0.1885103199
PWY3O-4107: NAD salvage pathway V (PNC V cycle)	0.0000000000
PWY3O-4107: NAD salvage pathway V (PNC V cycle)|unclassified	0.0000000000
PWY3O-4107: NAD salvage pathway V (PNC V cycle)|g__Klebsiella.s__Klebsiella_oxytoca	0.0189402383
PWY-6531: mannitol cycle	0.0000000000
PWY-6531: mannitol cycle|g__Escherichia.s__Escherichia_coli	0.0537421801
PWY-6531: mannitol cycle|unclassified	0.0000000186
PWY-6531: mannitol cycle|g__Klebsiella.s__Klebsiella_oxytoca	0.0000073373
HEMESYN2-PWY: heme b biosynthesis II (oxygen-independent)	0.0000000000
HEMESYN2-PWY: heme b biosynthesis II (oxygen-independent)|g__Escherichia.s__Escherichia_coli	0.1125856916
HEMESYN2-PWY: heme b biosynthesis II (oxygen-independent)|g__Klebsiella.s__Klebsiella_oxytoca	0.9983013312
HEMESYN2-PWY: heme b biosynthesis II (oxygen-independent)|g__Citrobacter.s__Citrobacter_freundii	0.7122299813
HEMESYN2-PWY: heme b biosynthesis II (oxygen-independent)|g__Sutterella.s__Sutterella_wadsworthensis	0.3671222137
HEMESYN2-PWY: heme b biosynthesis II (oxygen-independent)|g__Escherichia.s__Escherichia_fergusonii	0.3711388165
HEME-BIOSYNTHESIS-II: heme b biosynthesis I (aerobic)	0.0000000000
HEME-BIOSYNTHESIS-II: heme b biosynthesis I (aerobic)|g__Escherichia.s__Escherichia_coli	0.1125856917
HEME-BIOSYNTHESIS-II: heme b biosynthesis I (aerobic)|g__Citrobacter.s__Citrobacter_freundii	0.0842449869
HEME-BIOSYNTHESIS-II: heme b biosynthesis I (aerobic)|g__Escherichia.s__Escherichia_fergusonii	0.1388608290
HEME-BIOSYNTHESIS-II: heme b biosynthesis I (aerobic)|unclassified	0.0000000000
HEME-BIOSYNTHESIS-II-1: heme b biosynthesis V (aerobic)	0.0000000000
HEME-BIOSYNTHESIS-II-1: heme b biosynthesis V (aerobic)|g__Escherichia.s__Escherichia_coli	0.1125856917
HEME-BIOSYNTHESIS-II-1: heme b biosynthesis V (aerobic)|g__Klebsiella.s__Klebsiella_oxytoca	0.9039316359
HEME-BIOSYNTHESIS-II-1: heme b biosynthesis V (aerobic)|g__Citrobacter.s__Citrobacter_freundii	0.0842449869
HEME-BIOSYNTHESIS-II-1: heme b biosynthesis V (aerobic)|g__Escherichia.s__Escherichia_fergusonii	0.2350028491
PWY-6630: superpathway of L-tyrosine biosynthesis	0.0000000000
PWY-6630: superpathway of L-tyrosine biosynthesis|g__Escherichia.s__Escherichia_coli	0.0000000000
PWY-6630: superpathway of L-tyrosine biosynthesis|unclassified	0.0000000000
PWY-6630: superpathway of L-tyrosine biosynthesis|g__Citrobacter.s__Citrobacter_freundii	0.0000003928
PWY-7118: chitin deacetylation	0.0000000000
PWY-7118: chitin deacetylation|g__Escherichia.s__Escherichia_coli	0.0000005571
PWY-7118: chitin deacetylation|unclassified	0.0003062200
PWY-7118: chitin deacetylation|g__Citrobacter.s__Citrobacter_freundii	0.4186161771
PWY-7118: chitin deacetylation|g__Escherichia.s__Escherichia_fergusonii	0.0030152640
PWY-7118: chitin deacetylation|g__Enterobacter.s__Enterobacter_cloacae	0.0604122209
PWY-6803: phosphatidylcholine acyl editing	0.0000000000
PWY-6803: phosphatidylcholine acyl editing|g__Escherichia.s__Escherichia_coli	0.0000000000
PWY-6803: phosphatidylcholine acyl editing|g__Klebsiella.s__Klebsiella_oxytoca	0.9999988719
PWY-6803: phosphatidylcholine acyl editing|g__Citrobacter.s__Citrobacter_freundii	0.3182324071
PWY-6803: phosphatidylcholine acyl editing|unclassified	0.0000000000
PWY-6803: phosphatidylcholine acyl editing|g__Klebsiella.s__Klebsiella_michiganensis	0.7829380629
PWY-702: L-methionine biosynthesis II	0.0000000000
PWY-702: L-methionine biosynthesis II|g__Escherichia.s__Escherichia_coli	0.0000000020
PWY-702: L-methionine biosynthesis II|unclassified	0.2133394373
PWY-702: L-methionine biosynthesis II|g__Citrobacter.s__Citrobacter_freundii	0.9823328359
PWY-702: L-methionine biosynthesis II|g__Klebsiella.s__Klebsiella_oxytoca	0.0011886855
PWY-702: L-methionine biosynthesis II|g__Klebsiella.s__Klebsiella_michiganensis	0.2953833273
PWY-702: L-methionine biosynthesis II|g__Enterobacter.s__Enterobacter_cloacae	0.0820339210
PWY-7013: (S)-propane-1,2-diol degradation	0.0000000000
PWY-7013: (S)-propane-1,2-diol degradation|unclassified	0.0000473807
PWY-7013: (S)-propane-1,2-diol degradation|g__Escherichia.s__Escherichia_coli	0.0000000000
PWY-7013: (S)-propane-1,2-diol degradation|g__Citrobacter.s__Citrobacter_freundii	0.0023013108
PWY-7013: (S)-propane-1,2-diol degradation|g__Enterobacter.s__Enterobacter_cloacae	0.9920552125
PWY-7013: (S)-propane-1,2-diol degradation|g__Klebsiella.s__Klebsiella_oxytoca	0.0860246391
PWY-7013: (S)-propane-1,2-diol degradation|g__Klebsiella.s__Klebsiella_michiganensis	0.2342841496
PWY-7204: pyridoxal 5'-phosphate salvage II (plants)	0.0000000000
PWY-7204: pyridoxal 5'-phosphate salvage II (plants)|g__Escherichia.s__Escherichia_coli	0.0000000000
PWY-7204: pyridoxal 5'-phosphate salvage II (plants)|g__Citrobacter.s__Citrobacter_freundii	0.0026745658
PWY-5918: superpathway of heme b biosynthesis from glutamate	0.0000000000
PWY-5918: superpathway of heme b biosynthesis from glutamate|g__Escherichia.s__Escherichia_coli	0.0000000000
PWY-5918: superpathway of heme b biosynthesis from glutamate|g__Citrobacter.s__Citrobacter_freundii	0.0000000000
PWY-6606: guanosine nucleotides degradation II	0.0000000000
PWY-6606: guanosine nucleotides degradation II|g__Escherichia.s__Escherichia_coli	0.0000000161
PWY-6606: guanosine nucleotides degradation II|unclassified	0.0000000000
HOMOSER-METSYN-PWY: L-methionine biosynthesis I	0.0000000000
HOMOSER-METSYN-PWY: L-methionine biosynthesis I|g__Escherichia.s__Escherichia_coli	0.0000000000
HOMOSER-METSYN-PWY: L-methionine biosynthesis I|unclassified	0.0000000000
HOMOSER-METSYN-PWY: L-methionine biosynthesis I|g__Citrobacter.s__Citrobacter_freundii	0.1436363804
HOMOSER-METSYN-PWY: L-methionine biosynthesis I|g__Klebsiella.s__Klebsiella_oxytoca	0.0000095884
HOMOSER-METSYN-PWY: L-methionine biosynthesis I|g__Enterobacter.s__Enterobacter_cloacae	0.0533102126
HOMOSER-METSYN-PWY: L-methionine biosynthesis I|g__Escherichia.s__Escherichia_fergusonii	0.0000003687
PWY-5837: 2-carboxy-1,4-naphthoquinol biosynthesis	0.0000000000
PWY-5837: 2-carboxy-1,4-naphthoquinol biosynthesis|g__Escherichia.s__Escherichia_coli	0.0000000516
PWY-5837: 2-carboxy-1,4-naphthoquinol biosynthesis|g__Citrobacter.s__Citrobacter_freundii	0.0000056674
PWY-5837: 2-carboxy-1,4-naphthoquinol biosynthesis|g__Klebsiella.s__Klebsiella_oxytoca	0.0401695597
PWY-5837: 2-carboxy-1,4-naphthoquinol biosynthesis|unclassified	0.0000000000
PWY-5656: mannosylglycerate biosynthesis I	0.0000000000
PWY-5656: mannosylglycerate biosynthesis I|g__Escherichia.s__Escherichia_coli	0.0000000000
PWY-5656: mannosylglycerate biosynthesis I|unclassified	0.0000000000
PWY0-1241: ADP-L-glycero-&beta;-D-manno-heptose biosynthesis	0.0000000000
PWY0-1241: ADP-L-glycero-&beta;-D-manno-heptose biosynthesis|g__Escherichia.s__Escherichia_coli	0.0000000000
PWY0-1241: ADP-L-glycero-&beta;-D-manno-heptose biosynthesis|g__Citrobacter.s__Citrobacter_freundii	0.2098470178
PWY0-1241: ADP-L-glycero-&beta;-D-manno-heptose biosynthesis|g__Escherichia.s__Escherichia_fergusonii	0.0005486595
P122-PWY: heterolactic fermentation	0.0000000000
PWY0-1415: superpathway of heme b biosynthesis from uroporphyrinogen-III	0.0000000000
PWY0-1415: superpathway of heme b biosynthesis from uroporphyrinogen-III|g__Escherichia.s__Escherichia_coli	0.0000000000
PWY0-1415: superpathway of heme b biosynthesis from uroporphyrinogen-III|g__Klebsiella.s__Klebsiella_oxytoca	0.9338356509
PWY0-1415: superpathway of heme b biosynthesis from uroporphyrinogen-III|g__Escherichia.s__Escherichia_fergusonii	0.2736739667
PWY0-1415: superpathway of heme b biosynthesis from uroporphyrinogen-III|g__Citrobacter.s__Citrobacter_freundii	0.0000000000
PWY66-399: gluconeogenesis III	0.0000000000
PWY-7942: 5-oxo-L-proline metabolism	0.0000000000
PWY-7942: 5-oxo-L-proline metabolism|g__Escherichia.s__Escherichia_coli	0.0000000000
PWY-7942: 5-oxo-L-proline metabolism|unclassified	0.0000000000
PWY-7942: 5-oxo-L-proline metabolism|g__Citrobacter.s__Citrobacter_freundii	0.0000000034
PWY-2941: L-lysine biosynthesis II	0.0000000000
PWY-2941: L-lysine biosynthesis II|unclassified	0.0000000000
PWY-2941: L-lysine biosynthesis II|g__Sutterella.s__Sutterella_wadsworthensis	0.0936131104
PWY-2941: L-lysine biosynthesis II|g__Parabacteroides.s__Parabacteroides_distasonis	0.3440216557
PWY-6549: L-glutamine biosynthesis III	0.0000000000
PWY-6549: L-glutamine biosynthesis III|unclassified	0.0000000000
P105-PWY: TCA cycle IV (2-oxoglutarate decarboxylase)	0.0000000000
P105-PWY: TCA cycle IV (2-oxoglutarate decarboxylase)|unclassified	0.0000000000
P105-PWY: TCA cycle IV (2-oxoglutarate decarboxylase)|g__Escherichia.s__Escherichia_coli	0.0000000000
P164-PWY: purine nucleobases degradation I (anaerobic)	0.0000000000
PWY-6922: L-N&delta;-acetylornithine biosynthesis	0.0000000000
GALACTITOLCAT-PWY: galactitol degradation	0.0000000000
GALACTITOLCAT-PWY: galactitol degradation|g__Escherichia.s__Escherichia_coli	0.0000000007
GALACTITOLCAT-PWY: galactitol degradation|unclassified	0.0000000000
PWY0-1277: 3-phenylpropanoate and 3-(3-hydroxyphenyl)propanoate degradation	0.0000000000
PWY0-1277: 3-phenylpropanoate and 3-(3-hydroxyphenyl)propanoate degradation|g__Escherichia.s__Escherichia_coli	0.0000000100
PWY0-1277: 3-phenylpropanoate and 3-(3-hydroxyphenyl)propanoate degradation|g__Citrobacter.s__Citrobacter_freundii	0.7139341616
PWY0-1277: 3-phenylpropanoate and 3-(3-hydroxyphenyl)propanoate degradation|g__Klebsiella.s__Klebsiella_oxytoca	0.0000319669
PWY1ZNC-1: assimilatory sulfate reduction IV	0.0000000000
PWY1ZNC-1: assimilatory sulfate reduction IV|g__Escherichia.s__Escherichia_coli	0.0000000000
PWY1ZNC-1: assimilatory sulfate reduction IV|g__Citrobacter.s__Citrobacter_freundii	0.0003420606
PWY1ZNC-1: assimilatory sulfate reduction IV|unclassified	0.0000000000
PWY1ZNC-1: assimilatory sulfate reduction IV|g__Escherichia.s__Escherichia_fergusonii	0.1131841209
PWY1ZNC-1: assimilatory sulfate reduction IV|g__Klebsiella.s__Klebsiella_michiganensis	0.2673746922
PWY-7187: pyrimidine deoxyribonucleotides de novo biosynthesis II	0.0000000000
PWY-7187: pyrimidine deoxyribonucleotides de novo biosynthesis II|g__Escherichia.s__Escherichia_coli	0.0000000000
PWY-7187: pyrimidine deoxyribonucleotides de novo biosynthesis II|g__Citrobacter.s__Citrobacter_freundii	0.0001223935
PWY-7187: pyrimidine deoxyribonucleotides de novo biosynthesis II|g__Klebsiella.s__Klebsiella_oxytoca	0.0000000002
ORNDEG-PWY: superpathway of ornithine degradation	0.0000000000
ORNDEG-PWY: superpathway of ornithine degradation|g__Escherichia.s__Escherichia_coli	0.0000001833
ORNDEG-PWY: superpathway of ornithine degradation|unclassified	0.0000256283
ORNDEG-PWY: superpathway of ornithine degradation|g__Citrobacter.s__Citrobacter_freundii	0.0006366183
FOLSYN-PWY: superpathway of tetrahydrofolate biosynthesis and salvage	0.0000000000
FOLSYN-PWY: superpathway of tetrahydrofolate biosynthesis and salvage|g__Klebsiella.s__Klebsiella_oxytoca	0.0157645996
PWY-7383: anaerobic energy metabolism (invertebrates, cytosol)	0.0000000000
HCAMHPDEG-PWY: 3-phenylpropanoate and 3-(3-hydroxyphenyl)propanoate degradation to 2-hydroxypentadienoate	0.0000000000
HCAMHPDEG-PWY: 3-phenylpropanoate and 3-(3-hydroxyphenyl)propanoate degradation to 2-hydroxypentadienoate|g__Escherichia.s__Escherichia_coli	0.0000003498
HCAMHPDEG-PWY: 3-phenylpropanoate and 3-(3-hydroxyphenyl)propanoate degradation to 2-hydroxypentadienoate|g__Citrobacter.s__Citrobacter_freundii	0.6748007086
HCAMHPDEG-PWY: 3-phenylpropanoate and 3-(3-hydroxyphenyl)propanoate degradation to 2-hydroxypentadienoate|g__Klebsiella.s__Klebsiella_oxytoca	0.1280054777
HCAMHPDEG-PWY: 3-phenylpropanoate and 3-(3-hydroxyphenyl)propanoate degradation to 2-hydroxypentadienoate|g__Enterobacter.s__Enterobacter_cloacae	0.3071955797
PWY-6690: cinnamate and 3-hydroxycinnamate degradation to 2-hydroxypentadienoate	0.0000000000
PWY-6690: cinnamate and 3-hydroxycinnamate degradation to 2-hydroxypentadienoate|g__Escherichia.s__Escherichia_coli	0.0000003498
PWY-6690: cinnamate and 3-hydroxycinnamate degradation to 2-hydroxypentadienoate|g__Citrobacter.s__Citrobacter_freundii	0.6748007086
PWY-6690: cinnamate and 3-hydroxycinnamate degradation to 2-hydroxypentadienoate|g__Klebsiella.s__Klebsiella_oxytoca	0.1280054777
PWY-6690: cinnamate and 3-hydroxycinnamate degradation to 2-hydroxypentadienoate|g__Enterobacter.s__Enterobacter_cloacae	0.3071955797
PWY-5104: L-isoleucine biosynthesis IV	0.0000000000
PWY-5138: fatty acid &beta;-oxidation IV (unsaturated, even number)	0.0000000000
PWY-5138: fatty acid &beta;-oxidation IV (unsaturated, even number)|g__Escherichia.s__Escherichia_coli	0.0000000000
PWY-5138: fatty acid &beta;-oxidation IV (unsaturated, even number)|unclassified	0.0000000000
PWY-5138: fatty acid &beta;-oxidation IV (unsaturated, even number)|g__Citrobacter.s__Citrobacter_freundii	0.4811072241
PWY-5138: fatty acid &beta;-oxidation IV (unsaturated, even number)|g__Escherichia.s__Escherichia_fergusonii	0.5573014615
PWY-5138: fatty acid &beta;-oxidation IV (unsaturated, even number)|g__Enterobacter.s__Enterobacter_cloacae	0.1191018260
PWY-5920: superpathway of heme b biosynthesis from glycine	0.0000000000
PWY-5920: superpathway of heme b biosynthesis from glycine|g__Escherichia.s__Escherichia_coli	0.0000000000
AST-PWY: L-arginine degradation II (AST pathway)	0.0000000000
AST-PWY: L-arginine degradation II (AST pathway)|g__Escherichia.s__Escherichia_coli	0.0000000000
AST-PWY: L-arginine degradation II (AST pathway)|unclassified	0.0000000000
AST-PWY: L-arginine degradation II (AST pathway)|g__Citrobacter.s__Citrobacter_freundii	0.0445497604
PWY-6859: all-trans-farnesol biosynthesis	0.0000000000
PWY-6859: all-trans-farnesol biosynthesis|g__Citrobacter.s__Citrobacter_freundii	0.1794276776
PWY-6859: all-trans-farnesol biosynthesis|g__Klebsiella.s__Klebsiella_oxytoca	0.8763252129
PWY-6859: all-trans-farnesol biosynthesis|g__Escherichia.s__Escherichia_coli	0.0000000000
PWY-5189: tetrapyrrole biosynthesis II (from glycine)	0.0000000000
PWY-5189: tetrapyrrole biosynthesis II (from glycine)|g__Escherichia.s__Escherichia_coli	0.0000000000
PWY-6902: chitin degradation II (Vibrio)	0.0000000000
PWY-6902: chitin degradation II (Vibrio)|g__Bacteroides.s__Bacteroides_uniformis	0.6653217375
PWY-6902: chitin degradation II (Vibrio)|unclassified	0.0000000000
PWY-6902: chitin degradation II (Vibrio)|g__Bacteroides.s__Bacteroides_vulgatus	0.1293194815
PWY-6902: chitin degradation II (Vibrio)|g__Bifidobacterium.s__Bifidobacterium_pseudocatenulatum	0.7169104434
PWY-6902: chitin degradation II (Vibrio)|g__Bacteroides.s__Bacteroides_thetaiotaomicron	0.8207319891
PWY-6902: chitin degradation II (Vibrio)|g__Bacteroides.s__Bacteroides_stercoris	0.0000000000
PWY-7094: fatty acid salvage	0.0000000000
PWY-7094: fatty acid salvage|g__Escherichia.s__Escherichia_coli	0.0000000000
PWY-7094: fatty acid salvage|unclassified	0.0000000000
PWY-7094: fatty acid salvage|g__Citrobacter.s__Citrobacter_freundii	0.6580835897
PWY0-1337: oleate &beta;-oxidation	0.0000000000
PWY0-1337: oleate &beta;-oxidation|g__Escherichia.s__Escherichia_coli	0.0000000000
PWY0-1337: oleate &beta;-oxidation|g__Citrobacter.s__Citrobacter_freundii	0.6488074043
PWY0-1337: oleate &beta;-oxidation|unclassified	0.0000000000
P42-PWY: incomplete reductive TCA cycle	0.0000000000
PWY-5367: petroselinate biosynthesis	0.0000000000
PWY-5367: petroselinate biosynthesis|g__Citrobacter.s__Citrobacter_freundii	0.7653029501
PWY-5367: petroselinate biosynthesis|g__Escherichia.s__Escherichia_coli	0.0000000000
PWY-5367: petroselinate biosynthesis|g__Klebsiella.s__Klebsiella_oxytoca	0.0000000172
PWY-5981: CDP-diacylglycerol biosynthesis III	0.0000000000
PWY-5981: CDP-diacylglycerol biosynthesis III|g__Escherichia.s__Escherichia_coli	0.0000000000
PWY-5981: CDP-diacylglycerol biosynthesis III|g__Citrobacter.s__Citrobacter_freundii	0.0000002556
PWY-5981: CDP-diacylglycerol biosynthesis III|g__Klebsiella.s__Klebsiella_oxytoca	0.0052155669
PWY-5981: CDP-diacylglycerol biosynthesis III|unclassified	0.0000000000
PWY-7315: dTDP-N-acetylthomosamine biosynthesis	0.0000000000
PWY-7315: dTDP-N-acetylthomosamine biosynthesis|g__Escherichia.s__Escherichia_coli	0.0000000000
PWY-7315: dTDP-N-acetylthomosamine biosynthesis|g__Klebsiella.s__Klebsiella_oxytoca	0.0508873256
PWY-7315: dTDP-N-acetylthomosamine biosynthesis|g__Citrobacter.s__Citrobacter_freundii	0.0000000116
PWY-7315: dTDP-N-acetylthomosamine biosynthesis|g__Blautia.s__Blautia_sp_AF19_10LB	0.0664824265
PWY-7315: dTDP-N-acetylthomosamine biosynthesis|g__Escherichia.s__Escherichia_fergusonii	0.0006077754
PWY-7883: anhydromuropeptides recycling II	0.0000000000
PWY-7883: anhydromuropeptides recycling II|g__Citrobacter.s__Citrobacter_freundii	0.0399309345
PWY-7883: anhydromuropeptides recycling II|g__Escherichia.s__Escherichia_coli	0.0000000000
PWY0-42: 2-methylcitrate cycle I	0.0000000000
PWY0-42: 2-methylcitrate cycle I|g__Escherichia.s__Escherichia_coli	0.0000000000
PWY0-42: 2-methylcitrate cycle I|g__Citrobacter.s__Citrobacter_freundii	0.0328727810
PWY0-42: 2-methylcitrate cycle I|unclassified	0.0000000000
PWY0-42: 2-methylcitrate cycle I|g__Enterobacter.s__Enterobacter_cloacae	0.2963964876
PWY0-42: 2-methylcitrate cycle I|g__Klebsiella.s__Klebsiella_oxytoca	0.0000018067
GLYCOLYSIS-TCA-GLYOX-BYPASS: superpathway of glycolysis, pyruvate dehydrogenase, TCA, and glyoxylate bypass	0.0000000000
GLYCOLYSIS-TCA-GLYOX-BYPASS: superpathway of glycolysis, pyruvate dehydrogenase, TCA, and glyoxylate bypass|g__Escherichia.s__Escherichia_coli	0.0000000000
GLYCOLYSIS-TCA-GLYOX-BYPASS: superpathway of glycolysis, pyruvate dehydrogenase, TCA, and glyoxylate bypass|unclassified	0.0000000000
PWY-7385: 1,3-propanediol biosynthesis (engineered)	0.0000000000
PWY-7385: 1,3-propanediol biosynthesis (engineered)|unclassified	0.0000000000
PWY-7385: 1,3-propanediol biosynthesis (engineered)|g__Escherichia.s__Escherichia_coli	0.0000000000
PWY-6612: superpathway of tetrahydrofolate biosynthesis	0.0000000000
PWY-6612: superpathway of tetrahydrofolate biosynthesis|g__Klebsiella.s__Klebsiella_oxytoca	0.0145811571
LPSSYN-PWY: superpathway of lipopolysaccharide biosynthesis	0.0000000000
LPSSYN-PWY: superpathway of lipopolysaccharide biosynthesis|g__Escherichia.s__Escherichia_coli	0.0000000000
P108-PWY: pyruvate fermentation to propanoate I	0.0000000000
PWY0-1338: polymyxin resistance	0.0000000000
PWY0-1338: polymyxin resistance|g__Escherichia.s__Escherichia_coli	0.0000000000
PWY0-1338: polymyxin resistance|unclassified	0.0000001038
PWY0-1338: polymyxin resistance|g__Klebsiella.s__Klebsiella_oxytoca	0.2488611108
PWY-6590: superpathway of Clostridium acetobutylicum acidogenic fermentation	0.0000000000
PWY0-461: L-lysine degradation I	0.0000000000
PWY0-461: L-lysine degradation I|g__Klebsiella.s__Klebsiella_oxytoca	0.9998168619
PWY0-461: L-lysine degradation I|g__Escherichia.s__Escherichia_coli	0.0000000000
PWY0-461: L-lysine degradation I|g__Citrobacter.s__Citrobacter_freundii	0.0000176150
PWY0-461: L-lysine degradation I|g__Escherichia.s__Escherichia_fergusonii	0.0019605078
PWY-8131: 5'-deoxyadenosine degradation II	0.0000000000
PWY-8131: 5'-deoxyadenosine degradation II|g__Escherichia.s__Escherichia_coli	0.0000000000
PWY-8131: 5'-deoxyadenosine degradation II|g__Citrobacter.s__Citrobacter_freundii	0.0000000000
PWY-8131: 5'-deoxyadenosine degradation II|g__Klebsiella.s__Klebsiella_michiganensis	0.1167986397
P185-PWY: formaldehyde assimilation III (dihydroxyacetone cycle)	0.0000000000
P185-PWY: formaldehyde assimilation III (dihydroxyacetone cycle)|unclassified	0.0001333751
P185-PWY: formaldehyde assimilation III (dihydroxyacetone cycle)|g__Escherichia.s__Escherichia_coli	0.0000000000
P185-PWY: formaldehyde assimilation III (dihydroxyacetone cycle)|g__Citrobacter.s__Citrobacter_freundii	0.0000000000
POLYAMINSYN3-PWY: superpathway of polyamine biosynthesis II	0.0000000000
PPGPPMET-PWY: ppGpp metabolism	0.0000000000
PPGPPMET-PWY: ppGpp metabolism|g__Citrobacter.s__Citrobacter_freundii	0.0122114529
PPGPPMET-PWY: ppGpp metabolism|unclassified	0.0000000000
PPGPPMET-PWY: ppGpp metabolism|g__Escherichia.s__Escherichia_coli	0.0000000000
PPGPPMET-PWY: ppGpp metabolism|g__Klebsiella.s__Klebsiella_michiganensis	0.5675625165
PPGPPMET-PWY: ppGpp metabolism|g__Enterobacter.s__Enterobacter_cloacae	0.0118590039
ECASYN-PWY: enterobacterial common antigen biosynthesis	0.0000000000
ECASYN-PWY: enterobacterial common antigen biosynthesis|g__Escherichia.s__Escherichia_coli	0.0000000000
ECASYN-PWY: enterobacterial common antigen biosynthesis|g__Klebsiella.s__Klebsiella_oxytoca	0.0002691998
ECASYN-PWY: enterobacterial common antigen biosynthesis|g__Citrobacter.s__Citrobacter_freundii	0.0000000000
CENTFERM-PWY: pyruvate fermentation to butanoate	0.0000000000
LIPA-CORESYN-PWY: lipid A-core biosynthesis (E. coli K-12)	0.0000000000
LIPA-CORESYN-PWY: lipid A-core biosynthesis (E. coli K-12)|g__Escherichia.s__Escherichia_coli	0.0000000004
PWY-6293: superpathway of L-cysteine biosynthesis (fungi)	0.0000000000
PWY-6293: superpathway of L-cysteine biosynthesis (fungi)|unclassified	0.0000000000
PWY-6749: CMP-legionaminate biosynthesis I	0.0000000000
PWY-6749: CMP-legionaminate biosynthesis I|g__Escherichia.s__Escherichia_coli	0.0000000000
METHGLYUT-PWY: superpathway of methylglyoxal degradation	0.0000000000
METHGLYUT-PWY: superpathway of methylglyoxal degradation|unclassified	0.0000000000
METHGLYUT-PWY: superpathway of methylglyoxal degradation|g__Citrobacter.s__Citrobacter_freundii	0.0000000000
METHGLYUT-PWY: superpathway of methylglyoxal degradation|g__Escherichia.s__Escherichia_coli	0.0000000000
NAD-BIOSYNTHESIS-II: NAD salvage pathway III (to nicotinamide riboside)	0.0000000000
NAD-BIOSYNTHESIS-II: NAD salvage pathway III (to nicotinamide riboside)|g__Escherichia.s__Escherichia_coli	0.0000000000
NAD-BIOSYNTHESIS-II: NAD salvage pathway III (to nicotinamide riboside)|g__Citrobacter.s__Citrobacter_freundii	0.1424014436
NAD-BIOSYNTHESIS-II: NAD salvage pathway III (to nicotinamide riboside)|g__Escherichia.s__Escherichia_fergusonii	0.0127961317
NAD-BIOSYNTHESIS-II: NAD salvage pathway III (to nicotinamide riboside)|g__Klebsiella.s__Klebsiella_michiganensis	0.1403404396
PWY-6328: L-lysine degradation X	0.0000000000
PWY-6328: L-lysine degradation X|g__Klebsiella.s__Klebsiella_oxytoca	0.9911009100
PWY-6328: L-lysine degradation X|g__Escherichia.s__Escherichia_coli	0.0000000000
P23-PWY: reductive TCA cycle I	0.0000000000
PWY-7446: sulfoquinovose degradation I	0.0000000000
PWY-7446: sulfoquinovose degradation I|g__Klebsiella.s__Klebsiella_oxytoca	0.8001826449
PWY-7446: sulfoquinovose degradation I|g__Escherichia.s__Escherichia_coli	0.0000000000
PWY-7446: sulfoquinovose degradation I|g__Citrobacter.s__Citrobacter_freundii	0.0000071876
GOLPDLCAT-PWY: superpathway of glycerol degradation to 1,3-propanediol	0.0000000000
GOLPDLCAT-PWY: superpathway of glycerol degradation to 1,3-propanediol|unclassified	0.0000000000
GOLPDLCAT-PWY: superpathway of glycerol degradation to 1,3-propanediol|g__Citrobacter.s__Citrobacter_freundii	0.0000000856
GOLPDLCAT-PWY: superpathway of glycerol degradation to 1,3-propanediol|g__Klebsiella.s__Klebsiella_oxytoca	0.0129730369
GOLPDLCAT-PWY: superpathway of glycerol degradation to 1,3-propanediol|g__Escherichia.s__Escherichia_coli	0.0000000000
GOLPDLCAT-PWY: superpathway of glycerol degradation to 1,3-propanediol|g__Enterobacter.s__Enterobacter_cloacae	0.0259836406
PWY-7198: pyrimidine deoxyribonucleotides de novo biosynthesis IV	0.0000000000
PWY-7198: pyrimidine deoxyribonucleotides de novo biosynthesis IV|unclassified	0.0000000000
PWY-6992: 1,5-anhydrofructose degradation	0.0000000000
PWY-6992: 1,5-anhydrofructose degradation|g__Escherichia.s__Escherichia_coli	0.0000000000
PWY-6992: 1,5-anhydrofructose degradation|unclassified	0.0000000000
REDCITCYC: TCA cycle VI (Helicobacter)	0.0000000000
PWY-6470: peptidoglycan biosynthesis V (&beta;-lactam resistance)	0.0000000000
PWY-5130: 2-oxobutanoate degradation I	0.0000000000
PWY-5130: 2-oxobutanoate degradation I|g__Alistipes.s__Alistipes_putredinis	0.3171009183
PWY-5855: ubiquinol-7 biosynthesis (early decarboxylation)	0.0000000000
PWY-5855: ubiquinol-7 biosynthesis (early decarboxylation)|g__Citrobacter.s__Citrobacter_freundii	0.0247378495
PWY-5855: ubiquinol-7 biosynthesis (early decarboxylation)|g__Escherichia.s__Escherichia_coli	0.0000000000
PWY-5855: ubiquinol-7 biosynthesis (early decarboxylation)|unclassified	0.0000000000
PWY-5705: allantoin degradation to glyoxylate III	0.0000000000
PWY-5705: allantoin degradation to glyoxylate III|g__Escherichia.s__Escherichia_coli	0.0000000000
PWY-5705: allantoin degradation to glyoxylate III|g__Klebsiella.s__Klebsiella_oxytoca	0.0010944139
KDO-NAGLIPASYN-PWY: superpathway of (Kdo)2-lipid A biosynthesis	0.0000000000
KDO-NAGLIPASYN-PWY: superpathway of (Kdo)2-lipid A biosynthesis|g__Citrobacter.s__Citrobacter_freundii	0.0000000000
KDO-NAGLIPASYN-PWY: superpathway of (Kdo)2-lipid A biosynthesis|g__Escherichia.s__Escherichia_coli	0.0000000000
PWY-7389: superpathway of anaerobic energy metabolism (invertebrates)	0.0000000000
PWY-5088: L-glutamate degradation VIII (to propanoate)	0.0000000000
PWY-801: homocysteine and cysteine interconversion	0.0000000000
PWY-801: homocysteine and cysteine interconversion|unclassified	0.0000000000
AEROBACTINSYN-PWY: aerobactin biosynthesis	0.0000000000
AEROBACTINSYN-PWY: aerobactin biosynthesis|g__Klebsiella.s__Klebsiella_oxytoca	0.9998914652
AEROBACTINSYN-PWY: aerobactin biosynthesis|g__Escherichia.s__Escherichia_coli	0.0000000000
ARGDEG-PWY: superpathway of L-arginine, putrescine, and 4-aminobutanoate degradation	0.0000000000
ARGDEG-PWY: superpathway of L-arginine, putrescine, and 4-aminobutanoate degradation|unclassified	0.0000000000
ORNARGDEG-PWY: superpathway of L-arginine and L-ornithine degradation	0.0000000000
ORNARGDEG-PWY: superpathway of L-arginine and L-ornithine degradation|unclassified	0.0000000000
PWY-7356: thiamine diphosphate salvage IV (yeast)	0.0000000000
PWY-7356: thiamine diphosphate salvage IV (yeast)|unclassified	0.0000000000
PWY-7356: thiamine diphosphate salvage IV (yeast)|g__Klebsiella.s__Klebsiella_oxytoca	0.0694801461
PWY-7356: thiamine diphosphate salvage IV (yeast)|g__Bifidobacterium.s__Bifidobacterium_adolescentis	0.1536933237
PWY-7356: thiamine diphosphate salvage IV (yeast)|g__Klebsiella.s__Klebsiella_michiganensis	0.4919406782
UBISYN-PWY: superpathway of ubiquinol-8 biosynthesis (early decarboxylation)	0.0000000000
UBISYN-PWY: superpathway of ubiquinol-8 biosynthesis (early decarboxylation)|g__Escherichia.s__Escherichia_coli	0.0000000000
GLYCOL-GLYOXDEG-PWY: superpathway of glycol metabolism and degradation	0.0000000000
GLYCOL-GLYOXDEG-PWY: superpathway of glycol metabolism and degradation|g__Escherichia.s__Escherichia_coli	0.0000000000
GLYCOL-GLYOXDEG-PWY: superpathway of glycol metabolism and degradation|unclassified	0.0000000000
GLYCOL-GLYOXDEG-PWY: superpathway of glycol metabolism and degradation|g__Klebsiella.s__Klebsiella_oxytoca	0.0029016077
GLYCOL-GLYOXDEG-PWY: superpathway of glycol metabolism and degradation|g__Citrobacter.s__Citrobacter_freundii	0.0000000000
PWY-7254: TCA cycle VII (acetate-producers)	0.0000000000
DARABCATK12-PWY: D-arabinose degradation I	0.0000000000
DARABCATK12-PWY: D-arabinose degradation I|g__Citrobacter.s__Citrobacter_freundii	0.0000024241
DARABCATK12-PWY: D-arabinose degradation I|g__Escherichia.s__Escherichia_coli	0.0000000000
DARABCATK12-PWY: D-arabinose degradation I|unclassified	0.0000000000
DARABCATK12-PWY: D-arabinose degradation I|g__Klebsiella.s__Klebsiella_oxytoca	0.0000074974
PWY-6708: ubiquinol-8 biosynthesis (early decarboxylation)	0.0000000000
PWY-6708: ubiquinol-8 biosynthesis (early decarboxylation)|g__Escherichia.s__Escherichia_coli	0.0000000000
PWY-7805: (aminomethyl)phosphonate degradation	0.0000000000
PWY-7807: glyphosate degradation III	0.0000000000
PWY0-1221: putrescine degradation II	0.0000000000
PWY0-1221: putrescine degradation II|g__Escherichia.s__Escherichia_coli	0.0000000000
PWY0-1221: putrescine degradation II|unclassified	0.0000000000
PWY-5747: 2-methylcitrate cycle II	0.0000000000
PWY-5747: 2-methylcitrate cycle II|g__Escherichia.s__Escherichia_coli	0.0000000000
PWY-5747: 2-methylcitrate cycle II|g__Citrobacter.s__Citrobacter_freundii	0.0000230636
PWY-5747: 2-methylcitrate cycle II|unclassified	0.0000000000
PWY-622: starch biosynthesis	0.0000000000
CARNMET-PWY: L-carnitine degradation I	0.0000000000
CARNMET-PWY: L-carnitine degradation I|g__Citrobacter.s__Citrobacter_freundii	0.0505572136
CARNMET-PWY: L-carnitine degradation I|g__Escherichia.s__Escherichia_coli	0.0000000000
CARNMET-PWY: L-carnitine degradation I|g__Enterobacter.s__Enterobacter_cloacae	0.8525636311
CARNMET-PWY: L-carnitine degradation I|g__Klebsiella.s__Klebsiella_oxytoca	0.0028652832
LACTOSECAT-PWY: lactose and galactose degradation I	0.0000000000
LACTOSECAT-PWY: lactose and galactose degradation I|g__Collinsella.s__Collinsella_aerofaciens	0.9890501997
LACTOSECAT-PWY: lactose and galactose degradation I|unclassified	0.0000000000
PWY-7384: anaerobic energy metabolism (invertebrates, mitochondrial)	0.0000000000
PWY-7312: dTDP-&beta;-D-fucofuranose biosynthesis	0.0000000000
PWY-7312: dTDP-&beta;-D-fucofuranose biosynthesis|g__Bacteroides.s__Bacteroides_stercoris	0.0002319038
PWY-7294: D-xylose degradation IV	0.0000000000
PWY-8086: (S)-lactate fermentation to propanoate, acetate and hydrogen	0.0000000000
P124-PWY: Bifidobacterium shunt	0.0000000000
P124-PWY: Bifidobacterium shunt|g__Bifidobacterium.s__Bifidobacterium_pseudocatenulatum	0.4007468042
PWY-3801: sucrose degradation II (sucrose synthase)	0.0000000000
PWY-3801: sucrose degradation II (sucrose synthase)|unclassified	0.0000000000
PWY-7409: phospholipid remodeling (phosphatidylethanolamine, yeast)	0.0000000000
PWY-7409: phospholipid remodeling (phosphatidylethanolamine, yeast)|g__Klebsiella.s__Klebsiella_oxytoca	0.4601814400
PWY-7409: phospholipid remodeling (phosphatidylethanolamine, yeast)|g__Escherichia.s__Escherichia_coli	0.0000000000
PWY-7209: superpathway of pyrimidine ribonucleosides degradation	0.0000000000
PWY-6807: xyloglucan degradation II (exoglucanase)	0.0000000000
PWY0-1533: methylphosphonate degradation I	0.0000000000
PWY0-1533: methylphosphonate degradation I|g__Klebsiella.s__Klebsiella_oxytoca	0.9795378366
PWY-7211: superpathway of pyrimidine deoxyribonucleotides de novo biosynthesis	0.0000000000
PWY-7211: superpathway of pyrimidine deoxyribonucleotides de novo biosynthesis|unclassified	0.0000000000
PWY-7269: mitochondrial NADPH production (yeast)	0.0000000000
PWY-7269: mitochondrial NADPH production (yeast)|unclassified	0.0000000000
PWY-6607: guanosine nucleotides degradation I	0.0000000000
PWY-6572: chondroitin sulfate degradation I (bacterial)	0.0000000000
PWY-6595: superpathway of guanosine nucleotides degradation (plants)	0.0000000000
RUMP-PWY: formaldehyde oxidation I	0.0000000000
ALLANTOINDEG-PWY: superpathway of allantoin degradation in yeast	0.0000000000
PWY-5005: biotin biosynthesis II	0.0000000000
METH-ACETATE-PWY: methanogenesis from acetate	0.0000000000
THREOCAT-PWY: superpathway of L-threonine metabolism	0.0000000000
PWY-6588: pyruvate fermentation to acetone	0.0000000000
PWY-6588: pyruvate fermentation to acetone|unclassified	0.0000000000
PWY-7396: butanol and isobutanol biosynthesis (engineered)	0.0000000000
PWY-7396: butanol and isobutanol biosynthesis (engineered)|unclassified	0.0000000000
PROPFERM-PWY: superpathway of L-alanine fermentation (Stickland reaction)	0.0000000000
PWY-8188: L-alanine degradation VI (reductive Stickland reaction)	0.0000000000
PWY-8189: L-alanine degradation V (oxidative Stickland reaction)	0.0000000000
PWY-6435: 4-hydroxybenzoate biosynthesis III (plants)	0.0000000000
PWY-5028: L-histidine degradation II	0.0000000000
PWY-5028: L-histidine degradation II|g__Klebsiella.s__Klebsiella_michiganensis	0.1179086121
PWY-7196: superpathway of pyrimidine ribonucleosides salvage	0.0000000000
PWY-7616: methanol oxidation to carbon dioxide	0.0000000000
PWY490-3: nitrate reduction VI (assimilatory)	0.0000000000
PWY490-3: nitrate reduction VI (assimilatory)|unclassified	0.0000000000
PWY0-41: allantoin degradation IV (anaerobic)	0.0000000000
PWY-5494: pyruvate fermentation to propanoate II (acrylate pathway)	0.0000000000
PWY66-389: phytol degradation	0.0000000000
PWY66-389: phytol degradation|unclassified	0.0000000000
P221-PWY: octane oxidation	0.0000000000
P221-PWY: octane oxidation|unclassified	0.0000000000