# Pathway	65_S8_L001_R2_001_Abundance
UNMAPPED	746579.6407824360
UNINTEGRATED	1480244.9433798774
UNINTEGRATED|unclassified	154217.4574865750
UNINTEGRATED|g__Bacteroides.s__Bacteroides_vulgatus	135951.3056035237
UNINTEGRATED|g__Faecalibacterium.s__Faecalibacterium_prausnitzii	102633.9627500075
UNINTEGRATED|g__Bacteroides.s__Bacteroides_uniformis	74419.0020689830
UNINTEGRATED|g__Bacteroides.s__Bacteroides_plebeius	52571.0959787385
UNINTEGRATED|g__Gemmiger.s__Gemmiger_formicilis	45224.6968060635
UNINTEGRATED|g__Blautia.s__Blautia_obeum	41642.7670923484
UNINTEGRATED|g__Fusicatenibacter.s__Fusicatenibacter_saccharivorans	38981.9113741922
UNINTEGRATED|g__Alistipes.s__Alistipes_putredinis	34588.3351268653
UNINTEGRATED|g__Blautia.s__Ruminococcus_torques	33893.6976151660
UNINTEGRATED|g__Ruminococcus.s__Ruminococcus_bromii	28877.8818076749
UNINTEGRATED|g__Blautia.s__Blautia_wexlerae	28499.4943592987
UNINTEGRATED|g__Bacteroides.s__Bacteroides_massiliensis	25605.8672648292
UNINTEGRATED|g__Clostridium.s__Clostridium_sp_CAG_217	24149.7293500876
UNINTEGRATED|g__Bifidobacterium.s__Bifidobacterium_adolescentis	22778.4777962828
UNINTEGRATED|g__Roseburia.s__Roseburia_intestinalis	21633.7477918917
UNINTEGRATED|g__Holdemanella.s__Holdemanella_biformis	21312.2989379559
UNINTEGRATED|g__Dorea.s__Dorea_longicatena	20955.2020196000
UNINTEGRATED|g__Parabacteroides.s__Parabacteroides_distasonis	20689.7253046681
UNINTEGRATED|g__Subdoligranulum.s__Subdoligranulum_sp_APC924_74	18706.3895056915
UNINTEGRATED|g__Parabacteroides.s__Parabacteroides_merdae	18590.7496173608
UNINTEGRATED|g__Escherichia.s__Escherichia_coli	17935.3766746636
UNINTEGRATED|g__Collinsella.s__Collinsella_aerofaciens	14298.3186269338
UNINTEGRATED|g__Lachnospiraceae_unclassified.s__Eubacterium_rectale	13410.4241820003
UNINTEGRATED|g__Dorea.s__Dorea_formicigenerans	12839.4500800417
UNINTEGRATED|g__Eubacterium.s__Eubacterium_hallii	12615.1986254276
UNINTEGRATED|g__Paraprevotella.s__Paraprevotella_xylaniphila	12518.7208693006
UNINTEGRATED|g__Roseburia.s__Roseburia_inulinivorans	12410.2985977368
UNINTEGRATED|g__Bacteroides.s__Bacteroides_thetaiotaomicron	11319.0878911092
UNINTEGRATED|g__Eubacterium.s__Eubacterium_sp_CAG_251	10982.6465281757
UNINTEGRATED|g__Sutterella.s__Sutterella_wadsworthensis	9774.1159862126
UNINTEGRATED|g__Eubacterium.s__Eubacterium_sp_CAG_115	9485.8528750500
UNINTEGRATED|g__Anaerostipes.s__Anaerostipes_hadrus	9407.2037458042
UNINTEGRATED|g__Clostridium.s__Clostridium_sp_CAG_508	9250.9743682660
UNINTEGRATED|g__Bacteroides.s__Bacteroides_ovatus	9107.4321189034
UNINTEGRATED|g__Faecalibacterium.s__Faecalibacterium_sp_CAG_74	8772.6704550639
UNINTEGRATED|g__Bacteroides.s__Bacteroides_dorei	8687.6052190939
UNINTEGRATED|g__Ruminococcus.s__Ruminococcus_bicirculans	8373.3784116593
UNINTEGRATED|g__Firmicutes_unclassified.s__Firmicutes_bacterium_CAG_124	7721.8529951070
UNINTEGRATED|g__Coprococcus.s__Coprococcus_comes	7274.9231366503
UNINTEGRATED|g__Phascolarctobacterium.s__Phascolarctobacterium_succinatutens	7121.8271140753
UNINTEGRATED|g__Ruminococcus.s__Ruminococcus_lactaris	6877.1383846458
UNINTEGRATED|g__Blautia.s__Blautia_sp	6794.9524825926
UNINTEGRATED|g__Alistipes.s__Alistipes_sp_CAG_514	6420.1625115606
UNINTEGRATED|g__Bacteroides.s__Bacteroides_coprophilus	6276.1989229937
UNINTEGRATED|g__Desulfovibrio.s__Desulfovibrio_piger	6052.0133183202
UNINTEGRATED|g__Bacteroides.s__Bacteroides_finegoldii	5875.3285817784
UNINTEGRATED|g__Bacteroides.s__Bacteroides_stercoris	5131.1730362298
UNINTEGRATED|g__Blautia.s__Blautia_sp_CAG_52	4934.7143011185
UNINTEGRATED|g__Clostridium.s__Clostridium_sp_CAG_138	4856.0727263541
UNINTEGRATED|g__Alistipes.s__Alistipes_shahii	4711.3616095337
UNINTEGRATED|g__Firmicutes_unclassified.s__Firmicutes_bacterium_CAG_65_45_313	4658.7631548495
UNINTEGRATED|g__Lawsonibacter.s__Lawsonibacter_asaccharolyticus	4178.9620606013
UNINTEGRATED|g__Roseburia.s__Roseburia_faecis	4093.5156498887
UNINTEGRATED|g__Eubacterium.s__Eubacterium_eligens	4050.9408815919
UNINTEGRATED|g__Lachnospira.s__Lachnospira_pectinoschiza	3766.9731214563
UNINTEGRATED|g__Firmicutes_unclassified.s__Firmicutes_bacterium_CAG_56	3695.0004751882
UNINTEGRATED|g__Bifidobacterium.s__Bifidobacterium_longum	3322.7259971068
UNINTEGRATED|g__Alistipes.s__Alistipes_onderdonkii	3119.2957018021
UNINTEGRATED|g__Bifidobacterium.s__Bifidobacterium_pseudocatenulatum	2881.6348423705
UNINTEGRATED|g__Agathobaculum.s__Agathobaculum_butyriciproducens	2712.9940309757
UNINTEGRATED|g__Eubacterium.s__Eubacterium_ramulus	2334.8463633967
UNINTEGRATED|g__Roseburia.s__Roseburia_hominis	2190.1425578296
UNINTEGRATED|g__Ruminococcus.s__Ruminococcus_sp_AF31_8BH	2027.3161861377
UNINTEGRATED|g__Firmicutes_unclassified.s__Firmicutes_bacterium_CAG_129	1915.9916513358
UNINTEGRATED|g__Bacteroides.s__Bacteroides_cellulosilyticus	1874.7923603039
UNINTEGRATED|g__Alistipes.s__Alistipes_finegoldii	1822.8537114354
UNINTEGRATED|g__Firmicutes_unclassified.s__Firmicutes_bacterium_CAG_102	1819.2450316624
UNINTEGRATED|g__Ruminococcus.s__Ruminococcus_sp_CAG_403	1637.7181482402
UNINTEGRATED|g__Ruminococcus.s__Ruminococcus_sp_CAG_254	1605.6103198736
UNINTEGRATED|g__Eubacterium.s__Eubacterium_sp_CAG_252	937.6771485899
UNINTEGRATED|g__Bacteroides.s__Bacteroides_nordii	736.6989984471
PWY-7238: sucrose biosynthesis II	1545.3384370610
PWY-7238: sucrose biosynthesis II|g__Faecalibacterium.s__Faecalibacterium_prausnitzii	193.9168931597
PWY-7238: sucrose biosynthesis II|unclassified	166.4931568395
PWY-7238: sucrose biosynthesis II|g__Blautia.s__Blautia_obeum	99.1236167338
PWY-7238: sucrose biosynthesis II|g__Ruminococcus.s__Ruminococcus_bromii	76.5319720612
PWY-7238: sucrose biosynthesis II|g__Clostridium.s__Clostridium_sp_CAG_217	71.9414558366
PWY-7238: sucrose biosynthesis II|g__Gemmiger.s__Gemmiger_formicilis	71.6633076268
PWY-7238: sucrose biosynthesis II|g__Blautia.s__Ruminococcus_torques	63.9152311824
PWY-7238: sucrose biosynthesis II|g__Blautia.s__Blautia_wexlerae	50.3331203126
PWY-7238: sucrose biosynthesis II|g__Fusicatenibacter.s__Fusicatenibacter_saccharivorans	48.1058288608
PWY-7238: sucrose biosynthesis II|g__Bacteroides.s__Bacteroides_uniformis	48.0229140315
PWY-7238: sucrose biosynthesis II|g__Bifidobacterium.s__Bifidobacterium_adolescentis	46.5222606838
PWY-7238: sucrose biosynthesis II|g__Collinsella.s__Collinsella_aerofaciens	33.7989547462
PWY-7238: sucrose biosynthesis II|g__Eubacterium.s__Eubacterium_sp_CAG_251	33.5455365983
PWY-7238: sucrose biosynthesis II|g__Subdoligranulum.s__Subdoligranulum_sp_APC924_74	30.2951777375
PWY-7238: sucrose biosynthesis II|g__Holdemanella.s__Holdemanella_biformis	27.8260869565
PWY-7238: sucrose biosynthesis II|g__Eubacterium.s__Eubacterium_sp_CAG_115	24.2832568069
PWY-7238: sucrose biosynthesis II|g__Dorea.s__Dorea_longicatena	22.0062361610
PWY-7238: sucrose biosynthesis II|g__Blautia.s__Blautia_sp_CAG_52	20.1911061125
PWY-7238: sucrose biosynthesis II|g__Faecalibacterium.s__Faecalibacterium_sp_CAG_74	19.8848039817
PWY-7238: sucrose biosynthesis II|g__Roseburia.s__Roseburia_intestinalis	19.0478933171
PWY-7238: sucrose biosynthesis II|g__Firmicutes_unclassified.s__Firmicutes_bacterium_CAG_65_45_313	15.8563116118
PWY-7238: sucrose biosynthesis II|g__Escherichia.s__Escherichia_coli	15.3735827436
PWY-7238: sucrose biosynthesis II|g__Anaerostipes.s__Anaerostipes_hadrus	14.1850580575
PWY-7238: sucrose biosynthesis II|g__Eubacterium.s__Eubacterium_hallii	13.3925882338
PWY-7238: sucrose biosynthesis II|g__Dorea.s__Dorea_formicigenerans	13.3821853009
PWY-7238: sucrose biosynthesis II|g__Ruminococcus.s__Ruminococcus_bicirculans	10.5244146442
PWY-7238: sucrose biosynthesis II|g__Firmicutes_unclassified.s__Firmicutes_bacterium_CAG_129	8.7817930320
PWY-7238: sucrose biosynthesis II|g__Clostridium.s__Clostridium_sp_CAG_138	8.1313691325
PWY-7238: sucrose biosynthesis II|g__Blautia.s__Blautia_sp	7.8032003697
PWY-7238: sucrose biosynthesis II|g__Alistipes.s__Alistipes_shahii	6.8406137008
PWY-1042: glycolysis IV	1400.8203324555
PWY-1042: glycolysis IV|g__Bacteroides.s__Bacteroides_vulgatus	120.7115218690
PWY-1042: glycolysis IV|g__Faecalibacterium.s__Faecalibacterium_prausnitzii	119.6868393415
PWY-1042: glycolysis IV|unclassified	109.8088929548
PWY-1042: glycolysis IV|g__Bacteroides.s__Bacteroides_plebeius	60.7920493063
PWY-1042: glycolysis IV|g__Blautia.s__Ruminococcus_torques	55.3957100721
PWY-1042: glycolysis IV|g__Fusicatenibacter.s__Fusicatenibacter_saccharivorans	49.8679124652
PWY-1042: glycolysis IV|g__Bacteroides.s__Bacteroides_massiliensis	48.0845445954
PWY-1042: glycolysis IV|g__Alistipes.s__Alistipes_putredinis	42.5537721988
PWY-1042: glycolysis IV|g__Blautia.s__Blautia_wexlerae	33.3011632419
PWY-1042: glycolysis IV|g__Anaerostipes.s__Anaerostipes_hadrus	23.3953684150
PWY-1042: glycolysis IV|g__Collinsella.s__Collinsella_aerofaciens	15.6424587853
PWY-1042: glycolysis IV|g__Blautia.s__Blautia_sp	14.8657528725
PWY-1042: glycolysis IV|g__Roseburia.s__Roseburia_intestinalis	12.8639243220
PWY-1042: glycolysis IV|g__Alistipes.s__Alistipes_shahii	12.2803174033
PWY-1042: glycolysis IV|g__Ruminococcus.s__Ruminococcus_bicirculans	10.9685172596
PWY-1042: glycolysis IV|g__Blautia.s__Blautia_obeum	8.8677824925
PWY-1042: glycolysis IV|g__Bacteroides.s__Bacteroides_coprophilus	7.7241314741
PWY-1042: glycolysis IV|g__Lachnospiraceae_unclassified.s__Eubacterium_rectale	3.9113428944
PWY-5686: UMP biosynthesis I	1306.6969018933
PWY-5686: UMP biosynthesis I|g__Faecalibacterium.s__Faecalibacterium_prausnitzii	106.4656460972
PWY-5686: UMP biosynthesis I|g__Bacteroides.s__Bacteroides_vulgatus	85.2619564152
PWY-5686: UMP biosynthesis I|g__Bacteroides.s__Bacteroides_plebeius	79.8277151626
PWY-5686: UMP biosynthesis I|unclassified	69.3605313916
PWY-5686: UMP biosynthesis I|g__Gemmiger.s__Gemmiger_formicilis	68.6886744338
PWY-5686: UMP biosynthesis I|g__Clostridium.s__Clostridium_sp_CAG_217	52.3506952474
PWY-5686: UMP biosynthesis I|g__Alistipes.s__Alistipes_putredinis	48.3435922201
PWY-5686: UMP biosynthesis I|g__Fusicatenibacter.s__Fusicatenibacter_saccharivorans	39.2022606265
PWY-5686: UMP biosynthesis I|g__Bacteroides.s__Bacteroides_uniformis	37.3693143508
PWY-5686: UMP biosynthesis I|g__Holdemanella.s__Holdemanella_biformis	36.4513302386
PWY-5686: UMP biosynthesis I|g__Blautia.s__Blautia_wexlerae	33.9457664407
PWY-5686: UMP biosynthesis I|g__Bifidobacterium.s__Bifidobacterium_adolescentis	32.9154058204
PWY-5686: UMP biosynthesis I|g__Bacteroides.s__Bacteroides_massiliensis	31.3419862411
PWY-5686: UMP biosynthesis I|g__Blautia.s__Ruminococcus_torques	26.2402921032
PWY-5686: UMP biosynthesis I|g__Eubacterium.s__Eubacterium_sp_CAG_251	21.3805928123
PWY-5686: UMP biosynthesis I|g__Collinsella.s__Collinsella_aerofaciens	19.8582159337
PWY-5686: UMP biosynthesis I|g__Faecalibacterium.s__Faecalibacterium_sp_CAG_74	15.8892302938
PWY-5686: UMP biosynthesis I|g__Parabacteroides.s__Parabacteroides_distasonis	13.0133612271
PWY-5686: UMP biosynthesis I|g__Alistipes.s__Alistipes_sp_CAG_514	12.6634457983
PWY-5686: UMP biosynthesis I|g__Parabacteroides.s__Parabacteroides_merdae	12.1973415675
PWY-5686: UMP biosynthesis I|g__Paraprevotella.s__Paraprevotella_xylaniphila	12.1830999706
PWY-5686: UMP biosynthesis I|g__Blautia.s__Blautia_sp	10.8613217095
PWY-5686: UMP biosynthesis I|g__Ruminococcus.s__Ruminococcus_bicirculans	9.7032924956
PWY-5686: UMP biosynthesis I|g__Roseburia.s__Roseburia_intestinalis	8.4656190955
PWY-5686: UMP biosynthesis I|g__Blautia.s__Blautia_obeum	8.2699055306
PWY-5686: UMP biosynthesis I|g__Desulfovibrio.s__Desulfovibrio_piger	7.4199493331
PWY-5686: UMP biosynthesis I|g__Bacteroides.s__Bacteroides_coprophilus	5.2244313456
PWY-5686: UMP biosynthesis I|g__Alistipes.s__Alistipes_onderdonkii	3.7399642745
PWY-7790: UMP biosynthesis II	1306.6969018933
PWY-7790: UMP biosynthesis II|g__Faecalibacterium.s__Faecalibacterium_prausnitzii	106.4656460972
PWY-7790: UMP biosynthesis II|g__Bacteroides.s__Bacteroides_vulgatus	85.2619564152
PWY-7790: UMP biosynthesis II|g__Bacteroides.s__Bacteroides_plebeius	77.0511318242
PWY-7790: UMP biosynthesis II|unclassified	69.3605313916
PWY-7790: UMP biosynthesis II|g__Gemmiger.s__Gemmiger_formicilis	68.6886744338
PWY-7790: UMP biosynthesis II|g__Clostridium.s__Clostridium_sp_CAG_217	52.3506952474
PWY-7790: UMP biosynthesis II|g__Alistipes.s__Alistipes_putredinis	46.8389758121
PWY-7790: UMP biosynthesis II|g__Fusicatenibacter.s__Fusicatenibacter_saccharivorans	39.2022606265
PWY-7790: UMP biosynthesis II|g__Bacteroides.s__Bacteroides_uniformis	37.3693143508
PWY-7790: UMP biosynthesis II|g__Holdemanella.s__Holdemanella_biformis	36.4513302386
PWY-7790: UMP biosynthesis II|g__Blautia.s__Blautia_wexlerae	33.9457664407
PWY-7790: UMP biosynthesis II|g__Bifidobacterium.s__Bifidobacterium_adolescentis	31.9034759923
PWY-7790: UMP biosynthesis II|g__Bacteroides.s__Bacteroides_massiliensis	31.3419862411
PWY-7790: UMP biosynthesis II|g__Blautia.s__Ruminococcus_torques	26.2402921032
PWY-7790: UMP biosynthesis II|g__Eubacterium.s__Eubacterium_sp_CAG_251	21.3805928123
PWY-7790: UMP biosynthesis II|g__Collinsella.s__Collinsella_aerofaciens	19.8582159337
PWY-7790: UMP biosynthesis II|g__Faecalibacterium.s__Faecalibacterium_sp_CAG_74	15.8892302938
PWY-7790: UMP biosynthesis II|g__Parabacteroides.s__Parabacteroides_distasonis	14.0382564588
PWY-7790: UMP biosynthesis II|g__Parabacteroides.s__Parabacteroides_merdae	12.1973415675
PWY-7790: UMP biosynthesis II|g__Paraprevotella.s__Paraprevotella_xylaniphila	12.1830999706
PWY-7790: UMP biosynthesis II|g__Alistipes.s__Alistipes_sp_CAG_514	11.8618352430
PWY-7790: UMP biosynthesis II|g__Blautia.s__Blautia_sp	10.8613217095
PWY-7790: UMP biosynthesis II|g__Ruminococcus.s__Ruminococcus_bicirculans	9.7032924956
PWY-7790: UMP biosynthesis II|g__Roseburia.s__Roseburia_intestinalis	8.4656190955
PWY-7790: UMP biosynthesis II|g__Blautia.s__Blautia_obeum	8.2699055306
PWY-7790: UMP biosynthesis II|g__Desulfovibrio.s__Desulfovibrio_piger	7.4199493331
PWY-7790: UMP biosynthesis II|g__Bacteroides.s__Bacteroides_coprophilus	5.2244313456
PWY-7791: UMP biosynthesis III	1306.6969018933
PWY-7791: UMP biosynthesis III|g__Faecalibacterium.s__Faecalibacterium_prausnitzii	106.4656460972
PWY-7791: UMP biosynthesis III|g__Bacteroides.s__Bacteroides_vulgatus	88.0142222652
PWY-7791: UMP biosynthesis III|g__Bacteroides.s__Bacteroides_plebeius	77.0511318242
PWY-7791: UMP biosynthesis III|unclassified	69.3605313916
PWY-7791: UMP biosynthesis III|g__Gemmiger.s__Gemmiger_formicilis	68.6886744338
PWY-7791: UMP biosynthesis III|g__Clostridium.s__Clostridium_sp_CAG_217	52.3506952474
PWY-7791: UMP biosynthesis III|g__Alistipes.s__Alistipes_putredinis	46.8389758121
PWY-7791: UMP biosynthesis III|g__Fusicatenibacter.s__Fusicatenibacter_saccharivorans	39.2022606265
PWY-7791: UMP biosynthesis III|g__Bacteroides.s__Bacteroides_uniformis	37.3693143508
PWY-7791: UMP biosynthesis III|g__Holdemanella.s__Holdemanella_biformis	36.4513302386
PWY-7791: UMP biosynthesis III|g__Blautia.s__Blautia_wexlerae	33.9457664407
PWY-7791: UMP biosynthesis III|g__Bacteroides.s__Bacteroides_massiliensis	32.8000247345
PWY-7791: UMP biosynthesis III|g__Bifidobacterium.s__Bifidobacterium_adolescentis	30.0801211865
PWY-7791: UMP biosynthesis III|g__Blautia.s__Ruminococcus_torques	26.2402921032
PWY-7791: UMP biosynthesis III|g__Eubacterium.s__Eubacterium_sp_CAG_251	21.3805928123
PWY-7791: UMP biosynthesis III|g__Collinsella.s__Collinsella_aerofaciens	19.8582159337
PWY-7791: UMP biosynthesis III|g__Faecalibacterium.s__Faecalibacterium_sp_CAG_74	15.8892302938
PWY-7791: UMP biosynthesis III|g__Parabacteroides.s__Parabacteroides_distasonis	13.0133612271
PWY-7791: UMP biosynthesis III|g__Parabacteroides.s__Parabacteroides_merdae	12.1973415675
PWY-7791: UMP biosynthesis III|g__Paraprevotella.s__Paraprevotella_xylaniphila	12.1830999706
PWY-7791: UMP biosynthesis III|g__Alistipes.s__Alistipes_sp_CAG_514	11.8618352430
PWY-7791: UMP biosynthesis III|g__Blautia.s__Blautia_sp	10.8613217095
PWY-7791: UMP biosynthesis III|g__Ruminococcus.s__Ruminococcus_bicirculans	9.7032924956
PWY-7791: UMP biosynthesis III|g__Roseburia.s__Roseburia_intestinalis	8.4656190955
PWY-7791: UMP biosynthesis III|g__Blautia.s__Blautia_obeum	8.2699055306
PWY-7791: UMP biosynthesis III|g__Desulfovibrio.s__Desulfovibrio_piger	7.4199493331
PWY-7791: UMP biosynthesis III|g__Bacteroides.s__Bacteroides_coprophilus	5.2244313456
PWY-7791: UMP biosynthesis III|g__Bacteroides.s__Bacteroides_ovatus	3.2705239950
PWY-6609: adenine and adenosine salvage III	1293.6342442863
PWY-6609: adenine and adenosine salvage III|unclassified	152.0319598375
PWY-6609: adenine and adenosine salvage III|g__Fusicatenibacter.s__Fusicatenibacter_saccharivorans	73.2314938680
PWY-6609: adenine and adenosine salvage III|g__Bacteroides.s__Bacteroides_vulgatus	72.8300056721
PWY-6609: adenine and adenosine salvage III|g__Clostridium.s__Clostridium_sp_CAG_217	66.6666666667
PWY-6609: adenine and adenosine salvage III|g__Faecalibacterium.s__Faecalibacterium_prausnitzii	66.3693695445
PWY-6609: adenine and adenosine salvage III|g__Bacteroides.s__Bacteroides_plebeius	60.0427549029
PWY-6609: adenine and adenosine salvage III|g__Gemmiger.s__Gemmiger_formicilis	57.8009561060
PWY-6609: adenine and adenosine salvage III|g__Blautia.s__Blautia_wexlerae	44.1785549931
PWY-6609: adenine and adenosine salvage III|g__Alistipes.s__Alistipes_putredinis	42.0225023722
PWY-6609: adenine and adenosine salvage III|g__Blautia.s__Ruminococcus_torques	41.8925027748
PWY-6609: adenine and adenosine salvage III|g__Bacteroides.s__Bacteroides_uniformis	39.7219463754
PWY-6609: adenine and adenosine salvage III|g__Bacteroides.s__Bacteroides_massiliensis	36.6349235934
PWY-6609: adenine and adenosine salvage III|g__Clostridium.s__Clostridium_sp_CAG_508	21.7687074830
PWY-6609: adenine and adenosine salvage III|g__Eubacterium.s__Eubacterium_sp_CAG_251	17.6683787677
PWY-6609: adenine and adenosine salvage III|g__Blautia.s__Blautia_obeum	16.2986537117
PWY-6609: adenine and adenosine salvage III|g__Firmicutes_unclassified.s__Firmicutes_bacterium_CAG_65_45_313	13.3333333333
PWY-6609: adenine and adenosine salvage III|g__Subdoligranulum.s__Subdoligranulum_sp_APC924_74	12.6353790614
PWY-6609: adenine and adenosine salvage III|g__Parabacteroides.s__Parabacteroides_distasonis	12.6273496915
PWY-6609: adenine and adenosine salvage III|g__Faecalibacterium.s__Faecalibacterium_sp_CAG_74	12.1989860583
PWY-6609: adenine and adenosine salvage III|g__Escherichia.s__Escherichia_coli	11.4122681883
PWY-6609: adenine and adenosine salvage III|g__Blautia.s__Blautia_sp_CAG_52	11.3960113960
PWY-6609: adenine and adenosine salvage III|g__Alistipes.s__Alistipes_shahii	10.4108570366
PWY-6609: adenine and adenosine salvage III|g__Firmicutes_unclassified.s__Firmicutes_bacterium_CAG_56	10.2827763496
PWY-6609: adenine and adenosine salvage III|g__Bacteroides.s__Bacteroides_coprophilus	10.1394169835
PWY-6609: adenine and adenosine salvage III|g__Ruminococcus.s__Ruminococcus_lactaris	10.0250626566
PWY-6609: adenine and adenosine salvage III|g__Eubacterium.s__Eubacterium_sp_CAG_115	9.8400984010
PWY-6609: adenine and adenosine salvage III|g__Blautia.s__Blautia_sp	8.4566596195
PWY-6609: adenine and adenosine salvage III|g__Dorea.s__Dorea_longicatena	7.4177097821
PWY-6609: adenine and adenosine salvage III|g__Bacteroides.s__Bacteroides_thetaiotaomicron	6.9496152892
PWY-6609: adenine and adenosine salvage III|g__Ruminococcus.s__Ruminococcus_sp_CAG_254	5.8224163028
PWY-6609: adenine and adenosine salvage III|g__Lachnospiraceae_unclassified.s__Eubacterium_rectale	5.4200542005
PWY-6609: adenine and adenosine salvage III|g__Bacteroides.s__Bacteroides_stercoris	4.6865846514
PWY-6609: adenine and adenosine salvage III|g__Bacteroides.s__Bacteroides_ovatus	3.6231884058
PWY-6163: chorismate biosynthesis from 3-dehydroquinate	1262.7469447362
PWY-6163: chorismate biosynthesis from 3-dehydroquinate|g__Faecalibacterium.s__Faecalibacterium_prausnitzii	135.7215753984
PWY-6163: chorismate biosynthesis from 3-dehydroquinate|g__Bacteroides.s__Bacteroides_vulgatus	91.0875443412
PWY-6163: chorismate biosynthesis from 3-dehydroquinate|unclassified	84.0666705325
PWY-6163: chorismate biosynthesis from 3-dehydroquinate|g__Bacteroides.s__Bacteroides_plebeius	83.3549321616
PWY-6163: chorismate biosynthesis from 3-dehydroquinate|g__Ruminococcus.s__Ruminococcus_bromii	71.7839300709
PWY-6163: chorismate biosynthesis from 3-dehydroquinate|g__Clostridium.s__Clostridium_sp_CAG_217	60.6947843554
PWY-6163: chorismate biosynthesis from 3-dehydroquinate|g__Fusicatenibacter.s__Fusicatenibacter_saccharivorans	48.6540516106
PWY-6163: chorismate biosynthesis from 3-dehydroquinate|g__Blautia.s__Blautia_obeum	43.6680386625
PWY-6163: chorismate biosynthesis from 3-dehydroquinate|g__Bacteroides.s__Bacteroides_uniformis	36.4486441315
PWY-6163: chorismate biosynthesis from 3-dehydroquinate|g__Blautia.s__Ruminococcus_torques	36.0504335608
PWY-6163: chorismate biosynthesis from 3-dehydroquinate|g__Blautia.s__Blautia_wexlerae	33.3295544564
PWY-6163: chorismate biosynthesis from 3-dehydroquinate|g__Bacteroides.s__Bacteroides_massiliensis	26.6323105028
PWY-6163: chorismate biosynthesis from 3-dehydroquinate|g__Holdemanella.s__Holdemanella_biformis	26.5961164333
PWY-6163: chorismate biosynthesis from 3-dehydroquinate|g__Subdoligranulum.s__Subdoligranulum_sp_APC924_74	24.6641844419
PWY-6163: chorismate biosynthesis from 3-dehydroquinate|g__Bifidobacterium.s__Bifidobacterium_adolescentis	23.3890969236
PWY-6163: chorismate biosynthesis from 3-dehydroquinate|g__Collinsella.s__Collinsella_aerofaciens	23.0010275562
PWY-6163: chorismate biosynthesis from 3-dehydroquinate|g__Eubacterium.s__Eubacterium_sp_CAG_251	21.8146702261
PWY-6163: chorismate biosynthesis from 3-dehydroquinate|g__Faecalibacterium.s__Faecalibacterium_sp_CAG_74	17.6634164389
PWY-6163: chorismate biosynthesis from 3-dehydroquinate|g__Eubacterium.s__Eubacterium_sp_CAG_115	13.9367436400
PWY-6163: chorismate biosynthesis from 3-dehydroquinate|g__Parabacteroides.s__Parabacteroides_merdae	12.7186009539
PWY-6163: chorismate biosynthesis from 3-dehydroquinate|g__Roseburia.s__Roseburia_intestinalis	12.1100914754
PWY-6163: chorismate biosynthesis from 3-dehydroquinate|g__Clostridium.s__Clostridium_sp_CAG_138	9.9979398185
PWY-6163: chorismate biosynthesis from 3-dehydroquinate|g__Anaerostipes.s__Anaerostipes_hadrus	9.5750352928
PWY-6163: chorismate biosynthesis from 3-dehydroquinate|g__Phascolarctobacterium.s__Phascolarctobacterium_succinatutens	9.2189264560
PWY-6163: chorismate biosynthesis from 3-dehydroquinate|g__Eubacterium.s__Eubacterium_hallii	8.7365311811
PWY-6163: chorismate biosynthesis from 3-dehydroquinate|g__Parabacteroides.s__Parabacteroides_distasonis	8.2220421203
PWY-6163: chorismate biosynthesis from 3-dehydroquinate|g__Firmicutes_unclassified.s__Firmicutes_bacterium_CAG_56	8.2110997547
PWY-6163: chorismate biosynthesis from 3-dehydroquinate|g__Lachnospiraceae_unclassified.s__Eubacterium_rectale	7.7738037001
PWY-6163: chorismate biosynthesis from 3-dehydroquinate|g__Dorea.s__Dorea_formicigenerans	7.6258261312
PWY-6163: chorismate biosynthesis from 3-dehydroquinate|g__Desulfovibrio.s__Desulfovibrio_piger	7.4515648286
PWY-6163: chorismate biosynthesis from 3-dehydroquinate|g__Firmicutes_unclassified.s__Firmicutes_bacterium_CAG_65_45_313	7.0894133717
PWY-6163: chorismate biosynthesis from 3-dehydroquinate|g__Blautia.s__Blautia_sp	3.4421514181
PWY-6163: chorismate biosynthesis from 3-dehydroquinate|g__Bacteroides.s__Bacteroides_ovatus	2.9137529138
PWY-6163: chorismate biosynthesis from 3-dehydroquinate|g__Bacteroides.s__Bacteroides_thetaiotaomicron	2.5399277010
PWY-6163: chorismate biosynthesis from 3-dehydroquinate|g__Bacteroides.s__Bacteroides_dorei	2.2646209591
DTDPRHAMSYN-PWY: dTDP-&beta;-L-rhamnose biosynthesis	1252.9135713580
DTDPRHAMSYN-PWY: dTDP-&beta;-L-rhamnose biosynthesis|unclassified	141.5938292536
DTDPRHAMSYN-PWY: dTDP-&beta;-L-rhamnose biosynthesis|g__Bacteroides.s__Bacteroides_vulgatus	116.0188549879
DTDPRHAMSYN-PWY: dTDP-&beta;-L-rhamnose biosynthesis|g__Bacteroides.s__Bacteroides_plebeius	97.3263822815
DTDPRHAMSYN-PWY: dTDP-&beta;-L-rhamnose biosynthesis|g__Faecalibacterium.s__Faecalibacterium_prausnitzii	86.8038627370
DTDPRHAMSYN-PWY: dTDP-&beta;-L-rhamnose biosynthesis|g__Bacteroides.s__Bacteroides_uniformis	78.4971574642
DTDPRHAMSYN-PWY: dTDP-&beta;-L-rhamnose biosynthesis|g__Fusicatenibacter.s__Fusicatenibacter_saccharivorans	55.0955679826
DTDPRHAMSYN-PWY: dTDP-&beta;-L-rhamnose biosynthesis|g__Gemmiger.s__Gemmiger_formicilis	54.5029605725
DTDPRHAMSYN-PWY: dTDP-&beta;-L-rhamnose biosynthesis|g__Collinsella.s__Collinsella_aerofaciens	49.0209214553
DTDPRHAMSYN-PWY: dTDP-&beta;-L-rhamnose biosynthesis|g__Blautia.s__Blautia_wexlerae	48.0474312705
DTDPRHAMSYN-PWY: dTDP-&beta;-L-rhamnose biosynthesis|g__Alistipes.s__Alistipes_putredinis	46.2797342604
DTDPRHAMSYN-PWY: dTDP-&beta;-L-rhamnose biosynthesis|g__Parabacteroides.s__Parabacteroides_distasonis	45.5945075069
DTDPRHAMSYN-PWY: dTDP-&beta;-L-rhamnose biosynthesis|g__Blautia.s__Blautia_obeum	39.4905201102
DTDPRHAMSYN-PWY: dTDP-&beta;-L-rhamnose biosynthesis|g__Subdoligranulum.s__Subdoligranulum_sp_APC924_74	35.4502324013
DTDPRHAMSYN-PWY: dTDP-&beta;-L-rhamnose biosynthesis|g__Holdemanella.s__Holdemanella_biformis	33.1325301205
DTDPRHAMSYN-PWY: dTDP-&beta;-L-rhamnose biosynthesis|g__Blautia.s__Ruminococcus_torques	32.2629368513
DTDPRHAMSYN-PWY: dTDP-&beta;-L-rhamnose biosynthesis|g__Bacteroides.s__Bacteroides_massiliensis	25.6834742344
DTDPRHAMSYN-PWY: dTDP-&beta;-L-rhamnose biosynthesis|g__Bacteroides.s__Bacteroides_dorei	18.3987647560
DTDPRHAMSYN-PWY: dTDP-&beta;-L-rhamnose biosynthesis|g__Faecalibacterium.s__Faecalibacterium_sp_CAG_74	18.0264387769
DTDPRHAMSYN-PWY: dTDP-&beta;-L-rhamnose biosynthesis|g__Anaerostipes.s__Anaerostipes_hadrus	15.5618915417
DTDPRHAMSYN-PWY: dTDP-&beta;-L-rhamnose biosynthesis|g__Paraprevotella.s__Paraprevotella_xylaniphila	12.6116657909
DTDPRHAMSYN-PWY: dTDP-&beta;-L-rhamnose biosynthesis|g__Roseburia.s__Roseburia_intestinalis	12.4214440590
DTDPRHAMSYN-PWY: dTDP-&beta;-L-rhamnose biosynthesis|g__Alistipes.s__Alistipes_shahii	10.9966482451
DTDPRHAMSYN-PWY: dTDP-&beta;-L-rhamnose biosynthesis|g__Dorea.s__Dorea_formicigenerans	10.1691600665
DTDPRHAMSYN-PWY: dTDP-&beta;-L-rhamnose biosynthesis|g__Firmicutes_unclassified.s__Firmicutes_bacterium_CAG_65_45_313	9.6934448079
DTDPRHAMSYN-PWY: dTDP-&beta;-L-rhamnose biosynthesis|g__Eubacterium.s__Eubacterium_eligens	9.1240875912
DTDPRHAMSYN-PWY: dTDP-&beta;-L-rhamnose biosynthesis|g__Dorea.s__Dorea_longicatena	7.6657723266
DTDPRHAMSYN-PWY: dTDP-&beta;-L-rhamnose biosynthesis|g__Coprococcus.s__Coprococcus_comes	7.6429643783
DTDPRHAMSYN-PWY: dTDP-&beta;-L-rhamnose biosynthesis|g__Firmicutes_unclassified.s__Firmicutes_bacterium_CAG_56	7.3438456931
DTDPRHAMSYN-PWY: dTDP-&beta;-L-rhamnose biosynthesis|g__Blautia.s__Blautia_sp_CAG_52	6.7681895093
DTDPRHAMSYN-PWY: dTDP-&beta;-L-rhamnose biosynthesis|g__Eubacterium.s__Eubacterium_hallii	3.7655262164
DTDPRHAMSYN-PWY: dTDP-&beta;-L-rhamnose biosynthesis|g__Bacteroides.s__Bacteroides_ovatus	3.6571428571
DTDPRHAMSYN-PWY: dTDP-&beta;-L-rhamnose biosynthesis|g__Lachnospiraceae_unclassified.s__Eubacterium_rectale	1.9069735185
DTDPRHAMSYN-PWY: dTDP-&beta;-L-rhamnose biosynthesis|g__Blautia.s__Blautia_sp	1.7853954651
PWY-6386: UDP-N-acetylmuramoyl-pentapeptide biosynthesis II (lysine-containing)	1248.6130063014
PWY-6386: UDP-N-acetylmuramoyl-pentapeptide biosynthesis II (lysine-containing)|unclassified	114.9166417237
PWY-6386: UDP-N-acetylmuramoyl-pentapeptide biosynthesis II (lysine-containing)|g__Bacteroides.s__Bacteroides_vulgatus	76.3408185960
PWY-6386: UDP-N-acetylmuramoyl-pentapeptide biosynthesis II (lysine-containing)|g__Faecalibacterium.s__Faecalibacterium_prausnitzii	71.8700108547
PWY-6386: UDP-N-acetylmuramoyl-pentapeptide biosynthesis II (lysine-containing)|g__Bacteroides.s__Bacteroides_plebeius	65.2797001130
PWY-6386: UDP-N-acetylmuramoyl-pentapeptide biosynthesis II (lysine-containing)|g__Gemmiger.s__Gemmiger_formicilis	60.0766215460
PWY-6386: UDP-N-acetylmuramoyl-pentapeptide biosynthesis II (lysine-containing)|g__Alistipes.s__Alistipes_putredinis	42.9383487636
PWY-6386: UDP-N-acetylmuramoyl-pentapeptide biosynthesis II (lysine-containing)|g__Fusicatenibacter.s__Fusicatenibacter_saccharivorans	40.5692470515
PWY-6386: UDP-N-acetylmuramoyl-pentapeptide biosynthesis II (lysine-containing)|g__Blautia.s__Blautia_wexlerae	35.0423199092
PWY-6386: UDP-N-acetylmuramoyl-pentapeptide biosynthesis II (lysine-containing)|g__Bacteroides.s__Bacteroides_uniformis	33.0438200801
PWY-6386: UDP-N-acetylmuramoyl-pentapeptide biosynthesis II (lysine-containing)|g__Blautia.s__Ruminococcus_torques	32.8928213645
PWY-6386: UDP-N-acetylmuramoyl-pentapeptide biosynthesis II (lysine-containing)|g__Blautia.s__Blautia_obeum	32.3819880348
PWY-6386: UDP-N-acetylmuramoyl-pentapeptide biosynthesis II (lysine-containing)|g__Bacteroides.s__Bacteroides_massiliensis	30.9459588011
PWY-6386: UDP-N-acetylmuramoyl-pentapeptide biosynthesis II (lysine-containing)|g__Holdemanella.s__Holdemanella_biformis	29.7508714096
PWY-6386: UDP-N-acetylmuramoyl-pentapeptide biosynthesis II (lysine-containing)|g__Bifidobacterium.s__Bifidobacterium_adolescentis	22.0802960353
PWY-6386: UDP-N-acetylmuramoyl-pentapeptide biosynthesis II (lysine-containing)|g__Clostridium.s__Clostridium_sp_CAG_508	21.8092353811
PWY-6386: UDP-N-acetylmuramoyl-pentapeptide biosynthesis II (lysine-containing)|g__Subdoligranulum.s__Subdoligranulum_sp_APC924_74	21.0232591332
PWY-6386: UDP-N-acetylmuramoyl-pentapeptide biosynthesis II (lysine-containing)|g__Collinsella.s__Collinsella_aerofaciens	20.4427424156
PWY-6386: UDP-N-acetylmuramoyl-pentapeptide biosynthesis II (lysine-containing)|g__Eubacterium.s__Eubacterium_sp_CAG_251	20.1558378331
PWY-6386: UDP-N-acetylmuramoyl-pentapeptide biosynthesis II (lysine-containing)|g__Sutterella.s__Sutterella_wadsworthensis	16.8205836274
PWY-6386: UDP-N-acetylmuramoyl-pentapeptide biosynthesis II (lysine-containing)|g__Paraprevotella.s__Paraprevotella_xylaniphila	13.3250121285
PWY-6386: UDP-N-acetylmuramoyl-pentapeptide biosynthesis II (lysine-containing)|g__Ruminococcus.s__Ruminococcus_bicirculans	10.0665899503
PWY-6386: UDP-N-acetylmuramoyl-pentapeptide biosynthesis II (lysine-containing)|g__Blautia.s__Blautia_sp	4.9254133880
PWY-6387: UDP-N-acetylmuramoyl-pentapeptide biosynthesis I (meso-diaminopimelate containing)	1227.5586727178
PWY-6387: UDP-N-acetylmuramoyl-pentapeptide biosynthesis I (meso-diaminopimelate containing)|unclassified	129.4872618311
PWY-6387: UDP-N-acetylmuramoyl-pentapeptide biosynthesis I (meso-diaminopimelate containing)|g__Bacteroides.s__Bacteroides_vulgatus	86.3755977262
PWY-6387: UDP-N-acetylmuramoyl-pentapeptide biosynthesis I (meso-diaminopimelate containing)|g__Bacteroides.s__Bacteroides_plebeius	70.2067272043
PWY-6387: UDP-N-acetylmuramoyl-pentapeptide biosynthesis I (meso-diaminopimelate containing)|g__Faecalibacterium.s__Faecalibacterium_prausnitzii	64.0802790454
PWY-6387: UDP-N-acetylmuramoyl-pentapeptide biosynthesis I (meso-diaminopimelate containing)|g__Gemmiger.s__Gemmiger_formicilis	59.9210300759
PWY-6387: UDP-N-acetylmuramoyl-pentapeptide biosynthesis I (meso-diaminopimelate containing)|g__Clostridium.s__Clostridium_sp_CAG_217	52.0608058881
PWY-6387: UDP-N-acetylmuramoyl-pentapeptide biosynthesis I (meso-diaminopimelate containing)|g__Alistipes.s__Alistipes_putredinis	41.9530836958
PWY-6387: UDP-N-acetylmuramoyl-pentapeptide biosynthesis I (meso-diaminopimelate containing)|g__Fusicatenibacter.s__Fusicatenibacter_saccharivorans	40.0895506076
PWY-6387: UDP-N-acetylmuramoyl-pentapeptide biosynthesis I (meso-diaminopimelate containing)|g__Blautia.s__Ruminococcus_torques	37.6232911762
PWY-6387: UDP-N-acetylmuramoyl-pentapeptide biosynthesis I (meso-diaminopimelate containing)|g__Bacteroides.s__Bacteroides_uniformis	36.1573554397
PWY-6387: UDP-N-acetylmuramoyl-pentapeptide biosynthesis I (meso-diaminopimelate containing)|g__Blautia.s__Blautia_wexlerae	35.9566583061
PWY-6387: UDP-N-acetylmuramoyl-pentapeptide biosynthesis I (meso-diaminopimelate containing)|g__Blautia.s__Blautia_obeum	32.8426519292
PWY-6387: UDP-N-acetylmuramoyl-pentapeptide biosynthesis I (meso-diaminopimelate containing)|g__Bacteroides.s__Bacteroides_massiliensis	31.0385297601
PWY-6387: UDP-N-acetylmuramoyl-pentapeptide biosynthesis I (meso-diaminopimelate containing)|g__Holdemanella.s__Holdemanella_biformis	27.3722003912
PWY-6387: UDP-N-acetylmuramoyl-pentapeptide biosynthesis I (meso-diaminopimelate containing)|g__Clostridium.s__Clostridium_sp_CAG_508	23.5248721786
PWY-6387: UDP-N-acetylmuramoyl-pentapeptide biosynthesis I (meso-diaminopimelate containing)|g__Bifidobacterium.s__Bifidobacterium_adolescentis	22.0149554937
PWY-6387: UDP-N-acetylmuramoyl-pentapeptide biosynthesis I (meso-diaminopimelate containing)|g__Subdoligranulum.s__Subdoligranulum_sp_APC924_74	21.0729214921
PWY-6387: UDP-N-acetylmuramoyl-pentapeptide biosynthesis I (meso-diaminopimelate containing)|g__Eubacterium.s__Eubacterium_sp_CAG_251	20.0462116770
PWY-6387: UDP-N-acetylmuramoyl-pentapeptide biosynthesis I (meso-diaminopimelate containing)|g__Faecalibacterium.s__Faecalibacterium_sp_CAG_74	19.9657247557
PWY-6387: UDP-N-acetylmuramoyl-pentapeptide biosynthesis I (meso-diaminopimelate containing)|g__Sutterella.s__Sutterella_wadsworthensis	17.2413234430
PWY-6387: UDP-N-acetylmuramoyl-pentapeptide biosynthesis I (meso-diaminopimelate containing)|g__Roseburia.s__Roseburia_intestinalis	14.3119269587
PWY-6387: UDP-N-acetylmuramoyl-pentapeptide biosynthesis I (meso-diaminopimelate containing)|g__Paraprevotella.s__Paraprevotella_xylaniphila	13.0963037925
PWY-6387: UDP-N-acetylmuramoyl-pentapeptide biosynthesis I (meso-diaminopimelate containing)|g__Parabacteroides.s__Parabacteroides_merdae	11.6120135957
PWY-6387: UDP-N-acetylmuramoyl-pentapeptide biosynthesis I (meso-diaminopimelate containing)|g__Parabacteroides.s__Parabacteroides_distasonis	11.5911957729
PWY-6387: UDP-N-acetylmuramoyl-pentapeptide biosynthesis I (meso-diaminopimelate containing)|g__Ruminococcus.s__Ruminococcus_bicirculans	10.5085882760
PWY-6387: UDP-N-acetylmuramoyl-pentapeptide biosynthesis I (meso-diaminopimelate containing)|g__Eubacterium.s__Eubacterium_sp_CAG_115	10.1342530683
PWY-6387: UDP-N-acetylmuramoyl-pentapeptide biosynthesis I (meso-diaminopimelate containing)|g__Anaerostipes.s__Anaerostipes_hadrus	9.0066544702
PWY-6387: UDP-N-acetylmuramoyl-pentapeptide biosynthesis I (meso-diaminopimelate containing)|g__Blautia.s__Blautia_sp	8.8594947342
PWY-6387: UDP-N-acetylmuramoyl-pentapeptide biosynthesis I (meso-diaminopimelate containing)|g__Phascolarctobacterium.s__Phascolarctobacterium_succinatutens	8.6747781967
PWY-6387: UDP-N-acetylmuramoyl-pentapeptide biosynthesis I (meso-diaminopimelate containing)|g__Bacteroides.s__Bacteroides_coprophilus	6.2217613510
PWY-6387: UDP-N-acetylmuramoyl-pentapeptide biosynthesis I (meso-diaminopimelate containing)|g__Lachnospiraceae_unclassified.s__Eubacterium_rectale	1.9728729963
PWY-6387: UDP-N-acetylmuramoyl-pentapeptide biosynthesis I (meso-diaminopimelate containing)|g__Bacteroides.s__Bacteroides_dorei	1.6230248203
VALSYN-PWY: L-valine biosynthesis	1210.8776820483
VALSYN-PWY: L-valine biosynthesis|g__Gemmiger.s__Gemmiger_formicilis	81.1852523538
VALSYN-PWY: L-valine biosynthesis|g__Faecalibacterium.s__Faecalibacterium_prausnitzii	80.5022257511
VALSYN-PWY: L-valine biosynthesis|unclassified	77.6471365404
VALSYN-PWY: L-valine biosynthesis|g__Bacteroides.s__Bacteroides_vulgatus	77.6400495196
VALSYN-PWY: L-valine biosynthesis|g__Ruminococcus.s__Ruminococcus_bromii	70.6464547635
VALSYN-PWY: L-valine biosynthesis|g__Bacteroides.s__Bacteroides_plebeius	70.6266608248
VALSYN-PWY: L-valine biosynthesis|g__Blautia.s__Blautia_obeum	52.8025656083
VALSYN-PWY: L-valine biosynthesis|g__Clostridium.s__Clostridium_sp_CAG_217	40.4226986582
VALSYN-PWY: L-valine biosynthesis|g__Bifidobacterium.s__Bifidobacterium_adolescentis	40.1129313518
VALSYN-PWY: L-valine biosynthesis|g__Bacteroides.s__Bacteroides_uniformis	38.0664461293
VALSYN-PWY: L-valine biosynthesis|g__Blautia.s__Ruminococcus_torques	36.6279568197
VALSYN-PWY: L-valine biosynthesis|g__Blautia.s__Blautia_wexlerae	36.5520985558
VALSYN-PWY: L-valine biosynthesis|g__Subdoligranulum.s__Subdoligranulum_sp_APC924_74	27.7938621888
VALSYN-PWY: L-valine biosynthesis|g__Fusicatenibacter.s__Fusicatenibacter_saccharivorans	24.7029486946
VALSYN-PWY: L-valine biosynthesis|g__Bacteroides.s__Bacteroides_massiliensis	24.1843083083
VALSYN-PWY: L-valine biosynthesis|g__Escherichia.s__Escherichia_coli	17.2430743432
VALSYN-PWY: L-valine biosynthesis|g__Roseburia.s__Roseburia_intestinalis	16.8695927640
VALSYN-PWY: L-valine biosynthesis|g__Dorea.s__Dorea_longicatena	16.2245162642
VALSYN-PWY: L-valine biosynthesis|g__Phascolarctobacterium.s__Phascolarctobacterium_succinatutens	15.0849389734
VALSYN-PWY: L-valine biosynthesis|g__Parabacteroides.s__Parabacteroides_distasonis	14.7889344433
VALSYN-PWY: L-valine biosynthesis|g__Eubacterium.s__Eubacterium_sp_CAG_251	14.4657793137
VALSYN-PWY: L-valine biosynthesis|g__Anaerostipes.s__Anaerostipes_hadrus	13.3707111293
VALSYN-PWY: L-valine biosynthesis|g__Blautia.s__Blautia_sp	13.3002131656
VALSYN-PWY: L-valine biosynthesis|g__Parabacteroides.s__Parabacteroides_merdae	11.9310360591
VALSYN-PWY: L-valine biosynthesis|g__Paraprevotella.s__Paraprevotella_xylaniphila	10.3134616420
VALSYN-PWY: L-valine biosynthesis|g__Ruminococcus.s__Ruminococcus_bicirculans	10.1556170087
VALSYN-PWY: L-valine biosynthesis|g__Eubacterium.s__Eubacterium_sp_CAG_115	10.1371694074
VALSYN-PWY: L-valine biosynthesis|g__Firmicutes_unclassified.s__Firmicutes_bacterium_CAG_65_45_313	9.3254642660
VALSYN-PWY: L-valine biosynthesis|g__Lawsonibacter.s__Lawsonibacter_asaccharolyticus	9.2600273375
VALSYN-PWY: L-valine biosynthesis|g__Dorea.s__Dorea_formicigenerans	7.9084875018
VALSYN-PWY: L-valine biosynthesis|g__Bacteroides.s__Bacteroides_ovatus	7.0438739954
VALSYN-PWY: L-valine biosynthesis|g__Faecalibacterium.s__Faecalibacterium_sp_CAG_74	6.9873088711
VALSYN-PWY: L-valine biosynthesis|g__Bacteroides.s__Bacteroides_thetaiotaomicron	6.5871601649
VALSYN-PWY: L-valine biosynthesis|g__Bacteroides.s__Bacteroides_coprophilus	5.7396295330
VALSYN-PWY: L-valine biosynthesis|g__Eubacterium.s__Eubacterium_eligens	4.8524787319
VALSYN-PWY: L-valine biosynthesis|g__Ruminococcus.s__Ruminococcus_lactaris	4.7828526290
VALSYN-PWY: L-valine biosynthesis|g__Lachnospiraceae_unclassified.s__Eubacterium_rectale	4.6193422504
VALSYN-PWY: L-valine biosynthesis|g__Ruminococcus.s__Ruminococcus_sp_CAG_403	4.3380587187
VALSYN-PWY: L-valine biosynthesis|g__Bifidobacterium.s__Bifidobacterium_longum	4.2895442359
VALSYN-PWY: L-valine biosynthesis|g__Bifidobacterium.s__Bifidobacterium_pseudocatenulatum	3.1851442880
VALSYN-PWY: L-valine biosynthesis|g__Bacteroides.s__Bacteroides_finegoldii	2.6768958695
VALSYN-PWY: L-valine biosynthesis|g__Ruminococcus.s__Ruminococcus_sp_AF31_8BH	1.7017655818
VALSYN-PWY: L-valine biosynthesis|g__Roseburia.s__Roseburia_inulinivorans	1.6652789342
VALSYN-PWY: L-valine biosynthesis|g__Bacteroides.s__Bacteroides_stercoris	1.3546693760
VALSYN-PWY: L-valine biosynthesis|g__Roseburia.s__Roseburia_hominis	1.0503447303
GLYCOGENSYNTH-PWY: glycogen biosynthesis I (from ADP-D-Glucose)	1209.7874131813
GLYCOGENSYNTH-PWY: glycogen biosynthesis I (from ADP-D-Glucose)|g__Faecalibacterium.s__Faecalibacterium_prausnitzii	118.1062353802
GLYCOGENSYNTH-PWY: glycogen biosynthesis I (from ADP-D-Glucose)|unclassified	109.7547038156
GLYCOGENSYNTH-PWY: glycogen biosynthesis I (from ADP-D-Glucose)|g__Fusicatenibacter.s__Fusicatenibacter_saccharivorans	79.7208973591
GLYCOGENSYNTH-PWY: glycogen biosynthesis I (from ADP-D-Glucose)|g__Ruminococcus.s__Ruminococcus_bromii	67.1744904985
GLYCOGENSYNTH-PWY: glycogen biosynthesis I (from ADP-D-Glucose)|g__Blautia.s__Blautia_wexlerae	66.1921479924
GLYCOGENSYNTH-PWY: glycogen biosynthesis I (from ADP-D-Glucose)|g__Gemmiger.s__Gemmiger_formicilis	64.1848777898
GLYCOGENSYNTH-PWY: glycogen biosynthesis I (from ADP-D-Glucose)|g__Blautia.s__Blautia_obeum	62.3453799978
GLYCOGENSYNTH-PWY: glycogen biosynthesis I (from ADP-D-Glucose)|g__Blautia.s__Ruminococcus_torques	51.7353607683
GLYCOGENSYNTH-PWY: glycogen biosynthesis I (from ADP-D-Glucose)|g__Clostridium.s__Clostridium_sp_CAG_217	46.0452067081
GLYCOGENSYNTH-PWY: glycogen biosynthesis I (from ADP-D-Glucose)|g__Holdemanella.s__Holdemanella_biformis	37.1038623894
GLYCOGENSYNTH-PWY: glycogen biosynthesis I (from ADP-D-Glucose)|g__Bifidobacterium.s__Bifidobacterium_adolescentis	26.0660904799
GLYCOGENSYNTH-PWY: glycogen biosynthesis I (from ADP-D-Glucose)|g__Subdoligranulum.s__Subdoligranulum_sp_APC924_74	23.9578038866
GLYCOGENSYNTH-PWY: glycogen biosynthesis I (from ADP-D-Glucose)|g__Collinsella.s__Collinsella_aerofaciens	22.1553306991
GLYCOGENSYNTH-PWY: glycogen biosynthesis I (from ADP-D-Glucose)|g__Anaerostipes.s__Anaerostipes_hadrus	18.6929596049
GLYCOGENSYNTH-PWY: glycogen biosynthesis I (from ADP-D-Glucose)|g__Eubacterium.s__Eubacterium_sp_CAG_251	18.5801025478
GLYCOGENSYNTH-PWY: glycogen biosynthesis I (from ADP-D-Glucose)|g__Roseburia.s__Roseburia_intestinalis	16.7493000598
GLYCOGENSYNTH-PWY: glycogen biosynthesis I (from ADP-D-Glucose)|g__Faecalibacterium.s__Faecalibacterium_sp_CAG_74	16.7342472807
GLYCOGENSYNTH-PWY: glycogen biosynthesis I (from ADP-D-Glucose)|g__Dorea.s__Dorea_longicatena	16.5258122707
GLYCOGENSYNTH-PWY: glycogen biosynthesis I (from ADP-D-Glucose)|g__Ruminococcus.s__Ruminococcus_bicirculans	15.6994377547
GLYCOGENSYNTH-PWY: glycogen biosynthesis I (from ADP-D-Glucose)|g__Clostridium.s__Clostridium_sp_CAG_138	12.8371023544
GLYCOGENSYNTH-PWY: glycogen biosynthesis I (from ADP-D-Glucose)|g__Eubacterium.s__Eubacterium_sp_CAG_115	10.8960423269
GLYCOGENSYNTH-PWY: glycogen biosynthesis I (from ADP-D-Glucose)|g__Firmicutes_unclassified.s__Firmicutes_bacterium_CAG_124	10.2451518478
GLYCOGENSYNTH-PWY: glycogen biosynthesis I (from ADP-D-Glucose)|g__Dorea.s__Dorea_formicigenerans	10.0521197510
GLYCOGENSYNTH-PWY: glycogen biosynthesis I (from ADP-D-Glucose)|g__Blautia.s__Blautia_sp_CAG_52	10.0482296324
GLYCOGENSYNTH-PWY: glycogen biosynthesis I (from ADP-D-Glucose)|g__Firmicutes_unclassified.s__Firmicutes_bacterium_CAG_65_45_313	8.8273196203
GLYCOGENSYNTH-PWY: glycogen biosynthesis I (from ADP-D-Glucose)|g__Blautia.s__Blautia_sp	8.6350275011
GLYCOGENSYNTH-PWY: glycogen biosynthesis I (from ADP-D-Glucose)|g__Eubacterium.s__Eubacterium_hallii	7.2303190319
GLYCOGENSYNTH-PWY: glycogen biosynthesis I (from ADP-D-Glucose)|g__Ruminococcus.s__Ruminococcus_lactaris	6.7662428999
GLYCOGENSYNTH-PWY: glycogen biosynthesis I (from ADP-D-Glucose)|g__Coprococcus.s__Coprococcus_comes	6.2848916314
GLYCOGENSYNTH-PWY: glycogen biosynthesis I (from ADP-D-Glucose)|g__Ruminococcus.s__Ruminococcus_sp_AF31_8BH	2.3654656719
GLYCOGENSYNTH-PWY: glycogen biosynthesis I (from ADP-D-Glucose)|g__Bifidobacterium.s__Bifidobacterium_pseudocatenulatum	2.0409464889
PEPTIDOGLYCANSYN-PWY: peptidoglycan biosynthesis I (meso-diaminopimelate containing)	1205.7490319419
PEPTIDOGLYCANSYN-PWY: peptidoglycan biosynthesis I (meso-diaminopimelate containing)|unclassified	130.2328222567
PEPTIDOGLYCANSYN-PWY: peptidoglycan biosynthesis I (meso-diaminopimelate containing)|g__Bacteroides.s__Bacteroides_vulgatus	87.3043488300
PEPTIDOGLYCANSYN-PWY: peptidoglycan biosynthesis I (meso-diaminopimelate containing)|g__Bacteroides.s__Bacteroides_plebeius	69.9674213909
PEPTIDOGLYCANSYN-PWY: peptidoglycan biosynthesis I (meso-diaminopimelate containing)|g__Gemmiger.s__Gemmiger_formicilis	54.1849339354
PEPTIDOGLYCANSYN-PWY: peptidoglycan biosynthesis I (meso-diaminopimelate containing)|g__Faecalibacterium.s__Faecalibacterium_prausnitzii	53.6593026757
PEPTIDOGLYCANSYN-PWY: peptidoglycan biosynthesis I (meso-diaminopimelate containing)|g__Clostridium.s__Clostridium_sp_CAG_217	49.5376785825
PEPTIDOGLYCANSYN-PWY: peptidoglycan biosynthesis I (meso-diaminopimelate containing)|g__Alistipes.s__Alistipes_putredinis	41.4863608722
PEPTIDOGLYCANSYN-PWY: peptidoglycan biosynthesis I (meso-diaminopimelate containing)|g__Fusicatenibacter.s__Fusicatenibacter_saccharivorans	37.6225937895
PEPTIDOGLYCANSYN-PWY: peptidoglycan biosynthesis I (meso-diaminopimelate containing)|g__Bacteroides.s__Bacteroides_uniformis	36.1111958320
PEPTIDOGLYCANSYN-PWY: peptidoglycan biosynthesis I (meso-diaminopimelate containing)|g__Blautia.s__Blautia_wexlerae	33.6126724075
PEPTIDOGLYCANSYN-PWY: peptidoglycan biosynthesis I (meso-diaminopimelate containing)|g__Blautia.s__Ruminococcus_torques	33.1749755129
PEPTIDOGLYCANSYN-PWY: peptidoglycan biosynthesis I (meso-diaminopimelate containing)|g__Blautia.s__Blautia_obeum	30.5968378134
PEPTIDOGLYCANSYN-PWY: peptidoglycan biosynthesis I (meso-diaminopimelate containing)|g__Bacteroides.s__Bacteroides_massiliensis	30.5820437156
PEPTIDOGLYCANSYN-PWY: peptidoglycan biosynthesis I (meso-diaminopimelate containing)|g__Holdemanella.s__Holdemanella_biformis	28.6476880322
PEPTIDOGLYCANSYN-PWY: peptidoglycan biosynthesis I (meso-diaminopimelate containing)|g__Bifidobacterium.s__Bifidobacterium_adolescentis	22.5947013460
PEPTIDOGLYCANSYN-PWY: peptidoglycan biosynthesis I (meso-diaminopimelate containing)|g__Clostridium.s__Clostridium_sp_CAG_508	21.8222303425
PEPTIDOGLYCANSYN-PWY: peptidoglycan biosynthesis I (meso-diaminopimelate containing)|g__Subdoligranulum.s__Subdoligranulum_sp_APC924_74	20.5821537077
PEPTIDOGLYCANSYN-PWY: peptidoglycan biosynthesis I (meso-diaminopimelate containing)|g__Eubacterium.s__Eubacterium_sp_CAG_251	20.2261780463
PEPTIDOGLYCANSYN-PWY: peptidoglycan biosynthesis I (meso-diaminopimelate containing)|g__Sutterella.s__Sutterella_wadsworthensis	18.2419930764
PEPTIDOGLYCANSYN-PWY: peptidoglycan biosynthesis I (meso-diaminopimelate containing)|g__Faecalibacterium.s__Faecalibacterium_sp_CAG_74	17.0549956311
PEPTIDOGLYCANSYN-PWY: peptidoglycan biosynthesis I (meso-diaminopimelate containing)|g__Paraprevotella.s__Paraprevotella_xylaniphila	13.2817765421
PEPTIDOGLYCANSYN-PWY: peptidoglycan biosynthesis I (meso-diaminopimelate containing)|g__Parabacteroides.s__Parabacteroides_distasonis	11.9728485635
PEPTIDOGLYCANSYN-PWY: peptidoglycan biosynthesis I (meso-diaminopimelate containing)|g__Parabacteroides.s__Parabacteroides_merdae	10.9246834118
PEPTIDOGLYCANSYN-PWY: peptidoglycan biosynthesis I (meso-diaminopimelate containing)|g__Roseburia.s__Roseburia_intestinalis	10.8066043025
PEPTIDOGLYCANSYN-PWY: peptidoglycan biosynthesis I (meso-diaminopimelate containing)|g__Anaerostipes.s__Anaerostipes_hadrus	9.8563864917
PEPTIDOGLYCANSYN-PWY: peptidoglycan biosynthesis I (meso-diaminopimelate containing)|g__Ruminococcus.s__Ruminococcus_bicirculans	9.7290128035
PEPTIDOGLYCANSYN-PWY: peptidoglycan biosynthesis I (meso-diaminopimelate containing)|g__Phascolarctobacterium.s__Phascolarctobacterium_succinatutens	9.3313470418
PEPTIDOGLYCANSYN-PWY: peptidoglycan biosynthesis I (meso-diaminopimelate containing)|g__Blautia.s__Blautia_sp	8.1791535395
PEPTIDOGLYCANSYN-PWY: peptidoglycan biosynthesis I (meso-diaminopimelate containing)|g__Bacteroides.s__Bacteroides_coprophilus	6.2017335322
PEPTIDOGLYCANSYN-PWY: peptidoglycan biosynthesis I (meso-diaminopimelate containing)|g__Bacteroides.s__Bacteroides_dorei	1.5456982165
PWY-5941: glycogen degradation II	1204.0599026006
PWY-5941: glycogen degradation II|g__Faecalibacterium.s__Faecalibacterium_prausnitzii	146.8931418014
PWY-5941: glycogen degradation II|unclassified	68.1320383637
PWY-5941: glycogen degradation II|g__Blautia.s__Blautia_obeum	62.2869168732
PWY-5941: glycogen degradation II|g__Blautia.s__Ruminococcus_torques	58.7214756800
PWY-5941: glycogen degradation II|g__Fusicatenibacter.s__Fusicatenibacter_saccharivorans	57.8143749885
PWY-5941: glycogen degradation II|g__Blautia.s__Blautia_wexlerae	54.2453266623
PWY-5941: glycogen degradation II|g__Bifidobacterium.s__Bifidobacterium_adolescentis	38.3141194236
PWY-5941: glycogen degradation II|g__Collinsella.s__Collinsella_aerofaciens	33.7335086523
PWY-5941: glycogen degradation II|g__Holdemanella.s__Holdemanella_biformis	27.4729767297
PWY-5941: glycogen degradation II|g__Roseburia.s__Roseburia_intestinalis	19.1028663583
PWY-5941: glycogen degradation II|g__Dorea.s__Dorea_longicatena	15.5184065277
PWY-5941: glycogen degradation II|g__Anaerostipes.s__Anaerostipes_hadrus	14.1764252593
PWY-5941: glycogen degradation II|g__Dorea.s__Dorea_formicigenerans	13.7908295479
PWY-5941: glycogen degradation II|g__Eubacterium.s__Eubacterium_hallii	12.3213659817
PWY-5941: glycogen degradation II|g__Blautia.s__Blautia_sp	9.6174291329
PWY-5941: glycogen degradation II|g__Blautia.s__Blautia_sp_CAG_52	9.5473349134
NONMEVIPP-PWY: methylerythritol phosphate pathway I	1202.5191605651
NONMEVIPP-PWY: methylerythritol phosphate pathway I|unclassified	101.2560949797
NONMEVIPP-PWY: methylerythritol phosphate pathway I|g__Bacteroides.s__Bacteroides_vulgatus	94.7208040010
NONMEVIPP-PWY: methylerythritol phosphate pathway I|g__Bacteroides.s__Bacteroides_plebeius	73.3548343086
NONMEVIPP-PWY: methylerythritol phosphate pathway I|g__Ruminococcus.s__Ruminococcus_bromii	61.2392685608
NONMEVIPP-PWY: methylerythritol phosphate pathway I|g__Gemmiger.s__Gemmiger_formicilis	58.4456937895
NONMEVIPP-PWY: methylerythritol phosphate pathway I|g__Fusicatenibacter.s__Fusicatenibacter_saccharivorans	51.4061699042
NONMEVIPP-PWY: methylerythritol phosphate pathway I|g__Bacteroides.s__Bacteroides_uniformis	50.0409396510
NONMEVIPP-PWY: methylerythritol phosphate pathway I|g__Clostridium.s__Clostridium_sp_CAG_217	44.7480636228
NONMEVIPP-PWY: methylerythritol phosphate pathway I|g__Alistipes.s__Alistipes_putredinis	41.8884936657
NONMEVIPP-PWY: methylerythritol phosphate pathway I|g__Bacteroides.s__Bacteroides_massiliensis	34.2535898922
NONMEVIPP-PWY: methylerythritol phosphate pathway I|g__Bifidobacterium.s__Bifidobacterium_adolescentis	28.7542762782
NONMEVIPP-PWY: methylerythritol phosphate pathway I|g__Holdemanella.s__Holdemanella_biformis	27.7896742904
NONMEVIPP-PWY: methylerythritol phosphate pathway I|g__Blautia.s__Blautia_obeum	27.6659502958
NONMEVIPP-PWY: methylerythritol phosphate pathway I|g__Blautia.s__Ruminococcus_torques	25.5032509872
NONMEVIPP-PWY: methylerythritol phosphate pathway I|g__Blautia.s__Blautia_wexlerae	21.2190125831
NONMEVIPP-PWY: methylerythritol phosphate pathway I|g__Eubacterium.s__Eubacterium_sp_CAG_251	20.0885065226
NONMEVIPP-PWY: methylerythritol phosphate pathway I|g__Subdoligranulum.s__Subdoligranulum_sp_APC924_74	18.0728372362
NONMEVIPP-PWY: methylerythritol phosphate pathway I|g__Faecalibacterium.s__Faecalibacterium_sp_CAG_74	15.6780879504
NONMEVIPP-PWY: methylerythritol phosphate pathway I|g__Sutterella.s__Sutterella_wadsworthensis	15.0775908490
NONMEVIPP-PWY: methylerythritol phosphate pathway I|g__Ruminococcus.s__Ruminococcus_bicirculans	10.1938249667
NONMEVIPP-PWY: methylerythritol phosphate pathway I|g__Eubacterium.s__Eubacterium_hallii	7.5908677214
NONMEVIPP-PWY: methylerythritol phosphate pathway I|g__Roseburia.s__Roseburia_intestinalis	6.7609063240
COMPLETE-ARO-PWY: superpathway of aromatic amino acid biosynthesis	1201.3782511713
COMPLETE-ARO-PWY: superpathway of aromatic amino acid biosynthesis|unclassified	86.2794555533
COMPLETE-ARO-PWY: superpathway of aromatic amino acid biosynthesis|g__Clostridium.s__Clostridium_sp_CAG_217	61.1326897414
COMPLETE-ARO-PWY: superpathway of aromatic amino acid biosynthesis|g__Blautia.s__Blautia_obeum	46.1754607787
COMPLETE-ARO-PWY: superpathway of aromatic amino acid biosynthesis|g__Fusicatenibacter.s__Fusicatenibacter_saccharivorans	44.5651161994
COMPLETE-ARO-PWY: superpathway of aromatic amino acid biosynthesis|g__Blautia.s__Ruminococcus_torques	30.1545611672
COMPLETE-ARO-PWY: superpathway of aromatic amino acid biosynthesis|g__Eubacterium.s__Eubacterium_sp_CAG_251	21.3200991860
COMPLETE-ARO-PWY: superpathway of aromatic amino acid biosynthesis|g__Blautia.s__Blautia_wexlerae	16.1505221669
COMPLETE-ARO-PWY: superpathway of aromatic amino acid biosynthesis|g__Parabacteroides.s__Parabacteroides_distasonis	9.6750059110
TRNA-CHARGING-PWY: tRNA charging	1187.8247510208
TRNA-CHARGING-PWY: tRNA charging|unclassified	110.2979192655
TRNA-CHARGING-PWY: tRNA charging|g__Faecalibacterium.s__Faecalibacterium_prausnitzii	82.9407926042
TRNA-CHARGING-PWY: tRNA charging|g__Bacteroides.s__Bacteroides_vulgatus	74.4315434768
TRNA-CHARGING-PWY: tRNA charging|g__Bacteroides.s__Bacteroides_plebeius	69.5879454420
TRNA-CHARGING-PWY: tRNA charging|g__Gemmiger.s__Gemmiger_formicilis	62.7432131978
TRNA-CHARGING-PWY: tRNA charging|g__Fusicatenibacter.s__Fusicatenibacter_saccharivorans	38.8321955256
TRNA-CHARGING-PWY: tRNA charging|g__Bacteroides.s__Bacteroides_uniformis	38.6246975108
TRNA-CHARGING-PWY: tRNA charging|g__Alistipes.s__Alistipes_putredinis	38.4250230743
TRNA-CHARGING-PWY: tRNA charging|g__Holdemanella.s__Holdemanella_biformis	29.3856309055
TRNA-CHARGING-PWY: tRNA charging|g__Bacteroides.s__Bacteroides_massiliensis	28.3247771594
TRNA-CHARGING-PWY: tRNA charging|g__Subdoligranulum.s__Subdoligranulum_sp_APC924_74	25.4780862361
TRNA-CHARGING-PWY: tRNA charging|g__Faecalibacterium.s__Faecalibacterium_sp_CAG_74	17.2770016139
TRNA-CHARGING-PWY: tRNA charging|g__Blautia.s__Ruminococcus_torques	12.7578713801
TRNA-CHARGING-PWY: tRNA charging|g__Alistipes.s__Alistipes_shahii	10.9260695574
TRNA-CHARGING-PWY: tRNA charging|g__Parabacteroides.s__Parabacteroides_merdae	10.1129504431
TRNA-CHARGING-PWY: tRNA charging|g__Parabacteroides.s__Parabacteroides_distasonis	9.0731345846
TRNA-CHARGING-PWY: tRNA charging|g__Bacteroides.s__Bacteroides_coprophilus	6.4488506441
ARO-PWY: chorismate biosynthesis I	1184.3861957859
ARO-PWY: chorismate biosynthesis I|g__Faecalibacterium.s__Faecalibacterium_prausnitzii	133.8100643687
ARO-PWY: chorismate biosynthesis I|unclassified	88.1872426630
ARO-PWY: chorismate biosynthesis I|g__Bacteroides.s__Bacteroides_vulgatus	75.2841474248
ARO-PWY: chorismate biosynthesis I|g__Ruminococcus.s__Ruminococcus_bromii	67.0151914319
ARO-PWY: chorismate biosynthesis I|g__Clostridium.s__Clostridium_sp_CAG_217	58.0490823201
ARO-PWY: chorismate biosynthesis I|g__Blautia.s__Blautia_obeum	46.8081410881
ARO-PWY: chorismate biosynthesis I|g__Fusicatenibacter.s__Fusicatenibacter_saccharivorans	42.2994555887
ARO-PWY: chorismate biosynthesis I|g__Blautia.s__Ruminococcus_torques	35.7760105769
ARO-PWY: chorismate biosynthesis I|g__Holdemanella.s__Holdemanella_biformis	30.6309456914
ARO-PWY: chorismate biosynthesis I|g__Bifidobacterium.s__Bifidobacterium_adolescentis	28.0418206933
ARO-PWY: chorismate biosynthesis I|g__Subdoligranulum.s__Subdoligranulum_sp_APC924_74	25.6033707593
ARO-PWY: chorismate biosynthesis I|g__Collinsella.s__Collinsella_aerofaciens	23.2579387070
ARO-PWY: chorismate biosynthesis I|g__Eubacterium.s__Eubacterium_sp_CAG_251	19.9754184877
ARO-PWY: chorismate biosynthesis I|g__Blautia.s__Blautia_wexlerae	18.9721197465
ARO-PWY: chorismate biosynthesis I|g__Eubacterium.s__Eubacterium_sp_CAG_115	12.6462421744
ARO-PWY: chorismate biosynthesis I|g__Roseburia.s__Roseburia_intestinalis	11.9976174612
ARO-PWY: chorismate biosynthesis I|g__Phascolarctobacterium.s__Phascolarctobacterium_succinatutens	10.2887859117
ARO-PWY: chorismate biosynthesis I|g__Anaerostipes.s__Anaerostipes_hadrus	9.3948219831
ARO-PWY: chorismate biosynthesis I|g__Clostridium.s__Clostridium_sp_CAG_138	8.9777770868
ARO-PWY: chorismate biosynthesis I|g__Parabacteroides.s__Parabacteroides_distasonis	8.9708980967
ARO-PWY: chorismate biosynthesis I|g__Eubacterium.s__Eubacterium_hallii	8.1408000967
ARO-PWY: chorismate biosynthesis I|g__Dorea.s__Dorea_formicigenerans	7.6194369062
ARO-PWY: chorismate biosynthesis I|g__Desulfovibrio.s__Desulfovibrio_piger	6.5604498594
ARO-PWY: chorismate biosynthesis I|g__Blautia.s__Blautia_sp	3.9194169864
ARO-PWY: chorismate biosynthesis I|g__Bacteroides.s__Bacteroides_dorei	1.7990811835
PWY-7221: guanosine ribonucleotides de novo biosynthesis	1174.2042390101
PWY-7221: guanosine ribonucleotides de novo biosynthesis|g__Bacteroides.s__Bacteroides_vulgatus	112.0329420000
PWY-7221: guanosine ribonucleotides de novo biosynthesis|unclassified	98.4814039263
PWY-7221: guanosine ribonucleotides de novo biosynthesis|g__Bacteroides.s__Bacteroides_plebeius	67.1003459880
PWY-7221: guanosine ribonucleotides de novo biosynthesis|g__Faecalibacterium.s__Faecalibacterium_prausnitzii	50.4564842412
PWY-7221: guanosine ribonucleotides de novo biosynthesis|g__Clostridium.s__Clostridium_sp_CAG_217	49.2955330083
PWY-7221: guanosine ribonucleotides de novo biosynthesis|g__Fusicatenibacter.s__Fusicatenibacter_saccharivorans	47.2366556448
PWY-7221: guanosine ribonucleotides de novo biosynthesis|g__Ruminococcus.s__Ruminococcus_bromii	43.7616148122
PWY-7221: guanosine ribonucleotides de novo biosynthesis|g__Blautia.s__Ruminococcus_torques	38.8254967588
PWY-7221: guanosine ribonucleotides de novo biosynthesis|g__Holdemanella.s__Holdemanella_biformis	34.7055458415
PWY-7221: guanosine ribonucleotides de novo biosynthesis|g__Alistipes.s__Alistipes_putredinis	33.3526427581
PWY-7221: guanosine ribonucleotides de novo biosynthesis|g__Bacteroides.s__Bacteroides_uniformis	31.7442462573
PWY-7221: guanosine ribonucleotides de novo biosynthesis|g__Blautia.s__Blautia_wexlerae	31.0217030584
PWY-7221: guanosine ribonucleotides de novo biosynthesis|g__Bacteroides.s__Bacteroides_massiliensis	26.7386577517
PWY-7221: guanosine ribonucleotides de novo biosynthesis|g__Bifidobacterium.s__Bifidobacterium_adolescentis	25.7269803676
PWY-7221: guanosine ribonucleotides de novo biosynthesis|g__Eubacterium.s__Eubacterium_sp_CAG_251	21.0284694775
PWY-7221: guanosine ribonucleotides de novo biosynthesis|g__Parabacteroides.s__Parabacteroides_distasonis	20.5798039237
PWY-7221: guanosine ribonucleotides de novo biosynthesis|g__Collinsella.s__Collinsella_aerofaciens	17.8870877585
PWY-7221: guanosine ribonucleotides de novo biosynthesis|g__Faecalibacterium.s__Faecalibacterium_sp_CAG_74	14.6238214354
PWY-7221: guanosine ribonucleotides de novo biosynthesis|g__Phascolarctobacterium.s__Phascolarctobacterium_succinatutens	12.3981579880
PWY-7221: guanosine ribonucleotides de novo biosynthesis|g__Paraprevotella.s__Paraprevotella_xylaniphila	11.4701213580
PWY-7221: guanosine ribonucleotides de novo biosynthesis|g__Ruminococcus.s__Ruminococcus_bicirculans	10.3231267323
PWY-7221: guanosine ribonucleotides de novo biosynthesis|g__Roseburia.s__Roseburia_intestinalis	9.9143758450
PWY-7221: guanosine ribonucleotides de novo biosynthesis|g__Eubacterium.s__Eubacterium_hallii	9.5011518682
PWY-7221: guanosine ribonucleotides de novo biosynthesis|g__Alistipes.s__Alistipes_sp_CAG_514	9.3587262409
PWY-7221: guanosine ribonucleotides de novo biosynthesis|g__Alistipes.s__Alistipes_shahii	9.1758151729
PWY-7221: guanosine ribonucleotides de novo biosynthesis|g__Dorea.s__Dorea_longicatena	8.6610677941
PWY-7221: guanosine ribonucleotides de novo biosynthesis|g__Anaerostipes.s__Anaerostipes_hadrus	8.1841432225
PWY-7221: guanosine ribonucleotides de novo biosynthesis|g__Eubacterium.s__Eubacterium_eligens	7.3006628670
PWY-7221: guanosine ribonucleotides de novo biosynthesis|g__Bacteroides.s__Bacteroides_thetaiotaomicron	7.0911705078
PWY-7221: guanosine ribonucleotides de novo biosynthesis|g__Blautia.s__Blautia_obeum	6.3899463050
PWY-7221: guanosine ribonucleotides de novo biosynthesis|g__Dorea.s__Dorea_formicigenerans	5.6769222971
PWY-7221: guanosine ribonucleotides de novo biosynthesis|g__Blautia.s__Blautia_sp	5.6727530580
PWY-7221: guanosine ribonucleotides de novo biosynthesis|g__Bacteroides.s__Bacteroides_dorei	5.0424866948
PWY-7221: guanosine ribonucleotides de novo biosynthesis|g__Bacteroides.s__Bacteroides_ovatus	4.3597715567
PWY-7221: guanosine ribonucleotides de novo biosynthesis|g__Bacteroides.s__Bacteroides_finegoldii	3.3057941877
PWY-7221: guanosine ribonucleotides de novo biosynthesis|g__Bacteroides.s__Bacteroides_cellulosilyticus	3.2851511170
PWY-7221: guanosine ribonucleotides de novo biosynthesis|g__Lachnospiraceae_unclassified.s__Eubacterium_rectale	1.3989411016
PWY-6385: peptidoglycan biosynthesis III (mycobacteria)	1153.8850247363
PWY-6385: peptidoglycan biosynthesis III (mycobacteria)|unclassified	114.3103373661
PWY-6385: peptidoglycan biosynthesis III (mycobacteria)|g__Bacteroides.s__Bacteroides_vulgatus	86.1672629545
PWY-6385: peptidoglycan biosynthesis III (mycobacteria)|g__Bacteroides.s__Bacteroides_plebeius	71.5160596954
PWY-6385: peptidoglycan biosynthesis III (mycobacteria)|g__Alistipes.s__Alistipes_putredinis	40.5258564171
PWY-6385: peptidoglycan biosynthesis III (mycobacteria)|g__Bacteroides.s__Bacteroides_uniformis	38.8757136969
PWY-6385: peptidoglycan biosynthesis III (mycobacteria)|g__Fusicatenibacter.s__Fusicatenibacter_saccharivorans	37.6225937895
PWY-6385: peptidoglycan biosynthesis III (mycobacteria)|g__Blautia.s__Blautia_wexlerae	33.6126724075
PWY-6385: peptidoglycan biosynthesis III (mycobacteria)|g__Blautia.s__Ruminococcus_torques	33.1749755129
PWY-6385: peptidoglycan biosynthesis III (mycobacteria)|g__Bacteroides.s__Bacteroides_massiliensis	30.7461317144
PWY-6385: peptidoglycan biosynthesis III (mycobacteria)|g__Blautia.s__Blautia_obeum	29.9859080898
PWY-6385: peptidoglycan biosynthesis III (mycobacteria)|g__Bifidobacterium.s__Bifidobacterium_adolescentis	23.5071000739
PWY-6385: peptidoglycan biosynthesis III (mycobacteria)|g__Clostridium.s__Clostridium_sp_CAG_508	19.9359149510
PWY-6385: peptidoglycan biosynthesis III (mycobacteria)|g__Eubacterium.s__Eubacterium_sp_CAG_251	18.8578274281
PWY-6385: peptidoglycan biosynthesis III (mycobacteria)|g__Sutterella.s__Sutterella_wadsworthensis	18.3580284942
PWY-6385: peptidoglycan biosynthesis III (mycobacteria)|g__Paraprevotella.s__Paraprevotella_xylaniphila	13.0651754882
PWY-6385: peptidoglycan biosynthesis III (mycobacteria)|g__Parabacteroides.s__Parabacteroides_distasonis	12.2484623918
PWY-6385: peptidoglycan biosynthesis III (mycobacteria)|g__Ruminococcus.s__Ruminococcus_bicirculans	11.1186566205
PWY-6385: peptidoglycan biosynthesis III (mycobacteria)|g__Phascolarctobacterium.s__Phascolarctobacterium_succinatutens	9.3448630667
PWY-6385: peptidoglycan biosynthesis III (mycobacteria)|g__Bacteroides.s__Bacteroides_coprophilus	6.4381629775
PWY-6385: peptidoglycan biosynthesis III (mycobacteria)|g__Blautia.s__Blautia_sp	4.8047685184
PWY-6385: peptidoglycan biosynthesis III (mycobacteria)|g__Lachnospiraceae_unclassified.s__Eubacterium_rectale	2.1687605533
PWY-6151: S-adenosyl-L-methionine salvage I	1138.5519726609
PWY-6151: S-adenosyl-L-methionine salvage I|unclassified	124.4393646302
PWY-6151: S-adenosyl-L-methionine salvage I|g__Bacteroides.s__Bacteroides_vulgatus	97.9638577397
PWY-6151: S-adenosyl-L-methionine salvage I|g__Faecalibacterium.s__Faecalibacterium_prausnitzii	71.2206598242
PWY-6151: S-adenosyl-L-methionine salvage I|g__Ruminococcus.s__Ruminococcus_bromii	70.3461648567
PWY-6151: S-adenosyl-L-methionine salvage I|g__Gemmiger.s__Gemmiger_formicilis	56.2926977158
PWY-6151: S-adenosyl-L-methionine salvage I|g__Fusicatenibacter.s__Fusicatenibacter_saccharivorans	52.7986662022
PWY-6151: S-adenosyl-L-methionine salvage I|g__Bacteroides.s__Bacteroides_uniformis	45.5415149367
PWY-6151: S-adenosyl-L-methionine salvage I|g__Blautia.s__Blautia_wexlerae	41.8208251807
PWY-6151: S-adenosyl-L-methionine salvage I|g__Holdemanella.s__Holdemanella_biformis	40.3984968174
PWY-6151: S-adenosyl-L-methionine salvage I|g__Blautia.s__Ruminococcus_torques	24.6409178291
PWY-6151: S-adenosyl-L-methionine salvage I|g__Bifidobacterium.s__Bifidobacterium_adolescentis	24.6204349610
PWY-6151: S-adenosyl-L-methionine salvage I|g__Eubacterium.s__Eubacterium_sp_CAG_251	21.1055276382
PWY-6151: S-adenosyl-L-methionine salvage I|g__Anaerostipes.s__Anaerostipes_hadrus	12.0674895701
PWY-6151: S-adenosyl-L-methionine salvage I|g__Faecalibacterium.s__Faecalibacterium_sp_CAG_74	11.1064834097
PWY-6151: S-adenosyl-L-methionine salvage I|g__Dorea.s__Dorea_formicigenerans	6.7322138199
PWY-6151: S-adenosyl-L-methionine salvage I|g__Eubacterium.s__Eubacterium_eligens	6.6750431915
PWY-6151: S-adenosyl-L-methionine salvage I|g__Lachnospiraceae_unclassified.s__Eubacterium_rectale	5.7308642927
PWY-6151: S-adenosyl-L-methionine salvage I|g__Blautia.s__Blautia_obeum	5.7031013058
PWY-7953: UDP-N-acetylmuramoyl-pentapeptide biosynthesis III (meso-diaminopimelate containing)	1123.6499953305
PWY-7953: UDP-N-acetylmuramoyl-pentapeptide biosynthesis III (meso-diaminopimelate containing)|unclassified	108.0051659720
PWY-7953: UDP-N-acetylmuramoyl-pentapeptide biosynthesis III (meso-diaminopimelate containing)|g__Bacteroides.s__Bacteroides_vulgatus	69.4551889628
PWY-7953: UDP-N-acetylmuramoyl-pentapeptide biosynthesis III (meso-diaminopimelate containing)|g__Bacteroides.s__Bacteroides_plebeius	61.0239582155
PWY-7953: UDP-N-acetylmuramoyl-pentapeptide biosynthesis III (meso-diaminopimelate containing)|g__Alistipes.s__Alistipes_putredinis	41.5140107031
PWY-7953: UDP-N-acetylmuramoyl-pentapeptide biosynthesis III (meso-diaminopimelate containing)|g__Fusicatenibacter.s__Fusicatenibacter_saccharivorans	36.5583466782
PWY-7953: UDP-N-acetylmuramoyl-pentapeptide biosynthesis III (meso-diaminopimelate containing)|g__Bacteroides.s__Bacteroides_uniformis	34.8563769035
PWY-7953: UDP-N-acetylmuramoyl-pentapeptide biosynthesis III (meso-diaminopimelate containing)|g__Blautia.s__Blautia_wexlerae	34.0679639019
PWY-7953: UDP-N-acetylmuramoyl-pentapeptide biosynthesis III (meso-diaminopimelate containing)|g__Blautia.s__Ruminococcus_torques	30.9460912958
PWY-7953: UDP-N-acetylmuramoyl-pentapeptide biosynthesis III (meso-diaminopimelate containing)|g__Bacteroides.s__Bacteroides_massiliensis	29.8588349240
PWY-7953: UDP-N-acetylmuramoyl-pentapeptide biosynthesis III (meso-diaminopimelate containing)|g__Blautia.s__Blautia_obeum	29.2485853841
PWY-7953: UDP-N-acetylmuramoyl-pentapeptide biosynthesis III (meso-diaminopimelate containing)|g__Clostridium.s__Clostridium_sp_CAG_508	24.5601963167
PWY-7953: UDP-N-acetylmuramoyl-pentapeptide biosynthesis III (meso-diaminopimelate containing)|g__Eubacterium.s__Eubacterium_sp_CAG_251	18.9656720143
PWY-7953: UDP-N-acetylmuramoyl-pentapeptide biosynthesis III (meso-diaminopimelate containing)|g__Sutterella.s__Sutterella_wadsworthensis	15.2932170882
PWY-7953: UDP-N-acetylmuramoyl-pentapeptide biosynthesis III (meso-diaminopimelate containing)|g__Roseburia.s__Roseburia_intestinalis	13.7336555642
PWY-7953: UDP-N-acetylmuramoyl-pentapeptide biosynthesis III (meso-diaminopimelate containing)|g__Paraprevotella.s__Paraprevotella_xylaniphila	11.8975526817
PWY-7953: UDP-N-acetylmuramoyl-pentapeptide biosynthesis III (meso-diaminopimelate containing)|g__Ruminococcus.s__Ruminococcus_bicirculans	10.5144645542
PWY-7953: UDP-N-acetylmuramoyl-pentapeptide biosynthesis III (meso-diaminopimelate containing)|g__Eubacterium.s__Eubacterium_sp_CAG_115	10.0549970094
PWY-7953: UDP-N-acetylmuramoyl-pentapeptide biosynthesis III (meso-diaminopimelate containing)|g__Blautia.s__Blautia_sp	4.1076204326
PWY-7953: UDP-N-acetylmuramoyl-pentapeptide biosynthesis III (meso-diaminopimelate containing)|g__Bacteroides.s__Bacteroides_dorei	1.5109593611
PWY-6700: queuosine biosynthesis I (de novo)	1116.7603766502
PWY-6700: queuosine biosynthesis I (de novo)|unclassified	105.6440411346
PWY-6700: queuosine biosynthesis I (de novo)|g__Bacteroides.s__Bacteroides_vulgatus	81.7917200478
PWY-6700: queuosine biosynthesis I (de novo)|g__Bacteroides.s__Bacteroides_plebeius	74.1538552880
PWY-6700: queuosine biosynthesis I (de novo)|g__Faecalibacterium.s__Faecalibacterium_prausnitzii	65.3230801086
PWY-6700: queuosine biosynthesis I (de novo)|g__Gemmiger.s__Gemmiger_formicilis	54.8081734733
PWY-6700: queuosine biosynthesis I (de novo)|g__Bacteroides.s__Bacteroides_uniformis	53.1279619236
PWY-6700: queuosine biosynthesis I (de novo)|g__Clostridium.s__Clostridium_sp_CAG_217	43.3356896193
PWY-6700: queuosine biosynthesis I (de novo)|g__Ruminococcus.s__Ruminococcus_bromii	43.2665783047
PWY-6700: queuosine biosynthesis I (de novo)|g__Bacteroides.s__Bacteroides_massiliensis	30.1340803984
PWY-6700: queuosine biosynthesis I (de novo)|g__Blautia.s__Ruminococcus_torques	28.1120749380
PWY-6700: queuosine biosynthesis I (de novo)|g__Fusicatenibacter.s__Fusicatenibacter_saccharivorans	22.4305054875
PWY-6700: queuosine biosynthesis I (de novo)|g__Clostridium.s__Clostridium_sp_CAG_508	21.6622598834
PWY-6700: queuosine biosynthesis I (de novo)|g__Subdoligranulum.s__Subdoligranulum_sp_APC924_74	18.2835682472
PWY-6700: queuosine biosynthesis I (de novo)|g__Eubacterium.s__Eubacterium_sp_CAG_251	17.5456919060
PWY-6700: queuosine biosynthesis I (de novo)|g__Collinsella.s__Collinsella_aerofaciens	14.5970180377
PWY-6700: queuosine biosynthesis I (de novo)|g__Phascolarctobacterium.s__Phascolarctobacterium_succinatutens	14.2984033450
PWY-6700: queuosine biosynthesis I (de novo)|g__Eubacterium.s__Eubacterium_sp_CAG_115	13.8134936858
PWY-6700: queuosine biosynthesis I (de novo)|g__Sutterella.s__Sutterella_wadsworthensis	13.0155877158
PWY-6700: queuosine biosynthesis I (de novo)|g__Blautia.s__Blautia_wexlerae	11.5584665768
PWY-6700: queuosine biosynthesis I (de novo)|g__Blautia.s__Blautia_obeum	11.1301457284
PWY-6700: queuosine biosynthesis I (de novo)|g__Firmicutes_unclassified.s__Firmicutes_bacterium_CAG_65_45_313	8.6111554680
PWY-6700: queuosine biosynthesis I (de novo)|g__Bacteroides.s__Bacteroides_dorei	7.8739692171
PWY-6700: queuosine biosynthesis I (de novo)|g__Parabacteroides.s__Parabacteroides_distasonis	7.4987773273
PWY-6700: queuosine biosynthesis I (de novo)|g__Eubacterium.s__Eubacterium_eligens	7.1025880055
PWY-6700: queuosine biosynthesis I (de novo)|g__Parabacteroides.s__Parabacteroides_merdae	5.3974877704
PWY-6700: queuosine biosynthesis I (de novo)|g__Bacteroides.s__Bacteroides_ovatus	4.3362664883
PWY-6700: queuosine biosynthesis I (de novo)|g__Bacteroides.s__Bacteroides_coprophilus	3.9024390244
PWY-6700: queuosine biosynthesis I (de novo)|g__Lachnospiraceae_unclassified.s__Eubacterium_rectale	1.8982085657
PWY-6700: queuosine biosynthesis I (de novo)|g__Dorea.s__Dorea_longicatena	1.8511234005
PWY-6700: queuosine biosynthesis I (de novo)|g__Bacteroides.s__Bacteroides_thetaiotaomicron	1.6943099539
PWY-6122: 5-aminoimidazole ribonucleotide biosynthesis II	1080.1839502997
PWY-6122: 5-aminoimidazole ribonucleotide biosynthesis II|unclassified	133.2768655194
PWY-6122: 5-aminoimidazole ribonucleotide biosynthesis II|g__Faecalibacterium.s__Faecalibacterium_prausnitzii	101.6055689992
PWY-6122: 5-aminoimidazole ribonucleotide biosynthesis II|g__Bacteroides.s__Bacteroides_plebeius	69.8487872572
PWY-6122: 5-aminoimidazole ribonucleotide biosynthesis II|g__Gemmiger.s__Gemmiger_formicilis	57.0076094979
PWY-6122: 5-aminoimidazole ribonucleotide biosynthesis II|g__Ruminococcus.s__Ruminococcus_bromii	56.8022094355
PWY-6122: 5-aminoimidazole ribonucleotide biosynthesis II|g__Bacteroides.s__Bacteroides_vulgatus	55.7465916662
PWY-6122: 5-aminoimidazole ribonucleotide biosynthesis II|g__Clostridium.s__Clostridium_sp_CAG_217	55.6612096114
PWY-6122: 5-aminoimidazole ribonucleotide biosynthesis II|g__Holdemanella.s__Holdemanella_biformis	43.9050766704
PWY-6122: 5-aminoimidazole ribonucleotide biosynthesis II|g__Bacteroides.s__Bacteroides_uniformis	41.3856254660
PWY-6122: 5-aminoimidazole ribonucleotide biosynthesis II|g__Blautia.s__Blautia_obeum	38.2304132755
PWY-6122: 5-aminoimidazole ribonucleotide biosynthesis II|g__Alistipes.s__Alistipes_putredinis	38.1153192889
PWY-6122: 5-aminoimidazole ribonucleotide biosynthesis II|g__Fusicatenibacter.s__Fusicatenibacter_saccharivorans	37.5964691008
PWY-6122: 5-aminoimidazole ribonucleotide biosynthesis II|g__Blautia.s__Ruminococcus_torques	28.7755736522
PWY-6122: 5-aminoimidazole ribonucleotide biosynthesis II|g__Subdoligranulum.s__Subdoligranulum_sp_APC924_74	28.7434984944
PWY-6122: 5-aminoimidazole ribonucleotide biosynthesis II|g__Collinsella.s__Collinsella_aerofaciens	28.7339120024
PWY-6122: 5-aminoimidazole ribonucleotide biosynthesis II|g__Bacteroides.s__Bacteroides_massiliensis	26.5609206965
PWY-6122: 5-aminoimidazole ribonucleotide biosynthesis II|g__Blautia.s__Blautia_wexlerae	24.4279147058
PWY-6122: 5-aminoimidazole ribonucleotide biosynthesis II|g__Eubacterium.s__Eubacterium_sp_CAG_251	20.7782955861
PWY-6122: 5-aminoimidazole ribonucleotide biosynthesis II|g__Bifidobacterium.s__Bifidobacterium_adolescentis	20.4917546326
PWY-6122: 5-aminoimidazole ribonucleotide biosynthesis II|g__Ruminococcus.s__Ruminococcus_bicirculans	16.6847348599
PWY-6122: 5-aminoimidazole ribonucleotide biosynthesis II|g__Phascolarctobacterium.s__Phascolarctobacterium_succinatutens	14.6753087930
PWY-6122: 5-aminoimidazole ribonucleotide biosynthesis II|g__Sutterella.s__Sutterella_wadsworthensis	12.8700065930
PWY-6122: 5-aminoimidazole ribonucleotide biosynthesis II|g__Alistipes.s__Alistipes_shahii	12.3551705102
PWY-6122: 5-aminoimidazole ribonucleotide biosynthesis II|g__Parabacteroides.s__Parabacteroides_distasonis	11.4831625860
PWY-6122: 5-aminoimidazole ribonucleotide biosynthesis II|g__Eubacterium.s__Eubacterium_sp_CAG_115	11.4516233977
PWY-6122: 5-aminoimidazole ribonucleotide biosynthesis II|g__Blautia.s__Blautia_sp	10.8698903742
PWY-6122: 5-aminoimidazole ribonucleotide biosynthesis II|g__Roseburia.s__Roseburia_intestinalis	9.0681100365
PWY-6122: 5-aminoimidazole ribonucleotide biosynthesis II|g__Desulfovibrio.s__Desulfovibrio_piger	9.0371915189
PWY-6122: 5-aminoimidazole ribonucleotide biosynthesis II|g__Parabacteroides.s__Parabacteroides_merdae	8.8849808157
PWY-6122: 5-aminoimidazole ribonucleotide biosynthesis II|g__Clostridium.s__Clostridium_sp_CAG_138	7.8142046002
PWY-6122: 5-aminoimidazole ribonucleotide biosynthesis II|g__Paraprevotella.s__Paraprevotella_xylaniphila	7.7143590550
PWY-6122: 5-aminoimidazole ribonucleotide biosynthesis II|g__Dorea.s__Dorea_formicigenerans	7.6521926076
PWY-6122: 5-aminoimidazole ribonucleotide biosynthesis II|g__Firmicutes_unclassified.s__Firmicutes_bacterium_CAG_56	7.1204902304
PWY-6122: 5-aminoimidazole ribonucleotide biosynthesis II|g__Firmicutes_unclassified.s__Firmicutes_bacterium_CAG_65_45_313	6.6860409900
PWY-6122: 5-aminoimidazole ribonucleotide biosynthesis II|g__Anaerostipes.s__Anaerostipes_hadrus	6.3405797101
PWY-6122: 5-aminoimidazole ribonucleotide biosynthesis II|g__Ruminococcus.s__Ruminococcus_lactaris	5.3205639798
PWY-6122: 5-aminoimidazole ribonucleotide biosynthesis II|g__Bifidobacterium.s__Bifidobacterium_pseudocatenulatum	5.1609335760
PWY-6122: 5-aminoimidazole ribonucleotide biosynthesis II|g__Eubacterium.s__Eubacterium_eligens	4.7108703333
PWY-6122: 5-aminoimidazole ribonucleotide biosynthesis II|g__Bacteroides.s__Bacteroides_coprophilus	4.2179868978
PWY-6122: 5-aminoimidazole ribonucleotide biosynthesis II|g__Lachnospira.s__Lachnospira_pectinoschiza	3.2691879040
PWY-6122: 5-aminoimidazole ribonucleotide biosynthesis II|g__Bacteroides.s__Bacteroides_dorei	3.2090316844
PWY-6122: 5-aminoimidazole ribonucleotide biosynthesis II|g__Eubacterium.s__Eubacterium_sp_CAG_252	2.5710245533
PWY-6277: superpathway of 5-aminoimidazole ribonucleotide biosynthesis	1080.1839502997
PWY-6277: superpathway of 5-aminoimidazole ribonucleotide biosynthesis|unclassified	133.2768655194
PWY-6277: superpathway of 5-aminoimidazole ribonucleotide biosynthesis|g__Faecalibacterium.s__Faecalibacterium_prausnitzii	101.6055689992
PWY-6277: superpathway of 5-aminoimidazole ribonucleotide biosynthesis|g__Bacteroides.s__Bacteroides_plebeius	69.8487872572
PWY-6277: superpathway of 5-aminoimidazole ribonucleotide biosynthesis|g__Gemmiger.s__Gemmiger_formicilis	57.0076094979
PWY-6277: superpathway of 5-aminoimidazole ribonucleotide biosynthesis|g__Ruminococcus.s__Ruminococcus_bromii	56.8022094355
PWY-6277: superpathway of 5-aminoimidazole ribonucleotide biosynthesis|g__Bacteroides.s__Bacteroides_vulgatus	55.7465916662
PWY-6277: superpathway of 5-aminoimidazole ribonucleotide biosynthesis|g__Clostridium.s__Clostridium_sp_CAG_217	55.6612096114
PWY-6277: superpathway of 5-aminoimidazole ribonucleotide biosynthesis|g__Holdemanella.s__Holdemanella_biformis	43.9050766704
PWY-6277: superpathway of 5-aminoimidazole ribonucleotide biosynthesis|g__Bacteroides.s__Bacteroides_uniformis	41.3856254660
PWY-6277: superpathway of 5-aminoimidazole ribonucleotide biosynthesis|g__Blautia.s__Blautia_obeum	38.2304132755
PWY-6277: superpathway of 5-aminoimidazole ribonucleotide biosynthesis|g__Alistipes.s__Alistipes_putredinis	38.1153192889
PWY-6277: superpathway of 5-aminoimidazole ribonucleotide biosynthesis|g__Fusicatenibacter.s__Fusicatenibacter_saccharivorans	37.5964691008
PWY-6277: superpathway of 5-aminoimidazole ribonucleotide biosynthesis|g__Blautia.s__Ruminococcus_torques	28.7755736522
PWY-6277: superpathway of 5-aminoimidazole ribonucleotide biosynthesis|g__Subdoligranulum.s__Subdoligranulum_sp_APC924_74	28.7434984944
PWY-6277: superpathway of 5-aminoimidazole ribonucleotide biosynthesis|g__Collinsella.s__Collinsella_aerofaciens	28.7339120024
PWY-6277: superpathway of 5-aminoimidazole ribonucleotide biosynthesis|g__Bacteroides.s__Bacteroides_massiliensis	26.5609206965
PWY-6277: superpathway of 5-aminoimidazole ribonucleotide biosynthesis|g__Blautia.s__Blautia_wexlerae	24.4279147058
PWY-6277: superpathway of 5-aminoimidazole ribonucleotide biosynthesis|g__Eubacterium.s__Eubacterium_sp_CAG_251	20.7782955861
PWY-6277: superpathway of 5-aminoimidazole ribonucleotide biosynthesis|g__Bifidobacterium.s__Bifidobacterium_adolescentis	20.4917546326
PWY-6277: superpathway of 5-aminoimidazole ribonucleotide biosynthesis|g__Ruminococcus.s__Ruminococcus_bicirculans	16.6847348599
PWY-6277: superpathway of 5-aminoimidazole ribonucleotide biosynthesis|g__Phascolarctobacterium.s__Phascolarctobacterium_succinatutens	14.6753087930
PWY-6277: superpathway of 5-aminoimidazole ribonucleotide biosynthesis|g__Sutterella.s__Sutterella_wadsworthensis	12.8700065930
PWY-6277: superpathway of 5-aminoimidazole ribonucleotide biosynthesis|g__Alistipes.s__Alistipes_shahii	12.3551705102
PWY-6277: superpathway of 5-aminoimidazole ribonucleotide biosynthesis|g__Parabacteroides.s__Parabacteroides_distasonis	11.4831625860
PWY-6277: superpathway of 5-aminoimidazole ribonucleotide biosynthesis|g__Eubacterium.s__Eubacterium_sp_CAG_115	11.4516233977
PWY-6277: superpathway of 5-aminoimidazole ribonucleotide biosynthesis|g__Blautia.s__Blautia_sp	10.8698903742
PWY-6277: superpathway of 5-aminoimidazole ribonucleotide biosynthesis|g__Roseburia.s__Roseburia_intestinalis	9.0681100365
PWY-6277: superpathway of 5-aminoimidazole ribonucleotide biosynthesis|g__Desulfovibrio.s__Desulfovibrio_piger	9.0371915189
PWY-6277: superpathway of 5-aminoimidazole ribonucleotide biosynthesis|g__Parabacteroides.s__Parabacteroides_merdae	8.8849808157
PWY-6277: superpathway of 5-aminoimidazole ribonucleotide biosynthesis|g__Clostridium.s__Clostridium_sp_CAG_138	7.8142046002
PWY-6277: superpathway of 5-aminoimidazole ribonucleotide biosynthesis|g__Paraprevotella.s__Paraprevotella_xylaniphila	7.7143590550
PWY-6277: superpathway of 5-aminoimidazole ribonucleotide biosynthesis|g__Dorea.s__Dorea_formicigenerans	7.6521926076
PWY-6277: superpathway of 5-aminoimidazole ribonucleotide biosynthesis|g__Firmicutes_unclassified.s__Firmicutes_bacterium_CAG_56	7.1204902304
PWY-6277: superpathway of 5-aminoimidazole ribonucleotide biosynthesis|g__Firmicutes_unclassified.s__Firmicutes_bacterium_CAG_65_45_313	6.6860409900
PWY-6277: superpathway of 5-aminoimidazole ribonucleotide biosynthesis|g__Anaerostipes.s__Anaerostipes_hadrus	6.3405797101
PWY-6277: superpathway of 5-aminoimidazole ribonucleotide biosynthesis|g__Ruminococcus.s__Ruminococcus_lactaris	5.3205639798
PWY-6277: superpathway of 5-aminoimidazole ribonucleotide biosynthesis|g__Bifidobacterium.s__Bifidobacterium_pseudocatenulatum	5.1609335760
PWY-6277: superpathway of 5-aminoimidazole ribonucleotide biosynthesis|g__Eubacterium.s__Eubacterium_eligens	4.7108703333
PWY-6277: superpathway of 5-aminoimidazole ribonucleotide biosynthesis|g__Bacteroides.s__Bacteroides_coprophilus	4.2179868978
PWY-6277: superpathway of 5-aminoimidazole ribonucleotide biosynthesis|g__Lachnospira.s__Lachnospira_pectinoschiza	3.2691879040
PWY-6277: superpathway of 5-aminoimidazole ribonucleotide biosynthesis|g__Bacteroides.s__Bacteroides_dorei	3.2090316844
PWY-6277: superpathway of 5-aminoimidazole ribonucleotide biosynthesis|g__Eubacterium.s__Eubacterium_sp_CAG_252	2.5710245533
PWY-3841: folate transformations II (plants)	1079.6719704754
PWY-3841: folate transformations II (plants)|unclassified	94.1483290445
PWY-3841: folate transformations II (plants)|g__Bacteroides.s__Bacteroides_vulgatus	81.3102159576
PWY-3841: folate transformations II (plants)|g__Bacteroides.s__Bacteroides_plebeius	63.6215135751
PWY-3841: folate transformations II (plants)|g__Bacteroides.s__Bacteroides_uniformis	52.6163436761
PWY-3841: folate transformations II (plants)|g__Blautia.s__Blautia_wexlerae	36.3260360084
PWY-3841: folate transformations II (plants)|g__Alistipes.s__Alistipes_putredinis	36.1168742822
PWY-3841: folate transformations II (plants)|g__Bacteroides.s__Bacteroides_massiliensis	27.1815515856
PWY-3841: folate transformations II (plants)|g__Bifidobacterium.s__Bifidobacterium_adolescentis	26.7329178108
PWY-3841: folate transformations II (plants)|g__Blautia.s__Ruminococcus_torques	25.7715411620
PWY-3841: folate transformations II (plants)|g__Clostridium.s__Clostridium_sp_CAG_508	22.5531299696
PWY-3841: folate transformations II (plants)|g__Eubacterium.s__Eubacterium_sp_CAG_251	14.9207336027
PWY-3841: folate transformations II (plants)|g__Paraprevotella.s__Paraprevotella_xylaniphila	14.5260750121
PWY-3841: folate transformations II (plants)|g__Sutterella.s__Sutterella_wadsworthensis	12.8949065119
PWY-3841: folate transformations II (plants)|g__Parabacteroides.s__Parabacteroides_distasonis	10.7666771343
PWY-3841: folate transformations II (plants)|g__Blautia.s__Blautia_obeum	10.0029212426
PWY-3841: folate transformations II (plants)|g__Dorea.s__Dorea_longicatena	9.1939074061
PWY-3841: folate transformations II (plants)|g__Anaerostipes.s__Anaerostipes_hadrus	9.1391268870
PWY-3841: folate transformations II (plants)|g__Dorea.s__Dorea_formicigenerans	9.0140845070
PWY-3841: folate transformations II (plants)|g__Parabacteroides.s__Parabacteroides_merdae	8.1737437395
PWY-3841: folate transformations II (plants)|g__Firmicutes_unclassified.s__Firmicutes_bacterium_CAG_56	5.9180352123
PWY-3841: folate transformations II (plants)|g__Bacteroides.s__Bacteroides_thetaiotaomicron	4.4235554327
PWY-3841: folate transformations II (plants)|g__Bacteroides.s__Bacteroides_coprophilus	3.7206830111
PWY-3841: folate transformations II (plants)|g__Bacteroides.s__Bacteroides_finegoldii	3.4013605442
PWY-3841: folate transformations II (plants)|g__Bacteroides.s__Bacteroides_stercoris	3.3151880128
PWY-3841: folate transformations II (plants)|g__Bacteroides.s__Bacteroides_ovatus	2.6619343390
PWY-3841: folate transformations II (plants)|g__Bacteroides.s__Bacteroides_dorei	1.4774015289
PWY66-429: fatty acid biosynthesis initiation (mitochondria)	1077.0934486806
PWY66-429: fatty acid biosynthesis initiation (mitochondria)|g__Bacteroides.s__Bacteroides_vulgatus	137.0633783878
PWY66-429: fatty acid biosynthesis initiation (mitochondria)|unclassified	116.0856895288
PWY66-429: fatty acid biosynthesis initiation (mitochondria)|g__Bacteroides.s__Bacteroides_plebeius	70.1129624134
PWY66-429: fatty acid biosynthesis initiation (mitochondria)|g__Fusicatenibacter.s__Fusicatenibacter_saccharivorans	46.3734907304
PWY66-429: fatty acid biosynthesis initiation (mitochondria)|g__Bacteroides.s__Bacteroides_uniformis	37.1134113561
PWY66-429: fatty acid biosynthesis initiation (mitochondria)|g__Blautia.s__Blautia_wexlerae	30.9119801736
PWY66-429: fatty acid biosynthesis initiation (mitochondria)|g__Bacteroides.s__Bacteroides_massiliensis	29.0198775895
PWY66-429: fatty acid biosynthesis initiation (mitochondria)|g__Blautia.s__Blautia_obeum	27.8694145452
PWY66-429: fatty acid biosynthesis initiation (mitochondria)|g__Blautia.s__Ruminococcus_torques	23.3109872549
PWY66-429: fatty acid biosynthesis initiation (mitochondria)|g__Sutterella.s__Sutterella_wadsworthensis	18.0833977753
PWY66-429: fatty acid biosynthesis initiation (mitochondria)|g__Blautia.s__Blautia_sp	14.8547239236
PWY66-429: fatty acid biosynthesis initiation (mitochondria)|g__Ruminococcus.s__Ruminococcus_bicirculans	14.5267876457
PWY66-429: fatty acid biosynthesis initiation (mitochondria)|g__Eubacterium.s__Eubacterium_sp_CAG_115	14.1757198608
PWY66-429: fatty acid biosynthesis initiation (mitochondria)|g__Parabacteroides.s__Parabacteroides_distasonis	13.2169106857
PWY66-429: fatty acid biosynthesis initiation (mitochondria)|g__Parabacteroides.s__Parabacteroides_merdae	12.9068804784
PWY66-429: fatty acid biosynthesis initiation (mitochondria)|g__Dorea.s__Dorea_longicatena	12.4115194415
PWY66-429: fatty acid biosynthesis initiation (mitochondria)|g__Anaerostipes.s__Anaerostipes_hadrus	11.8553721745
PWY66-429: fatty acid biosynthesis initiation (mitochondria)|g__Bacteroides.s__Bacteroides_coprophilus	8.5896816449
PWY66-429: fatty acid biosynthesis initiation (mitochondria)|g__Dorea.s__Dorea_formicigenerans	7.8158140966
PWY66-429: fatty acid biosynthesis initiation (mitochondria)|g__Bacteroides.s__Bacteroides_dorei	3.1929615677
PWY66-429: fatty acid biosynthesis initiation (mitochondria)|g__Bacteroides.s__Bacteroides_ovatus	2.7889296535
PWY66-429: fatty acid biosynthesis initiation (mitochondria)|g__Bacteroides.s__Bacteroides_thetaiotaomicron	2.5184793256
PWY-6121: 5-aminoimidazole ribonucleotide biosynthesis I	1056.9432506640
PWY-6121: 5-aminoimidazole ribonucleotide biosynthesis I|unclassified	138.7403304585
PWY-6121: 5-aminoimidazole ribonucleotide biosynthesis I|g__Faecalibacterium.s__Faecalibacterium_prausnitzii	90.5963224104
PWY-6121: 5-aminoimidazole ribonucleotide biosynthesis I|g__Bacteroides.s__Bacteroides_vulgatus	60.8149098663
PWY-6121: 5-aminoimidazole ribonucleotide biosynthesis I|g__Gemmiger.s__Gemmiger_formicilis	53.5035255002
PWY-6121: 5-aminoimidazole ribonucleotide biosynthesis I|g__Clostridium.s__Clostridium_sp_CAG_217	47.5601640949
PWY-6121: 5-aminoimidazole ribonucleotide biosynthesis I|g__Holdemanella.s__Holdemanella_biformis	43.8595050973
PWY-6121: 5-aminoimidazole ribonucleotide biosynthesis I|g__Bacteroides.s__Bacteroides_uniformis	42.5499109998
PWY-6121: 5-aminoimidazole ribonucleotide biosynthesis I|g__Alistipes.s__Alistipes_putredinis	37.1139743260
PWY-6121: 5-aminoimidazole ribonucleotide biosynthesis I|g__Ruminococcus.s__Ruminococcus_bromii	36.9034922843
PWY-6121: 5-aminoimidazole ribonucleotide biosynthesis I|g__Fusicatenibacter.s__Fusicatenibacter_saccharivorans	32.3618885839
PWY-6121: 5-aminoimidazole ribonucleotide biosynthesis I|g__Bacteroides.s__Bacteroides_massiliensis	29.0311546276
PWY-6121: 5-aminoimidazole ribonucleotide biosynthesis I|g__Blautia.s__Ruminococcus_torques	28.8886733730
PWY-6121: 5-aminoimidazole ribonucleotide biosynthesis I|g__Collinsella.s__Collinsella_aerofaciens	27.4767960093
PWY-6121: 5-aminoimidazole ribonucleotide biosynthesis I|g__Blautia.s__Blautia_wexlerae	26.8657268731
PWY-6121: 5-aminoimidazole ribonucleotide biosynthesis I|g__Subdoligranulum.s__Subdoligranulum_sp_APC924_74	26.1376082844
PWY-6121: 5-aminoimidazole ribonucleotide biosynthesis I|g__Blautia.s__Blautia_obeum	23.6689854743
PWY-6121: 5-aminoimidazole ribonucleotide biosynthesis I|g__Eubacterium.s__Eubacterium_sp_CAG_251	21.1734374003
PWY-6121: 5-aminoimidazole ribonucleotide biosynthesis I|g__Phascolarctobacterium.s__Phascolarctobacterium_succinatutens	15.4687016603
PWY-6121: 5-aminoimidazole ribonucleotide biosynthesis I|g__Sutterella.s__Sutterella_wadsworthensis	13.8542474367
PWY-6121: 5-aminoimidazole ribonucleotide biosynthesis I|g__Alistipes.s__Alistipes_shahii	12.3167545136
PWY-6121: 5-aminoimidazole ribonucleotide biosynthesis I|g__Parabacteroides.s__Parabacteroides_distasonis	12.2834918017
PWY-6121: 5-aminoimidazole ribonucleotide biosynthesis I|g__Ruminococcus.s__Ruminococcus_bicirculans	11.9732591348
PWY-6121: 5-aminoimidazole ribonucleotide biosynthesis I|g__Eubacterium.s__Eubacterium_sp_CAG_115	11.6741841337
PWY-6121: 5-aminoimidazole ribonucleotide biosynthesis I|g__Bifidobacterium.s__Bifidobacterium_adolescentis	11.4784083586
PWY-6121: 5-aminoimidazole ribonucleotide biosynthesis I|g__Blautia.s__Blautia_sp	10.2337397549
PWY-6121: 5-aminoimidazole ribonucleotide biosynthesis I|g__Parabacteroides.s__Parabacteroides_merdae	9.6024963437
PWY-6121: 5-aminoimidazole ribonucleotide biosynthesis I|g__Desulfovibrio.s__Desulfovibrio_piger	9.1304958562
PWY-6121: 5-aminoimidazole ribonucleotide biosynthesis I|g__Roseburia.s__Roseburia_intestinalis	8.1384935507
PWY-6121: 5-aminoimidazole ribonucleotide biosynthesis I|g__Firmicutes_unclassified.s__Firmicutes_bacterium_CAG_56	7.7971606186
PWY-6121: 5-aminoimidazole ribonucleotide biosynthesis I|g__Firmicutes_unclassified.s__Firmicutes_bacterium_CAG_65_45_313	7.5871225838
PWY-6121: 5-aminoimidazole ribonucleotide biosynthesis I|g__Lachnospira.s__Lachnospira_pectinoschiza	3.6428666048
PWY-6121: 5-aminoimidazole ribonucleotide biosynthesis I|g__Bifidobacterium.s__Bifidobacterium_pseudocatenulatum	3.0320421887
PWY-6121: 5-aminoimidazole ribonucleotide biosynthesis I|g__Eubacterium.s__Eubacterium_sp_CAG_252	2.4853365146
COA-PWY-1: superpathway of coenzyme A biosynthesis III (mammals)	1055.1716564698
COA-PWY-1: superpathway of coenzyme A biosynthesis III (mammals)|unclassified	92.1635854498
COA-PWY-1: superpathway of coenzyme A biosynthesis III (mammals)|g__Faecalibacterium.s__Faecalibacterium_prausnitzii	78.6977781332
COA-PWY-1: superpathway of coenzyme A biosynthesis III (mammals)|g__Bacteroides.s__Bacteroides_vulgatus	67.1028180954
COA-PWY-1: superpathway of coenzyme A biosynthesis III (mammals)|g__Gemmiger.s__Gemmiger_formicilis	64.2886190387
COA-PWY-1: superpathway of coenzyme A biosynthesis III (mammals)|g__Bacteroides.s__Bacteroides_plebeius	47.9704834357
COA-PWY-1: superpathway of coenzyme A biosynthesis III (mammals)|g__Fusicatenibacter.s__Fusicatenibacter_saccharivorans	41.3167400493
COA-PWY-1: superpathway of coenzyme A biosynthesis III (mammals)|g__Bacteroides.s__Bacteroides_uniformis	34.9631530407
COA-PWY-1: superpathway of coenzyme A biosynthesis III (mammals)|g__Alistipes.s__Alistipes_putredinis	31.8583937391
COA-PWY-1: superpathway of coenzyme A biosynthesis III (mammals)|g__Subdoligranulum.s__Subdoligranulum_sp_APC924_74	25.8095588831
COA-PWY-1: superpathway of coenzyme A biosynthesis III (mammals)|g__Bifidobacterium.s__Bifidobacterium_adolescentis	25.2155933229
COA-PWY-1: superpathway of coenzyme A biosynthesis III (mammals)|g__Holdemanella.s__Holdemanella_biformis	21.9748817782
COA-PWY-1: superpathway of coenzyme A biosynthesis III (mammals)|g__Blautia.s__Blautia_wexlerae	20.6592599394
COA-PWY-1: superpathway of coenzyme A biosynthesis III (mammals)|g__Blautia.s__Blautia_obeum	17.5842637423
COA-PWY-1: superpathway of coenzyme A biosynthesis III (mammals)|g__Faecalibacterium.s__Faecalibacterium_sp_CAG_74	15.9732200177
COA-PWY-1: superpathway of coenzyme A biosynthesis III (mammals)|g__Collinsella.s__Collinsella_aerofaciens	14.8207377894
COA-PWY-1: superpathway of coenzyme A biosynthesis III (mammals)|g__Sutterella.s__Sutterella_wadsworthensis	12.7033595709
COA-PWY-1: superpathway of coenzyme A biosynthesis III (mammals)|g__Parabacteroides.s__Parabacteroides_merdae	10.8174934322
COA-PWY-1: superpathway of coenzyme A biosynthesis III (mammals)|g__Anaerostipes.s__Anaerostipes_hadrus	9.1687442079
COA-PWY-1: superpathway of coenzyme A biosynthesis III (mammals)|g__Phascolarctobacterium.s__Phascolarctobacterium_succinatutens	8.6304486712
COA-PWY-1: superpathway of coenzyme A biosynthesis III (mammals)|g__Blautia.s__Ruminococcus_torques	6.3442241476
PWY-5097: L-lysine biosynthesis VI	1053.6030446613
PWY-5097: L-lysine biosynthesis VI|unclassified	125.8729819065
PWY-5097: L-lysine biosynthesis VI|g__Bacteroides.s__Bacteroides_plebeius	70.7976498009
PWY-5097: L-lysine biosynthesis VI|g__Bacteroides.s__Bacteroides_vulgatus	67.6051279263
PWY-5097: L-lysine biosynthesis VI|g__Faecalibacterium.s__Faecalibacterium_prausnitzii	65.1589319640
PWY-5097: L-lysine biosynthesis VI|g__Ruminococcus.s__Ruminococcus_bromii	55.9602926208
PWY-5097: L-lysine biosynthesis VI|g__Gemmiger.s__Gemmiger_formicilis	49.1055832561
PWY-5097: L-lysine biosynthesis VI|g__Bacteroides.s__Bacteroides_uniformis	43.8165254649
PWY-5097: L-lysine biosynthesis VI|g__Blautia.s__Blautia_obeum	40.9449927699
PWY-5097: L-lysine biosynthesis VI|g__Bifidobacterium.s__Bifidobacterium_adolescentis	38.1598279184
PWY-5097: L-lysine biosynthesis VI|g__Fusicatenibacter.s__Fusicatenibacter_saccharivorans	37.2367203326
PWY-5097: L-lysine biosynthesis VI|g__Bacteroides.s__Bacteroides_massiliensis	33.0263627719
PWY-5097: L-lysine biosynthesis VI|g__Blautia.s__Blautia_wexlerae	31.4812265717
PWY-5097: L-lysine biosynthesis VI|g__Blautia.s__Ruminococcus_torques	30.7654752932
PWY-5097: L-lysine biosynthesis VI|g__Parabacteroides.s__Parabacteroides_distasonis	13.6300520742
PWY-5097: L-lysine biosynthesis VI|g__Parabacteroides.s__Parabacteroides_merdae	12.4316752241
PWY-5097: L-lysine biosynthesis VI|g__Paraprevotella.s__Paraprevotella_xylaniphila	10.4365033648
PWY-5097: L-lysine biosynthesis VI|g__Bacteroides.s__Bacteroides_coprophilus	8.3159377493
PWY-5097: L-lysine biosynthesis VI|g__Phascolarctobacterium.s__Phascolarctobacterium_succinatutens	7.8718060377
PWY-5097: L-lysine biosynthesis VI|g__Eubacterium.s__Eubacterium_eligens	6.3867573368
PWY-5097: L-lysine biosynthesis VI|g__Bacteroides.s__Bacteroides_ovatus	2.9316740457
PWY-5097: L-lysine biosynthesis VI|g__Bacteroides.s__Bacteroides_dorei	2.5624863179
ARGSYNBSUB-PWY: L-arginine biosynthesis II (acetyl cycle)	1042.3294561137
ARGSYNBSUB-PWY: L-arginine biosynthesis II (acetyl cycle)|g__Faecalibacterium.s__Faecalibacterium_prausnitzii	125.5903833057
ARGSYNBSUB-PWY: L-arginine biosynthesis II (acetyl cycle)|unclassified	112.3550688397
ARGSYNBSUB-PWY: L-arginine biosynthesis II (acetyl cycle)|g__Gemmiger.s__Gemmiger_formicilis	89.2813296157
ARGSYNBSUB-PWY: L-arginine biosynthesis II (acetyl cycle)|g__Ruminococcus.s__Ruminococcus_bromii	74.2254007409
ARGSYNBSUB-PWY: L-arginine biosynthesis II (acetyl cycle)|g__Clostridium.s__Clostridium_sp_CAG_217	55.1710853936
ARGSYNBSUB-PWY: L-arginine biosynthesis II (acetyl cycle)|g__Blautia.s__Blautia_wexlerae	50.3222285922
ARGSYNBSUB-PWY: L-arginine biosynthesis II (acetyl cycle)|g__Fusicatenibacter.s__Fusicatenibacter_saccharivorans	43.4324458835
ARGSYNBSUB-PWY: L-arginine biosynthesis II (acetyl cycle)|g__Blautia.s__Ruminococcus_torques	39.7741204134
ARGSYNBSUB-PWY: L-arginine biosynthesis II (acetyl cycle)|g__Subdoligranulum.s__Subdoligranulum_sp_APC924_74	25.8091059676
ARGSYNBSUB-PWY: L-arginine biosynthesis II (acetyl cycle)|g__Bifidobacterium.s__Bifidobacterium_adolescentis	25.2140756980
ARGSYNBSUB-PWY: L-arginine biosynthesis II (acetyl cycle)|g__Collinsella.s__Collinsella_aerofaciens	24.6796715631
ARGSYNBSUB-PWY: L-arginine biosynthesis II (acetyl cycle)|g__Faecalibacterium.s__Faecalibacterium_sp_CAG_74	21.1970667535
ARGSYNBSUB-PWY: L-arginine biosynthesis II (acetyl cycle)|g__Sutterella.s__Sutterella_wadsworthensis	18.4732669877
ARGSYNBSUB-PWY: L-arginine biosynthesis II (acetyl cycle)|g__Eubacterium.s__Eubacterium_sp_CAG_115	13.0681294985
ARGSYNBSUB-PWY: L-arginine biosynthesis II (acetyl cycle)|g__Ruminococcus.s__Ruminococcus_bicirculans	11.4603116235
ARGSYNBSUB-PWY: L-arginine biosynthesis II (acetyl cycle)|g__Dorea.s__Dorea_formicigenerans	9.3928590863
ARGSYNBSUB-PWY: L-arginine biosynthesis II (acetyl cycle)|g__Firmicutes_unclassified.s__Firmicutes_bacterium_CAG_65_45_313	9.1434095590
ARGSYNBSUB-PWY: L-arginine biosynthesis II (acetyl cycle)|g__Anaerostipes.s__Anaerostipes_hadrus	9.1405068718
ARGSYNBSUB-PWY: L-arginine biosynthesis II (acetyl cycle)|g__Blautia.s__Blautia_sp	8.9397179709
ARGSYNBSUB-PWY: L-arginine biosynthesis II (acetyl cycle)|g__Blautia.s__Blautia_obeum	8.1019522450
ARGSYNBSUB-PWY: L-arginine biosynthesis II (acetyl cycle)|g__Lachnospiraceae_unclassified.s__Eubacterium_rectale	3.6089259551
ARGSYN-PWY: L-arginine biosynthesis I (via L-ornithine)	1028.3730120613
ARGSYN-PWY: L-arginine biosynthesis I (via L-ornithine)|g__Faecalibacterium.s__Faecalibacterium_prausnitzii	121.1085522325
ARGSYN-PWY: L-arginine biosynthesis I (via L-ornithine)|g__Gemmiger.s__Gemmiger_formicilis	92.3147233961
ARGSYN-PWY: L-arginine biosynthesis I (via L-ornithine)|unclassified	86.8160648948
ARGSYN-PWY: L-arginine biosynthesis I (via L-ornithine)|g__Blautia.s__Blautia_wexlerae	53.4822840768
ARGSYN-PWY: L-arginine biosynthesis I (via L-ornithine)|g__Clostridium.s__Clostridium_sp_CAG_217	49.7875429571
ARGSYN-PWY: L-arginine biosynthesis I (via L-ornithine)|g__Blautia.s__Ruminococcus_torques	36.7579278094
ARGSYN-PWY: L-arginine biosynthesis I (via L-ornithine)|g__Fusicatenibacter.s__Fusicatenibacter_saccharivorans	35.5529347988
ARGSYN-PWY: L-arginine biosynthesis I (via L-ornithine)|g__Bifidobacterium.s__Bifidobacterium_adolescentis	27.8758505794
ARGSYN-PWY: L-arginine biosynthesis I (via L-ornithine)|g__Subdoligranulum.s__Subdoligranulum_sp_APC924_74	24.3301693067
ARGSYN-PWY: L-arginine biosynthesis I (via L-ornithine)|g__Collinsella.s__Collinsella_aerofaciens	23.0459661733
ARGSYN-PWY: L-arginine biosynthesis I (via L-ornithine)|g__Eubacterium.s__Eubacterium_sp_CAG_115	10.3617719005
ARGSYN-PWY: L-arginine biosynthesis I (via L-ornithine)|g__Ruminococcus.s__Ruminococcus_bicirculans	10.3320209565
ARGSYN-PWY: L-arginine biosynthesis I (via L-ornithine)|g__Dorea.s__Dorea_formicigenerans	8.7353754422
ARGSYN-PWY: L-arginine biosynthesis I (via L-ornithine)|g__Blautia.s__Blautia_obeum	5.9605152888
BRANCHED-CHAIN-AA-SYN-PWY: superpathway of branched chain amino acid biosynthesis	1005.9604884860
BRANCHED-CHAIN-AA-SYN-PWY: superpathway of branched chain amino acid biosynthesis|g__Gemmiger.s__Gemmiger_formicilis	68.1444276722
BRANCHED-CHAIN-AA-SYN-PWY: superpathway of branched chain amino acid biosynthesis|g__Bacteroides.s__Bacteroides_uniformis	40.0463108721
BRANCHED-CHAIN-AA-SYN-PWY: superpathway of branched chain amino acid biosynthesis|g__Bifidobacterium.s__Bifidobacterium_adolescentis	39.2955891058
BRANCHED-CHAIN-AA-SYN-PWY: superpathway of branched chain amino acid biosynthesis|unclassified	35.8662175185
BRANCHED-CHAIN-AA-SYN-PWY: superpathway of branched chain amino acid biosynthesis|g__Blautia.s__Blautia_wexlerae	32.6592603707
BRANCHED-CHAIN-AA-SYN-PWY: superpathway of branched chain amino acid biosynthesis|g__Blautia.s__Ruminococcus_torques	31.7521986313
BRANCHED-CHAIN-AA-SYN-PWY: superpathway of branched chain amino acid biosynthesis|g__Blautia.s__Blautia_obeum	18.6759554140
BRANCHED-CHAIN-AA-SYN-PWY: superpathway of branched chain amino acid biosynthesis|g__Parabacteroides.s__Parabacteroides_distasonis	13.7748222312
BRANCHED-CHAIN-AA-SYN-PWY: superpathway of branched chain amino acid biosynthesis|g__Roseburia.s__Roseburia_intestinalis	12.6573316123
BRANCHED-CHAIN-AA-SYN-PWY: superpathway of branched chain amino acid biosynthesis|g__Ruminococcus.s__Ruminococcus_bicirculans	9.5819193908
BRANCHED-CHAIN-AA-SYN-PWY: superpathway of branched chain amino acid biosynthesis|g__Anaerostipes.s__Anaerostipes_hadrus	8.6300877606
BRANCHED-CHAIN-AA-SYN-PWY: superpathway of branched chain amino acid biosynthesis|g__Parabacteroides.s__Parabacteroides_merdae	8.0625900681
BRANCHED-CHAIN-AA-SYN-PWY: superpathway of branched chain amino acid biosynthesis|g__Bacteroides.s__Bacteroides_thetaiotaomicron	6.2440309779
BRANCHED-CHAIN-AA-SYN-PWY: superpathway of branched chain amino acid biosynthesis|g__Bacteroides.s__Bacteroides_ovatus	5.1632939150
BRANCHED-CHAIN-AA-SYN-PWY: superpathway of branched chain amino acid biosynthesis|g__Lachnospiraceae_unclassified.s__Eubacterium_rectale	4.3774942731
BRANCHED-CHAIN-AA-SYN-PWY: superpathway of branched chain amino acid biosynthesis|g__Bifidobacterium.s__Bifidobacterium_longum	3.5271813412
BRANCHED-CHAIN-AA-SYN-PWY: superpathway of branched chain amino acid biosynthesis|g__Bacteroides.s__Bacteroides_finegoldii	2.0842248744
BRANCHED-CHAIN-AA-SYN-PWY: superpathway of branched chain amino acid biosynthesis|g__Bacteroides.s__Bacteroides_stercoris	1.4428713139
PWY0-1296: purine ribonucleosides degradation	998.9332233690
PWY0-1296: purine ribonucleosides degradation|unclassified	150.5080098526
PWY0-1296: purine ribonucleosides degradation|g__Faecalibacterium.s__Faecalibacterium_prausnitzii	119.6750842770
PWY0-1296: purine ribonucleosides degradation|g__Fusicatenibacter.s__Fusicatenibacter_saccharivorans	64.7316543574
PWY0-1296: purine ribonucleosides degradation|g__Gemmiger.s__Gemmiger_formicilis	54.4858664482
PWY0-1296: purine ribonucleosides degradation|g__Blautia.s__Blautia_obeum	45.8251037937
PWY0-1296: purine ribonucleosides degradation|g__Blautia.s__Ruminococcus_torques	39.5763189628
PWY0-1296: purine ribonucleosides degradation|g__Blautia.s__Blautia_wexlerae	30.5188199390
PWY0-1296: purine ribonucleosides degradation|g__Faecalibacterium.s__Faecalibacterium_sp_CAG_74	30.2222773095
PWY0-1296: purine ribonucleosides degradation|g__Subdoligranulum.s__Subdoligranulum_sp_APC924_74	28.3362569154
PWY0-1296: purine ribonucleosides degradation|g__Eubacterium.s__Eubacterium_sp_CAG_251	24.3021661651
PWY0-1296: purine ribonucleosides degradation|g__Roseburia.s__Roseburia_intestinalis	12.3398196488
PWY0-1296: purine ribonucleosides degradation|g__Firmicutes_unclassified.s__Firmicutes_bacterium_CAG_124	11.6110304790
PWY0-1296: purine ribonucleosides degradation|g__Eubacterium.s__Eubacterium_sp_CAG_115	10.5757931845
PWY0-1296: purine ribonucleosides degradation|g__Blautia.s__Blautia_sp	8.1143740340
PWY0-1296: purine ribonucleosides degradation|g__Blautia.s__Blautia_sp_CAG_52	8.0940450954
PWY0-1296: purine ribonucleosides degradation|g__Dorea.s__Dorea_longicatena	7.8371769854
PWY0-1296: purine ribonucleosides degradation|g__Anaerostipes.s__Anaerostipes_hadrus	7.6129250550
PWY0-1296: purine ribonucleosides degradation|g__Firmicutes_unclassified.s__Firmicutes_bacterium_CAG_102	7.5490689482
PWY0-1296: purine ribonucleosides degradation|g__Lachnospiraceae_unclassified.s__Eubacterium_rectale	6.7294751009
ILEUSYN-PWY: L-isoleucine biosynthesis I (from threonine)	990.9173202325
ILEUSYN-PWY: L-isoleucine biosynthesis I (from threonine)|g__Gemmiger.s__Gemmiger_formicilis	72.3716306574
ILEUSYN-PWY: L-isoleucine biosynthesis I (from threonine)|g__Bacteroides.s__Bacteroides_uniformis	37.7796196539
ILEUSYN-PWY: L-isoleucine biosynthesis I (from threonine)|g__Bifidobacterium.s__Bifidobacterium_adolescentis	37.0983880663
ILEUSYN-PWY: L-isoleucine biosynthesis I (from threonine)|unclassified	34.7242872530
ILEUSYN-PWY: L-isoleucine biosynthesis I (from threonine)|g__Blautia.s__Ruminococcus_torques	31.8147679254
ILEUSYN-PWY: L-isoleucine biosynthesis I (from threonine)|g__Blautia.s__Blautia_wexlerae	30.7676321939
ILEUSYN-PWY: L-isoleucine biosynthesis I (from threonine)|g__Blautia.s__Blautia_obeum	19.5464843007
ILEUSYN-PWY: L-isoleucine biosynthesis I (from threonine)|g__Roseburia.s__Roseburia_intestinalis	16.0248054453
ILEUSYN-PWY: L-isoleucine biosynthesis I (from threonine)|g__Parabacteroides.s__Parabacteroides_distasonis	12.8540164477
ILEUSYN-PWY: L-isoleucine biosynthesis I (from threonine)|g__Dorea.s__Dorea_longicatena	12.5037466435
ILEUSYN-PWY: L-isoleucine biosynthesis I (from threonine)|g__Ruminococcus.s__Ruminococcus_bicirculans	8.9402982138
ILEUSYN-PWY: L-isoleucine biosynthesis I (from threonine)|g__Parabacteroides.s__Parabacteroides_merdae	8.5853628035
ILEUSYN-PWY: L-isoleucine biosynthesis I (from threonine)|g__Anaerostipes.s__Anaerostipes_hadrus	8.0586451687
ILEUSYN-PWY: L-isoleucine biosynthesis I (from threonine)|g__Bacteroides.s__Bacteroides_thetaiotaomicron	6.0906722720
ILEUSYN-PWY: L-isoleucine biosynthesis I (from threonine)|g__Bacteroides.s__Bacteroides_ovatus	4.8103750414
ILEUSYN-PWY: L-isoleucine biosynthesis I (from threonine)|g__Lachnospiraceae_unclassified.s__Eubacterium_rectale	4.3870063342
ILEUSYN-PWY: L-isoleucine biosynthesis I (from threonine)|g__Bifidobacterium.s__Bifidobacterium_longum	3.4888791976
ILEUSYN-PWY: L-isoleucine biosynthesis I (from threonine)|g__Dorea.s__Dorea_formicigenerans	3.1884305520
ILEUSYN-PWY: L-isoleucine biosynthesis I (from threonine)|g__Bifidobacterium.s__Bifidobacterium_pseudocatenulatum	2.8523954969
ILEUSYN-PWY: L-isoleucine biosynthesis I (from threonine)|g__Bacteroides.s__Bacteroides_finegoldii	2.1771455594
ILEUSYN-PWY: L-isoleucine biosynthesis I (from threonine)|g__Bacteroides.s__Bacteroides_stercoris	1.3437473755
ILEUSYN-PWY: L-isoleucine biosynthesis I (from threonine)|g__Roseburia.s__Roseburia_inulinivorans	1.3089005236
HISTSYN-PWY: L-histidine biosynthesis	990.2567041656
HISTSYN-PWY: L-histidine biosynthesis|g__Faecalibacterium.s__Faecalibacterium_prausnitzii	81.2212656927
HISTSYN-PWY: L-histidine biosynthesis|g__Bacteroides.s__Bacteroides_vulgatus	78.3148379804
HISTSYN-PWY: L-histidine biosynthesis|g__Bacteroides.s__Bacteroides_plebeius	66.8931263649
HISTSYN-PWY: L-histidine biosynthesis|unclassified	56.0906689876
HISTSYN-PWY: L-histidine biosynthesis|g__Ruminococcus.s__Ruminococcus_bromii	48.6565472415
HISTSYN-PWY: L-histidine biosynthesis|g__Clostridium.s__Clostridium_sp_CAG_217	42.1040821573
HISTSYN-PWY: L-histidine biosynthesis|g__Subdoligranulum.s__Subdoligranulum_sp_APC924_74	32.0952821616
HISTSYN-PWY: L-histidine biosynthesis|g__Bacteroides.s__Bacteroides_uniformis	30.2960148764
HISTSYN-PWY: L-histidine biosynthesis|g__Bacteroides.s__Bacteroides_massiliensis	27.1033133191
HISTSYN-PWY: L-histidine biosynthesis|g__Blautia.s__Ruminococcus_torques	25.7884557160
HISTSYN-PWY: L-histidine biosynthesis|g__Bifidobacterium.s__Bifidobacterium_adolescentis	23.2627245170
HISTSYN-PWY: L-histidine biosynthesis|g__Eubacterium.s__Eubacterium_sp_CAG_251	20.3995285442
HISTSYN-PWY: L-histidine biosynthesis|g__Faecalibacterium.s__Faecalibacterium_sp_CAG_74	17.4136124023
HISTSYN-PWY: L-histidine biosynthesis|g__Sutterella.s__Sutterella_wadsworthensis	16.4167166584
HISTSYN-PWY: L-histidine biosynthesis|g__Parabacteroides.s__Parabacteroides_merdae	13.7573139446
HISTSYN-PWY: L-histidine biosynthesis|g__Blautia.s__Blautia_obeum	10.9714554116
HISTSYN-PWY: L-histidine biosynthesis|g__Parabacteroides.s__Parabacteroides_distasonis	10.9652782283
PWY-7977: L-methionine biosynthesis IV	983.3881334753
PWY-7977: L-methionine biosynthesis IV|unclassified	106.2775027762
PWY-7977: L-methionine biosynthesis IV|g__Bacteroides.s__Bacteroides_vulgatus	75.7037337650
PWY-7977: L-methionine biosynthesis IV|g__Bacteroides.s__Bacteroides_plebeius	58.9747476580
PWY-7977: L-methionine biosynthesis IV|g__Bacteroides.s__Bacteroides_uniformis	39.0561444459
PWY-7977: L-methionine biosynthesis IV|g__Alistipes.s__Alistipes_putredinis	31.3534287384
PWY-7977: L-methionine biosynthesis IV|g__Bacteroides.s__Bacteroides_massiliensis	30.0597310836
PWY-7977: L-methionine biosynthesis IV|g__Blautia.s__Ruminococcus_torques	29.4021430089
PWY-7977: L-methionine biosynthesis IV|g__Fusicatenibacter.s__Fusicatenibacter_saccharivorans	16.7816827272
PWY-7977: L-methionine biosynthesis IV|g__Collinsella.s__Collinsella_aerofaciens	15.8721348376
PWY-7977: L-methionine biosynthesis IV|g__Parabacteroides.s__Parabacteroides_merdae	12.1615850767
PWY-7977: L-methionine biosynthesis IV|g__Alistipes.s__Alistipes_shahii	12.1238738922
PWY-7977: L-methionine biosynthesis IV|g__Paraprevotella.s__Paraprevotella_xylaniphila	9.8620750382
PWY-7977: L-methionine biosynthesis IV|g__Bacteroides.s__Bacteroides_dorei	7.7174030045
PWY-7977: L-methionine biosynthesis IV|g__Bacteroides.s__Bacteroides_coprophilus	5.0183708218
PWY-7977: L-methionine biosynthesis IV|g__Bacteroides.s__Bacteroides_thetaiotaomicron	4.3526755352
PWY-7977: L-methionine biosynthesis IV|g__Bacteroides.s__Bacteroides_ovatus	3.7530493526
PWY-7977: L-methionine biosynthesis IV|g__Bacteroides.s__Bacteroides_finegoldii	1.5446003347
PWY-7977: L-methionine biosynthesis IV|g__Bacteroides.s__Bacteroides_nordii	0.9835259405
COA-PWY: coenzyme A biosynthesis I (prokaryotic)	980.3419152770
COA-PWY: coenzyme A biosynthesis I (prokaryotic)|unclassified	118.2469723693
COA-PWY: coenzyme A biosynthesis I (prokaryotic)|g__Bacteroides.s__Bacteroides_vulgatus	78.4433577832
COA-PWY: coenzyme A biosynthesis I (prokaryotic)|g__Faecalibacterium.s__Faecalibacterium_prausnitzii	72.0945709522
COA-PWY: coenzyme A biosynthesis I (prokaryotic)|g__Gemmiger.s__Gemmiger_formicilis	57.3767540752
COA-PWY: coenzyme A biosynthesis I (prokaryotic)|g__Bacteroides.s__Bacteroides_plebeius	54.8900511782
COA-PWY: coenzyme A biosynthesis I (prokaryotic)|g__Fusicatenibacter.s__Fusicatenibacter_saccharivorans	51.6990612191
COA-PWY: coenzyme A biosynthesis I (prokaryotic)|g__Holdemanella.s__Holdemanella_biformis	39.2037854087
COA-PWY: coenzyme A biosynthesis I (prokaryotic)|g__Alistipes.s__Alistipes_putredinis	38.6674425278
COA-PWY: coenzyme A biosynthesis I (prokaryotic)|g__Bacteroides.s__Bacteroides_uniformis	33.9837398374
COA-PWY: coenzyme A biosynthesis I (prokaryotic)|g__Blautia.s__Blautia_obeum	33.0059453470
COA-PWY: coenzyme A biosynthesis I (prokaryotic)|g__Blautia.s__Ruminococcus_torques	29.1999960055
COA-PWY: coenzyme A biosynthesis I (prokaryotic)|g__Blautia.s__Blautia_wexlerae	26.2869660460
COA-PWY: coenzyme A biosynthesis I (prokaryotic)|g__Bifidobacterium.s__Bifidobacterium_adolescentis	25.2016129032
COA-PWY: coenzyme A biosynthesis I (prokaryotic)|g__Subdoligranulum.s__Subdoligranulum_sp_APC924_74	23.5641133384
COA-PWY: coenzyme A biosynthesis I (prokaryotic)|g__Bacteroides.s__Bacteroides_massiliensis	22.3239839725
COA-PWY: coenzyme A biosynthesis I (prokaryotic)|g__Collinsella.s__Collinsella_aerofaciens	19.7921820881
COA-PWY: coenzyme A biosynthesis I (prokaryotic)|g__Faecalibacterium.s__Faecalibacterium_sp_CAG_74	19.1822311964
COA-PWY: coenzyme A biosynthesis I (prokaryotic)|g__Desulfovibrio.s__Desulfovibrio_piger	13.4712533077
COA-PWY: coenzyme A biosynthesis I (prokaryotic)|g__Sutterella.s__Sutterella_wadsworthensis	12.8119486837
COA-PWY: coenzyme A biosynthesis I (prokaryotic)|g__Parabacteroides.s__Parabacteroides_merdae	12.8029263832
COA-PWY: coenzyme A biosynthesis I (prokaryotic)|g__Anaerostipes.s__Anaerostipes_hadrus	12.0060078171
COA-PWY: coenzyme A biosynthesis I (prokaryotic)|g__Phascolarctobacterium.s__Phascolarctobacterium_succinatutens	10.6860959320
COA-PWY: coenzyme A biosynthesis I (prokaryotic)|g__Bacteroides.s__Bacteroides_coprophilus	7.8308535630
COA-PWY: coenzyme A biosynthesis I (prokaryotic)|g__Blautia.s__Blautia_sp_CAG_52	7.8047233962
COA-PWY: coenzyme A biosynthesis I (prokaryotic)|g__Parabacteroides.s__Parabacteroides_distasonis	7.6252723312
COA-PWY: coenzyme A biosynthesis I (prokaryotic)|g__Lachnospiraceae_unclassified.s__Eubacterium_rectale	7.3421439060
COA-PWY: coenzyme A biosynthesis I (prokaryotic)|g__Blautia.s__Blautia_sp	6.6666666667
COA-PWY: coenzyme A biosynthesis I (prokaryotic)|g__Lawsonibacter.s__Lawsonibacter_asaccharolyticus	5.5869823312
COA-PWY: coenzyme A biosynthesis I (prokaryotic)|g__Eubacterium.s__Eubacterium_eligens	5.4106280193
COA-PWY: coenzyme A biosynthesis I (prokaryotic)|g__Bacteroides.s__Bacteroides_dorei	2.4594573822
PWY-7851: coenzyme A biosynthesis II (eukaryotic)	980.3419152770
PWY-7851: coenzyme A biosynthesis II (eukaryotic)|unclassified	81.6443861758
PWY-7851: coenzyme A biosynthesis II (eukaryotic)|g__Faecalibacterium.s__Faecalibacterium_prausnitzii	67.1815602640
PWY-7851: coenzyme A biosynthesis II (eukaryotic)|g__Bacteroides.s__Bacteroides_vulgatus	65.5228532224
PWY-7851: coenzyme A biosynthesis II (eukaryotic)|g__Gemmiger.s__Gemmiger_formicilis	57.3767540752
PWY-7851: coenzyme A biosynthesis II (eukaryotic)|g__Bacteroides.s__Bacteroides_plebeius	50.0844882505
PWY-7851: coenzyme A biosynthesis II (eukaryotic)|g__Holdemanella.s__Holdemanella_biformis	39.2037854087
PWY-7851: coenzyme A biosynthesis II (eukaryotic)|g__Alistipes.s__Alistipes_putredinis	38.3172706263
PWY-7851: coenzyme A biosynthesis II (eukaryotic)|g__Fusicatenibacter.s__Fusicatenibacter_saccharivorans	37.8993203771
PWY-7851: coenzyme A biosynthesis II (eukaryotic)|g__Bacteroides.s__Bacteroides_uniformis	33.9837398374
PWY-7851: coenzyme A biosynthesis II (eukaryotic)|g__Blautia.s__Blautia_wexlerae	24.3424166610
PWY-7851: coenzyme A biosynthesis II (eukaryotic)|g__Bifidobacterium.s__Bifidobacterium_adolescentis	23.9177230328
PWY-7851: coenzyme A biosynthesis II (eukaryotic)|g__Subdoligranulum.s__Subdoligranulum_sp_APC924_74	23.5641133384
PWY-7851: coenzyme A biosynthesis II (eukaryotic)|g__Blautia.s__Blautia_obeum	17.1603746743
PWY-7851: coenzyme A biosynthesis II (eukaryotic)|g__Faecalibacterium.s__Faecalibacterium_sp_CAG_74	15.5737704918
PWY-7851: coenzyme A biosynthesis II (eukaryotic)|g__Collinsella.s__Collinsella_aerofaciens	12.6675815476
PWY-7851: coenzyme A biosynthesis II (eukaryotic)|g__Sutterella.s__Sutterella_wadsworthensis	11.6285396700
PWY-7851: coenzyme A biosynthesis II (eukaryotic)|g__Parabacteroides.s__Parabacteroides_merdae	11.4871794872
PWY-7851: coenzyme A biosynthesis II (eukaryotic)|g__Anaerostipes.s__Anaerostipes_hadrus	8.1678963754
PWY-7851: coenzyme A biosynthesis II (eukaryotic)|g__Phascolarctobacterium.s__Phascolarctobacterium_succinatutens	8.1670533643
PWY-7851: coenzyme A biosynthesis II (eukaryotic)|g__Blautia.s__Ruminococcus_torques	5.4018054666
PWY-5695: inosine 5'-phosphate degradation	974.2728342399
PWY-5695: inosine 5'-phosphate degradation|g__Bacteroides.s__Bacteroides_vulgatus	87.8759374038
PWY-5695: inosine 5'-phosphate degradation|unclassified	76.6644748434
PWY-5695: inosine 5'-phosphate degradation|g__Bacteroides.s__Bacteroides_plebeius	73.7750687802
PWY-5695: inosine 5'-phosphate degradation|g__Faecalibacterium.s__Faecalibacterium_prausnitzii	44.3413511527
PWY-5695: inosine 5'-phosphate degradation|g__Alistipes.s__Alistipes_putredinis	41.4935189063
PWY-5695: inosine 5'-phosphate degradation|g__Fusicatenibacter.s__Fusicatenibacter_saccharivorans	40.0995068713
PWY-5695: inosine 5'-phosphate degradation|g__Bacteroides.s__Bacteroides_massiliensis	37.8431537011
PWY-5695: inosine 5'-phosphate degradation|g__Blautia.s__Blautia_wexlerae	36.4168427898
PWY-5695: inosine 5'-phosphate degradation|g__Blautia.s__Ruminococcus_torques	32.7709051842
PWY-5695: inosine 5'-phosphate degradation|g__Bacteroides.s__Bacteroides_uniformis	29.8603412764
PWY-5695: inosine 5'-phosphate degradation|g__Sutterella.s__Sutterella_wadsworthensis	20.7404440482
PWY-5695: inosine 5'-phosphate degradation|g__Alistipes.s__Alistipes_shahii	11.0356083843
PWY-5695: inosine 5'-phosphate degradation|g__Roseburia.s__Roseburia_intestinalis	10.3948025987
PWY-5695: inosine 5'-phosphate degradation|g__Ruminococcus.s__Ruminococcus_bicirculans	10.1511689225
PWY-5695: inosine 5'-phosphate degradation|g__Bacteroides.s__Bacteroides_coprophilus	8.6222824413
PWY-5695: inosine 5'-phosphate degradation|g__Dorea.s__Dorea_longicatena	6.4349324907
PWY-5695: inosine 5'-phosphate degradation|g__Anaerostipes.s__Anaerostipes_hadrus	6.2809428804
PWY-5695: inosine 5'-phosphate degradation|g__Blautia.s__Blautia_obeum	5.5849578639
PWY-5695: inosine 5'-phosphate degradation|g__Bacteroides.s__Bacteroides_stercoris	3.8582107548
PWY-5695: inosine 5'-phosphate degradation|g__Bacteroides.s__Bacteroides_ovatus	2.3998080154
ANAGLYCOLYSIS-PWY: glycolysis III (from glucose)	966.0344440568
ANAGLYCOLYSIS-PWY: glycolysis III (from glucose)|unclassified	84.3359901632
ANAGLYCOLYSIS-PWY: glycolysis III (from glucose)|g__Fusicatenibacter.s__Fusicatenibacter_saccharivorans	43.8603154471
ANAGLYCOLYSIS-PWY: glycolysis III (from glucose)|g__Blautia.s__Ruminococcus_torques	31.8517445030
ANAGLYCOLYSIS-PWY: glycolysis III (from glucose)|g__Blautia.s__Blautia_wexlerae	21.4695748778
ANAGLYCOLYSIS-PWY: glycolysis III (from glucose)|g__Collinsella.s__Collinsella_aerofaciens	16.1449863881
ANAGLYCOLYSIS-PWY: glycolysis III (from glucose)|g__Anaerostipes.s__Anaerostipes_hadrus	15.1974893334
ANAGLYCOLYSIS-PWY: glycolysis III (from glucose)|g__Parabacteroides.s__Parabacteroides_distasonis	12.4810219726
ANAGLYCOLYSIS-PWY: glycolysis III (from glucose)|g__Roseburia.s__Roseburia_intestinalis	12.0970035315
ANAGLYCOLYSIS-PWY: glycolysis III (from glucose)|g__Ruminococcus.s__Ruminococcus_bicirculans	10.0907033482
ANAGLYCOLYSIS-PWY: glycolysis III (from glucose)|g__Blautia.s__Blautia_obeum	9.7770860067
ANAGLYCOLYSIS-PWY: glycolysis III (from glucose)|g__Lachnospiraceae_unclassified.s__Eubacterium_rectale	2.3044793317
PWY-5667: CDP-diacylglycerol biosynthesis I	940.8273069210
PWY-5667: CDP-diacylglycerol biosynthesis I|g__Bacteroides.s__Bacteroides_vulgatus	80.6378257932
PWY-5667: CDP-diacylglycerol biosynthesis I|unclassified	74.3524269110
PWY-5667: CDP-diacylglycerol biosynthesis I|g__Faecalibacterium.s__Faecalibacterium_prausnitzii	68.3178619089
PWY-5667: CDP-diacylglycerol biosynthesis I|g__Bacteroides.s__Bacteroides_plebeius	59.0570054710
PWY-5667: CDP-diacylglycerol biosynthesis I|g__Bacteroides.s__Bacteroides_uniformis	41.7277397034
PWY-5667: CDP-diacylglycerol biosynthesis I|g__Fusicatenibacter.s__Fusicatenibacter_saccharivorans	34.9597724304
PWY-5667: CDP-diacylglycerol biosynthesis I|g__Blautia.s__Blautia_wexlerae	33.8603731795
PWY-5667: CDP-diacylglycerol biosynthesis I|g__Blautia.s__Blautia_obeum	29.1031584486
PWY-5667: CDP-diacylglycerol biosynthesis I|g__Blautia.s__Ruminococcus_torques	27.4810970396
PWY-5667: CDP-diacylglycerol biosynthesis I|g__Subdoligranulum.s__Subdoligranulum_sp_APC924_74	17.6890992237
PWY-5667: CDP-diacylglycerol biosynthesis I|g__Bacteroides.s__Bacteroides_massiliensis	17.6218839792
PWY-5667: CDP-diacylglycerol biosynthesis I|g__Parabacteroides.s__Parabacteroides_distasonis	14.5751680423
PWY-5667: CDP-diacylglycerol biosynthesis I|g__Paraprevotella.s__Paraprevotella_xylaniphila	10.9028478380
PWY-5667: CDP-diacylglycerol biosynthesis I|g__Blautia.s__Blautia_sp	7.3946255141
PWY-5667: CDP-diacylglycerol biosynthesis I|g__Anaerostipes.s__Anaerostipes_hadrus	6.7854113656
PWY-5667: CDP-diacylglycerol biosynthesis I|g__Eubacterium.s__Eubacterium_hallii	6.5263501387
PWY-5667: CDP-diacylglycerol biosynthesis I|g__Bacteroides.s__Bacteroides_coprophilus	5.5756899916
PWY-5667: CDP-diacylglycerol biosynthesis I|g__Bacteroides.s__Bacteroides_stercoris	3.4856218100
PWY-5667: CDP-diacylglycerol biosynthesis I|g__Bacteroides.s__Bacteroides_dorei	1.4889261120
PWY0-1319: CDP-diacylglycerol biosynthesis II	940.8273069210
PWY0-1319: CDP-diacylglycerol biosynthesis II|g__Bacteroides.s__Bacteroides_vulgatus	80.6378257932
PWY0-1319: CDP-diacylglycerol biosynthesis II|unclassified	74.3524269110
PWY0-1319: CDP-diacylglycerol biosynthesis II|g__Faecalibacterium.s__Faecalibacterium_prausnitzii	68.3178619089
PWY0-1319: CDP-diacylglycerol biosynthesis II|g__Bacteroides.s__Bacteroides_plebeius	59.0570054710
PWY0-1319: CDP-diacylglycerol biosynthesis II|g__Bacteroides.s__Bacteroides_uniformis	41.7277397034
PWY0-1319: CDP-diacylglycerol biosynthesis II|g__Fusicatenibacter.s__Fusicatenibacter_saccharivorans	34.9597724304
PWY0-1319: CDP-diacylglycerol biosynthesis II|g__Blautia.s__Blautia_wexlerae	33.8603731795
PWY0-1319: CDP-diacylglycerol biosynthesis II|g__Blautia.s__Blautia_obeum	29.1031584486
PWY0-1319: CDP-diacylglycerol biosynthesis II|g__Blautia.s__Ruminococcus_torques	27.4810970396
PWY0-1319: CDP-diacylglycerol biosynthesis II|g__Subdoligranulum.s__Subdoligranulum_sp_APC924_74	17.6890992237
PWY0-1319: CDP-diacylglycerol biosynthesis II|g__Bacteroides.s__Bacteroides_massiliensis	17.6218839792
PWY0-1319: CDP-diacylglycerol biosynthesis II|g__Parabacteroides.s__Parabacteroides_distasonis	14.5751680423
PWY0-1319: CDP-diacylglycerol biosynthesis II|g__Paraprevotella.s__Paraprevotella_xylaniphila	10.9028478380
PWY0-1319: CDP-diacylglycerol biosynthesis II|g__Blautia.s__Blautia_sp	7.3946255141
PWY0-1319: CDP-diacylglycerol biosynthesis II|g__Anaerostipes.s__Anaerostipes_hadrus	6.7854113656
PWY0-1319: CDP-diacylglycerol biosynthesis II|g__Eubacterium.s__Eubacterium_hallii	6.5263501387
PWY0-1319: CDP-diacylglycerol biosynthesis II|g__Bacteroides.s__Bacteroides_coprophilus	5.5756899916
PWY0-1319: CDP-diacylglycerol biosynthesis II|g__Bacteroides.s__Bacteroides_stercoris	3.4856218100
PWY0-1319: CDP-diacylglycerol biosynthesis II|g__Bacteroides.s__Bacteroides_dorei	1.4889261120
PWY-6629: superpathway of L-tryptophan biosynthesis	912.8995321546
PWY-6629: superpathway of L-tryptophan biosynthesis|unclassified	68.1012769016
PWY-6629: superpathway of L-tryptophan biosynthesis|g__Fusicatenibacter.s__Fusicatenibacter_saccharivorans	46.4184426793
PWY-6629: superpathway of L-tryptophan biosynthesis|g__Blautia.s__Blautia_obeum	30.0999174344
PWY-6629: superpathway of L-tryptophan biosynthesis|g__Blautia.s__Ruminococcus_torques	26.5731380167
PWY-6629: superpathway of L-tryptophan biosynthesis|g__Blautia.s__Blautia_wexlerae	18.8451147967
CALVIN-PWY: Calvin-Benson-Bassham cycle	908.5315018810
CALVIN-PWY: Calvin-Benson-Bassham cycle|unclassified	87.0801580068
CALVIN-PWY: Calvin-Benson-Bassham cycle|g__Blautia.s__Blautia_wexlerae	54.8789783377
CALVIN-PWY: Calvin-Benson-Bassham cycle|g__Fusicatenibacter.s__Fusicatenibacter_saccharivorans	53.0038774279
CALVIN-PWY: Calvin-Benson-Bassham cycle|g__Blautia.s__Ruminococcus_torques	23.4646266297
CALVIN-PWY: Calvin-Benson-Bassham cycle|g__Blautia.s__Blautia_sp	13.5072591477
CALVIN-PWY: Calvin-Benson-Bassham cycle|g__Roseburia.s__Roseburia_intestinalis	13.4719123045
CALVIN-PWY: Calvin-Benson-Bassham cycle|g__Collinsella.s__Collinsella_aerofaciens	12.1910433892
CALVIN-PWY: Calvin-Benson-Bassham cycle|g__Blautia.s__Blautia_obeum	5.9362664139
CALVIN-PWY: Calvin-Benson-Bassham cycle|g__Lachnospiraceae_unclassified.s__Eubacterium_rectale	2.4437653541
CALVIN-PWY: Calvin-Benson-Bassham cycle|g__Ruminococcus.s__Ruminococcus_sp_AF31_8BH	1.9238168526
GLUTORN-PWY: L-ornithine biosynthesis I	908.4957402019
GLUTORN-PWY: L-ornithine biosynthesis I|unclassified	101.2032844723
GLUTORN-PWY: L-ornithine biosynthesis I|g__Faecalibacterium.s__Faecalibacterium_prausnitzii	93.9936748501
GLUTORN-PWY: L-ornithine biosynthesis I|g__Gemmiger.s__Gemmiger_formicilis	75.8931654467
GLUTORN-PWY: L-ornithine biosynthesis I|g__Ruminococcus.s__Ruminococcus_bromii	71.2765290507
GLUTORN-PWY: L-ornithine biosynthesis I|g__Clostridium.s__Clostridium_sp_CAG_217	49.8379879648
GLUTORN-PWY: L-ornithine biosynthesis I|g__Fusicatenibacter.s__Fusicatenibacter_saccharivorans	43.4381608502
GLUTORN-PWY: L-ornithine biosynthesis I|g__Blautia.s__Blautia_wexlerae	40.3615189410
GLUTORN-PWY: L-ornithine biosynthesis I|g__Blautia.s__Ruminococcus_torques	28.6711142532
GLUTORN-PWY: L-ornithine biosynthesis I|g__Subdoligranulum.s__Subdoligranulum_sp_APC924_74	21.8700384979
GLUTORN-PWY: L-ornithine biosynthesis I|g__Collinsella.s__Collinsella_aerofaciens	19.5608061632
GLUTORN-PWY: L-ornithine biosynthesis I|g__Bifidobacterium.s__Bifidobacterium_adolescentis	19.0243239571
GLUTORN-PWY: L-ornithine biosynthesis I|g__Ruminococcus.s__Ruminococcus_bicirculans	12.9746561716
GLUTORN-PWY: L-ornithine biosynthesis I|g__Eubacterium.s__Eubacterium_sp_CAG_115	10.1156069364
GLUTORN-PWY: L-ornithine biosynthesis I|g__Blautia.s__Blautia_obeum	9.7828518419
GLUTORN-PWY: L-ornithine biosynthesis I|g__Dorea.s__Dorea_formicigenerans	8.8500321819
GLUTORN-PWY: L-ornithine biosynthesis I|g__Firmicutes_unclassified.s__Firmicutes_bacterium_CAG_65_45_313	7.7695687183
GLUTORN-PWY: L-ornithine biosynthesis I|g__Blautia.s__Blautia_sp	6.3321196771
PWY-724: superpathway of L-lysine, L-threonine and L-methionine biosynthesis II	904.5694342553
PWY-724: superpathway of L-lysine, L-threonine and L-methionine biosynthesis II|unclassified	92.5888929014
PWY-724: superpathway of L-lysine, L-threonine and L-methionine biosynthesis II|g__Faecalibacterium.s__Faecalibacterium_prausnitzii	48.0702363334
PWY-724: superpathway of L-lysine, L-threonine and L-methionine biosynthesis II|g__Bacteroides.s__Bacteroides_uniformis	40.7636631472
PWY-724: superpathway of L-lysine, L-threonine and L-methionine biosynthesis II|g__Blautia.s__Blautia_obeum	33.5801487075
PWY-724: superpathway of L-lysine, L-threonine and L-methionine biosynthesis II|g__Bifidobacterium.s__Bifidobacterium_adolescentis	29.4216117262
PWY-724: superpathway of L-lysine, L-threonine and L-methionine biosynthesis II|g__Fusicatenibacter.s__Fusicatenibacter_saccharivorans	24.7783572356
PWY-724: superpathway of L-lysine, L-threonine and L-methionine biosynthesis II|g__Blautia.s__Ruminococcus_torques	21.1592658228
PWY-724: superpathway of L-lysine, L-threonine and L-methionine biosynthesis II|g__Phascolarctobacterium.s__Phascolarctobacterium_succinatutens	8.6238859514
1CMET2-PWY: folate transformations III (E. coli)	893.7546535548
1CMET2-PWY: folate transformations III (E. coli)|g__Bacteroides.s__Bacteroides_vulgatus	88.7746889096
1CMET2-PWY: folate transformations III (E. coli)|unclassified	75.6309783091
1CMET2-PWY: folate transformations III (E. coli)|g__Bacteroides.s__Bacteroides_plebeius	62.1553545048
1CMET2-PWY: folate transformations III (E. coli)|g__Alistipes.s__Alistipes_putredinis	35.5725915369
1CMET2-PWY: folate transformations III (E. coli)|g__Bacteroides.s__Bacteroides_massiliensis	26.9522634105
1CMET2-PWY: folate transformations III (E. coli)|g__Blautia.s__Blautia_wexlerae	18.9204411432
1CMET2-PWY: folate transformations III (E. coli)|g__Paraprevotella.s__Paraprevotella_xylaniphila	14.1251196680
1CMET2-PWY: folate transformations III (E. coli)|g__Blautia.s__Blautia_obeum	10.0920573141
1CMET2-PWY: folate transformations III (E. coli)|g__Parabacteroides.s__Parabacteroides_merdae	6.0776709019
1CMET2-PWY: folate transformations III (E. coli)|g__Blautia.s__Ruminococcus_torques	4.9064629249
PWY-2942: L-lysine biosynthesis III	890.2664185943
PWY-2942: L-lysine biosynthesis III|g__Bacteroides.s__Bacteroides_plebeius	68.4178630921
PWY-2942: L-lysine biosynthesis III|g__Bacteroides.s__Bacteroides_uniformis	45.7346082587
PWY-2942: L-lysine biosynthesis III|unclassified	34.8758102718
PWY-2942: L-lysine biosynthesis III|g__Blautia.s__Ruminococcus_torques	31.9200362943
PWY-2942: L-lysine biosynthesis III|g__Parabacteroides.s__Parabacteroides_distasonis	12.8135061173
PWY-2942: L-lysine biosynthesis III|g__Bacteroides.s__Bacteroides_coprophilus	6.6237698713
PWY-5103: L-isoleucine biosynthesis III	877.5688033254
PWY-5103: L-isoleucine biosynthesis III|g__Gemmiger.s__Gemmiger_formicilis	66.7867810559
PWY-5103: L-isoleucine biosynthesis III|g__Bacteroides.s__Bacteroides_uniformis	36.8527830033
PWY-5103: L-isoleucine biosynthesis III|g__Bifidobacterium.s__Bifidobacterium_adolescentis	34.6733389402
PWY-5103: L-isoleucine biosynthesis III|g__Blautia.s__Ruminococcus_torques	28.2638778320
PWY-5103: L-isoleucine biosynthesis III|g__Blautia.s__Blautia_wexlerae	26.5383267056
PWY-5103: L-isoleucine biosynthesis III|unclassified	25.3857720566
PWY-5103: L-isoleucine biosynthesis III|g__Roseburia.s__Roseburia_intestinalis	14.4253094529
PWY-5103: L-isoleucine biosynthesis III|g__Blautia.s__Blautia_obeum	14.0040182067
PWY-5103: L-isoleucine biosynthesis III|g__Parabacteroides.s__Parabacteroides_distasonis	11.3920889702
PWY-5103: L-isoleucine biosynthesis III|g__Dorea.s__Dorea_longicatena	10.5729678490
PWY-5103: L-isoleucine biosynthesis III|g__Ruminococcus.s__Ruminococcus_bicirculans	8.1158418216
PWY-5103: L-isoleucine biosynthesis III|g__Parabacteroides.s__Parabacteroides_merdae	7.3162602832
PWY-5103: L-isoleucine biosynthesis III|g__Anaerostipes.s__Anaerostipes_hadrus	6.3664961309
PWY-5103: L-isoleucine biosynthesis III|g__Bacteroides.s__Bacteroides_thetaiotaomicron	5.6802564179
PWY-5103: L-isoleucine biosynthesis III|g__Lachnospiraceae_unclassified.s__Eubacterium_rectale	4.1058201154
PWY-5103: L-isoleucine biosynthesis III|g__Bacteroides.s__Bacteroides_ovatus	3.9107229023
PWY-5103: L-isoleucine biosynthesis III|g__Bifidobacterium.s__Bifidobacterium_longum	2.9647198340
PWY-5103: L-isoleucine biosynthesis III|g__Bifidobacterium.s__Bifidobacterium_pseudocatenulatum	2.5299417619
PWY-5103: L-isoleucine biosynthesis III|g__Dorea.s__Dorea_formicigenerans	2.3468275920
PWY-5103: L-isoleucine biosynthesis III|g__Bacteroides.s__Bacteroides_finegoldii	1.8306515101
PWY-5103: L-isoleucine biosynthesis III|g__Bacteroides.s__Bacteroides_stercoris	1.2917393270
PWY-5103: L-isoleucine biosynthesis III|g__Roseburia.s__Roseburia_inulinivorans	1.0909884355
PWY-6123: inosine-5'-phosphate biosynthesis I	872.0801355723
PWY-6123: inosine-5'-phosphate biosynthesis I|g__Faecalibacterium.s__Faecalibacterium_prausnitzii	88.4153341117
PWY-6123: inosine-5'-phosphate biosynthesis I|g__Bacteroides.s__Bacteroides_vulgatus	86.7575714292
PWY-6123: inosine-5'-phosphate biosynthesis I|unclassified	71.3054503446
PWY-6123: inosine-5'-phosphate biosynthesis I|g__Blautia.s__Blautia_wexlerae	48.3656101471
PWY-6123: inosine-5'-phosphate biosynthesis I|g__Bacteroides.s__Bacteroides_uniformis	40.2884149635
PWY-6123: inosine-5'-phosphate biosynthesis I|g__Holdemanella.s__Holdemanella_biformis	38.0151068563
PWY-6123: inosine-5'-phosphate biosynthesis I|g__Alistipes.s__Alistipes_putredinis	34.5433347868
PWY-6123: inosine-5'-phosphate biosynthesis I|g__Blautia.s__Ruminococcus_torques	30.0056129139
PWY-6123: inosine-5'-phosphate biosynthesis I|g__Bacteroides.s__Bacteroides_massiliensis	29.2399667084
PWY-6123: inosine-5'-phosphate biosynthesis I|g__Bifidobacterium.s__Bifidobacterium_adolescentis	19.6183536979
PWY-6123: inosine-5'-phosphate biosynthesis I|g__Sutterella.s__Sutterella_wadsworthensis	18.0002571465
PWY-6123: inosine-5'-phosphate biosynthesis I|g__Collinsella.s__Collinsella_aerofaciens	17.9937022042
PWY-6123: inosine-5'-phosphate biosynthesis I|g__Anaerostipes.s__Anaerostipes_hadrus	12.3971948104
PWY-6123: inosine-5'-phosphate biosynthesis I|g__Blautia.s__Blautia_sp	11.0171145723
PWY-6123: inosine-5'-phosphate biosynthesis I|g__Parabacteroides.s__Parabacteroides_distasonis	9.2033887925
PWY-6123: inosine-5'-phosphate biosynthesis I|g__Blautia.s__Blautia_obeum	6.1905317179
PWY-6123: inosine-5'-phosphate biosynthesis I|g__Alistipes.s__Alistipes_onderdonkii	6.1099230705
PWY-6123: inosine-5'-phosphate biosynthesis I|g__Bacteroides.s__Bacteroides_dorei	5.5593278115
PWY-6123: inosine-5'-phosphate biosynthesis I|g__Ruminococcus.s__Ruminococcus_lactaris	3.4425879672
PWY-6123: inosine-5'-phosphate biosynthesis I|g__Bacteroides.s__Bacteroides_thetaiotaomicron	2.8808122895
PWY-6123: inosine-5'-phosphate biosynthesis I|g__Alistipes.s__Alistipes_finegoldii	2.3246933390
PWY-6123: inosine-5'-phosphate biosynthesis I|g__Ruminococcus.s__Ruminococcus_sp_AF31_8BH	2.0263424519
PWY-6123: inosine-5'-phosphate biosynthesis I|g__Bacteroides.s__Bacteroides_stercoris	1.1142061281
PWY-6124: inosine-5'-phosphate biosynthesis II	818.6648706615
PWY-6124: inosine-5'-phosphate biosynthesis II|g__Bacteroides.s__Bacteroides_vulgatus	85.8381798657
PWY-6124: inosine-5'-phosphate biosynthesis II|g__Faecalibacterium.s__Faecalibacterium_prausnitzii	84.9451221237
PWY-6124: inosine-5'-phosphate biosynthesis II|unclassified	63.6270720057
PWY-6124: inosine-5'-phosphate biosynthesis II|g__Blautia.s__Blautia_wexlerae	48.5659305416
PWY-6124: inosine-5'-phosphate biosynthesis II|g__Bacteroides.s__Bacteroides_uniformis	39.5487686456
PWY-6124: inosine-5'-phosphate biosynthesis II|g__Holdemanella.s__Holdemanella_biformis	36.5913032168
PWY-6124: inosine-5'-phosphate biosynthesis II|g__Alistipes.s__Alistipes_putredinis	34.0644511593
PWY-6124: inosine-5'-phosphate biosynthesis II|g__Bacteroides.s__Bacteroides_massiliensis	30.2666017797
PWY-6124: inosine-5'-phosphate biosynthesis II|g__Blautia.s__Ruminococcus_torques	28.7300156070
PWY-6124: inosine-5'-phosphate biosynthesis II|g__Bifidobacterium.s__Bifidobacterium_adolescentis	17.9316390030
PWY-6124: inosine-5'-phosphate biosynthesis II|g__Collinsella.s__Collinsella_aerofaciens	17.0024653575
PWY-6124: inosine-5'-phosphate biosynthesis II|g__Anaerostipes.s__Anaerostipes_hadrus	15.2419062974
PWY-6124: inosine-5'-phosphate biosynthesis II|g__Sutterella.s__Sutterella_wadsworthensis	14.6707938350
PWY-6124: inosine-5'-phosphate biosynthesis II|g__Blautia.s__Blautia_sp	12.5318871574
PWY-6124: inosine-5'-phosphate biosynthesis II|g__Parabacteroides.s__Parabacteroides_distasonis	8.3203843859
PWY-6124: inosine-5'-phosphate biosynthesis II|g__Alistipes.s__Alistipes_onderdonkii	5.4141318686
PWY-6124: inosine-5'-phosphate biosynthesis II|g__Blautia.s__Blautia_obeum	5.3149280719
PWY-6124: inosine-5'-phosphate biosynthesis II|g__Bacteroides.s__Bacteroides_dorei	4.8645769889
PWY-6124: inosine-5'-phosphate biosynthesis II|g__Alistipes.s__Alistipes_finegoldii	4.4248352030
PWY-6124: inosine-5'-phosphate biosynthesis II|g__Ruminococcus.s__Ruminococcus_lactaris	3.2023059599
PWY-6124: inosine-5'-phosphate biosynthesis II|g__Bacteroides.s__Bacteroides_thetaiotaomicron	2.9124869233
PWY-6124: inosine-5'-phosphate biosynthesis II|g__Bacteroides.s__Bacteroides_ovatus	2.0872422337
PWY-6124: inosine-5'-phosphate biosynthesis II|g__Ruminococcus.s__Ruminococcus_sp_AF31_8BH	1.7959770115
PWY-6124: inosine-5'-phosphate biosynthesis II|g__Bacteroides.s__Bacteroides_cellulosilyticus	1.7823723376
PWY-6124: inosine-5'-phosphate biosynthesis II|g__Bacteroides.s__Bacteroides_stercoris	0.9410878976
PWY-6317: D-galactose degradation I (Leloir pathway)	797.5197938186
PWY-6317: D-galactose degradation I (Leloir pathway)|g__Faecalibacterium.s__Faecalibacterium_prausnitzii	80.0847100070
PWY-6317: D-galactose degradation I (Leloir pathway)|unclassified	77.4730209381
PWY-6317: D-galactose degradation I (Leloir pathway)|g__Fusicatenibacter.s__Fusicatenibacter_saccharivorans	47.7190374040
PWY-6317: D-galactose degradation I (Leloir pathway)|g__Blautia.s__Blautia_wexlerae	36.9113488828
PWY-6317: D-galactose degradation I (Leloir pathway)|g__Holdemanella.s__Holdemanella_biformis	29.1358334291
PWY-6317: D-galactose degradation I (Leloir pathway)|g__Blautia.s__Ruminococcus_torques	25.7816068709
PWY-6317: D-galactose degradation I (Leloir pathway)|g__Collinsella.s__Collinsella_aerofaciens	20.3102149271
PWY-6317: D-galactose degradation I (Leloir pathway)|g__Blautia.s__Blautia_obeum	20.2573520815
PWY-6317: D-galactose degradation I (Leloir pathway)|g__Blautia.s__Blautia_sp	12.2911359161
PWY-6317: D-galactose degradation I (Leloir pathway)|g__Roseburia.s__Roseburia_intestinalis	11.6520270616
PWY-6317: D-galactose degradation I (Leloir pathway)|g__Eubacterium.s__Eubacterium_hallii	8.1656459609
PWY-6317: D-galactose degradation I (Leloir pathway)|g__Dorea.s__Dorea_formicigenerans	6.9696265694
PWY-6317: D-galactose degradation I (Leloir pathway)|g__Ruminococcus.s__Ruminococcus_sp_AF31_8BH	1.1502516175
PANTOSYN-PWY: superpathway of coenzyme A biosynthesis I (bacteria)	780.4647705839
PANTOSYN-PWY: superpathway of coenzyme A biosynthesis I (bacteria)|g__Bacteroides.s__Bacteroides_vulgatus	72.8991871167
PANTOSYN-PWY: superpathway of coenzyme A biosynthesis I (bacteria)|g__Bacteroides.s__Bacteroides_plebeius	57.7926852452
PANTOSYN-PWY: superpathway of coenzyme A biosynthesis I (bacteria)|g__Bacteroides.s__Bacteroides_uniformis	37.2878062941
PANTOSYN-PWY: superpathway of coenzyme A biosynthesis I (bacteria)|g__Alistipes.s__Alistipes_putredinis	33.4238395721
PANTOSYN-PWY: superpathway of coenzyme A biosynthesis I (bacteria)|g__Bacteroides.s__Bacteroides_massiliensis	23.5055792267
PANTOSYN-PWY: superpathway of coenzyme A biosynthesis I (bacteria)|g__Blautia.s__Blautia_wexlerae	22.2133588250
PANTOSYN-PWY: superpathway of coenzyme A biosynthesis I (bacteria)|g__Blautia.s__Blautia_obeum	18.7546177831
PANTOSYN-PWY: superpathway of coenzyme A biosynthesis I (bacteria)|g__Anaerostipes.s__Anaerostipes_hadrus	13.3302964310
PANTOSYN-PWY: superpathway of coenzyme A biosynthesis I (bacteria)|g__Parabacteroides.s__Parabacteroides_merdae	11.0212114586
PANTOSYN-PWY: superpathway of coenzyme A biosynthesis I (bacteria)|g__Phascolarctobacterium.s__Phascolarctobacterium_succinatutens	10.7028785940
PANTOSYN-PWY: superpathway of coenzyme A biosynthesis I (bacteria)|g__Blautia.s__Ruminococcus_torques	10.1580651565
PANTOSYN-PWY: superpathway of coenzyme A biosynthesis I (bacteria)|g__Parabacteroides.s__Parabacteroides_distasonis	10.1032724855
PANTOSYN-PWY: superpathway of coenzyme A biosynthesis I (bacteria)|g__Bacteroides.s__Bacteroides_coprophilus	9.3440520305
PWY-7400: L-arginine biosynthesis IV (archaebacteria)	776.5101451314
PWY-7400: L-arginine biosynthesis IV (archaebacteria)|unclassified	73.4754926270
PWY-7400: L-arginine biosynthesis IV (archaebacteria)|g__Blautia.s__Ruminococcus_torques	31.0771038675
PWY-7111: pyruvate fermentation to isobutanol (engineered)	774.7432001711
PWY-7111: pyruvate fermentation to isobutanol (engineered)|g__Faecalibacterium.s__Faecalibacterium_prausnitzii	52.4010573003
PWY-7111: pyruvate fermentation to isobutanol (engineered)|unclassified	51.9919225371
PWY-7111: pyruvate fermentation to isobutanol (engineered)|g__Bifidobacterium.s__Bifidobacterium_adolescentis	30.2566884491
PWY-7111: pyruvate fermentation to isobutanol (engineered)|g__Blautia.s__Blautia_wexlerae	28.5656622644
PWY-7111: pyruvate fermentation to isobutanol (engineered)|g__Blautia.s__Ruminococcus_torques	27.6882081806
PWY-7111: pyruvate fermentation to isobutanol (engineered)|g__Roseburia.s__Roseburia_intestinalis	13.9161477983
PWY-7111: pyruvate fermentation to isobutanol (engineered)|g__Phascolarctobacterium.s__Phascolarctobacterium_succinatutens	13.0568207335
PWY-7111: pyruvate fermentation to isobutanol (engineered)|g__Parabacteroides.s__Parabacteroides_distasonis	11.7705231379
PWY-7111: pyruvate fermentation to isobutanol (engineered)|g__Blautia.s__Blautia_obeum	11.2678498756
PWY-7111: pyruvate fermentation to isobutanol (engineered)|g__Dorea.s__Dorea_longicatena	10.8488899827
PWY-7111: pyruvate fermentation to isobutanol (engineered)|g__Dorea.s__Dorea_formicigenerans	8.6877043116
PWY-7111: pyruvate fermentation to isobutanol (engineered)|g__Anaerostipes.s__Anaerostipes_hadrus	6.4186859856
PWY-7111: pyruvate fermentation to isobutanol (engineered)|g__Bacteroides.s__Bacteroides_coprophilus	6.1684548955
PWY-7111: pyruvate fermentation to isobutanol (engineered)|g__Ruminococcus.s__Ruminococcus_lactaris	4.5690433514
PWY-7111: pyruvate fermentation to isobutanol (engineered)|g__Roseburia.s__Roseburia_inulinivorans	1.0390689942
PWY-3001: superpathway of L-isoleucine biosynthesis I	744.6057568243
PWY-3001: superpathway of L-isoleucine biosynthesis I|unclassified	51.0002266346
PWY-3001: superpathway of L-isoleucine biosynthesis I|g__Blautia.s__Ruminococcus_torques	24.5959282050
PWY0-1586: peptidoglycan maturation (meso-diaminopimelate containing)	743.8908505740
PWY0-1586: peptidoglycan maturation (meso-diaminopimelate containing)|g__Bacteroides.s__Bacteroides_vulgatus	78.5547950345
PWY0-1586: peptidoglycan maturation (meso-diaminopimelate containing)|unclassified	36.9248852397
PWY0-1586: peptidoglycan maturation (meso-diaminopimelate containing)|g__Bacteroides.s__Bacteroides_uniformis	33.9273100854
PWY0-1586: peptidoglycan maturation (meso-diaminopimelate containing)|g__Sutterella.s__Sutterella_wadsworthensis	22.1608186729
PWY0-1586: peptidoglycan maturation (meso-diaminopimelate containing)|g__Ruminococcus.s__Ruminococcus_bicirculans	18.1559354075
PWY0-1586: peptidoglycan maturation (meso-diaminopimelate containing)|g__Collinsella.s__Collinsella_aerofaciens	17.1171171171
PWY0-1586: peptidoglycan maturation (meso-diaminopimelate containing)|g__Lachnospiraceae_unclassified.s__Eubacterium_rectale	13.7263921563
PWY0-1586: peptidoglycan maturation (meso-diaminopimelate containing)|g__Bacteroides.s__Bacteroides_coprophilus	7.8446021666
PWY0-1586: peptidoglycan maturation (meso-diaminopimelate containing)|g__Bacteroides.s__Bacteroides_ovatus	4.1703902294
PWY-7199: pyrimidine deoxyribonucleosides salvage	728.2660480994
PWY-7199: pyrimidine deoxyribonucleosides salvage|g__Bacteroides.s__Bacteroides_vulgatus	92.3553929219
PWY-7199: pyrimidine deoxyribonucleosides salvage|g__Bacteroides.s__Bacteroides_plebeius	55.3950989348
PWY-7199: pyrimidine deoxyribonucleosides salvage|unclassified	54.5542844890
PWY-7199: pyrimidine deoxyribonucleosides salvage|g__Bacteroides.s__Bacteroides_uniformis	40.3731316132
PWY-7199: pyrimidine deoxyribonucleosides salvage|g__Bacteroides.s__Bacteroides_massiliensis	22.5027939725
PWY-7199: pyrimidine deoxyribonucleosides salvage|g__Parabacteroides.s__Parabacteroides_distasonis	16.8507770081
PWY-7199: pyrimidine deoxyribonucleosides salvage|g__Blautia.s__Blautia_sp	10.5189340813
PWY-7199: pyrimidine deoxyribonucleosides salvage|g__Bacteroides.s__Bacteroides_thetaiotaomicron	5.4017555706
PWY-7199: pyrimidine deoxyribonucleosides salvage|g__Bacteroides.s__Bacteroides_ovatus	2.3584905660
THRESYN-PWY: superpathway of L-threonine biosynthesis	718.6222155339
THRESYN-PWY: superpathway of L-threonine biosynthesis|unclassified	81.0108288681
THRESYN-PWY: superpathway of L-threonine biosynthesis|g__Bacteroides.s__Bacteroides_vulgatus	61.8207777081
THRESYN-PWY: superpathway of L-threonine biosynthesis|g__Faecalibacterium.s__Faecalibacterium_prausnitzii	38.5307759402
THRESYN-PWY: superpathway of L-threonine biosynthesis|g__Holdemanella.s__Holdemanella_biformis	34.3669322555
THRESYN-PWY: superpathway of L-threonine biosynthesis|g__Bacteroides.s__Bacteroides_massiliensis	29.7544203638
THRESYN-PWY: superpathway of L-threonine biosynthesis|g__Blautia.s__Ruminococcus_torques	28.3801982237
THRESYN-PWY: superpathway of L-threonine biosynthesis|g__Bifidobacterium.s__Bifidobacterium_adolescentis	26.0469636797
THRESYN-PWY: superpathway of L-threonine biosynthesis|g__Blautia.s__Blautia_obeum	24.9314546770
THRESYN-PWY: superpathway of L-threonine biosynthesis|g__Bacteroides.s__Bacteroides_uniformis	23.2846940575
THRESYN-PWY: superpathway of L-threonine biosynthesis|g__Collinsella.s__Collinsella_aerofaciens	17.6523897711
THRESYN-PWY: superpathway of L-threonine biosynthesis|g__Phascolarctobacterium.s__Phascolarctobacterium_succinatutens	10.2891667730
THRESYN-PWY: superpathway of L-threonine biosynthesis|g__Bacteroides.s__Bacteroides_dorei	2.3112132619
TRPSYN-PWY: L-tryptophan biosynthesis	711.6818058358
TRPSYN-PWY: L-tryptophan biosynthesis|g__Ruminococcus.s__Ruminococcus_bromii	86.6489270171
TRPSYN-PWY: L-tryptophan biosynthesis|g__Bacteroides.s__Bacteroides_vulgatus	70.3242701035
TRPSYN-PWY: L-tryptophan biosynthesis|g__Fusicatenibacter.s__Fusicatenibacter_saccharivorans	56.0701362077
TRPSYN-PWY: L-tryptophan biosynthesis|unclassified	55.9430343476
TRPSYN-PWY: L-tryptophan biosynthesis|g__Blautia.s__Blautia_wexlerae	31.6440996439
TRPSYN-PWY: L-tryptophan biosynthesis|g__Blautia.s__Ruminococcus_torques	24.1530210332
TRPSYN-PWY: L-tryptophan biosynthesis|g__Blautia.s__Blautia_obeum	20.2565378666
TRPSYN-PWY: L-tryptophan biosynthesis|g__Ruminococcus.s__Ruminococcus_bicirculans	9.1543736506
PANTO-PWY: phosphopantothenate biosynthesis I	701.4907530365
PANTO-PWY: phosphopantothenate biosynthesis I|g__Bacteroides.s__Bacteroides_vulgatus	83.3670179373
PANTO-PWY: phosphopantothenate biosynthesis I|g__Bacteroides.s__Bacteroides_plebeius	71.7534252444
PANTO-PWY: phosphopantothenate biosynthesis I|g__Bacteroides.s__Bacteroides_uniformis	38.4343466804
PANTO-PWY: phosphopantothenate biosynthesis I|g__Alistipes.s__Alistipes_putredinis	28.7562904385
PANTO-PWY: phosphopantothenate biosynthesis I|g__Blautia.s__Ruminococcus_torques	26.9734916823
PANTO-PWY: phosphopantothenate biosynthesis I|g__Bacteroides.s__Bacteroides_massiliensis	24.4408074195
PANTO-PWY: phosphopantothenate biosynthesis I|g__Blautia.s__Blautia_obeum	19.1418381451
PANTO-PWY: phosphopantothenate biosynthesis I|g__Blautia.s__Blautia_wexlerae	17.6470207715
PANTO-PWY: phosphopantothenate biosynthesis I|g__Anaerostipes.s__Anaerostipes_hadrus	15.3473390136
PANTO-PWY: phosphopantothenate biosynthesis I|g__Parabacteroides.s__Parabacteroides_distasonis	13.9380903158
PANTO-PWY: phosphopantothenate biosynthesis I|g__Phascolarctobacterium.s__Phascolarctobacterium_succinatutens	13.2140998802
PANTO-PWY: phosphopantothenate biosynthesis I|unclassified	11.4508154198
PANTO-PWY: phosphopantothenate biosynthesis I|g__Bacteroides.s__Bacteroides_coprophilus	11.4098780673
PANTO-PWY: phosphopantothenate biosynthesis I|g__Dorea.s__Dorea_formicigenerans	10.5892141290
PANTO-PWY: phosphopantothenate biosynthesis I|g__Paraprevotella.s__Paraprevotella_xylaniphila	10.2192762338
PANTO-PWY: phosphopantothenate biosynthesis I|g__Dorea.s__Dorea_longicatena	9.9877652663
PANTO-PWY: phosphopantothenate biosynthesis I|g__Parabacteroides.s__Parabacteroides_merdae	9.6344086022
PANTO-PWY: phosphopantothenate biosynthesis I|g__Agathobaculum.s__Agathobaculum_butyriciproducens	8.7649734964
PANTO-PWY: phosphopantothenate biosynthesis I|g__Roseburia.s__Roseburia_intestinalis	8.7279074842
PANTO-PWY: phosphopantothenate biosynthesis I|g__Desulfovibrio.s__Desulfovibrio_piger	8.2970338104
PANTO-PWY: phosphopantothenate biosynthesis I|g__Coprococcus.s__Coprococcus_comes	5.7283142390
PANTO-PWY: phosphopantothenate biosynthesis I|g__Bacteroides.s__Bacteroides_dorei	1.8454440600
PWY-6270: isoprene biosynthesis I	699.6442028033
PWY-6270: isoprene biosynthesis I|unclassified	55.3449016579
PWY-6270: isoprene biosynthesis I|g__Fusicatenibacter.s__Fusicatenibacter_saccharivorans	45.6871975749
PWY-6270: isoprene biosynthesis I|g__Blautia.s__Blautia_wexlerae	13.9708683556
PWY-6270: isoprene biosynthesis I|g__Blautia.s__Blautia_obeum	13.2446252574
PWY-6270: isoprene biosynthesis I|g__Blautia.s__Ruminococcus_torques	7.1620777043
PWY-5973: cis-vaccenate biosynthesis	697.9968490725
PWY-5973: cis-vaccenate biosynthesis|g__Bacteroides.s__Bacteroides_vulgatus	80.9751586424
PWY-5973: cis-vaccenate biosynthesis|unclassified	59.0948116959
PWY-5973: cis-vaccenate biosynthesis|g__Bacteroides.s__Bacteroides_uniformis	33.6973670103
PWY-5973: cis-vaccenate biosynthesis|g__Blautia.s__Ruminococcus_torques	29.1877744082
PWY-5973: cis-vaccenate biosynthesis|g__Parabacteroides.s__Parabacteroides_distasonis	14.6597451498
PWY-5973: cis-vaccenate biosynthesis|g__Alistipes.s__Alistipes_onderdonkii	7.5455767253
PWY-5973: cis-vaccenate biosynthesis|g__Parabacteroides.s__Parabacteroides_merdae	5.7912548639
PWY-5973: cis-vaccenate biosynthesis|g__Bacteroides.s__Bacteroides_ovatus	2.7742357696
PWY-5973: cis-vaccenate biosynthesis|g__Bacteroides.s__Bacteroides_finegoldii	1.4526438117
OANTIGEN-PWY: O-antigen building blocks biosynthesis (E. coli)	688.8096796158
OANTIGEN-PWY: O-antigen building blocks biosynthesis (E. coli)|unclassified	72.3424841448
OANTIGEN-PWY: O-antigen building blocks biosynthesis (E. coli)|g__Collinsella.s__Collinsella_aerofaciens	28.8901017742
PWY-8178: pentose phosphate pathway (non-oxidative branch) II	679.3421275905
PWY-8178: pentose phosphate pathway (non-oxidative branch) II|unclassified	77.4850881536
PWY-8178: pentose phosphate pathway (non-oxidative branch) II|g__Blautia.s__Blautia_wexlerae	64.9798224342
PWY-8178: pentose phosphate pathway (non-oxidative branch) II|g__Fusicatenibacter.s__Fusicatenibacter_saccharivorans	51.3115299975
PWY-8178: pentose phosphate pathway (non-oxidative branch) II|g__Blautia.s__Ruminococcus_torques	22.9934445606
PWY-8178: pentose phosphate pathway (non-oxidative branch) II|g__Anaerostipes.s__Anaerostipes_hadrus	14.5394862494
PWY-8178: pentose phosphate pathway (non-oxidative branch) II|g__Blautia.s__Blautia_obeum	10.9276852122
PWY-8178: pentose phosphate pathway (non-oxidative branch) II|g__Eubacterium.s__Eubacterium_hallii	10.0366109049
PWY-8178: pentose phosphate pathway (non-oxidative branch) II|g__Parabacteroides.s__Parabacteroides_distasonis	9.9073994767
PWY-8178: pentose phosphate pathway (non-oxidative branch) II|g__Eubacterium.s__Eubacterium_eligens	9.5523538537
PWY-8178: pentose phosphate pathway (non-oxidative branch) II|g__Blautia.s__Blautia_sp	8.1213123748
PWY-8178: pentose phosphate pathway (non-oxidative branch) II|g__Lachnospiraceae_unclassified.s__Eubacterium_rectale	3.9806653398
RIBOSYN2-PWY: flavin biosynthesis I (bacteria and plants)	678.8584034479
RIBOSYN2-PWY: flavin biosynthesis I (bacteria and plants)|g__Faecalibacterium.s__Faecalibacterium_prausnitzii	117.8678527234
RIBOSYN2-PWY: flavin biosynthesis I (bacteria and plants)|g__Bacteroides.s__Bacteroides_vulgatus	94.1853809629
RIBOSYN2-PWY: flavin biosynthesis I (bacteria and plants)|g__Blautia.s__Blautia_wexlerae	21.9745645954
RIBOSYN2-PWY: flavin biosynthesis I (bacteria and plants)|g__Blautia.s__Blautia_obeum	21.8727068610
RIBOSYN2-PWY: flavin biosynthesis I (bacteria and plants)|unclassified	17.7579845696
RIBOSYN2-PWY: flavin biosynthesis I (bacteria and plants)|g__Phascolarctobacterium.s__Phascolarctobacterium_succinatutens	12.0591367537
RIBOSYN2-PWY: flavin biosynthesis I (bacteria and plants)|g__Parabacteroides.s__Parabacteroides_distasonis	11.0401180900
PWY-7560: methylerythritol phosphate pathway II	668.2496945689
PWY-7560: methylerythritol phosphate pathway II|unclassified	51.6367954978
PWY-7560: methylerythritol phosphate pathway II|g__Fusicatenibacter.s__Fusicatenibacter_saccharivorans	45.0426954941
PWY-7560: methylerythritol phosphate pathway II|g__Blautia.s__Ruminococcus_torques	25.5032509872
PWY-7560: methylerythritol phosphate pathway II|g__Blautia.s__Blautia_obeum	13.6580409095
PWY-7560: methylerythritol phosphate pathway II|g__Blautia.s__Blautia_wexlerae	12.8012851612
PWY-7357: thiamine phosphate formation from pyrithiamine and oxythiamine (yeast)	647.0572424320
PWY-7357: thiamine phosphate formation from pyrithiamine and oxythiamine (yeast)|g__Faecalibacterium.s__Faecalibacterium_prausnitzii	75.0633569764
PWY-7357: thiamine phosphate formation from pyrithiamine and oxythiamine (yeast)|unclassified	43.5988652693
PWY-7357: thiamine phosphate formation from pyrithiamine and oxythiamine (yeast)|g__Bacteroides.s__Bacteroides_uniformis	42.0701168614
PWY-7357: thiamine phosphate formation from pyrithiamine and oxythiamine (yeast)|g__Blautia.s__Ruminococcus_torques	35.6698600568
PWY-7357: thiamine phosphate formation from pyrithiamine and oxythiamine (yeast)|g__Fusicatenibacter.s__Fusicatenibacter_saccharivorans	35.3948881913
PWY-7357: thiamine phosphate formation from pyrithiamine and oxythiamine (yeast)|g__Blautia.s__Blautia_obeum	34.8790153660
PWY-7357: thiamine phosphate formation from pyrithiamine and oxythiamine (yeast)|g__Holdemanella.s__Holdemanella_biformis	26.7488694428
PWY-7357: thiamine phosphate formation from pyrithiamine and oxythiamine (yeast)|g__Bifidobacterium.s__Bifidobacterium_adolescentis	22.8898426323
PWY-7357: thiamine phosphate formation from pyrithiamine and oxythiamine (yeast)|g__Collinsella.s__Collinsella_aerofaciens	18.5022952658
PWY-7357: thiamine phosphate formation from pyrithiamine and oxythiamine (yeast)|g__Dorea.s__Dorea_longicatena	15.4689438609
PWY-7357: thiamine phosphate formation from pyrithiamine and oxythiamine (yeast)|g__Blautia.s__Blautia_wexlerae	14.5958542992
PWY-7357: thiamine phosphate formation from pyrithiamine and oxythiamine (yeast)|g__Bacteroides.s__Bacteroides_ovatus	10.4306362688
PWY-7357: thiamine phosphate formation from pyrithiamine and oxythiamine (yeast)|g__Dorea.s__Dorea_formicigenerans	10.2700070727
PWY-7357: thiamine phosphate formation from pyrithiamine and oxythiamine (yeast)|g__Phascolarctobacterium.s__Phascolarctobacterium_succinatutens	7.6214803943
PYRIDNUCSYN-PWY: NAD de novo biosynthesis I (from aspartate)	638.9367063060
PYRIDNUCSYN-PWY: NAD de novo biosynthesis I (from aspartate)|g__Bacteroides.s__Bacteroides_vulgatus	85.1665712989
PYRIDNUCSYN-PWY: NAD de novo biosynthesis I (from aspartate)|g__Alistipes.s__Alistipes_putredinis	42.5622127937
PYRIDNUCSYN-PWY: NAD de novo biosynthesis I (from aspartate)|g__Bacteroides.s__Bacteroides_uniformis	40.7408030530
PYRIDNUCSYN-PWY: NAD de novo biosynthesis I (from aspartate)|unclassified	31.7124656567
PYRIDNUCSYN-PWY: NAD de novo biosynthesis I (from aspartate)|g__Bacteroides.s__Bacteroides_massiliensis	30.3575940461
PYRIDNUCSYN-PWY: NAD de novo biosynthesis I (from aspartate)|g__Alistipes.s__Alistipes_shahii	12.9580162941
PYRIDNUCSYN-PWY: NAD de novo biosynthesis I (from aspartate)|g__Anaerostipes.s__Anaerostipes_hadrus	8.3122024407
PYRIDNUCSYN-PWY: NAD de novo biosynthesis I (from aspartate)|g__Blautia.s__Blautia_obeum	5.8770503386
PWY-7229: superpathway of adenosine nucleotides de novo biosynthesis I	634.4180886860
PWY-7229: superpathway of adenosine nucleotides de novo biosynthesis I|g__Bacteroides.s__Bacteroides_vulgatus	102.6525495436
PWY-7229: superpathway of adenosine nucleotides de novo biosynthesis I|g__Bacteroides.s__Bacteroides_massiliensis	30.4105291292
PWY-7229: superpathway of adenosine nucleotides de novo biosynthesis I|unclassified	23.7855755774
PWY-7229: superpathway of adenosine nucleotides de novo biosynthesis I|g__Parabacteroides.s__Parabacteroides_distasonis	10.7684778577
PWY-7229: superpathway of adenosine nucleotides de novo biosynthesis I|g__Bacteroides.s__Bacteroides_thetaiotaomicron	3.2930548637
PWY-7229: superpathway of adenosine nucleotides de novo biosynthesis I|g__Bacteroides.s__Bacteroides_ovatus	3.0059622570
PWY-7663: gondoate biosynthesis (anaerobic)	622.7024520645
PWY-7663: gondoate biosynthesis (anaerobic)|g__Bacteroides.s__Bacteroides_vulgatus	70.1334798449
PWY-7663: gondoate biosynthesis (anaerobic)|unclassified	51.4077824752
PWY-7663: gondoate biosynthesis (anaerobic)|g__Bacteroides.s__Bacteroides_uniformis	32.3678160920
PWY-7663: gondoate biosynthesis (anaerobic)|g__Parabacteroides.s__Parabacteroides_distasonis	15.8870278822
PWY-7663: gondoate biosynthesis (anaerobic)|g__Alistipes.s__Alistipes_finegoldii	8.4552519173
PWY-7663: gondoate biosynthesis (anaerobic)|g__Alistipes.s__Alistipes_onderdonkii	7.6133938025
PWY-7663: gondoate biosynthesis (anaerobic)|g__Parabacteroides.s__Parabacteroides_merdae	5.1042109741
PWY-7663: gondoate biosynthesis (anaerobic)|g__Bacteroides.s__Bacteroides_cellulosilyticus	3.1784474616
PWY-7663: gondoate biosynthesis (anaerobic)|g__Bacteroides.s__Bacteroides_ovatus	2.4050412284
PWY-7663: gondoate biosynthesis (anaerobic)|g__Bacteroides.s__Bacteroides_finegoldii	2.0790020790
SER-GLYSYN-PWY: superpathway of L-serine and glycine biosynthesis I	589.3436902360
SER-GLYSYN-PWY: superpathway of L-serine and glycine biosynthesis I|g__Bacteroides.s__Bacteroides_vulgatus	63.0736252772
SER-GLYSYN-PWY: superpathway of L-serine and glycine biosynthesis I|unclassified	47.8028861680
SER-GLYSYN-PWY: superpathway of L-serine and glycine biosynthesis I|g__Blautia.s__Blautia_wexlerae	40.9685215643
SER-GLYSYN-PWY: superpathway of L-serine and glycine biosynthesis I|g__Bifidobacterium.s__Bifidobacterium_adolescentis	37.7749796311
SER-GLYSYN-PWY: superpathway of L-serine and glycine biosynthesis I|g__Bacteroides.s__Bacteroides_uniformis	31.6759260909
SER-GLYSYN-PWY: superpathway of L-serine and glycine biosynthesis I|g__Alistipes.s__Alistipes_putredinis	29.2290099694
SER-GLYSYN-PWY: superpathway of L-serine and glycine biosynthesis I|g__Blautia.s__Ruminococcus_torques	27.3841048622
SER-GLYSYN-PWY: superpathway of L-serine and glycine biosynthesis I|g__Blautia.s__Blautia_obeum	21.3175876148
SER-GLYSYN-PWY: superpathway of L-serine and glycine biosynthesis I|g__Collinsella.s__Collinsella_aerofaciens	14.9462588314
SER-GLYSYN-PWY: superpathway of L-serine and glycine biosynthesis I|g__Alistipes.s__Alistipes_shahii	11.4088069795
SER-GLYSYN-PWY: superpathway of L-serine and glycine biosynthesis I|g__Roseburia.s__Roseburia_intestinalis	11.4025085519
SER-GLYSYN-PWY: superpathway of L-serine and glycine biosynthesis I|g__Parabacteroides.s__Parabacteroides_distasonis	10.3153551429
SER-GLYSYN-PWY: superpathway of L-serine and glycine biosynthesis I|g__Eubacterium.s__Eubacterium_sp_CAG_115	10.1150532573
SER-GLYSYN-PWY: superpathway of L-serine and glycine biosynthesis I|g__Phascolarctobacterium.s__Phascolarctobacterium_succinatutens	9.6219400816
SER-GLYSYN-PWY: superpathway of L-serine and glycine biosynthesis I|g__Dorea.s__Dorea_longicatena	7.9623228082
SER-GLYSYN-PWY: superpathway of L-serine and glycine biosynthesis I|g__Anaerostipes.s__Anaerostipes_hadrus	6.8099788366
SER-GLYSYN-PWY: superpathway of L-serine and glycine biosynthesis I|g__Firmicutes_unclassified.s__Firmicutes_bacterium_CAG_56	6.5543071161
SER-GLYSYN-PWY: superpathway of L-serine and glycine biosynthesis I|g__Eubacterium.s__Eubacterium_hallii	5.2885069412
SER-GLYSYN-PWY: superpathway of L-serine and glycine biosynthesis I|g__Bacteroides.s__Bacteroides_thetaiotaomicron	3.4364261168
SER-GLYSYN-PWY: superpathway of L-serine and glycine biosynthesis I|g__Eubacterium.s__Eubacterium_eligens	3.3130486426
SER-GLYSYN-PWY: superpathway of L-serine and glycine biosynthesis I|g__Bacteroides.s__Bacteroides_stercoris	1.4352350197
SER-GLYSYN-PWY: superpathway of L-serine and glycine biosynthesis I|g__Bacteroides.s__Bacteroides_dorei	1.1209191537
P41-PWY: pyruvate fermentation to acetate and (S)-lactate I	563.4218316633
P41-PWY: pyruvate fermentation to acetate and (S)-lactate I|g__Holdemanella.s__Holdemanella_biformis	38.1923062080
P41-PWY: pyruvate fermentation to acetate and (S)-lactate I|g__Blautia.s__Ruminococcus_torques	25.6821929404
P41-PWY: pyruvate fermentation to acetate and (S)-lactate I|g__Collinsella.s__Collinsella_aerofaciens	25.3001885530
P41-PWY: pyruvate fermentation to acetate and (S)-lactate I|g__Fusicatenibacter.s__Fusicatenibacter_saccharivorans	23.0372092067
P41-PWY: pyruvate fermentation to acetate and (S)-lactate I|unclassified	22.7803199081
P41-PWY: pyruvate fermentation to acetate and (S)-lactate I|g__Bifidobacterium.s__Bifidobacterium_adolescentis	18.5460026001
P41-PWY: pyruvate fermentation to acetate and (S)-lactate I|g__Blautia.s__Blautia_obeum	17.5001354767
P41-PWY: pyruvate fermentation to acetate and (S)-lactate I|g__Blautia.s__Blautia_wexlerae	14.0187088413
P41-PWY: pyruvate fermentation to acetate and (S)-lactate I|g__Anaerostipes.s__Anaerostipes_hadrus	11.2671524403
P41-PWY: pyruvate fermentation to acetate and (S)-lactate I|g__Blautia.s__Blautia_sp	7.6801228820
P41-PWY: pyruvate fermentation to acetate and (S)-lactate I|g__Roseburia.s__Roseburia_intestinalis	4.9380367174
PWY-5100: pyruvate fermentation to acetate and lactate II	563.4218316633
PWY-5100: pyruvate fermentation to acetate and lactate II|g__Holdemanella.s__Holdemanella_biformis	38.1923062080
PWY-5100: pyruvate fermentation to acetate and lactate II|g__Blautia.s__Ruminococcus_torques	25.6821929404
PWY-5100: pyruvate fermentation to acetate and lactate II|g__Collinsella.s__Collinsella_aerofaciens	25.3001885530
PWY-5100: pyruvate fermentation to acetate and lactate II|g__Fusicatenibacter.s__Fusicatenibacter_saccharivorans	23.0372092067
PWY-5100: pyruvate fermentation to acetate and lactate II|unclassified	22.7803199081
PWY-5100: pyruvate fermentation to acetate and lactate II|g__Bifidobacterium.s__Bifidobacterium_adolescentis	18.5460026001
PWY-5100: pyruvate fermentation to acetate and lactate II|g__Blautia.s__Blautia_obeum	17.5001354767
PWY-5100: pyruvate fermentation to acetate and lactate II|g__Blautia.s__Blautia_wexlerae	14.0187088413
PWY-5100: pyruvate fermentation to acetate and lactate II|g__Anaerostipes.s__Anaerostipes_hadrus	12.5150854101
PWY-5100: pyruvate fermentation to acetate and lactate II|g__Desulfovibrio.s__Desulfovibrio_piger	8.2944833434
PWY-5100: pyruvate fermentation to acetate and lactate II|g__Roseburia.s__Roseburia_intestinalis	8.0639062204
PWY-5100: pyruvate fermentation to acetate and lactate II|g__Blautia.s__Blautia_sp	7.6801228820
PWY-5100: pyruvate fermentation to acetate and lactate II|g__Eubacterium.s__Eubacterium_ramulus	3.7109737400
NONOXIPENT-PWY: pentose phosphate pathway (non-oxidative branch) I	555.9805811543
NONOXIPENT-PWY: pentose phosphate pathway (non-oxidative branch) I|unclassified	69.7815710064
NONOXIPENT-PWY: pentose phosphate pathway (non-oxidative branch) I|g__Fusicatenibacter.s__Fusicatenibacter_saccharivorans	59.4502516652
NONOXIPENT-PWY: pentose phosphate pathway (non-oxidative branch) I|g__Collinsella.s__Collinsella_aerofaciens	38.0791513013
NONOXIPENT-PWY: pentose phosphate pathway (non-oxidative branch) I|g__Blautia.s__Ruminococcus_torques	18.9547755551
NONOXIPENT-PWY: pentose phosphate pathway (non-oxidative branch) I|g__Eubacterium.s__Eubacterium_hallii	18.7412201814
NONOXIPENT-PWY: pentose phosphate pathway (non-oxidative branch) I|g__Phascolarctobacterium.s__Phascolarctobacterium_succinatutens	14.3212314480
NONOXIPENT-PWY: pentose phosphate pathway (non-oxidative branch) I|g__Anaerostipes.s__Anaerostipes_hadrus	14.1716052564
NONOXIPENT-PWY: pentose phosphate pathway (non-oxidative branch) I|g__Parabacteroides.s__Parabacteroides_distasonis	12.0034712523
NONOXIPENT-PWY: pentose phosphate pathway (non-oxidative branch) I|g__Blautia.s__Blautia_obeum	11.2767356346
NONOXIPENT-PWY: pentose phosphate pathway (non-oxidative branch) I|g__Blautia.s__Blautia_wexlerae	6.9910070228
NONOXIPENT-PWY: pentose phosphate pathway (non-oxidative branch) I|g__Blautia.s__Blautia_sp	5.6899004267
NONOXIPENT-PWY: pentose phosphate pathway (non-oxidative branch) I|g__Lachnospiraceae_unclassified.s__Eubacterium_rectale	3.2441200324
PWY-6897: thiamine diphosphate salvage II	553.8617104216
PWY-6897: thiamine diphosphate salvage II|g__Bacteroides.s__Bacteroides_uniformis	42.8328611898
PWY-6897: thiamine diphosphate salvage II|g__Faecalibacterium.s__Faecalibacterium_prausnitzii	38.1032980077
PWY-6897: thiamine diphosphate salvage II|unclassified	23.5078734222
PWY-6897: thiamine diphosphate salvage II|g__Bifidobacterium.s__Bifidobacterium_adolescentis	21.2954747116
PWY-6897: thiamine diphosphate salvage II|g__Dorea.s__Dorea_longicatena	13.2067163878
PWY-6897: thiamine diphosphate salvage II|g__Bacteroides.s__Bacteroides_ovatus	9.7710776103
PWY-6823: molybdopterin biosynthesis	547.0939977699
PWY-6823: molybdopterin biosynthesis|g__Faecalibacterium.s__Faecalibacterium_prausnitzii	107.6119987717
PWY-6823: molybdopterin biosynthesis|unclassified	75.0655375167
PWY-6823: molybdopterin biosynthesis|g__Blautia.s__Blautia_obeum	59.3820821187
PWY-6823: molybdopterin biosynthesis|g__Holdemanella.s__Holdemanella_biformis	43.8184663537
PWY-6823: molybdopterin biosynthesis|g__Fusicatenibacter.s__Fusicatenibacter_saccharivorans	42.5101214575
PWY-6823: molybdopterin biosynthesis|g__Blautia.s__Ruminococcus_torques	37.8992743769
PWY-6823: molybdopterin biosynthesis|g__Firmicutes_unclassified.s__Firmicutes_bacterium_CAG_65_45_313	16.0596501291
PWY-6823: molybdopterin biosynthesis|g__Sutterella.s__Sutterella_wadsworthensis	14.0350877193
PWY-6823: molybdopterin biosynthesis|g__Roseburia.s__Roseburia_intestinalis	13.8217000691
PWY-6823: molybdopterin biosynthesis|g__Blautia.s__Blautia_sp	9.8366634538
PWY-6823: molybdopterin biosynthesis|g__Firmicutes_unclassified.s__Firmicutes_bacterium_CAG_56	8.0160320641
PWY-6823: molybdopterin biosynthesis|g__Dorea.s__Dorea_formicigenerans	7.7609623593
PWY-6823: molybdopterin biosynthesis|g__Blautia.s__Blautia_wexlerae	5.5936440765
PWY-6823: molybdopterin biosynthesis|g__Anaerostipes.s__Anaerostipes_hadrus	5.4090601758
PWY-6823: molybdopterin biosynthesis|g__Lachnospiraceae_unclassified.s__Eubacterium_rectale	3.7807183365
GLUCOSE1PMETAB-PWY: glucose and glucose-1-phosphate degradation	546.5070501366
GLUCOSE1PMETAB-PWY: glucose and glucose-1-phosphate degradation|unclassified	17.7982106063
PWY-841: superpathway of purine nucleotides de novo biosynthesis I	538.4066298501
PWY-841: superpathway of purine nucleotides de novo biosynthesis I|unclassified	21.6337972595
ASPASN-PWY: superpathway of L-aspartate and L-asparagine biosynthesis	538.2321716849
ASPASN-PWY: superpathway of L-aspartate and L-asparagine biosynthesis|g__Bacteroides.s__Bacteroides_vulgatus	105.4089326072
ASPASN-PWY: superpathway of L-aspartate and L-asparagine biosynthesis|g__Bacteroides.s__Bacteroides_massiliensis	35.2077203492
ASPASN-PWY: superpathway of L-aspartate and L-asparagine biosynthesis|unclassified	31.7096022432
ASPASN-PWY: superpathway of L-aspartate and L-asparagine biosynthesis|g__Bacteroides.s__Bacteroides_uniformis	19.4606159851
ASPASN-PWY: superpathway of L-aspartate and L-asparagine biosynthesis|g__Blautia.s__Blautia_obeum	15.5020908813
ASPASN-PWY: superpathway of L-aspartate and L-asparagine biosynthesis|g__Blautia.s__Blautia_wexlerae	10.8996537771
ASPASN-PWY: superpathway of L-aspartate and L-asparagine biosynthesis|g__Parabacteroides.s__Parabacteroides_distasonis	8.9067901299
ASPASN-PWY: superpathway of L-aspartate and L-asparagine biosynthesis|g__Blautia.s__Ruminococcus_torques	5.9716915819
ASPASN-PWY: superpathway of L-aspartate and L-asparagine biosynthesis|g__Bacteroides.s__Bacteroides_dorei	4.1122680434
ASPASN-PWY: superpathway of L-aspartate and L-asparagine biosynthesis|g__Blautia.s__Blautia_sp	3.8474408497
ASPASN-PWY: superpathway of L-aspartate and L-asparagine biosynthesis|g__Ruminococcus.s__Ruminococcus_sp_AF31_8BH	1.2484394507
THISYN-PWY: superpathway of thiamine diphosphate biosynthesis I	534.6030634190
THISYN-PWY: superpathway of thiamine diphosphate biosynthesis I|g__Bacteroides.s__Bacteroides_uniformis	43.0667301053
THISYN-PWY: superpathway of thiamine diphosphate biosynthesis I|unclassified	21.3033357833
THISYN-PWY: superpathway of thiamine diphosphate biosynthesis I|g__Bacteroides.s__Bacteroides_ovatus	4.9332831141
HSERMETANA-PWY: L-methionine biosynthesis III	516.5031864807
HSERMETANA-PWY: L-methionine biosynthesis III|g__Blautia.s__Blautia_wexlerae	54.2103581885
HSERMETANA-PWY: L-methionine biosynthesis III|unclassified	39.7424526205
HSERMETANA-PWY: L-methionine biosynthesis III|g__Blautia.s__Ruminococcus_torques	25.6972962691
HSERMETANA-PWY: L-methionine biosynthesis III|g__Dorea.s__Dorea_longicatena	17.3487635790
HSERMETANA-PWY: L-methionine biosynthesis III|g__Anaerostipes.s__Anaerostipes_hadrus	10.6013288051
HSERMETANA-PWY: L-methionine biosynthesis III|g__Roseburia.s__Roseburia_intestinalis	10.5050927974
HSERMETANA-PWY: L-methionine biosynthesis III|g__Blautia.s__Blautia_sp	10.0593242198
HSERMETANA-PWY: L-methionine biosynthesis III|g__Ruminococcus.s__Ruminococcus_bicirculans	8.8579534698
HSERMETANA-PWY: L-methionine biosynthesis III|g__Eubacterium.s__Eubacterium_eligens	8.4662760006
HSERMETANA-PWY: L-methionine biosynthesis III|g__Ruminococcus.s__Ruminococcus_lactaris	1.7086715079
UDPNAGSYN-PWY: UDP-N-acetyl-D-glucosamine biosynthesis I	513.9110857769
UDPNAGSYN-PWY: UDP-N-acetyl-D-glucosamine biosynthesis I|unclassified	51.6217806784
UDPNAGSYN-PWY: UDP-N-acetyl-D-glucosamine biosynthesis I|g__Clostridium.s__Clostridium_sp_CAG_217	46.6501932056
UDPNAGSYN-PWY: UDP-N-acetyl-D-glucosamine biosynthesis I|g__Collinsella.s__Collinsella_aerofaciens	32.2386418296
UDPNAGSYN-PWY: UDP-N-acetyl-D-glucosamine biosynthesis I|g__Clostridium.s__Clostridium_sp_CAG_508	26.8328929987
UDPNAGSYN-PWY: UDP-N-acetyl-D-glucosamine biosynthesis I|g__Bifidobacterium.s__Bifidobacterium_adolescentis	24.9195085831
UDPNAGSYN-PWY: UDP-N-acetyl-D-glucosamine biosynthesis I|g__Sutterella.s__Sutterella_wadsworthensis	23.1178591811
UDPNAGSYN-PWY: UDP-N-acetyl-D-glucosamine biosynthesis I|g__Eubacterium.s__Eubacterium_sp_CAG_251	18.1090058673
UDPNAGSYN-PWY: UDP-N-acetyl-D-glucosamine biosynthesis I|g__Eubacterium.s__Eubacterium_sp_CAG_115	11.9927160030
UDPNAGSYN-PWY: UDP-N-acetyl-D-glucosamine biosynthesis I|g__Ruminococcus.s__Ruminococcus_bicirculans	11.4870852342
UDPNAGSYN-PWY: UDP-N-acetyl-D-glucosamine biosynthesis I|g__Phascolarctobacterium.s__Phascolarctobacterium_succinatutens	10.9608302033
UDPNAGSYN-PWY: UDP-N-acetyl-D-glucosamine biosynthesis I|g__Firmicutes_unclassified.s__Firmicutes_bacterium_CAG_124	9.2523203013
UDPNAGSYN-PWY: UDP-N-acetyl-D-glucosamine biosynthesis I|g__Ruminococcus.s__Ruminococcus_sp_CAG_254	6.6227671814
UDPNAGSYN-PWY: UDP-N-acetyl-D-glucosamine biosynthesis I|g__Ruminococcus.s__Ruminococcus_sp_CAG_403	5.3327127995
UDPNAGSYN-PWY: UDP-N-acetyl-D-glucosamine biosynthesis I|g__Bifidobacterium.s__Bifidobacterium_pseudocatenulatum	3.8747174685
PWY-6527: stachyose degradation	499.8786080535
PWY-6527: stachyose degradation|unclassified	68.2202524765
PWY-6527: stachyose degradation|g__Fusicatenibacter.s__Fusicatenibacter_saccharivorans	51.5238462579
PWY-6527: stachyose degradation|g__Blautia.s__Blautia_wexlerae	43.3604877250
PWY-6527: stachyose degradation|g__Blautia.s__Blautia_obeum	36.2694846829
PWY-6527: stachyose degradation|g__Blautia.s__Ruminococcus_torques	33.1280738214
PWY-6527: stachyose degradation|g__Faecalibacterium.s__Faecalibacterium_prausnitzii	26.9967585255
PWY-6527: stachyose degradation|g__Roseburia.s__Roseburia_intestinalis	12.3231900883
PWY-6527: stachyose degradation|g__Firmicutes_unclassified.s__Firmicutes_bacterium_CAG_65_45_313	7.9664493484
PWY-6527: stachyose degradation|g__Dorea.s__Dorea_longicatena	3.5342141388
PWY-6527: stachyose degradation|g__Lachnospiraceae_unclassified.s__Eubacterium_rectale	1.7673048601
PWY-5154: L-arginine biosynthesis III (via N-acetyl-L-citrulline)	491.4693609019
PWY-5154: L-arginine biosynthesis III (via N-acetyl-L-citrulline)|unclassified	29.3493321561
PWY-5154: L-arginine biosynthesis III (via N-acetyl-L-citrulline)|g__Blautia.s__Ruminococcus_torques	19.9660820783
PWY-6703: preQ0 biosynthesis	468.6727155960
PWY-6703: preQ0 biosynthesis|g__Bacteroides.s__Bacteroides_vulgatus	98.9306167959
PWY-6703: preQ0 biosynthesis|g__Bacteroides.s__Bacteroides_plebeius	46.5462883348
PWY-6703: preQ0 biosynthesis|g__Bacteroides.s__Bacteroides_uniformis	41.4925803198
PWY-6703: preQ0 biosynthesis|g__Bacteroides.s__Bacteroides_massiliensis	33.2485262605
PWY-6703: preQ0 biosynthesis|unclassified	23.2284810898
PWY-6703: preQ0 biosynthesis|g__Parabacteroides.s__Parabacteroides_merdae	17.2988528290
PWY-6703: preQ0 biosynthesis|g__Parabacteroides.s__Parabacteroides_distasonis	12.2806967763
PWY-6703: preQ0 biosynthesis|g__Blautia.s__Blautia_obeum	11.1224395217
PWY-6703: preQ0 biosynthesis|g__Blautia.s__Ruminococcus_torques	9.7047845266
PWY-6703: preQ0 biosynthesis|g__Blautia.s__Blautia_sp	6.5061808718
PWY-6703: preQ0 biosynthesis|g__Bacteroides.s__Bacteroides_ovatus	3.1520882585
PWY-6126: superpathway of adenosine nucleotides de novo biosynthesis II	465.3988432736
PWY-6126: superpathway of adenosine nucleotides de novo biosynthesis II|g__Bacteroides.s__Bacteroides_vulgatus	95.3034519846
PWY-6126: superpathway of adenosine nucleotides de novo biosynthesis II|g__Bacteroides.s__Bacteroides_massiliensis	28.8897958207
PWY-6126: superpathway of adenosine nucleotides de novo biosynthesis II|unclassified	16.0550214920
PWY-6126: superpathway of adenosine nucleotides de novo biosynthesis II|g__Parabacteroides.s__Parabacteroides_distasonis	10.7226809469
PWY-6126: superpathway of adenosine nucleotides de novo biosynthesis II|g__Bacteroides.s__Bacteroides_thetaiotaomicron	3.4328747365
PWY-6126: superpathway of adenosine nucleotides de novo biosynthesis II|g__Bacteroides.s__Bacteroides_ovatus	3.0289484662
PWY-6628: superpathway of L-phenylalanine biosynthesis	440.8983972060
CITRULBIO-PWY: L-citrulline biosynthesis	437.9409179982
CITRULBIO-PWY: L-citrulline biosynthesis|unclassified	10.8871682542
PWY0-162: superpathway of pyrimidine ribonucleotides de novo biosynthesis	433.7197894482
PWY0-162: superpathway of pyrimidine ribonucleotides de novo biosynthesis|unclassified	17.3019725243
PWY-6936: seleno-amino acid biosynthesis (plants)	428.0520007154
PWY-6936: seleno-amino acid biosynthesis (plants)|g__Holdemanella.s__Holdemanella_biformis	44.5106014344
PWY-6936: seleno-amino acid biosynthesis (plants)|unclassified	28.3852029827
PWY-6936: seleno-amino acid biosynthesis (plants)|g__Blautia.s__Ruminococcus_torques	20.9335291632
THISYNARA-PWY: superpathway of thiamine diphosphate biosynthesis III (eukaryotes)	421.4198892429
THISYNARA-PWY: superpathway of thiamine diphosphate biosynthesis III (eukaryotes)|g__Faecalibacterium.s__Faecalibacterium_prausnitzii	44.0442304656
THISYNARA-PWY: superpathway of thiamine diphosphate biosynthesis III (eukaryotes)|g__Bacteroides.s__Bacteroides_uniformis	39.0447213125
THISYNARA-PWY: superpathway of thiamine diphosphate biosynthesis III (eukaryotes)|g__Holdemanella.s__Holdemanella_biformis	28.6058996769
THISYNARA-PWY: superpathway of thiamine diphosphate biosynthesis III (eukaryotes)|unclassified	19.9398991393
THISYNARA-PWY: superpathway of thiamine diphosphate biosynthesis III (eukaryotes)|g__Bacteroides.s__Bacteroides_plebeius	16.0988786497
THISYNARA-PWY: superpathway of thiamine diphosphate biosynthesis III (eukaryotes)|g__Dorea.s__Dorea_longicatena	8.6500337518
THISYNARA-PWY: superpathway of thiamine diphosphate biosynthesis III (eukaryotes)|g__Phascolarctobacterium.s__Phascolarctobacterium_succinatutens	8.3570221689
PWY-7237: myo-, chiro- and scyllo-inositol degradation	420.7229974869
PWY-7237: myo-, chiro- and scyllo-inositol degradation|unclassified	72.0359013408
PWY-7237: myo-, chiro- and scyllo-inositol degradation|g__Anaerostipes.s__Anaerostipes_hadrus	7.6628352490
PWY-6901: superpathway of glucose and xylose degradation	418.2243373945
PWY-7228: superpathway of guanosine nucleotides de novo biosynthesis I	400.3978442383
PWY-7228: superpathway of guanosine nucleotides de novo biosynthesis I|g__Bacteroides.s__Bacteroides_vulgatus	98.5580594322
PWY-7228: superpathway of guanosine nucleotides de novo biosynthesis I|g__Bacteroides.s__Bacteroides_massiliensis	25.1227406547
PWY-7228: superpathway of guanosine nucleotides de novo biosynthesis I|g__Parabacteroides.s__Parabacteroides_distasonis	18.2127074034
PWY-7228: superpathway of guanosine nucleotides de novo biosynthesis I|g__Collinsella.s__Collinsella_aerofaciens	17.8129638793
PWY-7228: superpathway of guanosine nucleotides de novo biosynthesis I|unclassified	13.7426901058
PWY-7228: superpathway of guanosine nucleotides de novo biosynthesis I|g__Bacteroides.s__Bacteroides_thetaiotaomicron	6.0970543229
PWY-7228: superpathway of guanosine nucleotides de novo biosynthesis I|g__Bacteroides.s__Bacteroides_ovatus	3.9445676114
PWY-7228: superpathway of guanosine nucleotides de novo biosynthesis I|g__Bacteroides.s__Bacteroides_finegoldii	2.7680426200
PWY-7228: superpathway of guanosine nucleotides de novo biosynthesis I|g__Bacteroides.s__Bacteroides_cellulosilyticus	2.1515746261
COLANSYN-PWY: colanic acid building blocks biosynthesis	397.5541148183
COLANSYN-PWY: colanic acid building blocks biosynthesis|unclassified	30.0224883390
PWY-6892: thiazole component of thiamine diphosphate biosynthesis I	395.5220491111
PWY-6892: thiazole component of thiamine diphosphate biosynthesis I|g__Blautia.s__Blautia_wexlerae	59.9833063647
PWY-6892: thiazole component of thiamine diphosphate biosynthesis I|g__Bacteroides.s__Bacteroides_uniformis	42.1539355321
PWY-6892: thiazole component of thiamine diphosphate biosynthesis I|unclassified	16.5776819547
PWY-6892: thiazole component of thiamine diphosphate biosynthesis I|g__Roseburia.s__Roseburia_intestinalis	14.0352770989
PWY-6892: thiazole component of thiamine diphosphate biosynthesis I|g__Blautia.s__Blautia_obeum	13.3545406591
PWY-6892: thiazole component of thiamine diphosphate biosynthesis I|g__Blautia.s__Blautia_sp	9.4072078654
PWY-6892: thiazole component of thiamine diphosphate biosynthesis I|g__Bacteroides.s__Bacteroides_finegoldii	3.2514428756
PWY-6892: thiazole component of thiamine diphosphate biosynthesis I|g__Bacteroides.s__Bacteroides_ovatus	2.9934783030
PWY-6892: thiazole component of thiamine diphosphate biosynthesis I|g__Bacteroides.s__Bacteroides_thetaiotaomicron	2.6307135811
GLCMANNANAUT-PWY: superpathway of N-acetylglucosamine, N-acetylmannosamine and N-acetylneuraminate degradation	386.3597925495
GLCMANNANAUT-PWY: superpathway of N-acetylglucosamine, N-acetylmannosamine and N-acetylneuraminate degradation|g__Faecalibacterium.s__Faecalibacterium_prausnitzii	55.0162802313
GLCMANNANAUT-PWY: superpathway of N-acetylglucosamine, N-acetylmannosamine and N-acetylneuraminate degradation|unclassified	45.9210062693
GLCMANNANAUT-PWY: superpathway of N-acetylglucosamine, N-acetylmannosamine and N-acetylneuraminate degradation|g__Blautia.s__Blautia_obeum	8.6599210440
GLCMANNANAUT-PWY: superpathway of N-acetylglucosamine, N-acetylmannosamine and N-acetylneuraminate degradation|g__Blautia.s__Blautia_wexlerae	4.2655913751
PWY-4984: urea cycle	380.8086463329
ARGININE-SYN4-PWY: L-ornithine biosynthesis II	377.7870634654
ARGININE-SYN4-PWY: L-ornithine biosynthesis II|g__Bacteroides.s__Bacteroides_vulgatus	99.8594793671
ARGININE-SYN4-PWY: L-ornithine biosynthesis II|g__Bacteroides.s__Bacteroides_plebeius	76.7733548140
ARGININE-SYN4-PWY: L-ornithine biosynthesis II|g__Bacteroides.s__Bacteroides_uniformis	29.8229263747
ARGININE-SYN4-PWY: L-ornithine biosynthesis II|g__Bacteroides.s__Bacteroides_massiliensis	28.0779760802
ARGININE-SYN4-PWY: L-ornithine biosynthesis II|g__Parabacteroides.s__Parabacteroides_distasonis	11.1695492158
ARGININE-SYN4-PWY: L-ornithine biosynthesis II|g__Paraprevotella.s__Paraprevotella_xylaniphila	7.9149146673
ARGININE-SYN4-PWY: L-ornithine biosynthesis II|unclassified	7.3887993881
ARGININE-SYN4-PWY: L-ornithine biosynthesis II|g__Bacteroides.s__Bacteroides_coprophilus	6.6680004545
ARGININE-SYN4-PWY: L-ornithine biosynthesis II|g__Bacteroides.s__Bacteroides_ovatus	4.4855620970
ARGININE-SYN4-PWY: L-ornithine biosynthesis II|g__Bacteroides.s__Bacteroides_dorei	3.1640563202
ARGININE-SYN4-PWY: L-ornithine biosynthesis II|g__Bacteroides.s__Bacteroides_finegoldii	2.4760136181
PWY-6147: 6-hydroxymethyl-dihydropterin diphosphate biosynthesis I	361.8483149454
PWY-6147: 6-hydroxymethyl-dihydropterin diphosphate biosynthesis I|g__Bacteroides.s__Bacteroides_vulgatus	86.4458538877
PWY-6147: 6-hydroxymethyl-dihydropterin diphosphate biosynthesis I|g__Alistipes.s__Alistipes_putredinis	39.8765725136
PWY-6147: 6-hydroxymethyl-dihydropterin diphosphate biosynthesis I|g__Bacteroides.s__Bacteroides_uniformis	30.5579555273
PWY-6147: 6-hydroxymethyl-dihydropterin diphosphate biosynthesis I|g__Parabacteroides.s__Parabacteroides_distasonis	12.5307623266
PWY-6147: 6-hydroxymethyl-dihydropterin diphosphate biosynthesis I|unclassified	10.7751601279
PENTOSE-P-PWY: pentose phosphate pathway	359.5765986539
PENTOSE-P-PWY: pentose phosphate pathway|unclassified	20.1001620849
PENTOSE-P-PWY: pentose phosphate pathway|g__Parabacteroides.s__Parabacteroides_distasonis	10.3229697777
COBALSYN-PWY: superpathway of adenosylcobalamin salvage from cobinamide I	355.8683752304
COBALSYN-PWY: superpathway of adenosylcobalamin salvage from cobinamide I|g__Bacteroides.s__Bacteroides_uniformis	50.1514662446
COBALSYN-PWY: superpathway of adenosylcobalamin salvage from cobinamide I|g__Faecalibacterium.s__Faecalibacterium_prausnitzii	35.9237327451
COBALSYN-PWY: superpathway of adenosylcobalamin salvage from cobinamide I|unclassified	29.3459571794
COBALSYN-PWY: superpathway of adenosylcobalamin salvage from cobinamide I|g__Blautia.s__Blautia_wexlerae	20.6874834285
COBALSYN-PWY: superpathway of adenosylcobalamin salvage from cobinamide I|g__Collinsella.s__Collinsella_aerofaciens	3.7637311895
PWY-5121: superpathway of geranylgeranyl diphosphate biosynthesis II (via MEP)	353.2111106733
PWY-5121: superpathway of geranylgeranyl diphosphate biosynthesis II (via MEP)|g__Bacteroides.s__Bacteroides_vulgatus	91.0721270901
PWY-6731: starch degradation III	343.6391582819
PWY-6731: starch degradation III|g__Fusicatenibacter.s__Fusicatenibacter_saccharivorans	50.3155187962
PWY-6731: starch degradation III|g__Blautia.s__Blautia_wexlerae	29.7842070225
PWY-6731: starch degradation III|g__Blautia.s__Blautia_obeum	20.0025240485
PWY-6731: starch degradation III|unclassified	17.5149659057
PWY-6731: starch degradation III|g__Blautia.s__Blautia_sp	12.1432901892
PWY-6731: starch degradation III|g__Eubacterium.s__Eubacterium_hallii	9.4574850213
PWY-7328: superpathway of UDP-glucose-derived O-antigen building blocks biosynthesis	341.3551310593
PWY-7328: superpathway of UDP-glucose-derived O-antigen building blocks biosynthesis|unclassified	25.0552918267
PWY-6125: superpathway of guanosine nucleotides de novo biosynthesis II	340.3266828819
PWY-6125: superpathway of guanosine nucleotides de novo biosynthesis II|g__Bacteroides.s__Bacteroides_vulgatus	92.2535704683
PWY-6125: superpathway of guanosine nucleotides de novo biosynthesis II|g__Bacteroides.s__Bacteroides_massiliensis	24.6628720583
PWY-6125: superpathway of guanosine nucleotides de novo biosynthesis II|g__Parabacteroides.s__Parabacteroides_distasonis	15.2731612031
PWY-6125: superpathway of guanosine nucleotides de novo biosynthesis II|unclassified	11.2840857217
PWY-6125: superpathway of guanosine nucleotides de novo biosynthesis II|g__Bacteroides.s__Bacteroides_thetaiotaomicron	5.7934378540
PWY-6125: superpathway of guanosine nucleotides de novo biosynthesis II|g__Bacteroides.s__Bacteroides_ovatus	3.8124715727
PWY-6895: superpathway of thiamine diphosphate biosynthesis II	331.2111323447
PWY-6895: superpathway of thiamine diphosphate biosynthesis II|unclassified	19.2663732567
PHOSLIPSYN-PWY: superpathway of phospholipid biosynthesis I (bacteria)	329.5873518247
PHOSLIPSYN-PWY: superpathway of phospholipid biosynthesis I (bacteria)|unclassified	33.9734977665
PHOSLIPSYN-PWY: superpathway of phospholipid biosynthesis I (bacteria)|g__Fusicatenibacter.s__Fusicatenibacter_saccharivorans	28.2086565285
ANAEROFRUCAT-PWY: homolactic fermentation	323.4145760477
ANAEROFRUCAT-PWY: homolactic fermentation|unclassified	34.7296356794
PWY-5659: GDP-mannose biosynthesis	317.1288127792
PWY-5659: GDP-mannose biosynthesis|g__Faecalibacterium.s__Faecalibacterium_prausnitzii	58.1551979394
PWY-5659: GDP-mannose biosynthesis|g__Bacteroides.s__Bacteroides_vulgatus	41.8124818134
PWY-5659: GDP-mannose biosynthesis|unclassified	38.9284991416
PWY-5659: GDP-mannose biosynthesis|g__Roseburia.s__Roseburia_intestinalis	16.2703580270
PWY-5659: GDP-mannose biosynthesis|g__Lachnospiraceae_unclassified.s__Eubacterium_rectale	5.0901108690
PWY-5659: GDP-mannose biosynthesis|g__Bacteroides.s__Bacteroides_dorei	3.8415838046
FERMENTATION-PWY: mixed acid fermentation	316.1906261455
FERMENTATION-PWY: mixed acid fermentation|unclassified	32.0633770670
PWY-7234: inosine-5'-phosphate biosynthesis III	307.1342072391
PWY-7234: inosine-5'-phosphate biosynthesis III|unclassified	31.9469356767
PWY-7234: inosine-5'-phosphate biosynthesis III|g__Alistipes.s__Alistipes_putredinis	27.6747713050
PWY-7234: inosine-5'-phosphate biosynthesis III|g__Sutterella.s__Sutterella_wadsworthensis	14.9116362653
PWY-7234: inosine-5'-phosphate biosynthesis III|g__Alistipes.s__Alistipes_onderdonkii	5.4500637905
HISDEG-PWY: L-histidine degradation I	305.3697585039
HISDEG-PWY: L-histidine degradation I|g__Bacteroides.s__Bacteroides_vulgatus	77.4367529057
HISDEG-PWY: L-histidine degradation I|g__Alistipes.s__Alistipes_putredinis	35.0102274636
HISDEG-PWY: L-histidine degradation I|g__Bacteroides.s__Bacteroides_uniformis	34.9224677967
HISDEG-PWY: L-histidine degradation I|g__Bacteroides.s__Bacteroides_massiliensis	30.1144576952
HISDEG-PWY: L-histidine degradation I|g__Firmicutes_unclassified.s__Firmicutes_bacterium_CAG_129	14.3660825318
HISDEG-PWY: L-histidine degradation I|g__Parabacteroides.s__Parabacteroides_merdae	12.4758690428
HISDEG-PWY: L-histidine degradation I|g__Alistipes.s__Alistipes_shahii	12.1883148730
HISDEG-PWY: L-histidine degradation I|g__Alistipes.s__Alistipes_sp_CAG_514	10.1029726054
HISDEG-PWY: L-histidine degradation I|g__Parabacteroides.s__Parabacteroides_distasonis	8.8636363636
HISDEG-PWY: L-histidine degradation I|g__Clostridium.s__Clostridium_sp_CAG_138	7.3715072100
HISDEG-PWY: L-histidine degradation I|g__Firmicutes_unclassified.s__Firmicutes_bacterium_CAG_124	6.6593315792
HISDEG-PWY: L-histidine degradation I|g__Bacteroides.s__Bacteroides_thetaiotaomicron	4.5504408240
HISDEG-PWY: L-histidine degradation I|g__Bacteroides.s__Bacteroides_ovatus	2.3158678301
HISDEG-PWY: L-histidine degradation I|g__Bacteroides.s__Bacteroides_stercoris	2.0565552699
PWY-7208: superpathway of pyrimidine nucleobases salvage	304.8064099568
PWY-7208: superpathway of pyrimidine nucleobases salvage|g__Collinsella.s__Collinsella_aerofaciens	17.3899210399
PWY-7208: superpathway of pyrimidine nucleobases salvage|unclassified	10.0462771855
PWY-7208: superpathway of pyrimidine nucleobases salvage|g__Phascolarctobacterium.s__Phascolarctobacterium_succinatutens	9.6153846154
PWY-7208: superpathway of pyrimidine nucleobases salvage|g__Roseburia.s__Roseburia_intestinalis	7.9002313639
PWY-7208: superpathway of pyrimidine nucleobases salvage|g__Blautia.s__Blautia_obeum	7.1320918347
GLYCOLYSIS: glycolysis I (from glucose 6-phosphate)	296.4293544175
GLYCOLYSIS: glycolysis I (from glucose 6-phosphate)|unclassified	40.5535738854
PWY-6630: superpathway of L-tyrosine biosynthesis	289.1474053899
PWY-6630: superpathway of L-tyrosine biosynthesis|unclassified	31.6119234134
PWY-7392: taxadiene biosynthesis (engineered)	288.3258197408
PWY-5030: L-histidine degradation III	286.1372874593
PWY-5030: L-histidine degradation III|g__Bacteroides.s__Bacteroides_vulgatus	75.4485811487
PWY-5030: L-histidine degradation III|g__Bacteroides.s__Bacteroides_uniformis	39.7170893190
PWY-5030: L-histidine degradation III|g__Alistipes.s__Alistipes_putredinis	36.4193998976
PWY-5030: L-histidine degradation III|g__Bacteroides.s__Bacteroides_massiliensis	29.4713672542
PWY-5030: L-histidine degradation III|g__Bacteroides.s__Bacteroides_thetaiotaomicron	5.1895899297
PWY-5030: L-histidine degradation III|g__Bacteroides.s__Bacteroides_stercoris	2.5751620100
PWY-5030: L-histidine degradation III|g__Bacteroides.s__Bacteroides_ovatus	2.5594929766
PWY-5484: glycolysis II (from fructose 6-phosphate)	284.6893072556
PWY-5484: glycolysis II (from fructose 6-phosphate)|unclassified	30.2490919591
GLUCONEO-PWY: gluconeogenesis I	275.7760583035
GLUCONEO-PWY: gluconeogenesis I|unclassified	32.3126465782
PWY-6305: superpathway of putrescine biosynthesis	263.7635673901
PWY-6305: superpathway of putrescine biosynthesis|unclassified	19.3145296877
RHAMCAT-PWY: L-rhamnose degradation I	256.4125512259
RHAMCAT-PWY: L-rhamnose degradation I|g__Bacteroides.s__Bacteroides_vulgatus	67.0254939179
RHAMCAT-PWY: L-rhamnose degradation I|unclassified	12.8226570376
RHAMCAT-PWY: L-rhamnose degradation I|g__Escherichia.s__Escherichia_coli	8.3160083160
RHAMCAT-PWY: L-rhamnose degradation I|g__Blautia.s__Ruminococcus_torques	7.6546214307
RHAMCAT-PWY: L-rhamnose degradation I|g__Bacteroides.s__Bacteroides_thetaiotaomicron	4.0434130435
RHAMCAT-PWY: L-rhamnose degradation I|g__Bacteroides.s__Bacteroides_finegoldii	2.8673835125
RHAMCAT-PWY: L-rhamnose degradation I|g__Bacteroides.s__Bacteroides_ovatus	1.4960261805
PWY-5188: tetrapyrrole biosynthesis I (from glutamate)	248.5949812996
PWY-5188: tetrapyrrole biosynthesis I (from glutamate)|g__Ruminococcus.s__Ruminococcus_bromii	57.5361215396
PWY-5188: tetrapyrrole biosynthesis I (from glutamate)|g__Blautia.s__Blautia_wexlerae	35.5042457609
PWY-5188: tetrapyrrole biosynthesis I (from glutamate)|g__Phascolarctobacterium.s__Phascolarctobacterium_succinatutens	14.0084590662
PWY-5188: tetrapyrrole biosynthesis I (from glutamate)|g__Ruminococcus.s__Ruminococcus_bicirculans	12.9416872616
PWY-5188: tetrapyrrole biosynthesis I (from glutamate)|unclassified	10.7102020530
PWY-5188: tetrapyrrole biosynthesis I (from glutamate)|g__Blautia.s__Blautia_obeum	6.5522645109
PWY-5188: tetrapyrrole biosynthesis I (from glutamate)|g__Blautia.s__Blautia_sp	5.6140350877
PWY-7323: superpathway of GDP-mannose-derived O-antigen building blocks biosynthesis	245.4996078443
PWY-7323: superpathway of GDP-mannose-derived O-antigen building blocks biosynthesis|unclassified	22.3041052729
METH-ACETATE-PWY: methanogenesis from acetate	241.1963988927
METH-ACETATE-PWY: methanogenesis from acetate|g__Blautia.s__Blautia_wexlerae	35.9774397032
METH-ACETATE-PWY: methanogenesis from acetate|g__Fusicatenibacter.s__Fusicatenibacter_saccharivorans	25.5134515117
METH-ACETATE-PWY: methanogenesis from acetate|g__Blautia.s__Blautia_sp	6.0547963124
METH-ACETATE-PWY: methanogenesis from acetate|g__Blautia.s__Blautia_obeum	5.6123236955
PWY-6353: purine nucleotides degradation II (aerobic)	240.6717832496
PWY-6353: purine nucleotides degradation II (aerobic)|g__Blautia.s__Ruminococcus_torques	25.3042589349
PWY-6353: purine nucleotides degradation II (aerobic)|unclassified	25.0720493089
PWY-6353: purine nucleotides degradation II (aerobic)|g__Roseburia.s__Roseburia_intestinalis	9.8911968348
PWY-7220: adenosine deoxyribonucleotides de novo biosynthesis II	239.7320411750
PWY-7220: adenosine deoxyribonucleotides de novo biosynthesis II|g__Bacteroides.s__Bacteroides_vulgatus	85.5442724323
PWY-7220: adenosine deoxyribonucleotides de novo biosynthesis II|g__Bacteroides.s__Bacteroides_massiliensis	22.9840280483
PWY-7220: adenosine deoxyribonucleotides de novo biosynthesis II|g__Parabacteroides.s__Parabacteroides_distasonis	11.8259224219
PWY-7220: adenosine deoxyribonucleotides de novo biosynthesis II|unclassified	7.3484838982
PWY-7220: adenosine deoxyribonucleotides de novo biosynthesis II|g__Bacteroides.s__Bacteroides_thetaiotaomicron	5.0702926942
PWY-7220: adenosine deoxyribonucleotides de novo biosynthesis II|g__Bacteroides.s__Bacteroides_ovatus	3.4506556246
PWY-7220: adenosine deoxyribonucleotides de novo biosynthesis II|g__Bacteroides.s__Bacteroides_finegoldii	2.3573785950
PWY-7220: adenosine deoxyribonucleotides de novo biosynthesis II|g__Bacteroides.s__Bacteroides_cellulosilyticus	1.5735184752
PWY-7220: adenosine deoxyribonucleotides de novo biosynthesis II|g__Bacteroides.s__Bacteroides_nordii	0.6080875646
PWY-7222: guanosine deoxyribonucleotides de novo biosynthesis II	239.7320411750
PWY-7222: guanosine deoxyribonucleotides de novo biosynthesis II|g__Bacteroides.s__Bacteroides_vulgatus	85.5442724323
PWY-7222: guanosine deoxyribonucleotides de novo biosynthesis II|g__Bacteroides.s__Bacteroides_massiliensis	22.9840280483
PWY-7222: guanosine deoxyribonucleotides de novo biosynthesis II|g__Parabacteroides.s__Parabacteroides_distasonis	11.8259224219
PWY-7222: guanosine deoxyribonucleotides de novo biosynthesis II|unclassified	7.3484838982
PWY-7222: guanosine deoxyribonucleotides de novo biosynthesis II|g__Bacteroides.s__Bacteroides_thetaiotaomicron	5.0702926942
PWY-7222: guanosine deoxyribonucleotides de novo biosynthesis II|g__Bacteroides.s__Bacteroides_ovatus	3.4506556246
PWY-7222: guanosine deoxyribonucleotides de novo biosynthesis II|g__Bacteroides.s__Bacteroides_finegoldii	2.3573785950
PWY-7222: guanosine deoxyribonucleotides de novo biosynthesis II|g__Bacteroides.s__Bacteroides_cellulosilyticus	1.5735184752
PWY-7222: guanosine deoxyribonucleotides de novo biosynthesis II|g__Bacteroides.s__Bacteroides_nordii	0.6080875646
PWY4FS-7: phosphatidylglycerol biosynthesis I (plastidic)	235.2263790863
PWY4FS-7: phosphatidylglycerol biosynthesis I (plastidic)|unclassified	26.2364158391
PWY4FS-7: phosphatidylglycerol biosynthesis I (plastidic)|g__Fusicatenibacter.s__Fusicatenibacter_saccharivorans	24.3536538527
PWY4FS-8: phosphatidylglycerol biosynthesis II (non-plastidic)	235.2263790863
PWY4FS-8: phosphatidylglycerol biosynthesis II (non-plastidic)|unclassified	26.2364158391
PWY4FS-8: phosphatidylglycerol biosynthesis II (non-plastidic)|g__Fusicatenibacter.s__Fusicatenibacter_saccharivorans	24.3536538527
PWY-5971: palmitate biosynthesis (type II fatty acid synthase)	231.6529568709
PWY-7345: superpathway of anaerobic sucrose degradation	227.1472301937
PWY-7345: superpathway of anaerobic sucrose degradation|unclassified	25.4233603016
PWY-7282: 4-amino-2-methyl-5-diphosphomethylpyrimidine biosynthesis II	223.4756288163
PWY-7282: 4-amino-2-methyl-5-diphosphomethylpyrimidine biosynthesis II|g__Bacteroides.s__Bacteroides_uniformis	40.7414130266
BIOTIN-BIOSYNTHESIS-PWY: biotin biosynthesis I	222.0934112538
BIOTIN-BIOSYNTHESIS-PWY: biotin biosynthesis I|g__Bacteroides.s__Bacteroides_vulgatus	57.7352221867
PWY-7456: &beta;-(1,4)-mannan degradation	221.7978296621
PWY-6470: peptidoglycan biosynthesis V (&beta;-lactam resistance)	217.7897604684
PWY-7761: NAD salvage pathway II (PNC IV cycle)	216.0563183464
PWY-7761: NAD salvage pathway II (PNC IV cycle)|unclassified	50.6997322385
PWY-8187: L-arginine degradation XIII (reductive Stickland reaction)	212.8360906804
PWY-8187: L-arginine degradation XIII (reductive Stickland reaction)|unclassified	72.1242517439
FASYN-ELONG-PWY: fatty acid elongation -- saturated	211.8585113444
FASYN-ELONG-PWY: fatty acid elongation -- saturated|g__Bacteroides.s__Bacteroides_vulgatus	56.2499249196
FASYN-ELONG-PWY: fatty acid elongation -- saturated|unclassified	24.6546505891
FASYN-ELONG-PWY: fatty acid elongation -- saturated|g__Alistipes.s__Alistipes_onderdonkii	6.4976819047
PWY-7197: pyrimidine deoxyribonucleotide phosphorylation	209.7264405903
PWY-7197: pyrimidine deoxyribonucleotide phosphorylation|g__Collinsella.s__Collinsella_aerofaciens	26.1865793781
PWY-7197: pyrimidine deoxyribonucleotide phosphorylation|g__Phascolarctobacterium.s__Phascolarctobacterium_succinatutens	10.6666666667
PWY-7197: pyrimidine deoxyribonucleotide phosphorylation|unclassified	6.9764928953
PWY-7383: anaerobic energy metabolism (invertebrates, cytosol)	209.0656859354
POLYISOPRENSYN-PWY: polyisoprenoid biosynthesis (E. coli)	208.8090270039
PWY-5384: sucrose degradation IV (sucrose phosphorylase)	206.8604459437
PWY-5384: sucrose degradation IV (sucrose phosphorylase)|g__Bifidobacterium.s__Bifidobacterium_adolescentis	34.7526163152
PWY-5384: sucrose degradation IV (sucrose phosphorylase)|unclassified	17.5065584682
PWY-5384: sucrose degradation IV (sucrose phosphorylase)|g__Faecalibacterium.s__Faecalibacterium_prausnitzii	9.1468628158
PWY-5384: sucrose degradation IV (sucrose phosphorylase)|g__Anaerostipes.s__Anaerostipes_hadrus	7.4206491038
PWY-5384: sucrose degradation IV (sucrose phosphorylase)|g__Bifidobacterium.s__Bifidobacterium_pseudocatenulatum	3.1424923893
PWY-5384: sucrose degradation IV (sucrose phosphorylase)|g__Bifidobacterium.s__Bifidobacterium_longum	0.8884658099
PWY-6292: superpathway of L-cysteine biosynthesis (mammalian)	204.5412769489
PWY-6292: superpathway of L-cysteine biosynthesis (mammalian)|unclassified	19.2568726394
PWY-5505: L-glutamate and L-glutamine biosynthesis	197.0828711623
PWY-5505: L-glutamate and L-glutamine biosynthesis|unclassified	20.7407143256
PWY-6519: 8-amino-7-oxononanoate biosynthesis I	196.9572761629
PWY-6519: 8-amino-7-oxononanoate biosynthesis I|g__Bacteroides.s__Bacteroides_vulgatus	54.5597037694
PWY-6519: 8-amino-7-oxononanoate biosynthesis I|unclassified	19.1372163843
PWY-621: sucrose degradation III (sucrose invertase)	193.6924077344
PWY-621: sucrose degradation III (sucrose invertase)|unclassified	20.4802613709
PWY-621: sucrose degradation III (sucrose invertase)|g__Ruminococcus.s__Ruminococcus_bicirculans	10.8991825613
PWY-621: sucrose degradation III (sucrose invertase)|g__Roseburia.s__Roseburia_faecis	6.7400854547
PWY-621: sucrose degradation III (sucrose invertase)|g__Anaerostipes.s__Anaerostipes_hadrus	6.6839838239
PWY-7664: oleate biosynthesis IV (anaerobic)	192.9424658802
PWY-7664: oleate biosynthesis IV (anaerobic)|g__Bacteroides.s__Bacteroides_vulgatus	53.9854241853
PWY-7664: oleate biosynthesis IV (anaerobic)|unclassified	22.9292113983
PWY-7664: oleate biosynthesis IV (anaerobic)|g__Alistipes.s__Alistipes_onderdonkii	6.1039462211
PWY-6608: guanosine nucleotides degradation III	192.5913233570
PWY-6608: guanosine nucleotides degradation III|g__Blautia.s__Ruminococcus_torques	30.5761167293
PWY-6608: guanosine nucleotides degradation III|unclassified	29.0307586951
PWY-6608: guanosine nucleotides degradation III|g__Blautia.s__Blautia_wexlerae	26.8570962683
PWY-6608: guanosine nucleotides degradation III|g__Roseburia.s__Roseburia_intestinalis	11.4283202567
PWY-6608: guanosine nucleotides degradation III|g__Blautia.s__Blautia_obeum	10.1926904418
PWY-I9: L-cysteine biosynthesis VI (from L-methionine)	186.9885108703
PWY-I9: L-cysteine biosynthesis VI (from L-methionine)|g__Anaerostipes.s__Anaerostipes_hadrus	8.0860354168
PWY-6969: TCA cycle V (2-oxoglutarate synthase)	184.0896458109
PWY66-399: gluconeogenesis III	181.4149169986
GLYCOLYSIS-E-D: superpathway of glycolysis and the Entner-Doudoroff pathway	181.2297882116
P164-PWY: purine nucleobases degradation I (anaerobic)	177.1501068640
P164-PWY: purine nucleobases degradation I (anaerobic)|unclassified	11.1905723245
P441-PWY: superpathway of N-acetylneuraminate degradation	172.9487027967
PWY0-862: (5Z)-dodecenoate biosynthesis I	172.4165679303
PWY0-862: (5Z)-dodecenoate biosynthesis I|g__Bacteroides.s__Bacteroides_vulgatus	51.2352625379
PWY0-862: (5Z)-dodecenoate biosynthesis I|unclassified	20.9722404805
PWY0-862: (5Z)-dodecenoate biosynthesis I|g__Alistipes.s__Alistipes_onderdonkii	5.6476441980
GLYCOCAT-PWY: glycogen degradation I	172.1595506734
PWY-6282: palmitoleate biosynthesis I (from (5Z)-dodec-5-enoate)	171.7363435565
PWY-6282: palmitoleate biosynthesis I (from (5Z)-dodec-5-enoate)|g__Bacteroides.s__Bacteroides_vulgatus	51.4923078230
PWY-6282: palmitoleate biosynthesis I (from (5Z)-dodec-5-enoate)|unclassified	20.5061943231
PWY-6282: palmitoleate biosynthesis I (from (5Z)-dodec-5-enoate)|g__Alistipes.s__Alistipes_onderdonkii	6.0011669604
PWY-1269: CMP-3-deoxy-D-manno-octulosonate biosynthesis	170.2873637975
PWY-1269: CMP-3-deoxy-D-manno-octulosonate biosynthesis|g__Bacteroides.s__Bacteroides_uniformis	45.5246755280
PWY-1269: CMP-3-deoxy-D-manno-octulosonate biosynthesis|g__Alistipes.s__Alistipes_shahii	14.9522547320
PWY-1269: CMP-3-deoxy-D-manno-octulosonate biosynthesis|unclassified	6.1779617739
PWY-1269: CMP-3-deoxy-D-manno-octulosonate biosynthesis|g__Bacteroides.s__Bacteroides_thetaiotaomicron	3.1683168317
PWY-5989: stearate biosynthesis II (bacteria and plants)	169.5833333211
PWY-5989: stearate biosynthesis II (bacteria and plants)|g__Bacteroides.s__Bacteroides_vulgatus	54.5119783089
PWY-5989: stearate biosynthesis II (bacteria and plants)|unclassified	18.2535255151
DAPLYSINESYN-PWY: L-lysine biosynthesis I	169.0551346754
DAPLYSINESYN-PWY: L-lysine biosynthesis I|g__Bifidobacterium.s__Bifidobacterium_adolescentis	32.7304691443
SALVADEHYPOX-PWY: adenosine nucleotides degradation II	165.6395479325
SALVADEHYPOX-PWY: adenosine nucleotides degradation II|unclassified	32.0335436143
SALVADEHYPOX-PWY: adenosine nucleotides degradation II|g__Blautia.s__Ruminococcus_torques	24.5538137207
SALVADEHYPOX-PWY: adenosine nucleotides degradation II|g__Roseburia.s__Roseburia_intestinalis	8.0530260794
PWY-4041: &gamma;-glutamyl cycle	162.0032663035
PWY-4041: &gamma;-glutamyl cycle|unclassified	22.7644395361
PWY-4041: &gamma;-glutamyl cycle|g__Bacteroides.s__Bacteroides_dorei	2.9615004936
PWY-4041: &gamma;-glutamyl cycle|g__Bacteroides.s__Bacteroides_ovatus	2.8404047577
PWY-4041: &gamma;-glutamyl cycle|g__Bacteroides.s__Bacteroides_thetaiotaomicron	1.4609203798
PWY-8004: Entner-Doudoroff pathway I	161.8691209388
PWY-702: L-methionine biosynthesis II	158.7745150478
GLUCUROCAT-PWY: superpathway of &beta;-D-glucuronosides degradation	156.9264360496
GLUCUROCAT-PWY: superpathway of &beta;-D-glucuronosides degradation|g__Faecalibacterium.s__Faecalibacterium_prausnitzii	30.8530179183
GLUCUROCAT-PWY: superpathway of &beta;-D-glucuronosides degradation|unclassified	4.0549305469
PWY-6902: chitin degradation II (Vibrio)	154.8791731947
PWY-6902: chitin degradation II (Vibrio)|g__Bacteroides.s__Bacteroides_vulgatus	57.4875421851
PWY-6902: chitin degradation II (Vibrio)|g__Fusicatenibacter.s__Fusicatenibacter_saccharivorans	48.9217128150
PWY-6902: chitin degradation II (Vibrio)|unclassified	11.8451692403
PWY-6902: chitin degradation II (Vibrio)|g__Bacteroides.s__Bacteroides_thetaiotaomicron	11.4984091500
PWY-6902: chitin degradation II (Vibrio)|g__Bacteroides.s__Bacteroides_uniformis	9.3434234369
ARG+POLYAMINE-SYN: superpathway of arginine and polyamine biosynthesis	151.3684503397
PWY-6859: all-trans-farnesol biosynthesis	144.2175458339
PWY-2941: L-lysine biosynthesis II	144.0422462501
PWY-2941: L-lysine biosynthesis II|unclassified	24.7141466561
LACTOSECAT-PWY: lactose and galactose degradation I	142.6406830357
LACTOSECAT-PWY: lactose and galactose degradation I|g__Collinsella.s__Collinsella_aerofaciens	41.6500953498
LACTOSECAT-PWY: lactose and galactose degradation I|unclassified	15.0250164305
PWY-6549: L-glutamine biosynthesis III	131.1710860759
PWY-6549: L-glutamine biosynthesis III|unclassified	23.8144101475
PWY-6606: guanosine nucleotides degradation II	129.9574750004
PWY-6606: guanosine nucleotides degradation II|g__Blautia.s__Ruminococcus_torques	22.0162162453
PWY-6606: guanosine nucleotides degradation II|unclassified	14.2854011236
PWY-6606: guanosine nucleotides degradation II|g__Roseburia.s__Roseburia_intestinalis	7.7672223218
PWY-7198: pyrimidine deoxyribonucleotides de novo biosynthesis IV	129.4231827623
PWY-6590: superpathway of Clostridium acetobutylicum acidogenic fermentation	127.5144964097
PWY-7242: D-fructuronate degradation	126.1015834959
PWY-7242: D-fructuronate degradation|g__Faecalibacterium.s__Faecalibacterium_prausnitzii	39.7661219972
PWY-7242: D-fructuronate degradation|unclassified	3.1175548428
PWY0-845: superpathway of pyridoxal 5'-phosphate biosynthesis and salvage	124.8290059413
PWY0-845: superpathway of pyridoxal 5'-phosphate biosynthesis and salvage|g__Bacteroides.s__Bacteroides_uniformis	36.3164853841
PWY0-845: superpathway of pyridoxal 5'-phosphate biosynthesis and salvage|g__Parabacteroides.s__Parabacteroides_distasonis	7.5502978672
PWY-7117: C4 photosynthetic carbon assimilation cycle, PEPCK type	122.9756832666
PWY-7117: C4 photosynthetic carbon assimilation cycle, PEPCK type|unclassified	17.2923911179
PWY-6906: chitin derivatives degradation	119.9139757065
PWY-5345: superpathway of L-methionine biosynthesis (by sulfhydrylation)	113.6107542300
PWY-5345: superpathway of L-methionine biosynthesis (by sulfhydrylation)|unclassified	36.7746084048
PWY0-1261: anhydromuropeptides recycling I	111.4957703477
PWY-1861: formaldehyde assimilation II (assimilatory RuMP Cycle)	111.2839769439
PWY-1861: formaldehyde assimilation II (assimilatory RuMP Cycle)|unclassified	33.0493446759
PWY-1861: formaldehyde assimilation II (assimilatory RuMP Cycle)|g__Anaerostipes.s__Anaerostipes_hadrus	16.4107175041
PWY-6284: superpathway of unsaturated fatty acids biosynthesis (E. coli)	109.2267564038
PWY-241: C4 photosynthetic carbon assimilation cycle, NADP-ME type	108.4873822740
PWY-241: C4 photosynthetic carbon assimilation cycle, NADP-ME type|unclassified	18.3307695355
PWY-7356: thiamine diphosphate salvage IV (yeast)	107.6579854088
PWY-7356: thiamine diphosphate salvage IV (yeast)|unclassified	31.8346601815
PWY-7356: thiamine diphosphate salvage IV (yeast)|g__Bifidobacterium.s__Bifidobacterium_adolescentis	15.7790927022
PWY-5130: 2-oxobutanoate degradation I	107.6139031340
PWY-5130: 2-oxobutanoate degradation I|g__Alistipes.s__Alistipes_putredinis	48.6605232963
PWY0-1061: superpathway of L-alanine biosynthesis	106.8006164307
PWY0-1061: superpathway of L-alanine biosynthesis|unclassified	20.5150902843
PWY0-1061: superpathway of L-alanine biosynthesis|g__Bifidobacterium.s__Bifidobacterium_adolescentis	15.6276571374
PWY0-1061: superpathway of L-alanine biosynthesis|g__Blautia.s__Ruminococcus_torques	6.8363597193
PWY0-1061: superpathway of L-alanine biosynthesis|g__Lachnospiraceae_unclassified.s__Eubacterium_rectale	5.3700199458
PWY-5497: purine nucleobases degradation II (anaerobic)	106.7334921126
NAGLIPASYN-PWY: lipid IVA biosynthesis (E. coli)	105.2181416577
NAGLIPASYN-PWY: lipid IVA biosynthesis (E. coli)|g__Bacteroides.s__Bacteroides_uniformis	43.2693829587
PWY-8073: lipid IVA biosynthesis (P. putida)	105.2181416577
PWY-8073: lipid IVA biosynthesis (P. putida)|g__Bacteroides.s__Bacteroides_uniformis	43.2693829587
PWY66-409: superpathway of purine nucleotide salvage	104.9908337164
PYRIDOXSYN-PWY: pyridoxal 5'-phosphate biosynthesis I	104.3452677461
PYRIDOXSYN-PWY: pyridoxal 5'-phosphate biosynthesis I|g__Bacteroides.s__Bacteroides_uniformis	38.9309795028
PYRIDOXSYN-PWY: pyridoxal 5'-phosphate biosynthesis I|g__Parabacteroides.s__Parabacteroides_distasonis	10.2315924100
PWY-6285: superpathway of fatty acids biosynthesis (E. coli)	104.0252416120
PWY0-1477: ethanolamine utilization	101.3322089220
PWY0-1477: ethanolamine utilization|unclassified	14.5780343853
PWY0-1477: ethanolamine utilization|g__Desulfovibrio.s__Desulfovibrio_piger	14.2435676714
CENTFERM-PWY: pyruvate fermentation to butanoate	100.6928372097
PYRIDNUCSAL-PWY: NAD salvage pathway I (PNC VI cycle)	98.0556927414
SULFATE-CYS-PWY: superpathway of sulfate assimilation and cysteine biosynthesis	95.8184019446
SULFATE-CYS-PWY: superpathway of sulfate assimilation and cysteine biosynthesis|unclassified	27.8866879905
PWY-6168: flavin biosynthesis III (fungi)	92.1189341500
PWY-7115: C4 photosynthetic carbon assimilation cycle, NAD-ME type	89.4869111616
PWY3O-4107: NAD salvage pathway V (PNC V cycle)	84.6695138890
POLYAMSYN-PWY: superpathway of polyamine biosynthesis I	83.6854229764
PWY-5913: partial TCA cycle (obligate autotrophs)	82.4706387527
PWY-5913: partial TCA cycle (obligate autotrophs)|unclassified	16.8760991191
GALACTUROCAT-PWY: D-galacturonate degradation I	81.5026035251
GALACTUROCAT-PWY: D-galacturonate degradation I|g__Faecalibacterium.s__Faecalibacterium_prausnitzii	47.9502773038
GALACTUROCAT-PWY: D-galacturonate degradation I|g__Alistipes.s__Alistipes_shahii	8.3355751871
GALACTUROCAT-PWY: D-galacturonate degradation I|unclassified	3.9554934830
PWY-5676: acetyl-CoA fermentation to butanoate II	81.2964972912
PWY-5676: acetyl-CoA fermentation to butanoate II|unclassified	19.6341137257
PWY-5676: acetyl-CoA fermentation to butanoate II|g__Anaerostipes.s__Anaerostipes_hadrus	8.3165332711
FOLSYN-PWY: superpathway of tetrahydrofolate biosynthesis and salvage	80.5529991813
PWY0-1479: tRNA processing	73.7058355755
PWY0-1479: tRNA processing|unclassified	14.3023544838
PWY0-1479: tRNA processing|g__Sutterella.s__Sutterella_wadsworthensis	13.2522732782
P105-PWY: TCA cycle IV (2-oxoglutarate decarboxylase)	69.7610838875
PWY-6507: 4-deoxy-L-threo-hex-4-enopyranuronate degradation	68.9112053712
PWY-6507: 4-deoxy-L-threo-hex-4-enopyranuronate degradation|g__Faecalibacterium.s__Faecalibacterium_prausnitzii	43.2387139305
PWY-6507: 4-deoxy-L-threo-hex-4-enopyranuronate degradation|unclassified	9.6230712017
GALACT-GLUCUROCAT-PWY: superpathway of hexuronide and hexuronate degradation	64.6543922002
P124-PWY: Bifidobacterium shunt	63.6002791280
PWY0-1298: superpathway of pyrimidine deoxyribonucleosides degradation	58.6931131719
GALACTARDEG-PWY: D-galactarate degradation I	57.8164101857
GLUCARGALACTSUPER-PWY: superpathway of D-glucarate and D-galactarate degradation	57.8164101857
PWY0-1241: ADP-L-glycero-&beta;-D-manno-heptose biosynthesis	57.0808708968
PWY0-1241: ADP-L-glycero-&beta;-D-manno-heptose biosynthesis|g__Phascolarctobacterium.s__Phascolarctobacterium_succinatutens	9.4786729858
PWY-821: superpathway of sulfur amino acid biosynthesis (Saccharomyces cerevisiae)	55.1299101611
PWY-821: superpathway of sulfur amino acid biosynthesis (Saccharomyces cerevisiae)|unclassified	13.9040362290
PWY-6612: superpathway of tetrahydrofolate biosynthesis	55.0489282586
GLYOXYLATE-BYPASS: glyoxylate cycle	54.0535250246
PWY-5136: fatty acid &beta;-oxidation II (plant peroxisome)	53.5833434183
PWY-5136: fatty acid &beta;-oxidation II (plant peroxisome)|unclassified	13.5130273073
TCA: TCA cycle I (prokaryotic)	52.4812383837
PPGPPMET-PWY: ppGpp metabolism	50.5297453840
PPGPPMET-PWY: ppGpp metabolism|unclassified	20.1323752290
POLYAMINSYN3-PWY: superpathway of polyamine biosynthesis II	49.0941994579
PWY-5367: petroselinate biosynthesis	48.9858345602
PWY-5367: petroselinate biosynthesis|g__Blautia.s__Ruminococcus_torques	34.0785088054
PWY-7013: (S)-propane-1,2-diol degradation	48.8209815708
PWY-7013: (S)-propane-1,2-diol degradation|unclassified	19.5466696804
PWY-7013: (S)-propane-1,2-diol degradation|g__Eubacterium.s__Eubacterium_hallii	11.7647058824
P461-PWY: hexitol fermentation to lactate, formate, ethanol and acetate	47.9064973253
P461-PWY: hexitol fermentation to lactate, formate, ethanol and acetate|unclassified	23.1098630513
P461-PWY: hexitol fermentation to lactate, formate, ethanol and acetate|g__Anaerostipes.s__Anaerostipes_hadrus	12.7928622389
SO4ASSIM-PWY: assimilatory sulfate reduction I	46.6557760218
SO4ASSIM-PWY: assimilatory sulfate reduction I|unclassified	31.1791138647
ORNDEG-PWY: superpathway of ornithine degradation	43.4348465715
ORNDEG-PWY: superpathway of ornithine degradation|unclassified	21.6655076526
PWY-622: starch biosynthesis	43.3320619678
PWY-5005: biotin biosynthesis II	42.1577040570
PWY-5005: biotin biosynthesis II|g__Blautia.s__Ruminococcus_torques	18.1825426228
PWY-5723: Rubisco shunt	42.1545813342
PWY-5723: Rubisco shunt|unclassified	31.5505561674
PWY-5690: TCA cycle II (plants and fungi)	42.0812440117
PWY0-1297: superpathway of purine deoxyribonucleosides degradation	41.8065069957
PWY0-1297: superpathway of purine deoxyribonucleosides degradation|g__Blautia.s__Ruminococcus_torques	24.4454180010
GOLPDLCAT-PWY: superpathway of glycerol degradation to 1,3-propanediol	41.6862617520
GOLPDLCAT-PWY: superpathway of glycerol degradation to 1,3-propanediol|g__Blautia.s__Ruminococcus_torques	27.3258148134
GOLPDLCAT-PWY: superpathway of glycerol degradation to 1,3-propanediol|unclassified	6.5418740461
PWY-7883: anhydromuropeptides recycling II	39.0876894875
FUC-RHAMCAT-PWY: superpathway of fucose and rhamnose degradation	38.0232669576
GLUCARDEG-PWY: D-glucarate degradation I	37.8809516201
PWY-7209: superpathway of pyrimidine ribonucleosides degradation	37.4201731272
HEMESYN2-PWY: heme b biosynthesis II (oxygen-independent)	35.5692382854
HEMESYN2-PWY: heme b biosynthesis II (oxygen-independent)|g__Sutterella.s__Sutterella_wadsworthensis	15.2732990005
GLUDEG-I-PWY: GABA shunt	35.2058652166
PWY-8131: 5'-deoxyadenosine degradation II	34.1055239416
PWY-8131: 5'-deoxyadenosine degradation II|unclassified	7.1833239790
PWY-5104: L-isoleucine biosynthesis IV	32.9386682110
PWY1ZNC-1: assimilatory sulfate reduction IV	31.4631058384
PWY1ZNC-1: assimilatory sulfate reduction IV|unclassified	5.8968585287
PWY-561: superpathway of glyoxylate cycle and fatty acid degradation	30.4891006655
TCA-GLYOX-BYPASS: superpathway of glyoxylate bypass and TCA	27.9547351999
RUMP-PWY: formaldehyde oxidation I	25.5750200926
PWY-7315: dTDP-N-acetylthomosamine biosynthesis	24.2996251849
PWY-7315: dTDP-N-acetylthomosamine biosynthesis|g__Lachnospiraceae_unclassified.s__Eubacterium_rectale	2.2433288010
PWY-7992: superpathway of menaquinol-8 biosynthesis III	21.5331164231
PWY-7942: 5-oxo-L-proline metabolism	21.2693384579
FUCCAT-PWY: fucose degradation	18.5141358293
FUCCAT-PWY: fucose degradation|g__Blautia.s__Ruminococcus_torques	5.4938420671
FUCCAT-PWY: fucose degradation|g__Blautia.s__Blautia_sp	1.2924562371
PWY-5675: nitrate reduction V (assimilatory)	17.4674481787
PWY0-781: aspartate superpathway	16.9823728904
P42-PWY: incomplete reductive TCA cycle	16.9327368726
PWY-5918: superpathway of heme b biosynthesis from glutamate	16.8205234759
PWY-7858: (5Z)-dodecenoate biosynthesis II	16.4793085312
PWY-7858: (5Z)-dodecenoate biosynthesis II|unclassified	11.8237407251
P4-PWY: superpathway of L-lysine, L-threonine and L-methionine biosynthesis I	16.0700874622
PWY0-301: L-ascorbate degradation I (bacterial, anaerobic)	15.6021903123
PWY0-301: L-ascorbate degradation I (bacterial, anaerobic)|unclassified	4.7894932175
PWY-6607: guanosine nucleotides degradation I	15.2792089645
PWY-6595: superpathway of guanosine nucleotides degradation (plants)	15.0970234550
PWY-7118: chitin deacetylation	14.9684324553
PWY-6143: CMP-pseudaminate biosynthesis	14.8476513544
PWY-6961: L-ascorbate degradation II (bacterial, aerobic)	14.2433534561
PWY-7254: TCA cycle VII (acetate-producers)	12.7993857006
HEME-BIOSYNTHESIS-II: heme b biosynthesis I (aerobic)	11.8587665732
PWY4LZ-257: superpathway of fermentation (Chlamydomonas reinhardtii)	11.0497264929
METHGLYUT-PWY: superpathway of methylglyoxal degradation	10.5931727328
PWY-5189: tetrapyrrole biosynthesis II (from glycine)	10.4362814884
PWY-5189: tetrapyrrole biosynthesis II (from glycine)|unclassified	7.8051166648
P161-PWY: acetylene degradation (anaerobic)	8.9270175118
PWY-7371: 1,4-dihydroxy-6-naphthoate biosynthesis II	8.3833503933
PWY-7371: 1,4-dihydroxy-6-naphthoate biosynthesis II|unclassified	5.5683713407
P185-PWY: formaldehyde assimilation III (dihydroxyacetone cycle)	8.2295132034
P185-PWY: formaldehyde assimilation III (dihydroxyacetone cycle)|unclassified	7.9435566240
PWY-5347: superpathway of L-methionine biosynthesis (transsulfuration)	8.0166846233
MET-SAM-PWY: superpathway of S-adenosyl-L-methionine biosynthesis	8.0158988606
METSYN-PWY: superpathway of L-homoserine and L-methionine biosynthesis	7.0283941059
AST-PWY: L-arginine degradation II (AST pathway)	6.7706163933
AST-PWY: L-arginine degradation II (AST pathway)|unclassified	4.9890761814
REDCITCYC: TCA cycle VI (Helicobacter)	5.5080753038
KETOGLUCONMET-PWY: ketogluconate metabolism	5.2407167702
KETOGLUCONMET-PWY: ketogluconate metabolism|unclassified	4.3940109960
PWY-6803: phosphatidylcholine acyl editing	4.3873557131
PWY-6803: phosphatidylcholine acyl editing|unclassified	3.9521548423
HOMOSER-METSYN-PWY: L-methionine biosynthesis I	4.0273820389
PWY0-42: 2-methylcitrate cycle I	2.3726763648
PWY0-42: 2-methylcitrate cycle I|unclassified	2.1403573081
PWY66-389: phytol degradation	0.9238024225
PWY66-389: phytol degradation|unclassified	0.9071404738