# Pathway	74_S19_L002_R1_001_Abundance
UNMAPPED	696576.5089047119
UNINTEGRATED	1934987.9450354658
UNINTEGRATED|g__Bacteroides.s__Bacteroides_uniformis	188643.8090972097
UNINTEGRATED|g__Faecalibacterium.s__Faecalibacterium_prausnitzii	149763.3700209037
UNINTEGRATED|unclassified	143284.8764348148
UNINTEGRATED|g__Bacteroides.s__Bacteroides_vulgatus	121038.4882858987
UNINTEGRATED|g__Bacteroides.s__Bacteroides_dorei	119529.9042450284
UNINTEGRATED|g__Roseburia.s__Roseburia_faecis	92650.3050365862
UNINTEGRATED|g__Blautia.s__Ruminococcus_torques	79550.4366242073
UNINTEGRATED|g__Blautia.s__Blautia_obeum	71152.1846584358
UNINTEGRATED|g__Lachnospiraceae_unclassified.s__Eubacterium_rectale	61610.8529343641
UNINTEGRATED|g__Blautia.s__Blautia_wexlerae	53741.0281229322
UNINTEGRATED|g__Bacteroides.s__Bacteroides_thetaiotaomicron	52968.5333269344
UNINTEGRATED|g__Alistipes.s__Alistipes_putredinis	43406.8644716130
UNINTEGRATED|g__Paraprevotella.s__Paraprevotella_clara	40127.3289545245
UNINTEGRATED|g__Roseburia.s__Roseburia_intestinalis	38803.5912197953
UNINTEGRATED|g__Lachnospira.s__Lachnospira_pectinoschiza	37953.2050408972
UNINTEGRATED|g__Fusicatenibacter.s__Fusicatenibacter_saccharivorans	37207.7203133641
UNINTEGRATED|g__Parabacteroides.s__Parabacteroides_merdae	35793.3389915404
UNINTEGRATED|g__Parabacteroides.s__Parabacteroides_distasonis	35312.1561391685
UNINTEGRATED|g__Dorea.s__Dorea_longicatena	30882.9481841109
UNINTEGRATED|g__Bacteroides.s__Bacteroides_ovatus	28444.5974742832
UNINTEGRATED|g__Eubacterium.s__Eubacterium_eligens	25333.3846045992
UNINTEGRATED|g__Bacteroides.s__Bacteroides_salyersiae	22621.1819022144
UNINTEGRATED|g__Bacteroides.s__Bacteroides_xylanisolvens	22387.5991332562
UNINTEGRATED|g__Anaerostipes.s__Anaerostipes_hadrus	21956.1339367949
UNINTEGRATED|g__Collinsella.s__Collinsella_aerofaciens	21844.6819729458
UNINTEGRATED|g__Eubacterium.s__Eubacterium_hallii	20203.3894293706
UNINTEGRATED|g__Eubacterium.s__Eubacterium_sp_CAG_180	18135.8302991883
UNINTEGRATED|g__Bacteroides.s__Bacteroides_sp_CAG_875	17974.0601122300
UNINTEGRATED|g__Ruminococcus.s__Ruminococcus_bromii	16786.0189800523
UNINTEGRATED|g__Clostridium.s__Clostridium_sp_AM22_11AC	15686.9064548470
UNINTEGRATED|g__Dorea.s__Dorea_formicigenerans	15236.1910999318
UNINTEGRATED|g__Gemmiger.s__Gemmiger_formicilis	11839.5298643321
UNINTEGRATED|g__Bilophila.s__Bilophila_wadsworthia	7977.6948394296
UNINTEGRATED|g__Eubacterium.s__Eubacterium_ramulus	7956.8239788049
UNINTEGRATED|g__Agathobaculum.s__Agathobaculum_butyriciproducens	6982.3360590915
UNINTEGRATED|g__Lawsonibacter.s__Lawsonibacter_asaccharolyticus	5995.5397229122
UNINTEGRATED|g__Firmicutes_unclassified.s__Firmicutes_bacterium_CAG_65_45_313	5977.5737143305
UNINTEGRATED|g__Ruminococcus.s__Ruminococcus_lactaris	5957.7676635662
UNINTEGRATED|g__Proteobacteria_unclassified.s__Proteobacteria_bacterium_CAG_139	5899.8914671616
UNINTEGRATED|g__Candidatus_Gastranaerophilales_unclassified.s__Candidatus_Gastranaerophilales_bacterium_HUM_10	5431.4793263625
UNINTEGRATED|g__Firmicutes_unclassified.s__Firmicutes_bacterium_CAG_56	4473.4177767549
UNINTEGRATED|g__Subdoligranulum.s__Subdoligranulum_sp_APC924_74	4460.0515486487
UNINTEGRATED|g__Odoribacter.s__Odoribacter_splanchnicus	3791.2484612656
UNINTEGRATED|g__Blautia.s__Blautia_sp_CAG_52	3349.6685203291
UNINTEGRATED|g__Phascolarctobacterium.s__Phascolarctobacterium_faecium	3326.7475396492
UNINTEGRATED|g__Bifidobacterium.s__Bifidobacterium_pseudocatenulatum	3121.3500580364
UNINTEGRATED|g__Blautia.s__Blautia_sp_AF19_10LB	2836.9295996263
UNINTEGRATED|g__Firmicutes_unclassified.s__Firmicutes_bacterium_CAG_41	2681.7005679038
UNINTEGRATED|g__Firmicutes_unclassified.s__Firmicutes_bacterium_CAG_114	2510.0438115325
UNINTEGRATED|g__Bifidobacterium.s__Bifidobacterium_adolescentis	2247.7042315216
UNINTEGRATED|g__Oscillibacter.s__Oscillibacter_sp_57_20	2210.2808649549
UNINTEGRATED|g__Clostridium.s__Clostridium_sp_CAG_354	2158.0312710852
UNINTEGRATED|g__Clostridium.s__Clostridium_sp_CAG_75	1947.2224441497
UNINTEGRATED|g__Lachnoclostridium.s__Clostridium_scindens	1775.2030943203
UNINTEGRATED|g__Alistipes.s__Alistipes_finegoldii	1501.3716466530
UNINTEGRATED|g__Alistipes.s__Alistipes_onderdonkii	1422.1452952842
UNINTEGRATED|g__Streptococcus.s__Streptococcus_salivarius	1379.6379958021
UNINTEGRATED|g__Firmicutes_unclassified.s__Firmicutes_bacterium_CAG_102	953.0416333803
UNINTEGRATED|g__Bifidobacterium.s__Bifidobacterium_catenulatum	887.3522302922
UNINTEGRATED|g__Gordonibacter.s__Gordonibacter_pamelaeae	44.0876530123
PWY-7238: sucrose biosynthesis II	1757.8524998991
PWY-7238: sucrose biosynthesis II|g__Faecalibacterium.s__Faecalibacterium_prausnitzii	254.4889835428
PWY-7238: sucrose biosynthesis II|g__Roseburia.s__Roseburia_faecis	167.4953801902
PWY-7238: sucrose biosynthesis II|g__Blautia.s__Ruminococcus_torques	154.8966985358
PWY-7238: sucrose biosynthesis II|unclassified	134.5131688735
PWY-7238: sucrose biosynthesis II|g__Blautia.s__Blautia_obeum	125.5865315056
PWY-7238: sucrose biosynthesis II|g__Bacteroides.s__Bacteroides_uniformis	123.6633858401
PWY-7238: sucrose biosynthesis II|g__Blautia.s__Blautia_wexlerae	87.3789013368
PWY-7238: sucrose biosynthesis II|g__Lachnospiraceae_unclassified.s__Eubacterium_rectale	69.1288501901
PWY-7238: sucrose biosynthesis II|g__Collinsella.s__Collinsella_aerofaciens	52.7525853478
PWY-7238: sucrose biosynthesis II|g__Lachnospira.s__Lachnospira_pectinoschiza	43.7741143458
PWY-7238: sucrose biosynthesis II|g__Fusicatenibacter.s__Fusicatenibacter_saccharivorans	40.1796897643
PWY-7238: sucrose biosynthesis II|g__Eubacterium.s__Eubacterium_sp_CAG_180	39.3948985957
PWY-7238: sucrose biosynthesis II|g__Ruminococcus.s__Ruminococcus_bromii	34.8797250859
PWY-7238: sucrose biosynthesis II|g__Roseburia.s__Roseburia_intestinalis	32.0025728069
PWY-7238: sucrose biosynthesis II|g__Eubacterium.s__Eubacterium_eligens	27.6914540623
PWY-7238: sucrose biosynthesis II|g__Dorea.s__Dorea_longicatena	25.2628376103
PWY-7238: sucrose biosynthesis II|g__Bacteroides.s__Bacteroides_thetaiotaomicron	23.4153076193
PWY-7238: sucrose biosynthesis II|g__Gemmiger.s__Gemmiger_formicilis	21.4364752910
PWY-7238: sucrose biosynthesis II|g__Clostridium.s__Clostridium_sp_AM22_11AC	21.3446362468
PWY-7238: sucrose biosynthesis II|g__Anaerostipes.s__Anaerostipes_hadrus	16.7958131190
PWY-7238: sucrose biosynthesis II|g__Firmicutes_unclassified.s__Firmicutes_bacterium_CAG_65_45_313	15.7979651176
PWY-7238: sucrose biosynthesis II|g__Eubacterium.s__Eubacterium_hallii	12.8038286336
PWY-7238: sucrose biosynthesis II|g__Lawsonibacter.s__Lawsonibacter_asaccharolyticus	7.7040927993
PWY-7238: sucrose biosynthesis II|g__Firmicutes_unclassified.s__Firmicutes_bacterium_CAG_41	7.1937741155
PWY-7238: sucrose biosynthesis II|g__Bifidobacterium.s__Bifidobacterium_pseudocatenulatum	6.2305697171
PWY-7238: sucrose biosynthesis II|g__Eubacterium.s__Eubacterium_ramulus	5.6721497448
PWY-7238: sucrose biosynthesis II|g__Bifidobacterium.s__Bifidobacterium_catenulatum	0.7196833393
PWY-1042: glycolysis IV	1615.3134315381
PWY-1042: glycolysis IV|g__Faecalibacterium.s__Faecalibacterium_prausnitzii	122.4005172366
PWY-1042: glycolysis IV|g__Blautia.s__Blautia_wexlerae	116.2201352946
PWY-1042: glycolysis IV|g__Blautia.s__Ruminococcus_torques	114.4041509213
PWY-1042: glycolysis IV|g__Roseburia.s__Roseburia_faecis	110.0800504753
PWY-1042: glycolysis IV|unclassified	108.2771555842
PWY-1042: glycolysis IV|g__Bacteroides.s__Bacteroides_dorei	106.1321244924
PWY-1042: glycolysis IV|g__Bacteroides.s__Bacteroides_vulgatus	69.1891489422
PWY-1042: glycolysis IV|g__Alistipes.s__Alistipes_putredinis	54.8713603226
PWY-1042: glycolysis IV|g__Anaerostipes.s__Anaerostipes_hadrus	42.8754496043
PWY-1042: glycolysis IV|g__Lachnospiraceae_unclassified.s__Eubacterium_rectale	40.3212723749
PWY-1042: glycolysis IV|g__Collinsella.s__Collinsella_aerofaciens	38.1516949913
PWY-1042: glycolysis IV|g__Fusicatenibacter.s__Fusicatenibacter_saccharivorans	35.3217050532
PWY-1042: glycolysis IV|g__Roseburia.s__Roseburia_intestinalis	22.7518153420
PWY-1042: glycolysis IV|g__Bacteroides.s__Bacteroides_salyersiae	22.5884596330
PWY-1042: glycolysis IV|g__Eubacterium.s__Eubacterium_eligens	21.3941123652
PWY-1042: glycolysis IV|g__Eubacterium.s__Eubacterium_hallii	13.9815693798
PWY-1042: glycolysis IV|g__Blautia.s__Blautia_obeum	11.9932424705
GLYCOGENSYNTH-PWY: glycogen biosynthesis I (from ADP-D-Glucose)	1585.3794951094
GLYCOGENSYNTH-PWY: glycogen biosynthesis I (from ADP-D-Glucose)|unclassified	170.3682573035
GLYCOGENSYNTH-PWY: glycogen biosynthesis I (from ADP-D-Glucose)|g__Faecalibacterium.s__Faecalibacterium_prausnitzii	139.0573216312
GLYCOGENSYNTH-PWY: glycogen biosynthesis I (from ADP-D-Glucose)|g__Roseburia.s__Roseburia_faecis	134.5016521164
GLYCOGENSYNTH-PWY: glycogen biosynthesis I (from ADP-D-Glucose)|g__Blautia.s__Ruminococcus_torques	120.4189873941
GLYCOGENSYNTH-PWY: glycogen biosynthesis I (from ADP-D-Glucose)|g__Blautia.s__Blautia_wexlerae	106.4382383461
GLYCOGENSYNTH-PWY: glycogen biosynthesis I (from ADP-D-Glucose)|g__Blautia.s__Blautia_obeum	93.7521405444
GLYCOGENSYNTH-PWY: glycogen biosynthesis I (from ADP-D-Glucose)|g__Fusicatenibacter.s__Fusicatenibacter_saccharivorans	66.4140264192
GLYCOGENSYNTH-PWY: glycogen biosynthesis I (from ADP-D-Glucose)|g__Anaerostipes.s__Anaerostipes_hadrus	45.6784863017
GLYCOGENSYNTH-PWY: glycogen biosynthesis I (from ADP-D-Glucose)|g__Clostridium.s__Clostridium_sp_AM22_11AC	45.6613806063
GLYCOGENSYNTH-PWY: glycogen biosynthesis I (from ADP-D-Glucose)|g__Ruminococcus.s__Ruminococcus_bromii	43.8837651054
GLYCOGENSYNTH-PWY: glycogen biosynthesis I (from ADP-D-Glucose)|g__Collinsella.s__Collinsella_aerofaciens	40.2751439343
GLYCOGENSYNTH-PWY: glycogen biosynthesis I (from ADP-D-Glucose)|g__Eubacterium.s__Eubacterium_sp_CAG_180	37.0146868706
GLYCOGENSYNTH-PWY: glycogen biosynthesis I (from ADP-D-Glucose)|g__Lachnospiraceae_unclassified.s__Eubacterium_rectale	29.5842769483
GLYCOGENSYNTH-PWY: glycogen biosynthesis I (from ADP-D-Glucose)|g__Lachnospira.s__Lachnospira_pectinoschiza	28.9054189013
GLYCOGENSYNTH-PWY: glycogen biosynthesis I (from ADP-D-Glucose)|g__Roseburia.s__Roseburia_intestinalis	25.4791223268
GLYCOGENSYNTH-PWY: glycogen biosynthesis I (from ADP-D-Glucose)|g__Eubacterium.s__Eubacterium_hallii	25.2390451977
GLYCOGENSYNTH-PWY: glycogen biosynthesis I (from ADP-D-Glucose)|g__Eubacterium.s__Eubacterium_eligens	23.0321792334
GLYCOGENSYNTH-PWY: glycogen biosynthesis I (from ADP-D-Glucose)|g__Bacteroides.s__Bacteroides_thetaiotaomicron	16.4643798800
GLYCOGENSYNTH-PWY: glycogen biosynthesis I (from ADP-D-Glucose)|g__Gemmiger.s__Gemmiger_formicilis	15.7134047159
GLYCOGENSYNTH-PWY: glycogen biosynthesis I (from ADP-D-Glucose)|g__Dorea.s__Dorea_longicatena	10.9225956261
GLYCOGENSYNTH-PWY: glycogen biosynthesis I (from ADP-D-Glucose)|g__Firmicutes_unclassified.s__Firmicutes_bacterium_CAG_65_45_313	10.2250796207
GLYCOGENSYNTH-PWY: glycogen biosynthesis I (from ADP-D-Glucose)|g__Bacteroides.s__Bacteroides_xylanisolvens	9.7827650698
GLYCOGENSYNTH-PWY: glycogen biosynthesis I (from ADP-D-Glucose)|g__Eubacterium.s__Eubacterium_ramulus	8.6707888024
GLYCOGENSYNTH-PWY: glycogen biosynthesis I (from ADP-D-Glucose)|g__Clostridium.s__Clostridium_sp_CAG_75	6.4859035354
GLYCOGENSYNTH-PWY: glycogen biosynthesis I (from ADP-D-Glucose)|g__Subdoligranulum.s__Subdoligranulum_sp_APC924_74	5.8508415334
GLYCOGENSYNTH-PWY: glycogen biosynthesis I (from ADP-D-Glucose)|g__Dorea.s__Dorea_formicigenerans	5.1144421828
GLYCOGENSYNTH-PWY: glycogen biosynthesis I (from ADP-D-Glucose)|g__Blautia.s__Blautia_sp_CAG_52	4.8365254701
GLYCOGENSYNTH-PWY: glycogen biosynthesis I (from ADP-D-Glucose)|g__Bacteroides.s__Bacteroides_ovatus	2.2315202232
DTDPRHAMSYN-PWY: dTDP-&beta;-L-rhamnose biosynthesis	1546.3702889249
DTDPRHAMSYN-PWY: dTDP-&beta;-L-rhamnose biosynthesis|unclassified	170.5604498133
DTDPRHAMSYN-PWY: dTDP-&beta;-L-rhamnose biosynthesis|g__Bacteroides.s__Bacteroides_uniformis	162.1844512646
DTDPRHAMSYN-PWY: dTDP-&beta;-L-rhamnose biosynthesis|g__Faecalibacterium.s__Faecalibacterium_prausnitzii	124.5712245477
DTDPRHAMSYN-PWY: dTDP-&beta;-L-rhamnose biosynthesis|g__Roseburia.s__Roseburia_faecis	111.1040612448
DTDPRHAMSYN-PWY: dTDP-&beta;-L-rhamnose biosynthesis|g__Bacteroides.s__Bacteroides_dorei	77.4009534953
DTDPRHAMSYN-PWY: dTDP-&beta;-L-rhamnose biosynthesis|g__Collinsella.s__Collinsella_aerofaciens	71.1393137549
DTDPRHAMSYN-PWY: dTDP-&beta;-L-rhamnose biosynthesis|g__Blautia.s__Ruminococcus_torques	61.0386953055
DTDPRHAMSYN-PWY: dTDP-&beta;-L-rhamnose biosynthesis|g__Bacteroides.s__Bacteroides_thetaiotaomicron	59.8427388845
DTDPRHAMSYN-PWY: dTDP-&beta;-L-rhamnose biosynthesis|g__Blautia.s__Blautia_obeum	58.3582282349
DTDPRHAMSYN-PWY: dTDP-&beta;-L-rhamnose biosynthesis|g__Bacteroides.s__Bacteroides_vulgatus	52.9386763215
DTDPRHAMSYN-PWY: dTDP-&beta;-L-rhamnose biosynthesis|g__Alistipes.s__Alistipes_putredinis	50.1892325003
DTDPRHAMSYN-PWY: dTDP-&beta;-L-rhamnose biosynthesis|g__Blautia.s__Blautia_wexlerae	40.2109848558
DTDPRHAMSYN-PWY: dTDP-&beta;-L-rhamnose biosynthesis|g__Roseburia.s__Roseburia_intestinalis	40.1495816661
DTDPRHAMSYN-PWY: dTDP-&beta;-L-rhamnose biosynthesis|g__Fusicatenibacter.s__Fusicatenibacter_saccharivorans	38.2667022273
DTDPRHAMSYN-PWY: dTDP-&beta;-L-rhamnose biosynthesis|g__Lachnospira.s__Lachnospira_pectinoschiza	37.5560867919
DTDPRHAMSYN-PWY: dTDP-&beta;-L-rhamnose biosynthesis|g__Parabacteroides.s__Parabacteroides_distasonis	36.0490170136
DTDPRHAMSYN-PWY: dTDP-&beta;-L-rhamnose biosynthesis|g__Paraprevotella.s__Paraprevotella_clara	34.0735772929
DTDPRHAMSYN-PWY: dTDP-&beta;-L-rhamnose biosynthesis|g__Lachnospiraceae_unclassified.s__Eubacterium_rectale	32.6560677675
DTDPRHAMSYN-PWY: dTDP-&beta;-L-rhamnose biosynthesis|g__Eubacterium.s__Eubacterium_eligens	31.8194109581
DTDPRHAMSYN-PWY: dTDP-&beta;-L-rhamnose biosynthesis|g__Bacteroides.s__Bacteroides_sp_CAG_875	27.9350287910
DTDPRHAMSYN-PWY: dTDP-&beta;-L-rhamnose biosynthesis|g__Ruminococcus.s__Ruminococcus_bromii	24.5569973490
DTDPRHAMSYN-PWY: dTDP-&beta;-L-rhamnose biosynthesis|g__Bacteroides.s__Bacteroides_ovatus	19.4380135360
DTDPRHAMSYN-PWY: dTDP-&beta;-L-rhamnose biosynthesis|g__Gemmiger.s__Gemmiger_formicilis	18.5113767836
DTDPRHAMSYN-PWY: dTDP-&beta;-L-rhamnose biosynthesis|g__Parabacteroides.s__Parabacteroides_merdae	18.1218999871
DTDPRHAMSYN-PWY: dTDP-&beta;-L-rhamnose biosynthesis|g__Anaerostipes.s__Anaerostipes_hadrus	18.0510284847
DTDPRHAMSYN-PWY: dTDP-&beta;-L-rhamnose biosynthesis|g__Bacteroides.s__Bacteroides_salyersiae	17.4410459590
DTDPRHAMSYN-PWY: dTDP-&beta;-L-rhamnose biosynthesis|g__Candidatus_Gastranaerophilales_unclassified.s__Candidatus_Gastranaerophilales_bacterium_HUM_10	15.6382426115
DTDPRHAMSYN-PWY: dTDP-&beta;-L-rhamnose biosynthesis|g__Bacteroides.s__Bacteroides_xylanisolvens	12.7101452480
DTDPRHAMSYN-PWY: dTDP-&beta;-L-rhamnose biosynthesis|g__Dorea.s__Dorea_longicatena	10.0681883925
DTDPRHAMSYN-PWY: dTDP-&beta;-L-rhamnose biosynthesis|g__Firmicutes_unclassified.s__Firmicutes_bacterium_CAG_56	8.4531665754
DTDPRHAMSYN-PWY: dTDP-&beta;-L-rhamnose biosynthesis|g__Eubacterium.s__Eubacterium_hallii	7.9731918735
DTDPRHAMSYN-PWY: dTDP-&beta;-L-rhamnose biosynthesis|g__Firmicutes_unclassified.s__Firmicutes_bacterium_CAG_65_45_313	7.9282680510
DTDPRHAMSYN-PWY: dTDP-&beta;-L-rhamnose biosynthesis|g__Bilophila.s__Bilophila_wadsworthia	7.3394495413
DTDPRHAMSYN-PWY: dTDP-&beta;-L-rhamnose biosynthesis|g__Blautia.s__Blautia_sp_CAG_52	7.0521861777
DTDPRHAMSYN-PWY: dTDP-&beta;-L-rhamnose biosynthesis|g__Dorea.s__Dorea_formicigenerans	4.0404040404
DTDPRHAMSYN-PWY: dTDP-&beta;-L-rhamnose biosynthesis|g__Blautia.s__Blautia_sp_AF19_10LB	1.6187778227
DTDPRHAMSYN-PWY: dTDP-&beta;-L-rhamnose biosynthesis|g__Lachnoclostridium.s__Clostridium_scindens	1.3201320132
VALSYN-PWY: L-valine biosynthesis	1470.5991379763
VALSYN-PWY: L-valine biosynthesis|unclassified	127.1022882925
VALSYN-PWY: L-valine biosynthesis|g__Bacteroides.s__Bacteroides_uniformis	112.1043072073
VALSYN-PWY: L-valine biosynthesis|g__Blautia.s__Ruminococcus_torques	93.8280977780
VALSYN-PWY: L-valine biosynthesis|g__Blautia.s__Blautia_obeum	86.2400548502
VALSYN-PWY: L-valine biosynthesis|g__Roseburia.s__Roseburia_faecis	86.0991028579
VALSYN-PWY: L-valine biosynthesis|g__Faecalibacterium.s__Faecalibacterium_prausnitzii	78.7343371859
VALSYN-PWY: L-valine biosynthesis|g__Bacteroides.s__Bacteroides_dorei	71.4241495676
VALSYN-PWY: L-valine biosynthesis|g__Blautia.s__Blautia_wexlerae	62.9120441629
VALSYN-PWY: L-valine biosynthesis|g__Lachnospiraceae_unclassified.s__Eubacterium_rectale	42.0311404825
VALSYN-PWY: L-valine biosynthesis|g__Ruminococcus.s__Ruminococcus_bromii	37.6456860224
VALSYN-PWY: L-valine biosynthesis|g__Eubacterium.s__Eubacterium_sp_CAG_180	35.8959970445
VALSYN-PWY: L-valine biosynthesis|g__Bacteroides.s__Bacteroides_vulgatus	34.9730212632
VALSYN-PWY: L-valine biosynthesis|g__Paraprevotella.s__Paraprevotella_clara	33.3628351293
VALSYN-PWY: L-valine biosynthesis|g__Fusicatenibacter.s__Fusicatenibacter_saccharivorans	31.3855189492
VALSYN-PWY: L-valine biosynthesis|g__Bacteroides.s__Bacteroides_sp_CAG_875	30.8635321806
VALSYN-PWY: L-valine biosynthesis|g__Eubacterium.s__Eubacterium_eligens	30.3059355768
VALSYN-PWY: L-valine biosynthesis|g__Roseburia.s__Roseburia_intestinalis	26.1212738299
VALSYN-PWY: L-valine biosynthesis|g__Gemmiger.s__Gemmiger_formicilis	24.6294093540
VALSYN-PWY: L-valine biosynthesis|g__Parabacteroides.s__Parabacteroides_merdae	22.3673860898
VALSYN-PWY: L-valine biosynthesis|g__Anaerostipes.s__Anaerostipes_hadrus	19.5712098019
VALSYN-PWY: L-valine biosynthesis|g__Bacteroides.s__Bacteroides_thetaiotaomicron	17.9614275582
VALSYN-PWY: L-valine biosynthesis|g__Parabacteroides.s__Parabacteroides_distasonis	17.6045719875
VALSYN-PWY: L-valine biosynthesis|g__Clostridium.s__Clostridium_sp_AM22_11AC	16.9343712491
VALSYN-PWY: L-valine biosynthesis|g__Bacteroides.s__Bacteroides_xylanisolvens	15.9040124514
VALSYN-PWY: L-valine biosynthesis|g__Bacteroides.s__Bacteroides_salyersiae	15.0323657794
VALSYN-PWY: L-valine biosynthesis|g__Bilophila.s__Bilophila_wadsworthia	10.6435715452
VALSYN-PWY: L-valine biosynthesis|g__Eubacterium.s__Eubacterium_hallii	10.6030483764
VALSYN-PWY: L-valine biosynthesis|g__Candidatus_Gastranaerophilales_unclassified.s__Candidatus_Gastranaerophilales_bacterium_HUM_10	8.9509870460
VALSYN-PWY: L-valine biosynthesis|g__Bacteroides.s__Bacteroides_ovatus	8.7408684892
VALSYN-PWY: L-valine biosynthesis|g__Subdoligranulum.s__Subdoligranulum_sp_APC924_74	7.8511891887
VALSYN-PWY: L-valine biosynthesis|g__Blautia.s__Blautia_sp_AF19_10LB	1.8907653302
VALSYN-PWY: L-valine biosynthesis|g__Ruminococcus.s__Ruminococcus_lactaris	1.7115960633
PWY-5941: glycogen degradation II	1429.1718003319
PWY-5941: glycogen degradation II|g__Faecalibacterium.s__Faecalibacterium_prausnitzii	181.0088373944
PWY-5941: glycogen degradation II|g__Roseburia.s__Roseburia_faecis	141.3685853741
PWY-5941: glycogen degradation II|g__Blautia.s__Blautia_obeum	102.4708864759
PWY-5941: glycogen degradation II|g__Blautia.s__Ruminococcus_torques	101.8912315322
PWY-5941: glycogen degradation II|g__Blautia.s__Blautia_wexlerae	92.5062725084
PWY-5941: glycogen degradation II|unclassified	60.1554204919
PWY-5941: glycogen degradation II|g__Collinsella.s__Collinsella_aerofaciens	50.9697607203
PWY-5941: glycogen degradation II|g__Fusicatenibacter.s__Fusicatenibacter_saccharivorans	47.6454620256
PWY-5941: glycogen degradation II|g__Lachnospira.s__Lachnospira_pectinoschiza	43.2334775261
PWY-5941: glycogen degradation II|g__Roseburia.s__Roseburia_intestinalis	33.5992852508
PWY-5941: glycogen degradation II|g__Eubacterium.s__Eubacterium_eligens	28.5500465737
PWY-5941: glycogen degradation II|g__Dorea.s__Dorea_longicatena	24.2847230655
PWY-5941: glycogen degradation II|g__Bacteroides.s__Bacteroides_thetaiotaomicron	22.0341779665
PWY-5941: glycogen degradation II|g__Anaerostipes.s__Anaerostipes_hadrus	17.7427493468
PWY-5941: glycogen degradation II|g__Eubacterium.s__Eubacterium_hallii	14.5845615328
PWY-5941: glycogen degradation II|g__Eubacterium.s__Eubacterium_ramulus	6.3377542030
PWY-5941: glycogen degradation II|g__Bifidobacterium.s__Bifidobacterium_pseudocatenulatum	5.8872431701
PWY-5941: glycogen degradation II|g__Bifidobacterium.s__Bifidobacterium_catenulatum	0.8465608466
PWY-5686: UMP biosynthesis I	1422.2849855350
PWY-5686: UMP biosynthesis I|g__Faecalibacterium.s__Faecalibacterium_prausnitzii	102.6989077373
PWY-5686: UMP biosynthesis I|g__Bacteroides.s__Bacteroides_uniformis	93.8567130261
PWY-5686: UMP biosynthesis I|g__Roseburia.s__Roseburia_faecis	77.4829615114
PWY-5686: UMP biosynthesis I|unclassified	76.8266313670
PWY-5686: UMP biosynthesis I|g__Blautia.s__Blautia_wexlerae	76.3445536487
PWY-5686: UMP biosynthesis I|g__Blautia.s__Ruminococcus_torques	68.7029078125
PWY-5686: UMP biosynthesis I|g__Bacteroides.s__Bacteroides_dorei	68.3390120690
PWY-5686: UMP biosynthesis I|g__Alistipes.s__Alistipes_putredinis	58.7892390715
PWY-5686: UMP biosynthesis I|g__Lachnospira.s__Lachnospira_pectinoschiza	45.9212462831
PWY-5686: UMP biosynthesis I|g__Lachnospiraceae_unclassified.s__Eubacterium_rectale	43.8340191356
PWY-5686: UMP biosynthesis I|g__Bacteroides.s__Bacteroides_vulgatus	38.5427939318
PWY-5686: UMP biosynthesis I|g__Paraprevotella.s__Paraprevotella_clara	36.6907117057
PWY-5686: UMP biosynthesis I|g__Eubacterium.s__Eubacterium_sp_CAG_180	33.2966549992
PWY-5686: UMP biosynthesis I|g__Collinsella.s__Collinsella_aerofaciens	32.9373189009
PWY-5686: UMP biosynthesis I|g__Eubacterium.s__Eubacterium_eligens	32.1688216418
PWY-5686: UMP biosynthesis I|g__Bacteroides.s__Bacteroides_sp_CAG_875	29.2927057947
PWY-5686: UMP biosynthesis I|g__Fusicatenibacter.s__Fusicatenibacter_saccharivorans	28.9546315028
PWY-5686: UMP biosynthesis I|g__Anaerostipes.s__Anaerostipes_hadrus	22.5612956526
PWY-5686: UMP biosynthesis I|g__Bacteroides.s__Bacteroides_thetaiotaomicron	18.4538535206
PWY-5686: UMP biosynthesis I|g__Roseburia.s__Roseburia_intestinalis	17.9093274703
PWY-5686: UMP biosynthesis I|g__Parabacteroides.s__Parabacteroides_merdae	17.1330953553
PWY-5686: UMP biosynthesis I|g__Clostridium.s__Clostridium_sp_AM22_11AC	17.0118620628
PWY-5686: UMP biosynthesis I|g__Parabacteroides.s__Parabacteroides_distasonis	16.4771546774
PWY-5686: UMP biosynthesis I|g__Gemmiger.s__Gemmiger_formicilis	15.7008171263
PWY-5686: UMP biosynthesis I|g__Bacteroides.s__Bacteroides_salyersiae	15.0151339580
PWY-5686: UMP biosynthesis I|g__Firmicutes_unclassified.s__Firmicutes_bacterium_CAG_65_45_313	12.1214259111
PWY-5686: UMP biosynthesis I|g__Blautia.s__Blautia_obeum	8.7593362639
PWY-5686: UMP biosynthesis I|g__Blautia.s__Blautia_sp_CAG_52	3.7569771581
PWY-5686: UMP biosynthesis I|g__Bacteroides.s__Bacteroides_xylanisolvens	3.6801559792
PWY-5686: UMP biosynthesis I|g__Alistipes.s__Alistipes_finegoldii	3.0842844499
PWY-5686: UMP biosynthesis I|g__Dorea.s__Dorea_longicatena	2.9008981460
PWY-7790: UMP biosynthesis II	1422.2849855350
PWY-7790: UMP biosynthesis II|g__Faecalibacterium.s__Faecalibacterium_prausnitzii	102.6989077373
PWY-7790: UMP biosynthesis II|g__Bacteroides.s__Bacteroides_uniformis	93.8567130261
PWY-7790: UMP biosynthesis II|g__Roseburia.s__Roseburia_faecis	77.4829615114
PWY-7790: UMP biosynthesis II|unclassified	76.8266313670
PWY-7790: UMP biosynthesis II|g__Blautia.s__Blautia_wexlerae	76.3445536487
PWY-7790: UMP biosynthesis II|g__Blautia.s__Ruminococcus_torques	68.7029078125
PWY-7790: UMP biosynthesis II|g__Bacteroides.s__Bacteroides_dorei	68.3390120690
PWY-7790: UMP biosynthesis II|g__Alistipes.s__Alistipes_putredinis	49.4784020140
PWY-7790: UMP biosynthesis II|g__Lachnospira.s__Lachnospira_pectinoschiza	45.9212462831
PWY-7790: UMP biosynthesis II|g__Lachnospiraceae_unclassified.s__Eubacterium_rectale	43.8340191356
PWY-7790: UMP biosynthesis II|g__Bacteroides.s__Bacteroides_vulgatus	38.5427939318
PWY-7790: UMP biosynthesis II|g__Paraprevotella.s__Paraprevotella_clara	36.6907117057
PWY-7790: UMP biosynthesis II|g__Eubacterium.s__Eubacterium_sp_CAG_180	33.2966549992
PWY-7790: UMP biosynthesis II|g__Collinsella.s__Collinsella_aerofaciens	32.9373189009
PWY-7790: UMP biosynthesis II|g__Eubacterium.s__Eubacterium_eligens	32.1688216418
PWY-7790: UMP biosynthesis II|g__Fusicatenibacter.s__Fusicatenibacter_saccharivorans	28.9546315028
PWY-7790: UMP biosynthesis II|g__Anaerostipes.s__Anaerostipes_hadrus	22.5612956526
PWY-7790: UMP biosynthesis II|g__Parabacteroides.s__Parabacteroides_distasonis	21.2812541882
PWY-7790: UMP biosynthesis II|g__Bacteroides.s__Bacteroides_thetaiotaomicron	19.4004167373
PWY-7790: UMP biosynthesis II|g__Roseburia.s__Roseburia_intestinalis	17.9093274703
PWY-7790: UMP biosynthesis II|g__Parabacteroides.s__Parabacteroides_merdae	17.1330953553
PWY-7790: UMP biosynthesis II|g__Clostridium.s__Clostridium_sp_AM22_11AC	17.0118620628
PWY-7790: UMP biosynthesis II|g__Gemmiger.s__Gemmiger_formicilis	15.7008171263
PWY-7790: UMP biosynthesis II|g__Bacteroides.s__Bacteroides_salyersiae	15.0151339580
PWY-7790: UMP biosynthesis II|g__Firmicutes_unclassified.s__Firmicutes_bacterium_CAG_65_45_313	12.1214259111
PWY-7790: UMP biosynthesis II|g__Bacteroides.s__Bacteroides_xylanisolvens	9.8108841145
PWY-7790: UMP biosynthesis II|g__Blautia.s__Blautia_obeum	8.7593362639
PWY-7790: UMP biosynthesis II|g__Blautia.s__Blautia_sp_CAG_52	3.7569771581
PWY-7790: UMP biosynthesis II|g__Dorea.s__Dorea_longicatena	2.9008981460
PWY-7791: UMP biosynthesis III	1422.2849855350
PWY-7791: UMP biosynthesis III|g__Faecalibacterium.s__Faecalibacterium_prausnitzii	102.6989077373
PWY-7791: UMP biosynthesis III|g__Bacteroides.s__Bacteroides_uniformis	93.8567130261
PWY-7791: UMP biosynthesis III|g__Roseburia.s__Roseburia_faecis	77.4829615114
PWY-7791: UMP biosynthesis III|unclassified	76.8266313670
PWY-7791: UMP biosynthesis III|g__Blautia.s__Blautia_wexlerae	76.3445536487
PWY-7791: UMP biosynthesis III|g__Blautia.s__Ruminococcus_torques	68.7029078125
PWY-7791: UMP biosynthesis III|g__Bacteroides.s__Bacteroides_dorei	68.3390120690
PWY-7791: UMP biosynthesis III|g__Bacteroides.s__Bacteroides_vulgatus	55.6713391730
PWY-7791: UMP biosynthesis III|g__Alistipes.s__Alistipes_putredinis	49.4784020140
PWY-7791: UMP biosynthesis III|g__Lachnospira.s__Lachnospira_pectinoschiza	45.9212462831
PWY-7791: UMP biosynthesis III|g__Lachnospiraceae_unclassified.s__Eubacterium_rectale	43.8340191356
PWY-7791: UMP biosynthesis III|g__Paraprevotella.s__Paraprevotella_clara	36.6907117057
PWY-7791: UMP biosynthesis III|g__Eubacterium.s__Eubacterium_sp_CAG_180	33.2966549992
PWY-7791: UMP biosynthesis III|g__Collinsella.s__Collinsella_aerofaciens	32.9373189009
PWY-7791: UMP biosynthesis III|g__Eubacterium.s__Eubacterium_eligens	32.1688216418
PWY-7791: UMP biosynthesis III|g__Fusicatenibacter.s__Fusicatenibacter_saccharivorans	28.9546315028
PWY-7791: UMP biosynthesis III|g__Anaerostipes.s__Anaerostipes_hadrus	22.5612956526
PWY-7791: UMP biosynthesis III|g__Parabacteroides.s__Parabacteroides_merdae	19.4134044839
PWY-7791: UMP biosynthesis III|g__Parabacteroides.s__Parabacteroides_distasonis	18.5562874428
PWY-7791: UMP biosynthesis III|g__Bacteroides.s__Bacteroides_thetaiotaomicron	18.2275689958
PWY-7791: UMP biosynthesis III|g__Roseburia.s__Roseburia_intestinalis	17.9093274703
PWY-7791: UMP biosynthesis III|g__Clostridium.s__Clostridium_sp_AM22_11AC	17.0118620628
PWY-7791: UMP biosynthesis III|g__Gemmiger.s__Gemmiger_formicilis	15.7008171263
PWY-7791: UMP biosynthesis III|g__Bacteroides.s__Bacteroides_salyersiae	15.0151339580
PWY-7791: UMP biosynthesis III|g__Firmicutes_unclassified.s__Firmicutes_bacterium_CAG_65_45_313	12.1214259111
PWY-7791: UMP biosynthesis III|g__Blautia.s__Blautia_obeum	8.7593362639
PWY-7791: UMP biosynthesis III|g__Bacteroides.s__Bacteroides_xylanisolvens	5.7561373363
PWY-7791: UMP biosynthesis III|g__Blautia.s__Blautia_sp_CAG_52	3.7569771581
PWY-7791: UMP biosynthesis III|g__Dorea.s__Dorea_longicatena	2.9008981460
PWY-6163: chorismate biosynthesis from 3-dehydroquinate	1415.4042673907
PWY-6163: chorismate biosynthesis from 3-dehydroquinate|g__Faecalibacterium.s__Faecalibacterium_prausnitzii	181.2456789676
PWY-6163: chorismate biosynthesis from 3-dehydroquinate|g__Blautia.s__Ruminococcus_torques	100.0603630100
PWY-6163: chorismate biosynthesis from 3-dehydroquinate|g__Roseburia.s__Roseburia_faecis	94.1254046379
PWY-6163: chorismate biosynthesis from 3-dehydroquinate|g__Bacteroides.s__Bacteroides_uniformis	89.2397183358
PWY-6163: chorismate biosynthesis from 3-dehydroquinate|unclassified	81.7394276514
PWY-6163: chorismate biosynthesis from 3-dehydroquinate|g__Blautia.s__Blautia_obeum	69.2817903103
PWY-6163: chorismate biosynthesis from 3-dehydroquinate|g__Blautia.s__Blautia_wexlerae	64.2241739599
PWY-6163: chorismate biosynthesis from 3-dehydroquinate|g__Bacteroides.s__Bacteroides_dorei	60.5342685260
PWY-6163: chorismate biosynthesis from 3-dehydroquinate|g__Lachnospiraceae_unclassified.s__Eubacterium_rectale	46.9549765299
PWY-6163: chorismate biosynthesis from 3-dehydroquinate|g__Bacteroides.s__Bacteroides_vulgatus	42.1424266670
PWY-6163: chorismate biosynthesis from 3-dehydroquinate|g__Lachnospira.s__Lachnospira_pectinoschiza	40.1935604305
PWY-6163: chorismate biosynthesis from 3-dehydroquinate|g__Fusicatenibacter.s__Fusicatenibacter_saccharivorans	39.1568408095
PWY-6163: chorismate biosynthesis from 3-dehydroquinate|g__Eubacterium.s__Eubacterium_sp_CAG_180	37.1048016490
PWY-6163: chorismate biosynthesis from 3-dehydroquinate|g__Paraprevotella.s__Paraprevotella_clara	36.2110659197
PWY-6163: chorismate biosynthesis from 3-dehydroquinate|g__Ruminococcus.s__Ruminococcus_bromii	35.9507299917
PWY-6163: chorismate biosynthesis from 3-dehydroquinate|g__Anaerostipes.s__Anaerostipes_hadrus	29.0465591426
PWY-6163: chorismate biosynthesis from 3-dehydroquinate|g__Eubacterium.s__Eubacterium_eligens	23.4282566245
PWY-6163: chorismate biosynthesis from 3-dehydroquinate|g__Parabacteroides.s__Parabacteroides_merdae	20.4278710444
PWY-6163: chorismate biosynthesis from 3-dehydroquinate|g__Clostridium.s__Clostridium_sp_AM22_11AC	20.3904031446
PWY-6163: chorismate biosynthesis from 3-dehydroquinate|g__Roseburia.s__Roseburia_intestinalis	17.3902084751
PWY-6163: chorismate biosynthesis from 3-dehydroquinate|g__Bacteroides.s__Bacteroides_salyersiae	17.1502072317
PWY-6163: chorismate biosynthesis from 3-dehydroquinate|g__Parabacteroides.s__Parabacteroides_distasonis	16.2121720182
PWY-6163: chorismate biosynthesis from 3-dehydroquinate|g__Bacteroides.s__Bacteroides_thetaiotaomicron	16.0903353800
PWY-6163: chorismate biosynthesis from 3-dehydroquinate|g__Eubacterium.s__Eubacterium_hallii	14.9122407498
PWY-6163: chorismate biosynthesis from 3-dehydroquinate|g__Lawsonibacter.s__Lawsonibacter_asaccharolyticus	14.1931705131
PWY-6163: chorismate biosynthesis from 3-dehydroquinate|g__Bacteroides.s__Bacteroides_xylanisolvens	11.6265550517
PWY-6163: chorismate biosynthesis from 3-dehydroquinate|g__Subdoligranulum.s__Subdoligranulum_sp_APC924_74	8.1947652560
PWY-6163: chorismate biosynthesis from 3-dehydroquinate|g__Bacteroides.s__Bacteroides_ovatus	3.9290355729
PWY-6163: chorismate biosynthesis from 3-dehydroquinate|g__Blautia.s__Blautia_sp_CAG_52	2.6431871456
PWY-6609: adenine and adenosine salvage III	1407.5015805173
PWY-6609: adenine and adenosine salvage III|unclassified	123.1271159700
PWY-6609: adenine and adenosine salvage III|g__Bacteroides.s__Bacteroides_uniformis	103.6362239480
PWY-6609: adenine and adenosine salvage III|g__Faecalibacterium.s__Faecalibacterium_prausnitzii	91.9986645220
PWY-6609: adenine and adenosine salvage III|g__Blautia.s__Ruminococcus_torques	86.1749679530
PWY-6609: adenine and adenosine salvage III|g__Roseburia.s__Roseburia_faecis	83.5468258099
PWY-6609: adenine and adenosine salvage III|g__Bacteroides.s__Bacteroides_dorei	61.4621110899
PWY-6609: adenine and adenosine salvage III|g__Fusicatenibacter.s__Fusicatenibacter_saccharivorans	56.6822108954
PWY-6609: adenine and adenosine salvage III|g__Blautia.s__Blautia_wexlerae	55.7966746255
PWY-6609: adenine and adenosine salvage III|g__Lachnospiraceae_unclassified.s__Eubacterium_rectale	50.3987706969
PWY-6609: adenine and adenosine salvage III|g__Alistipes.s__Alistipes_putredinis	44.3895912631
PWY-6609: adenine and adenosine salvage III|g__Lachnospira.s__Lachnospira_pectinoschiza	43.1540536253
PWY-6609: adenine and adenosine salvage III|g__Eubacterium.s__Eubacterium_sp_CAG_180	39.7312299153
PWY-6609: adenine and adenosine salvage III|g__Bacteroides.s__Bacteroides_vulgatus	39.0742410580
PWY-6609: adenine and adenosine salvage III|g__Bacteroides.s__Bacteroides_sp_CAG_875	37.0076658736
PWY-6609: adenine and adenosine salvage III|g__Anaerostipes.s__Anaerostipes_hadrus	35.2618280345
PWY-6609: adenine and adenosine salvage III|g__Parabacteroides.s__Parabacteroides_merdae	23.4666666667
PWY-6609: adenine and adenosine salvage III|g__Eubacterium.s__Eubacterium_eligens	21.2758608780
PWY-6609: adenine and adenosine salvage III|g__Bacteroides.s__Bacteroides_thetaiotaomicron	19.9319630109
PWY-6609: adenine and adenosine salvage III|g__Roseburia.s__Roseburia_intestinalis	18.6110294838
PWY-6609: adenine and adenosine salvage III|g__Gemmiger.s__Gemmiger_formicilis	17.2074729597
PWY-6609: adenine and adenosine salvage III|g__Bacteroides.s__Bacteroides_salyersiae	13.2158590308
PWY-6609: adenine and adenosine salvage III|g__Oscillibacter.s__Oscillibacter_sp_57_20	12.1366536455
PWY-6609: adenine and adenosine salvage III|g__Candidatus_Gastranaerophilales_unclassified.s__Candidatus_Gastranaerophilales_bacterium_HUM_10	11.3960113960
PWY-6609: adenine and adenosine salvage III|g__Eubacterium.s__Eubacterium_ramulus	11.3282356273
PWY-6609: adenine and adenosine salvage III|g__Parabacteroides.s__Parabacteroides_distasonis	10.3259115844
PWY-6609: adenine and adenosine salvage III|g__Bacteroides.s__Bacteroides_ovatus	10.2564102564
PWY-6609: adenine and adenosine salvage III|g__Firmicutes_unclassified.s__Firmicutes_bacterium_CAG_114	10.1339124140
PWY-6609: adenine and adenosine salvage III|g__Firmicutes_unclassified.s__Firmicutes_bacterium_CAG_56	9.2721372276
PWY-6609: adenine and adenosine salvage III|g__Dorea.s__Dorea_formicigenerans	6.4040986231
PWY-6609: adenine and adenosine salvage III|g__Subdoligranulum.s__Subdoligranulum_sp_APC924_74	5.8866813834
PWY-6609: adenine and adenosine salvage III|g__Blautia.s__Blautia_obeum	5.1305350490
COMPLETE-ARO-PWY: superpathway of aromatic amino acid biosynthesis	1402.8296557889
COMPLETE-ARO-PWY: superpathway of aromatic amino acid biosynthesis|g__Blautia.s__Ruminococcus_torques	99.3941869499
COMPLETE-ARO-PWY: superpathway of aromatic amino acid biosynthesis|g__Roseburia.s__Roseburia_faecis	94.6343246727
COMPLETE-ARO-PWY: superpathway of aromatic amino acid biosynthesis|unclassified	89.9925244569
COMPLETE-ARO-PWY: superpathway of aromatic amino acid biosynthesis|g__Blautia.s__Blautia_obeum	65.3286864694
COMPLETE-ARO-PWY: superpathway of aromatic amino acid biosynthesis|g__Blautia.s__Blautia_wexlerae	41.3167180370
COMPLETE-ARO-PWY: superpathway of aromatic amino acid biosynthesis|g__Lachnospira.s__Lachnospira_pectinoschiza	38.0239314156
COMPLETE-ARO-PWY: superpathway of aromatic amino acid biosynthesis|g__Fusicatenibacter.s__Fusicatenibacter_saccharivorans	31.1255617231
COMPLETE-ARO-PWY: superpathway of aromatic amino acid biosynthesis|g__Eubacterium.s__Eubacterium_eligens	23.3721414204
COMPLETE-ARO-PWY: superpathway of aromatic amino acid biosynthesis|g__Anaerostipes.s__Anaerostipes_hadrus	22.4342825787
COMPLETE-ARO-PWY: superpathway of aromatic amino acid biosynthesis|g__Roseburia.s__Roseburia_intestinalis	18.0145762394
COMPLETE-ARO-PWY: superpathway of aromatic amino acid biosynthesis|g__Parabacteroides.s__Parabacteroides_distasonis	16.4370139240
COMPLETE-ARO-PWY: superpathway of aromatic amino acid biosynthesis|g__Eubacterium.s__Eubacterium_hallii	14.6138845657
PWY66-429: fatty acid biosynthesis initiation (mitochondria)	1373.2174736230
PWY66-429: fatty acid biosynthesis initiation (mitochondria)|unclassified	115.8424200404
PWY66-429: fatty acid biosynthesis initiation (mitochondria)|g__Bacteroides.s__Bacteroides_uniformis	108.2682750941
PWY66-429: fatty acid biosynthesis initiation (mitochondria)|g__Bacteroides.s__Bacteroides_dorei	94.1051259241
PWY66-429: fatty acid biosynthesis initiation (mitochondria)|g__Blautia.s__Ruminococcus_torques	89.8721056994
PWY66-429: fatty acid biosynthesis initiation (mitochondria)|g__Blautia.s__Blautia_obeum	64.1523612479
PWY66-429: fatty acid biosynthesis initiation (mitochondria)|g__Bacteroides.s__Bacteroides_vulgatus	52.2512634478
PWY66-429: fatty acid biosynthesis initiation (mitochondria)|g__Lachnospira.s__Lachnospira_pectinoschiza	44.0199363606
PWY66-429: fatty acid biosynthesis initiation (mitochondria)|g__Blautia.s__Blautia_wexlerae	35.3040348519
PWY66-429: fatty acid biosynthesis initiation (mitochondria)|g__Paraprevotella.s__Paraprevotella_clara	34.8027567754
PWY66-429: fatty acid biosynthesis initiation (mitochondria)|g__Fusicatenibacter.s__Fusicatenibacter_saccharivorans	34.1364560453
PWY66-429: fatty acid biosynthesis initiation (mitochondria)|g__Anaerostipes.s__Anaerostipes_hadrus	25.4124955411
PWY66-429: fatty acid biosynthesis initiation (mitochondria)|g__Clostridium.s__Clostridium_sp_AM22_11AC	18.4276866327
PWY66-429: fatty acid biosynthesis initiation (mitochondria)|g__Eubacterium.s__Eubacterium_eligens	16.9921745101
PWY66-429: fatty acid biosynthesis initiation (mitochondria)|g__Bacteroides.s__Bacteroides_thetaiotaomicron	16.3640889352
PWY66-429: fatty acid biosynthesis initiation (mitochondria)|g__Parabacteroides.s__Parabacteroides_merdae	15.0759795104
PWY66-429: fatty acid biosynthesis initiation (mitochondria)|g__Bacteroides.s__Bacteroides_xylanisolvens	13.8317642287
PWY66-429: fatty acid biosynthesis initiation (mitochondria)|g__Parabacteroides.s__Parabacteroides_distasonis	13.3913333284
PWY66-429: fatty acid biosynthesis initiation (mitochondria)|g__Proteobacteria_unclassified.s__Proteobacteria_bacterium_CAG_139	9.8294031473
PWY66-429: fatty acid biosynthesis initiation (mitochondria)|g__Candidatus_Gastranaerophilales_unclassified.s__Candidatus_Gastranaerophilales_bacterium_HUM_10	8.9082340878
PWY66-429: fatty acid biosynthesis initiation (mitochondria)|g__Bacteroides.s__Bacteroides_salyersiae	8.6414686283
PWY66-429: fatty acid biosynthesis initiation (mitochondria)|g__Blautia.s__Blautia_sp_CAG_52	6.1169274203
PWY66-429: fatty acid biosynthesis initiation (mitochondria)|g__Bacteroides.s__Bacteroides_ovatus	2.8235181397
PWY-7221: guanosine ribonucleotides de novo biosynthesis	1373.1036717275
PWY-7221: guanosine ribonucleotides de novo biosynthesis|g__Blautia.s__Blautia_wexlerae	115.8739074306
PWY-7221: guanosine ribonucleotides de novo biosynthesis|g__Blautia.s__Ruminococcus_torques	100.6421654036
PWY-7221: guanosine ribonucleotides de novo biosynthesis|g__Faecalibacterium.s__Faecalibacterium_prausnitzii	94.3017723030
PWY-7221: guanosine ribonucleotides de novo biosynthesis|g__Bacteroides.s__Bacteroides_uniformis	91.3340539886
PWY-7221: guanosine ribonucleotides de novo biosynthesis|g__Roseburia.s__Roseburia_faecis	91.0855907559
PWY-7221: guanosine ribonucleotides de novo biosynthesis|g__Bacteroides.s__Bacteroides_dorei	70.8503810388
PWY-7221: guanosine ribonucleotides de novo biosynthesis|g__Bacteroides.s__Bacteroides_vulgatus	58.2336579968
PWY-7221: guanosine ribonucleotides de novo biosynthesis|unclassified	54.4637180072
PWY-7221: guanosine ribonucleotides de novo biosynthesis|g__Eubacterium.s__Eubacterium_sp_CAG_180	41.3455903176
PWY-7221: guanosine ribonucleotides de novo biosynthesis|g__Alistipes.s__Alistipes_putredinis	38.4654934769
PWY-7221: guanosine ribonucleotides de novo biosynthesis|g__Paraprevotella.s__Paraprevotella_clara	33.8144452326
PWY-7221: guanosine ribonucleotides de novo biosynthesis|g__Collinsella.s__Collinsella_aerofaciens	33.1426415696
PWY-7221: guanosine ribonucleotides de novo biosynthesis|g__Bacteroides.s__Bacteroides_sp_CAG_875	29.5164488298
PWY-7221: guanosine ribonucleotides de novo biosynthesis|g__Ruminococcus.s__Ruminococcus_bromii	29.5040410311
PWY-7221: guanosine ribonucleotides de novo biosynthesis|g__Parabacteroides.s__Parabacteroides_distasonis	28.7669299593
PWY-7221: guanosine ribonucleotides de novo biosynthesis|g__Fusicatenibacter.s__Fusicatenibacter_saccharivorans	26.8383468856
PWY-7221: guanosine ribonucleotides de novo biosynthesis|g__Eubacterium.s__Eubacterium_eligens	22.3798961627
PWY-7221: guanosine ribonucleotides de novo biosynthesis|g__Anaerostipes.s__Anaerostipes_hadrus	21.2380488399
PWY-7221: guanosine ribonucleotides de novo biosynthesis|g__Roseburia.s__Roseburia_intestinalis	20.0711825908
PWY-7221: guanosine ribonucleotides de novo biosynthesis|g__Bacteroides.s__Bacteroides_thetaiotaomicron	18.7775246344
PWY-7221: guanosine ribonucleotides de novo biosynthesis|g__Bacteroides.s__Bacteroides_salyersiae	17.6533383266
PWY-7221: guanosine ribonucleotides de novo biosynthesis|g__Clostridium.s__Clostridium_sp_AM22_11AC	16.0165817191
PWY-7221: guanosine ribonucleotides de novo biosynthesis|g__Bacteroides.s__Bacteroides_xylanisolvens	14.8453301468
PWY-7221: guanosine ribonucleotides de novo biosynthesis|g__Lachnospira.s__Lachnospira_pectinoschiza	14.4530530891
PWY-7221: guanosine ribonucleotides de novo biosynthesis|g__Proteobacteria_unclassified.s__Proteobacteria_bacterium_CAG_139	8.8765603329
PWY-7221: guanosine ribonucleotides de novo biosynthesis|g__Blautia.s__Blautia_obeum	7.6093345507
PWY-7221: guanosine ribonucleotides de novo biosynthesis|g__Bilophila.s__Bilophila_wadsworthia	7.1856287425
PWY-7221: guanosine ribonucleotides de novo biosynthesis|g__Lachnospiraceae_unclassified.s__Eubacterium_rectale	6.6467955176
PWY-7221: guanosine ribonucleotides de novo biosynthesis|g__Dorea.s__Dorea_longicatena	6.4560985300
PWY-6386: UDP-N-acetylmuramoyl-pentapeptide biosynthesis II (lysine-containing)	1369.7590533772
PWY-6386: UDP-N-acetylmuramoyl-pentapeptide biosynthesis II (lysine-containing)|g__Bacteroides.s__Bacteroides_uniformis	108.5048407636
PWY-6386: UDP-N-acetylmuramoyl-pentapeptide biosynthesis II (lysine-containing)|g__Faecalibacterium.s__Faecalibacterium_prausnitzii	98.1501713689
PWY-6386: UDP-N-acetylmuramoyl-pentapeptide biosynthesis II (lysine-containing)|unclassified	97.4344067456
PWY-6386: UDP-N-acetylmuramoyl-pentapeptide biosynthesis II (lysine-containing)|g__Blautia.s__Ruminococcus_torques	91.1372227540
PWY-6386: UDP-N-acetylmuramoyl-pentapeptide biosynthesis II (lysine-containing)|g__Roseburia.s__Roseburia_faecis	80.2138370882
PWY-6386: UDP-N-acetylmuramoyl-pentapeptide biosynthesis II (lysine-containing)|g__Bacteroides.s__Bacteroides_dorei	66.2833712067
PWY-6386: UDP-N-acetylmuramoyl-pentapeptide biosynthesis II (lysine-containing)|g__Blautia.s__Blautia_wexlerae	65.6429220458
PWY-6386: UDP-N-acetylmuramoyl-pentapeptide biosynthesis II (lysine-containing)|g__Blautia.s__Blautia_obeum	55.4253940177
PWY-6386: UDP-N-acetylmuramoyl-pentapeptide biosynthesis II (lysine-containing)|g__Alistipes.s__Alistipes_putredinis	49.9517114682
PWY-6386: UDP-N-acetylmuramoyl-pentapeptide biosynthesis II (lysine-containing)|g__Bacteroides.s__Bacteroides_vulgatus	45.5190951711
PWY-6386: UDP-N-acetylmuramoyl-pentapeptide biosynthesis II (lysine-containing)|g__Lachnospira.s__Lachnospira_pectinoschiza	41.6580648292
PWY-6386: UDP-N-acetylmuramoyl-pentapeptide biosynthesis II (lysine-containing)|g__Collinsella.s__Collinsella_aerofaciens	39.6369851184
PWY-6386: UDP-N-acetylmuramoyl-pentapeptide biosynthesis II (lysine-containing)|g__Fusicatenibacter.s__Fusicatenibacter_saccharivorans	39.0618063661
PWY-6386: UDP-N-acetylmuramoyl-pentapeptide biosynthesis II (lysine-containing)|g__Paraprevotella.s__Paraprevotella_clara	32.9719339283
PWY-6386: UDP-N-acetylmuramoyl-pentapeptide biosynthesis II (lysine-containing)|g__Bacteroides.s__Bacteroides_sp_CAG_875	26.4543118390
PWY-6386: UDP-N-acetylmuramoyl-pentapeptide biosynthesis II (lysine-containing)|g__Anaerostipes.s__Anaerostipes_hadrus	25.4251717772
PWY-6386: UDP-N-acetylmuramoyl-pentapeptide biosynthesis II (lysine-containing)|g__Eubacterium.s__Eubacterium_eligens	17.6228827071
PWY-6386: UDP-N-acetylmuramoyl-pentapeptide biosynthesis II (lysine-containing)|g__Bacteroides.s__Bacteroides_thetaiotaomicron	16.0203490536
PWY-6386: UDP-N-acetylmuramoyl-pentapeptide biosynthesis II (lysine-containing)|g__Bacteroides.s__Bacteroides_salyersiae	15.7451863901
PWY-6386: UDP-N-acetylmuramoyl-pentapeptide biosynthesis II (lysine-containing)|g__Gemmiger.s__Gemmiger_formicilis	14.5688523011
PWY-6386: UDP-N-acetylmuramoyl-pentapeptide biosynthesis II (lysine-containing)|g__Parabacteroides.s__Parabacteroides_merdae	14.4811075604
PWY-6386: UDP-N-acetylmuramoyl-pentapeptide biosynthesis II (lysine-containing)|g__Proteobacteria_unclassified.s__Proteobacteria_bacterium_CAG_139	11.8801928247
PWY-6386: UDP-N-acetylmuramoyl-pentapeptide biosynthesis II (lysine-containing)|g__Bacteroides.s__Bacteroides_xylanisolvens	11.7066972466
PWY-6386: UDP-N-acetylmuramoyl-pentapeptide biosynthesis II (lysine-containing)|g__Lachnospiraceae_unclassified.s__Eubacterium_rectale	4.5076330330
NONMEVIPP-PWY: methylerythritol phosphate pathway I	1351.6712011303
NONMEVIPP-PWY: methylerythritol phosphate pathway I|g__Bacteroides.s__Bacteroides_uniformis	109.2760921744
NONMEVIPP-PWY: methylerythritol phosphate pathway I|g__Roseburia.s__Roseburia_faecis	90.2596837420
NONMEVIPP-PWY: methylerythritol phosphate pathway I|g__Blautia.s__Ruminococcus_torques	79.4456212154
NONMEVIPP-PWY: methylerythritol phosphate pathway I|unclassified	77.8294843222
NONMEVIPP-PWY: methylerythritol phosphate pathway I|g__Bacteroides.s__Bacteroides_dorei	57.9069142531
NONMEVIPP-PWY: methylerythritol phosphate pathway I|g__Alistipes.s__Alistipes_putredinis	48.6553934203
NONMEVIPP-PWY: methylerythritol phosphate pathway I|g__Bacteroides.s__Bacteroides_vulgatus	47.8704731521
NONMEVIPP-PWY: methylerythritol phosphate pathway I|g__Blautia.s__Blautia_wexlerae	45.0543257600
NONMEVIPP-PWY: methylerythritol phosphate pathway I|g__Paraprevotella.s__Paraprevotella_clara	38.5500723447
NONMEVIPP-PWY: methylerythritol phosphate pathway I|g__Fusicatenibacter.s__Fusicatenibacter_saccharivorans	37.8471751935
NONMEVIPP-PWY: methylerythritol phosphate pathway I|g__Lachnospira.s__Lachnospira_pectinoschiza	36.2481801410
NONMEVIPP-PWY: methylerythritol phosphate pathway I|g__Bacteroides.s__Bacteroides_sp_CAG_875	32.5491209068
NONMEVIPP-PWY: methylerythritol phosphate pathway I|g__Ruminococcus.s__Ruminococcus_bromii	28.6005547941
NONMEVIPP-PWY: methylerythritol phosphate pathway I|g__Collinsella.s__Collinsella_aerofaciens	28.2251449507
NONMEVIPP-PWY: methylerythritol phosphate pathway I|g__Blautia.s__Blautia_obeum	25.8339101634
NONMEVIPP-PWY: methylerythritol phosphate pathway I|g__Eubacterium.s__Eubacterium_sp_CAG_180	25.0823018286
NONMEVIPP-PWY: methylerythritol phosphate pathway I|g__Bacteroides.s__Bacteroides_thetaiotaomicron	22.1098528285
NONMEVIPP-PWY: methylerythritol phosphate pathway I|g__Eubacterium.s__Eubacterium_eligens	19.0854053858
NONMEVIPP-PWY: methylerythritol phosphate pathway I|g__Roseburia.s__Roseburia_intestinalis	18.7546295567
NONMEVIPP-PWY: methylerythritol phosphate pathway I|g__Anaerostipes.s__Anaerostipes_hadrus	17.2633453965
NONMEVIPP-PWY: methylerythritol phosphate pathway I|g__Parabacteroides.s__Parabacteroides_merdae	17.2474277121
NONMEVIPP-PWY: methylerythritol phosphate pathway I|g__Parabacteroides.s__Parabacteroides_distasonis	16.8268258147
NONMEVIPP-PWY: methylerythritol phosphate pathway I|g__Gemmiger.s__Gemmiger_formicilis	16.1190307195
NONMEVIPP-PWY: methylerythritol phosphate pathway I|g__Clostridium.s__Clostridium_sp_AM22_11AC	12.0972992989
NONMEVIPP-PWY: methylerythritol phosphate pathway I|g__Eubacterium.s__Eubacterium_hallii	11.5845766818
NONMEVIPP-PWY: methylerythritol phosphate pathway I|g__Bacteroides.s__Bacteroides_xylanisolvens	10.5103203603
NONMEVIPP-PWY: methylerythritol phosphate pathway I|g__Bacteroides.s__Bacteroides_ovatus	6.4034648139
PWY-6387: UDP-N-acetylmuramoyl-pentapeptide biosynthesis I (meso-diaminopimelate containing)	1348.5402686464
PWY-6387: UDP-N-acetylmuramoyl-pentapeptide biosynthesis I (meso-diaminopimelate containing)|g__Bacteroides.s__Bacteroides_uniformis	113.5707422925
PWY-6387: UDP-N-acetylmuramoyl-pentapeptide biosynthesis I (meso-diaminopimelate containing)|unclassified	97.3296832394
PWY-6387: UDP-N-acetylmuramoyl-pentapeptide biosynthesis I (meso-diaminopimelate containing)|g__Blautia.s__Ruminococcus_torques	91.6065318343
PWY-6387: UDP-N-acetylmuramoyl-pentapeptide biosynthesis I (meso-diaminopimelate containing)|g__Faecalibacterium.s__Faecalibacterium_prausnitzii	85.2170636287
PWY-6387: UDP-N-acetylmuramoyl-pentapeptide biosynthesis I (meso-diaminopimelate containing)|g__Roseburia.s__Roseburia_faecis	82.5768743630
PWY-6387: UDP-N-acetylmuramoyl-pentapeptide biosynthesis I (meso-diaminopimelate containing)|g__Bacteroides.s__Bacteroides_dorei	65.9572391736
PWY-6387: UDP-N-acetylmuramoyl-pentapeptide biosynthesis I (meso-diaminopimelate containing)|g__Blautia.s__Blautia_wexlerae	63.2551750112
PWY-6387: UDP-N-acetylmuramoyl-pentapeptide biosynthesis I (meso-diaminopimelate containing)|g__Blautia.s__Blautia_obeum	60.0809511239
PWY-6387: UDP-N-acetylmuramoyl-pentapeptide biosynthesis I (meso-diaminopimelate containing)|g__Alistipes.s__Alistipes_putredinis	52.3914021761
PWY-6387: UDP-N-acetylmuramoyl-pentapeptide biosynthesis I (meso-diaminopimelate containing)|g__Bacteroides.s__Bacteroides_vulgatus	47.1317630960
PWY-6387: UDP-N-acetylmuramoyl-pentapeptide biosynthesis I (meso-diaminopimelate containing)|g__Lachnospira.s__Lachnospira_pectinoschiza	42.1411615609
PWY-6387: UDP-N-acetylmuramoyl-pentapeptide biosynthesis I (meso-diaminopimelate containing)|g__Fusicatenibacter.s__Fusicatenibacter_saccharivorans	37.1694962499
PWY-6387: UDP-N-acetylmuramoyl-pentapeptide biosynthesis I (meso-diaminopimelate containing)|g__Collinsella.s__Collinsella_aerofaciens	36.8302141320
PWY-6387: UDP-N-acetylmuramoyl-pentapeptide biosynthesis I (meso-diaminopimelate containing)|g__Paraprevotella.s__Paraprevotella_clara	33.9642880718
PWY-6387: UDP-N-acetylmuramoyl-pentapeptide biosynthesis I (meso-diaminopimelate containing)|g__Bacteroides.s__Bacteroides_sp_CAG_875	29.4144376445
PWY-6387: UDP-N-acetylmuramoyl-pentapeptide biosynthesis I (meso-diaminopimelate containing)|g__Anaerostipes.s__Anaerostipes_hadrus	24.1238168618
PWY-6387: UDP-N-acetylmuramoyl-pentapeptide biosynthesis I (meso-diaminopimelate containing)|g__Roseburia.s__Roseburia_intestinalis	22.4059289907
PWY-6387: UDP-N-acetylmuramoyl-pentapeptide biosynthesis I (meso-diaminopimelate containing)|g__Eubacterium.s__Eubacterium_eligens	19.8702320448
PWY-6387: UDP-N-acetylmuramoyl-pentapeptide biosynthesis I (meso-diaminopimelate containing)|g__Parabacteroides.s__Parabacteroides_distasonis	18.3246850794
PWY-6387: UDP-N-acetylmuramoyl-pentapeptide biosynthesis I (meso-diaminopimelate containing)|g__Parabacteroides.s__Parabacteroides_merdae	17.3719072165
PWY-6387: UDP-N-acetylmuramoyl-pentapeptide biosynthesis I (meso-diaminopimelate containing)|g__Bacteroides.s__Bacteroides_thetaiotaomicron	16.2344285057
PWY-6387: UDP-N-acetylmuramoyl-pentapeptide biosynthesis I (meso-diaminopimelate containing)|g__Bacteroides.s__Bacteroides_salyersiae	14.9267762864
PWY-6387: UDP-N-acetylmuramoyl-pentapeptide biosynthesis I (meso-diaminopimelate containing)|g__Gemmiger.s__Gemmiger_formicilis	14.3427296179
PWY-6387: UDP-N-acetylmuramoyl-pentapeptide biosynthesis I (meso-diaminopimelate containing)|g__Lachnospiraceae_unclassified.s__Eubacterium_rectale	12.7110972832
PWY-6387: UDP-N-acetylmuramoyl-pentapeptide biosynthesis I (meso-diaminopimelate containing)|g__Bacteroides.s__Bacteroides_xylanisolvens	12.2207167280
PWY-6387: UDP-N-acetylmuramoyl-pentapeptide biosynthesis I (meso-diaminopimelate containing)|g__Proteobacteria_unclassified.s__Proteobacteria_bacterium_CAG_139	12.0538828268
PWY-6387: UDP-N-acetylmuramoyl-pentapeptide biosynthesis I (meso-diaminopimelate containing)|g__Eubacterium.s__Eubacterium_hallii	9.7046835173
PWY-6387: UDP-N-acetylmuramoyl-pentapeptide biosynthesis I (meso-diaminopimelate containing)|g__Blautia.s__Blautia_sp_CAG_52	8.6863494840
PWY-6387: UDP-N-acetylmuramoyl-pentapeptide biosynthesis I (meso-diaminopimelate containing)|g__Bacteroides.s__Bacteroides_ovatus	4.5922247894
ANAGLYCOLYSIS-PWY: glycolysis III (from glucose)	1343.2691287404
ANAGLYCOLYSIS-PWY: glycolysis III (from glucose)|g__Roseburia.s__Roseburia_faecis	95.2090660536
ANAGLYCOLYSIS-PWY: glycolysis III (from glucose)|g__Blautia.s__Ruminococcus_torques	87.6879691972
ANAGLYCOLYSIS-PWY: glycolysis III (from glucose)|g__Blautia.s__Blautia_wexlerae	73.9352798616
ANAGLYCOLYSIS-PWY: glycolysis III (from glucose)|unclassified	68.2446796758
ANAGLYCOLYSIS-PWY: glycolysis III (from glucose)|g__Collinsella.s__Collinsella_aerofaciens	33.7517150074
ANAGLYCOLYSIS-PWY: glycolysis III (from glucose)|g__Anaerostipes.s__Anaerostipes_hadrus	32.2680019072
ANAGLYCOLYSIS-PWY: glycolysis III (from glucose)|g__Fusicatenibacter.s__Fusicatenibacter_saccharivorans	29.8484804467
ANAGLYCOLYSIS-PWY: glycolysis III (from glucose)|g__Lachnospiraceae_unclassified.s__Eubacterium_rectale	27.7814471022
ANAGLYCOLYSIS-PWY: glycolysis III (from glucose)|g__Eubacterium.s__Eubacterium_eligens	19.9052011666
ANAGLYCOLYSIS-PWY: glycolysis III (from glucose)|g__Roseburia.s__Roseburia_intestinalis	19.4871922054
ANAGLYCOLYSIS-PWY: glycolysis III (from glucose)|g__Parabacteroides.s__Parabacteroides_distasonis	18.8414146689
ANAGLYCOLYSIS-PWY: glycolysis III (from glucose)|g__Bacteroides.s__Bacteroides_salyersiae	17.2492591149
ANAGLYCOLYSIS-PWY: glycolysis III (from glucose)|g__Blautia.s__Blautia_obeum	15.6482607514
ARO-PWY: chorismate biosynthesis I	1330.5441422615
ARO-PWY: chorismate biosynthesis I|g__Faecalibacterium.s__Faecalibacterium_prausnitzii	166.6410906155
ARO-PWY: chorismate biosynthesis I|g__Blautia.s__Ruminococcus_torques	95.5938462467
ARO-PWY: chorismate biosynthesis I|g__Roseburia.s__Roseburia_faecis	92.7226413277
ARO-PWY: chorismate biosynthesis I|unclassified	88.6370907744
ARO-PWY: chorismate biosynthesis I|g__Blautia.s__Blautia_obeum	65.8881063160
ARO-PWY: chorismate biosynthesis I|g__Bacteroides.s__Bacteroides_dorei	58.6177781476
ARO-PWY: chorismate biosynthesis I|g__Blautia.s__Blautia_wexlerae	45.0292864403
ARO-PWY: chorismate biosynthesis I|g__Bacteroides.s__Bacteroides_vulgatus	38.6849916790
ARO-PWY: chorismate biosynthesis I|g__Lachnospira.s__Lachnospira_pectinoschiza	37.0423216314
ARO-PWY: chorismate biosynthesis I|g__Lachnospiraceae_unclassified.s__Eubacterium_rectale	34.2386316991
ARO-PWY: chorismate biosynthesis I|g__Fusicatenibacter.s__Fusicatenibacter_saccharivorans	31.9386045512
ARO-PWY: chorismate biosynthesis I|g__Anaerostipes.s__Anaerostipes_hadrus	28.2807693863
ARO-PWY: chorismate biosynthesis I|g__Ruminococcus.s__Ruminococcus_bromii	25.6744176249
ARO-PWY: chorismate biosynthesis I|g__Eubacterium.s__Eubacterium_eligens	21.7382703634
ARO-PWY: chorismate biosynthesis I|g__Parabacteroides.s__Parabacteroides_merdae	18.4169909857
ARO-PWY: chorismate biosynthesis I|g__Clostridium.s__Clostridium_sp_AM22_11AC	17.3943691177
ARO-PWY: chorismate biosynthesis I|g__Roseburia.s__Roseburia_intestinalis	17.1130176384
ARO-PWY: chorismate biosynthesis I|g__Parabacteroides.s__Parabacteroides_distasonis	16.3599608401
ARO-PWY: chorismate biosynthesis I|g__Eubacterium.s__Eubacterium_hallii	14.7269658808
ARO-PWY: chorismate biosynthesis I|g__Bacteroides.s__Bacteroides_thetaiotaomicron	13.1358601745
ARO-PWY: chorismate biosynthesis I|g__Subdoligranulum.s__Subdoligranulum_sp_APC924_74	7.3510446965
ARO-PWY: chorismate biosynthesis I|g__Blautia.s__Blautia_sp_CAG_52	3.2864019147
PWY-6151: S-adenosyl-L-methionine salvage I	1328.7360176214
PWY-6151: S-adenosyl-L-methionine salvage I|g__Bacteroides.s__Bacteroides_uniformis	155.0378106701
PWY-6151: S-adenosyl-L-methionine salvage I|unclassified	124.9681672090
PWY-6151: S-adenosyl-L-methionine salvage I|g__Blautia.s__Ruminococcus_torques	89.6859048538
PWY-6151: S-adenosyl-L-methionine salvage I|g__Roseburia.s__Roseburia_faecis	83.2264348553
PWY-6151: S-adenosyl-L-methionine salvage I|g__Blautia.s__Blautia_wexlerae	69.1845235545
PWY-6151: S-adenosyl-L-methionine salvage I|g__Faecalibacterium.s__Faecalibacterium_prausnitzii	67.1145477045
PWY-6151: S-adenosyl-L-methionine salvage I|g__Bacteroides.s__Bacteroides_dorei	65.6656368819
PWY-6151: S-adenosyl-L-methionine salvage I|g__Lachnospira.s__Lachnospira_pectinoschiza	43.2852577292
PWY-6151: S-adenosyl-L-methionine salvage I|g__Bacteroides.s__Bacteroides_vulgatus	42.4274708256
PWY-6151: S-adenosyl-L-methionine salvage I|g__Anaerostipes.s__Anaerostipes_hadrus	42.0453943190
PWY-6151: S-adenosyl-L-methionine salvage I|g__Paraprevotella.s__Paraprevotella_clara	31.6751193192
PWY-6151: S-adenosyl-L-methionine salvage I|g__Ruminococcus.s__Ruminococcus_bromii	29.7724260729
PWY-6151: S-adenosyl-L-methionine salvage I|g__Collinsella.s__Collinsella_aerofaciens	28.2274802823
PWY-6151: S-adenosyl-L-methionine salvage I|g__Eubacterium.s__Eubacterium_eligens	25.9874907911
PWY-6151: S-adenosyl-L-methionine salvage I|g__Lachnospiraceae_unclassified.s__Eubacterium_rectale	25.0948823535
PWY-6151: S-adenosyl-L-methionine salvage I|g__Clostridium.s__Clostridium_sp_AM22_11AC	22.4201781603
PWY-6151: S-adenosyl-L-methionine salvage I|g__Roseburia.s__Roseburia_intestinalis	21.8845150065
PWY-6151: S-adenosyl-L-methionine salvage I|g__Gemmiger.s__Gemmiger_formicilis	18.9642596645
PWY-6151: S-adenosyl-L-methionine salvage I|g__Eubacterium.s__Eubacterium_hallii	7.7447204227
PWY-6151: S-adenosyl-L-methionine salvage I|g__Firmicutes_unclassified.s__Firmicutes_bacterium_CAG_41	7.4696545285
PWY-6151: S-adenosyl-L-methionine salvage I|g__Blautia.s__Blautia_obeum	5.8856809150
PEPTIDOGLYCANSYN-PWY: peptidoglycan biosynthesis I (meso-diaminopimelate containing)	1315.7689327364
PEPTIDOGLYCANSYN-PWY: peptidoglycan biosynthesis I (meso-diaminopimelate containing)|g__Bacteroides.s__Bacteroides_uniformis	107.9020674725
PEPTIDOGLYCANSYN-PWY: peptidoglycan biosynthesis I (meso-diaminopimelate containing)|unclassified	101.3810049644
PEPTIDOGLYCANSYN-PWY: peptidoglycan biosynthesis I (meso-diaminopimelate containing)|g__Blautia.s__Ruminococcus_torques	87.0552005721
PEPTIDOGLYCANSYN-PWY: peptidoglycan biosynthesis I (meso-diaminopimelate containing)|g__Faecalibacterium.s__Faecalibacterium_prausnitzii	85.7090688050
PEPTIDOGLYCANSYN-PWY: peptidoglycan biosynthesis I (meso-diaminopimelate containing)|g__Roseburia.s__Roseburia_faecis	81.2465511173
PEPTIDOGLYCANSYN-PWY: peptidoglycan biosynthesis I (meso-diaminopimelate containing)|g__Bacteroides.s__Bacteroides_dorei	66.1503651291
PEPTIDOGLYCANSYN-PWY: peptidoglycan biosynthesis I (meso-diaminopimelate containing)|g__Blautia.s__Blautia_obeum	61.8445908599
PEPTIDOGLYCANSYN-PWY: peptidoglycan biosynthesis I (meso-diaminopimelate containing)|g__Alistipes.s__Alistipes_putredinis	51.6912315835
PEPTIDOGLYCANSYN-PWY: peptidoglycan biosynthesis I (meso-diaminopimelate containing)|g__Blautia.s__Blautia_wexlerae	49.8973128779
PEPTIDOGLYCANSYN-PWY: peptidoglycan biosynthesis I (meso-diaminopimelate containing)|g__Bacteroides.s__Bacteroides_vulgatus	46.3118265235
PEPTIDOGLYCANSYN-PWY: peptidoglycan biosynthesis I (meso-diaminopimelate containing)|g__Lachnospira.s__Lachnospira_pectinoschiza	41.6454762431
PEPTIDOGLYCANSYN-PWY: peptidoglycan biosynthesis I (meso-diaminopimelate containing)|g__Collinsella.s__Collinsella_aerofaciens	36.6228429938
PEPTIDOGLYCANSYN-PWY: peptidoglycan biosynthesis I (meso-diaminopimelate containing)|g__Fusicatenibacter.s__Fusicatenibacter_saccharivorans	34.6824507291
PEPTIDOGLYCANSYN-PWY: peptidoglycan biosynthesis I (meso-diaminopimelate containing)|g__Paraprevotella.s__Paraprevotella_clara	34.2209439931
PEPTIDOGLYCANSYN-PWY: peptidoglycan biosynthesis I (meso-diaminopimelate containing)|g__Bacteroides.s__Bacteroides_sp_CAG_875	29.1764716918
PEPTIDOGLYCANSYN-PWY: peptidoglycan biosynthesis I (meso-diaminopimelate containing)|g__Anaerostipes.s__Anaerostipes_hadrus	23.5703889409
PEPTIDOGLYCANSYN-PWY: peptidoglycan biosynthesis I (meso-diaminopimelate containing)|g__Eubacterium.s__Eubacterium_eligens	20.7668228758
PEPTIDOGLYCANSYN-PWY: peptidoglycan biosynthesis I (meso-diaminopimelate containing)|g__Roseburia.s__Roseburia_intestinalis	19.4854531195
PEPTIDOGLYCANSYN-PWY: peptidoglycan biosynthesis I (meso-diaminopimelate containing)|g__Parabacteroides.s__Parabacteroides_distasonis	18.6124614854
PEPTIDOGLYCANSYN-PWY: peptidoglycan biosynthesis I (meso-diaminopimelate containing)|g__Parabacteroides.s__Parabacteroides_merdae	18.0175756300
PEPTIDOGLYCANSYN-PWY: peptidoglycan biosynthesis I (meso-diaminopimelate containing)|g__Bacteroides.s__Bacteroides_thetaiotaomicron	15.3142363497
PEPTIDOGLYCANSYN-PWY: peptidoglycan biosynthesis I (meso-diaminopimelate containing)|g__Bacteroides.s__Bacteroides_salyersiae	14.7252200610
PEPTIDOGLYCANSYN-PWY: peptidoglycan biosynthesis I (meso-diaminopimelate containing)|g__Gemmiger.s__Gemmiger_formicilis	14.1369772764
PEPTIDOGLYCANSYN-PWY: peptidoglycan biosynthesis I (meso-diaminopimelate containing)|g__Bacteroides.s__Bacteroides_xylanisolvens	13.0800884137
PEPTIDOGLYCANSYN-PWY: peptidoglycan biosynthesis I (meso-diaminopimelate containing)|g__Proteobacteria_unclassified.s__Proteobacteria_bacterium_CAG_139	12.2509462149
PEPTIDOGLYCANSYN-PWY: peptidoglycan biosynthesis I (meso-diaminopimelate containing)|g__Eubacterium.s__Eubacterium_hallii	9.6012959834
PEPTIDOGLYCANSYN-PWY: peptidoglycan biosynthesis I (meso-diaminopimelate containing)|g__Blautia.s__Blautia_sp_CAG_52	8.5480293523
PEPTIDOGLYCANSYN-PWY: peptidoglycan biosynthesis I (meso-diaminopimelate containing)|g__Bacteroides.s__Bacteroides_ovatus	5.2116826451
PEPTIDOGLYCANSYN-PWY: peptidoglycan biosynthesis I (meso-diaminopimelate containing)|g__Lachnospiraceae_unclassified.s__Eubacterium_rectale	4.8271048022
PWY-6385: peptidoglycan biosynthesis III (mycobacteria)	1315.7689327364
PWY-6385: peptidoglycan biosynthesis III (mycobacteria)|g__Bacteroides.s__Bacteroides_uniformis	117.5298851601
PWY-6385: peptidoglycan biosynthesis III (mycobacteria)|unclassified	90.9197436462
PWY-6385: peptidoglycan biosynthesis III (mycobacteria)|g__Blautia.s__Ruminococcus_torques	87.0552005721
PWY-6385: peptidoglycan biosynthesis III (mycobacteria)|g__Roseburia.s__Roseburia_faecis	80.3692549712
PWY-6385: peptidoglycan biosynthesis III (mycobacteria)|g__Bacteroides.s__Bacteroides_dorei	66.2188510876
PWY-6385: peptidoglycan biosynthesis III (mycobacteria)|g__Blautia.s__Blautia_obeum	57.0155270134
PWY-6385: peptidoglycan biosynthesis III (mycobacteria)|g__Alistipes.s__Alistipes_putredinis	50.1449402275
PWY-6385: peptidoglycan biosynthesis III (mycobacteria)|g__Bacteroides.s__Bacteroides_vulgatus	47.2110827767
PWY-6385: peptidoglycan biosynthesis III (mycobacteria)|g__Blautia.s__Blautia_wexlerae	44.9353624387
PWY-6385: peptidoglycan biosynthesis III (mycobacteria)|g__Lachnospira.s__Lachnospira_pectinoschiza	43.2244925946
PWY-6385: peptidoglycan biosynthesis III (mycobacteria)|g__Collinsella.s__Collinsella_aerofaciens	35.9970713494
PWY-6385: peptidoglycan biosynthesis III (mycobacteria)|g__Paraprevotella.s__Paraprevotella_clara	34.4497901294
PWY-6385: peptidoglycan biosynthesis III (mycobacteria)|g__Fusicatenibacter.s__Fusicatenibacter_saccharivorans	32.0627108266
PWY-6385: peptidoglycan biosynthesis III (mycobacteria)|g__Bacteroides.s__Bacteroides_sp_CAG_875	30.1040214740
PWY-6385: peptidoglycan biosynthesis III (mycobacteria)|g__Anaerostipes.s__Anaerostipes_hadrus	23.6252124803
PWY-6385: peptidoglycan biosynthesis III (mycobacteria)|g__Parabacteroides.s__Parabacteroides_distasonis	18.6008085069
PWY-6385: peptidoglycan biosynthesis III (mycobacteria)|g__Eubacterium.s__Eubacterium_eligens	18.5415850093
PWY-6385: peptidoglycan biosynthesis III (mycobacteria)|g__Parabacteroides.s__Parabacteroides_merdae	17.9849445153
PWY-6385: peptidoglycan biosynthesis III (mycobacteria)|g__Bacteroides.s__Bacteroides_thetaiotaomicron	15.9618302491
PWY-6385: peptidoglycan biosynthesis III (mycobacteria)|g__Lachnospiraceae_unclassified.s__Eubacterium_rectale	14.8042975975
PWY-6385: peptidoglycan biosynthesis III (mycobacteria)|g__Bacteroides.s__Bacteroides_salyersiae	14.7358680804
PWY-6385: peptidoglycan biosynthesis III (mycobacteria)|g__Bacteroides.s__Bacteroides_xylanisolvens	12.5028169340
PWY-6385: peptidoglycan biosynthesis III (mycobacteria)|g__Proteobacteria_unclassified.s__Proteobacteria_bacterium_CAG_139	11.7290817278
PWY-6385: peptidoglycan biosynthesis III (mycobacteria)|g__Bacteroides.s__Bacteroides_ovatus	4.7463861063
PWY-7953: UDP-N-acetylmuramoyl-pentapeptide biosynthesis III (meso-diaminopimelate containing)	1295.0490087699
PWY-7953: UDP-N-acetylmuramoyl-pentapeptide biosynthesis III (meso-diaminopimelate containing)|g__Bacteroides.s__Bacteroides_uniformis	105.1828949860
PWY-7953: UDP-N-acetylmuramoyl-pentapeptide biosynthesis III (meso-diaminopimelate containing)|g__Blautia.s__Ruminococcus_torques	85.8655862083
PWY-7953: UDP-N-acetylmuramoyl-pentapeptide biosynthesis III (meso-diaminopimelate containing)|unclassified	84.5511585661
PWY-7953: UDP-N-acetylmuramoyl-pentapeptide biosynthesis III (meso-diaminopimelate containing)|g__Roseburia.s__Roseburia_faecis	82.2545108043
PWY-7953: UDP-N-acetylmuramoyl-pentapeptide biosynthesis III (meso-diaminopimelate containing)|g__Bacteroides.s__Bacteroides_dorei	64.3015142970
PWY-7953: UDP-N-acetylmuramoyl-pentapeptide biosynthesis III (meso-diaminopimelate containing)|g__Blautia.s__Blautia_obeum	54.5414875494
PWY-7953: UDP-N-acetylmuramoyl-pentapeptide biosynthesis III (meso-diaminopimelate containing)|g__Alistipes.s__Alistipes_putredinis	48.1681118568
PWY-7953: UDP-N-acetylmuramoyl-pentapeptide biosynthesis III (meso-diaminopimelate containing)|g__Blautia.s__Blautia_wexlerae	45.7158442421
PWY-7953: UDP-N-acetylmuramoyl-pentapeptide biosynthesis III (meso-diaminopimelate containing)|g__Bacteroides.s__Bacteroides_vulgatus	43.6846118416
PWY-7953: UDP-N-acetylmuramoyl-pentapeptide biosynthesis III (meso-diaminopimelate containing)|g__Lachnospira.s__Lachnospira_pectinoschiza	42.6199320308
PWY-7953: UDP-N-acetylmuramoyl-pentapeptide biosynthesis III (meso-diaminopimelate containing)|g__Fusicatenibacter.s__Fusicatenibacter_saccharivorans	37.9304223866
PWY-7953: UDP-N-acetylmuramoyl-pentapeptide biosynthesis III (meso-diaminopimelate containing)|g__Paraprevotella.s__Paraprevotella_clara	30.8156053253
PWY-7953: UDP-N-acetylmuramoyl-pentapeptide biosynthesis III (meso-diaminopimelate containing)|g__Bacteroides.s__Bacteroides_sp_CAG_875	28.7892853643
PWY-7953: UDP-N-acetylmuramoyl-pentapeptide biosynthesis III (meso-diaminopimelate containing)|g__Anaerostipes.s__Anaerostipes_hadrus	24.5693178178
PWY-7953: UDP-N-acetylmuramoyl-pentapeptide biosynthesis III (meso-diaminopimelate containing)|g__Roseburia.s__Roseburia_intestinalis	21.5328352963
PWY-7953: UDP-N-acetylmuramoyl-pentapeptide biosynthesis III (meso-diaminopimelate containing)|g__Eubacterium.s__Eubacterium_eligens	17.4045306243
PWY-7953: UDP-N-acetylmuramoyl-pentapeptide biosynthesis III (meso-diaminopimelate containing)|g__Parabacteroides.s__Parabacteroides_merdae	16.5177569537
PWY-7953: UDP-N-acetylmuramoyl-pentapeptide biosynthesis III (meso-diaminopimelate containing)|g__Bacteroides.s__Bacteroides_thetaiotaomicron	13.8716994828
PWY-7953: UDP-N-acetylmuramoyl-pentapeptide biosynthesis III (meso-diaminopimelate containing)|g__Bacteroides.s__Bacteroides_salyersiae	13.6071053185
PWY-7953: UDP-N-acetylmuramoyl-pentapeptide biosynthesis III (meso-diaminopimelate containing)|g__Proteobacteria_unclassified.s__Proteobacteria_bacterium_CAG_139	11.5143593711
PWY-7953: UDP-N-acetylmuramoyl-pentapeptide biosynthesis III (meso-diaminopimelate containing)|g__Candidatus_Gastranaerophilales_unclassified.s__Candidatus_Gastranaerophilales_bacterium_HUM_10	11.1522154383
PWY-7953: UDP-N-acetylmuramoyl-pentapeptide biosynthesis III (meso-diaminopimelate containing)|g__Bacteroides.s__Bacteroides_xylanisolvens	11.0604954903
PWY-7953: UDP-N-acetylmuramoyl-pentapeptide biosynthesis III (meso-diaminopimelate containing)|g__Eubacterium.s__Eubacterium_hallii	9.5386503739
PWY-7953: UDP-N-acetylmuramoyl-pentapeptide biosynthesis III (meso-diaminopimelate containing)|g__Blautia.s__Blautia_sp_CAG_52	8.3596036001
PWY-7953: UDP-N-acetylmuramoyl-pentapeptide biosynthesis III (meso-diaminopimelate containing)|g__Firmicutes_unclassified.s__Firmicutes_bacterium_CAG_102	7.3422080817
PWY-7953: UDP-N-acetylmuramoyl-pentapeptide biosynthesis III (meso-diaminopimelate containing)|g__Lachnospiraceae_unclassified.s__Eubacterium_rectale	3.6331759518
COA-PWY-1: superpathway of coenzyme A biosynthesis III (mammals)	1271.0614283287
COA-PWY-1: superpathway of coenzyme A biosynthesis III (mammals)|g__Faecalibacterium.s__Faecalibacterium_prausnitzii	115.3816973925
COA-PWY-1: superpathway of coenzyme A biosynthesis III (mammals)|g__Bacteroides.s__Bacteroides_uniformis	97.1768416562
COA-PWY-1: superpathway of coenzyme A biosynthesis III (mammals)|g__Blautia.s__Ruminococcus_torques	95.0819419036
COA-PWY-1: superpathway of coenzyme A biosynthesis III (mammals)|unclassified	88.9761253036
COA-PWY-1: superpathway of coenzyme A biosynthesis III (mammals)|g__Roseburia.s__Roseburia_faecis	86.4109607713
COA-PWY-1: superpathway of coenzyme A biosynthesis III (mammals)|g__Alistipes.s__Alistipes_putredinis	58.4890809305
COA-PWY-1: superpathway of coenzyme A biosynthesis III (mammals)|g__Bacteroides.s__Bacteroides_dorei	57.7001332273
COA-PWY-1: superpathway of coenzyme A biosynthesis III (mammals)|g__Blautia.s__Blautia_obeum	45.1225960343
COA-PWY-1: superpathway of coenzyme A biosynthesis III (mammals)|g__Bacteroides.s__Bacteroides_vulgatus	40.6778060131
COA-PWY-1: superpathway of coenzyme A biosynthesis III (mammals)|g__Fusicatenibacter.s__Fusicatenibacter_saccharivorans	34.9225042042
COA-PWY-1: superpathway of coenzyme A biosynthesis III (mammals)|g__Lachnospira.s__Lachnospira_pectinoschiza	33.9385193875
COA-PWY-1: superpathway of coenzyme A biosynthesis III (mammals)|g__Blautia.s__Blautia_wexlerae	30.8288234734
COA-PWY-1: superpathway of coenzyme A biosynthesis III (mammals)|g__Paraprevotella.s__Paraprevotella_clara	21.0043933879
COA-PWY-1: superpathway of coenzyme A biosynthesis III (mammals)|g__Eubacterium.s__Eubacterium_eligens	19.4850647562
COA-PWY-1: superpathway of coenzyme A biosynthesis III (mammals)|g__Collinsella.s__Collinsella_aerofaciens	18.4652929923
COA-PWY-1: superpathway of coenzyme A biosynthesis III (mammals)|g__Parabacteroides.s__Parabacteroides_merdae	16.4360929269
COA-PWY-1: superpathway of coenzyme A biosynthesis III (mammals)|g__Anaerostipes.s__Anaerostipes_hadrus	13.0031989581
COA-PWY-1: superpathway of coenzyme A biosynthesis III (mammals)|g__Clostridium.s__Clostridium_sp_AM22_11AC	11.7717033035
COA-PWY-1: superpathway of coenzyme A biosynthesis III (mammals)|g__Roseburia.s__Roseburia_intestinalis	11.6103564379
COA-PWY-1: superpathway of coenzyme A biosynthesis III (mammals)|g__Bacteroides.s__Bacteroides_thetaiotaomicron	10.3693199284
COA-PWY-1: superpathway of coenzyme A biosynthesis III (mammals)|g__Gemmiger.s__Gemmiger_formicilis	10.2091823776
COA-PWY-1: superpathway of coenzyme A biosynthesis III (mammals)|g__Bacteroides.s__Bacteroides_salyersiae	9.1862327380
COA-PWY-1: superpathway of coenzyme A biosynthesis III (mammals)|g__Lawsonibacter.s__Lawsonibacter_asaccharolyticus	8.5573700349
COA-PWY-1: superpathway of coenzyme A biosynthesis III (mammals)|g__Bacteroides.s__Bacteroides_xylanisolvens	6.9135802469
COA-PWY-1: superpathway of coenzyme A biosynthesis III (mammals)|g__Bacteroides.s__Bacteroides_ovatus	2.2768670310
TRNA-CHARGING-PWY: tRNA charging	1270.4836692929
TRNA-CHARGING-PWY: tRNA charging|g__Bacteroides.s__Bacteroides_uniformis	106.4574856164
TRNA-CHARGING-PWY: tRNA charging|g__Faecalibacterium.s__Faecalibacterium_prausnitzii	95.0673386562
TRNA-CHARGING-PWY: tRNA charging|unclassified	78.5899213615
TRNA-CHARGING-PWY: tRNA charging|g__Blautia.s__Ruminococcus_torques	61.0083624344
TRNA-CHARGING-PWY: tRNA charging|g__Alistipes.s__Alistipes_putredinis	55.4283131255
TRNA-CHARGING-PWY: tRNA charging|g__Bacteroides.s__Bacteroides_vulgatus	48.2748870829
TRNA-CHARGING-PWY: tRNA charging|g__Lachnospiraceae_unclassified.s__Eubacterium_rectale	32.1083213971
TRNA-CHARGING-PWY: tRNA charging|g__Bacteroides.s__Bacteroides_sp_CAG_875	29.2381396099
TRNA-CHARGING-PWY: tRNA charging|g__Fusicatenibacter.s__Fusicatenibacter_saccharivorans	26.3493969260
TRNA-CHARGING-PWY: tRNA charging|g__Gemmiger.s__Gemmiger_formicilis	18.9779978542
TRNA-CHARGING-PWY: tRNA charging|g__Parabacteroides.s__Parabacteroides_merdae	18.3607450469
TRNA-CHARGING-PWY: tRNA charging|g__Anaerostipes.s__Anaerostipes_hadrus	18.0336879670
TRNA-CHARGING-PWY: tRNA charging|g__Bacteroides.s__Bacteroides_thetaiotaomicron	17.3614566448
TRNA-CHARGING-PWY: tRNA charging|g__Parabacteroides.s__Parabacteroides_distasonis	16.9915326745
TRNA-CHARGING-PWY: tRNA charging|g__Bacteroides.s__Bacteroides_salyersiae	13.8962936586
TRNA-CHARGING-PWY: tRNA charging|g__Bacteroides.s__Bacteroides_xylanisolvens	11.7999601214
TRNA-CHARGING-PWY: tRNA charging|g__Bacteroides.s__Bacteroides_ovatus	4.5645084058
PWY-6700: queuosine biosynthesis I (de novo)	1270.4073642387
PWY-6700: queuosine biosynthesis I (de novo)|g__Bacteroides.s__Bacteroides_uniformis	132.2558232307
PWY-6700: queuosine biosynthesis I (de novo)|unclassified	96.3388045653
PWY-6700: queuosine biosynthesis I (de novo)|g__Faecalibacterium.s__Faecalibacterium_prausnitzii	81.4884022544
PWY-6700: queuosine biosynthesis I (de novo)|g__Blautia.s__Ruminococcus_torques	65.8055524787
PWY-6700: queuosine biosynthesis I (de novo)|g__Roseburia.s__Roseburia_faecis	65.5433858065
PWY-6700: queuosine biosynthesis I (de novo)|g__Bacteroides.s__Bacteroides_dorei	64.3436054422
PWY-6700: queuosine biosynthesis I (de novo)|g__Bacteroides.s__Bacteroides_vulgatus	58.5299506289
PWY-6700: queuosine biosynthesis I (de novo)|g__Bacteroides.s__Bacteroides_sp_CAG_875	46.2940252001
PWY-6700: queuosine biosynthesis I (de novo)|g__Blautia.s__Blautia_wexlerae	37.0223291491
PWY-6700: queuosine biosynthesis I (de novo)|g__Collinsella.s__Collinsella_aerofaciens	34.6964064436
PWY-6700: queuosine biosynthesis I (de novo)|g__Lachnospira.s__Lachnospira_pectinoschiza	31.9875649364
PWY-6700: queuosine biosynthesis I (de novo)|g__Paraprevotella.s__Paraprevotella_clara	30.7171018885
PWY-6700: queuosine biosynthesis I (de novo)|g__Lachnospiraceae_unclassified.s__Eubacterium_rectale	27.7292098367
PWY-6700: queuosine biosynthesis I (de novo)|g__Eubacterium.s__Eubacterium_eligens	27.1192044650
PWY-6700: queuosine biosynthesis I (de novo)|g__Eubacterium.s__Eubacterium_sp_CAG_180	27.0968033299
PWY-6700: queuosine biosynthesis I (de novo)|g__Ruminococcus.s__Ruminococcus_bromii	21.1855895349
PWY-6700: queuosine biosynthesis I (de novo)|g__Fusicatenibacter.s__Fusicatenibacter_saccharivorans	18.9435336976
PWY-6700: queuosine biosynthesis I (de novo)|g__Clostridium.s__Clostridium_sp_AM22_11AC	18.2244422906
PWY-6700: queuosine biosynthesis I (de novo)|g__Eubacterium.s__Eubacterium_hallii	16.9652982536
PWY-6700: queuosine biosynthesis I (de novo)|g__Bacteroides.s__Bacteroides_thetaiotaomicron	16.8144695637
PWY-6700: queuosine biosynthesis I (de novo)|g__Roseburia.s__Roseburia_intestinalis	16.2469536962
PWY-6700: queuosine biosynthesis I (de novo)|g__Bacteroides.s__Bacteroides_xylanisolvens	15.7419107232
PWY-6700: queuosine biosynthesis I (de novo)|g__Parabacteroides.s__Parabacteroides_merdae	12.9857957993
PWY-6700: queuosine biosynthesis I (de novo)|g__Anaerostipes.s__Anaerostipes_hadrus	11.7820324006
PWY-6700: queuosine biosynthesis I (de novo)|g__Bilophila.s__Bilophila_wadsworthia	10.3788271925
PWY-6700: queuosine biosynthesis I (de novo)|g__Parabacteroides.s__Parabacteroides_distasonis	10.2473969730
PWY-6700: queuosine biosynthesis I (de novo)|g__Proteobacteria_unclassified.s__Proteobacteria_bacterium_CAG_139	9.2516983165
PWY-6700: queuosine biosynthesis I (de novo)|g__Gemmiger.s__Gemmiger_formicilis	8.3910639625
PWY-6700: queuosine biosynthesis I (de novo)|g__Bacteroides.s__Bacteroides_salyersiae	8.3830791619
PWY-6700: queuosine biosynthesis I (de novo)|g__Dorea.s__Dorea_longicatena	7.8649844339
PWY-6700: queuosine biosynthesis I (de novo)|g__Blautia.s__Blautia_sp_CAG_52	6.4498790648
PWY-6700: queuosine biosynthesis I (de novo)|g__Bacteroides.s__Bacteroides_ovatus	2.5999546064
PWY-6700: queuosine biosynthesis I (de novo)|g__Blautia.s__Blautia_obeum	1.9281615684
PWY-3841: folate transformations II (plants)	1239.0118707263
PWY-3841: folate transformations II (plants)|unclassified	122.6694778979
PWY-3841: folate transformations II (plants)|g__Bacteroides.s__Bacteroides_uniformis	117.9784450491
PWY-3841: folate transformations II (plants)|g__Roseburia.s__Roseburia_faecis	76.8274463146
PWY-3841: folate transformations II (plants)|g__Blautia.s__Blautia_wexlerae	69.8378268985
PWY-3841: folate transformations II (plants)|g__Alistipes.s__Alistipes_putredinis	58.9185944498
PWY-3841: folate transformations II (plants)|g__Lachnospiraceae_unclassified.s__Eubacterium_rectale	57.4871449683
PWY-3841: folate transformations II (plants)|g__Blautia.s__Ruminococcus_torques	56.0499441121
PWY-3841: folate transformations II (plants)|g__Bacteroides.s__Bacteroides_dorei	55.3842405174
PWY-3841: folate transformations II (plants)|g__Bacteroides.s__Bacteroides_vulgatus	46.9187488255
PWY-3841: folate transformations II (plants)|g__Paraprevotella.s__Paraprevotella_clara	30.1647530132
PWY-3841: folate transformations II (plants)|g__Parabacteroides.s__Parabacteroides_distasonis	20.2962728663
PWY-3841: folate transformations II (plants)|g__Parabacteroides.s__Parabacteroides_merdae	20.1476732872
PWY-3841: folate transformations II (plants)|g__Anaerostipes.s__Anaerostipes_hadrus	20.0811751586
PWY-3841: folate transformations II (plants)|g__Bacteroides.s__Bacteroides_thetaiotaomicron	19.7334168075
PWY-3841: folate transformations II (plants)|g__Roseburia.s__Roseburia_intestinalis	17.0286784944
PWY-3841: folate transformations II (plants)|g__Clostridium.s__Clostridium_sp_AM22_11AC	16.4866046337
PWY-3841: folate transformations II (plants)|g__Bacteroides.s__Bacteroides_xylanisolvens	16.1844313773
PWY-3841: folate transformations II (plants)|g__Bacteroides.s__Bacteroides_salyersiae	14.6866626745
PWY-3841: folate transformations II (plants)|g__Dorea.s__Dorea_longicatena	13.7150714635
PWY-3841: folate transformations II (plants)|g__Lawsonibacter.s__Lawsonibacter_asaccharolyticus	8.2192182936
PWY-3841: folate transformations II (plants)|g__Bacteroides.s__Bacteroides_ovatus	5.8642427797
PWY-3841: folate transformations II (plants)|g__Blautia.s__Blautia_obeum	3.1174846353
PWY0-1586: peptidoglycan maturation (meso-diaminopimelate containing)	1238.7947043944
PWY0-1586: peptidoglycan maturation (meso-diaminopimelate containing)|g__Lachnospira.s__Lachnospira_pectinoschiza	74.7550263582
PWY0-1586: peptidoglycan maturation (meso-diaminopimelate containing)|g__Bacteroides.s__Bacteroides_dorei	73.0426704719
PWY0-1586: peptidoglycan maturation (meso-diaminopimelate containing)|g__Lachnospiraceae_unclassified.s__Eubacterium_rectale	68.1635197383
PWY0-1586: peptidoglycan maturation (meso-diaminopimelate containing)|g__Bacteroides.s__Bacteroides_uniformis	56.8226577867
PWY0-1586: peptidoglycan maturation (meso-diaminopimelate containing)|g__Bacteroides.s__Bacteroides_vulgatus	55.0335476313
PWY0-1586: peptidoglycan maturation (meso-diaminopimelate containing)|unclassified	33.4935606862
PWY0-1586: peptidoglycan maturation (meso-diaminopimelate containing)|g__Collinsella.s__Collinsella_aerofaciens	30.4688555601
PWY0-1586: peptidoglycan maturation (meso-diaminopimelate containing)|g__Anaerostipes.s__Anaerostipes_hadrus	30.4441422732
PWY0-1586: peptidoglycan maturation (meso-diaminopimelate containing)|g__Bacteroides.s__Bacteroides_thetaiotaomicron	24.5563646936
PWY0-1586: peptidoglycan maturation (meso-diaminopimelate containing)|g__Blautia.s__Ruminococcus_torques	20.8520728337
PWY0-1586: peptidoglycan maturation (meso-diaminopimelate containing)|g__Eubacterium.s__Eubacterium_hallii	12.7177297081
PWY0-1586: peptidoglycan maturation (meso-diaminopimelate containing)|g__Proteobacteria_unclassified.s__Proteobacteria_bacterium_CAG_139	11.8338530195
PWY0-1586: peptidoglycan maturation (meso-diaminopimelate containing)|g__Bacteroides.s__Bacteroides_xylanisolvens	11.3790902519
PWY0-1586: peptidoglycan maturation (meso-diaminopimelate containing)|g__Bacteroides.s__Bacteroides_ovatus	1.5290519878
PWY-5097: L-lysine biosynthesis VI	1221.2137092884
PWY-5097: L-lysine biosynthesis VI|g__Bacteroides.s__Bacteroides_uniformis	110.9096135554
PWY-5097: L-lysine biosynthesis VI|g__Faecalibacterium.s__Faecalibacterium_prausnitzii	93.9905462762
PWY-5097: L-lysine biosynthesis VI|g__Blautia.s__Ruminococcus_torques	77.7722763473
PWY-5097: L-lysine biosynthesis VI|g__Blautia.s__Blautia_obeum	67.8893346001
PWY-5097: L-lysine biosynthesis VI|unclassified	64.5339532245
PWY-5097: L-lysine biosynthesis VI|g__Bacteroides.s__Bacteroides_dorei	61.8339832937
PWY-5097: L-lysine biosynthesis VI|g__Blautia.s__Blautia_wexlerae	50.7627370726
PWY-5097: L-lysine biosynthesis VI|g__Lachnospira.s__Lachnospira_pectinoschiza	46.0261559580
PWY-5097: L-lysine biosynthesis VI|g__Bacteroides.s__Bacteroides_vulgatus	43.0635330120
PWY-5097: L-lysine biosynthesis VI|g__Lachnospiraceae_unclassified.s__Eubacterium_rectale	34.1510284709
PWY-5097: L-lysine biosynthesis VI|g__Paraprevotella.s__Paraprevotella_clara	32.6082627627
PWY-5097: L-lysine biosynthesis VI|g__Bacteroides.s__Bacteroides_sp_CAG_875	30.1841183837
PWY-5097: L-lysine biosynthesis VI|g__Fusicatenibacter.s__Fusicatenibacter_saccharivorans	30.1553504027
PWY-5097: L-lysine biosynthesis VI|g__Eubacterium.s__Eubacterium_sp_CAG_180	29.7278287987
PWY-5097: L-lysine biosynthesis VI|g__Eubacterium.s__Eubacterium_eligens	25.9396661990
PWY-5097: L-lysine biosynthesis VI|g__Parabacteroides.s__Parabacteroides_distasonis	25.0139146650
PWY-5097: L-lysine biosynthesis VI|g__Ruminococcus.s__Ruminococcus_bromii	24.3136307364
PWY-5097: L-lysine biosynthesis VI|g__Anaerostipes.s__Anaerostipes_hadrus	23.5783918379
PWY-5097: L-lysine biosynthesis VI|g__Parabacteroides.s__Parabacteroides_merdae	17.7115041587
PWY-5097: L-lysine biosynthesis VI|g__Gemmiger.s__Gemmiger_formicilis	16.4278147978
PWY-5097: L-lysine biosynthesis VI|g__Bacteroides.s__Bacteroides_thetaiotaomicron	16.1663430214
PWY-5097: L-lysine biosynthesis VI|g__Clostridium.s__Clostridium_sp_AM22_11AC	14.8258346252
PWY-5097: L-lysine biosynthesis VI|g__Bacteroides.s__Bacteroides_salyersiae	13.6078407537
PWY-5097: L-lysine biosynthesis VI|g__Eubacterium.s__Eubacterium_hallii	10.7332772888
PWY-5097: L-lysine biosynthesis VI|g__Clostridium.s__Clostridium_sp_CAG_354	9.5331214862
PWY-5097: L-lysine biosynthesis VI|g__Proteobacteria_unclassified.s__Proteobacteria_bacterium_CAG_139	9.4814444929
CALVIN-PWY: Calvin-Benson-Bassham cycle	1220.8515872145
CALVIN-PWY: Calvin-Benson-Bassham cycle|g__Blautia.s__Blautia_wexlerae	107.0781005748
CALVIN-PWY: Calvin-Benson-Bassham cycle|g__Roseburia.s__Roseburia_faecis	93.4292986992
CALVIN-PWY: Calvin-Benson-Bassham cycle|unclassified	85.6261082312
CALVIN-PWY: Calvin-Benson-Bassham cycle|g__Blautia.s__Ruminococcus_torques	85.1942586272
CALVIN-PWY: Calvin-Benson-Bassham cycle|g__Collinsella.s__Collinsella_aerofaciens	41.9125208879
CALVIN-PWY: Calvin-Benson-Bassham cycle|g__Faecalibacterium.s__Faecalibacterium_prausnitzii	41.8908135313
CALVIN-PWY: Calvin-Benson-Bassham cycle|g__Fusicatenibacter.s__Fusicatenibacter_saccharivorans	26.1361516647
CALVIN-PWY: Calvin-Benson-Bassham cycle|g__Lachnospiraceae_unclassified.s__Eubacterium_rectale	24.2534388296
CALVIN-PWY: Calvin-Benson-Bassham cycle|g__Eubacterium.s__Eubacterium_hallii	22.4716056713
CALVIN-PWY: Calvin-Benson-Bassham cycle|g__Anaerostipes.s__Anaerostipes_hadrus	21.8016913255
CALVIN-PWY: Calvin-Benson-Bassham cycle|g__Roseburia.s__Roseburia_intestinalis	21.5141299558
CALVIN-PWY: Calvin-Benson-Bassham cycle|g__Clostridium.s__Clostridium_sp_AM22_11AC	19.8674347440
CALVIN-PWY: Calvin-Benson-Bassham cycle|g__Eubacterium.s__Eubacterium_eligens	15.8454090579
CALVIN-PWY: Calvin-Benson-Bassham cycle|g__Blautia.s__Blautia_obeum	11.6450052599
CALVIN-PWY: Calvin-Benson-Bassham cycle|g__Firmicutes_unclassified.s__Firmicutes_bacterium_CAG_102	9.0403992843
ILEUSYN-PWY: L-isoleucine biosynthesis I (from threonine)	1220.3269698725
ILEUSYN-PWY: L-isoleucine biosynthesis I (from threonine)|g__Bacteroides.s__Bacteroides_uniformis	109.7783422312
ILEUSYN-PWY: L-isoleucine biosynthesis I (from threonine)|g__Blautia.s__Ruminococcus_torques	88.0721799449
ILEUSYN-PWY: L-isoleucine biosynthesis I (from threonine)|g__Blautia.s__Blautia_wexlerae	33.4158480997
ILEUSYN-PWY: L-isoleucine biosynthesis I (from threonine)|g__Lachnospiraceae_unclassified.s__Eubacterium_rectale	33.3418036555
ILEUSYN-PWY: L-isoleucine biosynthesis I (from threonine)|g__Eubacterium.s__Eubacterium_eligens	29.7687347324
ILEUSYN-PWY: L-isoleucine biosynthesis I (from threonine)|g__Roseburia.s__Roseburia_intestinalis	24.2232676062
ILEUSYN-PWY: L-isoleucine biosynthesis I (from threonine)|g__Gemmiger.s__Gemmiger_formicilis	21.7686690190
ILEUSYN-PWY: L-isoleucine biosynthesis I (from threonine)|g__Anaerostipes.s__Anaerostipes_hadrus	19.2509599128
ILEUSYN-PWY: L-isoleucine biosynthesis I (from threonine)|unclassified	18.6696806483
ILEUSYN-PWY: L-isoleucine biosynthesis I (from threonine)|g__Bacteroides.s__Bacteroides_thetaiotaomicron	17.9311029543
ILEUSYN-PWY: L-isoleucine biosynthesis I (from threonine)|g__Clostridium.s__Clostridium_sp_AM22_11AC	17.3616493567
ILEUSYN-PWY: L-isoleucine biosynthesis I (from threonine)|g__Parabacteroides.s__Parabacteroides_distasonis	16.2573878528
ILEUSYN-PWY: L-isoleucine biosynthesis I (from threonine)|g__Candidatus_Gastranaerophilales_unclassified.s__Candidatus_Gastranaerophilales_bacterium_HUM_10	8.8764994539
ILEUSYN-PWY: L-isoleucine biosynthesis I (from threonine)|g__Bacteroides.s__Bacteroides_ovatus	8.5265951788
ILEUSYN-PWY: L-isoleucine biosynthesis I (from threonine)|g__Bacteroides.s__Bacteroides_xylanisolvens	8.4475716501
ILEUSYN-PWY: L-isoleucine biosynthesis I (from threonine)|g__Parabacteroides.s__Parabacteroides_merdae	7.1722292145
ILEUSYN-PWY: L-isoleucine biosynthesis I (from threonine)|g__Blautia.s__Blautia_obeum	5.0487750039
BRANCHED-CHAIN-AA-SYN-PWY: superpathway of branched chain amino acid biosynthesis	1218.2017060456
BRANCHED-CHAIN-AA-SYN-PWY: superpathway of branched chain amino acid biosynthesis|g__Bacteroides.s__Bacteroides_uniformis	111.9236112551
BRANCHED-CHAIN-AA-SYN-PWY: superpathway of branched chain amino acid biosynthesis|g__Blautia.s__Ruminococcus_torques	90.1521810154
BRANCHED-CHAIN-AA-SYN-PWY: superpathway of branched chain amino acid biosynthesis|g__Blautia.s__Blautia_wexlerae	34.3069940067
BRANCHED-CHAIN-AA-SYN-PWY: superpathway of branched chain amino acid biosynthesis|g__Lachnospiraceae_unclassified.s__Eubacterium_rectale	32.2142356384
BRANCHED-CHAIN-AA-SYN-PWY: superpathway of branched chain amino acid biosynthesis|g__Eubacterium.s__Eubacterium_eligens	28.7864351418
BRANCHED-CHAIN-AA-SYN-PWY: superpathway of branched chain amino acid biosynthesis|g__Roseburia.s__Roseburia_intestinalis	21.9131409633
BRANCHED-CHAIN-AA-SYN-PWY: superpathway of branched chain amino acid biosynthesis|g__Gemmiger.s__Gemmiger_formicilis	21.5162744627
BRANCHED-CHAIN-AA-SYN-PWY: superpathway of branched chain amino acid biosynthesis|g__Anaerostipes.s__Anaerostipes_hadrus	19.2569162468
BRANCHED-CHAIN-AA-SYN-PWY: superpathway of branched chain amino acid biosynthesis|unclassified	18.7164291978
BRANCHED-CHAIN-AA-SYN-PWY: superpathway of branched chain amino acid biosynthesis|g__Bacteroides.s__Bacteroides_thetaiotaomicron	18.4695365975
BRANCHED-CHAIN-AA-SYN-PWY: superpathway of branched chain amino acid biosynthesis|g__Parabacteroides.s__Parabacteroides_distasonis	17.3211176417
BRANCHED-CHAIN-AA-SYN-PWY: superpathway of branched chain amino acid biosynthesis|g__Bacteroides.s__Bacteroides_xylanisolvens	9.6246604674
BRANCHED-CHAIN-AA-SYN-PWY: superpathway of branched chain amino acid biosynthesis|g__Bacteroides.s__Bacteroides_ovatus	8.3794381500
BRANCHED-CHAIN-AA-SYN-PWY: superpathway of branched chain amino acid biosynthesis|g__Parabacteroides.s__Parabacteroides_merdae	7.0818856534
BRANCHED-CHAIN-AA-SYN-PWY: superpathway of branched chain amino acid biosynthesis|g__Blautia.s__Blautia_obeum	6.8118928763
PWY-5695: inosine 5'-phosphate degradation	1199.3181237371
PWY-5695: inosine 5'-phosphate degradation|g__Bacteroides.s__Bacteroides_uniformis	85.1091369635
PWY-5695: inosine 5'-phosphate degradation|g__Roseburia.s__Roseburia_faecis	79.3748484177
PWY-5695: inosine 5'-phosphate degradation|g__Bacteroides.s__Bacteroides_dorei	76.5125237035
PWY-5695: inosine 5'-phosphate degradation|g__Alistipes.s__Alistipes_putredinis	59.5049874242
PWY-5695: inosine 5'-phosphate degradation|g__Blautia.s__Ruminococcus_torques	49.6686722470
PWY-5695: inosine 5'-phosphate degradation|g__Bacteroides.s__Bacteroides_vulgatus	46.6172679673
PWY-5695: inosine 5'-phosphate degradation|g__Faecalibacterium.s__Faecalibacterium_prausnitzii	45.5812266626
PWY-5695: inosine 5'-phosphate degradation|unclassified	40.8049262561
PWY-5695: inosine 5'-phosphate degradation|g__Fusicatenibacter.s__Fusicatenibacter_saccharivorans	40.3988743240
PWY-5695: inosine 5'-phosphate degradation|g__Blautia.s__Blautia_wexlerae	35.1329008165
PWY-5695: inosine 5'-phosphate degradation|g__Bacteroides.s__Bacteroides_sp_CAG_875	33.8925605830
PWY-5695: inosine 5'-phosphate degradation|g__Anaerostipes.s__Anaerostipes_hadrus	23.8650805709
PWY-5695: inosine 5'-phosphate degradation|g__Roseburia.s__Roseburia_intestinalis	20.1574134856
PWY-5695: inosine 5'-phosphate degradation|g__Bacteroides.s__Bacteroides_thetaiotaomicron	16.1331504474
PWY-5695: inosine 5'-phosphate degradation|g__Lachnospira.s__Lachnospira_pectinoschiza	14.3232041310
PWY-5695: inosine 5'-phosphate degradation|g__Bacteroides.s__Bacteroides_salyersiae	14.1575878622
PWY-5695: inosine 5'-phosphate degradation|g__Parabacteroides.s__Parabacteroides_distasonis	12.1241506165
PWY-5695: inosine 5'-phosphate degradation|g__Bacteroides.s__Bacteroides_ovatus	10.3931245238
PWY-5695: inosine 5'-phosphate degradation|g__Eubacterium.s__Eubacterium_eligens	9.0043538097
PWY-5695: inosine 5'-phosphate degradation|g__Blautia.s__Blautia_obeum	8.3691132104
COA-PWY: coenzyme A biosynthesis I (prokaryotic)	1192.1626310938
COA-PWY: coenzyme A biosynthesis I (prokaryotic)|unclassified	122.3108445590
COA-PWY: coenzyme A biosynthesis I (prokaryotic)|g__Bacteroides.s__Bacteroides_uniformis	102.9754343852
COA-PWY: coenzyme A biosynthesis I (prokaryotic)|g__Faecalibacterium.s__Faecalibacterium_prausnitzii	99.8193259221
COA-PWY: coenzyme A biosynthesis I (prokaryotic)|g__Blautia.s__Ruminococcus_torques	93.3705461413
COA-PWY: coenzyme A biosynthesis I (prokaryotic)|g__Roseburia.s__Roseburia_faecis	85.6353277245
COA-PWY: coenzyme A biosynthesis I (prokaryotic)|g__Alistipes.s__Alistipes_putredinis	61.0344573643
COA-PWY: coenzyme A biosynthesis I (prokaryotic)|g__Bacteroides.s__Bacteroides_dorei	56.6800409365
COA-PWY: coenzyme A biosynthesis I (prokaryotic)|g__Bacteroides.s__Bacteroides_vulgatus	51.2032770097
COA-PWY: coenzyme A biosynthesis I (prokaryotic)|g__Blautia.s__Blautia_obeum	45.8942632171
COA-PWY: coenzyme A biosynthesis I (prokaryotic)|g__Fusicatenibacter.s__Fusicatenibacter_saccharivorans	39.9965117853
COA-PWY: coenzyme A biosynthesis I (prokaryotic)|g__Blautia.s__Blautia_wexlerae	38.1918931209
COA-PWY: coenzyme A biosynthesis I (prokaryotic)|g__Lachnospira.s__Lachnospira_pectinoschiza	36.1696927876
COA-PWY: coenzyme A biosynthesis I (prokaryotic)|g__Paraprevotella.s__Paraprevotella_clara	29.1677540203
COA-PWY: coenzyme A biosynthesis I (prokaryotic)|g__Anaerostipes.s__Anaerostipes_hadrus	27.4742428973
COA-PWY: coenzyme A biosynthesis I (prokaryotic)|g__Collinsella.s__Collinsella_aerofaciens	23.6127508855
COA-PWY: coenzyme A biosynthesis I (prokaryotic)|g__Bacteroides.s__Bacteroides_sp_CAG_875	21.4191688732
COA-PWY: coenzyme A biosynthesis I (prokaryotic)|g__Bacteroides.s__Bacteroides_salyersiae	20.6182070977
COA-PWY: coenzyme A biosynthesis I (prokaryotic)|g__Eubacterium.s__Eubacterium_eligens	20.4589360599
COA-PWY: coenzyme A biosynthesis I (prokaryotic)|g__Parabacteroides.s__Parabacteroides_merdae	17.0787957862
COA-PWY: coenzyme A biosynthesis I (prokaryotic)|g__Bacteroides.s__Bacteroides_thetaiotaomicron	16.2228883795
COA-PWY: coenzyme A biosynthesis I (prokaryotic)|g__Gemmiger.s__Gemmiger_formicilis	15.2214731148
COA-PWY: coenzyme A biosynthesis I (prokaryotic)|g__Roseburia.s__Roseburia_intestinalis	15.0375939850
COA-PWY: coenzyme A biosynthesis I (prokaryotic)|g__Clostridium.s__Clostridium_sp_AM22_11AC	14.8205928237
COA-PWY: coenzyme A biosynthesis I (prokaryotic)|g__Bilophila.s__Bilophila_wadsworthia	9.8178042103
COA-PWY: coenzyme A biosynthesis I (prokaryotic)|g__Bacteroides.s__Bacteroides_xylanisolvens	8.4528301887
COA-PWY: coenzyme A biosynthesis I (prokaryotic)|g__Lawsonibacter.s__Lawsonibacter_asaccharolyticus	8.3268279990
COA-PWY: coenzyme A biosynthesis I (prokaryotic)|g__Firmicutes_unclassified.s__Firmicutes_bacterium_CAG_56	6.7226890756
COA-PWY: coenzyme A biosynthesis I (prokaryotic)|g__Firmicutes_unclassified.s__Firmicutes_bacterium_CAG_41	5.0987890376
COA-PWY: coenzyme A biosynthesis I (prokaryotic)|g__Bacteroides.s__Bacteroides_ovatus	2.7633851468
PWY-7851: coenzyme A biosynthesis II (eukaryotic)	1192.1626310938
PWY-7851: coenzyme A biosynthesis II (eukaryotic)|g__Faecalibacterium.s__Faecalibacterium_prausnitzii	99.8193259221
PWY-7851: coenzyme A biosynthesis II (eukaryotic)|g__Bacteroides.s__Bacteroides_uniformis	96.9883617243
PWY-7851: coenzyme A biosynthesis II (eukaryotic)|g__Blautia.s__Ruminococcus_torques	93.3705461413
PWY-7851: coenzyme A biosynthesis II (eukaryotic)|g__Roseburia.s__Roseburia_faecis	82.3073652709
PWY-7851: coenzyme A biosynthesis II (eukaryotic)|unclassified	80.5991359346
PWY-7851: coenzyme A biosynthesis II (eukaryotic)|g__Alistipes.s__Alistipes_putredinis	61.0344573643
PWY-7851: coenzyme A biosynthesis II (eukaryotic)|g__Bacteroides.s__Bacteroides_dorei	56.6800409365
PWY-7851: coenzyme A biosynthesis II (eukaryotic)|g__Bacteroides.s__Bacteroides_vulgatus	49.4193229553
PWY-7851: coenzyme A biosynthesis II (eukaryotic)|g__Blautia.s__Blautia_obeum	45.8942632171
PWY-7851: coenzyme A biosynthesis II (eukaryotic)|g__Lachnospira.s__Lachnospira_pectinoschiza	32.9901527803
PWY-7851: coenzyme A biosynthesis II (eukaryotic)|g__Fusicatenibacter.s__Fusicatenibacter_saccharivorans	31.9988837129
PWY-7851: coenzyme A biosynthesis II (eukaryotic)|g__Blautia.s__Blautia_wexlerae	27.9784582438
PWY-7851: coenzyme A biosynthesis II (eukaryotic)|g__Paraprevotella.s__Paraprevotella_clara	20.9712032057
PWY-7851: coenzyme A biosynthesis II (eukaryotic)|g__Eubacterium.s__Eubacterium_eligens	17.8765521557
PWY-7851: coenzyme A biosynthesis II (eukaryotic)|g__Parabacteroides.s__Parabacteroides_merdae	17.0787957862
PWY-7851: coenzyme A biosynthesis II (eukaryotic)|g__Collinsella.s__Collinsella_aerofaciens	15.4619250097
PWY-7851: coenzyme A biosynthesis II (eukaryotic)|g__Roseburia.s__Roseburia_intestinalis	11.4155251142
PWY-7851: coenzyme A biosynthesis II (eukaryotic)|g__Clostridium.s__Clostridium_sp_AM22_11AC	11.0208816705
PWY-7851: coenzyme A biosynthesis II (eukaryotic)|g__Anaerostipes.s__Anaerostipes_hadrus	10.9650489066
PWY-7851: coenzyme A biosynthesis II (eukaryotic)|g__Bacteroides.s__Bacteroides_salyersiae	10.3414551176
PWY-7851: coenzyme A biosynthesis II (eukaryotic)|g__Bacteroides.s__Bacteroides_thetaiotaomicron	9.3178710690
PWY-7851: coenzyme A biosynthesis II (eukaryotic)|g__Gemmiger.s__Gemmiger_formicilis	8.5911473734
PWY-7851: coenzyme A biosynthesis II (eukaryotic)|g__Bacteroides.s__Bacteroides_xylanisolvens	8.4528301887
PWY-7851: coenzyme A biosynthesis II (eukaryotic)|g__Lawsonibacter.s__Lawsonibacter_asaccharolyticus	7.8029748842
PWY-7851: coenzyme A biosynthesis II (eukaryotic)|g__Firmicutes_unclassified.s__Firmicutes_bacterium_CAG_56	6.7226890756
PWY-7851: coenzyme A biosynthesis II (eukaryotic)|g__Bacteroides.s__Bacteroides_ovatus	2.7633851468
PWY-6121: 5-aminoimidazole ribonucleotide biosynthesis I	1178.0251648968
PWY-6121: 5-aminoimidazole ribonucleotide biosynthesis I|unclassified	119.2275966756
PWY-6121: 5-aminoimidazole ribonucleotide biosynthesis I|g__Bacteroides.s__Bacteroides_uniformis	118.6202523749
PWY-6121: 5-aminoimidazole ribonucleotide biosynthesis I|g__Faecalibacterium.s__Faecalibacterium_prausnitzii	99.8086170051
PWY-6121: 5-aminoimidazole ribonucleotide biosynthesis I|g__Roseburia.s__Roseburia_faecis	87.6313138942
PWY-6121: 5-aminoimidazole ribonucleotide biosynthesis I|g__Blautia.s__Ruminococcus_torques	84.5740687775
PWY-6121: 5-aminoimidazole ribonucleotide biosynthesis I|g__Bacteroides.s__Bacteroides_dorei	65.6252136145
PWY-6121: 5-aminoimidazole ribonucleotide biosynthesis I|g__Blautia.s__Blautia_obeum	61.2389822659
PWY-6121: 5-aminoimidazole ribonucleotide biosynthesis I|g__Alistipes.s__Alistipes_putredinis	57.6380064965
PWY-6121: 5-aminoimidazole ribonucleotide biosynthesis I|g__Collinsella.s__Collinsella_aerofaciens	45.8593990438
PWY-6121: 5-aminoimidazole ribonucleotide biosynthesis I|g__Blautia.s__Blautia_wexlerae	45.5758962921
PWY-6121: 5-aminoimidazole ribonucleotide biosynthesis I|g__Eubacterium.s__Eubacterium_sp_CAG_180	35.1708392146
PWY-6121: 5-aminoimidazole ribonucleotide biosynthesis I|g__Lachnospira.s__Lachnospira_pectinoschiza	34.9435057506
PWY-6121: 5-aminoimidazole ribonucleotide biosynthesis I|g__Bacteroides.s__Bacteroides_vulgatus	31.4514266595
PWY-6121: 5-aminoimidazole ribonucleotide biosynthesis I|g__Lachnospiraceae_unclassified.s__Eubacterium_rectale	27.6639707686
PWY-6121: 5-aminoimidazole ribonucleotide biosynthesis I|g__Fusicatenibacter.s__Fusicatenibacter_saccharivorans	24.2126821156
PWY-6121: 5-aminoimidazole ribonucleotide biosynthesis I|g__Anaerostipes.s__Anaerostipes_hadrus	22.2732045291
PWY-6121: 5-aminoimidazole ribonucleotide biosynthesis I|g__Eubacterium.s__Eubacterium_eligens	21.7955079899
PWY-6121: 5-aminoimidazole ribonucleotide biosynthesis I|g__Ruminococcus.s__Ruminococcus_bromii	21.6361322579
PWY-6121: 5-aminoimidazole ribonucleotide biosynthesis I|g__Parabacteroides.s__Parabacteroides_distasonis	17.9993065873
PWY-6121: 5-aminoimidazole ribonucleotide biosynthesis I|g__Gemmiger.s__Gemmiger_formicilis	17.3752026073
PWY-6121: 5-aminoimidazole ribonucleotide biosynthesis I|g__Parabacteroides.s__Parabacteroides_merdae	16.8873882242
PWY-6121: 5-aminoimidazole ribonucleotide biosynthesis I|g__Roseburia.s__Roseburia_intestinalis	15.0676308378
PWY-6121: 5-aminoimidazole ribonucleotide biosynthesis I|g__Bacteroides.s__Bacteroides_thetaiotaomicron	14.2532367848
PWY-6121: 5-aminoimidazole ribonucleotide biosynthesis I|g__Bacteroides.s__Bacteroides_salyersiae	11.7918421749
PWY-6121: 5-aminoimidazole ribonucleotide biosynthesis I|g__Clostridium.s__Clostridium_sp_AM22_11AC	11.5873570292
PWY-6121: 5-aminoimidazole ribonucleotide biosynthesis I|g__Firmicutes_unclassified.s__Firmicutes_bacterium_CAG_65_45_313	11.3240676091
PWY-6121: 5-aminoimidazole ribonucleotide biosynthesis I|g__Proteobacteria_unclassified.s__Proteobacteria_bacterium_CAG_139	10.8256208052
PWY-6121: 5-aminoimidazole ribonucleotide biosynthesis I|g__Eubacterium.s__Eubacterium_hallii	10.1864073607
PWY-6121: 5-aminoimidazole ribonucleotide biosynthesis I|g__Bacteroides.s__Bacteroides_xylanisolvens	10.1401881005
PWY-6121: 5-aminoimidazole ribonucleotide biosynthesis I|g__Lawsonibacter.s__Lawsonibacter_asaccharolyticus	5.4618373621
PWY-6121: 5-aminoimidazole ribonucleotide biosynthesis I|g__Bacteroides.s__Bacteroides_ovatus	3.2542286622
PWY-5667: CDP-diacylglycerol biosynthesis I	1155.6834729032
PWY-5667: CDP-diacylglycerol biosynthesis I|g__Bacteroides.s__Bacteroides_uniformis	113.1579000168
PWY-5667: CDP-diacylglycerol biosynthesis I|g__Faecalibacterium.s__Faecalibacterium_prausnitzii	90.8879415536
PWY-5667: CDP-diacylglycerol biosynthesis I|g__Roseburia.s__Roseburia_faecis	89.9524068445
PWY-5667: CDP-diacylglycerol biosynthesis I|unclassified	63.4918296323
PWY-5667: CDP-diacylglycerol biosynthesis I|g__Bacteroides.s__Bacteroides_dorei	57.6485306329
PWY-5667: CDP-diacylglycerol biosynthesis I|g__Blautia.s__Ruminococcus_torques	57.1336629879
PWY-5667: CDP-diacylglycerol biosynthesis I|g__Blautia.s__Blautia_obeum	53.8230018614
PWY-5667: CDP-diacylglycerol biosynthesis I|g__Lachnospiraceae_unclassified.s__Eubacterium_rectale	43.5669107560
PWY-5667: CDP-diacylglycerol biosynthesis I|g__Bacteroides.s__Bacteroides_vulgatus	35.1266754010
PWY-5667: CDP-diacylglycerol biosynthesis I|g__Paraprevotella.s__Paraprevotella_clara	33.8658716968
PWY-5667: CDP-diacylglycerol biosynthesis I|g__Lachnospira.s__Lachnospira_pectinoschiza	33.7078829523
PWY-5667: CDP-diacylglycerol biosynthesis I|g__Fusicatenibacter.s__Fusicatenibacter_saccharivorans	30.1321347165
PWY-5667: CDP-diacylglycerol biosynthesis I|g__Blautia.s__Blautia_wexlerae	27.1515575430
PWY-5667: CDP-diacylglycerol biosynthesis I|g__Anaerostipes.s__Anaerostipes_hadrus	22.7357554233
PWY-5667: CDP-diacylglycerol biosynthesis I|g__Bacteroides.s__Bacteroides_sp_CAG_875	19.6650629650
PWY-5667: CDP-diacylglycerol biosynthesis I|g__Parabacteroides.s__Parabacteroides_merdae	17.2539650939
PWY-5667: CDP-diacylglycerol biosynthesis I|g__Eubacterium.s__Eubacterium_eligens	17.2424323595
PWY-5667: CDP-diacylglycerol biosynthesis I|g__Roseburia.s__Roseburia_intestinalis	17.0560093838
PWY-5667: CDP-diacylglycerol biosynthesis I|g__Bacteroides.s__Bacteroides_salyersiae	15.1528397004
PWY-5667: CDP-diacylglycerol biosynthesis I|g__Eubacterium.s__Eubacterium_hallii	13.0527002774
PWY-5667: CDP-diacylglycerol biosynthesis I|g__Clostridium.s__Clostridium_sp_AM22_11AC	11.5779979731
PWY-5667: CDP-diacylglycerol biosynthesis I|g__Bacteroides.s__Bacteroides_xylanisolvens	11.1205535145
PWY-5667: CDP-diacylglycerol biosynthesis I|g__Parabacteroides.s__Parabacteroides_distasonis	7.9701120797
PWY-5667: CDP-diacylglycerol biosynthesis I|g__Bacteroides.s__Bacteroides_ovatus	4.3503621390
PWY0-1319: CDP-diacylglycerol biosynthesis II	1155.6834729032
PWY0-1319: CDP-diacylglycerol biosynthesis II|g__Bacteroides.s__Bacteroides_uniformis	113.1579000168
PWY0-1319: CDP-diacylglycerol biosynthesis II|g__Faecalibacterium.s__Faecalibacterium_prausnitzii	90.8879415536
PWY0-1319: CDP-diacylglycerol biosynthesis II|g__Roseburia.s__Roseburia_faecis	89.9524068445
PWY0-1319: CDP-diacylglycerol biosynthesis II|unclassified	63.4918296323
PWY0-1319: CDP-diacylglycerol biosynthesis II|g__Bacteroides.s__Bacteroides_dorei	57.6485306329
PWY0-1319: CDP-diacylglycerol biosynthesis II|g__Blautia.s__Ruminococcus_torques	57.1336629879
PWY0-1319: CDP-diacylglycerol biosynthesis II|g__Blautia.s__Blautia_obeum	53.8230018614
PWY0-1319: CDP-diacylglycerol biosynthesis II|g__Lachnospiraceae_unclassified.s__Eubacterium_rectale	43.5669107560
PWY0-1319: CDP-diacylglycerol biosynthesis II|g__Bacteroides.s__Bacteroides_vulgatus	35.1266754010
PWY0-1319: CDP-diacylglycerol biosynthesis II|g__Paraprevotella.s__Paraprevotella_clara	33.8658716968
PWY0-1319: CDP-diacylglycerol biosynthesis II|g__Lachnospira.s__Lachnospira_pectinoschiza	33.7078829523
PWY0-1319: CDP-diacylglycerol biosynthesis II|g__Fusicatenibacter.s__Fusicatenibacter_saccharivorans	30.1321347165
PWY0-1319: CDP-diacylglycerol biosynthesis II|g__Blautia.s__Blautia_wexlerae	27.1515575430
PWY0-1319: CDP-diacylglycerol biosynthesis II|g__Anaerostipes.s__Anaerostipes_hadrus	22.7357554233
PWY0-1319: CDP-diacylglycerol biosynthesis II|g__Bacteroides.s__Bacteroides_sp_CAG_875	19.6650629650
PWY0-1319: CDP-diacylglycerol biosynthesis II|g__Parabacteroides.s__Parabacteroides_merdae	17.2539650939
PWY0-1319: CDP-diacylglycerol biosynthesis II|g__Eubacterium.s__Eubacterium_eligens	17.2424323595
PWY0-1319: CDP-diacylglycerol biosynthesis II|g__Roseburia.s__Roseburia_intestinalis	17.0560093838
PWY0-1319: CDP-diacylglycerol biosynthesis II|g__Bacteroides.s__Bacteroides_salyersiae	15.1528397004
PWY0-1319: CDP-diacylglycerol biosynthesis II|g__Eubacterium.s__Eubacterium_hallii	13.0527002774
PWY0-1319: CDP-diacylglycerol biosynthesis II|g__Clostridium.s__Clostridium_sp_AM22_11AC	11.5779979731
PWY0-1319: CDP-diacylglycerol biosynthesis II|g__Bacteroides.s__Bacteroides_xylanisolvens	11.1205535145
PWY0-1319: CDP-diacylglycerol biosynthesis II|g__Parabacteroides.s__Parabacteroides_distasonis	7.9701120797
PWY0-1319: CDP-diacylglycerol biosynthesis II|g__Bacteroides.s__Bacteroides_ovatus	4.3503621390
PWY-7977: L-methionine biosynthesis IV	1151.3233718980
PWY-7977: L-methionine biosynthesis IV|g__Bacteroides.s__Bacteroides_uniformis	103.9434077744
PWY-7977: L-methionine biosynthesis IV|g__Bacteroides.s__Bacteroides_dorei	62.9056498725
PWY-7977: L-methionine biosynthesis IV|g__Alistipes.s__Alistipes_putredinis	56.8846145192
PWY-7977: L-methionine biosynthesis IV|g__Bacteroides.s__Bacteroides_vulgatus	48.3624046784
PWY-7977: L-methionine biosynthesis IV|g__Lachnospira.s__Lachnospira_pectinoschiza	44.3195741743
PWY-7977: L-methionine biosynthesis IV|g__Collinsella.s__Collinsella_aerofaciens	33.6223485236
PWY-7977: L-methionine biosynthesis IV|g__Paraprevotella.s__Paraprevotella_clara	33.5286206217
PWY-7977: L-methionine biosynthesis IV|g__Bacteroides.s__Bacteroides_sp_CAG_875	33.1773233313
PWY-7977: L-methionine biosynthesis IV|g__Faecalibacterium.s__Faecalibacterium_prausnitzii	31.6816937499
PWY-7977: L-methionine biosynthesis IV|g__Blautia.s__Ruminococcus_torques	24.0931844203
PWY-7977: L-methionine biosynthesis IV|g__Anaerostipes.s__Anaerostipes_hadrus	23.0017969033
PWY-7977: L-methionine biosynthesis IV|g__Parabacteroides.s__Parabacteroides_merdae	21.7574576197
PWY-7977: L-methionine biosynthesis IV|g__Eubacterium.s__Eubacterium_eligens	21.3404361104
PWY-7977: L-methionine biosynthesis IV|g__Parabacteroides.s__Parabacteroides_distasonis	20.4406821622
PWY-7977: L-methionine biosynthesis IV|g__Bacteroides.s__Bacteroides_salyersiae	19.1221408919
PWY-7977: L-methionine biosynthesis IV|g__Bacteroides.s__Bacteroides_thetaiotaomicron	18.2562333379
PWY-7977: L-methionine biosynthesis IV|g__Dorea.s__Dorea_longicatena	13.8052425475
PWY-7977: L-methionine biosynthesis IV|unclassified	12.9373258191
PWY-7977: L-methionine biosynthesis IV|g__Eubacterium.s__Eubacterium_hallii	7.8159797100
PWY-7977: L-methionine biosynthesis IV|g__Bacteroides.s__Bacteroides_xylanisolvens	6.8912964251
PWY-7977: L-methionine biosynthesis IV|g__Bacteroides.s__Bacteroides_ovatus	6.0953354981
PWY-6629: superpathway of L-tryptophan biosynthesis	1148.2641420305
PWY-6629: superpathway of L-tryptophan biosynthesis|g__Blautia.s__Ruminococcus_torques	84.2093888742
PWY-6629: superpathway of L-tryptophan biosynthesis|g__Roseburia.s__Roseburia_faecis	77.3939970705
PWY-6629: superpathway of L-tryptophan biosynthesis|g__Blautia.s__Blautia_obeum	58.9360716184
PWY-6629: superpathway of L-tryptophan biosynthesis|g__Blautia.s__Blautia_wexlerae	42.0900055211
PWY-6629: superpathway of L-tryptophan biosynthesis|g__Lachnospira.s__Lachnospira_pectinoschiza	36.6326547494
PWY-6629: superpathway of L-tryptophan biosynthesis|unclassified	35.3458765432
PWY-6629: superpathway of L-tryptophan biosynthesis|g__Fusicatenibacter.s__Fusicatenibacter_saccharivorans	32.7228986030
PWY-6629: superpathway of L-tryptophan biosynthesis|g__Eubacterium.s__Eubacterium_eligens	22.8766448716
PWY-6629: superpathway of L-tryptophan biosynthesis|g__Roseburia.s__Roseburia_intestinalis	16.5412386307
ARGSYNBSUB-PWY: L-arginine biosynthesis II (acetyl cycle)	1144.7422297102
ARGSYNBSUB-PWY: L-arginine biosynthesis II (acetyl cycle)|g__Faecalibacterium.s__Faecalibacterium_prausnitzii	128.6908772697
ARGSYNBSUB-PWY: L-arginine biosynthesis II (acetyl cycle)|unclassified	127.9705128332
ARGSYNBSUB-PWY: L-arginine biosynthesis II (acetyl cycle)|g__Blautia.s__Ruminococcus_torques	100.7827043297
ARGSYNBSUB-PWY: L-arginine biosynthesis II (acetyl cycle)|g__Blautia.s__Blautia_wexlerae	90.7931464333
ARGSYNBSUB-PWY: L-arginine biosynthesis II (acetyl cycle)|g__Roseburia.s__Roseburia_faecis	85.4276103478
ARGSYNBSUB-PWY: L-arginine biosynthesis II (acetyl cycle)|g__Lachnospira.s__Lachnospira_pectinoschiza	40.8080536393
ARGSYNBSUB-PWY: L-arginine biosynthesis II (acetyl cycle)|g__Ruminococcus.s__Ruminococcus_bromii	36.7499872412
ARGSYNBSUB-PWY: L-arginine biosynthesis II (acetyl cycle)|g__Collinsella.s__Collinsella_aerofaciens	34.8016297178
ARGSYNBSUB-PWY: L-arginine biosynthesis II (acetyl cycle)|g__Fusicatenibacter.s__Fusicatenibacter_saccharivorans	32.3585004953
ARGSYNBSUB-PWY: L-arginine biosynthesis II (acetyl cycle)|g__Lachnospiraceae_unclassified.s__Eubacterium_rectale	27.2806248163
ARGSYNBSUB-PWY: L-arginine biosynthesis II (acetyl cycle)|g__Gemmiger.s__Gemmiger_formicilis	26.0262646767
ARGSYNBSUB-PWY: L-arginine biosynthesis II (acetyl cycle)|g__Eubacterium.s__Eubacterium_eligens	24.3074501573
ARGSYNBSUB-PWY: L-arginine biosynthesis II (acetyl cycle)|g__Anaerostipes.s__Anaerostipes_hadrus	19.5588042228
ARGSYNBSUB-PWY: L-arginine biosynthesis II (acetyl cycle)|g__Clostridium.s__Clostridium_sp_AM22_11AC	16.2700173160
ARGSYNBSUB-PWY: L-arginine biosynthesis II (acetyl cycle)|g__Roseburia.s__Roseburia_intestinalis	15.1709252828
ARGSYNBSUB-PWY: L-arginine biosynthesis II (acetyl cycle)|g__Subdoligranulum.s__Subdoligranulum_sp_APC924_74	9.6030194917
ARGSYNBSUB-PWY: L-arginine biosynthesis II (acetyl cycle)|g__Blautia.s__Blautia_sp_CAG_52	8.0925496309
ARGSYNBSUB-PWY: L-arginine biosynthesis II (acetyl cycle)|g__Blautia.s__Blautia_obeum	7.1150167035
PWY-6122: 5-aminoimidazole ribonucleotide biosynthesis II	1137.3554737852
PWY-6122: 5-aminoimidazole ribonucleotide biosynthesis II|unclassified	114.2954465231
PWY-6122: 5-aminoimidazole ribonucleotide biosynthesis II|g__Bacteroides.s__Bacteroides_uniformis	114.0029802265
PWY-6122: 5-aminoimidazole ribonucleotide biosynthesis II|g__Faecalibacterium.s__Faecalibacterium_prausnitzii	103.4920714981
PWY-6122: 5-aminoimidazole ribonucleotide biosynthesis II|g__Blautia.s__Ruminococcus_torques	85.3352144699
PWY-6122: 5-aminoimidazole ribonucleotide biosynthesis II|g__Roseburia.s__Roseburia_faecis	82.9458381241
PWY-6122: 5-aminoimidazole ribonucleotide biosynthesis II|g__Bacteroides.s__Bacteroides_dorei	66.3335184039
PWY-6122: 5-aminoimidazole ribonucleotide biosynthesis II|g__Alistipes.s__Alistipes_putredinis	55.6673085768
PWY-6122: 5-aminoimidazole ribonucleotide biosynthesis II|g__Blautia.s__Blautia_obeum	54.0834053397
PWY-6122: 5-aminoimidazole ribonucleotide biosynthesis II|g__Blautia.s__Blautia_wexlerae	51.2936867738
PWY-6122: 5-aminoimidazole ribonucleotide biosynthesis II|g__Collinsella.s__Collinsella_aerofaciens	46.4960011122
PWY-6122: 5-aminoimidazole ribonucleotide biosynthesis II|g__Lachnospira.s__Lachnospira_pectinoschiza	37.0892901151
PWY-6122: 5-aminoimidazole ribonucleotide biosynthesis II|g__Eubacterium.s__Eubacterium_sp_CAG_180	35.7220274983
PWY-6122: 5-aminoimidazole ribonucleotide biosynthesis II|g__Paraprevotella.s__Paraprevotella_clara	33.9654580790
PWY-6122: 5-aminoimidazole ribonucleotide biosynthesis II|g__Bacteroides.s__Bacteroides_sp_CAG_875	30.8670333350
PWY-6122: 5-aminoimidazole ribonucleotide biosynthesis II|g__Bacteroides.s__Bacteroides_vulgatus	28.0738707292
PWY-6122: 5-aminoimidazole ribonucleotide biosynthesis II|g__Ruminococcus.s__Ruminococcus_bromii	27.2026517345
PWY-6122: 5-aminoimidazole ribonucleotide biosynthesis II|g__Lachnospiraceae_unclassified.s__Eubacterium_rectale	24.6304941408
PWY-6122: 5-aminoimidazole ribonucleotide biosynthesis II|g__Fusicatenibacter.s__Fusicatenibacter_saccharivorans	22.4159297612
PWY-6122: 5-aminoimidazole ribonucleotide biosynthesis II|g__Anaerostipes.s__Anaerostipes_hadrus	21.2739424734
PWY-6122: 5-aminoimidazole ribonucleotide biosynthesis II|g__Eubacterium.s__Eubacterium_eligens	21.1899531027
PWY-6122: 5-aminoimidazole ribonucleotide biosynthesis II|g__Bacteroides.s__Bacteroides_thetaiotaomicron	18.2475060375
PWY-6122: 5-aminoimidazole ribonucleotide biosynthesis II|g__Parabacteroides.s__Parabacteroides_distasonis	16.8998508793
PWY-6122: 5-aminoimidazole ribonucleotide biosynthesis II|g__Gemmiger.s__Gemmiger_formicilis	16.4361207233
PWY-6122: 5-aminoimidazole ribonucleotide biosynthesis II|g__Parabacteroides.s__Parabacteroides_merdae	15.7611268182
PWY-6122: 5-aminoimidazole ribonucleotide biosynthesis II|g__Roseburia.s__Roseburia_intestinalis	15.3253799506
PWY-6122: 5-aminoimidazole ribonucleotide biosynthesis II|g__Firmicutes_unclassified.s__Firmicutes_bacterium_CAG_65_45_313	12.5837294219
PWY-6122: 5-aminoimidazole ribonucleotide biosynthesis II|g__Bacteroides.s__Bacteroides_salyersiae	11.0013002290
PWY-6122: 5-aminoimidazole ribonucleotide biosynthesis II|g__Proteobacteria_unclassified.s__Proteobacteria_bacterium_CAG_139	10.2486357954
PWY-6122: 5-aminoimidazole ribonucleotide biosynthesis II|g__Clostridium.s__Clostridium_sp_AM22_11AC	10.2264873362
PWY-6122: 5-aminoimidazole ribonucleotide biosynthesis II|g__Eubacterium.s__Eubacterium_hallii	9.7240747328
PWY-6122: 5-aminoimidazole ribonucleotide biosynthesis II|g__Bacteroides.s__Bacteroides_xylanisolvens	9.2280185714
PWY-6122: 5-aminoimidazole ribonucleotide biosynthesis II|g__Firmicutes_unclassified.s__Firmicutes_bacterium_CAG_41	8.9552238806
PWY-6122: 5-aminoimidazole ribonucleotide biosynthesis II|g__Bifidobacterium.s__Bifidobacterium_pseudocatenulatum	5.4965111206
PWY-6122: 5-aminoimidazole ribonucleotide biosynthesis II|g__Lawsonibacter.s__Lawsonibacter_asaccharolyticus	4.8921114703
PWY-6122: 5-aminoimidazole ribonucleotide biosynthesis II|g__Blautia.s__Blautia_sp_CAG_52	4.6058259825
PWY-6122: 5-aminoimidazole ribonucleotide biosynthesis II|g__Bacteroides.s__Bacteroides_ovatus	4.4570112054
PWY-6122: 5-aminoimidazole ribonucleotide biosynthesis II|g__Bifidobacterium.s__Bifidobacterium_adolescentis	2.9747149232
PWY-6122: 5-aminoimidazole ribonucleotide biosynthesis II|g__Streptococcus.s__Streptococcus_salivarius	1.3086864060
PWY-6277: superpathway of 5-aminoimidazole ribonucleotide biosynthesis	1137.3554737852
PWY-6277: superpathway of 5-aminoimidazole ribonucleotide biosynthesis|unclassified	114.2954465231
PWY-6277: superpathway of 5-aminoimidazole ribonucleotide biosynthesis|g__Bacteroides.s__Bacteroides_uniformis	114.0029802265
PWY-6277: superpathway of 5-aminoimidazole ribonucleotide biosynthesis|g__Faecalibacterium.s__Faecalibacterium_prausnitzii	103.4920714981
PWY-6277: superpathway of 5-aminoimidazole ribonucleotide biosynthesis|g__Blautia.s__Ruminococcus_torques	85.3352144699
PWY-6277: superpathway of 5-aminoimidazole ribonucleotide biosynthesis|g__Roseburia.s__Roseburia_faecis	82.9458381241
PWY-6277: superpathway of 5-aminoimidazole ribonucleotide biosynthesis|g__Bacteroides.s__Bacteroides_dorei	66.3335184039
PWY-6277: superpathway of 5-aminoimidazole ribonucleotide biosynthesis|g__Alistipes.s__Alistipes_putredinis	55.6673085768
PWY-6277: superpathway of 5-aminoimidazole ribonucleotide biosynthesis|g__Blautia.s__Blautia_obeum	54.0834053397
PWY-6277: superpathway of 5-aminoimidazole ribonucleotide biosynthesis|g__Blautia.s__Blautia_wexlerae	51.2936867738
PWY-6277: superpathway of 5-aminoimidazole ribonucleotide biosynthesis|g__Collinsella.s__Collinsella_aerofaciens	46.4960011122
PWY-6277: superpathway of 5-aminoimidazole ribonucleotide biosynthesis|g__Lachnospira.s__Lachnospira_pectinoschiza	37.0892901151
PWY-6277: superpathway of 5-aminoimidazole ribonucleotide biosynthesis|g__Eubacterium.s__Eubacterium_sp_CAG_180	35.7220274983
PWY-6277: superpathway of 5-aminoimidazole ribonucleotide biosynthesis|g__Paraprevotella.s__Paraprevotella_clara	33.9654580790
PWY-6277: superpathway of 5-aminoimidazole ribonucleotide biosynthesis|g__Bacteroides.s__Bacteroides_sp_CAG_875	30.8670333350
PWY-6277: superpathway of 5-aminoimidazole ribonucleotide biosynthesis|g__Bacteroides.s__Bacteroides_vulgatus	28.0738707292
PWY-6277: superpathway of 5-aminoimidazole ribonucleotide biosynthesis|g__Ruminococcus.s__Ruminococcus_bromii	27.2026517345
PWY-6277: superpathway of 5-aminoimidazole ribonucleotide biosynthesis|g__Lachnospiraceae_unclassified.s__Eubacterium_rectale	24.6304941408
PWY-6277: superpathway of 5-aminoimidazole ribonucleotide biosynthesis|g__Fusicatenibacter.s__Fusicatenibacter_saccharivorans	22.4159297612
PWY-6277: superpathway of 5-aminoimidazole ribonucleotide biosynthesis|g__Anaerostipes.s__Anaerostipes_hadrus	21.2739424734
PWY-6277: superpathway of 5-aminoimidazole ribonucleotide biosynthesis|g__Eubacterium.s__Eubacterium_eligens	21.1899531027
PWY-6277: superpathway of 5-aminoimidazole ribonucleotide biosynthesis|g__Bacteroides.s__Bacteroides_thetaiotaomicron	18.2475060375
PWY-6277: superpathway of 5-aminoimidazole ribonucleotide biosynthesis|g__Parabacteroides.s__Parabacteroides_distasonis	16.8998508793
PWY-6277: superpathway of 5-aminoimidazole ribonucleotide biosynthesis|g__Gemmiger.s__Gemmiger_formicilis	16.4361207233
PWY-6277: superpathway of 5-aminoimidazole ribonucleotide biosynthesis|g__Parabacteroides.s__Parabacteroides_merdae	15.7611268182
PWY-6277: superpathway of 5-aminoimidazole ribonucleotide biosynthesis|g__Roseburia.s__Roseburia_intestinalis	15.3253799506
PWY-6277: superpathway of 5-aminoimidazole ribonucleotide biosynthesis|g__Firmicutes_unclassified.s__Firmicutes_bacterium_CAG_65_45_313	12.5837294219
PWY-6277: superpathway of 5-aminoimidazole ribonucleotide biosynthesis|g__Bacteroides.s__Bacteroides_salyersiae	11.0013002290
PWY-6277: superpathway of 5-aminoimidazole ribonucleotide biosynthesis|g__Proteobacteria_unclassified.s__Proteobacteria_bacterium_CAG_139	10.2486357954
PWY-6277: superpathway of 5-aminoimidazole ribonucleotide biosynthesis|g__Clostridium.s__Clostridium_sp_AM22_11AC	10.2264873362
PWY-6277: superpathway of 5-aminoimidazole ribonucleotide biosynthesis|g__Eubacterium.s__Eubacterium_hallii	9.7240747328
PWY-6277: superpathway of 5-aminoimidazole ribonucleotide biosynthesis|g__Bacteroides.s__Bacteroides_xylanisolvens	9.2280185714
PWY-6277: superpathway of 5-aminoimidazole ribonucleotide biosynthesis|g__Firmicutes_unclassified.s__Firmicutes_bacterium_CAG_41	8.9552238806
PWY-6277: superpathway of 5-aminoimidazole ribonucleotide biosynthesis|g__Bifidobacterium.s__Bifidobacterium_pseudocatenulatum	5.4965111206
PWY-6277: superpathway of 5-aminoimidazole ribonucleotide biosynthesis|g__Lawsonibacter.s__Lawsonibacter_asaccharolyticus	4.8921114703
PWY-6277: superpathway of 5-aminoimidazole ribonucleotide biosynthesis|g__Blautia.s__Blautia_sp_CAG_52	4.6058259825
PWY-6277: superpathway of 5-aminoimidazole ribonucleotide biosynthesis|g__Bacteroides.s__Bacteroides_ovatus	4.4570112054
PWY-6277: superpathway of 5-aminoimidazole ribonucleotide biosynthesis|g__Bifidobacterium.s__Bifidobacterium_adolescentis	2.9747149232
PWY-6277: superpathway of 5-aminoimidazole ribonucleotide biosynthesis|g__Streptococcus.s__Streptococcus_salivarius	1.3086864060
ARGSYN-PWY: L-arginine biosynthesis I (via L-ornithine)	1108.1836830819
ARGSYN-PWY: L-arginine biosynthesis I (via L-ornithine)|g__Faecalibacterium.s__Faecalibacterium_prausnitzii	132.6808368378
ARGSYN-PWY: L-arginine biosynthesis I (via L-ornithine)|unclassified	115.8983884146
ARGSYN-PWY: L-arginine biosynthesis I (via L-ornithine)|g__Blautia.s__Blautia_wexlerae	93.9136121539
ARGSYN-PWY: L-arginine biosynthesis I (via L-ornithine)|g__Blautia.s__Ruminococcus_torques	91.1728824931
ARGSYN-PWY: L-arginine biosynthesis I (via L-ornithine)|g__Roseburia.s__Roseburia_faecis	85.7012979100
ARGSYN-PWY: L-arginine biosynthesis I (via L-ornithine)|g__Lachnospira.s__Lachnospira_pectinoschiza	37.4628349659
ARGSYN-PWY: L-arginine biosynthesis I (via L-ornithine)|g__Collinsella.s__Collinsella_aerofaciens	34.2597711942
ARGSYN-PWY: L-arginine biosynthesis I (via L-ornithine)|g__Fusicatenibacter.s__Fusicatenibacter_saccharivorans	28.0024262194
ARGSYN-PWY: L-arginine biosynthesis I (via L-ornithine)|g__Gemmiger.s__Gemmiger_formicilis	24.6532096897
ARGSYN-PWY: L-arginine biosynthesis I (via L-ornithine)|g__Eubacterium.s__Eubacterium_eligens	23.0671582155
ARGSYN-PWY: L-arginine biosynthesis I (via L-ornithine)|g__Lachnospiraceae_unclassified.s__Eubacterium_rectale	20.2521847934
ARGSYN-PWY: L-arginine biosynthesis I (via L-ornithine)|g__Anaerostipes.s__Anaerostipes_hadrus	16.7858375146
ARGSYN-PWY: L-arginine biosynthesis I (via L-ornithine)|g__Clostridium.s__Clostridium_sp_AM22_11AC	15.2956764966
ARGSYN-PWY: L-arginine biosynthesis I (via L-ornithine)|g__Roseburia.s__Roseburia_intestinalis	10.8293235718
ARGSYN-PWY: L-arginine biosynthesis I (via L-ornithine)|g__Blautia.s__Blautia_obeum	5.1299635045
1CMET2-PWY: folate transformations III (E. coli)	1101.0013374579
1CMET2-PWY: folate transformations III (E. coli)|g__Roseburia.s__Roseburia_faecis	84.0900469158
1CMET2-PWY: folate transformations III (E. coli)|g__Alistipes.s__Alistipes_putredinis	57.7737911217
1CMET2-PWY: folate transformations III (E. coli)|g__Bacteroides.s__Bacteroides_dorei	55.0763175696
1CMET2-PWY: folate transformations III (E. coli)|g__Blautia.s__Ruminococcus_torques	55.0223023999
1CMET2-PWY: folate transformations III (E. coli)|g__Bacteroides.s__Bacteroides_vulgatus	46.6490105144
1CMET2-PWY: folate transformations III (E. coli)|g__Paraprevotella.s__Paraprevotella_clara	32.6157225168
1CMET2-PWY: folate transformations III (E. coli)|unclassified	22.6893128918
1CMET2-PWY: folate transformations III (E. coli)|g__Bacteroides.s__Bacteroides_thetaiotaomicron	19.5568334937
1CMET2-PWY: folate transformations III (E. coli)|g__Parabacteroides.s__Parabacteroides_merdae	19.3595478163
1CMET2-PWY: folate transformations III (E. coli)|g__Blautia.s__Blautia_wexlerae	17.5518355982
1CMET2-PWY: folate transformations III (E. coli)|g__Anaerostipes.s__Anaerostipes_hadrus	16.5637292348
1CMET2-PWY: folate transformations III (E. coli)|g__Bacteroides.s__Bacteroides_salyersiae	11.1385892446
1CMET2-PWY: folate transformations III (E. coli)|g__Bacteroides.s__Bacteroides_xylanisolvens	9.4329815696
1CMET2-PWY: folate transformations III (E. coli)|g__Dorea.s__Dorea_longicatena	6.7636787377
1CMET2-PWY: folate transformations III (E. coli)|g__Bacteroides.s__Bacteroides_ovatus	4.5508555391
1CMET2-PWY: folate transformations III (E. coli)|g__Blautia.s__Blautia_obeum	3.1250449975
PWY-2942: L-lysine biosynthesis III	1097.5999133716
PWY-2942: L-lysine biosynthesis III|g__Bacteroides.s__Bacteroides_uniformis	114.3898656666
PWY-2942: L-lysine biosynthesis III|unclassified	46.4198981185
PWY-2942: L-lysine biosynthesis III|g__Lachnospira.s__Lachnospira_pectinoschiza	45.1989698828
PWY-2942: L-lysine biosynthesis III|g__Blautia.s__Ruminococcus_torques	43.0137949456
PWY-2942: L-lysine biosynthesis III|g__Bacteroides.s__Bacteroides_sp_CAG_875	31.8521640606
PWY-2942: L-lysine biosynthesis III|g__Parabacteroides.s__Parabacteroides_distasonis	25.9755678771
PWY-2942: L-lysine biosynthesis III|g__Anaerostipes.s__Anaerostipes_hadrus	23.5614849202
PWY-2942: L-lysine biosynthesis III|g__Parabacteroides.s__Parabacteroides_merdae	22.3559194871
PWY-2942: L-lysine biosynthesis III|g__Eubacterium.s__Eubacterium_hallii	12.9726192053
PWY-724: superpathway of L-lysine, L-threonine and L-methionine biosynthesis II	1094.1516514336
PWY-724: superpathway of L-lysine, L-threonine and L-methionine biosynthesis II|g__Faecalibacterium.s__Faecalibacterium_prausnitzii	72.5095291027
PWY-724: superpathway of L-lysine, L-threonine and L-methionine biosynthesis II|unclassified	50.8321770176
PWY-724: superpathway of L-lysine, L-threonine and L-methionine biosynthesis II|g__Lachnospira.s__Lachnospira_pectinoschiza	48.1798254868
PWY-724: superpathway of L-lysine, L-threonine and L-methionine biosynthesis II|g__Bacteroides.s__Bacteroides_uniformis	44.4060080521
PWY-724: superpathway of L-lysine, L-threonine and L-methionine biosynthesis II|g__Blautia.s__Blautia_obeum	43.4220893694
PWY-724: superpathway of L-lysine, L-threonine and L-methionine biosynthesis II|g__Blautia.s__Ruminococcus_torques	42.1601809669
PWY-724: superpathway of L-lysine, L-threonine and L-methionine biosynthesis II|g__Anaerostipes.s__Anaerostipes_hadrus	20.4248842265
PWY-724: superpathway of L-lysine, L-threonine and L-methionine biosynthesis II|g__Eubacterium.s__Eubacterium_hallii	11.6277275659
PWY-8178: pentose phosphate pathway (non-oxidative branch) II	1087.2923612303
PWY-8178: pentose phosphate pathway (non-oxidative branch) II|g__Roseburia.s__Roseburia_faecis	100.9631796162
PWY-8178: pentose phosphate pathway (non-oxidative branch) II|g__Blautia.s__Blautia_wexlerae	91.5888289121
PWY-8178: pentose phosphate pathway (non-oxidative branch) II|g__Blautia.s__Ruminococcus_torques	89.9024609310
PWY-8178: pentose phosphate pathway (non-oxidative branch) II|unclassified	65.1863694193
PWY-8178: pentose phosphate pathway (non-oxidative branch) II|g__Lachnospiraceae_unclassified.s__Eubacterium_rectale	51.4375943186
PWY-8178: pentose phosphate pathway (non-oxidative branch) II|g__Lachnospira.s__Lachnospira_pectinoschiza	48.7577116742
PWY-8178: pentose phosphate pathway (non-oxidative branch) II|g__Anaerostipes.s__Anaerostipes_hadrus	42.6205238923
PWY-8178: pentose phosphate pathway (non-oxidative branch) II|g__Collinsella.s__Collinsella_aerofaciens	39.6251889285
PWY-8178: pentose phosphate pathway (non-oxidative branch) II|g__Fusicatenibacter.s__Fusicatenibacter_saccharivorans	31.0160405697
PWY-8178: pentose phosphate pathway (non-oxidative branch) II|g__Clostridium.s__Clostridium_sp_AM22_11AC	27.2337984001
PWY-8178: pentose phosphate pathway (non-oxidative branch) II|g__Eubacterium.s__Eubacterium_hallii	26.7330748850
PWY-8178: pentose phosphate pathway (non-oxidative branch) II|g__Eubacterium.s__Eubacterium_eligens	25.9865685296
PWY-8178: pentose phosphate pathway (non-oxidative branch) II|g__Faecalibacterium.s__Faecalibacterium_prausnitzii	24.1560707301
PWY-8178: pentose phosphate pathway (non-oxidative branch) II|g__Blautia.s__Blautia_obeum	24.1185664488
PWY-8178: pentose phosphate pathway (non-oxidative branch) II|g__Parabacteroides.s__Parabacteroides_distasonis	11.6308866592
PWY-8178: pentose phosphate pathway (non-oxidative branch) II|g__Bacteroides.s__Bacteroides_xylanisolvens	7.9135234065
HISTSYN-PWY: L-histidine biosynthesis	1086.7717136303
HISTSYN-PWY: L-histidine biosynthesis|g__Bacteroides.s__Bacteroides_uniformis	130.1715643200
HISTSYN-PWY: L-histidine biosynthesis|g__Faecalibacterium.s__Faecalibacterium_prausnitzii	94.3302270381
HISTSYN-PWY: L-histidine biosynthesis|unclassified	65.9979965764
HISTSYN-PWY: L-histidine biosynthesis|g__Blautia.s__Ruminococcus_torques	65.0314565671
HISTSYN-PWY: L-histidine biosynthesis|g__Bacteroides.s__Bacteroides_dorei	57.7348025382
HISTSYN-PWY: L-histidine biosynthesis|g__Paraprevotella.s__Paraprevotella_clara	40.8466854831
HISTSYN-PWY: L-histidine biosynthesis|g__Bacteroides.s__Bacteroides_vulgatus	37.4831371650
HISTSYN-PWY: L-histidine biosynthesis|g__Eubacterium.s__Eubacterium_sp_CAG_180	33.3046471411
HISTSYN-PWY: L-histidine biosynthesis|g__Collinsella.s__Collinsella_aerofaciens	31.9065989370
HISTSYN-PWY: L-histidine biosynthesis|g__Bacteroides.s__Bacteroides_thetaiotaomicron	19.8096963525
HISTSYN-PWY: L-histidine biosynthesis|g__Parabacteroides.s__Parabacteroides_merdae	16.2854848223
HISTSYN-PWY: L-histidine biosynthesis|g__Parabacteroides.s__Parabacteroides_distasonis	13.9970157015
HISTSYN-PWY: L-histidine biosynthesis|g__Bacteroides.s__Bacteroides_salyersiae	13.3764471389
HISTSYN-PWY: L-histidine biosynthesis|g__Clostridium.s__Clostridium_sp_AM22_11AC	11.8218365641
HISTSYN-PWY: L-histidine biosynthesis|g__Bacteroides.s__Bacteroides_ovatus	6.3658550728
HISTSYN-PWY: L-histidine biosynthesis|g__Bacteroides.s__Bacteroides_xylanisolvens	6.0181464967
PWY-5103: L-isoleucine biosynthesis III	1080.9713186071
PWY-5103: L-isoleucine biosynthesis III|g__Bacteroides.s__Bacteroides_uniformis	107.1298017012
PWY-5103: L-isoleucine biosynthesis III|g__Blautia.s__Ruminococcus_torques	79.1495399462
PWY-5103: L-isoleucine biosynthesis III|g__Lachnospiraceae_unclassified.s__Eubacterium_rectale	27.9689745288
PWY-5103: L-isoleucine biosynthesis III|g__Eubacterium.s__Eubacterium_eligens	27.6930091377
PWY-5103: L-isoleucine biosynthesis III|g__Blautia.s__Blautia_wexlerae	25.0827676150
PWY-5103: L-isoleucine biosynthesis III|g__Roseburia.s__Roseburia_intestinalis	21.8835592339
PWY-5103: L-isoleucine biosynthesis III|g__Gemmiger.s__Gemmiger_formicilis	19.2900992939
PWY-5103: L-isoleucine biosynthesis III|unclassified	18.0005031686
PWY-5103: L-isoleucine biosynthesis III|g__Anaerostipes.s__Anaerostipes_hadrus	17.8551120533
PWY-5103: L-isoleucine biosynthesis III|g__Bacteroides.s__Bacteroides_thetaiotaomicron	16.5471422277
PWY-5103: L-isoleucine biosynthesis III|g__Parabacteroides.s__Parabacteroides_distasonis	15.2758180188
PWY-5103: L-isoleucine biosynthesis III|g__Candidatus_Gastranaerophilales_unclassified.s__Candidatus_Gastranaerophilales_bacterium_HUM_10	8.6635879999
PWY-5103: L-isoleucine biosynthesis III|g__Bacteroides.s__Bacteroides_ovatus	8.0890385663
PWY-5103: L-isoleucine biosynthesis III|g__Bacteroides.s__Bacteroides_xylanisolvens	6.4808069952
PWY-5103: L-isoleucine biosynthesis III|g__Parabacteroides.s__Parabacteroides_merdae	5.0380041021
PWY-5103: L-isoleucine biosynthesis III|g__Blautia.s__Blautia_obeum	3.2169414080
PWY-7357: thiamine phosphate formation from pyrithiamine and oxythiamine (yeast)	1070.8294941032
PWY-7357: thiamine phosphate formation from pyrithiamine and oxythiamine (yeast)|g__Faecalibacterium.s__Faecalibacterium_prausnitzii	149.2736250032
PWY-7357: thiamine phosphate formation from pyrithiamine and oxythiamine (yeast)|g__Roseburia.s__Roseburia_faecis	114.0876832101
PWY-7357: thiamine phosphate formation from pyrithiamine and oxythiamine (yeast)|g__Bacteroides.s__Bacteroides_uniformis	100.7617293481
PWY-7357: thiamine phosphate formation from pyrithiamine and oxythiamine (yeast)|g__Blautia.s__Blautia_obeum	76.0815290532
PWY-7357: thiamine phosphate formation from pyrithiamine and oxythiamine (yeast)|g__Blautia.s__Blautia_wexlerae	63.5458595082
PWY-7357: thiamine phosphate formation from pyrithiamine and oxythiamine (yeast)|g__Blautia.s__Ruminococcus_torques	60.2624513723
PWY-7357: thiamine phosphate formation from pyrithiamine and oxythiamine (yeast)|g__Lachnospira.s__Lachnospira_pectinoschiza	44.6354237444
PWY-7357: thiamine phosphate formation from pyrithiamine and oxythiamine (yeast)|g__Lachnospiraceae_unclassified.s__Eubacterium_rectale	35.2503576538
PWY-7357: thiamine phosphate formation from pyrithiamine and oxythiamine (yeast)|g__Collinsella.s__Collinsella_aerofaciens	27.7558074542
PWY-7357: thiamine phosphate formation from pyrithiamine and oxythiamine (yeast)|g__Roseburia.s__Roseburia_intestinalis	24.8325228530
PWY-7357: thiamine phosphate formation from pyrithiamine and oxythiamine (yeast)|g__Fusicatenibacter.s__Fusicatenibacter_saccharivorans	23.6665044407
PWY-7357: thiamine phosphate formation from pyrithiamine and oxythiamine (yeast)|unclassified	22.0689204028
PWY-7357: thiamine phosphate formation from pyrithiamine and oxythiamine (yeast)|g__Anaerostipes.s__Anaerostipes_hadrus	17.0302332870
PWY-7357: thiamine phosphate formation from pyrithiamine and oxythiamine (yeast)|g__Bacteroides.s__Bacteroides_xylanisolvens	11.8483412322
PWY-7357: thiamine phosphate formation from pyrithiamine and oxythiamine (yeast)|g__Eubacterium.s__Eubacterium_ramulus	8.2028846811
PWY-7357: thiamine phosphate formation from pyrithiamine and oxythiamine (yeast)|g__Bacteroides.s__Bacteroides_ovatus	6.1022120519
PANTOSYN-PWY: superpathway of coenzyme A biosynthesis I (bacteria)	1058.6362804990
PANTOSYN-PWY: superpathway of coenzyme A biosynthesis I (bacteria)|g__Bacteroides.s__Bacteroides_uniformis	108.1731131273
PANTOSYN-PWY: superpathway of coenzyme A biosynthesis I (bacteria)|g__Roseburia.s__Roseburia_faecis	88.9461535926
PANTOSYN-PWY: superpathway of coenzyme A biosynthesis I (bacteria)|g__Blautia.s__Ruminococcus_torques	61.6605564606
PANTOSYN-PWY: superpathway of coenzyme A biosynthesis I (bacteria)|g__Bacteroides.s__Bacteroides_dorei	59.7989988574
PANTOSYN-PWY: superpathway of coenzyme A biosynthesis I (bacteria)|g__Alistipes.s__Alistipes_putredinis	53.7908209174
PANTOSYN-PWY: superpathway of coenzyme A biosynthesis I (bacteria)|g__Bacteroides.s__Bacteroides_vulgatus	43.5329052800
PANTOSYN-PWY: superpathway of coenzyme A biosynthesis I (bacteria)|unclassified	39.4470934288
PANTOSYN-PWY: superpathway of coenzyme A biosynthesis I (bacteria)|g__Paraprevotella.s__Paraprevotella_clara	28.2933847235
PANTOSYN-PWY: superpathway of coenzyme A biosynthesis I (bacteria)|g__Blautia.s__Blautia_wexlerae	27.5852247288
PANTOSYN-PWY: superpathway of coenzyme A biosynthesis I (bacteria)|g__Bacteroides.s__Bacteroides_sp_CAG_875	26.1612012889
PANTOSYN-PWY: superpathway of coenzyme A biosynthesis I (bacteria)|g__Anaerostipes.s__Anaerostipes_hadrus	21.8365595739
PANTOSYN-PWY: superpathway of coenzyme A biosynthesis I (bacteria)|g__Parabacteroides.s__Parabacteroides_merdae	17.4152698551
PANTOSYN-PWY: superpathway of coenzyme A biosynthesis I (bacteria)|g__Bacteroides.s__Bacteroides_thetaiotaomicron	16.9727558481
PANTOSYN-PWY: superpathway of coenzyme A biosynthesis I (bacteria)|g__Roseburia.s__Roseburia_intestinalis	13.6513594479
PANTOSYN-PWY: superpathway of coenzyme A biosynthesis I (bacteria)|g__Bacteroides.s__Bacteroides_salyersiae	13.1708827129
PANTOSYN-PWY: superpathway of coenzyme A biosynthesis I (bacteria)|g__Blautia.s__Blautia_obeum	10.0527537835
PANTOSYN-PWY: superpathway of coenzyme A biosynthesis I (bacteria)|g__Bacteroides.s__Bacteroides_xylanisolvens	8.8330102211
PANTOSYN-PWY: superpathway of coenzyme A biosynthesis I (bacteria)|g__Bacteroides.s__Bacteroides_ovatus	3.5391270153
PWY0-1296: purine ribonucleosides degradation	1058.3144471857
PWY0-1296: purine ribonucleosides degradation|g__Faecalibacterium.s__Faecalibacterium_prausnitzii	135.3099824689
PWY0-1296: purine ribonucleosides degradation|unclassified	121.6057632706
PWY0-1296: purine ribonucleosides degradation|g__Blautia.s__Ruminococcus_torques	85.8347475348
PWY0-1296: purine ribonucleosides degradation|g__Roseburia.s__Roseburia_faecis	84.0293640691
PWY0-1296: purine ribonucleosides degradation|g__Blautia.s__Blautia_obeum	75.6407440560
PWY0-1296: purine ribonucleosides degradation|g__Fusicatenibacter.s__Fusicatenibacter_saccharivorans	53.1030994870
PWY0-1296: purine ribonucleosides degradation|g__Blautia.s__Blautia_wexlerae	51.0617172183
PWY0-1296: purine ribonucleosides degradation|g__Lachnospiraceae_unclassified.s__Eubacterium_rectale	43.9803917334
PWY0-1296: purine ribonucleosides degradation|g__Anaerostipes.s__Anaerostipes_hadrus	30.3781177589
PWY0-1296: purine ribonucleosides degradation|g__Roseburia.s__Roseburia_intestinalis	25.0005776151
PWY0-1296: purine ribonucleosides degradation|g__Eubacterium.s__Eubacterium_eligens	17.5403627666
PWY0-1296: purine ribonucleosides degradation|g__Gemmiger.s__Gemmiger_formicilis	16.6181969256
PWY0-1296: purine ribonucleosides degradation|g__Dorea.s__Dorea_longicatena	15.6654610561
PWY0-1296: purine ribonucleosides degradation|g__Candidatus_Gastranaerophilales_unclassified.s__Candidatus_Gastranaerophilales_bacterium_HUM_10	10.7849011384
PWY0-1296: purine ribonucleosides degradation|g__Subdoligranulum.s__Subdoligranulum_sp_APC924_74	7.7101002313
PWY0-1296: purine ribonucleosides degradation|g__Clostridium.s__Clostridium_sp_CAG_354	7.5108929060
PWY0-1296: purine ribonucleosides degradation|g__Dorea.s__Dorea_formicigenerans	5.3333333333
RIBOSYN2-PWY: flavin biosynthesis I (bacteria and plants)	1045.2592401217
RIBOSYN2-PWY: flavin biosynthesis I (bacteria and plants)|g__Faecalibacterium.s__Faecalibacterium_prausnitzii	125.4751662171
RIBOSYN2-PWY: flavin biosynthesis I (bacteria and plants)|g__Roseburia.s__Roseburia_faecis	77.7256257001
RIBOSYN2-PWY: flavin biosynthesis I (bacteria and plants)|g__Bacteroides.s__Bacteroides_dorei	68.2819881364
RIBOSYN2-PWY: flavin biosynthesis I (bacteria and plants)|g__Blautia.s__Ruminococcus_torques	56.9107753186
RIBOSYN2-PWY: flavin biosynthesis I (bacteria and plants)|unclassified	51.5470426248
RIBOSYN2-PWY: flavin biosynthesis I (bacteria and plants)|g__Blautia.s__Blautia_wexlerae	49.2043921952
RIBOSYN2-PWY: flavin biosynthesis I (bacteria and plants)|g__Bacteroides.s__Bacteroides_vulgatus	42.3514697984
RIBOSYN2-PWY: flavin biosynthesis I (bacteria and plants)|g__Lachnospira.s__Lachnospira_pectinoschiza	36.1104917640
RIBOSYN2-PWY: flavin biosynthesis I (bacteria and plants)|g__Parabacteroides.s__Parabacteroides_distasonis	20.2101008400
RIBOSYN2-PWY: flavin biosynthesis I (bacteria and plants)|g__Bacteroides.s__Bacteroides_thetaiotaomicron	18.3342764180
RIBOSYN2-PWY: flavin biosynthesis I (bacteria and plants)|g__Blautia.s__Blautia_obeum	18.2574048076
RIBOSYN2-PWY: flavin biosynthesis I (bacteria and plants)|g__Bacteroides.s__Bacteroides_salyersiae	17.3862830623
RIBOSYN2-PWY: flavin biosynthesis I (bacteria and plants)|g__Eubacterium.s__Eubacterium_eligens	13.2462863090
RIBOSYN2-PWY: flavin biosynthesis I (bacteria and plants)|g__Anaerostipes.s__Anaerostipes_hadrus	8.9851009293
RIBOSYN2-PWY: flavin biosynthesis I (bacteria and plants)|g__Odoribacter.s__Odoribacter_splanchnicus	8.9350059514
RIBOSYN2-PWY: flavin biosynthesis I (bacteria and plants)|g__Lachnospiraceae_unclassified.s__Eubacterium_rectale	6.7747382244
GLUTORN-PWY: L-ornithine biosynthesis I	1026.9525247258
GLUTORN-PWY: L-ornithine biosynthesis I|g__Faecalibacterium.s__Faecalibacterium_prausnitzii	110.6333328166
GLUTORN-PWY: L-ornithine biosynthesis I|unclassified	100.3359344756
GLUTORN-PWY: L-ornithine biosynthesis I|g__Blautia.s__Ruminococcus_torques	77.5018184702
GLUTORN-PWY: L-ornithine biosynthesis I|g__Roseburia.s__Roseburia_faecis	76.1960408899
GLUTORN-PWY: L-ornithine biosynthesis I|g__Blautia.s__Blautia_wexlerae	58.9344886728
GLUTORN-PWY: L-ornithine biosynthesis I|g__Lachnospira.s__Lachnospira_pectinoschiza	36.9692137830
GLUTORN-PWY: L-ornithine biosynthesis I|g__Collinsella.s__Collinsella_aerofaciens	35.1106593094
GLUTORN-PWY: L-ornithine biosynthesis I|g__Ruminococcus.s__Ruminococcus_bromii	33.0650064043
GLUTORN-PWY: L-ornithine biosynthesis I|g__Fusicatenibacter.s__Fusicatenibacter_saccharivorans	31.8585998302
GLUTORN-PWY: L-ornithine biosynthesis I|g__Lachnospiraceae_unclassified.s__Eubacterium_rectale	23.5779279362
GLUTORN-PWY: L-ornithine biosynthesis I|g__Gemmiger.s__Gemmiger_formicilis	22.0015951156
GLUTORN-PWY: L-ornithine biosynthesis I|g__Eubacterium.s__Eubacterium_eligens	18.5894240793
GLUTORN-PWY: L-ornithine biosynthesis I|g__Clostridium.s__Clostridium_sp_AM22_11AC	15.4204716682
GLUTORN-PWY: L-ornithine biosynthesis I|g__Anaerostipes.s__Anaerostipes_hadrus	14.6216391966
GLUTORN-PWY: L-ornithine biosynthesis I|g__Roseburia.s__Roseburia_intestinalis	13.3530295847
GLUTORN-PWY: L-ornithine biosynthesis I|g__Blautia.s__Blautia_obeum	10.0446405765
GLUTORN-PWY: L-ornithine biosynthesis I|g__Agathobaculum.s__Agathobaculum_butyriciproducens	5.6655618821
PWY-6123: inosine-5'-phosphate biosynthesis I	1011.7630533313
PWY-6123: inosine-5'-phosphate biosynthesis I|g__Bacteroides.s__Bacteroides_uniformis	101.7776990890
PWY-6123: inosine-5'-phosphate biosynthesis I|g__Faecalibacterium.s__Faecalibacterium_prausnitzii	101.6624439689
PWY-6123: inosine-5'-phosphate biosynthesis I|unclassified	77.3696490464
PWY-6123: inosine-5'-phosphate biosynthesis I|g__Blautia.s__Ruminococcus_torques	65.1488959345
PWY-6123: inosine-5'-phosphate biosynthesis I|g__Bacteroides.s__Bacteroides_dorei	55.6495127609
PWY-6123: inosine-5'-phosphate biosynthesis I|g__Alistipes.s__Alistipes_putredinis	52.9122689224
PWY-6123: inosine-5'-phosphate biosynthesis I|g__Bacteroides.s__Bacteroides_vulgatus	48.5370502109
PWY-6123: inosine-5'-phosphate biosynthesis I|g__Blautia.s__Blautia_wexlerae	44.0159064222
PWY-6123: inosine-5'-phosphate biosynthesis I|g__Collinsella.s__Collinsella_aerofaciens	24.9582300721
PWY-6123: inosine-5'-phosphate biosynthesis I|g__Anaerostipes.s__Anaerostipes_hadrus	24.5181787401
PWY-6123: inosine-5'-phosphate biosynthesis I|g__Parabacteroides.s__Parabacteroides_distasonis	23.7496593725
PWY-6123: inosine-5'-phosphate biosynthesis I|g__Bacteroides.s__Bacteroides_thetaiotaomicron	19.2809629605
PWY-6123: inosine-5'-phosphate biosynthesis I|g__Bacteroides.s__Bacteroides_salyersiae	13.2100821293
PWY-6123: inosine-5'-phosphate biosynthesis I|g__Bacteroides.s__Bacteroides_xylanisolvens	12.7551180690
PWY-6123: inosine-5'-phosphate biosynthesis I|g__Parabacteroides.s__Parabacteroides_merdae	10.3994455490
PWY-6123: inosine-5'-phosphate biosynthesis I|g__Proteobacteria_unclassified.s__Proteobacteria_bacterium_CAG_139	10.2861050397
PWY-6123: inosine-5'-phosphate biosynthesis I|g__Blautia.s__Blautia_obeum	4.2484735930
PWY-6123: inosine-5'-phosphate biosynthesis I|g__Bifidobacterium.s__Bifidobacterium_pseudocatenulatum	2.4375380865
PWY-6123: inosine-5'-phosphate biosynthesis I|g__Bifidobacterium.s__Bifidobacterium_catenulatum	2.1216407355
PWY-6123: inosine-5'-phosphate biosynthesis I|g__Bifidobacterium.s__Bifidobacterium_adolescentis	2.0728252608
PWY-6317: D-galactose degradation I (Leloir pathway)	1010.7110072830
PWY-6317: D-galactose degradation I (Leloir pathway)|g__Blautia.s__Blautia_wexlerae	91.6036816389
PWY-6317: D-galactose degradation I (Leloir pathway)|g__Roseburia.s__Roseburia_faecis	83.5728970450
PWY-6317: D-galactose degradation I (Leloir pathway)|g__Blautia.s__Ruminococcus_torques	82.3359157530
PWY-6317: D-galactose degradation I (Leloir pathway)|g__Faecalibacterium.s__Faecalibacterium_prausnitzii	74.9943994115
PWY-6317: D-galactose degradation I (Leloir pathway)|g__Blautia.s__Blautia_obeum	57.7741647194
PWY-6317: D-galactose degradation I (Leloir pathway)|unclassified	53.1585288487
PWY-6317: D-galactose degradation I (Leloir pathway)|g__Lachnospira.s__Lachnospira_pectinoschiza	37.6663188920
PWY-6317: D-galactose degradation I (Leloir pathway)|g__Collinsella.s__Collinsella_aerofaciens	31.3253201228
PWY-6317: D-galactose degradation I (Leloir pathway)|g__Fusicatenibacter.s__Fusicatenibacter_saccharivorans	28.7296196708
PWY-6317: D-galactose degradation I (Leloir pathway)|g__Roseburia.s__Roseburia_intestinalis	23.4733301137
PWY-6317: D-galactose degradation I (Leloir pathway)|g__Eubacterium.s__Eubacterium_eligens	22.0715193977
PWY-6317: D-galactose degradation I (Leloir pathway)|g__Anaerostipes.s__Anaerostipes_hadrus	20.2985328748
PWY-6317: D-galactose degradation I (Leloir pathway)|g__Eubacterium.s__Eubacterium_hallii	14.2448605191
PWY-7111: pyruvate fermentation to isobutanol (engineered)	969.3275216705
PWY-7111: pyruvate fermentation to isobutanol (engineered)|g__Roseburia.s__Roseburia_faecis	89.4303695863
PWY-7111: pyruvate fermentation to isobutanol (engineered)|g__Blautia.s__Ruminococcus_torques	71.2325704905
PWY-7111: pyruvate fermentation to isobutanol (engineered)|unclassified	71.0434959961
PWY-7111: pyruvate fermentation to isobutanol (engineered)|g__Faecalibacterium.s__Faecalibacterium_prausnitzii	67.8496223056
PWY-7111: pyruvate fermentation to isobutanol (engineered)|g__Blautia.s__Blautia_wexlerae	57.2838027734
PWY-7111: pyruvate fermentation to isobutanol (engineered)|g__Roseburia.s__Roseburia_intestinalis	26.2308623551
PWY-7111: pyruvate fermentation to isobutanol (engineered)|g__Eubacterium.s__Eubacterium_eligens	24.5553281034
PWY-7111: pyruvate fermentation to isobutanol (engineered)|g__Anaerostipes.s__Anaerostipes_hadrus	19.7207172521
PWY-7111: pyruvate fermentation to isobutanol (engineered)|g__Lachnospiraceae_unclassified.s__Eubacterium_rectale	11.9855354362
PWY-7111: pyruvate fermentation to isobutanol (engineered)|g__Blautia.s__Blautia_obeum	3.1801636758
PWY-7111: pyruvate fermentation to isobutanol (engineered)|g__Ruminococcus.s__Ruminococcus_lactaris	1.7525411847
TRPSYN-PWY: L-tryptophan biosynthesis	967.0341805723
TRPSYN-PWY: L-tryptophan biosynthesis|g__Blautia.s__Ruminococcus_torques	74.1096436460
TRPSYN-PWY: L-tryptophan biosynthesis|g__Roseburia.s__Roseburia_faecis	65.5271347282
TRPSYN-PWY: L-tryptophan biosynthesis|g__Bacteroides.s__Bacteroides_vulgatus	64.6301799912
TRPSYN-PWY: L-tryptophan biosynthesis|g__Blautia.s__Blautia_obeum	53.3587229505
TRPSYN-PWY: L-tryptophan biosynthesis|g__Lachnospiraceae_unclassified.s__Eubacterium_rectale	51.2401315300
TRPSYN-PWY: L-tryptophan biosynthesis|g__Blautia.s__Blautia_wexlerae	51.0029507745
TRPSYN-PWY: L-tryptophan biosynthesis|g__Ruminococcus.s__Ruminococcus_bromii	43.5874391239
TRPSYN-PWY: L-tryptophan biosynthesis|g__Fusicatenibacter.s__Fusicatenibacter_saccharivorans	40.8580692324
TRPSYN-PWY: L-tryptophan biosynthesis|g__Lachnospira.s__Lachnospira_pectinoschiza	37.4662195163
TRPSYN-PWY: L-tryptophan biosynthesis|g__Eubacterium.s__Eubacterium_eligens	24.7616175102
TRPSYN-PWY: L-tryptophan biosynthesis|unclassified	19.4678773661
TRPSYN-PWY: L-tryptophan biosynthesis|g__Roseburia.s__Roseburia_intestinalis	16.4324679478
TRPSYN-PWY: L-tryptophan biosynthesis|g__Clostridium.s__Clostridium_sp_AM22_11AC	14.5772282938
TRPSYN-PWY: L-tryptophan biosynthesis|g__Firmicutes_unclassified.s__Firmicutes_bacterium_CAG_65_45_313	7.3781951066
PANTO-PWY: phosphopantothenate biosynthesis I	963.6376929772
PANTO-PWY: phosphopantothenate biosynthesis I|g__Bacteroides.s__Bacteroides_uniformis	109.7731343701
PANTO-PWY: phosphopantothenate biosynthesis I|g__Roseburia.s__Roseburia_faecis	89.8576498203
PANTO-PWY: phosphopantothenate biosynthesis I|g__Bacteroides.s__Bacteroides_dorei	63.4999894162
PANTO-PWY: phosphopantothenate biosynthesis I|g__Blautia.s__Ruminococcus_torques	50.5879472492
PANTO-PWY: phosphopantothenate biosynthesis I|g__Alistipes.s__Alistipes_putredinis	47.4619478252
PANTO-PWY: phosphopantothenate biosynthesis I|g__Bacteroides.s__Bacteroides_vulgatus	44.0327810354
PANTO-PWY: phosphopantothenate biosynthesis I|g__Lachnospiraceae_unclassified.s__Eubacterium_rectale	38.1146541982
PANTO-PWY: phosphopantothenate biosynthesis I|g__Paraprevotella.s__Paraprevotella_clara	36.0152160238
PANTO-PWY: phosphopantothenate biosynthesis I|g__Bacteroides.s__Bacteroides_sp_CAG_875	33.0264679185
PANTO-PWY: phosphopantothenate biosynthesis I|unclassified	30.3009090603
PANTO-PWY: phosphopantothenate biosynthesis I|g__Parabacteroides.s__Parabacteroides_distasonis	24.3442527139
PANTO-PWY: phosphopantothenate biosynthesis I|g__Anaerostipes.s__Anaerostipes_hadrus	23.2991529852
PANTO-PWY: phosphopantothenate biosynthesis I|g__Blautia.s__Blautia_wexlerae	21.4401557564
PANTO-PWY: phosphopantothenate biosynthesis I|g__Parabacteroides.s__Parabacteroides_merdae	16.7851009219
PANTO-PWY: phosphopantothenate biosynthesis I|g__Bacteroides.s__Bacteroides_thetaiotaomicron	16.7633784655
PANTO-PWY: phosphopantothenate biosynthesis I|g__Bacteroides.s__Bacteroides_salyersiae	13.5005322325
PANTO-PWY: phosphopantothenate biosynthesis I|g__Roseburia.s__Roseburia_intestinalis	13.4680134680
PANTO-PWY: phosphopantothenate biosynthesis I|g__Candidatus_Gastranaerophilales_unclassified.s__Candidatus_Gastranaerophilales_bacterium_HUM_10	12.8184585804
PANTO-PWY: phosphopantothenate biosynthesis I|g__Dorea.s__Dorea_longicatena	9.7739767868
PANTO-PWY: phosphopantothenate biosynthesis I|g__Bacteroides.s__Bacteroides_xylanisolvens	8.7855916297
PANTO-PWY: phosphopantothenate biosynthesis I|g__Proteobacteria_unclassified.s__Proteobacteria_bacterium_CAG_139	7.6400447488
PANTO-PWY: phosphopantothenate biosynthesis I|g__Bacteroides.s__Bacteroides_ovatus	5.7471264368
PANTO-PWY: phosphopantothenate biosynthesis I|g__Blautia.s__Blautia_obeum	5.2664826255
PWY-6124: inosine-5'-phosphate biosynthesis II	956.0680607248
PWY-6124: inosine-5'-phosphate biosynthesis II|g__Faecalibacterium.s__Faecalibacterium_prausnitzii	104.2829830374
PWY-6124: inosine-5'-phosphate biosynthesis II|g__Bacteroides.s__Bacteroides_uniformis	100.5593095532
PWY-6124: inosine-5'-phosphate biosynthesis II|g__Blautia.s__Blautia_wexlerae	91.9727962774
PWY-6124: inosine-5'-phosphate biosynthesis II|unclassified	68.6543483203
PWY-6124: inosine-5'-phosphate biosynthesis II|g__Blautia.s__Ruminococcus_torques	60.7375207520
PWY-6124: inosine-5'-phosphate biosynthesis II|g__Bacteroides.s__Bacteroides_dorei	57.8799051239
PWY-6124: inosine-5'-phosphate biosynthesis II|g__Alistipes.s__Alistipes_putredinis	48.7899323741
PWY-6124: inosine-5'-phosphate biosynthesis II|g__Bacteroides.s__Bacteroides_vulgatus	46.9597993875
PWY-6124: inosine-5'-phosphate biosynthesis II|g__Anaerostipes.s__Anaerostipes_hadrus	23.5255852267
PWY-6124: inosine-5'-phosphate biosynthesis II|g__Collinsella.s__Collinsella_aerofaciens	23.3479392309
PWY-6124: inosine-5'-phosphate biosynthesis II|g__Parabacteroides.s__Parabacteroides_distasonis	22.4330729385
PWY-6124: inosine-5'-phosphate biosynthesis II|g__Bacteroides.s__Bacteroides_thetaiotaomicron	18.2091135178
PWY-6124: inosine-5'-phosphate biosynthesis II|g__Parabacteroides.s__Parabacteroides_merdae	17.5203511948
PWY-6124: inosine-5'-phosphate biosynthesis II|g__Bacteroides.s__Bacteroides_salyersiae	12.6839638111
PWY-6124: inosine-5'-phosphate biosynthesis II|g__Bacteroides.s__Bacteroides_xylanisolvens	11.9328367705
PWY-6124: inosine-5'-phosphate biosynthesis II|g__Proteobacteria_unclassified.s__Proteobacteria_bacterium_CAG_139	9.0372334016
PWY-6124: inosine-5'-phosphate biosynthesis II|g__Bacteroides.s__Bacteroides_ovatus	5.0845516756
PWY-6124: inosine-5'-phosphate biosynthesis II|g__Blautia.s__Blautia_obeum	3.5812343321
PWY-6124: inosine-5'-phosphate biosynthesis II|g__Bifidobacterium.s__Bifidobacterium_catenulatum	2.0161290323
PWY-6124: inosine-5'-phosphate biosynthesis II|g__Bifidobacterium.s__Bifidobacterium_adolescentis	1.8020615584
PWY-6124: inosine-5'-phosphate biosynthesis II|g__Blautia.s__Blautia_sp_AF19_10LB	1.2240501371
PWY-6124: inosine-5'-phosphate biosynthesis II|g__Ruminococcus.s__Ruminococcus_lactaris	1.1566042100
PWY-6527: stachyose degradation	942.9960740968
PWY-6527: stachyose degradation|g__Roseburia.s__Roseburia_faecis	109.3924578173
PWY-6527: stachyose degradation|g__Blautia.s__Blautia_wexlerae	104.1831512535
PWY-6527: stachyose degradation|g__Blautia.s__Blautia_obeum	85.1423422448
PWY-6527: stachyose degradation|g__Blautia.s__Ruminococcus_torques	76.7635895245
PWY-6527: stachyose degradation|unclassified	48.8390792991
PWY-6527: stachyose degradation|g__Lachnospiraceae_unclassified.s__Eubacterium_rectale	40.4972057207
PWY-6527: stachyose degradation|g__Faecalibacterium.s__Faecalibacterium_prausnitzii	37.9833464499
PWY-6527: stachyose degradation|g__Fusicatenibacter.s__Fusicatenibacter_saccharivorans	31.6615681853
PWY-6527: stachyose degradation|g__Roseburia.s__Roseburia_intestinalis	18.1702634708
PWY-6527: stachyose degradation|g__Dorea.s__Dorea_longicatena	12.8780628315
NONOXIPENT-PWY: pentose phosphate pathway (non-oxidative branch) I	936.6791891964
NONOXIPENT-PWY: pentose phosphate pathway (non-oxidative branch) I|g__Roseburia.s__Roseburia_faecis	106.8023065085
NONOXIPENT-PWY: pentose phosphate pathway (non-oxidative branch) I|g__Blautia.s__Ruminococcus_torques	81.0879875405
NONOXIPENT-PWY: pentose phosphate pathway (non-oxidative branch) I|g__Lachnospiraceae_unclassified.s__Eubacterium_rectale	66.3565585125
NONOXIPENT-PWY: pentose phosphate pathway (non-oxidative branch) I|unclassified	56.8154264453
NONOXIPENT-PWY: pentose phosphate pathway (non-oxidative branch) I|g__Collinsella.s__Collinsella_aerofaciens	56.5166721713
NONOXIPENT-PWY: pentose phosphate pathway (non-oxidative branch) I|g__Lachnospira.s__Lachnospira_pectinoschiza	48.4241356207
NONOXIPENT-PWY: pentose phosphate pathway (non-oxidative branch) I|g__Anaerostipes.s__Anaerostipes_hadrus	40.4392871725
NONOXIPENT-PWY: pentose phosphate pathway (non-oxidative branch) I|g__Fusicatenibacter.s__Fusicatenibacter_saccharivorans	35.6475984714
NONOXIPENT-PWY: pentose phosphate pathway (non-oxidative branch) I|g__Blautia.s__Blautia_wexlerae	27.7295971350
NONOXIPENT-PWY: pentose phosphate pathway (non-oxidative branch) I|g__Eubacterium.s__Eubacterium_hallii	27.1069691973
NONOXIPENT-PWY: pentose phosphate pathway (non-oxidative branch) I|g__Eubacterium.s__Eubacterium_eligens	24.6251185836
NONOXIPENT-PWY: pentose phosphate pathway (non-oxidative branch) I|g__Blautia.s__Blautia_obeum	20.7194280550
NONOXIPENT-PWY: pentose phosphate pathway (non-oxidative branch) I|g__Clostridium.s__Clostridium_sp_AM22_11AC	20.1857675711
NONOXIPENT-PWY: pentose phosphate pathway (non-oxidative branch) I|g__Faecalibacterium.s__Faecalibacterium_prausnitzii	14.1974139553
NONOXIPENT-PWY: pentose phosphate pathway (non-oxidative branch) I|g__Parabacteroides.s__Parabacteroides_distasonis	12.6194369697
NONOXIPENT-PWY: pentose phosphate pathway (non-oxidative branch) I|g__Bacteroides.s__Bacteroides_xylanisolvens	12.1445618631
PWY-6270: isoprene biosynthesis I	924.3642739183
PWY-6270: isoprene biosynthesis I|g__Blautia.s__Ruminococcus_torques	68.9671535304
PWY-6270: isoprene biosynthesis I|unclassified	55.7549637740
PWY-6270: isoprene biosynthesis I|g__Fusicatenibacter.s__Fusicatenibacter_saccharivorans	34.6230983622
PWY-6270: isoprene biosynthesis I|g__Blautia.s__Blautia_wexlerae	23.5865966671
PWY-6270: isoprene biosynthesis I|g__Bacteroides.s__Bacteroides_thetaiotaomicron	20.1714100128
PWY-6270: isoprene biosynthesis I|g__Eubacterium.s__Eubacterium_eligens	17.4918841506
PWY-6270: isoprene biosynthesis I|g__Parabacteroides.s__Parabacteroides_distasonis	15.9520670834
PWY-6270: isoprene biosynthesis I|g__Anaerostipes.s__Anaerostipes_hadrus	15.8814166140
PWY-6270: isoprene biosynthesis I|g__Blautia.s__Blautia_obeum	11.3642547525
PWY-6270: isoprene biosynthesis I|g__Eubacterium.s__Eubacterium_hallii	10.0388251389
PWY-6270: isoprene biosynthesis I|g__Bacteroides.s__Bacteroides_xylanisolvens	9.8947195762
PWY-6270: isoprene biosynthesis I|g__Bacteroides.s__Bacteroides_ovatus	5.1441712207
PWY-7400: L-arginine biosynthesis IV (archaebacteria)	921.5921463626
PWY-7400: L-arginine biosynthesis IV (archaebacteria)|g__Blautia.s__Ruminococcus_torques	84.2353285428
THRESYN-PWY: superpathway of L-threonine biosynthesis	911.4701342274
THRESYN-PWY: superpathway of L-threonine biosynthesis|g__Bacteroides.s__Bacteroides_dorei	61.3014398332
THRESYN-PWY: superpathway of L-threonine biosynthesis|unclassified	61.2730491415
THRESYN-PWY: superpathway of L-threonine biosynthesis|g__Faecalibacterium.s__Faecalibacterium_prausnitzii	59.1441153909
THRESYN-PWY: superpathway of L-threonine biosynthesis|g__Bacteroides.s__Bacteroides_vulgatus	44.1043577537
THRESYN-PWY: superpathway of L-threonine biosynthesis|g__Collinsella.s__Collinsella_aerofaciens	35.3113724972
THRESYN-PWY: superpathway of L-threonine biosynthesis|g__Blautia.s__Ruminococcus_torques	31.2164917852
THRESYN-PWY: superpathway of L-threonine biosynthesis|g__Bacteroides.s__Bacteroides_uniformis	30.4842794003
THRESYN-PWY: superpathway of L-threonine biosynthesis|g__Blautia.s__Blautia_obeum	29.9587461678
THRESYN-PWY: superpathway of L-threonine biosynthesis|g__Eubacterium.s__Eubacterium_hallii	11.8680184436
PWY-7560: methylerythritol phosphate pathway II	905.0447411983
PWY-7560: methylerythritol phosphate pathway II|g__Blautia.s__Ruminococcus_torques	79.4456212154
PWY-7560: methylerythritol phosphate pathway II|unclassified	55.4745386204
PWY-7560: methylerythritol phosphate pathway II|g__Fusicatenibacter.s__Fusicatenibacter_saccharivorans	33.7809280305
PWY-7560: methylerythritol phosphate pathway II|g__Blautia.s__Blautia_obeum	25.8339101634
PWY-7560: methylerythritol phosphate pathway II|g__Blautia.s__Blautia_wexlerae	21.3774023690
PWY-7560: methylerythritol phosphate pathway II|g__Bacteroides.s__Bacteroides_thetaiotaomicron	20.5760753503
PWY-7560: methylerythritol phosphate pathway II|g__Eubacterium.s__Eubacterium_eligens	16.9880250360
PWY-7560: methylerythritol phosphate pathway II|g__Anaerostipes.s__Anaerostipes_hadrus	16.1444521528
PWY-7560: methylerythritol phosphate pathway II|g__Parabacteroides.s__Parabacteroides_distasonis	15.1418377936
PWY-7560: methylerythritol phosphate pathway II|g__Eubacterium.s__Eubacterium_hallii	9.8152114172
PWY-7560: methylerythritol phosphate pathway II|g__Bacteroides.s__Bacteroides_xylanisolvens	9.7991814212
PWY-7560: methylerythritol phosphate pathway II|g__Bacteroides.s__Bacteroides_ovatus	5.1201097691
PWY-7199: pyrimidine deoxyribonucleosides salvage	886.7704699845
PWY-7199: pyrimidine deoxyribonucleosides salvage|g__Bacteroides.s__Bacteroides_uniformis	87.5982578081
PWY-7199: pyrimidine deoxyribonucleosides salvage|unclassified	83.7317614821
PWY-7199: pyrimidine deoxyribonucleosides salvage|g__Bacteroides.s__Bacteroides_dorei	60.8085270801
PWY-7199: pyrimidine deoxyribonucleosides salvage|g__Bacteroides.s__Bacteroides_vulgatus	56.0292326431
PWY-7199: pyrimidine deoxyribonucleosides salvage|g__Blautia.s__Ruminococcus_torques	34.6113680442
PWY-7199: pyrimidine deoxyribonucleosides salvage|g__Parabacteroides.s__Parabacteroides_distasonis	19.2175703500
PWY-7199: pyrimidine deoxyribonucleosides salvage|g__Bacteroides.s__Bacteroides_thetaiotaomicron	18.6927567021
PWY-7199: pyrimidine deoxyribonucleosides salvage|g__Bacteroides.s__Bacteroides_sp_CAG_875	13.1415638461
PWY-7199: pyrimidine deoxyribonucleosides salvage|g__Bacteroides.s__Bacteroides_salyersiae	12.5588697017
PWY-7199: pyrimidine deoxyribonucleosides salvage|g__Bacteroides.s__Bacteroides_ovatus	6.9404279931
PWY-7199: pyrimidine deoxyribonucleosides salvage|g__Bacteroides.s__Bacteroides_xylanisolvens	5.9805631697
PWY-3001: superpathway of L-isoleucine biosynthesis I	865.2059566724
PWY-3001: superpathway of L-isoleucine biosynthesis I|g__Blautia.s__Ruminococcus_torques	41.3867219748
PWY-3001: superpathway of L-isoleucine biosynthesis I|unclassified	30.4649991302
PYRIDNUCSYN-PWY: NAD de novo biosynthesis I (from aspartate)	845.3059278297
PYRIDNUCSYN-PWY: NAD de novo biosynthesis I (from aspartate)|g__Bacteroides.s__Bacteroides_uniformis	101.0467314970
PYRIDNUCSYN-PWY: NAD de novo biosynthesis I (from aspartate)|g__Alistipes.s__Alistipes_putredinis	64.4591137900
PYRIDNUCSYN-PWY: NAD de novo biosynthesis I (from aspartate)|g__Bacteroides.s__Bacteroides_vulgatus	49.4948887821
PYRIDNUCSYN-PWY: NAD de novo biosynthesis I (from aspartate)|unclassified	24.7844791833
PYRIDNUCSYN-PWY: NAD de novo biosynthesis I (from aspartate)|g__Parabacteroides.s__Parabacteroides_distasonis	18.8619865793
PYRIDNUCSYN-PWY: NAD de novo biosynthesis I (from aspartate)|g__Anaerostipes.s__Anaerostipes_hadrus	18.8298587761
PYRIDNUCSYN-PWY: NAD de novo biosynthesis I (from aspartate)|g__Bacteroides.s__Bacteroides_thetaiotaomicron	15.6449181377
PYRIDNUCSYN-PWY: NAD de novo biosynthesis I (from aspartate)|g__Bacteroides.s__Bacteroides_salyersiae	15.3892442993
PYRIDNUCSYN-PWY: NAD de novo biosynthesis I (from aspartate)|g__Roseburia.s__Roseburia_intestinalis	12.8648880448
PYRIDNUCSYN-PWY: NAD de novo biosynthesis I (from aspartate)|g__Blautia.s__Blautia_obeum	11.9006228265
PYRIDNUCSYN-PWY: NAD de novo biosynthesis I (from aspartate)|g__Bacteroides.s__Bacteroides_xylanisolvens	11.7379160669
PYRIDNUCSYN-PWY: NAD de novo biosynthesis I (from aspartate)|g__Bacteroides.s__Bacteroides_dorei	5.4816067634
THISYN-PWY: superpathway of thiamine diphosphate biosynthesis I	777.9432831445
THISYN-PWY: superpathway of thiamine diphosphate biosynthesis I|g__Bacteroides.s__Bacteroides_uniformis	117.6239752235
THISYN-PWY: superpathway of thiamine diphosphate biosynthesis I|g__Bacteroides.s__Bacteroides_ovatus	6.4581384125
PWY-6892: thiazole component of thiamine diphosphate biosynthesis I	777.4982746943
PWY-6892: thiazole component of thiamine diphosphate biosynthesis I|g__Bacteroides.s__Bacteroides_uniformis	125.9352816475
PWY-6892: thiazole component of thiamine diphosphate biosynthesis I|g__Blautia.s__Blautia_wexlerae	103.9921784106
PWY-6892: thiazole component of thiamine diphosphate biosynthesis I|g__Blautia.s__Blautia_obeum	42.6612219147
PWY-6892: thiazole component of thiamine diphosphate biosynthesis I|g__Blautia.s__Ruminococcus_torques	25.0698272737
PWY-6892: thiazole component of thiamine diphosphate biosynthesis I|g__Anaerostipes.s__Anaerostipes_hadrus	21.5624462348
PWY-6892: thiazole component of thiamine diphosphate biosynthesis I|g__Eubacterium.s__Eubacterium_eligens	19.7659556514
PWY-6892: thiazole component of thiamine diphosphate biosynthesis I|g__Roseburia.s__Roseburia_intestinalis	13.7357695255
PWY-6892: thiazole component of thiamine diphosphate biosynthesis I|g__Bacteroides.s__Bacteroides_salyersiae	13.1142016952
PWY-6892: thiazole component of thiamine diphosphate biosynthesis I|g__Eubacterium.s__Eubacterium_hallii	8.1672395020
PWY-6892: thiazole component of thiamine diphosphate biosynthesis I|g__Bacteroides.s__Bacteroides_xylanisolvens	5.7728969013
PWY-6892: thiazole component of thiamine diphosphate biosynthesis I|g__Bacteroides.s__Bacteroides_thetaiotaomicron	5.4647354698
PWY-6892: thiazole component of thiamine diphosphate biosynthesis I|g__Bacteroides.s__Bacteroides_ovatus	3.7493363930
PWY-6897: thiamine diphosphate salvage II	774.0771795000
PWY-6897: thiamine diphosphate salvage II|g__Bacteroides.s__Bacteroides_uniformis	107.0258014847
PWY-6897: thiamine diphosphate salvage II|g__Faecalibacterium.s__Faecalibacterium_prausnitzii	85.4371181711
PWY-6897: thiamine diphosphate salvage II|g__Blautia.s__Ruminococcus_torques	36.0440606870
PWY-6897: thiamine diphosphate salvage II|g__Lachnospiraceae_unclassified.s__Eubacterium_rectale	28.7294321506
PWY-6897: thiamine diphosphate salvage II|unclassified	11.2513994843
PWY-6897: thiamine diphosphate salvage II|g__Bacteroides.s__Bacteroides_ovatus	7.8951143483
SER-GLYSYN-PWY: superpathway of L-serine and glycine biosynthesis I	769.6736762009
SER-GLYSYN-PWY: superpathway of L-serine and glycine biosynthesis I|g__Bacteroides.s__Bacteroides_uniformis	92.7825329631
SER-GLYSYN-PWY: superpathway of L-serine and glycine biosynthesis I|g__Roseburia.s__Roseburia_faecis	74.5434314911
SER-GLYSYN-PWY: superpathway of L-serine and glycine biosynthesis I|g__Blautia.s__Blautia_wexlerae	70.6038439643
SER-GLYSYN-PWY: superpathway of L-serine and glycine biosynthesis I|g__Alistipes.s__Alistipes_putredinis	51.8948411120
SER-GLYSYN-PWY: superpathway of L-serine and glycine biosynthesis I|g__Blautia.s__Ruminococcus_torques	51.5699639632
SER-GLYSYN-PWY: superpathway of L-serine and glycine biosynthesis I|unclassified	49.9745903946
SER-GLYSYN-PWY: superpathway of L-serine and glycine biosynthesis I|g__Bacteroides.s__Bacteroides_dorei	48.4946855988
SER-GLYSYN-PWY: superpathway of L-serine and glycine biosynthesis I|g__Collinsella.s__Collinsella_aerofaciens	32.8260203082
SER-GLYSYN-PWY: superpathway of L-serine and glycine biosynthesis I|g__Bacteroides.s__Bacteroides_vulgatus	31.2291726173
SER-GLYSYN-PWY: superpathway of L-serine and glycine biosynthesis I|g__Roseburia.s__Roseburia_intestinalis	16.4112017385
SER-GLYSYN-PWY: superpathway of L-serine and glycine biosynthesis I|g__Eubacterium.s__Eubacterium_eligens	14.9045179320
SER-GLYSYN-PWY: superpathway of L-serine and glycine biosynthesis I|g__Bacteroides.s__Bacteroides_thetaiotaomicron	14.7547823388
SER-GLYSYN-PWY: superpathway of L-serine and glycine biosynthesis I|g__Bacteroides.s__Bacteroides_salyersiae	13.8384306768
SER-GLYSYN-PWY: superpathway of L-serine and glycine biosynthesis I|g__Anaerostipes.s__Anaerostipes_hadrus	13.6441574550
SER-GLYSYN-PWY: superpathway of L-serine and glycine biosynthesis I|g__Parabacteroides.s__Parabacteroides_distasonis	12.2491996262
SER-GLYSYN-PWY: superpathway of L-serine and glycine biosynthesis I|g__Blautia.s__Blautia_obeum	11.8647255579
SER-GLYSYN-PWY: superpathway of L-serine and glycine biosynthesis I|g__Dorea.s__Dorea_longicatena	9.7075597622
SER-GLYSYN-PWY: superpathway of L-serine and glycine biosynthesis I|g__Eubacterium.s__Eubacterium_hallii	8.2681234313
SER-GLYSYN-PWY: superpathway of L-serine and glycine biosynthesis I|g__Bacteroides.s__Bacteroides_xylanisolvens	8.1435593171
SER-GLYSYN-PWY: superpathway of L-serine and glycine biosynthesis I|g__Bifidobacterium.s__Bifidobacterium_pseudocatenulatum	4.7681487662
SER-GLYSYN-PWY: superpathway of L-serine and glycine biosynthesis I|g__Bacteroides.s__Bacteroides_ovatus	3.1889207781
SER-GLYSYN-PWY: superpathway of L-serine and glycine biosynthesis I|g__Bifidobacterium.s__Bifidobacterium_catenulatum	2.4607812981
PWY-7237: myo-, chiro- and scyllo-inositol degradation	764.6188548573
PWY-7237: myo-, chiro- and scyllo-inositol degradation|g__Blautia.s__Blautia_obeum	59.0798348938
PWY-7237: myo-, chiro- and scyllo-inositol degradation|g__Anaerostipes.s__Anaerostipes_hadrus	45.5989782886
PWY-7237: myo-, chiro- and scyllo-inositol degradation|g__Agathobaculum.s__Agathobaculum_butyriciproducens	38.2078010285
PWY-7229: superpathway of adenosine nucleotides de novo biosynthesis I	746.8688217026
PWY-7229: superpathway of adenosine nucleotides de novo biosynthesis I|g__Bacteroides.s__Bacteroides_dorei	73.7175152230
PWY-7229: superpathway of adenosine nucleotides de novo biosynthesis I|g__Bacteroides.s__Bacteroides_vulgatus	53.6282407211
PWY-7229: superpathway of adenosine nucleotides de novo biosynthesis I|unclassified	22.2366635782
PWY-7229: superpathway of adenosine nucleotides de novo biosynthesis I|g__Parabacteroides.s__Parabacteroides_distasonis	19.2041340505
PWY-7229: superpathway of adenosine nucleotides de novo biosynthesis I|g__Bacteroides.s__Bacteroides_thetaiotaomicron	17.3723875323
PWY-7229: superpathway of adenosine nucleotides de novo biosynthesis I|g__Proteobacteria_unclassified.s__Proteobacteria_bacterium_CAG_139	10.6081814133
PWY-7229: superpathway of adenosine nucleotides de novo biosynthesis I|g__Bacteroides.s__Bacteroides_xylanisolvens	5.3703574807
PWY-5973: cis-vaccenate biosynthesis	745.2322989391
PWY-5973: cis-vaccenate biosynthesis|g__Bacteroides.s__Bacteroides_uniformis	102.0200682281
PWY-5973: cis-vaccenate biosynthesis|g__Bacteroides.s__Bacteroides_dorei	67.2223247550
PWY-5973: cis-vaccenate biosynthesis|g__Blautia.s__Ruminococcus_torques	48.9597769642
PWY-5973: cis-vaccenate biosynthesis|g__Bacteroides.s__Bacteroides_vulgatus	42.4288431555
PWY-5973: cis-vaccenate biosynthesis|g__Bacteroides.s__Bacteroides_thetaiotaomicron	17.7148333465
PWY-5973: cis-vaccenate biosynthesis|g__Parabacteroides.s__Parabacteroides_distasonis	17.6637453637
PWY-5973: cis-vaccenate biosynthesis|g__Parabacteroides.s__Parabacteroides_merdae	15.5425772419
PWY-5973: cis-vaccenate biosynthesis|g__Bacteroides.s__Bacteroides_salyersiae	10.8524657441
PWY-5973: cis-vaccenate biosynthesis|g__Alistipes.s__Alistipes_finegoldii	9.6868899122
PWY-5973: cis-vaccenate biosynthesis|g__Bacteroides.s__Bacteroides_xylanisolvens	8.2946020312
PWY-5973: cis-vaccenate biosynthesis|g__Alistipes.s__Alistipes_onderdonkii	3.5315722560
PWY-5973: cis-vaccenate biosynthesis|g__Bacteroides.s__Bacteroides_ovatus	2.7858766480
COBALSYN-PWY: superpathway of adenosylcobalamin salvage from cobinamide I	741.6985959401
COBALSYN-PWY: superpathway of adenosylcobalamin salvage from cobinamide I|g__Bacteroides.s__Bacteroides_uniformis	106.6432408458
COBALSYN-PWY: superpathway of adenosylcobalamin salvage from cobinamide I|g__Blautia.s__Ruminococcus_torques	49.9601426434
COBALSYN-PWY: superpathway of adenosylcobalamin salvage from cobinamide I|g__Blautia.s__Blautia_obeum	44.4965188971
COBALSYN-PWY: superpathway of adenosylcobalamin salvage from cobinamide I|g__Blautia.s__Blautia_wexlerae	32.9989038505
COBALSYN-PWY: superpathway of adenosylcobalamin salvage from cobinamide I|g__Faecalibacterium.s__Faecalibacterium_prausnitzii	30.8394363302
COBALSYN-PWY: superpathway of adenosylcobalamin salvage from cobinamide I|unclassified	26.7500291619
COBALSYN-PWY: superpathway of adenosylcobalamin salvage from cobinamide I|g__Gordonibacter.s__Gordonibacter_pamelaeae	14.9001336282
COBALSYN-PWY: superpathway of adenosylcobalamin salvage from cobinamide I|g__Collinsella.s__Collinsella_aerofaciens	11.7372035129
P41-PWY: pyruvate fermentation to acetate and (S)-lactate I	701.4308723900
P41-PWY: pyruvate fermentation to acetate and (S)-lactate I|g__Blautia.s__Ruminococcus_torques	99.4955128684
P41-PWY: pyruvate fermentation to acetate and (S)-lactate I|g__Roseburia.s__Roseburia_faecis	77.6881013005
P41-PWY: pyruvate fermentation to acetate and (S)-lactate I|g__Collinsella.s__Collinsella_aerofaciens	36.1118017984
P41-PWY: pyruvate fermentation to acetate and (S)-lactate I|unclassified	29.0211067776
P41-PWY: pyruvate fermentation to acetate and (S)-lactate I|g__Anaerostipes.s__Anaerostipes_hadrus	25.9119474869
P41-PWY: pyruvate fermentation to acetate and (S)-lactate I|g__Fusicatenibacter.s__Fusicatenibacter_saccharivorans	21.9838013509
P41-PWY: pyruvate fermentation to acetate and (S)-lactate I|g__Eubacterium.s__Eubacterium_hallii	12.9084280623
P41-PWY: pyruvate fermentation to acetate and (S)-lactate I|g__Lachnospiraceae_unclassified.s__Eubacterium_rectale	12.4494242141
P41-PWY: pyruvate fermentation to acetate and (S)-lactate I|g__Roseburia.s__Roseburia_intestinalis	12.2562462500
P41-PWY: pyruvate fermentation to acetate and (S)-lactate I|g__Clostridium.s__Clostridium_sp_AM22_11AC	12.2064075407
P41-PWY: pyruvate fermentation to acetate and (S)-lactate I|g__Blautia.s__Blautia_wexlerae	11.3060201004
P41-PWY: pyruvate fermentation to acetate and (S)-lactate I|g__Blautia.s__Blautia_obeum	7.2916763750
PWY-5100: pyruvate fermentation to acetate and lactate II	701.4308723900
PWY-5100: pyruvate fermentation to acetate and lactate II|g__Blautia.s__Ruminococcus_torques	99.4955128684
PWY-5100: pyruvate fermentation to acetate and lactate II|g__Roseburia.s__Roseburia_faecis	77.6881013005
PWY-5100: pyruvate fermentation to acetate and lactate II|g__Collinsella.s__Collinsella_aerofaciens	36.1118017984
PWY-5100: pyruvate fermentation to acetate and lactate II|g__Anaerostipes.s__Anaerostipes_hadrus	33.9341818400
PWY-5100: pyruvate fermentation to acetate and lactate II|unclassified	29.0211067776
PWY-5100: pyruvate fermentation to acetate and lactate II|g__Fusicatenibacter.s__Fusicatenibacter_saccharivorans	21.9838013509
PWY-5100: pyruvate fermentation to acetate and lactate II|g__Roseburia.s__Roseburia_intestinalis	21.9061957497
PWY-5100: pyruvate fermentation to acetate and lactate II|g__Eubacterium.s__Eubacterium_hallii	17.4159087734
PWY-5100: pyruvate fermentation to acetate and lactate II|g__Lachnospiraceae_unclassified.s__Eubacterium_rectale	12.4494242141
PWY-5100: pyruvate fermentation to acetate and lactate II|g__Clostridium.s__Clostridium_sp_AM22_11AC	12.2064075407
PWY-5100: pyruvate fermentation to acetate and lactate II|g__Blautia.s__Blautia_wexlerae	11.3060201004
PWY-5100: pyruvate fermentation to acetate and lactate II|g__Blautia.s__Blautia_obeum	7.2916763750
PWY-5100: pyruvate fermentation to acetate and lactate II|g__Eubacterium.s__Eubacterium_ramulus	6.4254144886
PWY-6731: starch degradation III	679.7700913754
PWY-6731: starch degradation III|g__Blautia.s__Blautia_obeum	61.8152850319
PWY-6731: starch degradation III|g__Blautia.s__Blautia_wexlerae	55.2617279138
PWY-6731: starch degradation III|g__Fusicatenibacter.s__Fusicatenibacter_saccharivorans	48.7264079123
PWY-6731: starch degradation III|g__Lachnospira.s__Lachnospira_pectinoschiza	40.9215019772
PWY-6731: starch degradation III|g__Blautia.s__Ruminococcus_torques	37.5483454163
PWY-6731: starch degradation III|unclassified	22.9485872949
PWY-6731: starch degradation III|g__Eubacterium.s__Eubacterium_hallii	14.9819821832
THISYNARA-PWY: superpathway of thiamine diphosphate biosynthesis III (eukaryotes)	668.4749865075
THISYNARA-PWY: superpathway of thiamine diphosphate biosynthesis III (eukaryotes)|g__Bacteroides.s__Bacteroides_uniformis	107.2180606291
THISYNARA-PWY: superpathway of thiamine diphosphate biosynthesis III (eukaryotes)|g__Roseburia.s__Roseburia_faecis	91.2703523154
THISYNARA-PWY: superpathway of thiamine diphosphate biosynthesis III (eukaryotes)|g__Faecalibacterium.s__Faecalibacterium_prausnitzii	62.7788680011
THISYNARA-PWY: superpathway of thiamine diphosphate biosynthesis III (eukaryotes)|g__Blautia.s__Ruminococcus_torques	35.8101383205
THISYNARA-PWY: superpathway of thiamine diphosphate biosynthesis III (eukaryotes)|g__Lachnospiraceae_unclassified.s__Eubacterium_rectale	23.3690565383
THISYNARA-PWY: superpathway of thiamine diphosphate biosynthesis III (eukaryotes)|g__Roseburia.s__Roseburia_intestinalis	16.6704320099
THISYNARA-PWY: superpathway of thiamine diphosphate biosynthesis III (eukaryotes)|unclassified	11.9177774505
THISYNARA-PWY: superpathway of thiamine diphosphate biosynthesis III (eukaryotes)|g__Bacteroides.s__Bacteroides_xylanisolvens	9.4955489614
PWY-7663: gondoate biosynthesis (anaerobic)	659.2805046797
PWY-7663: gondoate biosynthesis (anaerobic)|g__Bacteroides.s__Bacteroides_uniformis	100.9288362667
PWY-7663: gondoate biosynthesis (anaerobic)|g__Bacteroides.s__Bacteroides_dorei	58.9625117702
PWY-7663: gondoate biosynthesis (anaerobic)|g__Bacteroides.s__Bacteroides_vulgatus	44.3117778234
PWY-7663: gondoate biosynthesis (anaerobic)|g__Parabacteroides.s__Parabacteroides_distasonis	24.6997749107
PWY-7663: gondoate biosynthesis (anaerobic)|g__Bacteroides.s__Bacteroides_thetaiotaomicron	18.1475024488
PWY-7663: gondoate biosynthesis (anaerobic)|g__Parabacteroides.s__Parabacteroides_merdae	16.0946168384
PWY-7663: gondoate biosynthesis (anaerobic)|g__Bacteroides.s__Bacteroides_salyersiae	14.7615208088
PWY-7663: gondoate biosynthesis (anaerobic)|g__Alistipes.s__Alistipes_finegoldii	9.2656937688
PWY-7663: gondoate biosynthesis (anaerobic)|g__Bacteroides.s__Bacteroides_xylanisolvens	7.6437744978
PWY-7663: gondoate biosynthesis (anaerobic)|g__Alistipes.s__Alistipes_onderdonkii	3.8321517532
PWY-7663: gondoate biosynthesis (anaerobic)|g__Bacteroides.s__Bacteroides_ovatus	2.3936321884
PWY-6823: molybdopterin biosynthesis	648.0791714568
PWY-6823: molybdopterin biosynthesis|g__Faecalibacterium.s__Faecalibacterium_prausnitzii	99.0630494466
PWY-6823: molybdopterin biosynthesis|g__Blautia.s__Blautia_obeum	96.4952439180
PWY-6823: molybdopterin biosynthesis|g__Roseburia.s__Roseburia_faecis	91.6271721959
PWY-6823: molybdopterin biosynthesis|g__Blautia.s__Ruminococcus_torques	66.9153117378
PWY-6823: molybdopterin biosynthesis|unclassified	60.8446370762
PWY-6823: molybdopterin biosynthesis|g__Fusicatenibacter.s__Fusicatenibacter_saccharivorans	29.9498049673
PWY-6823: molybdopterin biosynthesis|g__Roseburia.s__Roseburia_intestinalis	27.3805564793
PWY-6823: molybdopterin biosynthesis|g__Lachnospiraceae_unclassified.s__Eubacterium_rectale	19.4791446115
PWY-6823: molybdopterin biosynthesis|g__Anaerostipes.s__Anaerostipes_hadrus	16.0421679844
PWY-6823: molybdopterin biosynthesis|g__Clostridium.s__Clostridium_sp_AM22_11AC	14.9059064654
PWY-6823: molybdopterin biosynthesis|g__Proteobacteria_unclassified.s__Proteobacteria_bacterium_CAG_139	11.2269446672
PWY-6823: molybdopterin biosynthesis|g__Eubacterium.s__Eubacterium_hallii	9.8082924654
PWY-6823: molybdopterin biosynthesis|g__Bilophila.s__Bilophila_wadsworthia	8.3725798012
PWY-6823: molybdopterin biosynthesis|g__Blautia.s__Blautia_sp_CAG_52	8.0645161290
ASPASN-PWY: superpathway of L-aspartate and L-asparagine biosynthesis	644.9702781862
ASPASN-PWY: superpathway of L-aspartate and L-asparagine biosynthesis|g__Bacteroides.s__Bacteroides_uniformis	70.9244672278
ASPASN-PWY: superpathway of L-aspartate and L-asparagine biosynthesis|g__Bacteroides.s__Bacteroides_dorei	70.3447722252
ASPASN-PWY: superpathway of L-aspartate and L-asparagine biosynthesis|g__Bacteroides.s__Bacteroides_vulgatus	61.2004905778
ASPASN-PWY: superpathway of L-aspartate and L-asparagine biosynthesis|unclassified	29.6712438811
ASPASN-PWY: superpathway of L-aspartate and L-asparagine biosynthesis|g__Blautia.s__Ruminococcus_torques	24.8476608610
ASPASN-PWY: superpathway of L-aspartate and L-asparagine biosynthesis|g__Blautia.s__Blautia_wexlerae	15.6315587091
ASPASN-PWY: superpathway of L-aspartate and L-asparagine biosynthesis|g__Blautia.s__Blautia_obeum	15.3636518290
ASPASN-PWY: superpathway of L-aspartate and L-asparagine biosynthesis|g__Parabacteroides.s__Parabacteroides_distasonis	13.0180082447
ASPASN-PWY: superpathway of L-aspartate and L-asparagine biosynthesis|g__Odoribacter.s__Odoribacter_splanchnicus	7.8189819996
PWY-841: superpathway of purine nucleotides de novo biosynthesis I	644.5525763306
PWY-841: superpathway of purine nucleotides de novo biosynthesis I|unclassified	19.7241183003
HSERMETANA-PWY: L-methionine biosynthesis III	642.8902888791
HSERMETANA-PWY: L-methionine biosynthesis III|g__Roseburia.s__Roseburia_faecis	102.6412066147
HSERMETANA-PWY: L-methionine biosynthesis III|g__Blautia.s__Blautia_wexlerae	70.3590076598
HSERMETANA-PWY: L-methionine biosynthesis III|g__Blautia.s__Ruminococcus_torques	57.7056023525
HSERMETANA-PWY: L-methionine biosynthesis III|g__Lachnospira.s__Lachnospira_pectinoschiza	41.4317972006
HSERMETANA-PWY: L-methionine biosynthesis III|g__Anaerostipes.s__Anaerostipes_hadrus	24.9438728098
HSERMETANA-PWY: L-methionine biosynthesis III|g__Eubacterium.s__Eubacterium_eligens	18.4018752132
HSERMETANA-PWY: L-methionine biosynthesis III|g__Roseburia.s__Roseburia_intestinalis	17.6244080067
HSERMETANA-PWY: L-methionine biosynthesis III|g__Dorea.s__Dorea_longicatena	17.0957963820
HSERMETANA-PWY: L-methionine biosynthesis III|g__Parabacteroides.s__Parabacteroides_distasonis	16.0075887828
HSERMETANA-PWY: L-methionine biosynthesis III|g__Blautia.s__Blautia_obeum	13.8039389117
HSERMETANA-PWY: L-methionine biosynthesis III|unclassified	10.4102553386
PWY-6703: preQ0 biosynthesis	611.9031353239
PWY-6703: preQ0 biosynthesis|g__Bacteroides.s__Bacteroides_uniformis	94.8905748826
PWY-6703: preQ0 biosynthesis|g__Bacteroides.s__Bacteroides_vulgatus	76.8512987495
PWY-6703: preQ0 biosynthesis|g__Eubacterium.s__Eubacterium_eligens	45.2038130908
PWY-6703: preQ0 biosynthesis|g__Lachnospira.s__Lachnospira_pectinoschiza	44.4642063139
PWY-6703: preQ0 biosynthesis|g__Bacteroides.s__Bacteroides_dorei	32.3512420566
PWY-6703: preQ0 biosynthesis|g__Bacteroides.s__Bacteroides_sp_CAG_875	24.9921899406
PWY-6703: preQ0 biosynthesis|g__Blautia.s__Ruminococcus_torques	23.7102142123
PWY-6703: preQ0 biosynthesis|g__Parabacteroides.s__Parabacteroides_distasonis	21.3625287893
PWY-6703: preQ0 biosynthesis|g__Parabacteroides.s__Parabacteroides_merdae	17.9482754370
PWY-6703: preQ0 biosynthesis|g__Bacteroides.s__Bacteroides_salyersiae	17.7383592018
PWY-6703: preQ0 biosynthesis|g__Bacteroides.s__Bacteroides_thetaiotaomicron	15.4733285037
PWY-6703: preQ0 biosynthesis|g__Bacteroides.s__Bacteroides_xylanisolvens	14.6704390653
PWY-6703: preQ0 biosynthesis|g__Anaerostipes.s__Anaerostipes_hadrus	13.6481264845
PWY-6703: preQ0 biosynthesis|g__Candidatus_Gastranaerophilales_unclassified.s__Candidatus_Gastranaerophilales_bacterium_HUM_10	12.2605363985
PWY-6703: preQ0 biosynthesis|unclassified	11.9735865433
PWY-6703: preQ0 biosynthesis|g__Bilophila.s__Bilophila_wadsworthia	10.9140518417
PWY-6703: preQ0 biosynthesis|g__Bacteroides.s__Bacteroides_ovatus	6.1373225930
PWY-6608: guanosine nucleotides degradation III	600.8663674432
PWY-6608: guanosine nucleotides degradation III|g__Blautia.s__Blautia_obeum	47.6424155548
PWY-6608: guanosine nucleotides degradation III|g__Blautia.s__Ruminococcus_torques	43.3553770933
PWY-6608: guanosine nucleotides degradation III|g__Blautia.s__Blautia_wexlerae	27.4706903730
PWY-6608: guanosine nucleotides degradation III|g__Anaerostipes.s__Anaerostipes_hadrus	26.7667862657
PWY-6608: guanosine nucleotides degradation III|g__Roseburia.s__Roseburia_intestinalis	19.9239743086
PWY-6608: guanosine nucleotides degradation III|unclassified	18.1249387696
PWY-6608: guanosine nucleotides degradation III|g__Faecalibacterium.s__Faecalibacterium_prausnitzii	13.5675053713
PWY-5154: L-arginine biosynthesis III (via N-acetyl-L-citrulline)	591.9359552061
PWY-5154: L-arginine biosynthesis III (via N-acetyl-L-citrulline)|g__Blautia.s__Ruminococcus_torques	49.5244904835
PHOSLIPSYN-PWY: superpathway of phospholipid biosynthesis I (bacteria)	572.0628752452
PHOSLIPSYN-PWY: superpathway of phospholipid biosynthesis I (bacteria)|g__Fusicatenibacter.s__Fusicatenibacter_saccharivorans	29.2617712227
PWY-6126: superpathway of adenosine nucleotides de novo biosynthesis II	561.0128249263
PWY-6126: superpathway of adenosine nucleotides de novo biosynthesis II|g__Bacteroides.s__Bacteroides_dorei	70.7844452783
PWY-6126: superpathway of adenosine nucleotides de novo biosynthesis II|g__Bacteroides.s__Bacteroides_vulgatus	52.6785735586
PWY-6126: superpathway of adenosine nucleotides de novo biosynthesis II|g__Parabacteroides.s__Parabacteroides_distasonis	18.6749967856
PWY-6126: superpathway of adenosine nucleotides de novo biosynthesis II|g__Bacteroides.s__Bacteroides_thetaiotaomicron	16.0102339277
PWY-6126: superpathway of adenosine nucleotides de novo biosynthesis II|unclassified	15.3907295271
PWY-6126: superpathway of adenosine nucleotides de novo biosynthesis II|g__Proteobacteria_unclassified.s__Proteobacteria_bacterium_CAG_139	9.9276531204
PWY-6126: superpathway of adenosine nucleotides de novo biosynthesis II|g__Bacteroides.s__Bacteroides_xylanisolvens	5.6853066118
PWY-7282: 4-amino-2-methyl-5-diphosphomethylpyrimidine biosynthesis II	549.5669928704
PWY-7282: 4-amino-2-methyl-5-diphosphomethylpyrimidine biosynthesis II|g__Bacteroides.s__Bacteroides_uniformis	107.5456383426
PWY-7282: 4-amino-2-methyl-5-diphosphomethylpyrimidine biosynthesis II|g__Bacteroides.s__Bacteroides_xylanisolvens	9.8364687077
PWY-7282: 4-amino-2-methyl-5-diphosphomethylpyrimidine biosynthesis II|g__Bacteroides.s__Bacteroides_ovatus	4.1120534567
PWY-6901: superpathway of glucose and xylose degradation	547.3349263278
PENTOSE-P-PWY: pentose phosphate pathway	536.8586759863
PENTOSE-P-PWY: pentose phosphate pathway|g__Parabacteroides.s__Parabacteroides_distasonis	15.2977957542
PENTOSE-P-PWY: pentose phosphate pathway|g__Bacteroides.s__Bacteroides_xylanisolvens	4.7294746857
ANAEROFRUCAT-PWY: homolactic fermentation	519.8541678579
PWY-6147: 6-hydroxymethyl-dihydropterin diphosphate biosynthesis I	499.8901146665
PWY-6147: 6-hydroxymethyl-dihydropterin diphosphate biosynthesis I|g__Bacteroides.s__Bacteroides_uniformis	112.2083315368
PWY-6147: 6-hydroxymethyl-dihydropterin diphosphate biosynthesis I|g__Bacteroides.s__Bacteroides_vulgatus	48.7838207160
PWY-6147: 6-hydroxymethyl-dihydropterin diphosphate biosynthesis I|g__Alistipes.s__Alistipes_putredinis	45.1902535156
PWY-6147: 6-hydroxymethyl-dihydropterin diphosphate biosynthesis I|g__Bacteroides.s__Bacteroides_dorei	38.9198106500
PWY-6147: 6-hydroxymethyl-dihydropterin diphosphate biosynthesis I|g__Bacteroides.s__Bacteroides_thetaiotaomicron	19.8050501894
PWY-6147: 6-hydroxymethyl-dihydropterin diphosphate biosynthesis I|g__Parabacteroides.s__Parabacteroides_distasonis	14.7449421228
PWY-6147: 6-hydroxymethyl-dihydropterin diphosphate biosynthesis I|g__Bacteroides.s__Bacteroides_xylanisolvens	11.7228386016
PWY-7228: superpathway of guanosine nucleotides de novo biosynthesis I	491.2980863490
PWY-7228: superpathway of guanosine nucleotides de novo biosynthesis I|g__Bacteroides.s__Bacteroides_dorei	74.0509965611
PWY-7228: superpathway of guanosine nucleotides de novo biosynthesis I|g__Bacteroides.s__Bacteroides_vulgatus	61.3352813771
PWY-7228: superpathway of guanosine nucleotides de novo biosynthesis I|g__Collinsella.s__Collinsella_aerofaciens	25.0372483978
PWY-7228: superpathway of guanosine nucleotides de novo biosynthesis I|g__Parabacteroides.s__Parabacteroides_distasonis	21.6019109731
PWY-7228: superpathway of guanosine nucleotides de novo biosynthesis I|g__Bacteroides.s__Bacteroides_thetaiotaomicron	16.1393318108
PWY-7228: superpathway of guanosine nucleotides de novo biosynthesis I|g__Bacteroides.s__Bacteroides_xylanisolvens	13.2654688423
PWY-7228: superpathway of guanosine nucleotides de novo biosynthesis I|unclassified	12.5579304851
PWY-7228: superpathway of guanosine nucleotides de novo biosynthesis I|g__Proteobacteria_unclassified.s__Proteobacteria_bacterium_CAG_139	8.6410587339
PWY-7228: superpathway of guanosine nucleotides de novo biosynthesis I|g__Bilophila.s__Bilophila_wadsworthia	8.2911100875
PWY-6936: seleno-amino acid biosynthesis (plants)	488.7271234866
PWY-6936: seleno-amino acid biosynthesis (plants)|g__Roseburia.s__Roseburia_faecis	76.7806568553
PWY-6936: seleno-amino acid biosynthesis (plants)|g__Blautia.s__Ruminococcus_torques	49.4354708835
PWY-6936: seleno-amino acid biosynthesis (plants)|g__Lachnospira.s__Lachnospira_pectinoschiza	36.9891659574
PWY-6936: seleno-amino acid biosynthesis (plants)|g__Anaerostipes.s__Anaerostipes_hadrus	30.6685791989
PWY-6936: seleno-amino acid biosynthesis (plants)|g__Eubacterium.s__Eubacterium_eligens	27.5775378028
PWY-6936: seleno-amino acid biosynthesis (plants)|unclassified	12.7786354873
GLYCOLYSIS: glycolysis I (from glucose 6-phosphate)	471.6097597570
GLYCOLYSIS: glycolysis I (from glucose 6-phosphate)|g__Bacteroides.s__Bacteroides_salyersiae	16.1002254886
PWY-621: sucrose degradation III (sucrose invertase)	467.9169252906
PWY-621: sucrose degradation III (sucrose invertase)|g__Roseburia.s__Roseburia_faecis	80.9461165985
PWY-621: sucrose degradation III (sucrose invertase)|g__Anaerostipes.s__Anaerostipes_hadrus	44.1123057160
PWY-621: sucrose degradation III (sucrose invertase)|g__Bacteroides.s__Bacteroides_thetaiotaomicron	11.6064026529
PWY-621: sucrose degradation III (sucrose invertase)|g__Bacteroides.s__Bacteroides_xylanisolvens	8.6156242858
PWY-621: sucrose degradation III (sucrose invertase)|g__Bacteroides.s__Bacteroides_ovatus	3.0592734226
OANTIGEN-PWY: O-antigen building blocks biosynthesis (E. coli)	466.4590978589
OANTIGEN-PWY: O-antigen building blocks biosynthesis (E. coli)|unclassified	76.0683813735
OANTIGEN-PWY: O-antigen building blocks biosynthesis (E. coli)|g__Collinsella.s__Collinsella_aerofaciens	38.6082674567
PWY-5384: sucrose degradation IV (sucrose phosphorylase)	456.3631250295
PWY-5384: sucrose degradation IV (sucrose phosphorylase)|g__Roseburia.s__Roseburia_faecis	90.7852787932
PWY-5384: sucrose degradation IV (sucrose phosphorylase)|g__Faecalibacterium.s__Faecalibacterium_prausnitzii	88.3304000199
PWY-5384: sucrose degradation IV (sucrose phosphorylase)|g__Anaerostipes.s__Anaerostipes_hadrus	29.4406361051
PWY-5384: sucrose degradation IV (sucrose phosphorylase)|g__Bacteroides.s__Bacteroides_thetaiotaomicron	16.1993769470
PWY-5384: sucrose degradation IV (sucrose phosphorylase)|g__Bacteroides.s__Bacteroides_xylanisolvens	7.7683679513
PWY-5384: sucrose degradation IV (sucrose phosphorylase)|g__Bifidobacterium.s__Bifidobacterium_pseudocatenulatum	3.7294547004
PWY-5384: sucrose degradation IV (sucrose phosphorylase)|g__Bacteroides.s__Bacteroides_ovatus	3.0592734226
PWY-5384: sucrose degradation IV (sucrose phosphorylase)|g__Bifidobacterium.s__Bifidobacterium_catenulatum	2.1291106200
PWY-5384: sucrose degradation IV (sucrose phosphorylase)|g__Bifidobacterium.s__Bifidobacterium_adolescentis	2.0423793720
CITRULBIO-PWY: L-citrulline biosynthesis	454.7058403380
PWY-5484: glycolysis II (from fructose 6-phosphate)	451.9220426897
PWY-5484: glycolysis II (from fructose 6-phosphate)|g__Bacteroides.s__Bacteroides_salyersiae	16.1558989292
GLCMANNANAUT-PWY: superpathway of N-acetylglucosamine, N-acetylmannosamine and N-acetylneuraminate degradation	447.1874192664
GLCMANNANAUT-PWY: superpathway of N-acetylglucosamine, N-acetylmannosamine and N-acetylneuraminate degradation|g__Faecalibacterium.s__Faecalibacterium_prausnitzii	68.8634314564
GLCMANNANAUT-PWY: superpathway of N-acetylglucosamine, N-acetylmannosamine and N-acetylneuraminate degradation|unclassified	37.0921120811
ARGININE-SYN4-PWY: L-ornithine biosynthesis II	446.8527939763
ARGININE-SYN4-PWY: L-ornithine biosynthesis II|g__Bacteroides.s__Bacteroides_uniformis	102.1388270327
ARGININE-SYN4-PWY: L-ornithine biosynthesis II|g__Bacteroides.s__Bacteroides_dorei	66.1221120771
ARGININE-SYN4-PWY: L-ornithine biosynthesis II|g__Bacteroides.s__Bacteroides_vulgatus	45.4183254003
ARGININE-SYN4-PWY: L-ornithine biosynthesis II|g__Paraprevotella.s__Paraprevotella_clara	33.3631263668
ARGININE-SYN4-PWY: L-ornithine biosynthesis II|g__Bacteroides.s__Bacteroides_thetaiotaomicron	16.4568283454
ARGININE-SYN4-PWY: L-ornithine biosynthesis II|g__Bacteroides.s__Bacteroides_xylanisolvens	14.7800132100
ARGININE-SYN4-PWY: L-ornithine biosynthesis II|g__Parabacteroides.s__Parabacteroides_distasonis	14.6602908563
ARGININE-SYN4-PWY: L-ornithine biosynthesis II|g__Bacteroides.s__Bacteroides_salyersiae	13.7977461063
ARGININE-SYN4-PWY: L-ornithine biosynthesis II|g__Bacteroides.s__Bacteroides_ovatus	6.0330958400
PWY4FS-7: phosphatidylglycerol biosynthesis I (plastidic)	426.8703038260
PWY4FS-7: phosphatidylglycerol biosynthesis I (plastidic)|g__Fusicatenibacter.s__Fusicatenibacter_saccharivorans	27.6545721263
PWY4FS-7: phosphatidylglycerol biosynthesis I (plastidic)|g__Roseburia.s__Roseburia_intestinalis	20.2578246547
PWY4FS-8: phosphatidylglycerol biosynthesis II (non-plastidic)	426.8703038260
PWY4FS-8: phosphatidylglycerol biosynthesis II (non-plastidic)|g__Fusicatenibacter.s__Fusicatenibacter_saccharivorans	27.6545721263
PWY4FS-8: phosphatidylglycerol biosynthesis II (non-plastidic)|g__Roseburia.s__Roseburia_intestinalis	20.2578246547
PWY-6125: superpathway of guanosine nucleotides de novo biosynthesis II	420.2578984441
PWY-6125: superpathway of guanosine nucleotides de novo biosynthesis II|g__Bacteroides.s__Bacteroides_vulgatus	55.1786260723
PWY-6125: superpathway of guanosine nucleotides de novo biosynthesis II|g__Bacteroides.s__Bacteroides_dorei	44.6261859444
PWY-6125: superpathway of guanosine nucleotides de novo biosynthesis II|g__Parabacteroides.s__Parabacteroides_distasonis	20.5789623725
PWY-6125: superpathway of guanosine nucleotides de novo biosynthesis II|g__Bacteroides.s__Bacteroides_thetaiotaomicron	12.5018322160
PWY-6125: superpathway of guanosine nucleotides de novo biosynthesis II|g__Bacteroides.s__Bacteroides_xylanisolvens	11.9581756449
PWY-6125: superpathway of guanosine nucleotides de novo biosynthesis II|unclassified	10.5615687836
RHAMCAT-PWY: L-rhamnose degradation I	413.9070052365
RHAMCAT-PWY: L-rhamnose degradation I|g__Bacteroides.s__Bacteroides_uniformis	54.4848395117
RHAMCAT-PWY: L-rhamnose degradation I|g__Bacteroides.s__Bacteroides_vulgatus	53.7994928605
RHAMCAT-PWY: L-rhamnose degradation I|g__Bacteroides.s__Bacteroides_dorei	27.8297870054
RHAMCAT-PWY: L-rhamnose degradation I|g__Blautia.s__Ruminococcus_torques	25.4754844200
RHAMCAT-PWY: L-rhamnose degradation I|g__Eubacterium.s__Eubacterium_eligens	21.8709123442
RHAMCAT-PWY: L-rhamnose degradation I|g__Bacteroides.s__Bacteroides_thetaiotaomicron	19.2139201811
RHAMCAT-PWY: L-rhamnose degradation I|g__Roseburia.s__Roseburia_faecis	13.5609963528
RHAMCAT-PWY: L-rhamnose degradation I|g__Roseburia.s__Roseburia_intestinalis	13.5287271295
RHAMCAT-PWY: L-rhamnose degradation I|g__Bacteroides.s__Bacteroides_xylanisolvens	11.0943246573
RHAMCAT-PWY: L-rhamnose degradation I|unclassified	8.4450011038
RHAMCAT-PWY: L-rhamnose degradation I|g__Bacteroides.s__Bacteroides_ovatus	8.1337949752
HISDEG-PWY: L-histidine degradation I	404.5596214957
HISDEG-PWY: L-histidine degradation I|g__Bacteroides.s__Bacteroides_uniformis	123.8215157603
HISDEG-PWY: L-histidine degradation I|g__Bacteroides.s__Bacteroides_dorei	65.1728875137
HISDEG-PWY: L-histidine degradation I|g__Alistipes.s__Alistipes_putredinis	49.5884704636
HISDEG-PWY: L-histidine degradation I|g__Bacteroides.s__Bacteroides_vulgatus	42.4749214285
HISDEG-PWY: L-histidine degradation I|unclassified	21.8442405389
HISDEG-PWY: L-histidine degradation I|g__Parabacteroides.s__Parabacteroides_merdae	19.7781716493
HISDEG-PWY: L-histidine degradation I|g__Bacteroides.s__Bacteroides_thetaiotaomicron	18.0885144560
HISDEG-PWY: L-histidine degradation I|g__Parabacteroides.s__Parabacteroides_distasonis	14.0339650618
HISDEG-PWY: L-histidine degradation I|g__Bacteroides.s__Bacteroides_salyersiae	11.8130220636
HISDEG-PWY: L-histidine degradation I|g__Bacteroides.s__Bacteroides_xylanisolvens	9.5835670020
HISDEG-PWY: L-histidine degradation I|g__Bacteroides.s__Bacteroides_ovatus	4.8929663609
PWY0-845: superpathway of pyridoxal 5'-phosphate biosynthesis and salvage	400.9474597367
PWY0-845: superpathway of pyridoxal 5'-phosphate biosynthesis and salvage|g__Bacteroides.s__Bacteroides_uniformis	115.7082651083
PWY0-845: superpathway of pyridoxal 5'-phosphate biosynthesis and salvage|g__Bacteroides.s__Bacteroides_thetaiotaomicron	17.2795053587
PWY0-845: superpathway of pyridoxal 5'-phosphate biosynthesis and salvage|g__Bacteroides.s__Bacteroides_xylanisolvens	11.9828123828
PWY0-845: superpathway of pyridoxal 5'-phosphate biosynthesis and salvage|g__Bacteroides.s__Bacteroides_ovatus	4.2083610294
PWY-5188: tetrapyrrole biosynthesis I (from glutamate)	389.3683797969
PWY-5188: tetrapyrrole biosynthesis I (from glutamate)|g__Roseburia.s__Roseburia_faecis	88.0958558715
PWY-5188: tetrapyrrole biosynthesis I (from glutamate)|g__Blautia.s__Blautia_wexlerae	55.7165844107
PWY-5188: tetrapyrrole biosynthesis I (from glutamate)|g__Ruminococcus.s__Ruminococcus_bromii	32.6400141251
PWY-5188: tetrapyrrole biosynthesis I (from glutamate)|g__Eubacterium.s__Eubacterium_eligens	18.5520277019
PWY-5188: tetrapyrrole biosynthesis I (from glutamate)|g__Blautia.s__Ruminococcus_torques	15.4745689119
PWY-5188: tetrapyrrole biosynthesis I (from glutamate)|g__Blautia.s__Blautia_obeum	14.3706511409
PWY-5188: tetrapyrrole biosynthesis I (from glutamate)|g__Anaerostipes.s__Anaerostipes_hadrus	11.5279117497
PWY-5188: tetrapyrrole biosynthesis I (from glutamate)|g__Proteobacteria_unclassified.s__Proteobacteria_bacterium_CAG_139	8.8429430157
PWY-5121: superpathway of geranylgeranyl diphosphate biosynthesis II (via MEP)	386.4580604123
PWY-5121: superpathway of geranylgeranyl diphosphate biosynthesis II (via MEP)|g__Bacteroides.s__Bacteroides_dorei	55.7923013282
PWY-5121: superpathway of geranylgeranyl diphosphate biosynthesis II (via MEP)|g__Bacteroides.s__Bacteroides_vulgatus	41.6532447387
PWY-4984: urea cycle	386.3575597778
PWY-7208: superpathway of pyrimidine nucleobases salvage	372.4589037386
PWY-7208: superpathway of pyrimidine nucleobases salvage|g__Collinsella.s__Collinsella_aerofaciens	17.7796092784
PWY-7208: superpathway of pyrimidine nucleobases salvage|g__Roseburia.s__Roseburia_intestinalis	17.4908278391
PWY-7208: superpathway of pyrimidine nucleobases salvage|unclassified	15.5544738255
PWY-7208: superpathway of pyrimidine nucleobases salvage|g__Blautia.s__Blautia_obeum	9.2001354514
PWY-7208: superpathway of pyrimidine nucleobases salvage|g__Proteobacteria_unclassified.s__Proteobacteria_bacterium_CAG_139	8.4140936068
PWY-7208: superpathway of pyrimidine nucleobases salvage|g__Candidatus_Gastranaerophilales_unclassified.s__Candidatus_Gastranaerophilales_bacterium_HUM_10	7.8074170462
PWY-7208: superpathway of pyrimidine nucleobases salvage|g__Bilophila.s__Bilophila_wadsworthia	7.3766712771
PWY0-162: superpathway of pyrimidine ribonucleotides de novo biosynthesis	370.6329479250
PWY0-162: superpathway of pyrimidine ribonucleotides de novo biosynthesis|g__Bacteroides.s__Bacteroides_thetaiotaomicron	17.2722240994
PWY0-162: superpathway of pyrimidine ribonucleotides de novo biosynthesis|unclassified	16.3808122154
COLANSYN-PWY: colanic acid building blocks biosynthesis	369.1497486506
COLANSYN-PWY: colanic acid building blocks biosynthesis|unclassified	17.2824797237
PYRIDOXSYN-PWY: pyridoxal 5'-phosphate biosynthesis I	340.0657532809
PYRIDOXSYN-PWY: pyridoxal 5'-phosphate biosynthesis I|g__Bacteroides.s__Bacteroides_uniformis	122.3120995518
PYRIDOXSYN-PWY: pyridoxal 5'-phosphate biosynthesis I|g__Bacteroides.s__Bacteroides_thetaiotaomicron	17.8600854553
PYRIDOXSYN-PWY: pyridoxal 5'-phosphate biosynthesis I|g__Bacteroides.s__Bacteroides_xylanisolvens	14.7776461790
PYRIDOXSYN-PWY: pyridoxal 5'-phosphate biosynthesis I|g__Bacteroides.s__Bacteroides_ovatus	4.3393022529
PWY-6628: superpathway of L-phenylalanine biosynthesis	339.4078969400
PWY-6628: superpathway of L-phenylalanine biosynthesis|unclassified	28.7821382534
PWY-5030: L-histidine degradation III	338.8024990244
PWY-5030: L-histidine degradation III|g__Bacteroides.s__Bacteroides_uniformis	130.2519984089
PWY-5030: L-histidine degradation III|g__Bacteroides.s__Bacteroides_dorei	58.0615518532
PWY-5030: L-histidine degradation III|g__Alistipes.s__Alistipes_putredinis	49.6603027180
PWY-5030: L-histidine degradation III|g__Bacteroides.s__Bacteroides_vulgatus	42.3080900395
PWY-5030: L-histidine degradation III|g__Bacteroides.s__Bacteroides_thetaiotaomicron	19.2715282270
PWY-5030: L-histidine degradation III|g__Bacteroides.s__Bacteroides_xylanisolvens	15.3618755433
PWY-5030: L-histidine degradation III|unclassified	14.9744458304
PWY-5030: L-histidine degradation III|g__Bacteroides.s__Bacteroides_ovatus	7.4312608373
PWY-6470: peptidoglycan biosynthesis V (&beta;-lactam resistance)	338.7980288853
PWY-2941: L-lysine biosynthesis II	325.2035914393
PWY-2941: L-lysine biosynthesis II|unclassified	41.7669862120
PWY-2941: L-lysine biosynthesis II|g__Blautia.s__Ruminococcus_torques	19.5595569667
METH-ACETATE-PWY: methanogenesis from acetate	320.7531584336
METH-ACETATE-PWY: methanogenesis from acetate|g__Blautia.s__Blautia_wexlerae	63.6616345882
METH-ACETATE-PWY: methanogenesis from acetate|g__Blautia.s__Ruminococcus_torques	34.1325196685
METH-ACETATE-PWY: methanogenesis from acetate|g__Fusicatenibacter.s__Fusicatenibacter_saccharivorans	22.6713144960
METH-ACETATE-PWY: methanogenesis from acetate|g__Blautia.s__Blautia_obeum	9.2946098669
PWY-5505: L-glutamate and L-glutamine biosynthesis	303.3847170036
PWY-5659: GDP-mannose biosynthesis	302.5338379504
PWY-5659: GDP-mannose biosynthesis|g__Faecalibacterium.s__Faecalibacterium_prausnitzii	51.2881156979
PWY-5659: GDP-mannose biosynthesis|unclassified	36.0682634826
PWY-5659: GDP-mannose biosynthesis|g__Bacteroides.s__Bacteroides_vulgatus	31.8083498988
PWY-5659: GDP-mannose biosynthesis|g__Roseburia.s__Roseburia_intestinalis	16.9806236209
PWY-5659: GDP-mannose biosynthesis|g__Blautia.s__Blautia_obeum	13.2337570031
PWY-5659: GDP-mannose biosynthesis|g__Bacteroides.s__Bacteroides_dorei	4.8293650911
PWY-7392: taxadiene biosynthesis (engineered)	297.3501658169
PWY-7220: adenosine deoxyribonucleotides de novo biosynthesis II	296.4612353031
PWY-7220: adenosine deoxyribonucleotides de novo biosynthesis II|g__Bacteroides.s__Bacteroides_dorei	71.3127008665
PWY-7220: adenosine deoxyribonucleotides de novo biosynthesis II|g__Bacteroides.s__Bacteroides_vulgatus	59.8394132215
PWY-7220: adenosine deoxyribonucleotides de novo biosynthesis II|g__Parabacteroides.s__Parabacteroides_distasonis	16.6292830072
PWY-7220: adenosine deoxyribonucleotides de novo biosynthesis II|g__Bacteroides.s__Bacteroides_thetaiotaomicron	13.1182323413
PWY-7220: adenosine deoxyribonucleotides de novo biosynthesis II|g__Bilophila.s__Bilophila_wadsworthia	11.7187500000
PWY-7220: adenosine deoxyribonucleotides de novo biosynthesis II|g__Bacteroides.s__Bacteroides_xylanisolvens	10.3092783505
PWY-7220: adenosine deoxyribonucleotides de novo biosynthesis II|g__Proteobacteria_unclassified.s__Proteobacteria_bacterium_CAG_139	7.8281081348
PWY-7220: adenosine deoxyribonucleotides de novo biosynthesis II|unclassified	6.9917877806
PWY-7222: guanosine deoxyribonucleotides de novo biosynthesis II	296.4612353031
PWY-7222: guanosine deoxyribonucleotides de novo biosynthesis II|g__Bacteroides.s__Bacteroides_dorei	71.3127008665
PWY-7222: guanosine deoxyribonucleotides de novo biosynthesis II|g__Bacteroides.s__Bacteroides_vulgatus	59.8394132215
PWY-7222: guanosine deoxyribonucleotides de novo biosynthesis II|g__Parabacteroides.s__Parabacteroides_distasonis	16.6292830072
PWY-7222: guanosine deoxyribonucleotides de novo biosynthesis II|g__Bacteroides.s__Bacteroides_thetaiotaomicron	13.1182323413
PWY-7222: guanosine deoxyribonucleotides de novo biosynthesis II|g__Bilophila.s__Bilophila_wadsworthia	11.7187500000
PWY-7222: guanosine deoxyribonucleotides de novo biosynthesis II|g__Bacteroides.s__Bacteroides_xylanisolvens	10.3092783505
PWY-7222: guanosine deoxyribonucleotides de novo biosynthesis II|g__Proteobacteria_unclassified.s__Proteobacteria_bacterium_CAG_139	7.8281081348
PWY-7222: guanosine deoxyribonucleotides de novo biosynthesis II|unclassified	6.9917877806
PWY-6902: chitin degradation II (Vibrio)	293.3877745883
PWY-6902: chitin degradation II (Vibrio)|g__Bacteroides.s__Bacteroides_uniformis	142.9078293928
PWY-6902: chitin degradation II (Vibrio)|g__Bacteroides.s__Bacteroides_vulgatus	48.8566690216
PWY-6902: chitin degradation II (Vibrio)|g__Bacteroides.s__Bacteroides_thetaiotaomicron	41.1125863798
PWY-6902: chitin degradation II (Vibrio)|g__Fusicatenibacter.s__Fusicatenibacter_saccharivorans	36.2485763762
PWY-7323: superpathway of GDP-mannose-derived O-antigen building blocks biosynthesis	293.1251079087
PWY-7323: superpathway of GDP-mannose-derived O-antigen building blocks biosynthesis|unclassified	12.3151878662
UDPNAGSYN-PWY: UDP-N-acetyl-D-glucosamine biosynthesis I	290.4045477046
UDPNAGSYN-PWY: UDP-N-acetyl-D-glucosamine biosynthesis I|unclassified	56.9782780029
UDPNAGSYN-PWY: UDP-N-acetyl-D-glucosamine biosynthesis I|g__Collinsella.s__Collinsella_aerofaciens	35.6534350543
UDPNAGSYN-PWY: UDP-N-acetyl-D-glucosamine biosynthesis I|g__Eubacterium.s__Eubacterium_sp_CAG_180	29.8126000773
UDPNAGSYN-PWY: UDP-N-acetyl-D-glucosamine biosynthesis I|g__Bilophila.s__Bilophila_wadsworthia	12.3867097461
UDPNAGSYN-PWY: UDP-N-acetyl-D-glucosamine biosynthesis I|g__Proteobacteria_unclassified.s__Proteobacteria_bacterium_CAG_139	10.6094871151
UDPNAGSYN-PWY: UDP-N-acetyl-D-glucosamine biosynthesis I|g__Bifidobacterium.s__Bifidobacterium_catenulatum	2.0220402386
UDPNAGSYN-PWY: UDP-N-acetyl-D-glucosamine biosynthesis I|g__Bifidobacterium.s__Bifidobacterium_pseudocatenulatum	1.8607123870
GLYCOCAT-PWY: glycogen degradation I	288.1906520356
GLYCOCAT-PWY: glycogen degradation I|unclassified	17.4283326136
PWY-8187: L-arginine degradation XIII (reductive Stickland reaction)	285.9549763750
PWY-8187: L-arginine degradation XIII (reductive Stickland reaction)|unclassified	85.6512404998
PWY-8187: L-arginine degradation XIII (reductive Stickland reaction)|g__Collinsella.s__Collinsella_aerofaciens	29.4155844903
PWY-7345: superpathway of anaerobic sucrose degradation	276.8437135417
PWY-7456: &beta;-(1,4)-mannan degradation	276.7101349068
GLUCONEO-PWY: gluconeogenesis I	273.4372292318
GLUCONEO-PWY: gluconeogenesis I|g__Bacteroides.s__Bacteroides_salyersiae	15.2736243451
PWY-6895: superpathway of thiamine diphosphate biosynthesis II	271.9685056461
PWY-6292: superpathway of L-cysteine biosynthesis (mammalian)	267.0363263097
PWY0-1261: anhydromuropeptides recycling I	261.3597273224
PWY-6168: flavin biosynthesis III (fungi)	260.0582914944
PWY-1269: CMP-3-deoxy-D-manno-octulosonate biosynthesis	252.4007869107
PWY-1269: CMP-3-deoxy-D-manno-octulosonate biosynthesis|g__Bacteroides.s__Bacteroides_uniformis	88.5623722258
PWY-1269: CMP-3-deoxy-D-manno-octulosonate biosynthesis|g__Bacteroides.s__Bacteroides_thetaiotaomicron	9.9294301216
PWY-1269: CMP-3-deoxy-D-manno-octulosonate biosynthesis|g__Bacteroides.s__Bacteroides_xylanisolvens	7.4197736969
PWY-1269: CMP-3-deoxy-D-manno-octulosonate biosynthesis|g__Candidatus_Gastranaerophilales_unclassified.s__Candidatus_Gastranaerophilales_bacterium_HUM_10	7.1329237252
PWY-1269: CMP-3-deoxy-D-manno-octulosonate biosynthesis|g__Bacteroides.s__Bacteroides_ovatus	5.7388809182
PWY-6305: superpathway of putrescine biosynthesis	248.7447416204
NAGLIPASYN-PWY: lipid IVA biosynthesis (E. coli)	244.6655076366
NAGLIPASYN-PWY: lipid IVA biosynthesis (E. coli)|g__Bacteroides.s__Bacteroides_uniformis	129.4697770614
PWY-8073: lipid IVA biosynthesis (P. putida)	244.6655076366
PWY-8073: lipid IVA biosynthesis (P. putida)|g__Bacteroides.s__Bacteroides_uniformis	129.4697770614
PWY-7328: superpathway of UDP-glucose-derived O-antigen building blocks biosynthesis	242.8499474772
PWY-7328: superpathway of UDP-glucose-derived O-antigen building blocks biosynthesis|unclassified	27.2952151495
PWY-7328: superpathway of UDP-glucose-derived O-antigen building blocks biosynthesis|g__Blautia.s__Ruminococcus_torques	19.7061991574
PWY-6353: purine nucleotides degradation II (aerobic)	242.6972914243
PWY-6353: purine nucleotides degradation II (aerobic)|g__Blautia.s__Ruminococcus_torques	40.1222284702
PWY-6353: purine nucleotides degradation II (aerobic)|g__Anaerostipes.s__Anaerostipes_hadrus	23.5294988462
PWY-6353: purine nucleotides degradation II (aerobic)|unclassified	20.4003300279
PWY-6353: purine nucleotides degradation II (aerobic)|g__Roseburia.s__Roseburia_intestinalis	19.5044695455
GLUCUROCAT-PWY: superpathway of &beta;-D-glucuronosides degradation	241.0736029915
GLUCUROCAT-PWY: superpathway of &beta;-D-glucuronosides degradation|g__Faecalibacterium.s__Faecalibacterium_prausnitzii	56.5861515947
GLUCUROCAT-PWY: superpathway of &beta;-D-glucuronosides degradation|unclassified	15.3061700366
PWY-7197: pyrimidine deoxyribonucleotide phosphorylation	239.7908241803
PWY-7197: pyrimidine deoxyribonucleotide phosphorylation|g__Collinsella.s__Collinsella_aerofaciens	22.0866027318
PWY-7197: pyrimidine deoxyribonucleotide phosphorylation|g__Candidatus_Gastranaerophilales_unclassified.s__Candidatus_Gastranaerophilales_bacterium_HUM_10	11.0650069156
PWY-7197: pyrimidine deoxyribonucleotide phosphorylation|g__Phascolarctobacterium.s__Phascolarctobacterium_faecium	8.1499592502
PWY-7197: pyrimidine deoxyribonucleotide phosphorylation|unclassified	6.9974130515
POLYISOPRENSYN-PWY: polyisoprenoid biosynthesis (E. coli)	239.1085674978
PWY66-409: superpathway of purine nucleotide salvage	221.2379109359
PWY66-409: superpathway of purine nucleotide salvage|unclassified	19.1771276258
PWY-I9: L-cysteine biosynthesis VI (from L-methionine)	202.1878051238
PWY-I9: L-cysteine biosynthesis VI (from L-methionine)|g__Blautia.s__Ruminococcus_torques	49.8995870171
PWY-I9: L-cysteine biosynthesis VI (from L-methionine)|g__Anaerostipes.s__Anaerostipes_hadrus	25.2497945940
PWY-I9: L-cysteine biosynthesis VI (from L-methionine)|g__Roseburia.s__Roseburia_intestinalis	21.6393777536
PWY-I9: L-cysteine biosynthesis VI (from L-methionine)|unclassified	17.0470975107
ARG+POLYAMINE-SYN: superpathway of arginine and polyamine biosynthesis	201.4901005192
PWY-6906: chitin derivatives degradation	201.0791726082
P441-PWY: superpathway of N-acetylneuraminate degradation	199.4925042175
LACTOSECAT-PWY: lactose and galactose degradation I	194.3346458088
LACTOSECAT-PWY: lactose and galactose degradation I|g__Collinsella.s__Collinsella_aerofaciens	75.7438034688
LACTOSECAT-PWY: lactose and galactose degradation I|unclassified	23.4438929981
PWY-7234: inosine-5'-phosphate biosynthesis III	193.9478357970
PWY-7234: inosine-5'-phosphate biosynthesis III|g__Alistipes.s__Alistipes_putredinis	52.9122689224
PWY-7234: inosine-5'-phosphate biosynthesis III|unclassified	12.9917569910
PWY-7234: inosine-5'-phosphate biosynthesis III|g__Proteobacteria_unclassified.s__Proteobacteria_bacterium_CAG_139	10.2861050397
PWY-7234: inosine-5'-phosphate biosynthesis III|g__Bifidobacterium.s__Bifidobacterium_adolescentis	2.0728252608
GLYCOLYSIS-E-D: superpathway of glycolysis and the Entner-Doudoroff pathway	188.8166949488
PWY-5497: purine nucleobases degradation II (anaerobic)	187.3058976576
PWY-5497: purine nucleobases degradation II (anaerobic)|g__Roseburia.s__Roseburia_intestinalis	17.6589230849
PWY-7242: D-fructuronate degradation	184.8717223634
PWY-7242: D-fructuronate degradation|g__Faecalibacterium.s__Faecalibacterium_prausnitzii	52.7190223412
PWY-7242: D-fructuronate degradation|unclassified	23.6597937567
PWY0-1061: superpathway of L-alanine biosynthesis	172.1765639347
PWY0-1061: superpathway of L-alanine biosynthesis|g__Blautia.s__Ruminococcus_torques	45.7893546080
PWY0-1061: superpathway of L-alanine biosynthesis|g__Lachnospiraceae_unclassified.s__Eubacterium_rectale	27.3809868930
PWY-702: L-methionine biosynthesis II	169.0157598221
PWY-702: L-methionine biosynthesis II|g__Blautia.s__Ruminococcus_torques	21.6973424900
PWY-702: L-methionine biosynthesis II|unclassified	9.3233707469
PWY-8004: Entner-Doudoroff pathway I	156.6314109725
PWY-5971: palmitate biosynthesis (type II fatty acid synthase)	151.2704234985
PWY-6859: all-trans-farnesol biosynthesis	151.2543906224
BIOTIN-BIOSYNTHESIS-PWY: biotin biosynthesis I	145.8297838341
BIOTIN-BIOSYNTHESIS-PWY: biotin biosynthesis I|g__Bacteroides.s__Bacteroides_vulgatus	7.4965322870
PWY-6606: guanosine nucleotides degradation II	141.6470046500
PWY-6606: guanosine nucleotides degradation II|g__Blautia.s__Ruminococcus_torques	30.6823550950
PWY-6606: guanosine nucleotides degradation II|g__Anaerostipes.s__Anaerostipes_hadrus	21.3362380037
PWY-6606: guanosine nucleotides degradation II|g__Roseburia.s__Roseburia_intestinalis	16.6905980389
PWY-6606: guanosine nucleotides degradation II|unclassified	12.2458224480
FOLSYN-PWY: superpathway of tetrahydrofolate biosynthesis and salvage	140.1838644653
FASYN-ELONG-PWY: fatty acid elongation -- saturated	131.7384540138
FASYN-ELONG-PWY: fatty acid elongation -- saturated|g__Bacteroides.s__Bacteroides_vulgatus	40.2482691645
SALVADEHYPOX-PWY: adenosine nucleotides degradation II	128.9289569928
SALVADEHYPOX-PWY: adenosine nucleotides degradation II|g__Blautia.s__Ruminococcus_torques	30.8846595609
SALVADEHYPOX-PWY: adenosine nucleotides degradation II|g__Anaerostipes.s__Anaerostipes_hadrus	22.1424736586
SALVADEHYPOX-PWY: adenosine nucleotides degradation II|g__Roseburia.s__Roseburia_intestinalis	18.0036163301
SALVADEHYPOX-PWY: adenosine nucleotides degradation II|unclassified	14.4245012835
SALVADEHYPOX-PWY: adenosine nucleotides degradation II|g__Faecalibacterium.s__Faecalibacterium_prausnitzii	11.8715495539
PWY66-399: gluconeogenesis III	122.0518305206
PWY-7761: NAD salvage pathway II (PNC IV cycle)	120.3400857082
PWY-7761: NAD salvage pathway II (PNC IV cycle)|unclassified	41.6794508608
PWY-6519: 8-amino-7-oxononanoate biosynthesis I	120.1852789437
PWY-6519: 8-amino-7-oxononanoate biosynthesis I|g__Bacteroides.s__Bacteroides_vulgatus	16.7563815688
P164-PWY: purine nucleobases degradation I (anaerobic)	118.2536433924
P164-PWY: purine nucleobases degradation I (anaerobic)|unclassified	15.2386807903
PWY-7664: oleate biosynthesis IV (anaerobic)	118.0716826731
PWY-7664: oleate biosynthesis IV (anaerobic)|g__Bacteroides.s__Bacteroides_vulgatus	39.4064910817
PWY-7356: thiamine diphosphate salvage IV (yeast)	116.3221244967
PWY-7356: thiamine diphosphate salvage IV (yeast)|unclassified	23.6414173937
POLYAMSYN-PWY: superpathway of polyamine biosynthesis I	112.9101421912
PWY-6630: superpathway of L-tyrosine biosynthesis	110.5704173735
PWY-6630: superpathway of L-tyrosine biosynthesis|unclassified	26.4899378406
PWY-7383: anaerobic energy metabolism (invertebrates, cytosol)	106.8027355237
FUC-RHAMCAT-PWY: superpathway of fucose and rhamnose degradation	106.6971955828
GALACTUROCAT-PWY: D-galacturonate degradation I	104.8772338530
GALACTUROCAT-PWY: D-galacturonate degradation I|g__Faecalibacterium.s__Faecalibacterium_prausnitzii	60.8732971076
GALACTUROCAT-PWY: D-galacturonate degradation I|unclassified	13.2970738180
PWY0-862: (5Z)-dodecenoate biosynthesis I	103.7243019454
PWY0-862: (5Z)-dodecenoate biosynthesis I|g__Bacteroides.s__Bacteroides_vulgatus	38.3374069660
PWY-6282: palmitoleate biosynthesis I (from (5Z)-dodec-5-enoate)	102.9451663113
PWY-6282: palmitoleate biosynthesis I (from (5Z)-dodec-5-enoate)|g__Bacteroides.s__Bacteroides_vulgatus	38.3666365613
PWY-5989: stearate biosynthesis II (bacteria and plants)	102.9270694599
PWY-5989: stearate biosynthesis II (bacteria and plants)|g__Bacteroides.s__Bacteroides_vulgatus	41.2880805640
PWY0-1479: tRNA processing	102.5621767547
PWY0-1479: tRNA processing|g__Proteobacteria_unclassified.s__Proteobacteria_bacterium_CAG_139	9.2092956328
PWY-6284: superpathway of unsaturated fatty acids biosynthesis (E. coli)	99.3210266277
FERMENTATION-PWY: mixed acid fermentation	99.0876475288
FERMENTATION-PWY: mixed acid fermentation|g__Faecalibacterium.s__Faecalibacterium_prausnitzii	32.0614647349
PWY-5345: superpathway of L-methionine biosynthesis (by sulfhydrylation)	97.1899900063
PWY-5345: superpathway of L-methionine biosynthesis (by sulfhydrylation)|unclassified	13.8469592900
PWY0-1297: superpathway of purine deoxyribonucleosides degradation	97.1255867440
PWY0-1297: superpathway of purine deoxyribonucleosides degradation|g__Blautia.s__Ruminococcus_torques	44.2872104345
PWY0-1297: superpathway of purine deoxyribonucleosides degradation|unclassified	18.0277614582
PWY-6612: superpathway of tetrahydrofolate biosynthesis	96.6678396715
PWY-5130: 2-oxobutanoate degradation I	93.3868757942
PWY-5130: 2-oxobutanoate degradation I|g__Alistipes.s__Alistipes_putredinis	50.8263604892
PWY-1861: formaldehyde assimilation II (assimilatory RuMP Cycle)	88.9521579824
PWY-1861: formaldehyde assimilation II (assimilatory RuMP Cycle)|g__Anaerostipes.s__Anaerostipes_hadrus	25.0321113266
PWY-1861: formaldehyde assimilation II (assimilatory RuMP Cycle)|unclassified	13.4009458334
PWY-1861: formaldehyde assimilation II (assimilatory RuMP Cycle)|g__Blautia.s__Blautia_obeum	9.3003290007
PWY-5676: acetyl-CoA fermentation to butanoate II	88.7576319380
PWY-5676: acetyl-CoA fermentation to butanoate II|g__Anaerostipes.s__Anaerostipes_hadrus	30.2909354378
PWY-5676: acetyl-CoA fermentation to butanoate II|unclassified	7.1055099427
PWY-6507: 4-deoxy-L-threo-hex-4-enopyranuronate degradation	88.5292115672
PWY-6507: 4-deoxy-L-threo-hex-4-enopyranuronate degradation|g__Faecalibacterium.s__Faecalibacterium_prausnitzii	53.2397822830
PWY-6507: 4-deoxy-L-threo-hex-4-enopyranuronate degradation|unclassified	15.3907490506
P461-PWY: hexitol fermentation to lactate, formate, ethanol and acetate	85.6680323329
P461-PWY: hexitol fermentation to lactate, formate, ethanol and acetate|g__Anaerostipes.s__Anaerostipes_hadrus	35.8561632580
SULFATE-CYS-PWY: superpathway of sulfate assimilation and cysteine biosynthesis	81.5037487890
SULFATE-CYS-PWY: superpathway of sulfate assimilation and cysteine biosynthesis|unclassified	15.4683154074
PWY-4041: &gamma;-glutamyl cycle	79.2754528698
PWY0-1477: ethanolamine utilization	76.6993891315
GALACT-GLUCUROCAT-PWY: superpathway of hexuronide and hexuronate degradation	73.2728410608
PWY0-1241: ADP-L-glycero-&beta;-D-manno-heptose biosynthesis	72.9945286306
GLUDEG-I-PWY: GABA shunt	72.0483593824
PWY-8131: 5'-deoxyadenosine degradation II	69.7354425497
PWY-8131: 5'-deoxyadenosine degradation II|g__Blautia.s__Blautia_obeum	23.1280115006
PWY1ZNC-1: assimilatory sulfate reduction IV	68.6569956920
PWY1ZNC-1: assimilatory sulfate reduction IV|unclassified	9.6753639010
PPGPPMET-PWY: ppGpp metabolism	67.1393430987
PPGPPMET-PWY: ppGpp metabolism|unclassified	17.8402552282
PWY-6969: TCA cycle V (2-oxoglutarate synthase)	63.8234489288
P185-PWY: formaldehyde assimilation III (dihydroxyacetone cycle)	63.3042241848
P185-PWY: formaldehyde assimilation III (dihydroxyacetone cycle)|unclassified	10.4863843057
PWY-7115: C4 photosynthetic carbon assimilation cycle, NAD-ME type	61.8866497822
DAPLYSINESYN-PWY: L-lysine biosynthesis I	59.3769720977
FUCCAT-PWY: fucose degradation	57.4492357632
FUCCAT-PWY: fucose degradation|g__Blautia.s__Ruminococcus_torques	14.6793002346
GOLPDLCAT-PWY: superpathway of glycerol degradation to 1,3-propanediol	57.0456001016
GOLPDLCAT-PWY: superpathway of glycerol degradation to 1,3-propanediol|g__Blautia.s__Ruminococcus_torques	28.7754472603
GOLPDLCAT-PWY: superpathway of glycerol degradation to 1,3-propanediol|g__Anaerostipes.s__Anaerostipes_hadrus	19.1578062219
GOLPDLCAT-PWY: superpathway of glycerol degradation to 1,3-propanediol|unclassified	10.6635885213
PWY-6590: superpathway of Clostridium acetobutylicum acidogenic fermentation	56.5055710466
PWY-5367: petroselinate biosynthesis	56.1442894134
PWY-5367: petroselinate biosynthesis|g__Blautia.s__Ruminococcus_torques	47.4620017611
PWY-5838: superpathway of menaquinol-8 biosynthesis I	51.2907388333
PWY-5840: superpathway of menaquinol-7 biosynthesis	47.7020383220
PWY-6549: L-glutamine biosynthesis III	47.5152288826
PWY0-1298: superpathway of pyrimidine deoxyribonucleosides degradation	46.7492890427
PWY-5897: superpathway of menaquinol-11 biosynthesis	45.4551418818
PWY-5898: superpathway of menaquinol-12 biosynthesis	45.4551418818
PWY-5899: superpathway of menaquinol-13 biosynthesis	45.4551418818
PWY-5994: palmitate biosynthesis (type I fatty acid synthase)	44.2407385080
PWY-7315: dTDP-N-acetylthomosamine biosynthesis	43.5488230800
PWY-7315: dTDP-N-acetylthomosamine biosynthesis|unclassified	36.2870875902
CENTFERM-PWY: pyruvate fermentation to butanoate	43.1763632134
PWY-5005: biotin biosynthesis II	39.6792350589
PWY-5005: biotin biosynthesis II|g__Blautia.s__Ruminococcus_torques	20.0245915848
PWY-5347: superpathway of L-methionine biosynthesis (transsulfuration)	38.6202792902
MET-SAM-PWY: superpathway of S-adenosyl-L-methionine biosynthesis	38.5405312576
SO4ASSIM-PWY: assimilatory sulfate reduction I	38.2310078943
SO4ASSIM-PWY: assimilatory sulfate reduction I|unclassified	8.7626306916
PWY-6572: chondroitin sulfate degradation I (bacterial)	38.0261162104
PWY-6572: chondroitin sulfate degradation I (bacterial)|g__Bacteroides.s__Bacteroides_thetaiotaomicron	16.8033092156
PWY-5136: fatty acid &beta;-oxidation II (plant peroxisome)	35.4049695915
PWY-5861: superpathway of demethylmenaquinol-8 biosynthesis I	35.0385444879
PWY-5690: TCA cycle II (plants and fungi)	34.8415351274
HEMESYN2-PWY: heme b biosynthesis II (oxygen-independent)	34.0949341282
METSYN-PWY: superpathway of L-homoserine and L-methionine biosynthesis	34.0275634144
PWY-5004: superpathway of L-citrulline metabolism	30.3184657252
PWY-6749: CMP-legionaminate biosynthesis I	28.8877782150
PWY-6531: mannitol cycle	28.7755421460
PWY-7013: (S)-propane-1,2-diol degradation	28.3229824484
PWY-7013: (S)-propane-1,2-diol degradation|g__Eubacterium.s__Eubacterium_hallii	11.7994100295
PWY-7117: C4 photosynthetic carbon assimilation cycle, PEPCK type	27.7478179385
PWY-821: superpathway of sulfur amino acid biosynthesis (Saccharomyces cerevisiae)	25.6496403846
PWY-241: C4 photosynthetic carbon assimilation cycle, NADP-ME type	23.4186302074
GALACTARDEG-PWY: D-galactarate degradation I	22.6976825082
GLUCARGALACTSUPER-PWY: superpathway of D-glucarate and D-galactarate degradation	22.6976825082
HEME-BIOSYNTHESIS-II: heme b biosynthesis I (aerobic)	22.1406654604
PWY4LZ-257: superpathway of fermentation (Chlamydomonas reinhardtii)	21.8347462904
PWY-7883: anhydromuropeptides recycling II	21.2389944312
PWY-6478: GDP-D-glycero-&alpha;-D-manno-heptose biosynthesis	20.7739734854
PWY-6478: GDP-D-glycero-&alpha;-D-manno-heptose biosynthesis|g__Bacteroides.s__Bacteroides_thetaiotaomicron	16.3915232408
PWY-6922: L-N&delta;-acetylornithine biosynthesis	20.1312207525
HOMOSER-METSYN-PWY: L-methionine biosynthesis I	19.6794011359
GLUCARDEG-PWY: D-glucarate degradation I	19.3370891493
PWY-7198: pyrimidine deoxyribonucleotides de novo biosynthesis IV	18.2463186602
P161-PWY: acetylene degradation (anaerobic)	17.6891387429
RUMP-PWY: formaldehyde oxidation I	16.4803209273
PYRIDNUCSAL-PWY: NAD salvage pathway I (PNC VI cycle)	16.4431497315
PWY-5913: partial TCA cycle (obligate autotrophs)	16.2037695025
PWY-5837: 2-carboxy-1,4-naphthoquinol biosynthesis	15.9037111450
PWY-6588: pyruvate fermentation to acetone	15.0412573823
PWY3O-4107: NAD salvage pathway V (PNC V cycle)	12.3444728573
PWY-5981: CDP-diacylglycerol biosynthesis III	12.0179646611